"","VERSION","TimeStamp","MONTH","AC_ID","MOD_ID","PC1"
"1","FI_Development","2020-03-27 00-29-31","Aug 2013","FixedIncome","FI_treas_short",-0.0043447227147964
"2","FI_Development","2020-03-27 00-29-31","Sep 2013","FixedIncome","FI_treas_short",0.00735744283814714
"3","FI_Development","2020-03-27 00-29-31","Oct 2013","FixedIncome","FI_treas_short",0.00263882668023074
"4","FI_Development","2020-03-27 00-29-31","Nov 2013","FixedIncome","FI_treas_short",-0.00765897410393036
"5","FI_Development","2020-03-27 00-29-31","Dec 2013","FixedIncome","FI_treas_short",-0.0109054857898216
"6","FI_Development","2020-03-27 00-29-31","Jan 2014","FixedIncome","FI_treas_short",0.0142466485028186
"7","FI_Development","2020-03-27 00-29-31","Feb 2014","FixedIncome","FI_treas_short",-0.00134319408156064
"8","FI_Development","2020-03-27 00-29-31","Mar 2014","FixedIncome","FI_treas_short",-0.00631837408175204
"9","FI_Development","2020-03-27 00-29-31","Apr 2014","FixedIncome","FI_treas_short",0.00598933073966575
"10","FI_Development","2020-03-27 00-29-31","May 2014","FixedIncome","FI_treas_short",0.00133007504387222
"11","FI_Development","2020-03-27 00-29-31","Jun 2014","FixedIncome","FI_treas_short",-0.00399567807408607
"12","FI_Development","2020-03-27 00-29-31","Jul 2014","FixedIncome","FI_treas_short",-0.00166378118830151
"13","FI_Development","2020-03-27 00-29-31","Aug 2014","FixedIncome","FI_treas_short",0.0059949037441037
"14","FI_Development","2020-03-27 00-29-31","Sep 2014","FixedIncome","FI_treas_short",-0.00167279642676954
"15","FI_Development","2020-03-27 00-29-31","Oct 2014","FixedIncome","FI_treas_short",0.0019880199479184
"16","FI_Development","2020-03-27 00-29-31","Nov 2014","FixedIncome","FI_treas_short",-0.00530252784021944
"17","FI_Development","2020-03-27 00-29-31","Dec 2014","FixedIncome","FI_treas_short",-0.00232068341065119
"18","FI_Development","2020-03-27 00-29-31","Jan 2015","FixedIncome","FI_treas_short",0.0136145336062728
"19","FI_Development","2020-03-27 00-29-31","Feb 2015","FixedIncome","FI_treas_short",-0.0152386197465559
"20","FI_Development","2020-03-27 00-29-31","Mar 2015","FixedIncome","FI_treas_short",0.0105644831952369
"21","FI_Development","2020-03-27 00-29-31","Apr 2015","FixedIncome","FI_treas_short",-0.00793225776455263
"22","FI_Development","2020-03-27 00-29-31","May 2015","FixedIncome","FI_treas_short",0.00428724764288842
"23","FI_Development","2020-03-27 00-29-31","Jun 2015","FixedIncome","FI_treas_short",-0.00165181102609587
"24","FI_Development","2020-03-27 00-29-31","Jul 2015","FixedIncome","FI_treas_short",-0.00198109267180748
"25","FI_Development","2020-03-27 00-29-31","Aug 2015","FixedIncome","FI_treas_short",0.00429656603232577
"26","FI_Development","2020-03-27 00-29-31","Sep 2015","FixedIncome","FI_treas_short",0.00098675246568896
"27","FI_Development","2020-03-27 00-29-31","Oct 2015","FixedIncome","FI_treas_short",-0.00560643719747239
"28","FI_Development","2020-03-27 00-29-31","Nov 2015","FixedIncome","FI_treas_short",-0.00165769998721063
"29","FI_Development","2020-03-27 00-29-31","Dec 2015","FixedIncome","FI_treas_short",0.00230248844564106
"30","FI_Development","2020-03-27 00-29-31","Jan 2016","FixedIncome","FI_treas_short",0.0122883932426835
"31","FI_Development","2020-03-27 00-29-31","Feb 2016","FixedIncome","FI_treas_short",-0.0096413249269944
"32","FI_Development","2020-03-27 00-29-31","Mar 2016","FixedIncome","FI_treas_short",0.00131406002077206
"33","FI_Development","2020-03-27 00-29-31","Apr 2016","FixedIncome","FI_treas_short",-0.00361158754689933
"34","FI_Development","2020-03-27 00-29-31","May 2016","FixedIncome","FI_treas_short",0.00032575587574079
"35","FI_Development","2020-03-27 00-29-31","Jun 2016","FixedIncome","FI_treas_short",0.0098667248340692
"36","FI_Development","2020-03-27 00-29-31","Jul 2016","FixedIncome","FI_treas_short",-0.00953113777594672
"37","FI_Development","2020-03-27 00-29-31","Aug 2016","FixedIncome","FI_treas_short",-0.0035921436420687
"38","FI_Development","2020-03-27 00-29-31","Sep 2016","FixedIncome","FI_treas_short",0.00653847535563085
"39","FI_Development","2020-03-27 00-29-31","Oct 2016","FixedIncome","FI_treas_short",-0.00556841483245778
"40","FI_Development","2020-03-27 00-29-31","Nov 2016","FixedIncome","FI_treas_short",-0.00789747206721737
"41","FI_Development","2020-03-27 00-29-31","Dec 2016","FixedIncome","FI_treas_short",0.0101686828520388
"42","FI_Development","2020-03-27 00-29-31","Jan 2017","FixedIncome","FI_treas_short",0.00299330537513097
"43","FI_Development","2020-03-27 00-29-31","Feb 2017","FixedIncome","FI_treas_short",-0.000667282325785091
"44","FI_Development","2020-03-27 00-29-31","Mar 2017","FixedIncome","FI_treas_short",-0.00166036840356035
"45","FI_Development","2020-03-27 00-29-31","Apr 2017","FixedIncome","FI_treas_short",0.00332064840681146
"46","FI_Development","2020-03-27 00-29-31","May 2017","FixedIncome","FI_treas_short",-0.00133201565517399
"47","FI_Development","2020-03-27 00-29-31","Jun 2017","FixedIncome","FI_treas_short",-0.00364048941547295
"48","FI_Development","2020-03-27 00-29-31","Jul 2017","FixedIncome","FI_treas_short",0.00364187365257168
"49","FI_Development","2020-03-27 00-29-31","Aug 2017","FixedIncome","FI_treas_short",0.00132271343135277
"50","FI_Development","2020-03-27 00-29-31","Sep 2017","FixedIncome","FI_treas_short",-0.00694230229790225
"51","FI_Development","2020-03-27 00-29-31","Oct 2017","FixedIncome","FI_treas_short",0.00197157105331678
"52","FI_Development","2020-03-27 00-29-31","Nov 2017","FixedIncome","FI_treas_short",-0.00133522342851335
"53","FI_Development","2020-03-27 00-29-31","Dec 2017","FixedIncome","FI_treas_short",0.00032034475702963
"54","FI_Development","2020-03-27 00-29-31","Jan 2018","FixedIncome","FI_treas_short",-0.00202000842467049
"55","FI_Development","2020-03-27 00-29-31","Feb 2018","FixedIncome","FI_treas_short",0.00266391565337402
"56","FI_Development","2020-03-27 00-29-31","Mar 2018","FixedIncome","FI_treas_short",0.00438020886560919
"57","FI_Development","2020-03-27 00-29-31","Apr 2018","FixedIncome","FI_treas_short",-0.00674138737611739
"58","FI_Development","2020-03-27 00-29-31","May 2018","FixedIncome","FI_treas_short",0.00708567276561948
"59","FI_Development","2020-03-27 00-29-31","Jun 2018","FixedIncome","FI_treas_short",-0.0030456879301911
"60","FI_Development","2020-03-27 00-29-31","Jul 2018","FixedIncome","FI_treas_short",-0.00135414137560435
"61","FI_Development","2020-03-27 00-29-31","Aug 2018","FixedIncome","FI_treas_short",0.00338532520121423
"62","FI_Development","2020-03-27 00-29-31","Sep 2018","FixedIncome","FI_treas_short",-0.0033885338353638
"63","FI_Development","2020-03-27 00-29-31","Oct 2018","FixedIncome","FI_treas_short",0.00169208875689412
"64","FI_Development","2020-03-27 00-29-31","Nov 2018","FixedIncome","FI_treas_short",0.00237809773357935
"65","FI_Development","2020-03-27 00-29-31","Dec 2018","FixedIncome","FI_treas_short",0.00169318360472671
"66","FI_Development","2020-03-27 00-29-31","Jan 2019","FixedIncome","FI_treas_short",-1.14676479302501e-05
"67","FI_Development","2020-03-27 00-29-31","Feb 2019","FixedIncome","FI_treas_short",-0.00472840519747266
"68","FI_Development","2020-03-27 00-29-31","Mar 2019","FixedIncome","FI_treas_short",0.00539635945833721
"69","FI_Development","2020-03-27 00-29-31","Apr 2019","FixedIncome","FI_treas_short",-0.00404861687073613
"70","FI_Development","2020-03-27 00-29-31","Aug 2013","FixedIncome","FI_treas_long",0.0025503300424591
"71","FI_Development","2020-03-27 00-29-31","Sep 2013","FixedIncome","FI_treas_long",0.020867454899494
"72","FI_Development","2020-03-27 00-29-31","Oct 2013","FixedIncome","FI_treas_long",0.00364277507671526
"73","FI_Development","2020-03-27 00-29-31","Nov 2013","FixedIncome","FI_treas_long",-0.0385985358897164
"74","FI_Development","2020-03-27 00-29-31","Dec 2013","FixedIncome","FI_treas_long",0.0051805166369836
"75","FI_Development","2020-03-27 00-29-31","Jan 2014","FixedIncome","FI_treas_long",0.083484189038829
"76","FI_Development","2020-03-27 00-29-31","Feb 2014","FixedIncome","FI_treas_long",-0.0576186011261288
"77","FI_Development","2020-03-27 00-29-31","Mar 2014","FixedIncome","FI_treas_long",0.00156835947798322
"78","FI_Development","2020-03-27 00-29-31","Apr 2014","FixedIncome","FI_treas_long",0.0131519402006073
"79","FI_Development","2020-03-27 00-29-31","May 2014","FixedIncome","FI_treas_long",0.008812052306939
"80","FI_Development","2020-03-27 00-29-31","Jun 2014","FixedIncome","FI_treas_long",-0.0294964944242153
"81","FI_Development","2020-03-27 00-29-31","Jul 2014","FixedIncome","FI_treas_long",0.00511397942834694
"82","FI_Development","2020-03-27 00-29-31","Aug 2014","FixedIncome","FI_treas_long",0.0391607747992341
"83","FI_Development","2020-03-27 00-29-31","Sep 2014","FixedIncome","FI_treas_long",-0.0613636054388619
"84","FI_Development","2020-03-27 00-29-31","Oct 2014","FixedIncome","FI_treas_long",0.0427259986150731
"85","FI_Development","2020-03-27 00-29-31","Nov 2014","FixedIncome","FI_treas_long",0.0030035981086017
"86","FI_Development","2020-03-27 00-29-31","Dec 2014","FixedIncome","FI_treas_long",0.0037720410645295
"87","FI_Development","2020-03-27 00-29-31","Jan 2015","FixedIncome","FI_treas_long",0.0582107259456692
"88","FI_Development","2020-03-27 00-29-31","Feb 2015","FixedIncome","FI_treas_long",-0.144190072952113
"89","FI_Development","2020-03-27 00-29-31","Mar 2015","FixedIncome","FI_treas_long",0.0648237767209289
"90","FI_Development","2020-03-27 00-29-31","Apr 2015","FixedIncome","FI_treas_long",-0.0392741061719968
"91","FI_Development","2020-03-27 00-29-31","May 2015","FixedIncome","FI_treas_long",0.00692098596749
"92","FI_Development","2020-03-27 00-29-31","Jun 2015","FixedIncome","FI_treas_long",-0.0131649279977019
"93","FI_Development","2020-03-27 00-29-31","Jul 2015","FixedIncome","FI_treas_long",0.0770981726684417
"94","FI_Development","2020-03-27 00-29-31","Aug 2015","FixedIncome","FI_treas_long",-0.0473917405895996
"95","FI_Development","2020-03-27 00-29-31","Sep 2015","FixedIncome","FI_treas_long",0.0240780186172948
"96","FI_Development","2020-03-27 00-29-31","Oct 2015","FixedIncome","FI_treas_long",-0.0210810429002273
"97","FI_Development","2020-03-27 00-29-31","Nov 2015","FixedIncome","FI_treas_long",-0.00551122383632806
"98","FI_Development","2020-03-27 00-29-31","Dec 2015","FixedIncome","FI_treas_long",0.00400313531720291
"99","FI_Development","2020-03-27 00-29-31","Jan 2016","FixedIncome","FI_treas_long",0.0591976173908551
"100","FI_Development","2020-03-27 00-29-31","Feb 2016","FixedIncome","FI_treas_long",-0.027219153496478
"101","FI_Development","2020-03-27 00-29-31","Mar 2016","FixedIncome","FI_treas_long",-0.0254216381262904
"102","FI_Development","2020-03-27 00-29-31","Apr 2016","FixedIncome","FI_treas_long",-0.00809355563878545
"103","FI_Development","2020-03-27 00-29-31","May 2016","FixedIncome","FI_treas_long",0.0131755142983302
"104","FI_Development","2020-03-27 00-29-31","Jun 2016","FixedIncome","FI_treas_long",0.0580328642447452
"105","FI_Development","2020-03-27 00-29-31","Jul 2016","FixedIncome","FI_treas_long",-0.0445584322170461
"106","FI_Development","2020-03-27 00-29-31","Aug 2016","FixedIncome","FI_treas_long",-0.03047122384624
"107","FI_Development","2020-03-27 00-29-31","Sep 2016","FixedIncome","FI_treas_long",-0.0031393980384287
"108","FI_Development","2020-03-27 00-29-31","Oct 2016","FixedIncome","FI_treas_long",-0.0285712504774502
"109","FI_Development","2020-03-27 00-29-31","Nov 2016","FixedIncome","FI_treas_long",-0.0369399538482611
"110","FI_Development","2020-03-27 00-29-31","Dec 2016","FixedIncome","FI_treas_long",0.0723389868120967
"111","FI_Development","2020-03-27 00-29-31","Jan 2017","FixedIncome","FI_treas_long",0.0160400327698258
"112","FI_Development","2020-03-27 00-29-31","Feb 2017","FixedIncome","FI_treas_long",0.00642652090369212
"113","FI_Development","2020-03-27 00-29-31","Mar 2017","FixedIncome","FI_treas_long",-0.0229262228046558
"114","FI_Development","2020-03-27 00-29-31","Apr 2017","FixedIncome","FI_treas_long",0.0225713928237427
"115","FI_Development","2020-03-27 00-29-31","May 2017","FixedIncome","FI_treas_long",0.0022216272948585
"116","FI_Development","2020-03-27 00-29-31","Jun 2017","FixedIncome","FI_treas_long",-0.0118037691728508
"117","FI_Development","2020-03-27 00-29-31","Jul 2017","FixedIncome","FI_treas_long",-0.011249133033048
"118","FI_Development","2020-03-27 00-29-31","Aug 2017","FixedIncome","FI_treas_long",0.0373831298392085
"119","FI_Development","2020-03-27 00-29-31","Sep 2017","FixedIncome","FI_treas_long",-0.0541718150277975
"120","FI_Development","2020-03-27 00-29-31","Oct 2017","FixedIncome","FI_treas_long",0.0217770506375602
"121","FI_Development","2020-03-27 00-29-31","Nov 2017","FixedIncome","FI_treas_long",0.00612150275533837
"122","FI_Development","2020-03-27 00-29-31","Dec 2017","FixedIncome","FI_treas_long",0.0110806160862967
"123","FI_Development","2020-03-27 00-29-31","Jan 2018","FixedIncome","FI_treas_long",-0.0488683190977352
"124","FI_Development","2020-03-27 00-29-31","Feb 2018","FixedIncome","FI_treas_long",0.0022059818489681
"125","FI_Development","2020-03-27 00-29-31","Mar 2018","FixedIncome","FI_treas_long",0.0570993565939256
"126","FI_Development","2020-03-27 00-29-31","Apr 2018","FixedIncome","FI_treas_long",-0.0479232813811313
"127","FI_Development","2020-03-27 00-29-31","May 2018","FixedIncome","FI_treas_long",0.0397032196894637
"128","FI_Development","2020-03-27 00-29-31","Jun 2018","FixedIncome","FI_treas_long",-0.0134713391765556
"129","FI_Development","2020-03-27 00-29-31","Jul 2018","FixedIncome","FI_treas_long",-0.0199966097147364
"130","FI_Development","2020-03-27 00-29-31","Aug 2018","FixedIncome","FI_treas_long",0.0270089413674341
"131","FI_Development","2020-03-27 00-29-31","Sep 2018","FixedIncome","FI_treas_long",-0.040309466147449
"132","FI_Development","2020-03-27 00-29-31","Oct 2018","FixedIncome","FI_treas_long",-0.0011969689640301
"133","FI_Development","2020-03-27 00-29-31","Nov 2018","FixedIncome","FI_treas_long",0.0460317774596555
"134","FI_Development","2020-03-27 00-29-31","Dec 2018","FixedIncome","FI_treas_long",0.0382553162481503
"135","FI_Development","2020-03-27 00-29-31","Jan 2019","FixedIncome","FI_treas_long",-0.0506640083229744
"136","FI_Development","2020-03-27 00-29-31","Feb 2019","FixedIncome","FI_treas_long",-0.0185054751055715
"137","FI_Development","2020-03-27 00-29-31","Mar 2019","FixedIncome","FI_treas_long",0.0676897833943133
"138","FI_Development","2020-03-27 00-29-31","Apr 2019","FixedIncome","FI_treas_long",-0.0729229364995765
"139","FI_Development","2020-03-27 00-29-31","Aug 2013","FixedIncome","FI_IG_short",-0.00620183301920194
"140","FI_Development","2020-03-27 00-29-31","Sep 2013","FixedIncome","FI_IG_short",0.00947668455395901
"141","FI_Development","2020-03-27 00-29-31","Oct 2013","FixedIncome","FI_IG_short",-0.00491415814049806
"142","FI_Development","2020-03-27 00-29-31","Nov 2013","FixedIncome","FI_IG_short",0.000649032245241347
"143","FI_Development","2020-03-27 00-29-31","Dec 2013","FixedIncome","FI_IG_short",-0.00584296716316687
"144","FI_Development","2020-03-27 00-29-31","Jan 2014","FixedIncome","FI_IG_short",0.00584717032774549
"145","FI_Development","2020-03-27 00-29-31","Feb 2014","FixedIncome","FI_IG_short",0.00064796823364138
"146","FI_Development","2020-03-27 00-29-31","Mar 2014","FixedIncome","FI_IG_short",-0.00389994809402845
"147","FI_Development","2020-03-27 00-29-31","Apr 2014","FixedIncome","FI_IG_short",0.00259814241732204
"148","FI_Development","2020-03-27 00-29-31","May 2014","FixedIncome","FI_IG_short",0.000973326998974496
"149","FI_Development","2020-03-27 00-29-31","Jun 2014","FixedIncome","FI_IG_short",-0.00324528094577438
"150","FI_Development","2020-03-27 00-29-31","Jul 2014","FixedIncome","FI_IG_short",-0.00097532838123761
"151","FI_Development","2020-03-27 00-29-31","Aug 2014","FixedIncome","FI_IG_short",0.00357322593577829
"152","FI_Development","2020-03-27 00-29-31","Sep 2014","FixedIncome","FI_IG_short",-0.00422524521846115
"153","FI_Development","2020-03-27 00-29-31","Oct 2014","FixedIncome","FI_IG_short",0.00487897807868478
"154","FI_Development","2020-03-27 00-29-31","Nov 2014","FixedIncome","FI_IG_short",-0.00260540806955867
"155","FI_Development","2020-03-27 00-29-31","Dec 2014","FixedIncome","FI_IG_short",-0.00423081705597409
"156","FI_Development","2020-03-27 00-29-31","Jan 2015","FixedIncome","FI_IG_short",0.00880538968168732
"157","FI_Development","2020-03-27 00-29-31","Feb 2015","FixedIncome","FI_IG_short",-0.00262126714128666
"158","FI_Development","2020-03-27 00-29-31","Mar 2015","FixedIncome","FI_IG_short",-0.000977589936770077
"159","FI_Development","2020-03-27 00-29-31","Apr 2015","FixedIncome","FI_IG_short",-0.00195129278342885
"160","FI_Development","2020-03-27 00-29-31","May 2015","FixedIncome","FI_IG_short",0.0003230196128981
"161","FI_Development","2020-03-27 00-29-31","Jun 2015","FixedIncome","FI_IG_short",-0.00065398303548728
"162","FI_Development","2020-03-27 00-29-31","Jul 2015","FixedIncome","FI_IG_short",0.00195694716242657
"163","FI_Development","2020-03-27 00-29-31","Aug 2015","FixedIncome","FI_IG_short",-0.00424839869281046
"164","FI_Development","2020-03-27 00-29-31","Sep 2015","FixedIncome","FI_IG_short",0.00588938988549144
"165","FI_Development","2020-03-27 00-29-31","Oct 2015","FixedIncome","FI_IG_short",-2.72120578712e-06
"166","FI_Development","2020-03-27 00-29-31","Nov 2015","FixedIncome","FI_IG_short",-0.00163826998689386
"167","FI_Development","2020-03-27 00-29-31","Dec 2015","FixedIncome","FI_IG_short",-0.00556100752371612
"168","FI_Development","2020-03-27 00-29-31","Jan 2016","FixedIncome","FI_IG_short",0.00490307989213727
"169","FI_Development","2020-03-27 00-29-31","Feb 2016","FixedIncome","FI_IG_short",0.00427876382712964
"170","FI_Development","2020-03-27 00-29-31","Mar 2016","FixedIncome","FI_IG_short",0.00097080040661396
"171","FI_Development","2020-03-27 00-29-31","Apr 2016","FixedIncome","FI_IG_short",-0.00230623006330072
"172","FI_Development","2020-03-27 00-29-31","May 2016","FixedIncome","FI_IG_short",-0.00456560190432994
"173","FI_Development","2020-03-27 00-29-31","Jun 2016","FixedIncome","FI_IG_short",0.00717742046821557
"174","FI_Development","2020-03-27 00-29-31","Jul 2016","FixedIncome","FI_IG_short",-0.00294793991591678
"175","FI_Development","2020-03-27 00-29-31","Aug 2016","FixedIncome","FI_IG_short",-0.00421906469396648
"176","FI_Development","2020-03-27 00-29-31","Sep 2016","FixedIncome","FI_IG_short",0.0022697795071336
"177","FI_Development","2020-03-27 00-29-31","Oct 2016","FixedIncome","FI_IG_short",-0.00194998375040623
"178","FI_Development","2020-03-27 00-29-31","Nov 2016","FixedIncome","FI_IG_short",-0.00358560744254691
"179","FI_Development","2020-03-27 00-29-31","Dec 2016","FixedIncome","FI_IG_short",0.00520815177996813
"180","FI_Development","2020-03-27 00-29-31","Jan 2017","FixedIncome","FI_IG_short",0.00229268664635396
"181","FI_Development","2020-03-27 00-29-31","Feb 2017","FixedIncome","FI_IG_short",-0.00131140610881842
"182","FI_Development","2020-03-27 00-29-31","Mar 2017","FixedIncome","FI_IG_short",-0.000653841124550526
"183","FI_Development","2020-03-27 00-29-31","Apr 2017","FixedIncome","FI_IG_short",0.000980006501796556
"184","FI_Development","2020-03-27 00-29-31","May 2017","FixedIncome","FI_IG_short",-8.61561223869899e-07
"185","FI_Development","2020-03-27 00-29-31","Jun 2017","FixedIncome","FI_IG_short",-0.00195733209414302
"186","FI_Development","2020-03-27 00-29-31","Jul 2017","FixedIncome","FI_IG_short",0.00293647703471559
"187","FI_Development","2020-03-27 00-29-31","Aug 2017","FixedIncome","FI_IG_short",-0.000981123789196269
"188","FI_Development","2020-03-27 00-29-31","Sep 2017","FixedIncome","FI_IG_short",-0.00292965551596457
"189","FI_Development","2020-03-27 00-29-31","Oct 2017","FixedIncome","FI_IG_short",0.00162643790787598
"190","FI_Development","2020-03-27 00-29-31","Nov 2017","FixedIncome","FI_IG_short",-0.00456631638992689
"191","FI_Development","2020-03-27 00-29-31","Dec 2017","FixedIncome","FI_IG_short",0.00194251539869186
"192","FI_Development","2020-03-27 00-29-31","Jan 2018","FixedIncome","FI_IG_short",0.00064873482164155
"193","FI_Development","2020-03-27 00-29-31","Feb 2018","FixedIncome","FI_IG_short",-0.00264118873930814
"194","FI_Development","2020-03-27 00-29-31","Mar 2018","FixedIncome","FI_IG_short",0.00494230642504122
"195","FI_Development","2020-03-27 00-29-31","Apr 2018","FixedIncome","FI_IG_short",-0.000993410563132055
"196","FI_Development","2020-03-27 00-29-31","May 2018","FixedIncome","FI_IG_short",0.00265065285680125
"197","FI_Development","2020-03-27 00-29-31","Jun 2018","FixedIncome","FI_IG_short",-0.0036426493745894
"198","FI_Development","2020-03-27 00-29-31","Jul 2018","FixedIncome","FI_IG_short",0.00298013519763103
"199","FI_Development","2020-03-27 00-29-31","Aug 2018","FixedIncome","FI_IG_short",0.00132388724206318
"200","FI_Development","2020-03-27 00-29-31","Sep 2018","FixedIncome","FI_IG_short",-0.0049623694896399
"201","FI_Development","2020-03-27 00-29-31","Oct 2018","FixedIncome","FI_IG_short",-7.00796323611008e-06
"202","FI_Development","2020-03-27 00-29-31","Nov 2018","FixedIncome","FI_IG_short",0.00198631026685937
"203","FI_Development","2020-03-27 00-29-31","Dec 2018","FixedIncome","FI_IG_short",0.00265909943362565
"204","FI_Development","2020-03-27 00-29-31","Jan 2019","FixedIncome","FI_IG_short",0.00696358095891987
"205","FI_Development","2020-03-27 00-29-31","Feb 2019","FixedIncome","FI_IG_short",-0.00862938936767048
"206","FI_Development","2020-03-27 00-29-31","Mar 2019","FixedIncome","FI_IG_short",0.003944632202762
"207","FI_Development","2020-03-27 00-29-31","Apr 2019","FixedIncome","FI_IG_short",-0.00394613914745386
"208","FI_Development","2020-03-27 00-29-31","Aug 2013","FixedIncome","FI_IG_long",-0.0130266738875562
"209","FI_Development","2020-03-27 00-29-31","Sep 2013","FixedIncome","FI_IG_long",0.0137806740285615
"210","FI_Development","2020-03-27 00-29-31","Oct 2013","FixedIncome","FI_IG_long",0.0302984511620281
"211","FI_Development","2020-03-27 00-29-31","Nov 2013","FixedIncome","FI_IG_long",-0.0486649121705168
"212","FI_Development","2020-03-27 00-29-31","Dec 2013","FixedIncome","FI_IG_long",0.0178395340211179
"213","FI_Development","2020-03-27 00-29-31","Jan 2014","FixedIncome","FI_IG_long",0.0342062190385192
"214","FI_Development","2020-03-27 00-29-31","Feb 2014","FixedIncome","FI_IG_long",-0.0124543949670943
"215","FI_Development","2020-03-27 00-29-31","Mar 2014","FixedIncome","FI_IG_long",-0.0129143510480198
"216","FI_Development","2020-03-27 00-29-31","Apr 2014","FixedIncome","FI_IG_long",0.0165186402814699
"217","FI_Development","2020-03-27 00-29-31","May 2014","FixedIncome","FI_IG_long",-0.0102160067353821
"218","FI_Development","2020-03-27 00-29-31","Jun 2014","FixedIncome","FI_IG_long",-0.0136832884409343
"219","FI_Development","2020-03-27 00-29-31","Jul 2014","FixedIncome","FI_IG_long",0.00196880542776694
"220","FI_Development","2020-03-27 00-29-31","Aug 2014","FixedIncome","FI_IG_long",0.0265808728409439
"221","FI_Development","2020-03-27 00-29-31","Sep 2014","FixedIncome","FI_IG_long",-0.0572669607356165
"222","FI_Development","2020-03-27 00-29-31","Oct 2014","FixedIncome","FI_IG_long",0.0440247581850224
"223","FI_Development","2020-03-27 00-29-31","Nov 2014","FixedIncome","FI_IG_long",-0.0075017697230188
"224","FI_Development","2020-03-27 00-29-31","Dec 2014","FixedIncome","FI_IG_long",-0.00584984160432363
"225","FI_Development","2020-03-27 00-29-31","Jan 2015","FixedIncome","FI_IG_long",0.0606860411311986
"226","FI_Development","2020-03-27 00-29-31","Feb 2015","FixedIncome","FI_IG_long",-0.0901135376091664
"227","FI_Development","2020-03-27 00-29-31","Mar 2015","FixedIncome","FI_IG_long",0.0219005162280749
"228","FI_Development","2020-03-27 00-29-31","Apr 2015","FixedIncome","FI_IG_long",-0.0246039262028796
"229","FI_Development","2020-03-27 00-29-31","May 2015","FixedIncome","FI_IG_long",0.0026385368835584
"230","FI_Development","2020-03-27 00-29-31","Jun 2015","FixedIncome","FI_IG_long",-0.0101391054759042
"231","FI_Development","2020-03-27 00-29-31","Jul 2015","FixedIncome","FI_IG_long",0.0603210997213878
"232","FI_Development","2020-03-27 00-29-31","Aug 2015","FixedIncome","FI_IG_long",-0.0444275811192395
"233","FI_Development","2020-03-27 00-29-31","Sep 2015","FixedIncome","FI_IG_long",0.0258909088927172
"234","FI_Development","2020-03-27 00-29-31","Oct 2015","FixedIncome","FI_IG_long",0.0112129649687675
"235","FI_Development","2020-03-27 00-29-31","Nov 2015","FixedIncome","FI_IG_long",-0.0318478279159372
"236","FI_Development","2020-03-27 00-29-31","Dec 2015","FixedIncome","FI_IG_long",0.002298817897099
"237","FI_Development","2020-03-27 00-29-31","Jan 2016","FixedIncome","FI_IG_long",0.0135944850576807
"238","FI_Development","2020-03-27 00-29-31","Feb 2016","FixedIncome","FI_IG_long",0.0159923387262965
"239","FI_Development","2020-03-27 00-29-31","Mar 2016","FixedIncome","FI_IG_long",0.034503370339359
"240","FI_Development","2020-03-27 00-29-31","Apr 2016","FixedIncome","FI_IG_long",-0.0228119831556205
"241","FI_Development","2020-03-27 00-29-31","May 2016","FixedIncome","FI_IG_long",-0.0363293403877025
"242","FI_Development","2020-03-27 00-29-31","Jun 2016","FixedIncome","FI_IG_long",0.0529878825350558
"243","FI_Development","2020-03-27 00-29-31","Jul 2016","FixedIncome","FI_IG_long",-0.0161824748728011
"244","FI_Development","2020-03-27 00-29-31","Aug 2016","FixedIncome","FI_IG_long",-0.0244503763428277
"245","FI_Development","2020-03-27 00-29-31","Sep 2016","FixedIncome","FI_IG_long",-0.0135977940810934
"246","FI_Development","2020-03-27 00-29-31","Oct 2016","FixedIncome","FI_IG_long",-0.0166937631297111
"247","FI_Development","2020-03-27 00-29-31","Nov 2016","FixedIncome","FI_IG_long",-0.0308304572212372
"248","FI_Development","2020-03-27 00-29-31","Dec 2016","FixedIncome","FI_IG_long",0.0763671535495858
"249","FI_Development","2020-03-27 00-29-31","Jan 2017","FixedIncome","FI_IG_long",-0.0153361311224014
"250","FI_Development","2020-03-27 00-29-31","Feb 2017","FixedIncome","FI_IG_long",0.0147691059448323
"251","FI_Development","2020-03-27 00-29-31","Mar 2017","FixedIncome","FI_IG_long",-0.027362323996368
"252","FI_Development","2020-03-27 00-29-31","Apr 2017","FixedIncome","FI_IG_long",0.0225406744126367
"253","FI_Development","2020-03-27 00-29-31","May 2017","FixedIncome","FI_IG_long",0.0082328703386562
"254","FI_Development","2020-03-27 00-29-31","Jun 2017","FixedIncome","FI_IG_long",-0.0151098025827738
"255","FI_Development","2020-03-27 00-29-31","Jul 2017","FixedIncome","FI_IG_long",0.00309882934372339
"256","FI_Development","2020-03-27 00-29-31","Aug 2017","FixedIncome","FI_IG_long",-0.00173014709971917
"257","FI_Development","2020-03-27 00-29-31","Sep 2017","FixedIncome","FI_IG_long",-0.0087997318939441
"258","FI_Development","2020-03-27 00-29-31","Oct 2017","FixedIncome","FI_IG_long",0.00545380979655672
"259","FI_Development","2020-03-27 00-29-31","Nov 2017","FixedIncome","FI_IG_long",-0.00320411648536661
"260","FI_Development","2020-03-27 00-29-31","Dec 2017","FixedIncome","FI_IG_long",0.0166961793557243
"261","FI_Development","2020-03-27 00-29-31","Jan 2018","FixedIncome","FI_IG_long",-0.0275259657128978
"262","FI_Development","2020-03-27 00-29-31","Feb 2018","FixedIncome","FI_IG_long",-0.0337073218200994
"263","FI_Development","2020-03-27 00-29-31","Mar 2018","FixedIncome","FI_IG_long",0.0541446274390992
"264","FI_Development","2020-03-27 00-29-31","Apr 2018","FixedIncome","FI_IG_long",-0.0378552659114912
"265","FI_Development","2020-03-27 00-29-31","May 2018","FixedIncome","FI_IG_long",0.0274703197046772
"266","FI_Development","2020-03-27 00-29-31","Jun 2018","FixedIncome","FI_IG_long",-0.0117169685966346
"267","FI_Development","2020-03-27 00-29-31","Jul 2018","FixedIncome","FI_IG_long",0.0262491258165919
"268","FI_Development","2020-03-27 00-29-31","Aug 2018","FixedIncome","FI_IG_long",-0.0183107992948652
"269","FI_Development","2020-03-27 00-29-31","Sep 2018","FixedIncome","FI_IG_long",-0.00154287960645891
"270","FI_Development","2020-03-27 00-29-31","Oct 2018","FixedIncome","FI_IG_long",-0.0325218643708318
"271","FI_Development","2020-03-27 00-29-31","Nov 2018","FixedIncome","FI_IG_long",0.0290355687806673
"272","FI_Development","2020-03-27 00-29-31","Dec 2018","FixedIncome","FI_IG_long",0.0292174261259752
"273","FI_Development","2020-03-27 00-29-31","Jan 2019","FixedIncome","FI_IG_long",0.0189420427678496
"274","FI_Development","2020-03-27 00-29-31","Feb 2019","FixedIncome","FI_IG_long",-0.048086283716464
"275","FI_Development","2020-03-27 00-29-31","Mar 2019","FixedIncome","FI_IG_long",0.0497291504447822
"276","FI_Development","2020-03-27 00-29-31","Apr 2019","FixedIncome","FI_IG_long",-0.037650330065182
"277","FI_Development","2020-03-27 00-29-31","Aug 2013","FixedIncome","FI_IG_mid",-0.00921257920390031
"278","FI_Development","2020-03-27 00-29-31","Sep 2013","FixedIncome","FI_IG_mid",0.0158023593839678
"279","FI_Development","2020-03-27 00-29-31","Oct 2013","FixedIncome","FI_IG_mid",0.00080923405196277
"280","FI_Development","2020-03-27 00-29-31","Nov 2013","FixedIncome","FI_IG_mid",-0.0153573402901528
"281","FI_Development","2020-03-27 00-29-31","Dec 2013","FixedIncome","FI_IG_mid",-0.00268782672283741
"282","FI_Development","2020-03-27 00-29-31","Jan 2014","FixedIncome","FI_IG_mid",0.020169373250989
"283","FI_Development","2020-03-27 00-29-31","Feb 2014","FixedIncome","FI_IG_mid",-0.00661070449013298
"284","FI_Development","2020-03-27 00-29-31","Mar 2014","FixedIncome","FI_IG_mid",-0.0105603552128868
"285","FI_Development","2020-03-27 00-29-31","Apr 2014","FixedIncome","FI_IG_mid",0.00908979638935737
"286","FI_Development","2020-03-27 00-29-31","May 2014","FixedIncome","FI_IG_mid",0.00467327655599489
"287","FI_Development","2020-03-27 00-29-31","Jun 2014","FixedIncome","FI_IG_mid",-0.00733469120973081
"288","FI_Development","2020-03-27 00-29-31","Jul 2014","FixedIncome","FI_IG_mid",-0.00812668296737151
"289","FI_Development","2020-03-27 00-29-31","Aug 2014","FixedIncome","FI_IG_mid",0.0145624053201416
"290","FI_Development","2020-03-27 00-29-31","Sep 2014","FixedIncome","FI_IG_mid",-0.0177486495852085
"291","FI_Development","2020-03-27 00-29-31","Oct 2014","FixedIncome","FI_IG_mid",0.0160107594511601
"292","FI_Development","2020-03-27 00-29-31","Nov 2014","FixedIncome","FI_IG_mid",-0.00411232137818334
"293","FI_Development","2020-03-27 00-29-31","Dec 2014","FixedIncome","FI_IG_mid",-0.00785405239638597
"294","FI_Development","2020-03-27 00-29-31","Jan 2015","FixedIncome","FI_IG_mid",0.0245382581233274
"295","FI_Development","2020-03-27 00-29-31","Feb 2015","FixedIncome","FI_IG_mid",-0.028486499919846
"296","FI_Development","2020-03-27 00-29-31","Mar 2015","FixedIncome","FI_IG_mid",0.0123762294995078
"297","FI_Development","2020-03-27 00-29-31","Apr 2015","FixedIncome","FI_IG_mid",-0.00290065804770886
"298","FI_Development","2020-03-27 00-29-31","May 2015","FixedIncome","FI_IG_mid",-0.00521467502704787
"299","FI_Development","2020-03-27 00-29-31","Jun 2015","FixedIncome","FI_IG_mid",-0.00440436330278437
"300","FI_Development","2020-03-27 00-29-31","Jul 2015","FixedIncome","FI_IG_mid",0.0113755272799931
"301","FI_Development","2020-03-27 00-29-31","Aug 2015","FixedIncome","FI_IG_mid",-0.00764601907111309
"302","FI_Development","2020-03-27 00-29-31","Sep 2015","FixedIncome","FI_IG_mid",0.0112037264479046
"303","FI_Development","2020-03-27 00-29-31","Oct 2015","FixedIncome","FI_IG_mid",-0.00473512859617861
"304","FI_Development","2020-03-27 00-29-31","Nov 2015","FixedIncome","FI_IG_mid",-0.00206185560937098
"305","FI_Development","2020-03-27 00-29-31","Dec 2015","FixedIncome","FI_IG_mid",-0.0112203458876124
"306","FI_Development","2020-03-27 00-29-31","Jan 2016","FixedIncome","FI_IG_mid",0.0198631766689846
"307","FI_Development","2020-03-27 00-29-31","Feb 2016","FixedIncome","FI_IG_mid",-0.00093467535900261
"308","FI_Development","2020-03-27 00-29-31","Mar 2016","FixedIncome","FI_IG_mid",0.00706055597896359
"309","FI_Development","2020-03-27 00-29-31","Apr 2016","FixedIncome","FI_IG_mid",-0.0068708184415099
"310","FI_Development","2020-03-27 00-29-31","May 2016","FixedIncome","FI_IG_mid",-0.0101876763306775
"311","FI_Development","2020-03-27 00-29-31","Jun 2016","FixedIncome","FI_IG_mid",0.0209600014510878
"312","FI_Development","2020-03-27 00-29-31","Jul 2016","FixedIncome","FI_IG_mid",-0.0128823377151726
"313","FI_Development","2020-03-27 00-29-31","Aug 2016","FixedIncome","FI_IG_mid",-0.00715258100925948
"314","FI_Development","2020-03-27 00-29-31","Sep 2016","FixedIncome","FI_IG_mid",0.00371303188185154
"315","FI_Development","2020-03-27 00-29-31","Oct 2016","FixedIncome","FI_IG_mid",-0.0074477474701612
"316","FI_Development","2020-03-27 00-29-31","Nov 2016","FixedIncome","FI_IG_mid",-0.0141890455268456
"317","FI_Development","2020-03-27 00-29-31","Dec 2016","FixedIncome","FI_IG_mid",0.0210555649928548
"318","FI_Development","2020-03-27 00-29-31","Jan 2017","FixedIncome","FI_IG_mid",0.00471825576720001
"319","FI_Development","2020-03-27 00-29-31","Feb 2017","FixedIncome","FI_IG_mid",0.000861317357794289
"320","FI_Development","2020-03-27 00-29-31","Mar 2017","FixedIncome","FI_IG_mid",-0.00849746658950713
"321","FI_Development","2020-03-27 00-29-31","Apr 2017","FixedIncome","FI_IG_mid",0.00848659822028452
"322","FI_Development","2020-03-27 00-29-31","May 2017","FixedIncome","FI_IG_mid",0.00026376241060495
"323","FI_Development","2020-03-27 00-29-31","Jun 2017","FixedIncome","FI_IG_mid",-0.00814641044268073
"324","FI_Development","2020-03-27 00-29-31","Jul 2017","FixedIncome","FI_IG_mid",0.00783973314127621
"325","FI_Development","2020-03-27 00-29-31","Aug 2017","FixedIncome","FI_IG_mid",-0.00320733121561295
"326","FI_Development","2020-03-27 00-29-31","Sep 2017","FixedIncome","FI_IG_mid",-0.00635151931445848
"327","FI_Development","2020-03-27 00-29-31","Oct 2017","FixedIncome","FI_IG_mid",0.00461764209282835
"328","FI_Development","2020-03-27 00-29-31","Nov 2017","FixedIncome","FI_IG_mid",-0.0057938267343621
"329","FI_Development","2020-03-27 00-29-31","Dec 2017","FixedIncome","FI_IG_mid",0.00229977415813508
"330","FI_Development","2020-03-27 00-29-31","Jan 2018","FixedIncome","FI_IG_mid",-0.00410144546143955
"331","FI_Development","2020-03-27 00-29-31","Feb 2018","FixedIncome","FI_IG_mid",-0.00417501951932395
"332","FI_Development","2020-03-27 00-29-31","Mar 2018","FixedIncome","FI_IG_mid",0.0102894735671453
"333","FI_Development","2020-03-27 00-29-31","Apr 2018","FixedIncome","FI_IG_mid",-0.00566626845922657
"334","FI_Development","2020-03-27 00-29-31","May 2018","FixedIncome","FI_IG_mid",0.0083585340876644
"335","FI_Development","2020-03-27 00-29-31","Jun 2018","FixedIncome","FI_IG_mid",-0.00359937197047806
"336","FI_Development","2020-03-27 00-29-31","Jul 2018","FixedIncome","FI_IG_mid",0.00390057415469592
"337","FI_Development","2020-03-27 00-29-31","Aug 2018","FixedIncome","FI_IG_mid",-3.09234698385994e-06
"338","FI_Development","2020-03-27 00-29-31","Sep 2018","FixedIncome","FI_IG_mid",-0.00509161787578499
"339","FI_Development","2020-03-27 00-29-31","Oct 2018","FixedIncome","FI_IG_mid",-0.00571652190141961
"340","FI_Development","2020-03-27 00-29-31","Nov 2018","FixedIncome","FI_IG_mid",0.00476658531012486
"341","FI_Development","2020-03-27 00-29-31","Dec 2018","FixedIncome","FI_IG_mid",0.00972017831316808
"342","FI_Development","2020-03-27 00-29-31","Jan 2019","FixedIncome","FI_IG_mid",0.0151033288047639
"343","FI_Development","2020-03-27 00-29-31","Feb 2019","FixedIncome","FI_IG_mid",-0.0217673824197519
"344","FI_Development","2020-03-27 00-29-31","Mar 2019","FixedIncome","FI_IG_mid",0.0157349034454895
"345","FI_Development","2020-03-27 00-29-31","Apr 2019","FixedIncome","FI_IG_mid",-0.0133779873695873
"346","FI_Development","2020-03-27 00-29-31","Aug 2013","FixedIncome","FI_HY",-0.0351489651041374
"347","FI_Development","2020-03-27 00-29-31","Sep 2013","FixedIncome","FI_HY",0.019429254991093
"348","FI_Development","2020-03-27 00-29-31","Oct 2013","FixedIncome","FI_HY",0.0155440224137754
"349","FI_Development","2020-03-27 00-29-31","Nov 2013","FixedIncome","FI_HY",-0.0168758436237629
"350","FI_Development","2020-03-27 00-29-31","Dec 2013","FixedIncome","FI_HY",-0.00761606756375518
"351","FI_Development","2020-03-27 00-29-31","Jan 2014","FixedIncome","FI_HY",0.010333212781791
"352","FI_Development","2020-03-27 00-29-31","Feb 2014","FixedIncome","FI_HY",0.0124710076544067
"353","FI_Development","2020-03-27 00-29-31","Mar 2014","FixedIncome","FI_HY",-0.0231982054332152
"354","FI_Development","2020-03-27 00-29-31","Apr 2014","FixedIncome","FI_HY",0.0057826346167419
"355","FI_Development","2020-03-27 00-29-31","May 2014","FixedIncome","FI_HY",0.00362695396735913
"356","FI_Development","2020-03-27 00-29-31","Jun 2014","FixedIncome","FI_HY",0.00046281722286289
"357","FI_Development","2020-03-27 00-29-31","Jul 2014","FixedIncome","FI_HY",-0.0330928626023089
"358","FI_Development","2020-03-27 00-29-31","Aug 2014","FixedIncome","FI_HY",0.0484989581387976
"359","FI_Development","2020-03-27 00-29-31","Sep 2014","FixedIncome","FI_HY",-0.0489867448421016
"360","FI_Development","2020-03-27 00-29-31","Oct 2014","FixedIncome","FI_HY",0.0332446541583938
"361","FI_Development","2020-03-27 00-29-31","Nov 2014","FixedIncome","FI_HY",-0.0238059471036898
"362","FI_Development","2020-03-27 00-29-31","Dec 2014","FixedIncome","FI_HY",-0.0051811955304573
"363","FI_Development","2020-03-27 00-29-31","Jan 2015","FixedIncome","FI_HY",0.0330542847912826
"364","FI_Development","2020-03-27 00-29-31","Feb 2015","FixedIncome","FI_HY",0.0130246233168342
"365","FI_Development","2020-03-27 00-29-31","Mar 2015","FixedIncome","FI_HY",-0.0356489737281916
"366","FI_Development","2020-03-27 00-29-31","Apr 2015","FixedIncome","FI_HY",0.0196867080595272
"367","FI_Development","2020-03-27 00-29-31","May 2015","FixedIncome","FI_HY",-0.0061164312690838
"368","FI_Development","2020-03-27 00-29-31","Jun 2015","FixedIncome","FI_HY",-0.0246070807941905
"369","FI_Development","2020-03-27 00-29-31","Jul 2015","FixedIncome","FI_HY",0.0131443741590151
"370","FI_Development","2020-03-27 00-29-31","Aug 2015","FixedIncome","FI_HY",-0.0133133721343811
"371","FI_Development","2020-03-27 00-29-31","Sep 2015","FixedIncome","FI_HY",-0.0111934309829009
"372","FI_Development","2020-03-27 00-29-31","Oct 2015","FixedIncome","FI_HY",0.0591911270308325
"373","FI_Development","2020-03-27 00-29-31","Nov 2015","FixedIncome","FI_HY",-0.0531505267311273
"374","FI_Development","2020-03-27 00-29-31","Dec 2015","FixedIncome","FI_HY",-0.01057078518942
"375","FI_Development","2020-03-27 00-29-31","Jan 2016","FixedIncome","FI_HY",0.0203638405524259
"376","FI_Development","2020-03-27 00-29-31","Feb 2016","FixedIncome","FI_HY",0.0272674876154895
"377","FI_Development","2020-03-27 00-29-31","Mar 2016","FixedIncome","FI_HY",0.0179043050345267
"378","FI_Development","2020-03-27 00-29-31","Apr 2016","FixedIncome","FI_HY",0.0061280976991872
"379","FI_Development","2020-03-27 00-29-31","May 2016","FixedIncome","FI_HY",-0.0326399565667001
"380","FI_Development","2020-03-27 00-29-31","Jun 2016","FixedIncome","FI_HY",0.0150400372725221
"381","FI_Development","2020-03-27 00-29-31","Jul 2016","FixedIncome","FI_HY",-0.0026899848833876
"382","FI_Development","2020-03-27 00-29-31","Aug 2016","FixedIncome","FI_HY",0.002944126224357
"383","FI_Development","2020-03-27 00-29-31","Sep 2016","FixedIncome","FI_HY",-0.00838505845608809
"384","FI_Development","2020-03-27 00-29-31","Oct 2016","FixedIncome","FI_HY",-0.0174533954111112
"385","FI_Development","2020-03-27 00-29-31","Nov 2016","FixedIncome","FI_HY",0.00866629253835362
"386","FI_Development","2020-03-27 00-29-31","Dec 2016","FixedIncome","FI_HY",0.0129971703655435
"387","FI_Development","2020-03-27 00-29-31","Jan 2017","FixedIncome","FI_HY",0.00348388853562042
"388","FI_Development","2020-03-27 00-29-31","Feb 2017","FixedIncome","FI_HY",-0.00422125667583616
"389","FI_Development","2020-03-27 00-29-31","Mar 2017","FixedIncome","FI_HY",-0.0161903532436141
"390","FI_Development","2020-03-27 00-29-31","Apr 2017","FixedIncome","FI_HY",0.0134779431931327
"391","FI_Development","2020-03-27 00-29-31","May 2017","FixedIncome","FI_HY",0.00104488047882433
"392","FI_Development","2020-03-27 00-29-31","Jun 2017","FixedIncome","FI_HY",-0.0118128598465089
"393","FI_Development","2020-03-27 00-29-31","Jul 2017","FixedIncome","FI_HY",0.0104579079254011
"394","FI_Development","2020-03-27 00-29-31","Aug 2017","FixedIncome","FI_HY",-0.00911963300459565
"395","FI_Development","2020-03-27 00-29-31","Sep 2017","FixedIncome","FI_HY",0.00535360375533557
"396","FI_Development","2020-03-27 00-29-31","Oct 2017","FixedIncome","FI_HY",-0.00375391085056235
"397","FI_Development","2020-03-27 00-29-31","Nov 2017","FixedIncome","FI_HY",-0.00591225792133245
"398","FI_Development","2020-03-27 00-29-31","Dec 2017","FixedIncome","FI_HY",0.00210029521227871
"399","FI_Development","2020-03-27 00-29-31","Jan 2018","FixedIncome","FI_HY",0.00541085083125805
"400","FI_Development","2020-03-27 00-29-31","Feb 2018","FixedIncome","FI_HY",-0.0128067912069685
"401","FI_Development","2020-03-27 00-29-31","Mar 2018","FixedIncome","FI_HY",0.00340955795058332
"402","FI_Development","2020-03-27 00-29-31","Apr 2018","FixedIncome","FI_HY",0.0104998114564303
"403","FI_Development","2020-03-27 00-29-31","May 2018","FixedIncome","FI_HY",-0.00752747386900334
"404","FI_Development","2020-03-27 00-29-31","Jun 2018","FixedIncome","FI_HY",0.00303924562644751
"405","FI_Development","2020-03-27 00-29-31","Jul 2018","FixedIncome","FI_HY",0.0168953984975972
"406","FI_Development","2020-03-27 00-29-31","Aug 2018","FixedIncome","FI_HY",-0.0112955826174634
"407","FI_Development","2020-03-27 00-29-31","Sep 2018","FixedIncome","FI_HY",-0.00028054167439566
"408","FI_Development","2020-03-27 00-29-31","Oct 2018","FixedIncome","FI_HY",-0.0260768311302383
"409","FI_Development","2020-03-27 00-29-31","Nov 2018","FixedIncome","FI_HY",0.0124581079917867
"410","FI_Development","2020-03-27 00-29-31","Dec 2018","FixedIncome","FI_HY",-0.0205948789071227
"411","FI_Development","2020-03-27 00-29-31","Jan 2019","FixedIncome","FI_HY",0.0852213023308316
"412","FI_Development","2020-03-27 00-29-31","Feb 2019","FixedIncome","FI_HY",-0.0427785315856797
"413","FI_Development","2020-03-27 00-29-31","Mar 2019","FixedIncome","FI_HY",-0.00177171391402705
"414","FI_Development","2020-03-27 00-29-31","Apr 2019","FixedIncome","FI_HY",0.00049393140881855
"415","FI_Development","2020-03-27 00-29-31","Aug 2013","FixedIncome","FI_deved_intl",-0.00485212215008678
"416","FI_Development","2020-03-27 00-29-31","Sep 2013","FixedIncome","FI_deved_intl",0.00971990075742311
"417","FI_Development","2020-03-27 00-29-31","Oct 2013","FixedIncome","FI_deved_intl",0.00237506907151089
"418","FI_Development","2020-03-27 00-29-31","Nov 2013","FixedIncome","FI_deved_intl",-0.0102594781285753
"419","FI_Development","2020-03-27 00-29-31","Dec 2013","FixedIncome","FI_deved_intl",-0.00659933674364159
"420","FI_Development","2020-03-27 00-29-31","Jan 2014","FixedIncome","FI_deved_intl",0.0223056284925477
"421","FI_Development","2020-03-27 00-29-31","Feb 2014","FixedIncome","FI_deved_intl",-0.0107324910508323
"422","FI_Development","2020-03-27 00-29-31","Mar 2014","FixedIncome","FI_deved_intl",-0.00159645071863564
"423","FI_Development","2020-03-27 00-29-31","Apr 2014","FixedIncome","FI_deved_intl",0.00276222099887439
"424","FI_Development","2020-03-27 00-29-31","May 2014","FixedIncome","FI_deved_intl",0.00135431496925807
"425","FI_Development","2020-03-27 00-29-31","Jun 2014","FixedIncome","FI_deved_intl",-0.00120977123989276
"426","FI_Development","2020-03-27 00-29-31","Jul 2014","FixedIncome","FI_deved_intl",-0.00099631701118375
"427","FI_Development","2020-03-27 00-29-31","Aug 2014","FixedIncome","FI_deved_intl",0.00831664261110856
"428","FI_Development","2020-03-27 00-29-31","Sep 2014","FixedIncome","FI_deved_intl",-0.0146954893751382
"429","FI_Development","2020-03-27 00-29-31","Oct 2014","FixedIncome","FI_deved_intl",0.00747794052324177
"430","FI_Development","2020-03-27 00-29-31","Nov 2014","FixedIncome","FI_deved_intl",0.00264857297739439
"431","FI_Development","2020-03-27 00-29-31","Dec 2014","FixedIncome","FI_deved_intl",-0.0011949061891243
"432","FI_Development","2020-03-27 00-29-31","Jan 2015","FixedIncome","FI_deved_intl",0.0114443294492397
"433","FI_Development","2020-03-27 00-29-31","Feb 2015","FixedIncome","FI_deved_intl",-0.0210320941911765
"434","FI_Development","2020-03-27 00-29-31","Mar 2015","FixedIncome","FI_deved_intl",0.00685597333628133
"435","FI_Development","2020-03-27 00-29-31","Apr 2015","FixedIncome","FI_deved_intl",-0.0149887827726638
"436","FI_Development","2020-03-27 00-29-31","May 2015","FixedIncome","FI_deved_intl",0.00491996493489299
"437","FI_Development","2020-03-27 00-29-31","Jun 2015","FixedIncome","FI_deved_intl",-0.00813249109087919
"438","FI_Development","2020-03-27 00-29-31","Jul 2015","FixedIncome","FI_deved_intl",0.0261379359488627
"439","FI_Development","2020-03-27 00-29-31","Aug 2015","FixedIncome","FI_deved_intl",-0.019575410274436
"440","FI_Development","2020-03-27 00-29-31","Sep 2015","FixedIncome","FI_deved_intl",0.0149670556043392
"441","FI_Development","2020-03-27 00-29-31","Oct 2015","FixedIncome","FI_deved_intl",-0.00231633531428042
"442","FI_Development","2020-03-27 00-29-31","Nov 2015","FixedIncome","FI_deved_intl",-0.0043471193086983
"443","FI_Development","2020-03-27 00-29-31","Dec 2015","FixedIncome","FI_deved_intl",-0.00639113751852849
"444","FI_Development","2020-03-27 00-29-31","Jan 2016","FixedIncome","FI_deved_intl",0.0190634298211549
"445","FI_Development","2020-03-27 00-29-31","Feb 2016","FixedIncome","FI_deved_intl",-0.0014747690436134
"446","FI_Development","2020-03-27 00-29-31","Mar 2016","FixedIncome","FI_deved_intl",-0.00511483004216854
"447","FI_Development","2020-03-27 00-29-31","Apr 2016","FixedIncome","FI_deved_intl",-0.010125844892387
"448","FI_Development","2020-03-27 00-29-31","May 2016","FixedIncome","FI_deved_intl",0.0101079607288434
"449","FI_Development","2020-03-27 00-29-31","Jun 2016","FixedIncome","FI_deved_intl",0.0120268550061428
"450","FI_Development","2020-03-27 00-29-31","Jul 2016","FixedIncome","FI_deved_intl",-0.0112864895401627
"451","FI_Development","2020-03-27 00-29-31","Aug 2016","FixedIncome","FI_deved_intl",-0.00735949203204833
"452","FI_Development","2020-03-27 00-29-31","Sep 2016","FixedIncome","FI_deved_intl",-0.000713189192696158
"453","FI_Development","2020-03-27 00-29-31","Oct 2016","FixedIncome","FI_deved_intl",-0.0126703703920701
"454","FI_Development","2020-03-27 00-29-31","Nov 2016","FixedIncome","FI_deved_intl",-5.516962637701e-06
"455","FI_Development","2020-03-27 00-29-31","Dec 2016","FixedIncome","FI_deved_intl",0.00916608359892098
"456","FI_Development","2020-03-27 00-29-31","Jan 2017","FixedIncome","FI_deved_intl",-0.00536123183529223
"457","FI_Development","2020-03-27 00-29-31","Feb 2017","FixedIncome","FI_deved_intl",0.0177609730624512
"458","FI_Development","2020-03-27 00-29-31","Mar 2017","FixedIncome","FI_deved_intl",-0.00910570927015593
"459","FI_Development","2020-03-27 00-29-31","Apr 2017","FixedIncome","FI_deved_intl",0.00517141264243387
"460","FI_Development","2020-03-27 00-29-31","May 2017","FixedIncome","FI_deved_intl",0.00237556366927612
"461","FI_Development","2020-03-27 00-29-31","Jun 2017","FixedIncome","FI_deved_intl",-0.012655519852096
"462","FI_Development","2020-03-27 00-29-31","Jul 2017","FixedIncome","FI_deved_intl",0.00695157556228923
"463","FI_Development","2020-03-27 00-29-31","Aug 2017","FixedIncome","FI_deved_intl",0.00772001010444685
"464","FI_Development","2020-03-27 00-29-31","Sep 2017","FixedIncome","FI_deved_intl",-0.0133775004639098
"465","FI_Development","2020-03-27 00-29-31","Oct 2017","FixedIncome","FI_deved_intl",0.0102339833878223
"466","FI_Development","2020-03-27 00-29-31","Nov 2017","FixedIncome","FI_deved_intl",-0.00385465710581147
"467","FI_Development","2020-03-27 00-29-31","Dec 2017","FixedIncome","FI_deved_intl",-0.0121927697313614
"468","FI_Development","2020-03-27 00-29-31","Jan 2018","FixedIncome","FI_deved_intl",0.00503344321655057
"469","FI_Development","2020-03-27 00-29-31","Feb 2018","FixedIncome","FI_deved_intl",0.00736647237431249
"470","FI_Development","2020-03-27 00-29-31","Mar 2018","FixedIncome","FI_deved_intl",0.00904611532894864
"471","FI_Development","2020-03-27 00-29-31","Apr 2018","FixedIncome","FI_deved_intl",-0.0130862841214055
"472","FI_Development","2020-03-27 00-29-31","May 2018","FixedIncome","FI_deved_intl",-0.00073818314242131
"473","FI_Development","2020-03-27 00-29-31","Jun 2018","FixedIncome","FI_deved_intl",0.00825772016177568
"474","FI_Development","2020-03-27 00-29-31","Jul 2018","FixedIncome","FI_deved_intl",-0.00459580289617234
"475","FI_Development","2020-03-27 00-29-31","Aug 2018","FixedIncome","FI_deved_intl",-0.000913782459584678
"476","FI_Development","2020-03-27 00-29-31","Sep 2018","FixedIncome","FI_deved_intl",-0.00292409183254997
"477","FI_Development","2020-03-27 00-29-31","Oct 2018","FixedIncome","FI_deved_intl",0.00310608528862457
"478","FI_Development","2020-03-27 00-29-31","Nov 2018","FixedIncome","FI_deved_intl",0.0044012318017808
"479","FI_Development","2020-03-27 00-29-31","Dec 2018","FixedIncome","FI_deved_intl",-0.0135311747049263
"480","FI_Development","2020-03-27 00-29-31","Jan 2019","FixedIncome","FI_deved_intl",0.0192672667224879
"481","FI_Development","2020-03-27 00-29-31","Feb 2019","FixedIncome","FI_deved_intl",-0.0088588999134207
"482","FI_Development","2020-03-27 00-29-31","Mar 2019","FixedIncome","FI_deved_intl",0.0156780188241918
"483","FI_Development","2020-03-27 00-29-31","Apr 2019","FixedIncome","FI_deved_intl",-0.0160558049773926
"484","FI_Development","2020-03-27 00-29-31","Aug 2013","FixedIncome","FI_deving_intl",-0.0418524952263545
"485","FI_Development","2020-03-27 00-29-31","Sep 2013","FixedIncome","FI_deving_intl",0.0762626148427121
"486","FI_Development","2020-03-27 00-29-31","Oct 2013","FixedIncome","FI_deving_intl",-0.0289677522462402
"487","FI_Development","2020-03-27 00-29-31","Nov 2013","FixedIncome","FI_deving_intl",-0.0422652752194065
"488","FI_Development","2020-03-27 00-29-31","Dec 2013","FixedIncome","FI_deving_intl",0.0243633144698715
"489","FI_Development","2020-03-27 00-29-31","Jan 2014","FixedIncome","FI_deving_intl",-0.0460595108477708
"490","FI_Development","2020-03-27 00-29-31","Feb 2014","FixedIncome","FI_deving_intl",0.0777075857290766
"491","FI_Development","2020-03-27 00-29-31","Mar 2014","FixedIncome","FI_deving_intl",-0.0097316454478095
"492","FI_Development","2020-03-27 00-29-31","Apr 2014","FixedIncome","FI_deving_intl",-0.00304870789219
"493","FI_Development","2020-03-27 00-29-31","May 2014","FixedIncome","FI_deving_intl",0.0090487618292465
"494","FI_Development","2020-03-27 00-29-31","Jun 2014","FixedIncome","FI_deving_intl",-0.0135625942540381
"495","FI_Development","2020-03-27 00-29-31","Jul 2014","FixedIncome","FI_deving_intl",-0.0161423838767056
"496","FI_Development","2020-03-27 00-29-31","Aug 2014","FixedIncome","FI_deving_intl",0.00705752551406243
"497","FI_Development","2020-03-27 00-29-31","Sep 2014","FixedIncome","FI_deving_intl",-0.0513858302915958
"498","FI_Development","2020-03-27 00-29-31","Oct 2014","FixedIncome","FI_deving_intl",0.0612908720845028
"499","FI_Development","2020-03-27 00-29-31","Nov 2014","FixedIncome","FI_deving_intl",-0.026505601515574
"500","FI_Development","2020-03-27 00-29-31","Dec 2014","FixedIncome","FI_deving_intl",-0.0239056337760934
"501","FI_Development","2020-03-27 00-29-31","Jan 2015","FixedIncome","FI_deving_intl",0.0319174512812858
"502","FI_Development","2020-03-27 00-29-31","Feb 2015","FixedIncome","FI_deving_intl",-0.00216579679439639
"503","FI_Development","2020-03-27 00-29-31","Mar 2015","FixedIncome","FI_deving_intl",-0.017936419527393
"504","FI_Development","2020-03-27 00-29-31","Apr 2015","FixedIncome","FI_deving_intl",0.0528599952276534
"505","FI_Development","2020-03-27 00-29-31","May 2015","FixedIncome","FI_deving_intl",-0.049661131570545
"506","FI_Development","2020-03-27 00-29-31","Jun 2015","FixedIncome","FI_deving_intl",0.0144543768591394
"507","FI_Development","2020-03-27 00-29-31","Jul 2015","FixedIncome","FI_deving_intl",-0.0226037055219498
"508","FI_Development","2020-03-27 00-29-31","Aug 2015","FixedIncome","FI_deving_intl",-0.0059733208842808
"509","FI_Development","2020-03-27 00-29-31","Sep 2015","FixedIncome","FI_deving_intl",0.0108271460009134
"510","FI_Development","2020-03-27 00-29-31","Oct 2015","FixedIncome","FI_deving_intl",0.0615224891040773
"511","FI_Development","2020-03-27 00-29-31","Nov 2015","FixedIncome","FI_deving_intl",-0.0479595332420444
"512","FI_Development","2020-03-27 00-29-31","Dec 2015","FixedIncome","FI_deving_intl",-0.0081354700148796
"513","FI_Development","2020-03-27 00-29-31","Jan 2016","FixedIncome","FI_deving_intl",0.0178524890177052
"514","FI_Development","2020-03-27 00-29-31","Feb 2016","FixedIncome","FI_deving_intl",0.0187648418657943
"515","FI_Development","2020-03-27 00-29-31","Mar 2016","FixedIncome","FI_deving_intl",0.0684930555451126
"516","FI_Development","2020-03-27 00-29-31","Apr 2016","FixedIncome","FI_deving_intl",-0.0610146751326827
"517","FI_Development","2020-03-27 00-29-31","May 2016","FixedIncome","FI_deving_intl",-0.0635829981902406
"518","FI_Development","2020-03-27 00-29-31","Jun 2016","FixedIncome","FI_deving_intl",0.0927289861382896
"519","FI_Development","2020-03-27 00-29-31","Jul 2016","FixedIncome","FI_deving_intl",-0.043516937370848
"520","FI_Development","2020-03-27 00-29-31","Aug 2016","FixedIncome","FI_deving_intl",-0.0114655828629826
"521","FI_Development","2020-03-27 00-29-31","Sep 2016","FixedIncome","FI_deving_intl",0.0142724798611693
"522","FI_Development","2020-03-27 00-29-31","Oct 2016","FixedIncome","FI_deving_intl",-0.0248377987010588
"523","FI_Development","2020-03-27 00-29-31","Nov 2016","FixedIncome","FI_deving_intl",-0.0531341320315842
"524","FI_Development","2020-03-27 00-29-31","Dec 2016","FixedIncome","FI_deving_intl",0.0853285816795958
"525","FI_Development","2020-03-27 00-29-31","Jan 2017","FixedIncome","FI_deving_intl",0.0071782257457474
"526","FI_Development","2020-03-27 00-29-31","Feb 2017","FixedIncome","FI_deving_intl",-0.0098244577881416
"527","FI_Development","2020-03-27 00-29-31","Mar 2017","FixedIncome","FI_deving_intl",0.0011874289734016
"528","FI_Development","2020-03-27 00-29-31","Apr 2017","FixedIncome","FI_deving_intl",-0.0102276958921568
"529","FI_Development","2020-03-27 00-29-31","May 2017","FixedIncome","FI_deving_intl",0.0105171925346493
"530","FI_Development","2020-03-27 00-29-31","Jun 2017","FixedIncome","FI_deving_intl",-0.0124196583699013
"531","FI_Development","2020-03-27 00-29-31","Jul 2017","FixedIncome","FI_deving_intl",0.0154689100391247
"532","FI_Development","2020-03-27 00-29-31","Aug 2017","FixedIncome","FI_deving_intl",-0.0034545753912983
"533","FI_Development","2020-03-27 00-29-31","Sep 2017","FixedIncome","FI_deving_intl",-0.0261617690995945
"534","FI_Development","2020-03-27 00-29-31","Oct 2017","FixedIncome","FI_deving_intl",-0.0171491280290285
"535","FI_Development","2020-03-27 00-29-31","Nov 2017","FixedIncome","FI_deving_intl",0.0388191273451625
"536","FI_Development","2020-03-27 00-29-31","Dec 2017","FixedIncome","FI_deving_intl",-0.00558881735708351
"537","FI_Development","2020-03-27 00-29-31","Jan 2018","FixedIncome","FI_deving_intl",0.0231975252238131
"538","FI_Development","2020-03-27 00-29-31","Feb 2018","FixedIncome","FI_deving_intl",-0.0476550721099179
"539","FI_Development","2020-03-27 00-29-31","Mar 2018","FixedIncome","FI_deving_intl",0.0283133195119757
"540","FI_Development","2020-03-27 00-29-31","Apr 2018","FixedIncome","FI_deving_intl",-0.0452147138051965
"541","FI_Development","2020-03-27 00-29-31","May 2018","FixedIncome","FI_deving_intl",-0.0182550887077739
"542","FI_Development","2020-03-27 00-29-31","Jun 2018","FixedIncome","FI_deving_intl",0.022272276551112
"543","FI_Development","2020-03-27 00-29-31","Jul 2018","FixedIncome","FI_deving_intl",0.0472781806899539
"544","FI_Development","2020-03-27 00-29-31","Aug 2018","FixedIncome","FI_deving_intl",-0.0710375163787098
"545","FI_Development","2020-03-27 00-29-31","Sep 2018","FixedIncome","FI_deving_intl",0.0682387718908248
"546","FI_Development","2020-03-27 00-29-31","Oct 2018","FixedIncome","FI_deving_intl",-0.0264262460196328
"547","FI_Development","2020-03-27 00-29-31","Nov 2018","FixedIncome","FI_deving_intl",0.0321703335100044
"548","FI_Development","2020-03-27 00-29-31","Dec 2018","FixedIncome","FI_deving_intl",-0.0196304791225598
"549","FI_Development","2020-03-27 00-29-31","Jan 2019","FixedIncome","FI_deving_intl",0.046757022165858
"550","FI_Development","2020-03-27 00-29-31","Feb 2019","FixedIncome","FI_deving_intl",-0.0626185739246808
"551","FI_Development","2020-03-27 00-29-31","Mar 2019","FixedIncome","FI_deving_intl",-0.000243535636942502
"552","FI_Development","2020-03-27 00-29-31","Apr 2019","FixedIncome","FI_deving_intl",0.00829565274478284
"553","FI_Development","2020-03-27 00-29-31","Aug 2013","Equity","EQ_large_cap",-0.0816692753009624
"554","FI_Development","2020-03-27 00-29-31","Sep 2013","Equity","EQ_large_cap",0.0566346016271712
"555","FI_Development","2020-03-27 00-29-31","Oct 2013","Equity","EQ_large_cap",0.0196645255818683
"556","FI_Development","2020-03-27 00-29-31","Nov 2013","Equity","EQ_large_cap",-0.0166690801124792
"557","FI_Development","2020-03-27 00-29-31","Dec 2013","Equity","EQ_large_cap",-0.0092509254346656
"558","FI_Development","2020-03-27 00-29-31","Jan 2014","Equity","EQ_large_cap",-0.0556350535605613
"559","FI_Development","2020-03-27 00-29-31","Feb 2014","Equity","EQ_large_cap",0.0807640745365713
"560","FI_Development","2020-03-27 00-29-31","Mar 2014","Equity","EQ_large_cap",-0.0416508197185724
"561","FI_Development","2020-03-27 00-29-31","Apr 2014","Equity","EQ_large_cap",0.0030865635089198
"562","FI_Development","2020-03-27 00-29-31","May 2014","Equity","EQ_large_cap",0.0162548725010001
"563","FI_Development","2020-03-27 00-29-31","Jun 2014","Equity","EQ_large_cap",-0.0074288917083483
"564","FI_Development","2020-03-27 00-29-31","Jul 2014","Equity","EQ_large_cap",-0.0292150862850151
"565","FI_Development","2020-03-27 00-29-31","Aug 2014","Equity","EQ_large_cap",0.052901109764564
"566","FI_Development","2020-03-27 00-29-31","Sep 2014","Equity","EQ_large_cap",-0.0578482689191345
"567","FI_Development","2020-03-27 00-29-31","Oct 2014","Equity","EQ_large_cap",0.0419356565584228
"568","FI_Development","2020-03-27 00-29-31","Nov 2014","Equity","EQ_large_cap",0.0039210392290083
"569","FI_Development","2020-03-27 00-29-31","Dec 2014","Equity","EQ_large_cap",-0.0354835497206705
"570","FI_Development","2020-03-27 00-29-31","Jan 2015","Equity","EQ_large_cap",-0.0216176483575366
"571","FI_Development","2020-03-27 00-29-31","Feb 2015","Equity","EQ_large_cap",0.0858338492790504
"572","FI_Development","2020-03-27 00-29-31","Mar 2015","Equity","EQ_large_cap",-0.0762843996836385
"573","FI_Development","2020-03-27 00-29-31","Apr 2015","Equity","EQ_large_cap",0.0299137113281232
"574","FI_Development","2020-03-27 00-29-31","May 2015","Equity","EQ_large_cap",0.00302223449869912
"575","FI_Development","2020-03-27 00-29-31","Jun 2015","Equity","EQ_large_cap",-0.0379105778283386
"576","FI_Development","2020-03-27 00-29-31","Jul 2015","Equity","EQ_large_cap",0.0476436674175899
"577","FI_Development","2020-03-27 00-29-31","Aug 2015","Equity","EQ_large_cap",-0.0835393624873818
"578","FI_Development","2020-03-27 00-29-31","Sep 2015","Equity","EQ_large_cap",0.030394186235822
"579","FI_Development","2020-03-27 00-29-31","Oct 2015","Equity","EQ_large_cap",0.11561562775114
"580","FI_Development","2020-03-27 00-29-31","Nov 2015","Equity","EQ_large_cap",-0.0814045660865044
"581","FI_Development","2020-03-27 00-29-31","Dec 2015","Equity","EQ_large_cap",-0.0267516118180796
"582","FI_Development","2020-03-27 00-29-31","Jan 2016","Equity","EQ_large_cap",-0.0266901083408603
"583","FI_Development","2020-03-27 00-29-31","Feb 2016","Equity","EQ_large_cap",0.0489606507042903
"584","FI_Development","2020-03-27 00-29-31","Mar 2016","Equity","EQ_large_cap",0.0626156074125962
"585","FI_Development","2020-03-27 00-29-31","Apr 2016","Equity","EQ_large_cap",-0.0578484451350181
"586","FI_Development","2020-03-27 00-29-31","May 2016","Equity","EQ_large_cap",0.0130703416839591
"587","FI_Development","2020-03-27 00-29-31","Jun 2016","Equity","EQ_large_cap",-0.0187271470066493
"588","FI_Development","2020-03-27 00-29-31","Jul 2016","Equity","EQ_large_cap",0.0381868509610267
"589","FI_Development","2020-03-27 00-29-31","Aug 2016","Equity","EQ_large_cap",-0.0352737175375293
"590","FI_Development","2020-03-27 00-29-31","Sep 2016","Equity","EQ_large_cap",-0.00616580799379666
"591","FI_Development","2020-03-27 00-29-31","Oct 2016","Equity","EQ_large_cap",-0.0123687642240441
"592","FI_Development","2020-03-27 00-29-31","Nov 2016","Equity","EQ_large_cap",0.0541754315161135
"593","FI_Development","2020-03-27 00-29-31","Dec 2016","Equity","EQ_large_cap",-0.0225449343489791
"594","FI_Development","2020-03-27 00-29-31","Jan 2017","Equity","EQ_large_cap",0.0036012243234176
"595","FI_Development","2020-03-27 00-29-31","Feb 2017","Equity","EQ_large_cap",0.0213968411289648
"596","FI_Development","2020-03-27 00-29-31","Mar 2017","Equity","EQ_large_cap",-0.0423785863872179
"597","FI_Development","2020-03-27 00-29-31","Apr 2017","Equity","EQ_large_cap",0.0130132323611609
"598","FI_Development","2020-03-27 00-29-31","May 2017","Equity","EQ_large_cap",0.00418672617347113
"599","FI_Development","2020-03-27 00-29-31","Jun 2017","Equity","EQ_large_cap",-0.0126218452998536
"600","FI_Development","2020-03-27 00-29-31","Jul 2017","Equity","EQ_large_cap",0.0190631230790277
"601","FI_Development","2020-03-27 00-29-31","Aug 2017","Equity","EQ_large_cap",-0.0176364802407658
"602","FI_Development","2020-03-27 00-29-31","Sep 2017","Equity","EQ_large_cap",0.0121939843696614
"603","FI_Development","2020-03-27 00-29-31","Oct 2017","Equity","EQ_large_cap",0.0084523722002044
"604","FI_Development","2020-03-27 00-29-31","Nov 2017","Equity","EQ_large_cap",0.0070018233343309
"605","FI_Development","2020-03-27 00-29-31","Dec 2017","Equity","EQ_large_cap",-0.0235851065028676
"606","FI_Development","2020-03-27 00-29-31","Jan 2018","Equity","EQ_large_cap",0.0493784024702409
"607","FI_Development","2020-03-27 00-29-31","Feb 2018","Equity","EQ_large_cap",-0.0927195887845663
"608","FI_Development","2020-03-27 00-29-31","Mar 2018","Equity","EQ_large_cap",0.0050701483698902
"609","FI_Development","2020-03-27 00-29-31","Apr 2018","Equity","EQ_large_cap",0.0364584798617618
"610","FI_Development","2020-03-27 00-29-31","May 2018","Equity","EQ_large_cap",0.019140852717056
"611","FI_Development","2020-03-27 00-29-31","Jun 2018","Equity","EQ_large_cap",-0.0230541893815615
"612","FI_Development","2020-03-27 00-29-31","Jul 2018","Equity","EQ_large_cap",0.0357916705271101
"613","FI_Development","2020-03-27 00-29-31","Aug 2018","Equity","EQ_large_cap",-0.0051266997755272
"614","FI_Development","2020-03-27 00-29-31","Sep 2018","Equity","EQ_large_cap",-0.0305075562867106
"615","FI_Development","2020-03-27 00-29-31","Oct 2018","Equity","EQ_large_cap",-0.0705165725583513
"616","FI_Development","2020-03-27 00-29-31","Nov 2018","Equity","EQ_large_cap",0.0876535486723002
"617","FI_Development","2020-03-27 00-29-31","Dec 2018","Equity","EQ_large_cap",-0.111892264836214
"618","FI_Development","2020-03-27 00-29-31","Jan 2019","Equity","EQ_large_cap",0.173408596590631
"619","FI_Development","2020-03-27 00-29-31","Feb 2019","Equity","EQ_large_cap",-0.0476497892857327
"620","FI_Development","2020-03-27 00-29-31","Mar 2019","Equity","EQ_large_cap",-0.0187800362046049
"621","FI_Development","2020-03-27 00-29-31","Apr 2019","Equity","EQ_large_cap",0.0272165941158002
"622","FI_Development","2020-03-27 00-29-31","Aug 2013","Equity","EQ_mid_cap",-0.105324262533034
"623","FI_Development","2020-03-27 00-29-31","Sep 2013","Equity","EQ_mid_cap",0.0891407356925511
"624","FI_Development","2020-03-27 00-29-31","Oct 2013","Equity","EQ_mid_cap",-0.0143128711251242
"625","FI_Development","2020-03-27 00-29-31","Nov 2013","Equity","EQ_mid_cap",-0.0237778321914711
"626","FI_Development","2020-03-27 00-29-31","Dec 2013","Equity","EQ_mid_cap",0.0161054086058589
"627","FI_Development","2020-03-27 00-29-31","Jan 2014","Equity","EQ_mid_cap",-0.0507085991514186
"628","FI_Development","2020-03-27 00-29-31","Feb 2014","Equity","EQ_mid_cap",0.0708170771413955
"629","FI_Development","2020-03-27 00-29-31","Mar 2014","Equity","EQ_mid_cap",-0.0479032523613249
"630","FI_Development","2020-03-27 00-29-31","Apr 2014","Equity","EQ_mid_cap",-0.0156050137702304
"631","FI_Development","2020-03-27 00-29-31","May 2014","Equity","EQ_mid_cap",0.0312530173232711
"632","FI_Development","2020-03-27 00-29-31","Jun 2014","Equity","EQ_mid_cap",0.0222172409471749
"633","FI_Development","2020-03-27 00-29-31","Jul 2014","Equity","EQ_mid_cap",-0.0824511840468203
"634","FI_Development","2020-03-27 00-29-31","Aug 2014","Equity","EQ_mid_cap",0.0944831120004793
"635","FI_Development","2020-03-27 00-29-31","Sep 2014","Equity","EQ_mid_cap",-0.0980676894151272
"636","FI_Development","2020-03-27 00-29-31","Oct 2014","Equity","EQ_mid_cap",0.0827475624708269
"637","FI_Development","2020-03-27 00-29-31","Nov 2014","Equity","EQ_mid_cap",-0.016932442561665
"638","FI_Development","2020-03-27 00-29-31","Dec 2014","Equity","EQ_mid_cap",-0.0141406721533508
"639","FI_Development","2020-03-27 00-29-31","Jan 2015","Equity","EQ_mid_cap",-0.0152089154305275
"640","FI_Development","2020-03-27 00-29-31","Feb 2015","Equity","EQ_mid_cap",0.0612791167961682
"641","FI_Development","2020-03-27 00-29-31","Mar 2015","Equity","EQ_mid_cap",-0.0392063254235978
"642","FI_Development","2020-03-27 00-29-31","Apr 2015","Equity","EQ_mid_cap",-0.0258392643012973
"643","FI_Development","2020-03-27 00-29-31","May 2015","Equity","EQ_mid_cap",0.0313734809802916
"644","FI_Development","2020-03-27 00-29-31","Jun 2015","Equity","EQ_mid_cap",-0.0327900072288363
"645","FI_Development","2020-03-27 00-29-31","Jul 2015","Equity","EQ_mid_cap",0.0172304861484611
"646","FI_Development","2020-03-27 00-29-31","Aug 2015","Equity","EQ_mid_cap",-0.0576996466538749
"647","FI_Development","2020-03-27 00-29-31","Sep 2015","Equity","EQ_mid_cap",0.0213281524208137
"648","FI_Development","2020-03-27 00-29-31","Oct 2015","Equity","EQ_mid_cap",0.090836587303688
"649","FI_Development","2020-03-27 00-29-31","Nov 2015","Equity","EQ_mid_cap",-0.0421657274063901
"650","FI_Development","2020-03-27 00-29-31","Dec 2015","Equity","EQ_mid_cap",-0.0591124423673549
"651","FI_Development","2020-03-27 00-29-31","Jan 2016","Equity","EQ_mid_cap",-0.0096332849131119
"652","FI_Development","2020-03-27 00-29-31","Feb 2016","Equity","EQ_mid_cap",0.0677614999625135
"653","FI_Development","2020-03-27 00-29-31","Mar 2016","Equity","EQ_mid_cap",0.0690427245102559
"654","FI_Development","2020-03-27 00-29-31","Apr 2016","Equity","EQ_mid_cap",-0.0695054321037897
"655","FI_Development","2020-03-27 00-29-31","May 2016","Equity","EQ_mid_cap",0.0105424319982622
"656","FI_Development","2020-03-27 00-29-31","Jun 2016","Equity","EQ_mid_cap",-0.0209479097972391
"657","FI_Development","2020-03-27 00-29-31","Jul 2016","Equity","EQ_mid_cap",0.040918947632089
"658","FI_Development","2020-03-27 00-29-31","Aug 2016","Equity","EQ_mid_cap",-0.0378463422325774
"659","FI_Development","2020-03-27 00-29-31","Sep 2016","Equity","EQ_mid_cap",-0.0144378469035664
"660","FI_Development","2020-03-27 00-29-31","Oct 2016","Equity","EQ_mid_cap",-0.0167134303499709
"661","FI_Development","2020-03-27 00-29-31","Nov 2016","Equity","EQ_mid_cap",0.10539989032256
"662","FI_Development","2020-03-27 00-29-31","Dec 2016","Equity","EQ_mid_cap",-0.0609500912088555
"663","FI_Development","2020-03-27 00-29-31","Jan 2017","Equity","EQ_mid_cap",-0.001407810358652
"664","FI_Development","2020-03-27 00-29-31","Feb 2017","Equity","EQ_mid_cap",0.0094819908926071
"665","FI_Development","2020-03-27 00-29-31","Mar 2017","Equity","EQ_mid_cap",-0.0330724397820454
"666","FI_Development","2020-03-27 00-29-31","Apr 2017","Equity","EQ_mid_cap",0.014896734633283
"667","FI_Development","2020-03-27 00-29-31","May 2017","Equity","EQ_mid_cap",-0.0124786543877486
"668","FI_Development","2020-03-27 00-29-31","Jun 2017","Equity","EQ_mid_cap",0.0182629288840636
"669","FI_Development","2020-03-27 00-29-31","Jul 2017","Equity","EQ_mid_cap",-0.00449478796970531
"670","FI_Development","2020-03-27 00-29-31","Aug 2017","Equity","EQ_mid_cap",-0.02441850956515
"671","FI_Development","2020-03-27 00-29-31","Sep 2017","Equity","EQ_mid_cap",0.04941531863297
"672","FI_Development","2020-03-27 00-29-31","Oct 2017","Equity","EQ_mid_cap",-0.0117248888877962
"673","FI_Development","2020-03-27 00-29-31","Nov 2017","Equity","EQ_mid_cap",0.0144989714315313
"674","FI_Development","2020-03-27 00-29-31","Dec 2017","Equity","EQ_mid_cap",-0.0382838092504141
"675","FI_Development","2020-03-27 00-29-31","Jan 2018","Equity","EQ_mid_cap",0.0292095571981813
"676","FI_Development","2020-03-27 00-29-31","Feb 2018","Equity","EQ_mid_cap",-0.0721020945222882
"677","FI_Development","2020-03-27 00-29-31","Mar 2018","Equity","EQ_mid_cap",0.0516185545221788
"678","FI_Development","2020-03-27 00-29-31","Apr 2018","Equity","EQ_mid_cap",-0.0108506272718034
"679","FI_Development","2020-03-27 00-29-31","May 2018","Equity","EQ_mid_cap",0.0447729701328761
"680","FI_Development","2020-03-27 00-29-31","Jun 2018","Equity","EQ_mid_cap",-0.0398490868461734
"681","FI_Development","2020-03-27 00-29-31","Jul 2018","Equity","EQ_mid_cap",0.015687534140559
"682","FI_Development","2020-03-27 00-29-31","Aug 2018","Equity","EQ_mid_cap",0.0145868237622853
"683","FI_Development","2020-03-27 00-29-31","Sep 2018","Equity","EQ_mid_cap",-0.0451318843384356
"684","FI_Development","2020-03-27 00-29-31","Oct 2018","Equity","EQ_mid_cap",-0.0825883699470994
"685","FI_Development","2020-03-27 00-29-31","Nov 2018","Equity","EQ_mid_cap",0.127975259686645
"686","FI_Development","2020-03-27 00-29-31","Dec 2018","Equity","EQ_mid_cap",-0.148793887994931
"687","FI_Development","2020-03-27 00-29-31","Jan 2019","Equity","EQ_mid_cap",0.219728947422352
"688","FI_Development","2020-03-27 00-29-31","Feb 2019","Equity","EQ_mid_cap",-0.0595874845614128
"689","FI_Development","2020-03-27 00-29-31","Mar 2019","Equity","EQ_mid_cap",-0.0513290974288311
"690","FI_Development","2020-03-27 00-29-31","Apr 2019","Equity","EQ_mid_cap",0.0477625416516833
"691","FI_Development","2020-03-27 00-29-31","Aug 2013","Equity","EQ_small_cap",-0.0944262982339286
"692","FI_Development","2020-03-27 00-29-31","Sep 2013","Equity","EQ_small_cap",0.0846744230822267
"693","FI_Development","2020-03-27 00-29-31","Oct 2013","Equity","EQ_small_cap",-0.0181420575304612
"694","FI_Development","2020-03-27 00-29-31","Nov 2013","Equity","EQ_small_cap",7.21744951535028e-05
"695","FI_Development","2020-03-27 00-29-31","Dec 2013","Equity","EQ_small_cap",-0.0530276906046517
"696","FI_Development","2020-03-27 00-29-31","Jan 2014","Equity","EQ_small_cap",-0.0242898620314193
"697","FI_Development","2020-03-27 00-29-31","Feb 2014","Equity","EQ_small_cap",0.0739134256484163
"698","FI_Development","2020-03-27 00-29-31","Mar 2014","Equity","EQ_small_cap",-0.0271759963134396
"699","FI_Development","2020-03-27 00-29-31","Apr 2014","Equity","EQ_small_cap",-0.0401750136751733
"700","FI_Development","2020-03-27 00-29-31","May 2014","Equity","EQ_small_cap",0.0292699824303877
"701","FI_Development","2020-03-27 00-29-31","Jun 2014","Equity","EQ_small_cap",0.0436680224812412
"702","FI_Development","2020-03-27 00-29-31","Jul 2014","Equity","EQ_small_cap",-0.0969221876095875
"703","FI_Development","2020-03-27 00-29-31","Aug 2014","Equity","EQ_small_cap",0.0963585679861913
"704","FI_Development","2020-03-27 00-29-31","Sep 2014","Equity","EQ_small_cap",-0.096186634077782
"705","FI_Development","2020-03-27 00-29-31","Oct 2014","Equity","EQ_small_cap",0.121670648321511
"706","FI_Development","2020-03-27 00-29-31","Nov 2014","Equity","EQ_small_cap",-0.0619125806897436
"707","FI_Development","2020-03-27 00-29-31","Dec 2014","Equity","EQ_small_cap",-0.0172668235781692
"708","FI_Development","2020-03-27 00-29-31","Jan 2015","Equity","EQ_small_cap",-0.0228883284860287
"709","FI_Development","2020-03-27 00-29-31","Feb 2015","Equity","EQ_small_cap",0.0983311735842686
"710","FI_Development","2020-03-27 00-29-31","Mar 2015","Equity","EQ_small_cap",-0.05377277948149
"711","FI_Development","2020-03-27 00-29-31","Apr 2015","Equity","EQ_small_cap",-0.0364556256058412
"712","FI_Development","2020-03-27 00-29-31","May 2015","Equity","EQ_small_cap",0.0429465988436006
"713","FI_Development","2020-03-27 00-29-31","Jun 2015","Equity","EQ_small_cap",-0.0114325154318396
"714","FI_Development","2020-03-27 00-29-31","Jul 2015","Equity","EQ_small_cap",-0.0146107288750434
"715","FI_Development","2020-03-27 00-29-31","Aug 2015","Equity","EQ_small_cap",-0.0426033252005295
"716","FI_Development","2020-03-27 00-29-31","Sep 2015","Equity","EQ_small_cap",0.0080184694608716
"717","FI_Development","2020-03-27 00-29-31","Oct 2015","Equity","EQ_small_cap",0.108357957567533
"718","FI_Development","2020-03-27 00-29-31","Nov 2015","Equity","EQ_small_cap",-0.0362248003158969
"719","FI_Development","2020-03-27 00-29-31","Dec 2015","Equity","EQ_small_cap",-0.102690898021497
"720","FI_Development","2020-03-27 00-29-31","Jan 2016","Equity","EQ_small_cap",0.0126021005054759
"721","FI_Development","2020-03-27 00-29-31","Feb 2016","Equity","EQ_small_cap",0.0692818232379958
"722","FI_Development","2020-03-27 00-29-31","Mar 2016","Equity","EQ_small_cap",0.0724084700983256
"723","FI_Development","2020-03-27 00-29-31","Apr 2016","Equity","EQ_small_cap",-0.0700070280654741
"724","FI_Development","2020-03-27 00-29-31","May 2016","Equity","EQ_small_cap",0.0081034960188508
"725","FI_Development","2020-03-27 00-29-31","Jun 2016","Equity","EQ_small_cap",-0.0160792768933871
"726","FI_Development","2020-03-27 00-29-31","Jul 2016","Equity","EQ_small_cap",0.0470020431144095
"727","FI_Development","2020-03-27 00-29-31","Aug 2016","Equity","EQ_small_cap",-0.0354488772221767
"728","FI_Development","2020-03-27 00-29-31","Sep 2016","Equity","EQ_small_cap",-0.0106300895237993
"729","FI_Development","2020-03-27 00-29-31","Oct 2016","Equity","EQ_small_cap",-0.047707521974475
"730","FI_Development","2020-03-27 00-29-31","Nov 2016","Equity","EQ_small_cap",0.170180227808785
"731","FI_Development","2020-03-27 00-29-31","Dec 2016","Equity","EQ_small_cap",-0.11914224018489
"732","FI_Development","2020-03-27 00-29-31","Jan 2017","Equity","EQ_small_cap",-0.012955993082503
"733","FI_Development","2020-03-27 00-29-31","Feb 2017","Equity","EQ_small_cap",0.0233622805839159
"734","FI_Development","2020-03-27 00-29-31","Mar 2017","Equity","EQ_small_cap",-0.0240325340124027
"735","FI_Development","2020-03-27 00-29-31","Apr 2017","Equity","EQ_small_cap",0.0156159523109287
"736","FI_Development","2020-03-27 00-29-31","May 2017","Equity","EQ_small_cap",-0.0260645710536263
"737","FI_Development","2020-03-27 00-29-31","Jun 2017","Equity","EQ_small_cap",0.0415275703253665
"738","FI_Development","2020-03-27 00-29-31","Jul 2017","Equity","EQ_small_cap",-0.0134017768143515
"739","FI_Development","2020-03-27 00-29-31","Aug 2017","Equity","EQ_small_cap",-0.0359445025963314
"740","FI_Development","2020-03-27 00-29-31","Sep 2017","Equity","EQ_small_cap",0.0970853505738479
"741","FI_Development","2020-03-27 00-29-31","Oct 2017","Equity","EQ_small_cap",-0.0616393795340693
"742","FI_Development","2020-03-27 00-29-31","Nov 2017","Equity","EQ_small_cap",0.0265271368333519
"743","FI_Development","2020-03-27 00-29-31","Dec 2017","Equity","EQ_small_cap",-0.0607532655105432
"744","FI_Development","2020-03-27 00-29-31","Jan 2018","Equity","EQ_small_cap",0.0490375584520526
"745","FI_Development","2020-03-27 00-29-31","Feb 2018","Equity","EQ_small_cap",-0.0628126209628701
"746","FI_Development","2020-03-27 00-29-31","Mar 2018","Equity","EQ_small_cap",0.0513432384015661
"747","FI_Development","2020-03-27 00-29-31","Apr 2018","Equity","EQ_small_cap",-0.0012364671035027
"748","FI_Development","2020-03-27 00-29-31","May 2018","Equity","EQ_small_cap",0.0543637751469613
"749","FI_Development","2020-03-27 00-29-31","Jun 2018","Equity","EQ_small_cap",-0.0600171998642137
"750","FI_Development","2020-03-27 00-29-31","Jul 2018","Equity","EQ_small_cap",0.0246434368289053
"751","FI_Development","2020-03-27 00-29-31","Aug 2018","Equity","EQ_small_cap",0.0162094018864087
"752","FI_Development","2020-03-27 00-29-31","Sep 2018","Equity","EQ_small_cap",-0.0815285115308424
"753","FI_Development","2020-03-27 00-29-31","Oct 2018","Equity","EQ_small_cap",-0.0711526674742829
"754","FI_Development","2020-03-27 00-29-31","Nov 2018","Equity","EQ_small_cap",0.120621131439694
"755","FI_Development","2020-03-27 00-29-31","Dec 2018","Equity","EQ_small_cap",-0.141220499624297
"756","FI_Development","2020-03-27 00-29-31","Jan 2019","Equity","EQ_small_cap",0.231227038954883
"757","FI_Development","2020-03-27 00-29-31","Feb 2019","Equity","EQ_small_cap",-0.0619630814437074
"758","FI_Development","2020-03-27 00-29-31","Mar 2019","Equity","EQ_small_cap",-0.0800112314795814
"759","FI_Development","2020-03-27 00-29-31","Apr 2019","Equity","EQ_small_cap",0.0745196161825611
"760","FI_Development","2020-03-27 00-29-31","Aug 2013","Equity","EQ_deved_intl",-0.0642626243087113
"761","FI_Development","2020-03-27 00-29-31","Sep 2013","Equity","EQ_deved_intl",0.0820564855505709
"762","FI_Development","2020-03-27 00-29-31","Oct 2013","Equity","EQ_deved_intl",-0.0385872727848399
"763","FI_Development","2020-03-27 00-29-31","Nov 2013","Equity","EQ_deved_intl",-0.0272888012274116
"764","FI_Development","2020-03-27 00-29-31","Dec 2013","Equity","EQ_deved_intl",0.00514024264109273
"765","FI_Development","2020-03-27 00-29-31","Jan 2014","Equity","EQ_deved_intl",-0.0617892306977205
"766","FI_Development","2020-03-27 00-29-31","Feb 2014","Equity","EQ_deved_intl",0.111835163925067
"767","FI_Development","2020-03-27 00-29-31","Mar 2014","Equity","EQ_deved_intl",-0.0634197701934564
"768","FI_Development","2020-03-27 00-29-31","Apr 2014","Equity","EQ_deved_intl",0.018021875237855
"769","FI_Development","2020-03-27 00-29-31","May 2014","Equity","EQ_deved_intl",0.0034778241111723
"770","FI_Development","2020-03-27 00-29-31","Jun 2014","Equity","EQ_deved_intl",-0.0214025259172267
"771","FI_Development","2020-03-27 00-29-31","Jul 2014","Equity","EQ_deved_intl",-0.0185171311084258
"772","FI_Development","2020-03-27 00-29-31","Aug 2014","Equity","EQ_deved_intl",0.0245136742823458
"773","FI_Development","2020-03-27 00-29-31","Sep 2014","Equity","EQ_deved_intl",-0.0468401353172579
"774","FI_Development","2020-03-27 00-29-31","Oct 2014","Equity","EQ_deved_intl",0.0392026072685852
"775","FI_Development","2020-03-27 00-29-31","Nov 2014","Equity","EQ_deved_intl",0.00280942683374913
"776","FI_Development","2020-03-27 00-29-31","Dec 2014","Equity","EQ_deved_intl",-0.0429580235680063
"777","FI_Development","2020-03-27 00-29-31","Jan 2015","Equity","EQ_deved_intl",0.0454551692921233
"778","FI_Development","2020-03-27 00-29-31","Feb 2015","Equity","EQ_deved_intl",0.06131535795347
"779","FI_Development","2020-03-27 00-29-31","Mar 2015","Equity","EQ_deved_intl",-0.0735877001951175
"780","FI_Development","2020-03-27 00-29-31","Apr 2015","Equity","EQ_deved_intl",0.0533458660180617
"781","FI_Development","2020-03-27 00-29-31","May 2015","Equity","EQ_deved_intl",-0.0434860873148408
"782","FI_Development","2020-03-27 00-29-31","Jun 2015","Equity","EQ_deved_intl",-0.0395406083496794
"783","FI_Development","2020-03-27 00-29-31","Jul 2015","Equity","EQ_deved_intl",0.0508274414171057
"784","FI_Development","2020-03-27 00-29-31","Aug 2015","Equity","EQ_deved_intl",-0.0786610649937163
"785","FI_Development","2020-03-27 00-29-31","Sep 2015","Equity","EQ_deved_intl",0.0285214473440738
"786","FI_Development","2020-03-27 00-29-31","Oct 2015","Equity","EQ_deved_intl",0.106428539716485
"787","FI_Development","2020-03-27 00-29-31","Nov 2015","Equity","EQ_deved_intl",-0.0755386809344514
"788","FI_Development","2020-03-27 00-29-31","Dec 2015","Equity","EQ_deved_intl",-0.0262986170163389
"789","FI_Development","2020-03-27 00-29-31","Jan 2016","Equity","EQ_deved_intl",-0.0238917767792777
"790","FI_Development","2020-03-27 00-29-31","Feb 2016","Equity","EQ_deved_intl",0.0358139716405187
"791","FI_Development","2020-03-27 00-29-31","Mar 2016","Equity","EQ_deved_intl",0.0963834649169956
"792","FI_Development","2020-03-27 00-29-31","Apr 2016","Equity","EQ_deved_intl",-0.0471118733380121
"793","FI_Development","2020-03-27 00-29-31","May 2016","Equity","EQ_deved_intl",-0.0283610108180053
"794","FI_Development","2020-03-27 00-29-31","Jun 2016","Equity","EQ_deved_intl",-0.0321203584520876
"795","FI_Development","2020-03-27 00-29-31","Jul 2016","Equity","EQ_deved_intl",0.0765045428553917
"796","FI_Development","2020-03-27 00-29-31","Aug 2016","Equity","EQ_deved_intl",-0.036290362139667
"797","FI_Development","2020-03-27 00-29-31","Sep 2016","Equity","EQ_deved_intl",0.0107190293814769
"798","FI_Development","2020-03-27 00-29-31","Oct 2016","Equity","EQ_deved_intl",-0.0380103638049419
"799","FI_Development","2020-03-27 00-29-31","Nov 2016","Equity","EQ_deved_intl",0.0091378731653624
"800","FI_Development","2020-03-27 00-29-31","Dec 2016","Equity","EQ_deved_intl",0.0205825532363019
"801","FI_Development","2020-03-27 00-29-31","Jan 2017","Equity","EQ_deved_intl",0.0287443332557413
"802","FI_Development","2020-03-27 00-29-31","Feb 2017","Equity","EQ_deved_intl",-0.0237766276138984
"803","FI_Development","2020-03-27 00-29-31","Mar 2017","Equity","EQ_deved_intl",0.0173033500764863
"804","FI_Development","2020-03-27 00-29-31","Apr 2017","Equity","EQ_deved_intl",-0.0087690672903963
"805","FI_Development","2020-03-27 00-29-31","May 2017","Equity","EQ_deved_intl",0.0154871202871925
"806","FI_Development","2020-03-27 00-29-31","Jun 2017","Equity","EQ_deved_intl",-0.0425226918235774
"807","FI_Development","2020-03-27 00-29-31","Jul 2017","Equity","EQ_deved_intl",0.034286707169682
"808","FI_Development","2020-03-27 00-29-31","Aug 2017","Equity","EQ_deved_intl",-0.0301444640561808
"809","FI_Development","2020-03-27 00-29-31","Sep 2017","Equity","EQ_deved_intl",0.0291207000411827
"810","FI_Development","2020-03-27 00-29-31","Oct 2017","Equity","EQ_deved_intl",-0.0101540634441181
"811","FI_Development","2020-03-27 00-29-31","Nov 2017","Equity","EQ_deved_intl",-0.00828991661112216
"812","FI_Development","2020-03-27 00-29-31","Dec 2017","Equity","EQ_deved_intl",-6.89908732454201e-05
"813","FI_Development","2020-03-27 00-29-31","Jan 2018","Equity","EQ_deved_intl",0.0396798054625275
"814","FI_Development","2020-03-27 00-29-31","Feb 2018","Equity","EQ_deved_intl",-0.0979194816537768
"815","FI_Development","2020-03-27 00-29-31","Mar 2018","Equity","EQ_deved_intl",0.0458508497581048
"816","FI_Development","2020-03-27 00-29-31","Apr 2018","Equity","EQ_deved_intl",0.0181185020764186
"817","FI_Development","2020-03-27 00-29-31","May 2018","Equity","EQ_deved_intl",-0.0303157112549661
"818","FI_Development","2020-03-27 00-29-31","Jun 2018","Equity","EQ_deved_intl",-0.0139867145300878
"819","FI_Development","2020-03-27 00-29-31","Jul 2018","Equity","EQ_deved_intl",0.051684576355662
"820","FI_Development","2020-03-27 00-29-31","Aug 2018","Equity","EQ_deved_intl",-0.0381286641443263
"821","FI_Development","2020-03-27 00-29-31","Sep 2018","Equity","EQ_deved_intl",0.0246082052891698
"822","FI_Development","2020-03-27 00-29-31","Oct 2018","Equity","EQ_deved_intl",-0.0959339178767081
"823","FI_Development","2020-03-27 00-29-31","Nov 2018","Equity","EQ_deved_intl",0.0969823106831346
"824","FI_Development","2020-03-27 00-29-31","Dec 2018","Equity","EQ_deved_intl",-0.0746105773441029
"825","FI_Development","2020-03-27 00-29-31","Jan 2019","Equity","EQ_deved_intl",0.141693457416105
"826","FI_Development","2020-03-27 00-29-31","Feb 2019","Equity","EQ_deved_intl",-0.0538559924674574
"827","FI_Development","2020-03-27 00-29-31","Mar 2019","Equity","EQ_deved_intl",-0.0180112730742416
"828","FI_Development","2020-03-27 00-29-31","Apr 2019","Equity","EQ_deved_intl",0.0229204729784821
"829","FI_Development","2020-03-27 00-29-31","Aug 2013","Equity","EQ_deving_intl",-0.0593816819212574
"830","FI_Development","2020-03-27 00-29-31","Sep 2013","Equity","EQ_deving_intl",0.109170153655329
"831","FI_Development","2020-03-27 00-29-31","Oct 2013","Equity","EQ_deving_intl",-0.0290799759812548
"832","FI_Development","2020-03-27 00-29-31","Nov 2013","Equity","EQ_deving_intl",-0.0573921793995527
"833","FI_Development","2020-03-27 00-29-31","Dec 2013","Equity","EQ_deving_intl",0.00720233712069137
"834","FI_Development","2020-03-27 00-29-31","Jan 2014","Equity","EQ_deving_intl",-0.0741160207976445
"835","FI_Development","2020-03-27 00-29-31","Feb 2014","Equity","EQ_deving_intl",0.107851859163553
"836","FI_Development","2020-03-27 00-29-31","Mar 2014","Equity","EQ_deving_intl",0.008902702163758
"837","FI_Development","2020-03-27 00-29-31","Apr 2014","Equity","EQ_deving_intl",-0.0295419689859331
"838","FI_Development","2020-03-27 00-29-31","May 2014","Equity","EQ_deving_intl",0.0253337896131367
"839","FI_Development","2020-03-27 00-29-31","Jun 2014","Equity","EQ_deving_intl",-0.0058755561520799
"840","FI_Development","2020-03-27 00-29-31","Jul 2014","Equity","EQ_deving_intl",-0.0117752658207922
"841","FI_Development","2020-03-27 00-29-31","Aug 2014","Equity","EQ_deving_intl",0.0216377600322012
"842","FI_Development","2020-03-27 00-29-31","Sep 2014","Equity","EQ_deving_intl",-0.101786010381709
"843","FI_Development","2020-03-27 00-29-31","Oct 2014","Equity","EQ_deving_intl",0.0840136107254619
"844","FI_Development","2020-03-27 00-29-31","Nov 2014","Equity","EQ_deving_intl",-0.0342999759233216
"845","FI_Development","2020-03-27 00-29-31","Dec 2014","Equity","EQ_deving_intl",-0.0417966352107873
"846","FI_Development","2020-03-27 00-29-31","Jan 2015","Equity","EQ_deving_intl",0.0611071884836578
"847","FI_Development","2020-03-27 00-29-31","Feb 2015","Equity","EQ_deving_intl",0.0389909652688046
"848","FI_Development","2020-03-27 00-29-31","Mar 2015","Equity","EQ_deving_intl",-0.0660695451559616
"849","FI_Development","2020-03-27 00-29-31","Apr 2015","Equity","EQ_deving_intl",0.0948914876117757
"850","FI_Development","2020-03-27 00-29-31","May 2015","Equity","EQ_deving_intl",-0.100829166854544
"851","FI_Development","2020-03-27 00-29-31","Jun 2015","Equity","EQ_deving_intl",-0.005828707961033
"852","FI_Development","2020-03-27 00-29-31","Jul 2015","Equity","EQ_deving_intl",-0.0306127922353765
"853","FI_Development","2020-03-27 00-29-31","Aug 2015","Equity","EQ_deving_intl",-0.0322089743071511
"854","FI_Development","2020-03-27 00-29-31","Sep 2015","Equity","EQ_deving_intl",0.063384139914221
"855","FI_Development","2020-03-27 00-29-31","Oct 2015","Equity","EQ_deving_intl",0.102535555649952
"856","FI_Development","2020-03-27 00-29-31","Nov 2015","Equity","EQ_deving_intl",-0.0936365237147107
"857","FI_Development","2020-03-27 00-29-31","Dec 2015","Equity","EQ_deving_intl",-0.0193810011119011
"858","FI_Development","2020-03-27 00-29-31","Jan 2016","Equity","EQ_deving_intl",-0.0153794332667576
"859","FI_Development","2020-03-27 00-29-31","Feb 2016","Equity","EQ_deving_intl",0.0600751598576059
"860","FI_Development","2020-03-27 00-29-31","Mar 2016","Equity","EQ_deving_intl",0.119198401657252
"861","FI_Development","2020-03-27 00-29-31","Apr 2016","Equity","EQ_deving_intl",-0.104900802635841
"862","FI_Development","2020-03-27 00-29-31","May 2016","Equity","EQ_deving_intl",-0.0450712599065296
"863","FI_Development","2020-03-27 00-29-31","Jun 2016","Equity","EQ_deving_intl",0.0648568638889353
"864","FI_Development","2020-03-27 00-29-31","Jul 2016","Equity","EQ_deving_intl",0.0147416331559499
"865","FI_Development","2020-03-27 00-29-31","Aug 2016","Equity","EQ_deving_intl",-0.0295320031329934
"866","FI_Development","2020-03-27 00-29-31","Sep 2016","Equity","EQ_deving_intl",0.0018404978437838
"867","FI_Development","2020-03-27 00-29-31","Oct 2016","Equity","EQ_deving_intl",-0.0159375914319975
"868","FI_Development","2020-03-27 00-29-31","Nov 2016","Equity","EQ_deving_intl",-0.0521008758469839
"869","FI_Development","2020-03-27 00-29-31","Dec 2016","Equity","EQ_deving_intl",0.0350703247862015
"870","FI_Development","2020-03-27 00-29-31","Jan 2017","Equity","EQ_deving_intl",0.0714265217723852
"871","FI_Development","2020-03-27 00-29-31","Feb 2017","Equity","EQ_deving_intl",-0.0278659683561455
"872","FI_Development","2020-03-27 00-29-31","Mar 2017","Equity","EQ_deving_intl",-0.0059053915995187
"873","FI_Development","2020-03-27 00-29-31","Apr 2017","Equity","EQ_deving_intl",-0.0095139107289297
"874","FI_Development","2020-03-27 00-29-31","May 2017","Equity","EQ_deving_intl",0.000978619476366099
"875","FI_Development","2020-03-27 00-29-31","Jun 2017","Equity","EQ_deving_intl",-0.0118974039373788
"876","FI_Development","2020-03-27 00-29-31","Jul 2017","Equity","EQ_deving_intl",0.0513189453605065
"877","FI_Development","2020-03-27 00-29-31","Aug 2017","Equity","EQ_deving_intl",-0.0209084557903211
"878","FI_Development","2020-03-27 00-29-31","Sep 2017","Equity","EQ_deving_intl",-0.0406055402871742
"879","FI_Development","2020-03-27 00-29-31","Oct 2017","Equity","EQ_deving_intl",0.0296399865776423
"880","FI_Development","2020-03-27 00-29-31","Nov 2017","Equity","EQ_deving_intl",-0.0222686173241814
"881","FI_Development","2020-03-27 00-29-31","Dec 2017","Equity","EQ_deving_intl",0.0233824342526618
"882","FI_Development","2020-03-27 00-29-31","Jan 2018","Equity","EQ_deving_intl",0.0638463189828589
"883","FI_Development","2020-03-27 00-29-31","Feb 2018","Equity","EQ_deving_intl",-0.136544782109284
"884","FI_Development","2020-03-27 00-29-31","Mar 2018","Equity","EQ_deving_intl",0.0395850698167535
"885","FI_Development","2020-03-27 00-29-31","Apr 2018","Equity","EQ_deving_intl",-0.0234674487456353
"886","FI_Development","2020-03-27 00-29-31","May 2018","Equity","EQ_deving_intl",0.0050452311362468
"887","FI_Development","2020-03-27 00-29-31","Jun 2018","Equity","EQ_deving_intl",-0.0211845786683199
"888","FI_Development","2020-03-27 00-29-31","Jul 2018","Equity","EQ_deving_intl",0.0836851039694051
"889","FI_Development","2020-03-27 00-29-31","Aug 2018","Equity","EQ_deving_intl",-0.074995612428029
"890","FI_Development","2020-03-27 00-29-31","Sep 2018","Equity","EQ_deving_intl",0.0274198123164881
"891","FI_Development","2020-03-27 00-29-31","Oct 2018","Equity","EQ_deving_intl",-0.0630009021166807
"892","FI_Development","2020-03-27 00-29-31","Nov 2018","Equity","EQ_deving_intl",0.124616793909037
"893","FI_Development","2020-03-27 00-29-31","Dec 2018","Equity","EQ_deving_intl",-0.0954068920248656
"894","FI_Development","2020-03-27 00-29-31","Jan 2019","Equity","EQ_deving_intl",0.140352479514928
"895","FI_Development","2020-03-27 00-29-31","Feb 2019","Equity","EQ_deving_intl",-0.104797196066209
"896","FI_Development","2020-03-27 00-29-31","Mar 2019","Equity","EQ_deving_intl",0.0275321485787056
"897","FI_Development","2020-03-27 00-29-31","Apr 2019","Equity","EQ_deving_intl",0.0013517664613655
"898","FI_Development","2020-03-27 00-29-31","Aug 2013","Commodity","CO_oil1",-0.0436715574031564
"899","FI_Development","2020-03-27 00-29-31","Sep 2013","Commodity","CO_oil1",-0.0117045573865363
"900","FI_Development","2020-03-27 00-29-31","Oct 2013","Commodity","CO_oil1",-0.0113059599496959
"901","FI_Development","2020-03-27 00-29-31","Nov 2013","Commodity","CO_oil1",0.0023829923407796
"902","FI_Development","2020-03-27 00-29-31","Dec 2013","Commodity","CO_oil1",0.0481187594936335
"903","FI_Development","2020-03-27 00-29-31","Jan 2014","Commodity","CO_oil1",-0.0658918106978501
"904","FI_Development","2020-03-27 00-29-31","Feb 2014","Commodity","CO_oil1",0.0954512131579167
"905","FI_Development","2020-03-27 00-29-31","Mar 2014","Commodity","CO_oil1",-0.0668953394526412
"906","FI_Development","2020-03-27 00-29-31","Apr 2014","Commodity","CO_oil1",-0.00454348032756386
"907","FI_Development","2020-03-27 00-29-31","May 2014","Commodity","CO_oil1",0.0410789718679922
"908","FI_Development","2020-03-27 00-29-31","Jun 2014","Commodity","CO_oil1",0.0082849582015306
"909","FI_Development","2020-03-27 00-29-31","Jul 2014","Commodity","CO_oil1",-0.104241504669257
"910","FI_Development","2020-03-27 00-29-31","Aug 2014","Commodity","CO_oil1",0.043167102379849
"911","FI_Development","2020-03-27 00-29-31","Sep 2014","Commodity","CO_oil1",-0.0274173070081387
"912","FI_Development","2020-03-27 00-29-31","Oct 2014","Commodity","CO_oil1",-0.0640173389965026
"913","FI_Development","2020-03-27 00-29-31","Nov 2014","Commodity","CO_oil1",-0.062893720399576
"914","FI_Development","2020-03-27 00-29-31","Dec 2014","Commodity","CO_oil1",-0.044546371061418
"915","FI_Development","2020-03-27 00-29-31","Jan 2015","Commodity","CO_oil1",0.083691699094798
"916","FI_Development","2020-03-27 00-29-31","Feb 2015","Commodity","CO_oil1",0.206639729883929
"917","FI_Development","2020-03-27 00-29-31","Mar 2015","Commodity","CO_oil1",-0.152077731372886
"918","FI_Development","2020-03-27 00-29-31","Apr 2015","Commodity","CO_oil1",0.203200061613701
"919","FI_Development","2020-03-27 00-29-31","May 2015","Commodity","CO_oil1",-0.154263490938
"920","FI_Development","2020-03-27 00-29-31","Jun 2015","Commodity","CO_oil1",0.0194875425245314
"921","FI_Development","2020-03-27 00-29-31","Jul 2015","Commodity","CO_oil1",-0.163104775004182
"922","FI_Development","2020-03-27 00-29-31","Aug 2015","Commodity","CO_oil1",0.201576249659802
"923","FI_Development","2020-03-27 00-29-31","Sep 2015","Commodity","CO_oil1",-0.115860074696446
"924","FI_Development","2020-03-27 00-29-31","Oct 2015","Commodity","CO_oil1",0.10803193921201
"925","FI_Development","2020-03-27 00-29-31","Nov 2015","Commodity","CO_oil1",-0.118643217417415
"926","FI_Development","2020-03-27 00-29-31","Dec 2015","Commodity","CO_oil1",-0.0373013922135682
"927","FI_Development","2020-03-27 00-29-31","Jan 2016","Commodity","CO_oil1",0.01877713573413
"928","FI_Development","2020-03-27 00-29-31","Feb 2016","Commodity","CO_oil1",0.038522099447514
"929","FI_Development","2020-03-27 00-29-31","Mar 2016","Commodity","CO_oil1",0.130345528455284
"930","FI_Development","2020-03-27 00-29-31","Apr 2016","Commodity","CO_oil1",0.0539755783658225
"931","FI_Development","2020-03-27 00-29-31","May 2016","Commodity","CO_oil1",-0.0533327347280836
"932","FI_Development","2020-03-27 00-29-31","Jun 2016","Commodity","CO_oil1",-0.0424508444992045
"933","FI_Development","2020-03-27 00-29-31","Jul 2016","Commodity","CO_oil1",-0.13112486383836
"934","FI_Development","2020-03-27 00-29-31","Aug 2016","Commodity","CO_oil1",0.165993043440571
"935","FI_Development","2020-03-27 00-29-31","Sep 2016","Commodity","CO_oil1",0.0062888361017164
"936","FI_Development","2020-03-27 00-29-31","Oct 2016","Commodity","CO_oil1",-0.0860164147746344
"937","FI_Development","2020-03-27 00-29-31","Nov 2016","Commodity","CO_oil1",0.0839969006484169
"938","FI_Development","2020-03-27 00-29-31","Dec 2016","Commodity","CO_oil1",0.0253805263840269
"939","FI_Development","2020-03-27 00-29-31","Jan 2017","Commodity","CO_oil1",-0.109646464646465
"940","FI_Development","2020-03-27 00-29-31","Feb 2017","Commodity","CO_oil1",0.029812834224599
"941","FI_Development","2020-03-27 00-29-31","Mar 2017","Commodity","CO_oil1",-0.0515758456492647
"942","FI_Development","2020-03-27 00-29-31","Apr 2017","Commodity","CO_oil1",0.0274125098216044
"943","FI_Development","2020-03-27 00-29-31","May 2017","Commodity","CO_oil1",-0.0008325939898704
"944","FI_Development","2020-03-27 00-29-31","Jun 2017","Commodity","CO_oil1",0.0027360070963862
"945","FI_Development","2020-03-27 00-29-31","Jul 2017","Commodity","CO_oil1",0.0847783941178138
"946","FI_Development","2020-03-27 00-29-31","Aug 2017","Commodity","CO_oil1",-0.0828305604647853
"947","FI_Development","2020-03-27 00-29-31","Sep 2017","Commodity","CO_oil1",0.0798122527699602
"948","FI_Development","2020-03-27 00-29-31","Oct 2017","Commodity","CO_oil1",-0.0040275495863872
"949","FI_Development","2020-03-27 00-29-31","Nov 2017","Commodity","CO_oil1",-0.0035754916300993
"950","FI_Development","2020-03-27 00-29-31","Dec 2017","Commodity","CO_oil1",0.0009346713892169
"951","FI_Development","2020-03-27 00-29-31","Jan 2018","Commodity","CO_oil1",0.0312492366567602
"952","FI_Development","2020-03-27 00-29-31","Feb 2018","Commodity","CO_oil1",-0.122686167343857
"953","FI_Development","2020-03-27 00-29-31","Mar 2018","Commodity","CO_oil1",0.107706853242226
"954","FI_Development","2020-03-27 00-29-31","Apr 2018","Commodity","CO_oil1",-0.00663205696178219
"955","FI_Development","2020-03-27 00-29-31","May 2018","Commodity","CO_oil1",-0.0497313477149787
"956","FI_Development","2020-03-27 00-29-31","Jun 2018","Commodity","CO_oil1",0.0368417765361861
"957","FI_Development","2020-03-27 00-29-31","Jul 2018","Commodity","CO_oil1",-0.0653662188802828
"958","FI_Development","2020-03-27 00-29-31","Aug 2018","Commodity","CO_oil1",0.0552812406744991
"959","FI_Development","2020-03-27 00-29-31","Sep 2018","Commodity","CO_oil1",0.0312386609854964
"960","FI_Development","2020-03-27 00-29-31","Oct 2018","Commodity","CO_oil1",-0.163636705104609
"961","FI_Development","2020-03-27 00-29-31","Nov 2018","Commodity","CO_oil1",-0.123854323883461
"962","FI_Development","2020-03-27 00-29-31","Dec 2018","Commodity","CO_oil1",0.114495248397352
"963","FI_Development","2020-03-27 00-29-31","Jan 2019","Commodity","CO_oil1",0.277732528307903
"964","FI_Development","2020-03-27 00-29-31","Feb 2019","Commodity","CO_oil1",-0.128853734242298
"965","FI_Development","2020-03-27 00-29-31","Mar 2019","Commodity","CO_oil1",-0.0258977038747114
"966","FI_Development","2020-03-27 00-29-31","Apr 2019","Commodity","CO_oil1",0.0225694604199372
"967","FI_Development","2020-03-27 00-29-31","Aug 2013","Commodity","CO_oil2",-0.0630583337650866
"968","FI_Development","2020-03-27 00-29-31","Sep 2013","Commodity","CO_oil2",-0.0723382784894688
"969","FI_Development","2020-03-27 00-29-31","Oct 2013","Commodity","CO_oil2",-0.0162562675643844
"970","FI_Development","2020-03-27 00-29-31","Nov 2013","Commodity","CO_oil2",0.023159081870078
"971","FI_Development","2020-03-27 00-29-31","Dec 2013","Commodity","CO_oil2",0.0910456992785413
"972","FI_Development","2020-03-27 00-29-31","Jan 2014","Commodity","CO_oil2",-0.0703113593684284
"973","FI_Development","2020-03-27 00-29-31","Feb 2014","Commodity","CO_oil2",0.0704697793645223
"974","FI_Development","2020-03-27 00-29-31","Mar 2014","Commodity","CO_oil2",-0.0598300120636388
"975","FI_Development","2020-03-27 00-29-31","Apr 2014","Commodity","CO_oil2",-0.00329626750036375
"976","FI_Development","2020-03-27 00-29-31","May 2014","Commodity","CO_oil2",0.0448239992390979
"977","FI_Development","2020-03-27 00-29-31","Jun 2014","Commodity","CO_oil2",-0.0055977736234649
"978","FI_Development","2020-03-27 00-29-31","Jul 2014","Commodity","CO_oil2",-0.0976908057230721
"979","FI_Development","2020-03-27 00-29-31","Aug 2014","Commodity","CO_oil2",0.0504250881571098
"980","FI_Development","2020-03-27 00-29-31","Sep 2014","Commodity","CO_oil2",-0.0223330667666035
"981","FI_Development","2020-03-27 00-29-31","Oct 2014","Commodity","CO_oil2",-0.0721001922971351
"982","FI_Development","2020-03-27 00-29-31","Nov 2014","Commodity","CO_oil2",-0.055019197865091
"983","FI_Development","2020-03-27 00-29-31","Dec 2014","Commodity","CO_oil2",-0.039194623019023
"984","FI_Development","2020-03-27 00-29-31","Jan 2015","Commodity","CO_oil2",0.079311173795871
"985","FI_Development","2020-03-27 00-29-31","Feb 2015","Commodity","CO_oil2",0.140467145800053
"986","FI_Development","2020-03-27 00-29-31","Mar 2015","Commodity","CO_oil2",-0.0853259420478575
"987","FI_Development","2020-03-27 00-29-31","Apr 2015","Commodity","CO_oil2",0.287546751354969
"988","FI_Development","2020-03-27 00-29-31","May 2015","Commodity","CO_oil2",-0.227684881252526
"989","FI_Development","2020-03-27 00-29-31","Jun 2015","Commodity","CO_oil2",-0.011420448010096
"990","FI_Development","2020-03-27 00-29-31","Jul 2015","Commodity","CO_oil2",-0.194622891588564
"991","FI_Development","2020-03-27 00-29-31","Aug 2015","Commodity","CO_oil2",0.235037833718927
"992","FI_Development","2020-03-27 00-29-31","Sep 2015","Commodity","CO_oil2",-0.0953916256366433
"993","FI_Development","2020-03-27 00-29-31","Oct 2015","Commodity","CO_oil2",0.0850041069135045
"994","FI_Development","2020-03-27 00-29-31","Nov 2015","Commodity","CO_oil2",-0.135796841739233
"995","FI_Development","2020-03-27 00-29-31","Dec 2015","Commodity","CO_oil2",-0.022324018647128
"996","FI_Development","2020-03-27 00-29-31","Jan 2016","Commodity","CO_oil2",0.026538001828025
"997","FI_Development","2020-03-27 00-29-31","Feb 2016","Commodity","CO_oil2",0.0553697597739051
"998","FI_Development","2020-03-27 00-29-31","Mar 2016","Commodity","CO_oil2",0.145135290731146
"999","FI_Development","2020-03-27 00-29-31","Apr 2016","Commodity","CO_oil2",0.0871706758304703
"1000","FI_Development","2020-03-27 00-29-31","May 2016","Commodity","CO_oil2",-0.114505975732142
"1001","FI_Development","2020-03-27 00-29-31","Jun 2016","Commodity","CO_oil2",-0.07571627737063
"1002","FI_Development","2020-03-27 00-29-31","Jul 2016","Commodity","CO_oil2",-0.131165267056902
"1003","FI_Development","2020-03-27 00-29-31","Aug 2016","Commodity","CO_oil2",0.217914476387492
"1004","FI_Development","2020-03-27 00-29-31","Sep 2016","Commodity","CO_oil2",-0.0064561048167605
"1005","FI_Development","2020-03-27 00-29-31","Oct 2016","Commodity","CO_oil2",-0.0916158283495887
"1006","FI_Development","2020-03-27 00-29-31","Nov 2016","Commodity","CO_oil2",0.0745832279836551
"1007","FI_Development","2020-03-27 00-29-31","Dec 2016","Commodity","CO_oil2",0.0342914289239388
"1008","FI_Development","2020-03-27 00-29-31","Jan 2017","Commodity","CO_oil2",-0.106407826410075
"1009","FI_Development","2020-03-27 00-29-31","Feb 2017","Commodity","CO_oil2",0.0456137917726937
"1010","FI_Development","2020-03-27 00-29-31","Mar 2017","Commodity","CO_oil2",-0.0822264570185317
"1011","FI_Development","2020-03-27 00-29-31","Apr 2017","Commodity","CO_oil2",0.0331483731161965
"1012","FI_Development","2020-03-27 00-29-31","May 2017","Commodity","CO_oil2",0.0102502349624061
"1013","FI_Development","2020-03-27 00-29-31","Jun 2017","Commodity","CO_oil2",-0.0188409889558235
"1014","FI_Development","2020-03-27 00-29-31","Jul 2017","Commodity","CO_oil2",0.128290002113718
"1015","FI_Development","2020-03-27 00-29-31","Aug 2017","Commodity","CO_oil2",-0.14533483514233
"1016","FI_Development","2020-03-27 00-29-31","Sep 2017","Commodity","CO_oil2",0.146303299917977
"1017","FI_Development","2020-03-27 00-29-31","Oct 2017","Commodity","CO_oil2",-0.0351350893908755
"1018","FI_Development","2020-03-27 00-29-31","Nov 2017","Commodity","CO_oil2",0.0014666679532176
"1019","FI_Development","2020-03-27 00-29-31","Dec 2017","Commodity","CO_oil2",-0.002325969093965
"1020","FI_Development","2020-03-27 00-29-31","Jan 2018","Commodity","CO_oil2",0.0336866909078239
"1021","FI_Development","2020-03-27 00-29-31","Feb 2018","Commodity","CO_oil2",-0.127761405813594
"1022","FI_Development","2020-03-27 00-29-31","Mar 2018","Commodity","CO_oil2",0.105200712992939
"1023","FI_Development","2020-03-27 00-29-31","Apr 2018","Commodity","CO_oil2",-0.003965457719797
"1024","FI_Development","2020-03-27 00-29-31","May 2018","Commodity","CO_oil2",-0.0723558197982751
"1025","FI_Development","2020-03-27 00-29-31","Jun 2018","Commodity","CO_oil2",0.129555056420129
"1026","FI_Development","2020-03-27 00-29-31","Jul 2018","Commodity","CO_oil2",-0.163231943076403
"1027","FI_Development","2020-03-27 00-29-31","Aug 2018","Commodity","CO_oil2",0.0819048735031863
"1028","FI_Development","2020-03-27 00-29-31","Sep 2018","Commodity","CO_oil2",0.0249525370991358
"1029","FI_Development","2020-03-27 00-29-31","Oct 2018","Commodity","CO_oil2",-0.166533654082011
"1030","FI_Development","2020-03-27 00-29-31","Nov 2018","Commodity","CO_oil2",-0.110430855318736
"1031","FI_Development","2020-03-27 00-29-31","Dec 2018","Commodity","CO_oil2",0.122179517418446
"1032","FI_Development","2020-03-27 00-29-31","Jan 2019","Commodity","CO_oil2",0.274668650230869
"1033","FI_Development","2020-03-27 00-29-31","Feb 2019","Commodity","CO_oil2",-0.122084804042283
"1034","FI_Development","2020-03-27 00-29-31","Mar 2019","Commodity","CO_oil2",-0.0068383315208375
"1035","FI_Development","2020-03-27 00-29-31","Apr 2019","Commodity","CO_oil2",0.0171748953974894
"1036","FI_Development","2020-03-27 00-29-31","Aug 2013","Commodity","CO_nat_gas",0.0796873336919315
"1037","FI_Development","2020-03-27 00-29-31","Sep 2013","Commodity","CO_nat_gas",-0.0759933100914311
"1038","FI_Development","2020-03-27 00-29-31","Oct 2013","Commodity","CO_nat_gas",0.0074568430520433
"1039","FI_Development","2020-03-27 00-29-31","Nov 2013","Commodity","CO_nat_gas",0.10555827341852
"1040","FI_Development","2020-03-27 00-29-31","Dec 2013","Commodity","CO_nat_gas",0.00275889154601319
"1041","FI_Development","2020-03-27 00-29-31","Jan 2014","Commodity","CO_nat_gas",0.0882626969435975
"1042","FI_Development","2020-03-27 00-29-31","Feb 2014","Commodity","CO_nat_gas",-0.113676370751188
"1043","FI_Development","2020-03-27 00-29-31","Mar 2014","Commodity","CO_nat_gas",-0.0977324862886743
"1044","FI_Development","2020-03-27 00-29-31","Apr 2014","Commodity","CO_nat_gas",0.129951907719128
"1045","FI_Development","2020-03-27 00-29-31","May 2014","Commodity","CO_nat_gas",-0.138070959077367
"1046","FI_Development","2020-03-27 00-29-31","Jun 2014","Commodity","CO_nat_gas",0.027037869544769
"1047","FI_Development","2020-03-27 00-29-31","Jul 2014","Commodity","CO_nat_gas",-0.118466886850888
"1048","FI_Development","2020-03-27 00-29-31","Aug 2014","Commodity","CO_nat_gas",0.197252710038869
"1049","FI_Development","2020-03-27 00-29-31","Sep 2014","Commodity","CO_nat_gas",-0.0617148233342449
"1050","FI_Development","2020-03-27 00-29-31","Oct 2014","Commodity","CO_nat_gas",-0.0760294319437279
"1051","FI_Development","2020-03-27 00-29-31","Nov 2014","Commodity","CO_nat_gas",0.131091410069987
"1052","FI_Development","2020-03-27 00-29-31","Dec 2014","Commodity","CO_nat_gas",-0.353591538734698
"1053","FI_Development","2020-03-27 00-29-31","Jan 2015","Commodity","CO_nat_gas",0.23079277469958
"1054","FI_Development","2020-03-27 00-29-31","Feb 2015","Commodity","CO_nat_gas",0.0795960030561822
"1055","FI_Development","2020-03-27 00-29-31","Mar 2015","Commodity","CO_nat_gas",-0.0415107865339224
"1056","FI_Development","2020-03-27 00-29-31","Apr 2015","Commodity","CO_nat_gas",0.0530064359497286
"1057","FI_Development","2020-03-27 00-29-31","May 2015","Commodity","CO_nat_gas",-0.0604499143760071
"1058","FI_Development","2020-03-27 00-29-31","Jun 2015","Commodity","CO_nat_gas",0.0974466734437761
"1059","FI_Development","2020-03-27 00-29-31","Jul 2015","Commodity","CO_nat_gas",-0.0919612105181029
"1060","FI_Development","2020-03-27 00-29-31","Aug 2015","Commodity","CO_nat_gas",0.0122744792513295
"1061","FI_Development","2020-03-27 00-29-31","Sep 2015","Commodity","CO_nat_gas",-0.0597531345393658
"1062","FI_Development","2020-03-27 00-29-31","Oct 2015","Commodity","CO_nat_gas",-0.0692119250858663
"1063","FI_Development","2020-03-27 00-29-31","Nov 2015","Commodity","CO_nat_gas",0.043927567496759
"1064","FI_Development","2020-03-27 00-29-31","Dec 2015","Commodity","CO_nat_gas",0.105377157472692
"1065","FI_Development","2020-03-27 00-29-31","Jan 2016","Commodity","CO_nat_gas",-0.015027301050342
"1066","FI_Development","2020-03-27 00-29-31","Feb 2016","Commodity","CO_nat_gas",-0.270169211088856
"1067","FI_Development","2020-03-27 00-29-31","Mar 2016","Commodity","CO_nat_gas",0.397242736429225
"1068","FI_Development","2020-03-27 00-29-31","Apr 2016","Commodity","CO_nat_gas",-0.0657717087682323
"1069","FI_Development","2020-03-27 00-29-31","May 2016","Commodity","CO_nat_gas",-0.0463125480425638
"1070","FI_Development","2020-03-27 00-29-31","Jun 2016","Commodity","CO_nat_gas",0.259763379492255
"1071","FI_Development","2020-03-27 00-29-31","Jul 2016","Commodity","CO_nat_gas",-0.264408039877283
"1072","FI_Development","2020-03-27 00-29-31","Aug 2016","Commodity","CO_nat_gas",-0.001279298205035
"1073","FI_Development","2020-03-27 00-29-31","Sep 2016","Commodity","CO_nat_gas",0.001045076681214
"1074","FI_Development","2020-03-27 00-29-31","Oct 2016","Commodity","CO_nat_gas",-0.0228419061747002
"1075","FI_Development","2020-03-27 00-29-31","Nov 2016","Commodity","CO_nat_gas",0.0768096566875422
"1076","FI_Development","2020-03-27 00-29-31","Dec 2016","Commodity","CO_nat_gas",0.0646309396316405
"1077","FI_Development","2020-03-27 00-29-31","Jan 2017","Commodity","CO_nat_gas",-0.266406042125364
"1078","FI_Development","2020-03-27 00-29-31","Feb 2017","Commodity","CO_nat_gas",0.00960325096585798
"1079","FI_Development","2020-03-27 00-29-31","Mar 2017","Commodity","CO_nat_gas",0.28039463763355
"1080","FI_Development","2020-03-27 00-29-31","Apr 2017","Commodity","CO_nat_gas",-0.131539648729447
"1081","FI_Development","2020-03-27 00-29-31","May 2017","Commodity","CO_nat_gas",-0.0858652877851622
"1082","FI_Development","2020-03-27 00-29-31","Jun 2017","Commodity","CO_nat_gas",0.0656341100394974
"1083","FI_Development","2020-03-27 00-29-31","Jul 2017","Commodity","CO_nat_gas",-0.0476154274222332
"1084","FI_Development","2020-03-27 00-29-31","Aug 2017","Commodity","CO_nat_gas",0.129555423929416
"1085","FI_Development","2020-03-27 00-29-31","Sep 2017","Commodity","CO_nat_gas",-0.0825731630238134
"1086","FI_Development","2020-03-27 00-29-31","Oct 2017","Commodity","CO_nat_gas",-0.0689378212703469
"1087","FI_Development","2020-03-27 00-29-31","Nov 2017","Commodity","CO_nat_gas",0.101507892957391
"1088","FI_Development","2020-03-27 00-29-31","Dec 2017","Commodity","CO_nat_gas",-0.0480694036080683
"1089","FI_Development","2020-03-27 00-29-31","Jan 2018","Commodity","CO_nat_gas",0.111835374296527
"1090","FI_Development","2020-03-27 00-29-31","Feb 2018","Commodity","CO_nat_gas",-0.187911889500768
"1091","FI_Development","2020-03-27 00-29-31","Mar 2018","Commodity","CO_nat_gas",0.125467999114424
"1092","FI_Development","2020-03-27 00-29-31","Apr 2018","Commodity","CO_nat_gas",-0.0125843487271542
"1093","FI_Development","2020-03-27 00-29-31","May 2018","Commodity","CO_nat_gas",0.0585104443227147
"1094","FI_Development","2020-03-27 00-29-31","Jun 2018","Commodity","CO_nat_gas",-0.066906938397897
"1095","FI_Development","2020-03-27 00-29-31","Jul 2018","Commodity","CO_nat_gas",-0.0295997903442397
"1096","FI_Development","2020-03-27 00-29-31","Aug 2018","Commodity","CO_nat_gas",0.0875309950811837
"1097","FI_Development","2020-03-27 00-29-31","Sep 2018","Commodity","CO_nat_gas",-0.0132349979179716
"1098","FI_Development","2020-03-27 00-29-31","Oct 2018","Commodity","CO_nat_gas",0.0385689909629035
"1099","FI_Development","2020-03-27 00-29-31","Nov 2018","Commodity","CO_nat_gas",0.32244059393207
"1100","FI_Development","2020-03-27 00-29-31","Dec 2018","Commodity","CO_nat_gas",-0.735641315052193
"1101","FI_Development","2020-03-27 00-29-31","Jan 2019","Commodity","CO_nat_gas",0.360956224260245
"1102","FI_Development","2020-03-27 00-29-31","Feb 2019","Commodity","CO_nat_gas",-0.0448240336567965
"1103","FI_Development","2020-03-27 00-29-31","Mar 2019","Commodity","CO_nat_gas",-0.0287895278630011
"1104","FI_Development","2020-03-27 00-29-31","Apr 2019","Commodity","CO_nat_gas",0.0015680421809373
"1105","FI_Development","2020-03-27 00-29-31","Aug 2013","Commodity","CO_gasoline",-0.12501484384897
"1106","FI_Development","2020-03-27 00-29-31","Sep 2013","Commodity","CO_gasoline",-0.0940310594375142
"1107","FI_Development","2020-03-27 00-29-31","Oct 2013","Commodity","CO_gasoline",0.0796728086842085
"1108","FI_Development","2020-03-27 00-29-31","Nov 2013","Commodity","CO_gasoline",0.0555319756726284
"1109","FI_Development","2020-03-27 00-29-31","Dec 2013","Commodity","CO_gasoline",-0.0144071195315469
"1110","FI_Development","2020-03-27 00-29-31","Jan 2014","Commodity","CO_gasoline",-0.0914006741758915
"1111","FI_Development","2020-03-27 00-29-31","Feb 2014","Commodity","CO_gasoline",0.125220934303842
"1112","FI_Development","2020-03-27 00-29-31","Mar 2014","Commodity","CO_gasoline",-0.082645271360854
"1113","FI_Development","2020-03-27 00-29-31","Apr 2014","Commodity","CO_gasoline",0.0436076354733796
"1114","FI_Development","2020-03-27 00-29-31","May 2014","Commodity","CO_gasoline",-0.0185153165888596
"1115","FI_Development","2020-03-27 00-29-31","Jun 2014","Commodity","CO_gasoline",0.025677877940582
"1116","FI_Development","2020-03-27 00-29-31","Jul 2014","Commodity","CO_gasoline",-0.109584754253175
"1117","FI_Development","2020-03-27 00-29-31","Aug 2014","Commodity","CO_gasoline",0.0620623763814316
"1118","FI_Development","2020-03-27 00-29-31","Sep 2014","Commodity","CO_gasoline",-0.0357286400795676
"1119","FI_Development","2020-03-27 00-29-31","Oct 2014","Commodity","CO_gasoline",-0.0425670045972143
"1120","FI_Development","2020-03-27 00-29-31","Nov 2014","Commodity","CO_gasoline",-0.0364614705921826
"1121","FI_Development","2020-03-27 00-29-31","Dec 2014","Commodity","CO_gasoline",-0.079554365684111
"1122","FI_Development","2020-03-27 00-29-31","Jan 2015","Commodity","CO_gasoline",0.173252100015791
"1123","FI_Development","2020-03-27 00-29-31","Feb 2015","Commodity","CO_gasoline",0.213591344701421
"1124","FI_Development","2020-03-27 00-29-31","Mar 2015","Commodity","CO_gasoline",-0.281207872789802
"1125","FI_Development","2020-03-27 00-29-31","Apr 2015","Commodity","CO_gasoline",0.258036933431448
"1126","FI_Development","2020-03-27 00-29-31","May 2015","Commodity","CO_gasoline",-0.145840267244761
"1127","FI_Development","2020-03-27 00-29-31","Jun 2015","Commodity","CO_gasoline",0.00483409792380363
"1128","FI_Development","2020-03-27 00-29-31","Jul 2015","Commodity","CO_gasoline",-0.126869125598693
"1129","FI_Development","2020-03-27 00-29-31","Aug 2015","Commodity","CO_gasoline",0.040677109943728
"1130","FI_Development","2020-03-27 00-29-31","Sep 2015","Commodity","CO_gasoline",0.0044449171449992
"1131","FI_Development","2020-03-27 00-29-31","Oct 2015","Commodity","CO_gasoline",0.060204999330189
"1132","FI_Development","2020-03-27 00-29-31","Nov 2015","Commodity","CO_gasoline",-0.0255147169319912
"1133","FI_Development","2020-03-27 00-29-31","Dec 2015","Commodity","CO_gasoline",-0.0044015527385424
"1134","FI_Development","2020-03-27 00-29-31","Jan 2016","Commodity","CO_gasoline",-0.0916615870781886
"1135","FI_Development","2020-03-27 00-29-31","Feb 2016","Commodity","CO_gasoline",0.0699982328587972
"1136","FI_Development","2020-03-27 00-29-31","Mar 2016","Commodity","CO_gasoline",0.124290499801228
"1137","FI_Development","2020-03-27 00-29-31","Apr 2016","Commodity","CO_gasoline",0.0315827928232846
"1138","FI_Development","2020-03-27 00-29-31","May 2016","Commodity","CO_gasoline",-0.0991665219844862
"1139","FI_Development","2020-03-27 00-29-31","Jun 2016","Commodity","CO_gasoline",-0.0693397924336017
"1140","FI_Development","2020-03-27 00-29-31","Jul 2016","Commodity","CO_gasoline",-0.0590053601467232
"1141","FI_Development","2020-03-27 00-29-31","Aug 2016","Commodity","CO_gasoline",0.193344660874081
"1142","FI_Development","2020-03-27 00-29-31","Sep 2016","Commodity","CO_gasoline",0.0866613604815315
"1143","FI_Development","2020-03-27 00-29-31","Oct 2016","Commodity","CO_gasoline",-0.169810851743537
"1144","FI_Development","2020-03-27 00-29-31","Nov 2016","Commodity","CO_gasoline",0.0583814964259468
"1145","FI_Development","2020-03-27 00-29-31","Dec 2016","Commodity","CO_gasoline",0.077690296051968
"1146","FI_Development","2020-03-27 00-29-31","Jan 2017","Commodity","CO_gasoline",-0.201669617315496
"1147","FI_Development","2020-03-27 00-29-31","Feb 2017","Commodity","CO_gasoline",0.0617871189104163
"1148","FI_Development","2020-03-27 00-29-31","Mar 2017","Commodity","CO_gasoline",0.000478478369106299
"1149","FI_Development","2020-03-27 00-29-31","Apr 2017","Commodity","CO_gasoline",-0.074251850306864
"1150","FI_Development","2020-03-27 00-29-31","May 2017","Commodity","CO_gasoline",0.133225337772083
"1151","FI_Development","2020-03-27 00-29-31","Jun 2017","Commodity","CO_gasoline",-0.0836245964825936
"1152","FI_Development","2020-03-27 00-29-31","Jul 2017","Commodity","CO_gasoline",0.177345279127353
"1153","FI_Development","2020-03-27 00-29-31","Aug 2017","Commodity","CO_gasoline",-0.009276611666215
"1154","FI_Development","2020-03-27 00-29-31","Sep 2017","Commodity","CO_gasoline",-0.201661135006638
"1155","FI_Development","2020-03-27 00-29-31","Oct 2017","Commodity","CO_gasoline",0.188082283707517
"1156","FI_Development","2020-03-27 00-29-31","Nov 2017","Commodity","CO_gasoline",-0.103326455129748
"1157","FI_Development","2020-03-27 00-29-31","Dec 2017","Commodity","CO_gasoline",0.0169625001154125
"1158","FI_Development","2020-03-27 00-29-31","Jan 2018","Commodity","CO_gasoline",0.0357202613012987
"1159","FI_Development","2020-03-27 00-29-31","Feb 2018","Commodity","CO_gasoline",-0.136774635123439
"1160","FI_Development","2020-03-27 00-29-31","Mar 2018","Commodity","CO_gasoline",0.126847509645857
"1161","FI_Development","2020-03-27 00-29-31","Apr 2018","Commodity","CO_gasoline",0.0038898565726552
"1162","FI_Development","2020-03-27 00-29-31","May 2018","Commodity","CO_gasoline",-0.0309517169235554
"1163","FI_Development","2020-03-27 00-29-31","Jun 2018","Commodity","CO_gasoline",-0.0191632166686965
"1164","FI_Development","2020-03-27 00-29-31","Jul 2018","Commodity","CO_gasoline",-0.0153581459288559
"1165","FI_Development","2020-03-27 00-29-31","Aug 2018","Commodity","CO_gasoline",0.0247712744682706
"1166","FI_Development","2020-03-27 00-29-31","Sep 2018","Commodity","CO_gasoline",0.0460406285170049
"1167","FI_Development","2020-03-27 00-29-31","Oct 2018","Commodity","CO_gasoline",-0.216191626221901
"1168","FI_Development","2020-03-27 00-29-31","Nov 2018","Commodity","CO_gasoline",-0.031358586319686
"1169","FI_Development","2020-03-27 00-29-31","Dec 2018","Commodity","CO_gasoline",0.128924196721692
"1170","FI_Development","2020-03-27 00-29-31","Jan 2019","Commodity","CO_gasoline",0.113511380740127
"1171","FI_Development","2020-03-27 00-29-31","Feb 2019","Commodity","CO_gasoline",0.082880493223127
"1172","FI_Development","2020-03-27 00-29-31","Mar 2019","Commodity","CO_gasoline",-0.0540794766518664
"1173","FI_Development","2020-03-27 00-29-31","Apr 2019","Commodity","CO_gasoline",0.0381852547361144
"1174","FI_Development","2020-03-27 00-29-31","Aug 2013","Commodity","CO_gold",-0.0222535648309167
"1175","FI_Development","2020-03-27 00-29-31","Sep 2013","Commodity","CO_gold",-0.0998858604564591
"1176","FI_Development","2020-03-27 00-29-31","Oct 2013","Commodity","CO_gold",0.044405742477407
"1177","FI_Development","2020-03-27 00-29-31","Nov 2013","Commodity","CO_gold",-0.051679320848194
"1178","FI_Development","2020-03-27 00-29-31","Dec 2013","Commodity","CO_gold",0.0171666846261118
"1179","FI_Development","2020-03-27 00-29-31","Jan 2014","Commodity","CO_gold",0.0721339792777065
"1180","FI_Development","2020-03-27 00-29-31","Feb 2014","Commodity","CO_gold",0.0285143240766313
"1181","FI_Development","2020-03-27 00-29-31","Mar 2014","Commodity","CO_gold",-0.094124455384396
"1182","FI_Development","2020-03-27 00-29-31","Apr 2014","Commodity","CO_gold",0.0363562980150085
"1183","FI_Development","2020-03-27 00-29-31","May 2014","Commodity","CO_gold",-0.0354452683849623
"1184","FI_Development","2020-03-27 00-29-31","Jun 2014","Commodity","CO_gold",0.0937005694720062
"1185","FI_Development","2020-03-27 00-29-31","Jul 2014","Commodity","CO_gold",-0.0995069079988217
"1186","FI_Development","2020-03-27 00-29-31","Aug 2014","Commodity","CO_gold",0.0401258080740711
"1187","FI_Development","2020-03-27 00-29-31","Sep 2014","Commodity","CO_gold",-0.0655723737139373
"1188","FI_Development","2020-03-27 00-29-31","Oct 2014","Commodity","CO_gold",0.0312151939366604
"1189","FI_Development","2020-03-27 00-29-31","Nov 2014","Commodity","CO_gold",0.0256661307030792
"1190","FI_Development","2020-03-27 00-29-31","Dec 2014","Commodity","CO_gold",0.0179941029585852
"1191","FI_Development","2020-03-27 00-29-31","Jan 2015","Commodity","CO_gold",0.073786925576686
"1192","FI_Development","2020-03-27 00-29-31","Feb 2015","Commodity","CO_gold",-0.145951249008114
"1193","FI_Development","2020-03-27 00-29-31","Mar 2015","Commodity","CO_gold",0.0375301547791854
"1194","FI_Development","2020-03-27 00-29-31","Apr 2015","Commodity","CO_gold",0.0198503591943746
"1195","FI_Development","2020-03-27 00-29-31","May 2015","Commodity","CO_gold",0.00722378046021953
"1196","FI_Development","2020-03-27 00-29-31","Jun 2015","Commodity","CO_gold",-0.020714196747799
"1197","FI_Development","2020-03-27 00-29-31","Jul 2015","Commodity","CO_gold",-0.0510477724949459
"1198","FI_Development","2020-03-27 00-29-31","Aug 2015","Commodity","CO_gold",0.103282201351437
"1199","FI_Development","2020-03-27 00-29-31","Sep 2015","Commodity","CO_gold",-0.0550837197115839
"1200","FI_Development","2020-03-27 00-29-31","Oct 2015","Commodity","CO_gold",0.0408450183515628
"1201","FI_Development","2020-03-27 00-29-31","Nov 2015","Commodity","CO_gold",-0.0903542620136513
"1202","FI_Development","2020-03-27 00-29-31","Dec 2015","Commodity","CO_gold",0.0630072953607548
"1203","FI_Development","2020-03-27 00-29-31","Jan 2016","Commodity","CO_gold",0.0586233089834584
"1204","FI_Development","2020-03-27 00-29-31","Feb 2016","Commodity","CO_gold",0.055193459668615
"1205","FI_Development","2020-03-27 00-29-31","Mar 2016","Commodity","CO_gold",-0.117732295065183
"1206","FI_Development","2020-03-27 00-29-31","Apr 2016","Commodity","CO_gold",0.0595169517088391
"1207","FI_Development","2020-03-27 00-29-31","May 2016","Commodity","CO_gold",-0.112471058281866
"1208","FI_Development","2020-03-27 00-29-31","Jun 2016","Commodity","CO_gold",0.151077979808913
"1209","FI_Development","2020-03-27 00-29-31","Jul 2016","Commodity","CO_gold",-0.0698484485010711
"1210","FI_Development","2020-03-27 00-29-31","Aug 2016","Commodity","CO_gold",-0.0524097300873221
"1211","FI_Development","2020-03-27 00-29-31","Sep 2016","Commodity","CO_gold",0.0394552960459206
"1212","FI_Development","2020-03-27 00-29-31","Oct 2016","Commodity","CO_gold",-0.0363413265545767
"1213","FI_Development","2020-03-27 00-29-31","Nov 2016","Commodity","CO_gold",-0.0541165067239252
"1214","FI_Development","2020-03-27 00-29-31","Dec 2016","Commodity","CO_gold",0.0644158238795744
"1215","FI_Development","2020-03-27 00-29-31","Jan 2017","Commodity","CO_gold",0.0733420327007695
"1216","FI_Development","2020-03-27 00-29-31","Feb 2017","Commodity","CO_gold",-0.0223444693481383
"1217","FI_Development","2020-03-27 00-29-31","Mar 2017","Commodity","CO_gold",-0.0361251477759455
"1218","FI_Development","2020-03-27 00-29-31","Apr 2017","Commodity","CO_gold",0.0215449499954092
"1219","FI_Development","2020-03-27 00-29-31","May 2017","Commodity","CO_gold",-0.0185094670326428
"1220","FI_Development","2020-03-27 00-29-31","Jun 2017","Commodity","CO_gold",-0.0203133661806192
"1221","FI_Development","2020-03-27 00-29-31","Jul 2017","Commodity","CO_gold",0.0446870454410775
"1222","FI_Development","2020-03-27 00-29-31","Aug 2017","Commodity","CO_gold",0.018855879034472
"1223","FI_Development","2020-03-27 00-29-31","Sep 2017","Commodity","CO_gold",-0.0756864967305161
"1224","FI_Development","2020-03-27 00-29-31","Oct 2017","Commodity","CO_gold",0.0262141026322159
"1225","FI_Development","2020-03-27 00-29-31","Nov 2017","Commodity","CO_gold",0.0110482539917124
"1226","FI_Development","2020-03-27 00-29-31","Dec 2017","Commodity","CO_gold",0.0174935735495285
"1227","FI_Development","2020-03-27 00-29-31","Jan 2018","Commodity","CO_gold",0.0112923616249605
"1228","FI_Development","2020-03-27 00-29-31","Feb 2018","Commodity","CO_gold",-0.0531092783753393
"1229","FI_Development","2020-03-27 00-29-31","Mar 2018","Commodity","CO_gold",0.0270799136676866
"1230","FI_Development","2020-03-27 00-29-31","Apr 2018","Commodity","CO_gold",-0.0158597567118233
"1231","FI_Development","2020-03-27 00-29-31","May 2018","Commodity","CO_gold",-0.00241946188161788
"1232","FI_Development","2020-03-27 00-29-31","Jun 2018","Commodity","CO_gold",-0.0241902294739746
"1233","FI_Development","2020-03-27 00-29-31","Jul 2018","Commodity","CO_gold",0.0137305276766684
"1234","FI_Development","2020-03-27 00-29-31","Aug 2018","Commodity","CO_gold",0.0010377929600875
"1235","FI_Development","2020-03-27 00-29-31","Sep 2018","Commodity","CO_gold",0.0147737721768029
"1236","FI_Development","2020-03-27 00-29-31","Oct 2018","Commodity","CO_gold",0.0278028062606775
"1237","FI_Development","2020-03-27 00-29-31","Nov 2018","Commodity","CO_gold",-0.0178085810804093
"1238","FI_Development","2020-03-27 00-29-31","Dec 2018","Commodity","CO_gold",0.0460332272369945
"1239","FI_Development","2020-03-27 00-29-31","Jan 2019","Commodity","CO_gold",-0.0205541257819624
"1240","FI_Development","2020-03-27 00-29-31","Feb 2019","Commodity","CO_gold",-0.0349581797822449
"1241","FI_Development","2020-03-27 00-29-31","Mar 2019","Commodity","CO_gold",-0.009876797356582
"1242","FI_Development","2020-03-27 00-29-31","Apr 2019","Commodity","CO_gold",0.00933015678760799
"1243","FI_Development","2020-03-27 00-29-31","Aug 2013","Commodity","CO_silver",0.171811792771148
"1244","FI_Development","2020-03-27 00-29-31","Sep 2013","Commodity","CO_silver",-0.255994550368216
"1245","FI_Development","2020-03-27 00-29-31","Oct 2013","Commodity","CO_silver",0.084790616928484
"1246","FI_Development","2020-03-27 00-29-31","Nov 2013","Commodity","CO_silver",-0.0977210367582034
"1247","FI_Development","2020-03-27 00-29-31","Dec 2013","Commodity","CO_silver",0.0606048292459431
"1248","FI_Development","2020-03-27 00-29-31","Jan 2014","Commodity","CO_silver",0.0136506235412734
"1249","FI_Development","2020-03-27 00-29-31","Feb 2014","Commodity","CO_silver",0.116877176008688
"1250","FI_Development","2020-03-27 00-29-31","Mar 2014","Commodity","CO_silver",-0.167354385261547
"1251","FI_Development","2020-03-27 00-29-31","Apr 2014","Commodity","CO_silver",0.033911126917359
"1252","FI_Development","2020-03-27 00-29-31","May 2014","Commodity","CO_silver",0.0098772926180608
"1253","FI_Development","2020-03-27 00-29-31","Jun 2014","Commodity","CO_silver",0.140607119591801
"1254","FI_Development","2020-03-27 00-29-31","Jul 2014","Commodity","CO_silver",-0.153108543646891
"1255","FI_Development","2020-03-27 00-29-31","Aug 2014","Commodity","CO_silver",-0.0113467263143292
"1256","FI_Development","2020-03-27 00-29-31","Sep 2014","Commodity","CO_silver",-0.0817025635069143
"1257","FI_Development","2020-03-27 00-29-31","Oct 2014","Commodity","CO_silver",0.0741479419902321
"1258","FI_Development","2020-03-27 00-29-31","Nov 2014","Commodity","CO_silver",0.008761961132485
"1259","FI_Development","2020-03-27 00-29-31","Dec 2014","Commodity","CO_silver",0.0587349096208644
"1260","FI_Development","2020-03-27 00-29-31","Jan 2015","Commodity","CO_silver",0.0827645356089689
"1261","FI_Development","2020-03-27 00-29-31","Feb 2015","Commodity","CO_silver",-0.138781556522603
"1262","FI_Development","2020-03-27 00-29-31","Mar 2015","Commodity","CO_silver",0.0442886360808663
"1263","FI_Development","2020-03-27 00-29-31","Apr 2015","Commodity","CO_silver",-0.0351680378593967
"1264","FI_Development","2020-03-27 00-29-31","May 2015","Commodity","CO_silver",0.0676802553621869
"1265","FI_Development","2020-03-27 00-29-31","Jun 2015","Commodity","CO_silver",-0.0963304592914319
"1266","FI_Development","2020-03-27 00-29-31","Jul 2015","Commodity","CO_silver",-0.00316939604218689
"1267","FI_Development","2020-03-27 00-29-31","Aug 2015","Commodity","CO_silver",0.0568148740397992
"1268","FI_Development","2020-03-27 00-29-31","Sep 2015","Commodity","CO_silver",-0.00218550994216657
"1269","FI_Development","2020-03-27 00-29-31","Oct 2015","Commodity","CO_silver",0.0756287450145924
"1270","FI_Development","2020-03-27 00-29-31","Nov 2015","Commodity","CO_silver",-0.158943081509772
"1271","FI_Development","2020-03-27 00-29-31","Dec 2015","Commodity","CO_silver",0.0732907014157015
"1272","FI_Development","2020-03-27 00-29-31","Jan 2016","Commodity","CO_silver",0.0489271950250912
"1273","FI_Development","2020-03-27 00-29-31","Feb 2016","Commodity","CO_silver",0.0145599409992965
"1274","FI_Development","2020-03-27 00-29-31","Mar 2016","Commodity","CO_silver",-0.0110831286467887
"1275","FI_Development","2020-03-27 00-29-31","Apr 2016","Commodity","CO_silver",0.122872932417392
"1276","FI_Development","2020-03-27 00-29-31","May 2016","Commodity","CO_silver",-0.262093888305845
"1277","FI_Development","2020-03-27 00-29-31","Jun 2016","Commodity","CO_silver",0.281191740040369
"1278","FI_Development","2020-03-27 00-29-31","Jul 2016","Commodity","CO_silver",-0.0923470099797858
"1279","FI_Development","2020-03-27 00-29-31","Aug 2016","Commodity","CO_silver",-0.167664368851317
"1280","FI_Development","2020-03-27 00-29-31","Sep 2016","Commodity","CO_silver",0.111325928290653
"1281","FI_Development","2020-03-27 00-29-31","Oct 2016","Commodity","CO_silver",-0.0946706742720771
"1282","FI_Development","2020-03-27 00-29-31","Nov 2016","Commodity","CO_silver",-0.0096124719505799
"1283","FI_Development","2020-03-27 00-29-31","Dec 2016","Commodity","CO_silver",0.0420736674850053
"1284","FI_Development","2020-03-27 00-29-31","Jan 2017","Commodity","CO_silver",0.135716894075207
"1285","FI_Development","2020-03-27 00-29-31","Feb 2017","Commodity","CO_silver",-0.0560975475402667
"1286","FI_Development","2020-03-27 00-29-31","Mar 2017","Commodity","CO_silver",-0.0514065383499721
"1287","FI_Development","2020-03-27 00-29-31","Apr 2017","Commodity","CO_silver",-0.0481640016993217
"1288","FI_Development","2020-03-27 00-29-31","May 2017","Commodity","CO_silver",0.0605939944705092
"1289","FI_Development","2020-03-27 00-29-31","Jun 2017","Commodity","CO_silver",-0.0470101268795576
"1290","FI_Development","2020-03-27 00-29-31","Jul 2017","Commodity","CO_silver",0.0535828616593183
"1291","FI_Development","2020-03-27 00-29-31","Aug 2017","Commodity","CO_silver",0.0350756038096152
"1292","FI_Development","2020-03-27 00-29-31","Sep 2017","Commodity","CO_silver",-0.101824465975409
"1293","FI_Development","2020-03-27 00-29-31","Oct 2017","Commodity","CO_silver",0.0578312747308934
"1294","FI_Development","2020-03-27 00-29-31","Nov 2017","Commodity","CO_silver",-0.020909362318164
"1295","FI_Development","2020-03-27 00-29-31","Dec 2017","Commodity","CO_silver",0.0486805178705519
"1296","FI_Development","2020-03-27 00-29-31","Jan 2018","Commodity","CO_silver",-0.0084337043340675
"1297","FI_Development","2020-03-27 00-29-31","Feb 2018","Commodity","CO_silver",-0.0769483220590852
"1298","FI_Development","2020-03-27 00-29-31","Mar 2018","Commodity","CO_silver",0.0512000981125208
"1299","FI_Development","2020-03-27 00-29-31","Apr 2018","Commodity","CO_silver",0.00128736485187548
"1300","FI_Development","2020-03-27 00-29-31","May 2018","Commodity","CO_silver",0.00714834826827019
"1301","FI_Development","2020-03-27 00-29-31","Jun 2018","Commodity","CO_silver",-0.0252533069105726
"1302","FI_Development","2020-03-27 00-29-31","Jul 2018","Commodity","CO_silver",-0.0155918179140036
"1303","FI_Development","2020-03-27 00-29-31","Aug 2018","Commodity","CO_silver",-0.0300648545347347
"1304","FI_Development","2020-03-27 00-29-31","Sep 2018","Commodity","CO_silver",0.0715692247519763
"1305","FI_Development","2020-03-27 00-29-31","Oct 2018","Commodity","CO_silver",-0.0291674336830929
"1306","FI_Development","2020-03-27 00-29-31","Nov 2018","Commodity","CO_silver",0.0165952184263139
"1307","FI_Development","2020-03-27 00-29-31","Dec 2018","Commodity","CO_silver",0.0968014994860631
"1308","FI_Development","2020-03-27 00-29-31","Jan 2019","Commodity","CO_silver",-0.0535887126796216
"1309","FI_Development","2020-03-27 00-29-31","Feb 2019","Commodity","CO_silver",-0.0644083541546544
"1310","FI_Development","2020-03-27 00-29-31","Mar 2019","Commodity","CO_silver",-0.0028517382250554
"1311","FI_Development","2020-03-27 00-29-31","Apr 2019","Commodity","CO_silver",0.0194752170848972
"1312","FI_Development","2020-03-27 00-29-31","Aug 2013","Commodity","CO_grains",0.080069861978739
"1313","FI_Development","2020-03-27 00-29-31","Sep 2013","Commodity","CO_grains",-0.0842897894175029
"1314","FI_Development","2020-03-27 00-29-31","Oct 2013","Commodity","CO_grains",0.033085416580483
"1315","FI_Development","2020-03-27 00-29-31","Nov 2013","Commodity","CO_grains",0.0172732538206906
"1316","FI_Development","2020-03-27 00-29-31","Dec 2013","Commodity","CO_grains",-0.0462925714963945
"1317","FI_Development","2020-03-27 00-29-31","Jan 2014","Commodity","CO_grains",0.0356973700663971
"1318","FI_Development","2020-03-27 00-29-31","Feb 2014","Commodity","CO_grains",0.103099397854964
"1319","FI_Development","2020-03-27 00-29-31","Mar 2014","Commodity","CO_grains",-0.0153572232648152
"1320","FI_Development","2020-03-27 00-29-31","Apr 2014","Commodity","CO_grains",-0.0422207824665083
"1321","FI_Development","2020-03-27 00-29-31","May 2014","Commodity","CO_grains",-0.122553968174458
"1322","FI_Development","2020-03-27 00-29-31","Jun 2014","Commodity","CO_grains",-0.0076881002306826
"1323","FI_Development","2020-03-27 00-29-31","Jul 2014","Commodity","CO_grains",-0.0152437788905491
"1324","FI_Development","2020-03-27 00-29-31","Aug 2014","Commodity","CO_grains",0.0942322641683724
"1325","FI_Development","2020-03-27 00-29-31","Sep 2014","Commodity","CO_grains",-0.120715991083639
"1326","FI_Development","2020-03-27 00-29-31","Oct 2014","Commodity","CO_grains",0.288868581452957
"1327","FI_Development","2020-03-27 00-29-31","Nov 2014","Commodity","CO_grains",-0.144407017117913
"1328","FI_Development","2020-03-27 00-29-31","Dec 2014","Commodity","CO_grains",0.0001816911054253
"1329","FI_Development","2020-03-27 00-29-31","Jan 2015","Commodity","CO_grains",-0.100368007647176
"1330","FI_Development","2020-03-27 00-29-31","Feb 2015","Commodity","CO_grains",0.131990932435651
"1331","FI_Development","2020-03-27 00-29-31","Mar 2015","Commodity","CO_grains",-0.0742002766053022
"1332","FI_Development","2020-03-27 00-29-31","Apr 2015","Commodity","CO_grains",-0.0122102653415925
"1333","FI_Development","2020-03-27 00-29-31","May 2015","Commodity","CO_grains",0.0120740038186326
"1334","FI_Development","2020-03-27 00-29-31","Jun 2015","Commodity","CO_grains",0.231778549459458
"1335","FI_Development","2020-03-27 00-29-31","Jul 2015","Commodity","CO_grains",-0.337740627394679
"1336","FI_Development","2020-03-27 00-29-31","Aug 2015","Commodity","CO_grains",0.100774915932218
"1337","FI_Development","2020-03-27 00-29-31","Sep 2015","Commodity","CO_grains",0.0697558603954542
"1338","FI_Development","2020-03-27 00-29-31","Oct 2015","Commodity","CO_grains",-0.0406318120883604
"1339","FI_Development","2020-03-27 00-29-31","Nov 2015","Commodity","CO_grains",-0.0404821955435202
"1340","FI_Development","2020-03-27 00-29-31","Dec 2015","Commodity","CO_grains",0.0203747668745705
"1341","FI_Development","2020-03-27 00-29-31","Jan 2016","Commodity","CO_grains",0.0587265464799517
"1342","FI_Development","2020-03-27 00-29-31","Feb 2016","Commodity","CO_grains",-0.0786268219897967
"1343","FI_Development","2020-03-27 00-29-31","Mar 2016","Commodity","CO_grains",0.0722058883183891
"1344","FI_Development","2020-03-27 00-29-31","Apr 2016","Commodity","CO_grains",0.0742957606895294
"1345","FI_Development","2020-03-27 00-29-31","May 2016","Commodity","CO_grains",-0.0788465148386566
"1346","FI_Development","2020-03-27 00-29-31","Jun 2016","Commodity","CO_grains",-0.0501862506947057
"1347","FI_Development","2020-03-27 00-29-31","Jul 2016","Commodity","CO_grains",-0.0791175798551555
"1348","FI_Development","2020-03-27 00-29-31","Aug 2016","Commodity","CO_grains",0.0262032737457907
"1349","FI_Development","2020-03-27 00-29-31","Sep 2016","Commodity","CO_grains",0.127821806386551
"1350","FI_Development","2020-03-27 00-29-31","Oct 2016","Commodity","CO_grains",0.009394936569501
"1351","FI_Development","2020-03-27 00-29-31","Nov 2016","Commodity","CO_grains",-0.0825564732853064
"1352","FI_Development","2020-03-27 00-29-31","Dec 2016","Commodity","CO_grains",0.0223096916361034
"1353","FI_Development","2020-03-27 00-29-31","Jan 2017","Commodity","CO_grains",0.0347596786298538
"1354","FI_Development","2020-03-27 00-29-31","Feb 2017","Commodity","CO_grains",-0.0103837781278408
"1355","FI_Development","2020-03-27 00-29-31","Mar 2017","Commodity","CO_grains",-0.0748518472364646
"1356","FI_Development","2020-03-27 00-29-31","Apr 2017","Commodity","CO_grains",0.0491765150324405
"1357","FI_Development","2020-03-27 00-29-31","May 2017","Commodity","CO_grains",-8.92524106148301e-05
"1358","FI_Development","2020-03-27 00-29-31","Jun 2017","Commodity","CO_grains",0.07807994116415
"1359","FI_Development","2020-03-27 00-29-31","Jul 2017","Commodity","CO_grains",-0.0934287518912886
"1360","FI_Development","2020-03-27 00-29-31","Aug 2017","Commodity","CO_grains",-0.0721121089440115
"1361","FI_Development","2020-03-27 00-29-31","Sep 2017","Commodity","CO_grains",0.111847111572567
"1362","FI_Development","2020-03-27 00-29-31","Oct 2017","Commodity","CO_grains",-0.0442339500853293
"1363","FI_Development","2020-03-27 00-29-31","Nov 2017","Commodity","CO_grains",0.0233771203814106
"1364","FI_Development","2020-03-27 00-29-31","Dec 2017","Commodity","CO_grains",-0.0192434964453497
"1365","FI_Development","2020-03-27 00-29-31","Jan 2018","Commodity","CO_grains",1.16929862595158
"1366","FI_Development","2020-03-27 00-29-31","Feb 2018","Commodity","CO_grains",-1.09876979962495
"1367","FI_Development","2020-03-27 00-29-31","Mar 2018","Commodity","CO_grains",-0.0663272443124247
"1368","FI_Development","2020-03-27 00-29-31","Apr 2018","Commodity","CO_grains",0.0507558889491986
"1369","FI_Development","2020-03-27 00-29-31","May 2018","Commodity","CO_grains",-0.038650079400322
"1370","FI_Development","2020-03-27 00-29-31","Jun 2018","Commodity","CO_grains",-0.108970860247093
"1371","FI_Development","2020-03-27 00-29-31","Jul 2018","Commodity","CO_grains",0.180633281254403
"1372","FI_Development","2020-03-27 00-29-31","Aug 2018","Commodity","CO_grains",-0.121226664494644
"1373","FI_Development","2020-03-27 00-29-31","Sep 2018","Commodity","CO_grains",0.0391522342311538
"1374","FI_Development","2020-03-27 00-29-31","Oct 2018","Commodity","CO_grains",0.0066081393199117
"1375","FI_Development","2020-03-27 00-29-31","Nov 2018","Commodity","CO_grains",0.0322260423290116
"1376","FI_Development","2020-03-27 00-29-31","Dec 2018","Commodity","CO_grains",-0.0328584430044648
"1377","FI_Development","2020-03-27 00-29-31","Jan 2019","Commodity","CO_grains",0.0318053381123105
"1378","FI_Development","2020-03-27 00-29-31","Feb 2019","Commodity","CO_grains",-0.0681293678189131
"1379","FI_Development","2020-03-27 00-29-31","Mar 2019","Commodity","CO_grains",0.0249879357057682
"1380","FI_Development","2020-03-27 00-29-31","Apr 2019","Commodity","CO_grains",-0.0155327534321239
