"","VERSION","TimeStamp","MONTH","AC_ID","MOD_ID","PC1"
"1","FI_Development","2020-03-27 00-29-31","Jun 2013","FixedIncome","FI_treas_short",NA
"2","FI_Development","2020-03-27 00-29-31","Jul 2013","FixedIncome","FI_treas_short",0.00200742730034888
"3","FI_Development","2020-03-27 00-29-31","Aug 2013","FixedIncome","FI_treas_short",-0.00233729541444752
"4","FI_Development","2020-03-27 00-29-31","Sep 2013","FixedIncome","FI_treas_short",0.00502014742369962
"5","FI_Development","2020-03-27 00-29-31","Oct 2013","FixedIncome","FI_treas_short",0.00765897410393036
"6","FI_Development","2020-03-27 00-29-31","Nov 2013","FixedIncome","FI_treas_short",0
"7","FI_Development","2020-03-27 00-29-31","Dec 2013","FixedIncome","FI_treas_short",-0.0109054857898216
"8","FI_Development","2020-03-27 00-29-31","Jan 2014","FixedIncome","FI_treas_short",0.00334116271299696
"9","FI_Development","2020-03-27 00-29-31","Feb 2014","FixedIncome","FI_treas_short",0.00199796863143632
"10","FI_Development","2020-03-27 00-29-31","Mar 2014","FixedIncome","FI_treas_short",-0.00432040545031572
"11","FI_Development","2020-03-27 00-29-31","Apr 2014","FixedIncome","FI_treas_short",0.00166892528935003
"12","FI_Development","2020-03-27 00-29-31","May 2014","FixedIncome","FI_treas_short",0.00299900033322225
"13","FI_Development","2020-03-27 00-29-31","Jun 2014","FixedIncome","FI_treas_short",-0.000996677740863825
"14","FI_Development","2020-03-27 00-29-31","Jul 2014","FixedIncome","FI_treas_short",-0.00266045892916534
"15","FI_Development","2020-03-27 00-29-31","Aug 2014","FixedIncome","FI_treas_short",0.00333444481493836
"16","FI_Development","2020-03-27 00-29-31","Sep 2014","FixedIncome","FI_treas_short",0.00166164838816882
"17","FI_Development","2020-03-27 00-29-31","Oct 2014","FixedIncome","FI_treas_short",0.00364966833608722
"18","FI_Development","2020-03-27 00-29-31","Nov 2014","FixedIncome","FI_treas_short",-0.00165285950413222
"19","FI_Development","2020-03-27 00-29-31","Dec 2014","FixedIncome","FI_treas_short",-0.00397354291478341
"20","FI_Development","2020-03-27 00-29-31","Jan 2015","FixedIncome","FI_treas_short",0.00964099069148937
"21","FI_Development","2020-03-27 00-29-31","Feb 2015","FixedIncome","FI_treas_short",-0.00559762905506648
"22","FI_Development","2020-03-27 00-29-31","Mar 2015","FixedIncome","FI_treas_short",0.00496685414017043
"23","FI_Development","2020-03-27 00-29-31","Apr 2015","FixedIncome","FI_treas_short",-0.0029654036243822
"24","FI_Development","2020-03-27 00-29-31","May 2015","FixedIncome","FI_treas_short",0.00132184401850622
"25","FI_Development","2020-03-27 00-29-31","Jun 2015","FixedIncome","FI_treas_short",-0.000329967007589654
"26","FI_Development","2020-03-27 00-29-31","Jul 2015","FixedIncome","FI_treas_short",-0.00231105967939713
"27","FI_Development","2020-03-27 00-29-31","Aug 2015","FixedIncome","FI_treas_short",0.00198550635292864
"28","FI_Development","2020-03-27 00-29-31","Sep 2015","FixedIncome","FI_treas_short",0.0029722588186176
"29","FI_Development","2020-03-27 00-29-31","Oct 2015","FixedIncome","FI_treas_short",-0.00263417837885479
"30","FI_Development","2020-03-27 00-29-31","Nov 2015","FixedIncome","FI_treas_short",-0.00429187836606542
"31","FI_Development","2020-03-27 00-29-31","Dec 2015","FixedIncome","FI_treas_short",-0.00198938992042436
"32","FI_Development","2020-03-27 00-29-31","Jan 2016","FixedIncome","FI_treas_short",0.0102990033222591
"33","FI_Development","2020-03-27 00-29-31","Feb 2016","FixedIncome","FI_treas_short",0.000657678395264702
"34","FI_Development","2020-03-27 00-29-31","Mar 2016","FixedIncome","FI_treas_short",0.00197173841603676
"35","FI_Development","2020-03-27 00-29-31","Apr 2016","FixedIncome","FI_treas_short",-0.00163984913086257
"36","FI_Development","2020-03-27 00-29-31","May 2016","FixedIncome","FI_treas_short",-0.00131409325512178
"37","FI_Development","2020-03-27 00-29-31","Jun 2016","FixedIncome","FI_treas_short",0.00855263157894742
"38","FI_Development","2020-03-27 00-29-31","Jul 2016","FixedIncome","FI_treas_short",-0.000978506196999302
"39","FI_Development","2020-03-27 00-29-31","Aug 2016","FixedIncome","FI_treas_short",-0.004570649839068
"40","FI_Development","2020-03-27 00-29-31","Sep 2016","FixedIncome","FI_treas_short",0.00196782551656285
"41","FI_Development","2020-03-27 00-29-31","Oct 2016","FixedIncome","FI_treas_short",-0.00360058931589493
"42","FI_Development","2020-03-27 00-29-31","Nov 2016","FixedIncome","FI_treas_short",-0.0114980613831123
"43","FI_Development","2020-03-27 00-29-31","Dec 2016","FixedIncome","FI_treas_short",-0.00132937853107345
"44","FI_Development","2020-03-27 00-29-31","Jan 2017","FixedIncome","FI_treas_short",0.00166392684405752
"45","FI_Development","2020-03-27 00-29-31","Feb 2017","FixedIncome","FI_treas_short",0.000996644518272429
"46","FI_Development","2020-03-27 00-29-31","Mar 2017","FixedIncome","FI_treas_short",-0.000663723885287917
"47","FI_Development","2020-03-27 00-29-31","Apr 2017","FixedIncome","FI_treas_short",0.00265692452152354
"48","FI_Development","2020-03-27 00-29-31","May 2017","FixedIncome","FI_treas_short",0.00132490886634955
"49","FI_Development","2020-03-27 00-29-31","Jun 2017","FixedIncome","FI_treas_short",-0.0023155805491234
"50","FI_Development","2020-03-27 00-29-31","Jul 2017","FixedIncome","FI_treas_short",0.00132629310344828
"51","FI_Development","2020-03-27 00-29-31","Aug 2017","FixedIncome","FI_treas_short",0.00264900653480105
"52","FI_Development","2020-03-27 00-29-31","Sep 2017","FixedIncome","FI_treas_short",-0.0042932957631012
"53","FI_Development","2020-03-27 00-29-31","Oct 2017","FixedIncome","FI_treas_short",-0.00232172470978442
"54","FI_Development","2020-03-27 00-29-31","Nov 2017","FixedIncome","FI_treas_short",-0.00365694813829777
"55","FI_Development","2020-03-27 00-29-31","Dec 2017","FixedIncome","FI_treas_short",-0.00333660338126814
"56","FI_Development","2020-03-27 00-29-31","Jan 2018","FixedIncome","FI_treas_short",-0.00535661180593863
"57","FI_Development","2020-03-27 00-29-31","Feb 2018","FixedIncome","FI_treas_short",-0.00269269615256461
"58","FI_Development","2020-03-27 00-29-31","Mar 2018","FixedIncome","FI_treas_short",0.00168751271304458
"59","FI_Development","2020-03-27 00-29-31","Apr 2018","FixedIncome","FI_treas_short",-0.00505387466307281
"60","FI_Development","2020-03-27 00-29-31","May 2018","FixedIncome","FI_treas_short",0.00203179810254667
"61","FI_Development","2020-03-27 00-29-31","Jun 2018","FixedIncome","FI_treas_short",-0.00101388982764443
"62","FI_Development","2020-03-27 00-29-31","Jul 2018","FixedIncome","FI_treas_short",-0.00236803120324878
"63","FI_Development","2020-03-27 00-29-31","Aug 2018","FixedIncome","FI_treas_short",0.00101729399796545
"64","FI_Development","2020-03-27 00-29-31","Sep 2018","FixedIncome","FI_treas_short",-0.00237123983739835
"65","FI_Development","2020-03-27 00-29-31","Oct 2018","FixedIncome","FI_treas_short",-0.000679151080504228
"66","FI_Development","2020-03-27 00-29-31","Nov 2018","FixedIncome","FI_treas_short",0.00169894665307512
"67","FI_Development","2020-03-27 00-29-31","Dec 2018","FixedIncome","FI_treas_short",0.00339213025780183
"68","FI_Development","2020-03-27 00-29-31","Jan 2019","FixedIncome","FI_treas_short",0.00338066260987158
"69","FI_Development","2020-03-27 00-29-31","Feb 2019","FixedIncome","FI_treas_short",-0.00134774258760108
"70","FI_Development","2020-03-27 00-29-31","Mar 2019","FixedIncome","FI_treas_short",0.00404861687073613
"71","FI_Development","2020-03-27 00-29-31","Apr 2019","FixedIncome","FI_treas_short",0
"72","FI_Development","2020-03-27 00-29-31","Jun 2013","FixedIncome","FI_treas_long",NA
"73","FI_Development","2020-03-27 00-29-31","Jul 2013","FixedIncome","FI_treas_long",-0.0173005600186684
"74","FI_Development","2020-03-27 00-29-31","Aug 2013","FixedIncome","FI_treas_long",-0.0147502299762093
"75","FI_Development","2020-03-27 00-29-31","Sep 2013","FixedIncome","FI_treas_long",0.00611722492328473
"76","FI_Development","2020-03-27 00-29-31","Oct 2013","FixedIncome","FI_treas_long",0.00975999999999999
"77","FI_Development","2020-03-27 00-29-31","Nov 2013","FixedIncome","FI_treas_long",-0.0288385358897164
"78","FI_Development","2020-03-27 00-29-31","Dec 2013","FixedIncome","FI_treas_long",-0.0236580192527328
"79","FI_Development","2020-03-27 00-29-31","Jan 2014","FixedIncome","FI_treas_long",0.0598261697860962
"80","FI_Development","2020-03-27 00-29-31","Feb 2014","FixedIncome","FI_treas_long",0.00220756865996744
"81","FI_Development","2020-03-27 00-29-31","Mar 2014","FixedIncome","FI_treas_long",0.00377592813795066
"82","FI_Development","2020-03-27 00-29-31","Apr 2014","FixedIncome","FI_treas_long",0.016927868338558
"83","FI_Development","2020-03-27 00-29-31","May 2014","FixedIncome","FI_treas_long",0.025739920645497
"84","FI_Development","2020-03-27 00-29-31","Jun 2014","FixedIncome","FI_treas_long",-0.00375657377871833
"85","FI_Development","2020-03-27 00-29-31","Jul 2014","FixedIncome","FI_treas_long",0.00135740564962861
"86","FI_Development","2020-03-27 00-29-31","Aug 2014","FixedIncome","FI_treas_long",0.0405181804488627
"87","FI_Development","2020-03-27 00-29-31","Sep 2014","FixedIncome","FI_treas_long",-0.0208454249899992
"88","FI_Development","2020-03-27 00-29-31","Oct 2014","FixedIncome","FI_treas_long",0.0218805736250739
"89","FI_Development","2020-03-27 00-29-31","Nov 2014","FixedIncome","FI_treas_long",0.0248841717336756
"90","FI_Development","2020-03-27 00-29-31","Dec 2014","FixedIncome","FI_treas_long",0.0286562127982051
"91","FI_Development","2020-03-27 00-29-31","Jan 2015","FixedIncome","FI_treas_long",0.0868669387438743
"92","FI_Development","2020-03-27 00-29-31","Feb 2015","FixedIncome","FI_treas_long",-0.0573231342082391
"93","FI_Development","2020-03-27 00-29-31","Mar 2015","FixedIncome","FI_treas_long",0.00750064251268983
"94","FI_Development","2020-03-27 00-29-31","Apr 2015","FixedIncome","FI_treas_long",-0.031773463659307
"95","FI_Development","2020-03-27 00-29-31","May 2015","FixedIncome","FI_treas_long",-0.024852477691817
"96","FI_Development","2020-03-27 00-29-31","Jun 2015","FixedIncome","FI_treas_long",-0.0380174056895189
"97","FI_Development","2020-03-27 00-29-31","Jul 2015","FixedIncome","FI_treas_long",0.0390807669789228
"98","FI_Development","2020-03-27 00-29-31","Aug 2015","FixedIncome","FI_treas_long",-0.00831097361067681
"99","FI_Development","2020-03-27 00-29-31","Sep 2015","FixedIncome","FI_treas_long",0.015767045006618
"100","FI_Development","2020-03-27 00-29-31","Oct 2015","FixedIncome","FI_treas_long",-0.00531399789360934
"101","FI_Development","2020-03-27 00-29-31","Nov 2015","FixedIncome","FI_treas_long",-0.0108252217299374
"102","FI_Development","2020-03-27 00-29-31","Dec 2015","FixedIncome","FI_treas_long",-0.00682208641273449
"103","FI_Development","2020-03-27 00-29-31","Jan 2016","FixedIncome","FI_treas_long",0.0523755309781206
"104","FI_Development","2020-03-27 00-29-31","Feb 2016","FixedIncome","FI_treas_long",0.0251563774816426
"105","FI_Development","2020-03-27 00-29-31","Mar 2016","FixedIncome","FI_treas_long",-0.000265260644647845
"106","FI_Development","2020-03-27 00-29-31","Apr 2016","FixedIncome","FI_treas_long",-0.00835881628343329
"107","FI_Development","2020-03-27 00-29-31","May 2016","FixedIncome","FI_treas_long",0.00481669801489692
"108","FI_Development","2020-03-27 00-29-31","Jun 2016","FixedIncome","FI_treas_long",0.0628495622596421
"109","FI_Development","2020-03-27 00-29-31","Jul 2016","FixedIncome","FI_treas_long",0.018291130042596
"110","FI_Development","2020-03-27 00-29-31","Aug 2016","FixedIncome","FI_treas_long",-0.012180093803644
"111","FI_Development","2020-03-27 00-29-31","Sep 2016","FixedIncome","FI_treas_long",-0.0153194918420727
"112","FI_Development","2020-03-27 00-29-31","Oct 2016","FixedIncome","FI_treas_long",-0.0438907423195229
"113","FI_Development","2020-03-27 00-29-31","Nov 2016","FixedIncome","FI_treas_long",-0.080830696167784
"114","FI_Development","2020-03-27 00-29-31","Dec 2016","FixedIncome","FI_treas_long",-0.00849170935568733
"115","FI_Development","2020-03-27 00-29-31","Jan 2017","FixedIncome","FI_treas_long",0.00754832341413848
"116","FI_Development","2020-03-27 00-29-31","Feb 2017","FixedIncome","FI_treas_long",0.0139748443178306
"117","FI_Development","2020-03-27 00-29-31","Mar 2017","FixedIncome","FI_treas_long",-0.0089513784868252
"118","FI_Development","2020-03-27 00-29-31","Apr 2017","FixedIncome","FI_treas_long",0.0136200143369175
"119","FI_Development","2020-03-27 00-29-31","May 2017","FixedIncome","FI_treas_long",0.015841641631776
"120","FI_Development","2020-03-27 00-29-31","Jun 2017","FixedIncome","FI_treas_long",0.00403787245892518
"121","FI_Development","2020-03-27 00-29-31","Jul 2017","FixedIncome","FI_treas_long",-0.00721126057412287
"122","FI_Development","2020-03-27 00-29-31","Aug 2017","FixedIncome","FI_treas_long",0.0301718692650856
"123","FI_Development","2020-03-27 00-29-31","Sep 2017","FixedIncome","FI_treas_long",-0.0239999457627119
"124","FI_Development","2020-03-27 00-29-31","Oct 2017","FixedIncome","FI_treas_long",-0.00222289512515171
"125","FI_Development","2020-03-27 00-29-31","Nov 2017","FixedIncome","FI_treas_long",0.00389860763018666
"126","FI_Development","2020-03-27 00-29-31","Dec 2017","FixedIncome","FI_treas_long",0.0149792237164834
"127","FI_Development","2020-03-27 00-29-31","Jan 2018","FixedIncome","FI_treas_long",-0.0338890953812518
"128","FI_Development","2020-03-27 00-29-31","Feb 2018","FixedIncome","FI_treas_long",-0.0316831135322837
"129","FI_Development","2020-03-27 00-29-31","Mar 2018","FixedIncome","FI_treas_long",0.0254162430616419
"130","FI_Development","2020-03-27 00-29-31","Apr 2018","FixedIncome","FI_treas_long",-0.0225070383194894
"131","FI_Development","2020-03-27 00-29-31","May 2018","FixedIncome","FI_treas_long",0.0171961813699743
"132","FI_Development","2020-03-27 00-29-31","Jun 2018","FixedIncome","FI_treas_long",0.00372484219341867
"133","FI_Development","2020-03-27 00-29-31","Jul 2018","FixedIncome","FI_treas_long",-0.0162717675213177
"134","FI_Development","2020-03-27 00-29-31","Aug 2018","FixedIncome","FI_treas_long",0.0107371738461164
"135","FI_Development","2020-03-27 00-29-31","Sep 2018","FixedIncome","FI_treas_long",-0.0295722923013326
"136","FI_Development","2020-03-27 00-29-31","Oct 2018","FixedIncome","FI_treas_long",-0.0307692612653627
"137","FI_Development","2020-03-27 00-29-31","Nov 2018","FixedIncome","FI_treas_long",0.0152625161942928
"138","FI_Development","2020-03-27 00-29-31","Dec 2018","FixedIncome","FI_treas_long",0.0535178324424431
"139","FI_Development","2020-03-27 00-29-31","Jan 2019","FixedIncome","FI_treas_long",0.00285382411946867
"140","FI_Development","2020-03-27 00-29-31","Feb 2019","FixedIncome","FI_treas_long",-0.0156516509861028
"141","FI_Development","2020-03-27 00-29-31","Mar 2019","FixedIncome","FI_treas_long",0.0520381324082105
"142","FI_Development","2020-03-27 00-29-31","Apr 2019","FixedIncome","FI_treas_long",-0.020884804091366
"143","FI_Development","2020-03-27 00-29-31","Jun 2013","FixedIncome","FI_IG_short",NA
"144","FI_Development","2020-03-27 00-29-31","Jul 2013","FixedIncome","FI_IG_short",0.00261523373651526
"145","FI_Development","2020-03-27 00-29-31","Aug 2013","FixedIncome","FI_IG_short",-0.00358659928268668
"146","FI_Development","2020-03-27 00-29-31","Sep 2013","FixedIncome","FI_IG_short",0.00589008527127233
"147","FI_Development","2020-03-27 00-29-31","Oct 2013","FixedIncome","FI_IG_short",0.000975927130774273
"148","FI_Development","2020-03-27 00-29-31","Nov 2013","FixedIncome","FI_IG_short",0.00162495937601562
"149","FI_Development","2020-03-27 00-29-31","Dec 2013","FixedIncome","FI_IG_short",-0.00421800778715125
"150","FI_Development","2020-03-27 00-29-31","Jan 2014","FixedIncome","FI_IG_short",0.00162916254059424
"151","FI_Development","2020-03-27 00-29-31","Feb 2014","FixedIncome","FI_IG_short",0.00227713077423562
"152","FI_Development","2020-03-27 00-29-31","Mar 2014","FixedIncome","FI_IG_short",-0.00162281731979283
"153","FI_Development","2020-03-27 00-29-31","Apr 2014","FixedIncome","FI_IG_short",0.000975325097529214
"154","FI_Development","2020-03-27 00-29-31","May 2014","FixedIncome","FI_IG_short",0.00194865209650371
"155","FI_Development","2020-03-27 00-29-31","Jun 2014","FixedIncome","FI_IG_short",-0.00129662884927067
"156","FI_Development","2020-03-27 00-29-31","Jul 2014","FixedIncome","FI_IG_short",-0.00227195723050828
"157","FI_Development","2020-03-27 00-29-31","Aug 2014","FixedIncome","FI_IG_short",0.00130126870527001
"158","FI_Development","2020-03-27 00-29-31","Sep 2014","FixedIncome","FI_IG_short",-0.00292397651319114
"159","FI_Development","2020-03-27 00-29-31","Oct 2014","FixedIncome","FI_IG_short",0.00195500156549364
"160","FI_Development","2020-03-27 00-29-31","Nov 2014","FixedIncome","FI_IG_short",-0.000650406504065027
"161","FI_Development","2020-03-27 00-29-31","Dec 2014","FixedIncome","FI_IG_short",-0.00488122356003912
"162","FI_Development","2020-03-27 00-29-31","Jan 2015","FixedIncome","FI_IG_short",0.0039241661216482
"163","FI_Development","2020-03-27 00-29-31","Feb 2015","FixedIncome","FI_IG_short",0.00130289898036154
"164","FI_Development","2020-03-27 00-29-31","Mar 2015","FixedIncome","FI_IG_short",0.000325309043591463
"165","FI_Development","2020-03-27 00-29-31","Apr 2015","FixedIncome","FI_IG_short",-0.00162598373983739
"166","FI_Development","2020-03-27 00-29-31","May 2015","FixedIncome","FI_IG_short",-0.00130296412693929
"167","FI_Development","2020-03-27 00-29-31","Jun 2015","FixedIncome","FI_IG_short",-0.00195694716242657
"168","FI_Development","2020-03-27 00-29-31","Jul 2015","FixedIncome","FI_IG_short",0
"169","FI_Development","2020-03-27 00-29-31","Aug 2015","FixedIncome","FI_IG_short",-0.00424839869281046
"170","FI_Development","2020-03-27 00-29-31","Sep 2015","FixedIncome","FI_IG_short",0.00164099119268098
"171","FI_Development","2020-03-27 00-29-31","Oct 2015","FixedIncome","FI_IG_short",0.00163826998689386
"172","FI_Development","2020-03-27 00-29-31","Nov 2015","FixedIncome","FI_IG_short",0
"173","FI_Development","2020-03-27 00-29-31","Dec 2015","FixedIncome","FI_IG_short",-0.00556100752371612
"174","FI_Development","2020-03-27 00-29-31","Jan 2016","FixedIncome","FI_IG_short",-0.00065792763157885
"175","FI_Development","2020-03-27 00-29-31","Feb 2016","FixedIncome","FI_IG_short",0.00362083619555079
"176","FI_Development","2020-03-27 00-29-31","Mar 2016","FixedIncome","FI_IG_short",0.00459163660216475
"177","FI_Development","2020-03-27 00-29-31","Apr 2016","FixedIncome","FI_IG_short",0.00228540653886403
"178","FI_Development","2020-03-27 00-29-31","May 2016","FixedIncome","FI_IG_short",-0.00228019536546591
"179","FI_Development","2020-03-27 00-29-31","Jun 2016","FixedIncome","FI_IG_short",0.00489722510274966
"180","FI_Development","2020-03-27 00-29-31","Jul 2016","FixedIncome","FI_IG_short",0.00194928518683288
"181","FI_Development","2020-03-27 00-29-31","Aug 2016","FixedIncome","FI_IG_short",-0.0022697795071336
"182","FI_Development","2020-03-27 00-29-31","Sep 2016","FixedIncome","FI_IG_short",0
"183","FI_Development","2020-03-27 00-29-31","Oct 2016","FixedIncome","FI_IG_short",-0.00194998375040623
"184","FI_Development","2020-03-27 00-29-31","Nov 2016","FixedIncome","FI_IG_short",-0.00553559119295314
"185","FI_Development","2020-03-27 00-29-31","Dec 2016","FixedIncome","FI_IG_short",-0.000327439412985008
"186","FI_Development","2020-03-27 00-29-31","Jan 2017","FixedIncome","FI_IG_short",0.00196524723336895
"187","FI_Development","2020-03-27 00-29-31","Feb 2017","FixedIncome","FI_IG_short",0.000653841124550526
"188","FI_Development","2020-03-27 00-29-31","Mar 2017","FixedIncome","FI_IG_short",0
"189","FI_Development","2020-03-27 00-29-31","Apr 2017","FixedIncome","FI_IG_short",0.000980006501796556
"190","FI_Development","2020-03-27 00-29-31","May 2017","FixedIncome","FI_IG_short",0.000979144940572686
"191","FI_Development","2020-03-27 00-29-31","Jun 2017","FixedIncome","FI_IG_short",-0.000978187153570335
"192","FI_Development","2020-03-27 00-29-31","Jul 2017","FixedIncome","FI_IG_short",0.00195828988114526
"193","FI_Development","2020-03-27 00-29-31","Aug 2017","FixedIncome","FI_IG_short",0.000977166091948991
"194","FI_Development","2020-03-27 00-29-31","Sep 2017","FixedIncome","FI_IG_short",-0.00195248942401558
"195","FI_Development","2020-03-27 00-29-31","Oct 2017","FixedIncome","FI_IG_short",-0.000326051516139601
"196","FI_Development","2020-03-27 00-29-31","Nov 2017","FixedIncome","FI_IG_short",-0.00489236790606649
"197","FI_Development","2020-03-27 00-29-31","Dec 2017","FixedIncome","FI_IG_short",-0.00294985250737463
"198","FI_Development","2020-03-27 00-29-31","Jan 2018","FixedIncome","FI_IG_short",-0.00230111768573308
"199","FI_Development","2020-03-27 00-29-31","Feb 2018","FixedIncome","FI_IG_short",-0.00494230642504122
"200","FI_Development","2020-03-27 00-29-31","Mar 2018","FixedIncome","FI_IG_short",0
"201","FI_Development","2020-03-27 00-29-31","Apr 2018","FixedIncome","FI_IG_short",-0.000993410563132055
"202","FI_Development","2020-03-27 00-29-31","May 2018","FixedIncome","FI_IG_short",0.0016572422936692
"203","FI_Development","2020-03-27 00-29-31","Jun 2018","FixedIncome","FI_IG_short",-0.0019854070809202
"204","FI_Development","2020-03-27 00-29-31","Jul 2018","FixedIncome","FI_IG_short",0.000994728116710829
"205","FI_Development","2020-03-27 00-29-31","Aug 2018","FixedIncome","FI_IG_short",0.00231861535877401
"206","FI_Development","2020-03-27 00-29-31","Sep 2018","FixedIncome","FI_IG_short",-0.00264375413086589
"207","FI_Development","2020-03-27 00-29-31","Oct 2018","FixedIncome","FI_IG_short",-0.002650762094102
"208","FI_Development","2020-03-27 00-29-31","Nov 2018","FixedIncome","FI_IG_short",-0.000664451827242629
"209","FI_Development","2020-03-27 00-29-31","Dec 2018","FixedIncome","FI_IG_short",0.00199464760638302
"210","FI_Development","2020-03-27 00-29-31","Jan 2019","FixedIncome","FI_IG_short",0.00895822856530289
"211","FI_Development","2020-03-27 00-29-31","Feb 2019","FixedIncome","FI_IG_short",0.000328839197632409
"212","FI_Development","2020-03-27 00-29-31","Mar 2019","FixedIncome","FI_IG_short",0.00427347140039441
"213","FI_Development","2020-03-27 00-29-31","Apr 2019","FixedIncome","FI_IG_short",0.00032733225294055
"214","FI_Development","2020-03-27 00-29-31","Jun 2013","FixedIncome","FI_IG_long",NA
"215","FI_Development","2020-03-27 00-29-31","Jul 2013","FixedIncome","FI_IG_long",-0.00291385438182398
"216","FI_Development","2020-03-27 00-29-31","Aug 2013","FixedIncome","FI_IG_long",-0.0159405282693802
"217","FI_Development","2020-03-27 00-29-31","Sep 2013","FixedIncome","FI_IG_long",-0.00215985424081875
"218","FI_Development","2020-03-27 00-29-31","Oct 2013","FixedIncome","FI_IG_long",0.0281385969212093
"219","FI_Development","2020-03-27 00-29-31","Nov 2013","FixedIncome","FI_IG_long",-0.0205263152493075
"220","FI_Development","2020-03-27 00-29-31","Dec 2013","FixedIncome","FI_IG_long",-0.00268678122818965
"221","FI_Development","2020-03-27 00-29-31","Jan 2014","FixedIncome","FI_IG_long",0.0315194378103296
"222","FI_Development","2020-03-27 00-29-31","Feb 2014","FixedIncome","FI_IG_long",0.0190650428432353
"223","FI_Development","2020-03-27 00-29-31","Mar 2014","FixedIncome","FI_IG_long",0.00615069179521549
"224","FI_Development","2020-03-27 00-29-31","Apr 2014","FixedIncome","FI_IG_long",0.0226693320766854
"225","FI_Development","2020-03-27 00-29-31","May 2014","FixedIncome","FI_IG_long",0.0124533253413033
"226","FI_Development","2020-03-27 00-29-31","Jun 2014","FixedIncome","FI_IG_long",-0.00122996309963105
"227","FI_Development","2020-03-27 00-29-31","Jul 2014","FixedIncome","FI_IG_long",0.000738842328135885
"228","FI_Development","2020-03-27 00-29-31","Aug 2014","FixedIncome","FI_IG_long",0.0273197151690798
"229","FI_Development","2020-03-27 00-29-31","Sep 2014","FixedIncome","FI_IG_long",-0.0299472455665367
"230","FI_Development","2020-03-27 00-29-31","Oct 2014","FixedIncome","FI_IG_long",0.0140775126184857
"231","FI_Development","2020-03-27 00-29-31","Nov 2014","FixedIncome","FI_IG_long",0.0065757428954669
"232","FI_Development","2020-03-27 00-29-31","Dec 2014","FixedIncome","FI_IG_long",0.000725901291143275
"233","FI_Development","2020-03-27 00-29-31","Jan 2015","FixedIncome","FI_IG_long",0.0614119424223419
"234","FI_Development","2020-03-27 00-29-31","Feb 2015","FixedIncome","FI_IG_long",-0.0287015951868245
"235","FI_Development","2020-03-27 00-29-31","Mar 2015","FixedIncome","FI_IG_long",-0.00680107895874956
"236","FI_Development","2020-03-27 00-29-31","Apr 2015","FixedIncome","FI_IG_long",-0.0314050051616292
"237","FI_Development","2020-03-27 00-29-31","May 2015","FixedIncome","FI_IG_long",-0.0287664682780708
"238","FI_Development","2020-03-27 00-29-31","Jun 2015","FixedIncome","FI_IG_long",-0.038905573753975
"239","FI_Development","2020-03-27 00-29-31","Jul 2015","FixedIncome","FI_IG_long",0.0214155259674128
"240","FI_Development","2020-03-27 00-29-31","Aug 2015","FixedIncome","FI_IG_long",-0.0230120551518267
"241","FI_Development","2020-03-27 00-29-31","Sep 2015","FixedIncome","FI_IG_long",0.00287885374089049
"242","FI_Development","2020-03-27 00-29-31","Oct 2015","FixedIncome","FI_IG_long",0.014091818709658
"243","FI_Development","2020-03-27 00-29-31","Nov 2015","FixedIncome","FI_IG_long",-0.0177560092062792
"244","FI_Development","2020-03-27 00-29-31","Dec 2015","FixedIncome","FI_IG_long",-0.0154571913091802
"245","FI_Development","2020-03-27 00-29-31","Jan 2016","FixedIncome","FI_IG_long",-0.00186270625149952
"246","FI_Development","2020-03-27 00-29-31","Feb 2016","FixedIncome","FI_IG_long",0.014129632474797
"247","FI_Development","2020-03-27 00-29-31","Mar 2016","FixedIncome","FI_IG_long",0.048633002814156
"248","FI_Development","2020-03-27 00-29-31","Apr 2016","FixedIncome","FI_IG_long",0.0258210196585355
"249","FI_Development","2020-03-27 00-29-31","May 2016","FixedIncome","FI_IG_long",-0.010508320729167
"250","FI_Development","2020-03-27 00-29-31","Jun 2016","FixedIncome","FI_IG_long",0.0424795618058888
"251","FI_Development","2020-03-27 00-29-31","Jul 2016","FixedIncome","FI_IG_long",0.0262970869330877
"252","FI_Development","2020-03-27 00-29-31","Aug 2016","FixedIncome","FI_IG_long",0.00184671059026001
"253","FI_Development","2020-03-27 00-29-31","Sep 2016","FixedIncome","FI_IG_long",-0.0117510834908334
"254","FI_Development","2020-03-27 00-29-31","Oct 2016","FixedIncome","FI_IG_long",-0.0284448466205445
"255","FI_Development","2020-03-27 00-29-31","Nov 2016","FixedIncome","FI_IG_long",-0.0592753038417817
"256","FI_Development","2020-03-27 00-29-31","Dec 2016","FixedIncome","FI_IG_long",0.0170918497078041
"257","FI_Development","2020-03-27 00-29-31","Jan 2017","FixedIncome","FI_IG_long",0.00175571858540267
"258","FI_Development","2020-03-27 00-29-31","Feb 2017","FixedIncome","FI_IG_long",0.016524824530235
"259","FI_Development","2020-03-27 00-29-31","Mar 2017","FixedIncome","FI_IG_long",-0.010837499466133
"260","FI_Development","2020-03-27 00-29-31","Apr 2017","FixedIncome","FI_IG_long",0.0117031749465037
"261","FI_Development","2020-03-27 00-29-31","May 2017","FixedIncome","FI_IG_long",0.0199360452851599
"262","FI_Development","2020-03-27 00-29-31","Jun 2017","FixedIncome","FI_IG_long",0.00482624270238608
"263","FI_Development","2020-03-27 00-29-31","Jul 2017","FixedIncome","FI_IG_long",0.00792507204610947
"264","FI_Development","2020-03-27 00-29-31","Aug 2017","FixedIncome","FI_IG_long",0.0061949249463903
"265","FI_Development","2020-03-27 00-29-31","Sep 2017","FixedIncome","FI_IG_long",-0.0026048069475538
"266","FI_Development","2020-03-27 00-29-31","Oct 2017","FixedIncome","FI_IG_long",0.00284900284900292
"267","FI_Development","2020-03-27 00-29-31","Nov 2017","FixedIncome","FI_IG_long",-0.000355113636363692
"268","FI_Development","2020-03-27 00-29-31","Dec 2017","FixedIncome","FI_IG_long",0.0163410657193606
"269","FI_Development","2020-03-27 00-29-31","Jan 2018","FixedIncome","FI_IG_long",-0.0111848999935372
"270","FI_Development","2020-03-27 00-29-31","Feb 2018","FixedIncome","FI_IG_long",-0.0448922218136366
"271","FI_Development","2020-03-27 00-29-31","Mar 2018","FixedIncome","FI_IG_long",0.00925240562546262
"272","FI_Development","2020-03-27 00-29-31","Apr 2018","FixedIncome","FI_IG_long",-0.0286028602860286
"273","FI_Development","2020-03-27 00-29-31","May 2018","FixedIncome","FI_IG_long",-0.0011325405813514
"274","FI_Development","2020-03-27 00-29-31","Jun 2018","FixedIncome","FI_IG_long",-0.012849509177986
"275","FI_Development","2020-03-27 00-29-31","Jul 2018","FixedIncome","FI_IG_long",0.0133996166386059
"276","FI_Development","2020-03-27 00-29-31","Aug 2018","FixedIncome","FI_IG_long",-0.00491118265625932
"277","FI_Development","2020-03-27 00-29-31","Sep 2018","FixedIncome","FI_IG_long",-0.00645406226271823
"278","FI_Development","2020-03-27 00-29-31","Oct 2018","FixedIncome","FI_IG_long",-0.03897592663355
"279","FI_Development","2020-03-27 00-29-31","Nov 2018","FixedIncome","FI_IG_long",-0.0099403578528827
"280","FI_Development","2020-03-27 00-29-31","Dec 2018","FixedIncome","FI_IG_long",0.0192770682730925
"281","FI_Development","2020-03-27 00-29-31","Jan 2019","FixedIncome","FI_IG_long",0.0382191110409421
"282","FI_Development","2020-03-27 00-29-31","Feb 2019","FixedIncome","FI_IG_long",-0.00986717267552188
"283","FI_Development","2020-03-27 00-29-31","Mar 2019","FixedIncome","FI_IG_long",0.0398619777692603
"284","FI_Development","2020-03-27 00-29-31","Apr 2019","FixedIncome","FI_IG_long",0.00221164770407832
"285","FI_Development","2020-03-27 00-29-31","Jun 2013","FixedIncome","FI_IG_mid",NA
"286","FI_Development","2020-03-27 00-29-31","Jul 2013","FixedIncome","FI_IG_mid",0.00238160166716273
"287","FI_Development","2020-03-27 00-29-31","Aug 2013","FixedIncome","FI_IG_mid",-0.00683097753673758
"288","FI_Development","2020-03-27 00-29-31","Sep 2013","FixedIncome","FI_IG_mid",0.00897138184723022
"289","FI_Development","2020-03-27 00-29-31","Oct 2013","FixedIncome","FI_IG_mid",0.00978061589919299
"290","FI_Development","2020-03-27 00-29-31","Nov 2013","FixedIncome","FI_IG_mid",-0.0055767243909598
"291","FI_Development","2020-03-27 00-29-31","Dec 2013","FixedIncome","FI_IG_mid",-0.00826455111379721
"292","FI_Development","2020-03-27 00-29-31","Jan 2014","FixedIncome","FI_IG_mid",0.0119048221371918
"293","FI_Development","2020-03-27 00-29-31","Feb 2014","FixedIncome","FI_IG_mid",0.00529411764705882
"294","FI_Development","2020-03-27 00-29-31","Mar 2014","FixedIncome","FI_IG_mid",-0.00526623756582796
"295","FI_Development","2020-03-27 00-29-31","Apr 2014","FixedIncome","FI_IG_mid",0.00382355882352941
"296","FI_Development","2020-03-27 00-29-31","May 2014","FixedIncome","FI_IG_mid",0.0084968353795243
"297","FI_Development","2020-03-27 00-29-31","Jun 2014","FixedIncome","FI_IG_mid",0.00116214416979349
"298","FI_Development","2020-03-27 00-29-31","Jul 2014","FixedIncome","FI_IG_mid",-0.00696453879757802
"299","FI_Development","2020-03-27 00-29-31","Aug 2014","FixedIncome","FI_IG_mid",0.00759786652256361
"300","FI_Development","2020-03-27 00-29-31","Sep 2014","FixedIncome","FI_IG_mid",-0.0101507830626449
"301","FI_Development","2020-03-27 00-29-31","Oct 2014","FixedIncome","FI_IG_mid",0.0058599763885152
"302","FI_Development","2020-03-27 00-29-31","Nov 2014","FixedIncome","FI_IG_mid",0.00174765501033186
"303","FI_Development","2020-03-27 00-29-31","Dec 2014","FixedIncome","FI_IG_mid",-0.00610639738605411
"304","FI_Development","2020-03-27 00-29-31","Jan 2015","FixedIncome","FI_IG_mid",0.0184318607372733
"305","FI_Development","2020-03-27 00-29-31","Feb 2015","FixedIncome","FI_IG_mid",-0.0100546391825727
"306","FI_Development","2020-03-27 00-29-31","Mar 2015","FixedIncome","FI_IG_mid",0.0023215903169351
"307","FI_Development","2020-03-27 00-29-31","Apr 2015","FixedIncome","FI_IG_mid",-0.000579067730773763
"308","FI_Development","2020-03-27 00-29-31","May 2015","FixedIncome","FI_IG_mid",-0.00579374275782163
"309","FI_Development","2020-03-27 00-29-31","Jun 2015","FixedIncome","FI_IG_mid",-0.010198106060606
"310","FI_Development","2020-03-27 00-29-31","Jul 2015","FixedIncome","FI_IG_mid",0.00117742121938706
"311","FI_Development","2020-03-27 00-29-31","Aug 2015","FixedIncome","FI_IG_mid",-0.00646859785172603
"312","FI_Development","2020-03-27 00-29-31","Sep 2015","FixedIncome","FI_IG_mid",0.00473512859617861
"313","FI_Development","2020-03-27 00-29-31","Oct 2015","FixedIncome","FI_IG_mid",0
"314","FI_Development","2020-03-27 00-29-31","Nov 2015","FixedIncome","FI_IG_mid",-0.00206185560937098
"315","FI_Development","2020-03-27 00-29-31","Dec 2015","FixedIncome","FI_IG_mid",-0.0132822014969834
"316","FI_Development","2020-03-27 00-29-31","Jan 2016","FixedIncome","FI_IG_mid",0.00658097517200122
"317","FI_Development","2020-03-27 00-29-31","Feb 2016","FixedIncome","FI_IG_mid",0.00564629981299861
"318","FI_Development","2020-03-27 00-29-31","Mar 2016","FixedIncome","FI_IG_mid",0.0127068557919622
"319","FI_Development","2020-03-27 00-29-31","Apr 2016","FixedIncome","FI_IG_mid",0.0058360373504523
"320","FI_Development","2020-03-27 00-29-31","May 2016","FixedIncome","FI_IG_mid",-0.00435163898022524
"321","FI_Development","2020-03-27 00-29-31","Jun 2016","FixedIncome","FI_IG_mid",0.0166083624708626
"322","FI_Development","2020-03-27 00-29-31","Jul 2016","FixedIncome","FI_IG_mid",0.00372602475569002
"323","FI_Development","2020-03-27 00-29-31","Aug 2016","FixedIncome","FI_IG_mid",-0.00342655625356946
"324","FI_Development","2020-03-27 00-29-31","Sep 2016","FixedIncome","FI_IG_mid",0.000286475628282083
"325","FI_Development","2020-03-27 00-29-31","Oct 2016","FixedIncome","FI_IG_mid",-0.00716127184187912
"326","FI_Development","2020-03-27 00-29-31","Nov 2016","FixedIncome","FI_IG_mid",-0.0213503173687247
"327","FI_Development","2020-03-27 00-29-31","Dec 2016","FixedIncome","FI_IG_mid",-0.000294752375869924
"328","FI_Development","2020-03-27 00-29-31","Jan 2017","FixedIncome","FI_IG_mid",0.00442350339133009
"329","FI_Development","2020-03-27 00-29-31","Feb 2017","FixedIncome","FI_IG_mid",0.00528482074912438
"330","FI_Development","2020-03-27 00-29-31","Mar 2017","FixedIncome","FI_IG_mid",-0.00321264584038275
"331","FI_Development","2020-03-27 00-29-31","Apr 2017","FixedIncome","FI_IG_mid",0.00527395237990177
"332","FI_Development","2020-03-27 00-29-31","May 2017","FixedIncome","FI_IG_mid",0.00553771479050672
"333","FI_Development","2020-03-27 00-29-31","Jun 2017","FixedIncome","FI_IG_mid",-0.00260869565217401
"334","FI_Development","2020-03-27 00-29-31","Jul 2017","FixedIncome","FI_IG_mid",0.0052310374891022
"335","FI_Development","2020-03-27 00-29-31","Aug 2017","FixedIncome","FI_IG_mid",0.00202370627348925
"336","FI_Development","2020-03-27 00-29-31","Sep 2017","FixedIncome","FI_IG_mid",-0.00432781304096923
"337","FI_Development","2020-03-27 00-29-31","Oct 2017","FixedIncome","FI_IG_mid",0.000289829051859118
"338","FI_Development","2020-03-27 00-29-31","Nov 2017","FixedIncome","FI_IG_mid",-0.00550399768250298
"339","FI_Development","2020-03-27 00-29-31","Dec 2017","FixedIncome","FI_IG_mid",-0.0032042235243679
"340","FI_Development","2020-03-27 00-29-31","Jan 2018","FixedIncome","FI_IG_mid",-0.00730566898580745
"341","FI_Development","2020-03-27 00-29-31","Feb 2018","FixedIncome","FI_IG_mid",-0.0114806885051314
"342","FI_Development","2020-03-27 00-29-31","Mar 2018","FixedIncome","FI_IG_mid",-0.00119121493798612
"343","FI_Development","2020-03-27 00-29-31","Apr 2018","FixedIncome","FI_IG_mid",-0.00685748339721269
"344","FI_Development","2020-03-27 00-29-31","May 2018","FixedIncome","FI_IG_mid",0.00150105069045171
"345","FI_Development","2020-03-27 00-29-31","Jun 2018","FixedIncome","FI_IG_mid",-0.00209832128002635
"346","FI_Development","2020-03-27 00-29-31","Jul 2018","FixedIncome","FI_IG_mid",0.00180225287466957
"347","FI_Development","2020-03-27 00-29-31","Aug 2018","FixedIncome","FI_IG_mid",0.00179916052768571
"348","FI_Development","2020-03-27 00-29-31","Sep 2018","FixedIncome","FI_IG_mid",-0.00329245734809928
"349","FI_Development","2020-03-27 00-29-31","Oct 2018","FixedIncome","FI_IG_mid",-0.00900897924951889
"350","FI_Development","2020-03-27 00-29-31","Nov 2018","FixedIncome","FI_IG_mid",-0.00424239393939403
"351","FI_Development","2020-03-27 00-29-31","Dec 2018","FixedIncome","FI_IG_mid",0.00547778437377405
"352","FI_Development","2020-03-27 00-29-31","Jan 2019","FixedIncome","FI_IG_mid",0.0205811131785379
"353","FI_Development","2020-03-27 00-29-31","Feb 2019","FixedIncome","FI_IG_mid",-0.00118626924121395
"354","FI_Development","2020-03-27 00-29-31","Mar 2019","FixedIncome","FI_IG_mid",0.0145486342042755
"355","FI_Development","2020-03-27 00-29-31","Apr 2019","FixedIncome","FI_IG_mid",0.00117064683468825
"356","FI_Development","2020-03-27 00-29-31","Jun 2013","FixedIncome","FI_HY",NA
"357","FI_Development","2020-03-27 00-29-31","Jul 2013","FixedIncome","FI_HY",0.0200050221996706
"358","FI_Development","2020-03-27 00-29-31","Aug 2013","FixedIncome","FI_HY",-0.0151439429044668
"359","FI_Development","2020-03-27 00-29-31","Sep 2013","FixedIncome","FI_HY",0.00428531208662616
"360","FI_Development","2020-03-27 00-29-31","Oct 2013","FixedIncome","FI_HY",0.0198293345004016
"361","FI_Development","2020-03-27 00-29-31","Nov 2013","FixedIncome","FI_HY",0.00295349087663867
"362","FI_Development","2020-03-27 00-29-31","Dec 2013","FixedIncome","FI_HY",-0.00466257668711651
"363","FI_Development","2020-03-27 00-29-31","Jan 2014","FixedIncome","FI_HY",0.00567063609467447
"364","FI_Development","2020-03-27 00-29-31","Feb 2014","FixedIncome","FI_HY",0.0181416437490812
"365","FI_Development","2020-03-27 00-29-31","Mar 2014","FixedIncome","FI_HY",-0.00505656168413396
"366","FI_Development","2020-03-27 00-29-31","Apr 2014","FixedIncome","FI_HY",0.000726072932607942
"367","FI_Development","2020-03-27 00-29-31","May 2014","FixedIncome","FI_HY",0.00435302689996707
"368","FI_Development","2020-03-27 00-29-31","Jun 2014","FixedIncome","FI_HY",0.00481584412282996
"369","FI_Development","2020-03-27 00-29-31","Jul 2014","FixedIncome","FI_HY",-0.0282770184794789
"370","FI_Development","2020-03-27 00-29-31","Aug 2014","FixedIncome","FI_HY",0.0202219396593187
"371","FI_Development","2020-03-27 00-29-31","Sep 2014","FixedIncome","FI_HY",-0.0287648051827829
"372","FI_Development","2020-03-27 00-29-31","Oct 2014","FixedIncome","FI_HY",0.00447984897561092
"373","FI_Development","2020-03-27 00-29-31","Nov 2014","FixedIncome","FI_HY",-0.0193260981280789
"374","FI_Development","2020-03-27 00-29-31","Dec 2014","FixedIncome","FI_HY",-0.0245072936585362
"375","FI_Development","2020-03-27 00-29-31","Jan 2015","FixedIncome","FI_HY",0.00854699113274642
"376","FI_Development","2020-03-27 00-29-31","Feb 2015","FixedIncome","FI_HY",0.0215716144495806
"377","FI_Development","2020-03-27 00-29-31","Mar 2015","FixedIncome","FI_HY",-0.014077359278611
"378","FI_Development","2020-03-27 00-29-31","Apr 2015","FixedIncome","FI_HY",0.00560934878091618
"379","FI_Development","2020-03-27 00-29-31","May 2015","FixedIncome","FI_HY",-0.000507082488167623
"380","FI_Development","2020-03-27 00-29-31","Jun 2015","FixedIncome","FI_HY",-0.0251141632823581
"381","FI_Development","2020-03-27 00-29-31","Jul 2015","FixedIncome","FI_HY",-0.011969789123343
"382","FI_Development","2020-03-27 00-29-31","Aug 2015","FixedIncome","FI_HY",-0.0252831612577241
"383","FI_Development","2020-03-27 00-29-31","Sep 2015","FixedIncome","FI_HY",-0.036476592240625
"384","FI_Development","2020-03-27 00-29-31","Oct 2015","FixedIncome","FI_HY",0.0227145347902075
"385","FI_Development","2020-03-27 00-29-31","Nov 2015","FixedIncome","FI_HY",-0.0304359919409198
"386","FI_Development","2020-03-27 00-29-31","Dec 2015","FixedIncome","FI_HY",-0.0410067771303398
"387","FI_Development","2020-03-27 00-29-31","Jan 2016","FixedIncome","FI_HY",-0.0206429365779139
"388","FI_Development","2020-03-27 00-29-31","Feb 2016","FixedIncome","FI_HY",0.00662455103757557
"389","FI_Development","2020-03-27 00-29-31","Mar 2016","FixedIncome","FI_HY",0.0245288560721023
"390","FI_Development","2020-03-27 00-29-31","Apr 2016","FixedIncome","FI_HY",0.0306569537712895
"391","FI_Development","2020-03-27 00-29-31","May 2016","FixedIncome","FI_HY",-0.00198300279541065
"392","FI_Development","2020-03-27 00-29-31","Jun 2016","FixedIncome","FI_HY",0.0130570344771115
"393","FI_Development","2020-03-27 00-29-31","Jul 2016","FixedIncome","FI_HY",0.0103670495937239
"394","FI_Development","2020-03-27 00-29-31","Aug 2016","FixedIncome","FI_HY",0.0133111758180809
"395","FI_Development","2020-03-27 00-29-31","Sep 2016","FixedIncome","FI_HY",0.00492611736199281
"396","FI_Development","2020-03-27 00-29-31","Oct 2016","FixedIncome","FI_HY",-0.0125272780491184
"397","FI_Development","2020-03-27 00-29-31","Nov 2016","FixedIncome","FI_HY",-0.00386098551076478
"398","FI_Development","2020-03-27 00-29-31","Dec 2016","FixedIncome","FI_HY",0.00913618485477868
"399","FI_Development","2020-03-27 00-29-31","Jan 2017","FixedIncome","FI_HY",0.0126200733903991
"400","FI_Development","2020-03-27 00-29-31","Feb 2017","FixedIncome","FI_HY",0.00839881671456294
"401","FI_Development","2020-03-27 00-29-31","Mar 2017","FixedIncome","FI_HY",-0.00779153652905114
"402","FI_Development","2020-03-27 00-29-31","Apr 2017","FixedIncome","FI_HY",0.00568640666408156
"403","FI_Development","2020-03-27 00-29-31","May 2017","FixedIncome","FI_HY",0.00673128714290589
"404","FI_Development","2020-03-27 00-29-31","Jun 2017","FixedIncome","FI_HY",-0.00508157270360304
"405","FI_Development","2020-03-27 00-29-31","Jul 2017","FixedIncome","FI_HY",0.00537633522179809
"406","FI_Development","2020-03-27 00-29-31","Aug 2017","FixedIncome","FI_HY",-0.00374329778279756
"407","FI_Development","2020-03-27 00-29-31","Sep 2017","FixedIncome","FI_HY",0.00161030597253801
"408","FI_Development","2020-03-27 00-29-31","Oct 2017","FixedIncome","FI_HY",-0.00214360487802434
"409","FI_Development","2020-03-27 00-29-31","Nov 2017","FixedIncome","FI_HY",-0.00805586279935679
"410","FI_Development","2020-03-27 00-29-31","Dec 2017","FixedIncome","FI_HY",-0.00595556758707808
"411","FI_Development","2020-03-27 00-29-31","Jan 2018","FixedIncome","FI_HY",-0.000544716755820028
"412","FI_Development","2020-03-27 00-29-31","Feb 2018","FixedIncome","FI_HY",-0.0133515079627885
"413","FI_Development","2020-03-27 00-29-31","Mar 2018","FixedIncome","FI_HY",-0.00994195001220518
"414","FI_Development","2020-03-27 00-29-31","Apr 2018","FixedIncome","FI_HY",0.000557861444225093
"415","FI_Development","2020-03-27 00-29-31","May 2018","FixedIncome","FI_HY",-0.00696961242477825
"416","FI_Development","2020-03-27 00-29-31","Jun 2018","FixedIncome","FI_HY",-0.00393036679833074
"417","FI_Development","2020-03-27 00-29-31","Jul 2018","FixedIncome","FI_HY",0.0129650316992665
"418","FI_Development","2020-03-27 00-29-31","Aug 2018","FixedIncome","FI_HY",0.00166944908180307
"419","FI_Development","2020-03-27 00-29-31","Sep 2018","FixedIncome","FI_HY",0.00138890740740741
"420","FI_Development","2020-03-27 00-29-31","Oct 2018","FixedIncome","FI_HY",-0.0246879237228309
"421","FI_Development","2020-03-27 00-29-31","Nov 2018","FixedIncome","FI_HY",-0.0122298157310442
"422","FI_Development","2020-03-27 00-29-31","Dec 2018","FixedIncome","FI_HY",-0.0328246946381669
"423","FI_Development","2020-03-27 00-29-31","Jan 2019","FixedIncome","FI_HY",0.0523966076926647
"424","FI_Development","2020-03-27 00-29-31","Feb 2019","FixedIncome","FI_HY",0.00961807610698502
"425","FI_Development","2020-03-27 00-29-31","Mar 2019","FixedIncome","FI_HY",0.00784636219295797
"426","FI_Development","2020-03-27 00-29-31","Apr 2019","FixedIncome","FI_HY",0.00834029360177652
"427","FI_Development","2020-03-27 00-29-31","Jun 2013","FixedIncome","FI_deved_intl",NA
"428","FI_Development","2020-03-27 00-29-31","Jul 2013","FixedIncome","FI_deved_intl",0.00161914592187817
"429","FI_Development","2020-03-27 00-29-31","Aug 2013","FixedIncome","FI_deved_intl",-0.00323297622820861
"430","FI_Development","2020-03-27 00-29-31","Sep 2013","FixedIncome","FI_deved_intl",0.0064869245292145
"431","FI_Development","2020-03-27 00-29-31","Oct 2013","FixedIncome","FI_deved_intl",0.00886199360072539
"432","FI_Development","2020-03-27 00-29-31","Nov 2013","FixedIncome","FI_deved_intl",-0.00139748452784988
"433","FI_Development","2020-03-27 00-29-31","Dec 2013","FixedIncome","FI_deved_intl",-0.00799682127149147
"434","FI_Development","2020-03-27 00-29-31","Jan 2014","FixedIncome","FI_deved_intl",0.0143088072210562
"435","FI_Development","2020-03-27 00-29-31","Feb 2014","FixedIncome","FI_deved_intl",0.00357631617022393
"436","FI_Development","2020-03-27 00-29-31","Mar 2014","FixedIncome","FI_deved_intl",0.00197986545158829
"437","FI_Development","2020-03-27 00-29-31","Apr 2014","FixedIncome","FI_deved_intl",0.00474208645046268
"438","FI_Development","2020-03-27 00-29-31","May 2014","FixedIncome","FI_deved_intl",0.00609640141972075
"439","FI_Development","2020-03-27 00-29-31","Jun 2014","FixedIncome","FI_deved_intl",0.00488663017982799
"440","FI_Development","2020-03-27 00-29-31","Jul 2014","FixedIncome","FI_deved_intl",0.00389031316864424
"441","FI_Development","2020-03-27 00-29-31","Aug 2014","FixedIncome","FI_deved_intl",0.0122069557797528
"442","FI_Development","2020-03-27 00-29-31","Sep 2014","FixedIncome","FI_deved_intl",-0.00248853359538539
"443","FI_Development","2020-03-27 00-29-31","Oct 2014","FixedIncome","FI_deved_intl",0.00498940692785638
"444","FI_Development","2020-03-27 00-29-31","Nov 2014","FixedIncome","FI_deved_intl",0.00763797990525077
"445","FI_Development","2020-03-27 00-29-31","Dec 2014","FixedIncome","FI_deved_intl",0.00644307371612647
"446","FI_Development","2020-03-27 00-29-31","Jan 2015","FixedIncome","FI_deved_intl",0.0178874031653662
"447","FI_Development","2020-03-27 00-29-31","Feb 2015","FixedIncome","FI_deved_intl",-0.00314469102581032
"448","FI_Development","2020-03-27 00-29-31","Mar 2015","FixedIncome","FI_deved_intl",0.00371128231047101
"449","FI_Development","2020-03-27 00-29-31","Apr 2015","FixedIncome","FI_deved_intl",-0.0112775004621928
"450","FI_Development","2020-03-27 00-29-31","May 2015","FixedIncome","FI_deved_intl",-0.00635753552729981
"451","FI_Development","2020-03-27 00-29-31","Jun 2015","FixedIncome","FI_deved_intl",-0.014490026618179
"452","FI_Development","2020-03-27 00-29-31","Jul 2015","FixedIncome","FI_deved_intl",0.0116479093306837
"453","FI_Development","2020-03-27 00-29-31","Aug 2015","FixedIncome","FI_deved_intl",-0.00792750094375231
"454","FI_Development","2020-03-27 00-29-31","Sep 2015","FixedIncome","FI_deved_intl",0.00703955466058686
"455","FI_Development","2020-03-27 00-29-31","Oct 2015","FixedIncome","FI_deved_intl",0.00472321934630644
"456","FI_Development","2020-03-27 00-29-31","Nov 2015","FixedIncome","FI_deved_intl",0.000376100037608135
"457","FI_Development","2020-03-27 00-29-31","Dec 2015","FixedIncome","FI_deved_intl",-0.00601503748092035
"458","FI_Development","2020-03-27 00-29-31","Jan 2016","FixedIncome","FI_deved_intl",0.0130483923402346
"459","FI_Development","2020-03-27 00-29-31","Feb 2016","FixedIncome","FI_deved_intl",0.0115736232966212
"460","FI_Development","2020-03-27 00-29-31","Mar 2016","FixedIncome","FI_deved_intl",0.00645879325445266
"461","FI_Development","2020-03-27 00-29-31","Apr 2016","FixedIncome","FI_deved_intl",-0.00366705163793439
"462","FI_Development","2020-03-27 00-29-31","May 2016","FixedIncome","FI_deved_intl",0.00644090909090903
"463","FI_Development","2020-03-27 00-29-31","Jun 2016","FixedIncome","FI_deved_intl",0.0184677640970518
"464","FI_Development","2020-03-27 00-29-31","Jul 2016","FixedIncome","FI_deved_intl",0.00718127455688913
"465","FI_Development","2020-03-27 00-29-31","Aug 2016","FixedIncome","FI_deved_intl",-0.000178217475159196
"466","FI_Development","2020-03-27 00-29-31","Sep 2016","FixedIncome","FI_deved_intl",-0.000891406667855354
"467","FI_Development","2020-03-27 00-29-31","Oct 2016","FixedIncome","FI_deved_intl",-0.0135617770599255
"468","FI_Development","2020-03-27 00-29-31","Nov 2016","FixedIncome","FI_deved_intl",-0.0135672940225632
"469","FI_Development","2020-03-27 00-29-31","Dec 2016","FixedIncome","FI_deved_intl",-0.00440121042364222
"470","FI_Development","2020-03-27 00-29-31","Jan 2017","FixedIncome","FI_deved_intl",-0.00976244225893445
"471","FI_Development","2020-03-27 00-29-31","Feb 2017","FixedIncome","FI_deved_intl",0.00799853080351672
"472","FI_Development","2020-03-27 00-29-31","Mar 2017","FixedIncome","FI_deved_intl",-0.00110717846663921
"473","FI_Development","2020-03-27 00-29-31","Apr 2017","FixedIncome","FI_deved_intl",0.00406423417579466
"474","FI_Development","2020-03-27 00-29-31","May 2017","FixedIncome","FI_deved_intl",0.00643979784507078
"475","FI_Development","2020-03-27 00-29-31","Jun 2017","FixedIncome","FI_deved_intl",-0.00621572200702525
"476","FI_Development","2020-03-27 00-29-31","Jul 2017","FixedIncome","FI_deved_intl",0.000735853555263984
"477","FI_Development","2020-03-27 00-29-31","Aug 2017","FixedIncome","FI_deved_intl",0.00845586365971083
"478","FI_Development","2020-03-27 00-29-31","Sep 2017","FixedIncome","FI_deved_intl",-0.00492163680419899
"479","FI_Development","2020-03-27 00-29-31","Oct 2017","FixedIncome","FI_deved_intl",0.00531234658362331
"480","FI_Development","2020-03-27 00-29-31","Nov 2017","FixedIncome","FI_deved_intl",0.00145768947781184
"481","FI_Development","2020-03-27 00-29-31","Dec 2017","FixedIncome","FI_deved_intl",-0.0107350802535496
"482","FI_Development","2020-03-27 00-29-31","Jan 2018","FixedIncome","FI_deved_intl",-0.00570163703699903
"483","FI_Development","2020-03-27 00-29-31","Feb 2018","FixedIncome","FI_deved_intl",0.00166483533731346
"484","FI_Development","2020-03-27 00-29-31","Mar 2018","FixedIncome","FI_deved_intl",0.0107109506662621
"485","FI_Development","2020-03-27 00-29-31","Apr 2018","FixedIncome","FI_deved_intl",-0.00237533345514339
"486","FI_Development","2020-03-27 00-29-31","May 2018","FixedIncome","FI_deved_intl",-0.0031135165975647
"487","FI_Development","2020-03-27 00-29-31","Jun 2018","FixedIncome","FI_deved_intl",0.00514420356421098
"488","FI_Development","2020-03-27 00-29-31","Jul 2018","FixedIncome","FI_deved_intl",0.000548400668038644
"489","FI_Development","2020-03-27 00-29-31","Aug 2018","FixedIncome","FI_deved_intl",-0.000365381791546034
"490","FI_Development","2020-03-27 00-29-31","Sep 2018","FixedIncome","FI_deved_intl",-0.003289473624096
"491","FI_Development","2020-03-27 00-29-31","Oct 2018","FixedIncome","FI_deved_intl",-0.000183388335471429
"492","FI_Development","2020-03-27 00-29-31","Nov 2018","FixedIncome","FI_deved_intl",0.00421784346630937
"493","FI_Development","2020-03-27 00-29-31","Dec 2018","FixedIncome","FI_deved_intl",-0.00931333123861697
"494","FI_Development","2020-03-27 00-29-31","Jan 2019","FixedIncome","FI_deved_intl",0.00995393548387091
"495","FI_Development","2020-03-27 00-29-31","Feb 2019","FixedIncome","FI_deved_intl",0.00109503557045021
"496","FI_Development","2020-03-27 00-29-31","Mar 2019","FixedIncome","FI_deved_intl",0.016773054394642
"497","FI_Development","2020-03-27 00-29-31","Apr 2019","FixedIncome","FI_deved_intl",0.000717249417249357
"498","FI_Development","2020-03-27 00-29-31","Jun 2013","FixedIncome","FI_deving_intl",NA
"499","FI_Development","2020-03-27 00-29-31","Jul 2013","FixedIncome","FI_deving_intl",0.00944350758853292
"500","FI_Development","2020-03-27 00-29-31","Aug 2013","FixedIncome","FI_deving_intl",-0.0324089876378216
"501","FI_Development","2020-03-27 00-29-31","Sep 2013","FixedIncome","FI_deving_intl",0.0438536272048905
"502","FI_Development","2020-03-27 00-29-31","Oct 2013","FixedIncome","FI_deving_intl",0.0148858749586503
"503","FI_Development","2020-03-27 00-29-31","Nov 2013","FixedIncome","FI_deving_intl",-0.0273794002607562
"504","FI_Development","2020-03-27 00-29-31","Dec 2013","FixedIncome","FI_deving_intl",-0.00301608579088471
"505","FI_Development","2020-03-27 00-29-31","Jan 2014","FixedIncome","FI_deving_intl",-0.0490755966386555
"506","FI_Development","2020-03-27 00-29-31","Feb 2014","FixedIncome","FI_deving_intl",0.0286319890904211
"507","FI_Development","2020-03-27 00-29-31","Mar 2014","FixedIncome","FI_deving_intl",0.0189003436426116
"508","FI_Development","2020-03-27 00-29-31","Apr 2014","FixedIncome","FI_deving_intl",0.0158516357504216
"509","FI_Development","2020-03-27 00-29-31","May 2014","FixedIncome","FI_deving_intl",0.0249003975796681
"510","FI_Development","2020-03-27 00-29-31","Jun 2014","FixedIncome","FI_deving_intl",0.01133780332563
"511","FI_Development","2020-03-27 00-29-31","Jul 2014","FixedIncome","FI_deving_intl",-0.00480458055107565
"512","FI_Development","2020-03-27 00-29-31","Aug 2014","FixedIncome","FI_deving_intl",0.00225294496298678
"513","FI_Development","2020-03-27 00-29-31","Sep 2014","FixedIncome","FI_deving_intl",-0.049132885328609
"514","FI_Development","2020-03-27 00-29-31","Oct 2014","FixedIncome","FI_deving_intl",0.0121579867558938
"515","FI_Development","2020-03-27 00-29-31","Nov 2014","FixedIncome","FI_deving_intl",-0.0143476147596802
"516","FI_Development","2020-03-27 00-29-31","Dec 2014","FixedIncome","FI_deving_intl",-0.0382532485357736
"517","FI_Development","2020-03-27 00-29-31","Jan 2015","FixedIncome","FI_deving_intl",-0.00633579725448785
"518","FI_Development","2020-03-27 00-29-31","Feb 2015","FixedIncome","FI_deving_intl",-0.00850159404888424
"519","FI_Development","2020-03-27 00-29-31","Mar 2015","FixedIncome","FI_deving_intl",-0.0264380135762772
"520","FI_Development","2020-03-27 00-29-31","Apr 2015","FixedIncome","FI_deving_intl",0.0264219816513762
"521","FI_Development","2020-03-27 00-29-31","May 2015","FixedIncome","FI_deving_intl",-0.0232391499191688
"522","FI_Development","2020-03-27 00-29-31","Jun 2015","FixedIncome","FI_deving_intl",-0.00878477306002936
"523","FI_Development","2020-03-27 00-29-31","Jul 2015","FixedIncome","FI_deving_intl",-0.0313884785819792
"524","FI_Development","2020-03-27 00-29-31","Aug 2015","FixedIncome","FI_deving_intl",-0.03736179946626
"525","FI_Development","2020-03-27 00-29-31","Sep 2015","FixedIncome","FI_deving_intl",-0.0265346534653466
"526","FI_Development","2020-03-27 00-29-31","Oct 2015","FixedIncome","FI_deving_intl",0.0349878356387307
"527","FI_Development","2020-03-27 00-29-31","Nov 2015","FixedIncome","FI_deving_intl",-0.0129716976033137
"528","FI_Development","2020-03-27 00-29-31","Dec 2015","FixedIncome","FI_deving_intl",-0.0211071676181933
"529","FI_Development","2020-03-27 00-29-31","Jan 2016","FixedIncome","FI_deving_intl",-0.00325467860048813
"530","FI_Development","2020-03-27 00-29-31","Feb 2016","FixedIncome","FI_deving_intl",0.0155101632653062
"531","FI_Development","2020-03-27 00-29-31","Mar 2016","FixedIncome","FI_deving_intl",0.0840032188104188
"532","FI_Development","2020-03-27 00-29-31","Apr 2016","FixedIncome","FI_deving_intl",0.0229885436777361
"533","FI_Development","2020-03-27 00-29-31","May 2016","FixedIncome","FI_deving_intl",-0.0405944545125045
"534","FI_Development","2020-03-27 00-29-31","Jun 2016","FixedIncome","FI_deving_intl",0.0521345316257851
"535","FI_Development","2020-03-27 00-29-31","Jul 2016","FixedIncome","FI_deving_intl",0.00861759425493711
"536","FI_Development","2020-03-27 00-29-31","Aug 2016","FixedIncome","FI_deving_intl",-0.00284798860804551
"537","FI_Development","2020-03-27 00-29-31","Sep 2016","FixedIncome","FI_deving_intl",0.0114244912531238
"538","FI_Development","2020-03-27 00-29-31","Oct 2016","FixedIncome","FI_deving_intl",-0.013413307447935
"539","FI_Development","2020-03-27 00-29-31","Nov 2016","FixedIncome","FI_deving_intl",-0.0665474394795192
"540","FI_Development","2020-03-27 00-29-31","Dec 2016","FixedIncome","FI_deving_intl",0.0187811422000766
"541","FI_Development","2020-03-27 00-29-31","Jan 2017","FixedIncome","FI_deving_intl",0.025959367945824
"542","FI_Development","2020-03-27 00-29-31","Feb 2017","FixedIncome","FI_deving_intl",0.0161349101576824
"543","FI_Development","2020-03-27 00-29-31","Mar 2017","FixedIncome","FI_deving_intl",0.017322339131084
"544","FI_Development","2020-03-27 00-29-31","Apr 2017","FixedIncome","FI_deving_intl",0.00709464323892719
"545","FI_Development","2020-03-27 00-29-31","May 2017","FixedIncome","FI_deving_intl",0.0176118357735765
"546","FI_Development","2020-03-27 00-29-31","Jun 2017","FixedIncome","FI_deving_intl",0.00519217740367525
"547","FI_Development","2020-03-27 00-29-31","Jul 2017","FixedIncome","FI_deving_intl",0.0206610874428
"548","FI_Development","2020-03-27 00-29-31","Aug 2017","FixedIncome","FI_deving_intl",0.0172065120515017
"549","FI_Development","2020-03-27 00-29-31","Sep 2017","FixedIncome","FI_deving_intl",-0.00895525704809277
"550","FI_Development","2020-03-27 00-29-31","Oct 2017","FixedIncome","FI_deving_intl",-0.0261043850771213
"551","FI_Development","2020-03-27 00-29-31","Nov 2017","FixedIncome","FI_deving_intl",0.0127147422680412
"552","FI_Development","2020-03-27 00-29-31","Dec 2017","FixedIncome","FI_deving_intl",0.00712592491095769
"553","FI_Development","2020-03-27 00-29-31","Jan 2018","FixedIncome","FI_deving_intl",0.0303234501347708
"554","FI_Development","2020-03-27 00-29-31","Feb 2018","FixedIncome","FI_deving_intl",-0.0173316219751471
"555","FI_Development","2020-03-27 00-29-31","Mar 2018","FixedIncome","FI_deving_intl",0.0109816975368286
"556","FI_Development","2020-03-27 00-29-31","Apr 2018","FixedIncome","FI_deving_intl",-0.0342330162683679
"557","FI_Development","2020-03-27 00-29-31","May 2018","FixedIncome","FI_deving_intl",-0.0524881049761418
"558","FI_Development","2020-03-27 00-29-31","Jun 2018","FixedIncome","FI_deving_intl",-0.0302158284250298
"559","FI_Development","2020-03-27 00-29-31","Jul 2018","FixedIncome","FI_deving_intl",0.0170623522649241
"560","FI_Development","2020-03-27 00-29-31","Aug 2018","FixedIncome","FI_deving_intl",-0.0539751641137857
"561","FI_Development","2020-03-27 00-29-31","Sep 2018","FixedIncome","FI_deving_intl",0.0142636077770391
"562","FI_Development","2020-03-27 00-29-31","Oct 2018","FixedIncome","FI_deving_intl",-0.0121626382425937
"563","FI_Development","2020-03-27 00-29-31","Nov 2018","FixedIncome","FI_deving_intl",0.0200076952674107
"564","FI_Development","2020-03-27 00-29-31","Dec 2018","FixedIncome","FI_deving_intl",0.000377216144850925
"565","FI_Development","2020-03-27 00-29-31","Jan 2019","FixedIncome","FI_deving_intl",0.0471342383107089
"566","FI_Development","2020-03-27 00-29-31","Feb 2019","FixedIncome","FI_deving_intl",-0.0154843356139719
"567","FI_Development","2020-03-27 00-29-31","Mar 2019","FixedIncome","FI_deving_intl",-0.0157278712509144
"568","FI_Development","2020-03-27 00-29-31","Apr 2019","FixedIncome","FI_deving_intl",-0.00743221850613156
"569","FI_Development","2020-03-27 00-29-31","Jun 2013","Equity","EQ_large_cap",NA
"570","FI_Development","2020-03-27 00-29-31","Jul 2013","Equity","EQ_large_cap",0.0516769050202831
"571","FI_Development","2020-03-27 00-29-31","Aug 2013","Equity","EQ_large_cap",-0.0299923702806793
"572","FI_Development","2020-03-27 00-29-31","Sep 2013","Equity","EQ_large_cap",0.0266422313464919
"573","FI_Development","2020-03-27 00-29-31","Oct 2013","Equity","EQ_large_cap",0.0463067569283602
"574","FI_Development","2020-03-27 00-29-31","Nov 2013","Equity","EQ_large_cap",0.029637676815881
"575","FI_Development","2020-03-27 00-29-31","Dec 2013","Equity","EQ_large_cap",0.0203867513812154
"576","FI_Development","2020-03-27 00-29-31","Jan 2014","Equity","EQ_large_cap",-0.0352483021793459
"577","FI_Development","2020-03-27 00-29-31","Feb 2014","Equity","EQ_large_cap",0.0455157723572254
"578","FI_Development","2020-03-27 00-29-31","Mar 2014","Equity","EQ_large_cap",0.00386495263865297
"579","FI_Development","2020-03-27 00-29-31","Apr 2014","Equity","EQ_large_cap",0.00695151614757277
"580","FI_Development","2020-03-27 00-29-31","May 2014","Equity","EQ_large_cap",0.0232063886485729
"581","FI_Development","2020-03-27 00-29-31","Jun 2014","Equity","EQ_large_cap",0.0157774969402246
"582","FI_Development","2020-03-27 00-29-31","Jul 2014","Equity","EQ_large_cap",-0.0134375893447905
"583","FI_Development","2020-03-27 00-29-31","Aug 2014","Equity","EQ_large_cap",0.0394635204197735
"584","FI_Development","2020-03-27 00-29-31","Sep 2014","Equity","EQ_large_cap",-0.018384748499361
"585","FI_Development","2020-03-27 00-29-31","Oct 2014","Equity","EQ_large_cap",0.0235509080590618
"586","FI_Development","2020-03-27 00-29-31","Nov 2014","Equity","EQ_large_cap",0.0274719472880701
"587","FI_Development","2020-03-27 00-29-31","Dec 2014","Equity","EQ_large_cap",-0.00801160243260036
"588","FI_Development","2020-03-27 00-29-31","Jan 2015","Equity","EQ_large_cap",-0.029629250790137
"589","FI_Development","2020-03-27 00-29-31","Feb 2015","Equity","EQ_large_cap",0.0562045984889134
"590","FI_Development","2020-03-27 00-29-31","Mar 2015","Equity","EQ_large_cap",-0.0200798011947251
"591","FI_Development","2020-03-27 00-29-31","Apr 2015","Equity","EQ_large_cap",0.00983391013339808
"592","FI_Development","2020-03-27 00-29-31","May 2015","Equity","EQ_large_cap",0.0128561446320972
"593","FI_Development","2020-03-27 00-29-31","Jun 2015","Equity","EQ_large_cap",-0.0250544331962414
"594","FI_Development","2020-03-27 00-29-31","Jul 2015","Equity","EQ_large_cap",0.0225892342213485
"595","FI_Development","2020-03-27 00-29-31","Aug 2015","Equity","EQ_large_cap",-0.0609501282660333
"596","FI_Development","2020-03-27 00-29-31","Sep 2015","Equity","EQ_large_cap",-0.0305559420302113
"597","FI_Development","2020-03-27 00-29-31","Oct 2015","Equity","EQ_large_cap",0.0850596857209286
"598","FI_Development","2020-03-27 00-29-31","Nov 2015","Equity","EQ_large_cap",0.00365511963442425
"599","FI_Development","2020-03-27 00-29-31","Dec 2015","Equity","EQ_large_cap",-0.0230964921836553
"600","FI_Development","2020-03-27 00-29-31","Jan 2016","Equity","EQ_large_cap",-0.0497866005245156
"601","FI_Development","2020-03-27 00-29-31","Feb 2016","Equity","EQ_large_cap",-0.000825949820225269
"602","FI_Development","2020-03-27 00-29-31","Mar 2016","Equity","EQ_large_cap",0.0617896575923709
"603","FI_Development","2020-03-27 00-29-31","Apr 2016","Equity","EQ_large_cap",0.00394121245735285
"604","FI_Development","2020-03-27 00-29-31","May 2016","Equity","EQ_large_cap",0.017011554141312
"605","FI_Development","2020-03-27 00-29-31","Jun 2016","Equity","EQ_large_cap",-0.00171559286533733
"606","FI_Development","2020-03-27 00-29-31","Jul 2016","Equity","EQ_large_cap",0.0364712580956894
"607","FI_Development","2020-03-27 00-29-31","Aug 2016","Equity","EQ_large_cap",0.00119754055816012
"608","FI_Development","2020-03-27 00-29-31","Sep 2016","Equity","EQ_large_cap",-0.00496826743563654
"609","FI_Development","2020-03-27 00-29-31","Oct 2016","Equity","EQ_large_cap",-0.0173370316596806
"610","FI_Development","2020-03-27 00-29-31","Nov 2016","Equity","EQ_large_cap",0.0368383998564329
"611","FI_Development","2020-03-27 00-29-31","Dec 2016","Equity","EQ_large_cap",0.0142934655074538
"612","FI_Development","2020-03-27 00-29-31","Jan 2017","Equity","EQ_large_cap",0.0178946898308714
"613","FI_Development","2020-03-27 00-29-31","Feb 2017","Equity","EQ_large_cap",0.0392915309598362
"614","FI_Development","2020-03-27 00-29-31","Mar 2017","Equity","EQ_large_cap",-0.00308705542738167
"615","FI_Development","2020-03-27 00-29-31","Apr 2017","Equity","EQ_large_cap",0.00992617693377927
"616","FI_Development","2020-03-27 00-29-31","May 2017","Equity","EQ_large_cap",0.0141129031072504
"617","FI_Development","2020-03-27 00-29-31","Jun 2017","Equity","EQ_large_cap",0.00149105780739685
"618","FI_Development","2020-03-27 00-29-31","Jul 2017","Equity","EQ_large_cap",0.0205541808864245
"619","FI_Development","2020-03-27 00-29-31","Aug 2017","Equity","EQ_large_cap",0.00291770064565869
"620","FI_Development","2020-03-27 00-29-31","Sep 2017","Equity","EQ_large_cap",0.0151116850153201
"621","FI_Development","2020-03-27 00-29-31","Oct 2017","Equity","EQ_large_cap",0.0235640572155245
"622","FI_Development","2020-03-27 00-29-31","Nov 2017","Equity","EQ_large_cap",0.0305658805498554
"623","FI_Development","2020-03-27 00-29-31","Dec 2017","Equity","EQ_large_cap",0.00698077404698778
"624","FI_Development","2020-03-27 00-29-31","Jan 2018","Equity","EQ_large_cap",0.0563591765172287
"625","FI_Development","2020-03-27 00-29-31","Feb 2018","Equity","EQ_large_cap",-0.0363604122673376
"626","FI_Development","2020-03-27 00-29-31","Mar 2018","Equity","EQ_large_cap",-0.0312902638974474
"627","FI_Development","2020-03-27 00-29-31","Apr 2018","Equity","EQ_large_cap",0.00516821596431437
"628","FI_Development","2020-03-27 00-29-31","May 2018","Equity","EQ_large_cap",0.0243090686813704
"629","FI_Development","2020-03-27 00-29-31","Jun 2018","Equity","EQ_large_cap",0.0012548792998089
"630","FI_Development","2020-03-27 00-29-31","Jul 2018","Equity","EQ_large_cap",0.037046549826919
"631","FI_Development","2020-03-27 00-29-31","Aug 2018","Equity","EQ_large_cap",0.0319198500513918
"632","FI_Development","2020-03-27 00-29-31","Sep 2018","Equity","EQ_large_cap",0.00141229376468122
"633","FI_Development","2020-03-27 00-29-31","Oct 2018","Equity","EQ_large_cap",-0.0691042787936701
"634","FI_Development","2020-03-27 00-29-31","Nov 2018","Equity","EQ_large_cap",0.0185492698786301
"635","FI_Development","2020-03-27 00-29-31","Dec 2018","Equity","EQ_large_cap",-0.0933429949575838
"636","FI_Development","2020-03-27 00-29-31","Jan 2019","Equity","EQ_large_cap",0.0800656016330475
"637","FI_Development","2020-03-27 00-29-31","Feb 2019","Equity","EQ_large_cap",0.0324158123473148
"638","FI_Development","2020-03-27 00-29-31","Mar 2019","Equity","EQ_large_cap",0.0136357761427099
"639","FI_Development","2020-03-27 00-29-31","Apr 2019","Equity","EQ_large_cap",0.0408523702585101
"640","FI_Development","2020-03-27 00-29-31","Jun 2013","Equity","EQ_mid_cap",NA
"641","FI_Development","2020-03-27 00-29-31","Jul 2013","Equity","EQ_mid_cap",0.0666825064250593
"642","FI_Development","2020-03-27 00-29-31","Aug 2013","Equity","EQ_mid_cap",-0.0386417561079749
"643","FI_Development","2020-03-27 00-29-31","Sep 2013","Equity","EQ_mid_cap",0.0504989795845762
"644","FI_Development","2020-03-27 00-29-31","Oct 2013","Equity","EQ_mid_cap",0.036186108459452
"645","FI_Development","2020-03-27 00-29-31","Nov 2013","Equity","EQ_mid_cap",0.0124082762679809
"646","FI_Development","2020-03-27 00-29-31","Dec 2013","Equity","EQ_mid_cap",0.0285136848738398
"647","FI_Development","2020-03-27 00-29-31","Jan 2014","Equity","EQ_mid_cap",-0.0221949142775788
"648","FI_Development","2020-03-27 00-29-31","Feb 2014","Equity","EQ_mid_cap",0.0486221628638167
"649","FI_Development","2020-03-27 00-29-31","Mar 2014","Equity","EQ_mid_cap",0.000718910502491815
"650","FI_Development","2020-03-27 00-29-31","Apr 2014","Equity","EQ_mid_cap",-0.0148861032677386
"651","FI_Development","2020-03-27 00-29-31","May 2014","Equity","EQ_mid_cap",0.0163669140555325
"652","FI_Development","2020-03-27 00-29-31","Jun 2014","Equity","EQ_mid_cap",0.0385841550027074
"653","FI_Development","2020-03-27 00-29-31","Jul 2014","Equity","EQ_mid_cap",-0.0438670290441129
"654","FI_Development","2020-03-27 00-29-31","Aug 2014","Equity","EQ_mid_cap",0.0506160829563664
"655","FI_Development","2020-03-27 00-29-31","Sep 2014","Equity","EQ_mid_cap",-0.0474516064587608
"656","FI_Development","2020-03-27 00-29-31","Oct 2014","Equity","EQ_mid_cap",0.0352959560120661
"657","FI_Development","2020-03-27 00-29-31","Nov 2014","Equity","EQ_mid_cap",0.0183635134504011
"658","FI_Development","2020-03-27 00-29-31","Dec 2014","Equity","EQ_mid_cap",0.00422284129705033
"659","FI_Development","2020-03-27 00-29-31","Jan 2015","Equity","EQ_mid_cap",-0.0109860741334772
"660","FI_Development","2020-03-27 00-29-31","Feb 2015","Equity","EQ_mid_cap",0.050293042662691
"661","FI_Development","2020-03-27 00-29-31","Mar 2015","Equity","EQ_mid_cap",0.0110867172390932
"662","FI_Development","2020-03-27 00-29-31","Apr 2015","Equity","EQ_mid_cap",-0.0147525470622041
"663","FI_Development","2020-03-27 00-29-31","May 2015","Equity","EQ_mid_cap",0.0166209339180875
"664","FI_Development","2020-03-27 00-29-31","Jun 2015","Equity","EQ_mid_cap",-0.0161690733107488
"665","FI_Development","2020-03-27 00-29-31","Jul 2015","Equity","EQ_mid_cap",0.00106141283771233
"666","FI_Development","2020-03-27 00-29-31","Aug 2015","Equity","EQ_mid_cap",-0.0566382338161626
"667","FI_Development","2020-03-27 00-29-31","Sep 2015","Equity","EQ_mid_cap",-0.0353100813953489
"668","FI_Development","2020-03-27 00-29-31","Oct 2015","Equity","EQ_mid_cap",0.0555265059083391
"669","FI_Development","2020-03-27 00-29-31","Nov 2015","Equity","EQ_mid_cap",0.013360778501949
"670","FI_Development","2020-03-27 00-29-31","Dec 2015","Equity","EQ_mid_cap",-0.0457516638654059
"671","FI_Development","2020-03-27 00-29-31","Jan 2016","Equity","EQ_mid_cap",-0.0553849487785178
"672","FI_Development","2020-03-27 00-29-31","Feb 2016","Equity","EQ_mid_cap",0.0123765511839957
"673","FI_Development","2020-03-27 00-29-31","Mar 2016","Equity","EQ_mid_cap",0.0814192756942516
"674","FI_Development","2020-03-27 00-29-31","Apr 2016","Equity","EQ_mid_cap",0.0119138435904619
"675","FI_Development","2020-03-27 00-29-31","May 2016","Equity","EQ_mid_cap",0.0224562755887241
"676","FI_Development","2020-03-27 00-29-31","Jun 2016","Equity","EQ_mid_cap",0.00150836579148501
"677","FI_Development","2020-03-27 00-29-31","Jul 2016","Equity","EQ_mid_cap",0.042427313423574
"678","FI_Development","2020-03-27 00-29-31","Aug 2016","Equity","EQ_mid_cap",0.00458097119099659
"679","FI_Development","2020-03-27 00-29-31","Sep 2016","Equity","EQ_mid_cap",-0.00985687571256978
"680","FI_Development","2020-03-27 00-29-31","Oct 2016","Equity","EQ_mid_cap",-0.0265703060625407
"681","FI_Development","2020-03-27 00-29-31","Nov 2016","Equity","EQ_mid_cap",0.0788295842600191
"682","FI_Development","2020-03-27 00-29-31","Dec 2016","Equity","EQ_mid_cap",0.0178794930511636
"683","FI_Development","2020-03-27 00-29-31","Jan 2017","Equity","EQ_mid_cap",0.0164716826925116
"684","FI_Development","2020-03-27 00-29-31","Feb 2017","Equity","EQ_mid_cap",0.0259536735851187
"685","FI_Development","2020-03-27 00-29-31","Mar 2017","Equity","EQ_mid_cap",-0.00711876619692674
"686","FI_Development","2020-03-27 00-29-31","Apr 2017","Equity","EQ_mid_cap",0.0077779684363563
"687","FI_Development","2020-03-27 00-29-31","May 2017","Equity","EQ_mid_cap",-0.00470068595139233
"688","FI_Development","2020-03-27 00-29-31","Jun 2017","Equity","EQ_mid_cap",0.0135622429326713
"689","FI_Development","2020-03-27 00-29-31","Jul 2017","Equity","EQ_mid_cap",0.00906745496296599
"690","FI_Development","2020-03-27 00-29-31","Aug 2017","Equity","EQ_mid_cap",-0.015351054602184
"691","FI_Development","2020-03-27 00-29-31","Sep 2017","Equity","EQ_mid_cap",0.034064264030786
"692","FI_Development","2020-03-27 00-29-31","Oct 2017","Equity","EQ_mid_cap",0.0223393751429898
"693","FI_Development","2020-03-27 00-29-31","Nov 2017","Equity","EQ_mid_cap",0.0368383465745211
"694","FI_Development","2020-03-27 00-29-31","Dec 2017","Equity","EQ_mid_cap",-0.001445462675893
"695","FI_Development","2020-03-27 00-29-31","Jan 2018","Equity","EQ_mid_cap",0.0277640945222883
"696","FI_Development","2020-03-27 00-29-31","Feb 2018","Equity","EQ_mid_cap",-0.0443379999999999
"697","FI_Development","2020-03-27 00-29-31","Mar 2018","Equity","EQ_mid_cap",0.00728055452217893
"698","FI_Development","2020-03-27 00-29-31","Apr 2018","Equity","EQ_mid_cap",-0.00357007274962446
"699","FI_Development","2020-03-27 00-29-31","May 2018","Equity","EQ_mid_cap",0.0412028973832516
"700","FI_Development","2020-03-27 00-29-31","Jun 2018","Equity","EQ_mid_cap",0.00135381053707823
"701","FI_Development","2020-03-27 00-29-31","Jul 2018","Equity","EQ_mid_cap",0.0170413446776372
"702","FI_Development","2020-03-27 00-29-31","Aug 2018","Equity","EQ_mid_cap",0.0316281684399225
"703","FI_Development","2020-03-27 00-29-31","Sep 2018","Equity","EQ_mid_cap",-0.0135037158985131
"704","FI_Development","2020-03-27 00-29-31","Oct 2018","Equity","EQ_mid_cap",-0.0960920858456125
"705","FI_Development","2020-03-27 00-29-31","Nov 2018","Equity","EQ_mid_cap",0.0318831738410328
"706","FI_Development","2020-03-27 00-29-31","Dec 2018","Equity","EQ_mid_cap",-0.116910714153898
"707","FI_Development","2020-03-27 00-29-31","Jan 2019","Equity","EQ_mid_cap",0.102818233268454
"708","FI_Development","2020-03-27 00-29-31","Feb 2019","Equity","EQ_mid_cap",0.0432307487070412
"709","FI_Development","2020-03-27 00-29-31","Mar 2019","Equity","EQ_mid_cap",-0.00809834872178991
"710","FI_Development","2020-03-27 00-29-31","Apr 2019","Equity","EQ_mid_cap",0.0396641929298934
"711","FI_Development","2020-03-27 00-29-31","Jun 2013","Equity","EQ_small_cap",NA
"712","FI_Development","2020-03-27 00-29-31","Jul 2013","Equity","EQ_small_cap",0.0691085003455425
"713","FI_Development","2020-03-27 00-29-31","Aug 2013","Equity","EQ_small_cap",-0.0253177978883861
"714","FI_Development","2020-03-27 00-29-31","Sep 2013","Equity","EQ_small_cap",0.0593566251938406
"715","FI_Development","2020-03-27 00-29-31","Oct 2013","Equity","EQ_small_cap",0.0412145676633794
"716","FI_Development","2020-03-27 00-29-31","Nov 2013","Equity","EQ_small_cap",0.0412867421585329
"717","FI_Development","2020-03-27 00-29-31","Dec 2013","Equity","EQ_small_cap",-0.0117409484461188
"718","FI_Development","2020-03-27 00-29-31","Jan 2014","Equity","EQ_small_cap",-0.0360308104775381
"719","FI_Development","2020-03-27 00-29-31","Feb 2014","Equity","EQ_small_cap",0.0378826151708782
"720","FI_Development","2020-03-27 00-29-31","Mar 2014","Equity","EQ_small_cap",0.0107066188574386
"721","FI_Development","2020-03-27 00-29-31","Apr 2014","Equity","EQ_small_cap",-0.0294683948177347
"722","FI_Development","2020-03-27 00-29-31","May 2014","Equity","EQ_small_cap",-0.000198412387347002
"723","FI_Development","2020-03-27 00-29-31","Jun 2014","Equity","EQ_small_cap",0.0434696100938942
"724","FI_Development","2020-03-27 00-29-31","Jul 2014","Equity","EQ_small_cap",-0.0534525775156933
"725","FI_Development","2020-03-27 00-29-31","Aug 2014","Equity","EQ_small_cap",0.042905990470498
"726","FI_Development","2020-03-27 00-29-31","Sep 2014","Equity","EQ_small_cap",-0.053280643607284
"727","FI_Development","2020-03-27 00-29-31","Oct 2014","Equity","EQ_small_cap",0.0683900047142274
"728","FI_Development","2020-03-27 00-29-31","Nov 2014","Equity","EQ_small_cap",0.00647742402448381
"729","FI_Development","2020-03-27 00-29-31","Dec 2014","Equity","EQ_small_cap",-0.0107893995536854
"730","FI_Development","2020-03-27 00-29-31","Jan 2015","Equity","EQ_small_cap",-0.0336777280397141
"731","FI_Development","2020-03-27 00-29-31","Feb 2015","Equity","EQ_small_cap",0.0646534455445545
"732","FI_Development","2020-03-27 00-29-31","Mar 2015","Equity","EQ_small_cap",0.0108806660630645
"733","FI_Development","2020-03-27 00-29-31","Apr 2015","Equity","EQ_small_cap",-0.0255749595427767
"734","FI_Development","2020-03-27 00-29-31","May 2015","Equity","EQ_small_cap",0.0173716393008239
"735","FI_Development","2020-03-27 00-29-31","Jun 2015","Equity","EQ_small_cap",0.00593912386898434
"736","FI_Development","2020-03-27 00-29-31","Jul 2015","Equity","EQ_small_cap",-0.00867160500605901
"737","FI_Development","2020-03-27 00-29-31","Aug 2015","Equity","EQ_small_cap",-0.0512749302065885
"738","FI_Development","2020-03-27 00-29-31","Sep 2015","Equity","EQ_small_cap",-0.0432564607457169
"739","FI_Development","2020-03-27 00-29-31","Oct 2015","Equity","EQ_small_cap",0.0651014968218166
"740","FI_Development","2020-03-27 00-29-31","Nov 2015","Equity","EQ_small_cap",0.0288766965059197
"741","FI_Development","2020-03-27 00-29-31","Dec 2015","Equity","EQ_small_cap",-0.0738142015155768
"742","FI_Development","2020-03-27 00-29-31","Jan 2016","Equity","EQ_small_cap",-0.0612121010101009
"743","FI_Development","2020-03-27 00-29-31","Feb 2016","Equity","EQ_small_cap",0.00806972222789494
"744","FI_Development","2020-03-27 00-29-31","Mar 2016","Equity","EQ_small_cap",0.0804781923262205
"745","FI_Development","2020-03-27 00-29-31","Apr 2016","Equity","EQ_small_cap",0.0104711642607464
"746","FI_Development","2020-03-27 00-29-31","May 2016","Equity","EQ_small_cap",0.0185746602795972
"747","FI_Development","2020-03-27 00-29-31","Jun 2016","Equity","EQ_small_cap",0.00249538338621005
"748","FI_Development","2020-03-27 00-29-31","Jul 2016","Equity","EQ_small_cap",0.0494974265006195
"749","FI_Development","2020-03-27 00-29-31","Aug 2016","Equity","EQ_small_cap",0.0140485492784428
"750","FI_Development","2020-03-27 00-29-31","Sep 2016","Equity","EQ_small_cap",0.00341845975464346
"751","FI_Development","2020-03-27 00-29-31","Oct 2016","Equity","EQ_small_cap",-0.0442890622198315
"752","FI_Development","2020-03-27 00-29-31","Nov 2016","Equity","EQ_small_cap",0.125891165588953
"753","FI_Development","2020-03-27 00-29-31","Dec 2016","Equity","EQ_small_cap",0.00674892540406339
"754","FI_Development","2020-03-27 00-29-31","Jan 2017","Equity","EQ_small_cap",-0.00620706767843966
"755","FI_Development","2020-03-27 00-29-31","Feb 2017","Equity","EQ_small_cap",0.0171552129054762
"756","FI_Development","2020-03-27 00-29-31","Mar 2017","Equity","EQ_small_cap",-0.00687732110692647
"757","FI_Development","2020-03-27 00-29-31","Apr 2017","Equity","EQ_small_cap",0.00873863120400225
"758","FI_Development","2020-03-27 00-29-31","May 2017","Equity","EQ_small_cap",-0.0173259398496241
"759","FI_Development","2020-03-27 00-29-31","Jun 2017","Equity","EQ_small_cap",0.0242016304757424
"760","FI_Development","2020-03-27 00-29-31","Jul 2017","Equity","EQ_small_cap",0.0107998536613909
"761","FI_Development","2020-03-27 00-29-31","Aug 2017","Equity","EQ_small_cap",-0.0251446489349405
"762","FI_Development","2020-03-27 00-29-31","Sep 2017","Equity","EQ_small_cap",0.0719407016389074
"763","FI_Development","2020-03-27 00-29-31","Oct 2017","Equity","EQ_small_cap",0.0103013221048381
"764","FI_Development","2020-03-27 00-29-31","Nov 2017","Equity","EQ_small_cap",0.03682845893819
"765","FI_Development","2020-03-27 00-29-31","Dec 2017","Equity","EQ_small_cap",-0.0239248065723532
"766","FI_Development","2020-03-27 00-29-31","Jan 2018","Equity","EQ_small_cap",0.0251127518796994
"767","FI_Development","2020-03-27 00-29-31","Feb 2018","Equity","EQ_small_cap",-0.0376998690831707
"768","FI_Development","2020-03-27 00-29-31","Mar 2018","Equity","EQ_small_cap",0.0136433693183954
"769","FI_Development","2020-03-27 00-29-31","Apr 2018","Equity","EQ_small_cap",0.0124069022148927
"770","FI_Development","2020-03-27 00-29-31","May 2018","Equity","EQ_small_cap",0.066770677361854
"771","FI_Development","2020-03-27 00-29-31","Jun 2018","Equity","EQ_small_cap",0.00675347749764035
"772","FI_Development","2020-03-27 00-29-31","Jul 2018","Equity","EQ_small_cap",0.0313969143265456
"773","FI_Development","2020-03-27 00-29-31","Aug 2018","Equity","EQ_small_cap",0.0476063162129543
"774","FI_Development","2020-03-27 00-29-31","Sep 2018","Equity","EQ_small_cap",-0.0339221953178881
"775","FI_Development","2020-03-27 00-29-31","Oct 2018","Equity","EQ_small_cap",-0.105074862792171
"776","FI_Development","2020-03-27 00-29-31","Nov 2018","Equity","EQ_small_cap",0.0155462686475233
"777","FI_Development","2020-03-27 00-29-31","Dec 2018","Equity","EQ_small_cap",-0.125674230976774
"778","FI_Development","2020-03-27 00-29-31","Jan 2019","Equity","EQ_small_cap",0.105552807978109
"779","FI_Development","2020-03-27 00-29-31","Feb 2019","Equity","EQ_small_cap",0.0435897265344016
"780","FI_Development","2020-03-27 00-29-31","Mar 2019","Equity","EQ_small_cap",-0.0364215049451798
"781","FI_Development","2020-03-27 00-29-31","Apr 2019","Equity","EQ_small_cap",0.0380981112373813
"782","FI_Development","2020-03-27 00-29-31","Jun 2013","Equity","EQ_deved_intl",NA
"783","FI_Development","2020-03-27 00-29-31","Jul 2013","Equity","EQ_deved_intl",0.0529247931923912
"784","FI_Development","2020-03-27 00-29-31","Aug 2013","Equity","EQ_deved_intl",-0.0113378311163201
"785","FI_Development","2020-03-27 00-29-31","Sep 2013","Equity","EQ_deved_intl",0.0707186544342508
"786","FI_Development","2020-03-27 00-29-31","Oct 2013","Equity","EQ_deved_intl",0.0321313816494109
"787","FI_Development","2020-03-27 00-29-31","Nov 2013","Equity","EQ_deved_intl",0.00484258042199929
"788","FI_Development","2020-03-27 00-29-31","Dec 2013","Equity","EQ_deved_intl",0.00998282306309202
"789","FI_Development","2020-03-27 00-29-31","Jan 2014","Equity","EQ_deved_intl",-0.0518064076346285
"790","FI_Development","2020-03-27 00-29-31","Feb 2014","Equity","EQ_deved_intl",0.0600287562904385
"791","FI_Development","2020-03-27 00-29-31","Mar 2014","Equity","EQ_deved_intl",-0.00339101390301793
"792","FI_Development","2020-03-27 00-29-31","Apr 2014","Equity","EQ_deved_intl",0.0146308613348371
"793","FI_Development","2020-03-27 00-29-31","May 2014","Equity","EQ_deved_intl",0.0181086854460094
"794","FI_Development","2020-03-27 00-29-31","Jun 2014","Equity","EQ_deved_intl",-0.00329384047121734
"795","FI_Development","2020-03-27 00-29-31","Jul 2014","Equity","EQ_deved_intl",-0.0218109715796431
"796","FI_Development","2020-03-27 00-29-31","Aug 2014","Equity","EQ_deved_intl",0.00270270270270265
"797","FI_Development","2020-03-27 00-29-31","Sep 2014","Equity","EQ_deved_intl",-0.0441374326145553
"798","FI_Development","2020-03-27 00-29-31","Oct 2014","Equity","EQ_deved_intl",-0.00493482534597013
"799","FI_Development","2020-03-27 00-29-31","Nov 2014","Equity","EQ_deved_intl",-0.002125398512221
"800","FI_Development","2020-03-27 00-29-31","Dec 2014","Equity","EQ_deved_intl",-0.0450834220802273
"801","FI_Development","2020-03-27 00-29-31","Jan 2015","Equity","EQ_deved_intl",0.000371747211895969
"802","FI_Development","2020-03-27 00-29-31","Feb 2015","Equity","EQ_deved_intl",0.061687105165366
"803","FI_Development","2020-03-27 00-29-31","Mar 2015","Equity","EQ_deved_intl",-0.0119005950297515
"804","FI_Development","2020-03-27 00-29-31","Apr 2015","Equity","EQ_deved_intl",0.0414452709883102
"805","FI_Development","2020-03-27 00-29-31","May 2015","Equity","EQ_deved_intl",-0.00204081632653057
"806","FI_Development","2020-03-27 00-29-31","Jun 2015","Equity","EQ_deved_intl",-0.04158142467621
"807","FI_Development","2020-03-27 00-29-31","Jul 2015","Equity","EQ_deved_intl",0.00924601674089567
"808","FI_Development","2020-03-27 00-29-31","Aug 2015","Equity","EQ_deved_intl",-0.0694150482528206
"809","FI_Development","2020-03-27 00-29-31","Sep 2015","Equity","EQ_deved_intl",-0.0408936009087468
"810","FI_Development","2020-03-27 00-29-31","Oct 2015","Equity","EQ_deved_intl",0.0655349388077379
"811","FI_Development","2020-03-27 00-29-31","Nov 2015","Equity","EQ_deved_intl",-0.0100037421267135
"812","FI_Development","2020-03-27 00-29-31","Dec 2015","Equity","EQ_deved_intl",-0.0363023591430524
"813","FI_Development","2020-03-27 00-29-31","Jan 2016","Equity","EQ_deved_intl",-0.0601941359223301
"814","FI_Development","2020-03-27 00-29-31","Feb 2016","Equity","EQ_deved_intl",-0.0243801642818114
"815","FI_Development","2020-03-27 00-29-31","Mar 2016","Equity","EQ_deved_intl",0.0720033006351842
"816","FI_Development","2020-03-27 00-29-31","Apr 2016","Equity","EQ_deved_intl",0.0248914272971721
"817","FI_Development","2020-03-27 00-29-31","May 2016","Equity","EQ_deved_intl",-0.00346958352083322
"818","FI_Development","2020-03-27 00-29-31","Jun 2016","Equity","EQ_deved_intl",-0.0355899419729208
"819","FI_Development","2020-03-27 00-29-31","Jul 2016","Equity","EQ_deved_intl",0.0409146008824709
"820","FI_Development","2020-03-27 00-29-31","Aug 2016","Equity","EQ_deved_intl",0.0046242387428039
"821","FI_Development","2020-03-27 00-29-31","Sep 2016","Equity","EQ_deved_intl",0.0153432681242808
"822","FI_Development","2020-03-27 00-29-31","Oct 2016","Equity","EQ_deved_intl",-0.0226670956806611
"823","FI_Development","2020-03-27 00-29-31","Nov 2016","Equity","EQ_deved_intl",-0.0135292225152987
"824","FI_Development","2020-03-27 00-29-31","Dec 2016","Equity","EQ_deved_intl",0.00705333072100316
"825","FI_Development","2020-03-27 00-29-31","Jan 2017","Equity","EQ_deved_intl",0.0357976639767445
"826","FI_Development","2020-03-27 00-29-31","Feb 2017","Equity","EQ_deved_intl",0.0120210363628461
"827","FI_Development","2020-03-27 00-29-31","Mar 2017","Equity","EQ_deved_intl",0.0293243864393324
"828","FI_Development","2020-03-27 00-29-31","Apr 2017","Equity","EQ_deved_intl",0.0205553191489361
"829","FI_Development","2020-03-27 00-29-31","May 2017","Equity","EQ_deved_intl",0.0360424394361286
"830","FI_Development","2020-03-27 00-29-31","Jun 2017","Equity","EQ_deved_intl",-0.0064802523874488
"831","FI_Development","2020-03-27 00-29-31","Jul 2017","Equity","EQ_deved_intl",0.0278064547822332
"832","FI_Development","2020-03-27 00-29-31","Aug 2017","Equity","EQ_deved_intl",-0.0023380092739476
"833","FI_Development","2020-03-27 00-29-31","Sep 2017","Equity","EQ_deved_intl",0.0267826907672351
"834","FI_Development","2020-03-27 00-29-31","Oct 2017","Equity","EQ_deved_intl",0.016628627323117
"835","FI_Development","2020-03-27 00-29-31","Nov 2017","Equity","EQ_deved_intl",0.00833871071199484
"836","FI_Development","2020-03-27 00-29-31","Dec 2017","Equity","EQ_deved_intl",0.00826971983874942
"837","FI_Development","2020-03-27 00-29-31","Jan 2018","Equity","EQ_deved_intl",0.0479495253012769
"838","FI_Development","2020-03-27 00-29-31","Feb 2018","Equity","EQ_deved_intl",-0.0499699563524999
"839","FI_Development","2020-03-27 00-29-31","Mar 2018","Equity","EQ_deved_intl",-0.00411910659439506
"840","FI_Development","2020-03-27 00-29-31","Apr 2018","Equity","EQ_deved_intl",0.0139993954820235
"841","FI_Development","2020-03-27 00-29-31","May 2018","Equity","EQ_deved_intl",-0.0163163157729426
"842","FI_Development","2020-03-27 00-29-31","Jun 2018","Equity","EQ_deved_intl",-0.0303030303030304
"843","FI_Development","2020-03-27 00-29-31","Jul 2018","Equity","EQ_deved_intl",0.0213815460526316
"844","FI_Development","2020-03-27 00-29-31","Aug 2018","Equity","EQ_deved_intl",-0.0167471180916947
"845","FI_Development","2020-03-27 00-29-31","Sep 2018","Equity","EQ_deved_intl",0.00786108719747507
"846","FI_Development","2020-03-27 00-29-31","Oct 2018","Equity","EQ_deved_intl",-0.088072830679233
"847","FI_Development","2020-03-27 00-29-31","Nov 2018","Equity","EQ_deved_intl",0.00890948000390164
"848","FI_Development","2020-03-27 00-29-31","Dec 2018","Equity","EQ_deved_intl",-0.0657010973402013
"849","FI_Development","2020-03-27 00-29-31","Jan 2019","Equity","EQ_deved_intl",0.0759923600759032
"850","FI_Development","2020-03-27 00-29-31","Feb 2019","Equity","EQ_deved_intl",0.0221363676084458
"851","FI_Development","2020-03-27 00-29-31","Mar 2019","Equity","EQ_deved_intl",0.00412509453420419
"852","FI_Development","2020-03-27 00-29-31","Apr 2019","Equity","EQ_deved_intl",0.0270455675126863
"853","FI_Development","2020-03-27 00-29-31","Jun 2013","Equity","EQ_deving_intl",NA
"854","FI_Development","2020-03-27 00-29-31","Jul 2013","Equity","EQ_deving_intl",0.0234859587317565
"855","FI_Development","2020-03-27 00-29-31","Aug 2013","Equity","EQ_deving_intl",-0.0358957231895009
"856","FI_Development","2020-03-27 00-29-31","Sep 2013","Equity","EQ_deving_intl",0.0732744304658279
"857","FI_Development","2020-03-27 00-29-31","Oct 2013","Equity","EQ_deving_intl",0.0441944544845731
"858","FI_Development","2020-03-27 00-29-31","Nov 2013","Equity","EQ_deving_intl",-0.0131977249149796
"859","FI_Development","2020-03-27 00-29-31","Dec 2013","Equity","EQ_deving_intl",-0.00599538779428823
"860","FI_Development","2020-03-27 00-29-31","Jan 2014","Equity","EQ_deving_intl",-0.0801114085919327
"861","FI_Development","2020-03-27 00-29-31","Feb 2014","Equity","EQ_deving_intl",0.0277404505716207
"862","FI_Development","2020-03-27 00-29-31","Mar 2014","Equity","EQ_deving_intl",0.0366431527353787
"863","FI_Development","2020-03-27 00-29-31","Apr 2014","Equity","EQ_deving_intl",0.00710118374944556
"864","FI_Development","2020-03-27 00-29-31","May 2014","Equity","EQ_deving_intl",0.0324349733625823
"865","FI_Development","2020-03-27 00-29-31","Jun 2014","Equity","EQ_deving_intl",0.0265594172105024
"866","FI_Development","2020-03-27 00-29-31","Jul 2014","Equity","EQ_deving_intl",0.0147841513897102
"867","FI_Development","2020-03-27 00-29-31","Aug 2014","Equity","EQ_deving_intl",0.0364219114219114
"868","FI_Development","2020-03-27 00-29-31","Sep 2014","Equity","EQ_deving_intl",-0.0653640989597976
"869","FI_Development","2020-03-27 00-29-31","Oct 2014","Equity","EQ_deving_intl",0.0186495117656643
"870","FI_Development","2020-03-27 00-29-31","Nov 2014","Equity","EQ_deving_intl",-0.0156504641576573
"871","FI_Development","2020-03-27 00-29-31","Dec 2014","Equity","EQ_deving_intl",-0.0574470993684446
"872","FI_Development","2020-03-27 00-29-31","Jan 2015","Equity","EQ_deving_intl",0.00366008911521319
"873","FI_Development","2020-03-27 00-29-31","Feb 2015","Equity","EQ_deving_intl",0.0426510543840178
"874","FI_Development","2020-03-27 00-29-31","Mar 2015","Equity","EQ_deving_intl",-0.0234184907719438
"875","FI_Development","2020-03-27 00-29-31","Apr 2015","Equity","EQ_deving_intl",0.0714729968398319
"876","FI_Development","2020-03-27 00-29-31","May 2015","Equity","EQ_deving_intl",-0.0293561700147119
"877","FI_Development","2020-03-27 00-29-31","Jun 2015","Equity","EQ_deving_intl",-0.0351848779757449
"878","FI_Development","2020-03-27 00-29-31","Jul 2015","Equity","EQ_deving_intl",-0.0657976702111214
"879","FI_Development","2020-03-27 00-29-31","Aug 2015","Equity","EQ_deving_intl",-0.0980066445182725
"880","FI_Development","2020-03-27 00-29-31","Sep 2015","Equity","EQ_deving_intl",-0.0346225046040515
"881","FI_Development","2020-03-27 00-29-31","Oct 2015","Equity","EQ_deving_intl",0.0679130510459004
"882","FI_Development","2020-03-27 00-29-31","Nov 2015","Equity","EQ_deving_intl",-0.0257234726688103
"883","FI_Development","2020-03-27 00-29-31","Dec 2015","Equity","EQ_deving_intl",-0.0451044737807114
"884","FI_Development","2020-03-27 00-29-31","Jan 2016","Equity","EQ_deving_intl",-0.060483907047469
"885","FI_Development","2020-03-27 00-29-31","Feb 2016","Equity","EQ_deving_intl",-0.000408747189863134
"886","FI_Development","2020-03-27 00-29-31","Mar 2016","Equity","EQ_deving_intl",0.118789654467389
"887","FI_Development","2020-03-27 00-29-31","Apr 2016","Equity","EQ_deving_intl",0.0138888518315477
"888","FI_Development","2020-03-27 00-29-31","May 2016","Equity","EQ_deving_intl",-0.0311824080749819
"889","FI_Development","2020-03-27 00-29-31","Jun 2016","Equity","EQ_deving_intl",0.0336744558139534
"890","FI_Development","2020-03-27 00-29-31","Jul 2016","Equity","EQ_deving_intl",0.0484160889699033
"891","FI_Development","2020-03-27 00-29-31","Aug 2016","Equity","EQ_deving_intl",0.0188840858369099
"892","FI_Development","2020-03-27 00-29-31","Sep 2016","Equity","EQ_deving_intl",0.0207245836806937
"893","FI_Development","2020-03-27 00-29-31","Oct 2016","Equity","EQ_deving_intl",0.00478699224869623
"894","FI_Development","2020-03-27 00-29-31","Nov 2016","Equity","EQ_deving_intl",-0.0473138835982877
"895","FI_Development","2020-03-27 00-29-31","Dec 2016","Equity","EQ_deving_intl",-0.0122435588120862
"896","FI_Development","2020-03-27 00-29-31","Jan 2017","Equity","EQ_deving_intl",0.059182962960299
"897","FI_Development","2020-03-27 00-29-31","Feb 2017","Equity","EQ_deving_intl",0.0313169946041535
"898","FI_Development","2020-03-27 00-29-31","Mar 2017","Equity","EQ_deving_intl",0.0254116030046348
"899","FI_Development","2020-03-27 00-29-31","Apr 2017","Equity","EQ_deving_intl",0.0158976922757051
"900","FI_Development","2020-03-27 00-29-31","May 2017","Equity","EQ_deving_intl",0.0168763117520712
"901","FI_Development","2020-03-27 00-29-31","Jun 2017","Equity","EQ_deving_intl",0.00497890781469235
"902","FI_Development","2020-03-27 00-29-31","Jul 2017","Equity","EQ_deving_intl",0.0562978531751989
"903","FI_Development","2020-03-27 00-29-31","Aug 2017","Equity","EQ_deving_intl",0.0353893973848778
"904","FI_Development","2020-03-27 00-29-31","Sep 2017","Equity","EQ_deving_intl",-0.00521614290229638
"905","FI_Development","2020-03-27 00-29-31","Oct 2017","Equity","EQ_deving_intl",0.0244238436753459
"906","FI_Development","2020-03-27 00-29-31","Nov 2017","Equity","EQ_deving_intl",0.00215522635116451
"907","FI_Development","2020-03-27 00-29-31","Dec 2017","Equity","EQ_deving_intl",0.0255376606038263
"908","FI_Development","2020-03-27 00-29-31","Jan 2018","Equity","EQ_deving_intl",0.0893839795866852
"909","FI_Development","2020-03-27 00-29-31","Feb 2018","Equity","EQ_deving_intl",-0.0471608025225986
"910","FI_Development","2020-03-27 00-29-31","Mar 2018","Equity","EQ_deving_intl",-0.00757573270584508
"911","FI_Development","2020-03-27 00-29-31","Apr 2018","Equity","EQ_deving_intl",-0.0310431814514804
"912","FI_Development","2020-03-27 00-29-31","May 2018","Equity","EQ_deving_intl",-0.0259979503152336
"913","FI_Development","2020-03-27 00-29-31","Jun 2018","Equity","EQ_deving_intl",-0.0471825289835535
"914","FI_Development","2020-03-27 00-29-31","Jul 2018","Equity","EQ_deving_intl",0.0365025749858516
"915","FI_Development","2020-03-27 00-29-31","Aug 2018","Equity","EQ_deving_intl",-0.0384930374421774
"916","FI_Development","2020-03-27 00-29-31","Sep 2018","Equity","EQ_deving_intl",-0.0110732251256893
"917","FI_Development","2020-03-27 00-29-31","Oct 2018","Equity","EQ_deving_intl",-0.07407412724237
"918","FI_Development","2020-03-27 00-29-31","Nov 2018","Equity","EQ_deving_intl",0.0505426666666667
"919","FI_Development","2020-03-27 00-29-31","Dec 2018","Equity","EQ_deving_intl",-0.0448642253581989
"920","FI_Development","2020-03-27 00-29-31","Jan 2019","Equity","EQ_deving_intl",0.095488254156729
"921","FI_Development","2020-03-27 00-29-31","Feb 2019","Equity","EQ_deving_intl",-0.00930894190947979
"922","FI_Development","2020-03-27 00-29-31","Mar 2019","Equity","EQ_deving_intl",0.0182232066692258
"923","FI_Development","2020-03-27 00-29-31","Apr 2019","Equity","EQ_deving_intl",0.0195749731305913
"924","FI_Development","2020-03-27 00-29-31","Jun 2013","Commodity","CO_oil1",NA
"925","FI_Development","2020-03-27 00-29-31","Jul 2013","Commodity","CO_oil1",0.0524691743827159
"926","FI_Development","2020-03-27 00-29-31","Aug 2013","Commodity","CO_oil1",0.00879761697955953
"927","FI_Development","2020-03-27 00-29-31","Sep 2013","Commodity","CO_oil1",-0.00290694040697677
"928","FI_Development","2020-03-27 00-29-31","Oct 2013","Commodity","CO_oil1",-0.0142129003566727
"929","FI_Development","2020-03-27 00-29-31","Nov 2013","Commodity","CO_oil1",-0.0118299080158931
"930","FI_Development","2020-03-27 00-29-31","Dec 2013","Commodity","CO_oil1",0.0362888514777404
"931","FI_Development","2020-03-27 00-29-31","Jan 2014","Commodity","CO_oil1",-0.0296029592201097
"932","FI_Development","2020-03-27 00-29-31","Feb 2014","Commodity","CO_oil1",0.065848253937807
"933","FI_Development","2020-03-27 00-29-31","Mar 2014","Commodity","CO_oil1",-0.00104708551483421
"934","FI_Development","2020-03-27 00-29-31","Apr 2014","Commodity","CO_oil1",-0.00559056584239807
"935","FI_Development","2020-03-27 00-29-31","May 2014","Commodity","CO_oil1",0.0354884060255941
"936","FI_Development","2020-03-27 00-29-31","Jun 2014","Commodity","CO_oil1",0.0437733642271247
"937","FI_Development","2020-03-27 00-29-31","Jul 2014","Commodity","CO_oil1",-0.0604681404421327
"938","FI_Development","2020-03-27 00-29-31","Aug 2014","Commodity","CO_oil1",-0.0173010380622837
"939","FI_Development","2020-03-27 00-29-31","Sep 2014","Commodity","CO_oil1",-0.0447183450704224
"940","FI_Development","2020-03-27 00-29-31","Oct 2014","Commodity","CO_oil1",-0.108735684066925
"941","FI_Development","2020-03-27 00-29-31","Nov 2014","Commodity","CO_oil1",-0.171629404466501
"942","FI_Development","2020-03-27 00-29-31","Dec 2014","Commodity","CO_oil1",-0.216175775527919
"943","FI_Development","2020-03-27 00-29-31","Jan 2015","Commodity","CO_oil1",-0.132484076433121
"944","FI_Development","2020-03-27 00-29-31","Feb 2015","Commodity","CO_oil1",0.0741556534508078
"945","FI_Development","2020-03-27 00-29-31","Mar 2015","Commodity","CO_oil1",-0.077922077922078
"946","FI_Development","2020-03-27 00-29-31","Apr 2015","Commodity","CO_oil1",0.125277983691623
"947","FI_Development","2020-03-27 00-29-31","May 2015","Commodity","CO_oil1",-0.0289855072463768
"948","FI_Development","2020-03-27 00-29-31","Jun 2015","Commodity","CO_oil1",-0.00949796472184536
"949","FI_Development","2020-03-27 00-29-31","Jul 2015","Commodity","CO_oil1",-0.172602739726027
"950","FI_Development","2020-03-27 00-29-31","Aug 2015","Commodity","CO_oil1",0.0289735099337748
"951","FI_Development","2020-03-27 00-29-31","Sep 2015","Commodity","CO_oil1",-0.086886564762671
"952","FI_Development","2020-03-27 00-29-31","Oct 2015","Commodity","CO_oil1",0.0211453744493392
"953","FI_Development","2020-03-27 00-29-31","Nov 2015","Commodity","CO_oil1",-0.0974978429680758
"954","FI_Development","2020-03-27 00-29-31","Dec 2015","Commodity","CO_oil1",-0.134799235181644
"955","FI_Development","2020-03-27 00-29-31","Jan 2016","Commodity","CO_oil1",-0.116022099447514
"956","FI_Development","2020-03-27 00-29-31","Feb 2016","Commodity","CO_oil1",-0.0775
"957","FI_Development","2020-03-27 00-29-31","Mar 2016","Commodity","CO_oil1",0.0528455284552845
"958","FI_Development","2020-03-27 00-29-31","Apr 2016","Commodity","CO_oil1",0.106821106821107
"959","FI_Development","2020-03-27 00-29-31","May 2016","Commodity","CO_oil1",0.0534883720930234
"960","FI_Development","2020-03-27 00-29-31","Jun 2016","Commodity","CO_oil1",0.0110375275938189
"961","FI_Development","2020-03-27 00-29-31","Jul 2016","Commodity","CO_oil1",-0.120087336244541
"962","FI_Development","2020-03-27 00-29-31","Aug 2016","Commodity","CO_oil1",0.0459057071960297
"963","FI_Development","2020-03-27 00-29-31","Sep 2016","Commodity","CO_oil1",0.0521945432977461
"964","FI_Development","2020-03-27 00-29-31","Oct 2016","Commodity","CO_oil1",-0.0338218714768883
"965","FI_Development","2020-03-27 00-29-31","Nov 2016","Commodity","CO_oil1",0.0501750291715286
"966","FI_Development","2020-03-27 00-29-31","Dec 2016","Commodity","CO_oil1",0.0755555555555555
"967","FI_Development","2020-03-27 00-29-31","Jan 2017","Commodity","CO_oil1",-0.0340909090909091
"968","FI_Development","2020-03-27 00-29-31","Feb 2017","Commodity","CO_oil1",-0.00427807486631007
"969","FI_Development","2020-03-27 00-29-31","Mar 2017","Commodity","CO_oil1",-0.0558539205155748
"970","FI_Development","2020-03-27 00-29-31","Apr 2017","Commodity","CO_oil1",-0.0284414106939704
"971","FI_Development","2020-03-27 00-29-31","May 2017","Commodity","CO_oil1",-0.0292740046838408
"972","FI_Development","2020-03-27 00-29-31","Jun 2017","Commodity","CO_oil1",-0.0265379975874546
"973","FI_Development","2020-03-27 00-29-31","Jul 2017","Commodity","CO_oil1",0.0582403965303592
"974","FI_Development","2020-03-27 00-29-31","Aug 2017","Commodity","CO_oil1",-0.0245901639344261
"975","FI_Development","2020-03-27 00-29-31","Sep 2017","Commodity","CO_oil1",0.0552220888355341
"976","FI_Development","2020-03-27 00-29-31","Oct 2017","Commodity","CO_oil1",0.0511945392491469
"977","FI_Development","2020-03-27 00-29-31","Nov 2017","Commodity","CO_oil1",0.0476190476190476
"978","FI_Development","2020-03-27 00-29-31","Dec 2017","Commodity","CO_oil1",0.0485537190082645
"979","FI_Development","2020-03-27 00-29-31","Jan 2018","Commodity","CO_oil1",0.0798029556650247
"980","FI_Development","2020-03-27 00-29-31","Feb 2018","Commodity","CO_oil1",-0.0428832116788322
"981","FI_Development","2020-03-27 00-29-31","Mar 2018","Commodity","CO_oil1",0.0648236415633937
"982","FI_Development","2020-03-27 00-29-31","Apr 2018","Commodity","CO_oil1",0.0581915846016115
"983","FI_Development","2020-03-27 00-29-31","May 2018","Commodity","CO_oil1",0.0084602368866328
"984","FI_Development","2020-03-27 00-29-31","Jun 2018","Commodity","CO_oil1",0.0453020134228189
"985","FI_Development","2020-03-27 00-29-31","Jul 2018","Commodity","CO_oil1",-0.0200642054574639
"986","FI_Development","2020-03-27 00-29-31","Aug 2018","Commodity","CO_oil1",0.0352170352170352
"987","FI_Development","2020-03-27 00-29-31","Sep 2018","Commodity","CO_oil1",0.0664556962025316
"988","FI_Development","2020-03-27 00-29-31","Oct 2018","Commodity","CO_oil1",-0.0971810089020772
"989","FI_Development","2020-03-27 00-29-31","Nov 2018","Commodity","CO_oil1",-0.221035332785538
"990","FI_Development","2020-03-27 00-29-31","Dec 2018","Commodity","CO_oil1",-0.106540084388186
"991","FI_Development","2020-03-27 00-29-31","Jan 2019","Commodity","CO_oil1",0.171192443919717
"992","FI_Development","2020-03-27 00-29-31","Feb 2019","Commodity","CO_oil1",0.0423387096774193
"993","FI_Development","2020-03-27 00-29-31","Mar 2019","Commodity","CO_oil1",0.0164410058027079
"994","FI_Development","2020-03-27 00-29-31","Apr 2019","Commodity","CO_oil1",0.0390104662226451
"995","FI_Development","2020-03-27 00-29-31","Jun 2013","Commodity","CO_oil2",NA
"996","FI_Development","2020-03-27 00-29-31","Jul 2013","Commodity","CO_oil2",0.0930368929198361
"997","FI_Development","2020-03-27 00-29-31","Aug 2013","Commodity","CO_oil2",0.0299785591547495
"998","FI_Development","2020-03-27 00-29-31","Sep 2013","Commodity","CO_oil2",-0.0423597193347193
"999","FI_Development","2020-03-27 00-29-31","Oct 2013","Commodity","CO_oil2",-0.0586159868991037
"1000","FI_Development","2020-03-27 00-29-31","Nov 2013","Commodity","CO_oil2",-0.0354569050290257
"1001","FI_Development","2020-03-27 00-29-31","Dec 2013","Commodity","CO_oil2",0.0555887942495156
"1002","FI_Development","2020-03-27 00-29-31","Jan 2014","Commodity","CO_oil2",-0.0147225651189128
"1003","FI_Development","2020-03-27 00-29-31","Feb 2014","Commodity","CO_oil2",0.0557472142456095
"1004","FI_Development","2020-03-27 00-29-31","Mar 2014","Commodity","CO_oil2",-0.00408279781802934
"1005","FI_Development","2020-03-27 00-29-31","Apr 2014","Commodity","CO_oil2",-0.00737906531839309
"1006","FI_Development","2020-03-27 00-29-31","May 2014","Commodity","CO_oil2",0.0374449339207048
"1007","FI_Development","2020-03-27 00-29-31","Jun 2014","Commodity","CO_oil2",0.0318471602972399
"1008","FI_Development","2020-03-27 00-29-31","Jul 2014","Commodity","CO_oil2",-0.0658436454258322
"1009","FI_Development","2020-03-27 00-29-31","Aug 2014","Commodity","CO_oil2",-0.0154185572687224
"1010","FI_Development","2020-03-27 00-29-31","Sep 2014","Commodity","CO_oil2",-0.0377516240353259
"1011","FI_Development","2020-03-27 00-29-31","Oct 2014","Commodity","CO_oil2",-0.109851816332461
"1012","FI_Development","2020-03-27 00-29-31","Nov 2014","Commodity","CO_oil2",-0.164871014197552
"1013","FI_Development","2020-03-27 00-29-31","Dec 2014","Commodity","CO_oil2",-0.204065637216575
"1014","FI_Development","2020-03-27 00-29-31","Jan 2015","Commodity","CO_oil2",-0.124754463420704
"1015","FI_Development","2020-03-27 00-29-31","Feb 2015","Commodity","CO_oil2",0.0157126823793491
"1016","FI_Development","2020-03-27 00-29-31","Mar 2015","Commodity","CO_oil2",-0.0696132596685084
"1017","FI_Development","2020-03-27 00-29-31","Apr 2015","Commodity","CO_oil2",0.217933491686461
"1018","FI_Development","2020-03-27 00-29-31","May 2015","Commodity","CO_oil2",-0.00975138956606535
"1019","FI_Development","2020-03-27 00-29-31","Jun 2015","Commodity","CO_oil2",-0.0211718375761614
"1020","FI_Development","2020-03-27 00-29-31","Jul 2015","Commodity","CO_oil2",-0.215794729164725
"1021","FI_Development","2020-03-27 00-29-31","Aug 2015","Commodity","CO_oil2",0.0192431045542015
"1022","FI_Development","2020-03-27 00-29-31","Sep 2015","Commodity","CO_oil2",-0.0761485210824418
"1023","FI_Development","2020-03-27 00-29-31","Oct 2015","Commodity","CO_oil2",0.00885558583106272
"1024","FI_Development","2020-03-27 00-29-31","Nov 2015","Commodity","CO_oil2",-0.12694125590817
"1025","FI_Development","2020-03-27 00-29-31","Dec 2015","Commodity","CO_oil2",-0.149265274555298
"1026","FI_Development","2020-03-27 00-29-31","Jan 2016","Commodity","CO_oil2",-0.122727272727273
"1027","FI_Development","2020-03-27 00-29-31","Feb 2016","Commodity","CO_oil2",-0.0673575129533679
"1028","FI_Development","2020-03-27 00-29-31","Mar 2016","Commodity","CO_oil2",0.0777777777777777
"1029","FI_Development","2020-03-27 00-29-31","Apr 2016","Commodity","CO_oil2",0.164948453608248
"1030","FI_Development","2020-03-27 00-29-31","May 2016","Commodity","CO_oil2",0.0504424778761061
"1031","FI_Development","2020-03-27 00-29-31","Jun 2016","Commodity","CO_oil2",-0.0252737994945239
"1032","FI_Development","2020-03-27 00-29-31","Jul 2016","Commodity","CO_oil2",-0.156439066551426
"1033","FI_Development","2020-03-27 00-29-31","Aug 2016","Commodity","CO_oil2",0.0614754098360655
"1034","FI_Development","2020-03-27 00-29-31","Sep 2016","Commodity","CO_oil2",0.055019305019305
"1035","FI_Development","2020-03-27 00-29-31","Oct 2016","Commodity","CO_oil2",-0.0365965233302837
"1036","FI_Development","2020-03-27 00-29-31","Nov 2016","Commodity","CO_oil2",0.0379867046533714
"1037","FI_Development","2020-03-27 00-29-31","Dec 2016","Commodity","CO_oil2",0.0722781335773102
"1038","FI_Development","2020-03-27 00-29-31","Jan 2017","Commodity","CO_oil2",-0.0341296928327645
"1039","FI_Development","2020-03-27 00-29-31","Feb 2017","Commodity","CO_oil2",0.0114840989399292
"1040","FI_Development","2020-03-27 00-29-31","Mar 2017","Commodity","CO_oil2",-0.0707423580786025
"1041","FI_Development","2020-03-27 00-29-31","Apr 2017","Commodity","CO_oil2",-0.037593984962406
"1042","FI_Development","2020-03-27 00-29-31","May 2017","Commodity","CO_oil2",-0.0273437499999999
"1043","FI_Development","2020-03-27 00-29-31","Jun 2017","Commodity","CO_oil2",-0.0461847389558234
"1044","FI_Development","2020-03-27 00-29-31","Jul 2017","Commodity","CO_oil2",0.0821052631578947
"1045","FI_Development","2020-03-27 00-29-31","Aug 2017","Commodity","CO_oil2",-0.0632295719844357
"1046","FI_Development","2020-03-27 00-29-31","Sep 2017","Commodity","CO_oil2",0.0830737279335409
"1047","FI_Development","2020-03-27 00-29-31","Oct 2017","Commodity","CO_oil2",0.0479386385426654
"1048","FI_Development","2020-03-27 00-29-31","Nov 2017","Commodity","CO_oil2",0.049405306495883
"1049","FI_Development","2020-03-27 00-29-31","Dec 2017","Commodity","CO_oil2",0.047079337401918
"1050","FI_Development","2020-03-27 00-29-31","Jan 2018","Commodity","CO_oil2",0.0807660283097419
"1051","FI_Development","2020-03-27 00-29-31","Feb 2018","Commodity","CO_oil2",-0.0469953775038522
"1052","FI_Development","2020-03-27 00-29-31","Mar 2018","Commodity","CO_oil2",0.0582053354890866
"1053","FI_Development","2020-03-27 00-29-31","Apr 2018","Commodity","CO_oil2",0.0542398777692896
"1054","FI_Development","2020-03-27 00-29-31","May 2018","Commodity","CO_oil2",-0.0181159420289855
"1055","FI_Development","2020-03-27 00-29-31","Jun 2018","Commodity","CO_oil2",0.111439114391144
"1056","FI_Development","2020-03-27 00-29-31","Jul 2018","Commodity","CO_oil2",-0.051792828685259
"1057","FI_Development","2020-03-27 00-29-31","Aug 2018","Commodity","CO_oil2",0.0301120448179273
"1058","FI_Development","2020-03-27 00-29-31","Sep 2018","Commodity","CO_oil2",0.0550645819170631
"1059","FI_Development","2020-03-27 00-29-31","Oct 2018","Commodity","CO_oil2",-0.111469072164948
"1060","FI_Development","2020-03-27 00-29-31","Nov 2018","Commodity","CO_oil2",-0.221899927483684
"1061","FI_Development","2020-03-27 00-29-31","Dec 2018","Commodity","CO_oil2",-0.0997204100652377
"1062","FI_Development","2020-03-27 00-29-31","Jan 2019","Commodity","CO_oil2",0.174948240165631
"1063","FI_Development","2020-03-27 00-29-31","Feb 2019","Commodity","CO_oil2",0.052863436123348
"1064","FI_Development","2020-03-27 00-29-31","Mar 2019","Commodity","CO_oil2",0.0460251046025105
"1065","FI_Development","2020-03-27 00-29-31","Apr 2019","Commodity","CO_oil2",0.0631999999999999
"1066","FI_Development","2020-03-27 00-29-31","Jun 2013","Commodity","CO_nat_gas",NA
"1067","FI_Development","2020-03-27 00-29-31","Jul 2013","Commodity","CO_nat_gas",-0.0390502227288831
"1068","FI_Development","2020-03-27 00-29-31","Aug 2013","Commodity","CO_nat_gas",0.0406371109630484
"1069","FI_Development","2020-03-27 00-29-31","Sep 2013","Commodity","CO_nat_gas",-0.0353561991283827
"1070","FI_Development","2020-03-27 00-29-31","Oct 2013","Commodity","CO_nat_gas",-0.0278993560763394
"1071","FI_Development","2020-03-27 00-29-31","Nov 2013","Commodity","CO_nat_gas",0.0776589173421803
"1072","FI_Development","2020-03-27 00-29-31","Dec 2013","Commodity","CO_nat_gas",0.0804178088881935
"1073","FI_Development","2020-03-27 00-29-31","Jan 2014","Commodity","CO_nat_gas",0.168680505831791
"1074","FI_Development","2020-03-27 00-29-31","Feb 2014","Commodity","CO_nat_gas",0.0550041350806025
"1075","FI_Development","2020-03-27 00-29-31","Mar 2014","Commodity","CO_nat_gas",-0.0427283512080718
"1076","FI_Development","2020-03-27 00-29-31","Apr 2014","Commodity","CO_nat_gas",0.0872235565110564
"1077","FI_Development","2020-03-27 00-29-31","May 2014","Commodity","CO_nat_gas",-0.0508474025663107
"1078","FI_Development","2020-03-27 00-29-31","Jun 2014","Commodity","CO_nat_gas",-0.0238095330215417
"1079","FI_Development","2020-03-27 00-29-31","Jul 2014","Commodity","CO_nat_gas",-0.14227641987243
"1080","FI_Development","2020-03-27 00-29-31","Aug 2014","Commodity","CO_nat_gas",0.0549762901664387
"1081","FI_Development","2020-03-27 00-29-31","Sep 2014","Commodity","CO_nat_gas",-0.0067385331678062
"1082","FI_Development","2020-03-27 00-29-31","Oct 2014","Commodity","CO_nat_gas",-0.0827679651115341
"1083","FI_Development","2020-03-27 00-29-31","Nov 2014","Commodity","CO_nat_gas",0.0483234449584526
"1084","FI_Development","2020-03-27 00-29-31","Dec 2014","Commodity","CO_nat_gas",-0.305268093776245
"1085","FI_Development","2020-03-27 00-29-31","Jan 2015","Commodity","CO_nat_gas",-0.0744753190766649
"1086","FI_Development","2020-03-27 00-29-31","Feb 2015","Commodity","CO_nat_gas",0.00512068397951726
"1087","FI_Development","2020-03-27 00-29-31","Mar 2015","Commodity","CO_nat_gas",-0.0363901025544051
"1088","FI_Development","2020-03-27 00-29-31","Apr 2015","Commodity","CO_nat_gas",0.0166163333953235
"1089","FI_Development","2020-03-27 00-29-31","May 2015","Commodity","CO_nat_gas",-0.0438335809806836
"1090","FI_Development","2020-03-27 00-29-31","Jun 2015","Commodity","CO_nat_gas",0.0536130924630925
"1091","FI_Development","2020-03-27 00-29-31","Jul 2015","Commodity","CO_nat_gas",-0.0383481180550104
"1092","FI_Development","2020-03-27 00-29-31","Aug 2015","Commodity","CO_nat_gas",-0.0260736388036809
"1093","FI_Development","2020-03-27 00-29-31","Sep 2015","Commodity","CO_nat_gas",-0.0858267733430467
"1094","FI_Development","2020-03-27 00-29-31","Oct 2015","Commodity","CO_nat_gas",-0.155038698428913
"1095","FI_Development","2020-03-27 00-29-31","Nov 2015","Commodity","CO_nat_gas",-0.111111130932154
"1096","FI_Development","2020-03-27 00-29-31","Dec 2015","Commodity","CO_nat_gas",-0.00573397345946178
"1097","FI_Development","2020-03-27 00-29-31","Jan 2016","Commodity","CO_nat_gas",-0.0207612745098038
"1098","FI_Development","2020-03-27 00-29-31","Feb 2016","Commodity","CO_nat_gas",-0.29093048559866
"1099","FI_Development","2020-03-27 00-29-31","Mar 2016","Commodity","CO_nat_gas",0.106312250830565
"1100","FI_Development","2020-03-27 00-29-31","Apr 2016","Commodity","CO_nat_gas",0.0405405420623327
"1101","FI_Development","2020-03-27 00-29-31","May 2016","Commodity","CO_nat_gas",-0.0057720059802311
"1102","FI_Development","2020-03-27 00-29-31","Jun 2016","Commodity","CO_nat_gas",0.253991373512024
"1103","FI_Development","2020-03-27 00-29-31","Jul 2016","Commodity","CO_nat_gas",-0.0104166663652585
"1104","FI_Development","2020-03-27 00-29-31","Aug 2016","Commodity","CO_nat_gas",-0.0116959645702935
"1105","FI_Development","2020-03-27 00-29-31","Sep 2016","Commodity","CO_nat_gas",-0.0106508878890795
"1106","FI_Development","2020-03-27 00-29-31","Oct 2016","Commodity","CO_nat_gas",-0.0334927940637797
"1107","FI_Development","2020-03-27 00-29-31","Nov 2016","Commodity","CO_nat_gas",0.0433168626237625
"1108","FI_Development","2020-03-27 00-29-31","Dec 2016","Commodity","CO_nat_gas",0.107947802255403
"1109","FI_Development","2020-03-27 00-29-31","Jan 2017","Commodity","CO_nat_gas",-0.158458239869961
"1110","FI_Development","2020-03-27 00-29-31","Feb 2017","Commodity","CO_nat_gas",-0.148854988904103
"1111","FI_Development","2020-03-27 00-29-31","Mar 2017","Commodity","CO_nat_gas",0.131539648729447
"1112","FI_Development","2020-03-27 00-29-31","Apr 2017","Commodity","CO_nat_gas",0
"1113","FI_Development","2020-03-27 00-29-31","May 2017","Commodity","CO_nat_gas",-0.0858652877851622
"1114","FI_Development","2020-03-27 00-29-31","Jun 2017","Commodity","CO_nat_gas",-0.0202311777456648
"1115","FI_Development","2020-03-27 00-29-31","Jul 2017","Commodity","CO_nat_gas",-0.067846605167898
"1116","FI_Development","2020-03-27 00-29-31","Aug 2017","Commodity","CO_nat_gas",0.0617088187615183
"1117","FI_Development","2020-03-27 00-29-31","Sep 2017","Commodity","CO_nat_gas",-0.0208643442622951
"1118","FI_Development","2020-03-27 00-29-31","Oct 2017","Commodity","CO_nat_gas",-0.089802165532642
"1119","FI_Development","2020-03-27 00-29-31","Nov 2017","Commodity","CO_nat_gas",0.0117057274247491
"1120","FI_Development","2020-03-27 00-29-31","Dec 2017","Commodity","CO_nat_gas",-0.0363636761833192
"1121","FI_Development","2020-03-27 00-29-31","Jan 2018","Commodity","CO_nat_gas",0.0754716981132075
"1122","FI_Development","2020-03-27 00-29-31","Feb 2018","Commodity","CO_nat_gas",-0.11244019138756
"1123","FI_Development","2020-03-27 00-29-31","Mar 2018","Commodity","CO_nat_gas",0.0130278077268642
"1124","FI_Development","2020-03-27 00-29-31","Apr 2018","Commodity","CO_nat_gas",0.000443458999710003
"1125","FI_Development","2020-03-27 00-29-31","May 2018","Commodity","CO_nat_gas",0.0589539033224247
"1126","FI_Development","2020-03-27 00-29-31","Jun 2018","Commodity","CO_nat_gas",-0.00795303507547234
"1127","FI_Development","2020-03-27 00-29-31","Jul 2018","Commodity","CO_nat_gas",-0.037552825419712
"1128","FI_Development","2020-03-27 00-29-31","Aug 2018","Commodity","CO_nat_gas",0.0499781696614717
"1129","FI_Development","2020-03-27 00-29-31","Sep 2018","Commodity","CO_nat_gas",0.0367431717435001
"1130","FI_Development","2020-03-27 00-29-31","Oct 2018","Commodity","CO_nat_gas",0.0753121627064036
"1131","FI_Development","2020-03-27 00-29-31","Nov 2018","Commodity","CO_nat_gas",0.397752756638474
"1132","FI_Development","2020-03-27 00-29-31","Dec 2018","Commodity","CO_nat_gas",-0.337888558413719
"1133","FI_Development","2020-03-27 00-29-31","Jan 2019","Commodity","CO_nat_gas",0.0230676658465263
"1134","FI_Development","2020-03-27 00-29-31","Feb 2019","Commodity","CO_nat_gas",-0.0217563678102702
"1135","FI_Development","2020-03-27 00-29-31","Mar 2019","Commodity","CO_nat_gas",-0.0505458956732713
"1136","FI_Development","2020-03-27 00-29-31","Apr 2019","Commodity","CO_nat_gas",-0.048977853492334
"1137","FI_Development","2020-03-27 00-29-31","Jun 2013","Commodity","CO_gasoline",NA
"1138","FI_Development","2020-03-27 00-29-31","Jul 2013","Commodity","CO_gasoline",0.129745692213258
"1139","FI_Development","2020-03-27 00-29-31","Aug 2013","Commodity","CO_gasoline",0.00473084836428796
"1140","FI_Development","2020-03-27 00-29-31","Sep 2013","Commodity","CO_gasoline",-0.0893002110732262
"1141","FI_Development","2020-03-27 00-29-31","Oct 2013","Commodity","CO_gasoline",-0.00962740238901772
"1142","FI_Development","2020-03-27 00-29-31","Nov 2013","Commodity","CO_gasoline",0.0459045732836107
"1143","FI_Development","2020-03-27 00-29-31","Dec 2013","Commodity","CO_gasoline",0.0314974537520638
"1144","FI_Development","2020-03-27 00-29-31","Jan 2014","Commodity","CO_gasoline",-0.0599032204238277
"1145","FI_Development","2020-03-27 00-29-31","Feb 2014","Commodity","CO_gasoline",0.0653177138800142
"1146","FI_Development","2020-03-27 00-29-31","Mar 2014","Commodity","CO_gasoline",-0.0173275574808398
"1147","FI_Development","2020-03-27 00-29-31","Apr 2014","Commodity","CO_gasoline",0.0262800779925398
"1148","FI_Development","2020-03-27 00-29-31","May 2014","Commodity","CO_gasoline",0.00776476140368024
"1149","FI_Development","2020-03-27 00-29-31","Jun 2014","Commodity","CO_gasoline",0.0334426393442622
"1150","FI_Development","2020-03-27 00-29-31","Jul 2014","Commodity","CO_gasoline",-0.0761421149089131
"1151","FI_Development","2020-03-27 00-29-31","Aug 2014","Commodity","CO_gasoline",-0.0140797385274815
"1152","FI_Development","2020-03-27 00-29-31","Sep 2014","Commodity","CO_gasoline",-0.0498083786070491
"1153","FI_Development","2020-03-27 00-29-31","Oct 2014","Commodity","CO_gasoline",-0.0923753832042634
"1154","FI_Development","2020-03-27 00-29-31","Nov 2014","Commodity","CO_gasoline",-0.128836853796446
"1155","FI_Development","2020-03-27 00-29-31","Dec 2014","Commodity","CO_gasoline",-0.208391219480557
"1156","FI_Development","2020-03-27 00-29-31","Jan 2015","Commodity","CO_gasoline",-0.0351391194647661
"1157","FI_Development","2020-03-27 00-29-31","Feb 2015","Commodity","CO_gasoline",0.178452225236655
"1158","FI_Development","2020-03-27 00-29-31","Mar 2015","Commodity","CO_gasoline",-0.102755647553147
"1159","FI_Development","2020-03-27 00-29-31","Apr 2015","Commodity","CO_gasoline",0.155281285878301
"1160","FI_Development","2020-03-27 00-29-31","May 2015","Commodity","CO_gasoline",0.00944101863354037
"1161","FI_Development","2020-03-27 00-29-31","Jun 2015","Commodity","CO_gasoline",0.014275116557344
"1162","FI_Development","2020-03-27 00-29-31","Jul 2015","Commodity","CO_gasoline",-0.112594009041349
"1163","FI_Development","2020-03-27 00-29-31","Aug 2015","Commodity","CO_gasoline",-0.071916899097621
"1164","FI_Development","2020-03-27 00-29-31","Sep 2015","Commodity","CO_gasoline",-0.0674719819526218
"1165","FI_Development","2020-03-27 00-29-31","Oct 2015","Commodity","CO_gasoline",-0.00726698262243276
"1166","FI_Development","2020-03-27 00-29-31","Nov 2015","Commodity","CO_gasoline",-0.032781699554424
"1167","FI_Development","2020-03-27 00-29-31","Dec 2015","Commodity","CO_gasoline",-0.0371832522929664
"1168","FI_Development","2020-03-27 00-29-31","Jan 2016","Commodity","CO_gasoline",-0.128844839371155
"1169","FI_Development","2020-03-27 00-29-31","Feb 2016","Commodity","CO_gasoline",-0.0588466065123578
"1170","FI_Development","2020-03-27 00-29-31","Mar 2016","Commodity","CO_gasoline",0.0654438932888705
"1171","FI_Development","2020-03-27 00-29-31","Apr 2016","Commodity","CO_gasoline",0.0970266861121551
"1172","FI_Development","2020-03-27 00-29-31","May 2016","Commodity","CO_gasoline",-0.00213983587233109
"1173","FI_Development","2020-03-27 00-29-31","Jun 2016","Commodity","CO_gasoline",-0.0714796283059328
"1174","FI_Development","2020-03-27 00-29-31","Jul 2016","Commodity","CO_gasoline",-0.130484988452656
"1175","FI_Development","2020-03-27 00-29-31","Aug 2016","Commodity","CO_gasoline",0.0628596724214255
"1176","FI_Development","2020-03-27 00-29-31","Sep 2016","Commodity","CO_gasoline",0.149521032902957
"1177","FI_Development","2020-03-27 00-29-31","Oct 2016","Commodity","CO_gasoline",-0.0202898188405798
"1178","FI_Development","2020-03-27 00-29-31","Nov 2016","Commodity","CO_gasoline",0.038091677585367
"1179","FI_Development","2020-03-27 00-29-31","Dec 2016","Commodity","CO_gasoline",0.115781973637335
"1180","FI_Development","2020-03-27 00-29-31","Jan 2017","Commodity","CO_gasoline",-0.0858876436781609
"1181","FI_Development","2020-03-27 00-29-31","Feb 2017","Commodity","CO_gasoline",-0.0241005247677446
"1182","FI_Development","2020-03-27 00-29-31","Mar 2017","Commodity","CO_gasoline",-0.0236220463986383
"1183","FI_Development","2020-03-27 00-29-31","Apr 2017","Commodity","CO_gasoline",-0.0978738967055023
"1184","FI_Development","2020-03-27 00-29-31","May 2017","Commodity","CO_gasoline",0.035351441066581
"1185","FI_Development","2020-03-27 00-29-31","Jun 2017","Commodity","CO_gasoline",-0.0482731554160126
"1186","FI_Development","2020-03-27 00-29-31","Jul 2017","Commodity","CO_gasoline",0.12907212371134
"1187","FI_Development","2020-03-27 00-29-31","Aug 2017","Commodity","CO_gasoline",0.119795512045125
"1188","FI_Development","2020-03-27 00-29-31","Sep 2017","Commodity","CO_gasoline",-0.0818656229615134
"1189","FI_Development","2020-03-27 00-29-31","Oct 2017","Commodity","CO_gasoline",0.106216660746004
"1190","FI_Development","2020-03-27 00-29-31","Nov 2017","Commodity","CO_gasoline",0.00289020561625583
"1191","FI_Development","2020-03-27 00-29-31","Dec 2017","Commodity","CO_gasoline",0.0198527057316683
"1192","FI_Development","2020-03-27 00-29-31","Jan 2018","Commodity","CO_gasoline",0.055572967032967
"1193","FI_Development","2020-03-27 00-29-31","Feb 2018","Commodity","CO_gasoline",-0.081201668090472
"1194","FI_Development","2020-03-27 00-29-31","Mar 2018","Commodity","CO_gasoline",0.045645841555385
"1195","FI_Development","2020-03-27 00-29-31","Apr 2018","Commodity","CO_gasoline",0.0495356981280402
"1196","FI_Development","2020-03-27 00-29-31","May 2018","Commodity","CO_gasoline",0.0185839812044848
"1197","FI_Development","2020-03-27 00-29-31","Jun 2018","Commodity","CO_gasoline",-0.00057923546421167
"1198","FI_Development","2020-03-27 00-29-31","Jul 2018","Commodity","CO_gasoline",-0.0159373813930676
"1199","FI_Development","2020-03-27 00-29-31","Aug 2018","Commodity","CO_gasoline",0.00883389307520297
"1200","FI_Development","2020-03-27 00-29-31","Sep 2018","Commodity","CO_gasoline",0.0548745215922079
"1201","FI_Development","2020-03-27 00-29-31","Oct 2018","Commodity","CO_gasoline",-0.161317104629693
"1202","FI_Development","2020-03-27 00-29-31","Nov 2018","Commodity","CO_gasoline",-0.192675690949379
"1203","FI_Development","2020-03-27 00-29-31","Dec 2018","Commodity","CO_gasoline",-0.0637514942276868
"1204","FI_Development","2020-03-27 00-29-31","Jan 2019","Commodity","CO_gasoline",0.04975988651244
"1205","FI_Development","2020-03-27 00-29-31","Feb 2019","Commodity","CO_gasoline",0.132640379735567
"1206","FI_Development","2020-03-27 00-29-31","Mar 2019","Commodity","CO_gasoline",0.0785609030837006
"1207","FI_Development","2020-03-27 00-29-31","Apr 2019","Commodity","CO_gasoline",0.116746157819815
"1208","FI_Development","2020-03-27 00-29-31","Jun 2013","Commodity","CO_gold",NA
"1209","FI_Development","2020-03-27 00-29-31","Jul 2013","Commodity","CO_gold",0.0743010488262862
"1210","FI_Development","2020-03-27 00-29-31","Aug 2013","Commodity","CO_gold",0.0520474839953695
"1211","FI_Development","2020-03-27 00-29-31","Sep 2013","Commodity","CO_gold",-0.0478383764610896
"1212","FI_Development","2020-03-27 00-29-31","Oct 2013","Commodity","CO_gold",-0.00343263398368259
"1213","FI_Development","2020-03-27 00-29-31","Nov 2013","Commodity","CO_gold",-0.0551119548318766
"1214","FI_Development","2020-03-27 00-29-31","Dec 2013","Commodity","CO_gold",-0.0379452702057648
"1215","FI_Development","2020-03-27 00-29-31","Jan 2014","Commodity","CO_gold",0.0341887090719417
"1216","FI_Development","2020-03-27 00-29-31","Feb 2014","Commodity","CO_gold",0.062703033148573
"1217","FI_Development","2020-03-27 00-29-31","Mar 2014","Commodity","CO_gold",-0.031421422235823
"1218","FI_Development","2020-03-27 00-29-31","Apr 2014","Commodity","CO_gold",0.00493487577918553
"1219","FI_Development","2020-03-27 00-29-31","May 2014","Commodity","CO_gold",-0.0305103926057768
"1220","FI_Development","2020-03-27 00-29-31","Jun 2014","Commodity","CO_gold",0.0631901768662294
"1221","FI_Development","2020-03-27 00-29-31","Jul 2014","Commodity","CO_gold",-0.0363167311325923
"1222","FI_Development","2020-03-27 00-29-31","Aug 2014","Commodity","CO_gold",0.00380907694147881
"1223","FI_Development","2020-03-27 00-29-31","Sep 2014","Commodity","CO_gold",-0.0617632967724585
"1224","FI_Development","2020-03-27 00-29-31","Oct 2014","Commodity","CO_gold",-0.0305481028357981
"1225","FI_Development","2020-03-27 00-29-31","Nov 2014","Commodity","CO_gold",-0.00488197213271894
"1226","FI_Development","2020-03-27 00-29-31","Dec 2014","Commodity","CO_gold",0.0131121308258663
"1227","FI_Development","2020-03-27 00-29-31","Jan 2015","Commodity","CO_gold",0.0868990564025523
"1228","FI_Development","2020-03-27 00-29-31","Feb 2015","Commodity","CO_gold",-0.0590521926055615
"1229","FI_Development","2020-03-27 00-29-31","Mar 2015","Commodity","CO_gold",-0.0215220378263761
"1230","FI_Development","2020-03-27 00-29-31","Apr 2015","Commodity","CO_gold",-0.00167167863200149
"1231","FI_Development","2020-03-27 00-29-31","May 2015","Commodity","CO_gold",0.00555210182821804
"1232","FI_Development","2020-03-27 00-29-31","Jun 2015","Commodity","CO_gold",-0.015162094919581
"1233","FI_Development","2020-03-27 00-29-31","Jul 2015","Commodity","CO_gold",-0.0662098674145269
"1234","FI_Development","2020-03-27 00-29-31","Aug 2015","Commodity","CO_gold",0.0370723339369102
"1235","FI_Development","2020-03-27 00-29-31","Sep 2015","Commodity","CO_gold",-0.0180113857746737
"1236","FI_Development","2020-03-27 00-29-31","Oct 2015","Commodity","CO_gold",0.0228336325768891
"1237","FI_Development","2020-03-27 00-29-31","Nov 2015","Commodity","CO_gold",-0.0675206294367622
"1238","FI_Development","2020-03-27 00-29-31","Dec 2015","Commodity","CO_gold",-0.00451333407600744
"1239","FI_Development","2020-03-27 00-29-31","Jan 2016","Commodity","CO_gold",0.054109974907451
"1240","FI_Development","2020-03-27 00-29-31","Feb 2016","Commodity","CO_gold",0.109303434576066
"1241","FI_Development","2020-03-27 00-29-31","Mar 2016","Commodity","CO_gold",-0.00842886048911716
"1242","FI_Development","2020-03-27 00-29-31","Apr 2016","Commodity","CO_gold",0.0510880912197219
"1243","FI_Development","2020-03-27 00-29-31","May 2016","Commodity","CO_gold",-0.0613829670621437
"1244","FI_Development","2020-03-27 00-29-31","Jun 2016","Commodity","CO_gold",0.0896950127467692
"1245","FI_Development","2020-03-27 00-29-31","Jul 2016","Commodity","CO_gold",0.0198465642456981
"1246","FI_Development","2020-03-27 00-29-31","Aug 2016","Commodity","CO_gold",-0.032563165841624
"1247","FI_Development","2020-03-27 00-29-31","Sep 2016","Commodity","CO_gold",0.0068921302042966
"1248","FI_Development","2020-03-27 00-29-31","Oct 2016","Commodity","CO_gold",-0.0294491963502801
"1249","FI_Development","2020-03-27 00-29-31","Nov 2016","Commodity","CO_gold",-0.0835657030742053
"1250","FI_Development","2020-03-27 00-29-31","Dec 2016","Commodity","CO_gold",-0.0191498791946309
"1251","FI_Development","2020-03-27 00-29-31","Jan 2017","Commodity","CO_gold",0.0541921535061386
"1252","FI_Development","2020-03-27 00-29-31","Feb 2017","Commodity","CO_gold",0.0318476841580003
"1253","FI_Development","2020-03-27 00-29-31","Mar 2017","Commodity","CO_gold",-0.00427746361794523
"1254","FI_Development","2020-03-27 00-29-31","Apr 2017","Commodity","CO_gold",0.017267486377464
"1255","FI_Development","2020-03-27 00-29-31","May 2017","Commodity","CO_gold",-0.00124198065517884
"1256","FI_Development","2020-03-27 00-29-31","Jun 2017","Commodity","CO_gold",-0.021555346835798
"1257","FI_Development","2020-03-27 00-29-31","Jul 2017","Commodity","CO_gold",0.0231316986052795
"1258","FI_Development","2020-03-27 00-29-31","Aug 2017","Commodity","CO_gold",0.0419875776397515
"1259","FI_Development","2020-03-27 00-29-31","Sep 2017","Commodity","CO_gold",-0.0336989190907646
"1260","FI_Development","2020-03-27 00-29-31","Oct 2017","Commodity","CO_gold",-0.00748481645854872
"1261","FI_Development","2020-03-27 00-29-31","Nov 2017","Commodity","CO_gold",0.00356343753316373
"1262","FI_Development","2020-03-27 00-29-31","Dec 2017","Commodity","CO_gold",0.0210570110826922
"1263","FI_Development","2020-03-27 00-29-31","Jan 2018","Commodity","CO_gold",0.0323493727076527
"1264","FI_Development","2020-03-27 00-29-31","Feb 2018","Commodity","CO_gold",-0.0207599056676866
"1265","FI_Development","2020-03-27 00-29-31","Mar 2018","Commodity","CO_gold",0.00632000800000003
"1266","FI_Development","2020-03-27 00-29-31","Apr 2018","Commodity","CO_gold",-0.00953974871182332
"1267","FI_Development","2020-03-27 00-29-31","May 2018","Commodity","CO_gold",-0.0119592105934412
"1268","FI_Development","2020-03-27 00-29-31","Jun 2018","Commodity","CO_gold",-0.0361494400674158
"1269","FI_Development","2020-03-27 00-29-31","Jul 2018","Commodity","CO_gold",-0.0224189123907474
"1270","FI_Development","2020-03-27 00-29-31","Aug 2018","Commodity","CO_gold",-0.0213811194306599
"1271","FI_Development","2020-03-27 00-29-31","Sep 2018","Commodity","CO_gold",-0.00660734725385698
"1272","FI_Development","2020-03-27 00-29-31","Oct 2018","Commodity","CO_gold",0.0211954590068205
"1273","FI_Development","2020-03-27 00-29-31","Nov 2018","Commodity","CO_gold",0.00338687792641118
"1274","FI_Development","2020-03-27 00-29-31","Dec 2018","Commodity","CO_gold",0.0494201051634057
"1275","FI_Development","2020-03-27 00-29-31","Jan 2019","Commodity","CO_gold",0.0288659793814433
"1276","FI_Development","2020-03-27 00-29-31","Feb 2019","Commodity","CO_gold",-0.0060922004008016
"1277","FI_Development","2020-03-27 00-29-31","Mar 2019","Commodity","CO_gold",-0.0159689977573836
"1278","FI_Development","2020-03-27 00-29-31","Apr 2019","Commodity","CO_gold",-0.00663884096977561
"1279","FI_Development","2020-03-27 00-29-31","Jun 2013","Commodity","CO_silver",NA
"1280","FI_Development","2020-03-27 00-29-31","Jul 2013","Commodity","CO_silver",0.00896151865901512
"1281","FI_Development","2020-03-27 00-29-31","Aug 2013","Commodity","CO_silver",0.180773311430163
"1282","FI_Development","2020-03-27 00-29-31","Sep 2013","Commodity","CO_silver",-0.0752212389380532
"1283","FI_Development","2020-03-27 00-29-31","Oct 2013","Commodity","CO_silver",0.00956937799043076
"1284","FI_Development","2020-03-27 00-29-31","Nov 2013","Commodity","CO_silver",-0.0881516587677726
"1285","FI_Development","2020-03-27 00-29-31","Dec 2013","Commodity","CO_silver",-0.0275468295218295
"1286","FI_Development","2020-03-27 00-29-31","Jan 2014","Commodity","CO_silver",-0.0138962059805561
"1287","FI_Development","2020-03-27 00-29-31","Feb 2014","Commodity","CO_silver",0.102980970028132
"1288","FI_Development","2020-03-27 00-29-31","Mar 2014","Commodity","CO_silver",-0.0643734152334153
"1289","FI_Development","2020-03-27 00-29-31","Apr 2014","Commodity","CO_silver",-0.0304622883160563
"1290","FI_Development","2020-03-27 00-29-31","May 2014","Commodity","CO_silver",-0.0205849956979955
"1291","FI_Development","2020-03-27 00-29-31","Jun 2014","Commodity","CO_silver",0.120022123893805
"1292","FI_Development","2020-03-27 00-29-31","Jul 2014","Commodity","CO_silver",-0.0330864197530865
"1293","FI_Development","2020-03-27 00-29-31","Aug 2014","Commodity","CO_silver",-0.0444331460674157
"1294","FI_Development","2020-03-27 00-29-31","Sep 2014","Commodity","CO_silver",-0.12613570957433
"1295","FI_Development","2020-03-27 00-29-31","Oct 2014","Commodity","CO_silver",-0.0519877675840979
"1296","FI_Development","2020-03-27 00-29-31","Nov 2014","Commodity","CO_silver",-0.0432258064516129
"1297","FI_Development","2020-03-27 00-29-31","Dec 2014","Commodity","CO_silver",0.0155091031692515
"1298","FI_Development","2020-03-27 00-29-31","Jan 2015","Commodity","CO_silver",0.0982736387782204
"1299","FI_Development","2020-03-27 00-29-31","Feb 2015","Commodity","CO_silver",-0.0405079177443823
"1300","FI_Development","2020-03-27 00-29-31","Mar 2015","Commodity","CO_silver",0.00378071833648396
"1301","FI_Development","2020-03-27 00-29-31","Apr 2015","Commodity","CO_silver",-0.0313873195229127
"1302","FI_Development","2020-03-27 00-29-31","May 2015","Commodity","CO_silver",0.0362929358392742
"1303","FI_Development","2020-03-27 00-29-31","Jun 2015","Commodity","CO_silver",-0.0600375234521577
"1304","FI_Development","2020-03-27 00-29-31","Jul 2015","Commodity","CO_silver",-0.0632069194943446
"1305","FI_Development","2020-03-27 00-29-31","Aug 2015","Commodity","CO_silver",-0.00639204545454544
"1306","FI_Development","2020-03-27 00-29-31","Sep 2015","Commodity","CO_silver",-0.00857755539671201
"1307","FI_Development","2020-03-27 00-29-31","Oct 2015","Commodity","CO_silver",0.0670511896178804
"1308","FI_Development","2020-03-27 00-29-31","Nov 2015","Commodity","CO_silver",-0.091891891891892
"1309","FI_Development","2020-03-27 00-29-31","Dec 2015","Commodity","CO_silver",-0.0186011904761905
"1310","FI_Development","2020-03-27 00-29-31","Jan 2016","Commodity","CO_silver",0.0303260045489007
"1311","FI_Development","2020-03-27 00-29-31","Feb 2016","Commodity","CO_silver",0.0448859455481972
"1312","FI_Development","2020-03-27 00-29-31","Mar 2016","Commodity","CO_silver",0.0338028169014085
"1313","FI_Development","2020-03-27 00-29-31","Apr 2016","Commodity","CO_silver",0.156675749318801
"1314","FI_Development","2020-03-27 00-29-31","May 2016","Commodity","CO_silver",-0.105418138987044
"1315","FI_Development","2020-03-27 00-29-31","Jun 2016","Commodity","CO_silver",0.175773601053325
"1316","FI_Development","2020-03-27 00-29-31","Jul 2016","Commodity","CO_silver",0.0834265910735392
"1317","FI_Development","2020-03-27 00-29-31","Aug 2016","Commodity","CO_silver",-0.0842377777777778
"1318","FI_Development","2020-03-27 00-29-31","Sep 2016","Commodity","CO_silver",0.0270881505128752
"1319","FI_Development","2020-03-27 00-29-31","Oct 2016","Commodity","CO_silver",-0.0675825237592019
"1320","FI_Development","2020-03-27 00-29-31","Nov 2016","Commodity","CO_silver",-0.0771949957097818
"1321","FI_Development","2020-03-27 00-29-31","Dec 2016","Commodity","CO_silver",-0.0351213282247765
"1322","FI_Development","2020-03-27 00-29-31","Jan 2017","Commodity","CO_silver",0.10059556585043
"1323","FI_Development","2020-03-27 00-29-31","Feb 2017","Commodity","CO_silver",0.0444980183101633
"1324","FI_Development","2020-03-27 00-29-31","Mar 2017","Commodity","CO_silver",-0.00690852003980878
"1325","FI_Development","2020-03-27 00-29-31","Apr 2017","Commodity","CO_silver",-0.0550725217391305
"1326","FI_Development","2020-03-27 00-29-31","May 2017","Commodity","CO_silver",0.00552147273137869
"1327","FI_Development","2020-03-27 00-29-31","Jun 2017","Commodity","CO_silver",-0.0414886541481789
"1328","FI_Development","2020-03-27 00-29-31","Jul 2017","Commodity","CO_silver",0.0120942075111394
"1329","FI_Development","2020-03-27 00-29-31","Aug 2017","Commodity","CO_silver",0.0471698113207546
"1330","FI_Development","2020-03-27 00-29-31","Sep 2017","Commodity","CO_silver",-0.0546546546546546
"1331","FI_Development","2020-03-27 00-29-31","Oct 2017","Commodity","CO_silver",0.00317662007623881
"1332","FI_Development","2020-03-27 00-29-31","Nov 2017","Commodity","CO_silver",-0.0177327422419252
"1333","FI_Development","2020-03-27 00-29-31","Dec 2017","Commodity","CO_silver",0.0309477756286267
"1334","FI_Development","2020-03-27 00-29-31","Jan 2018","Commodity","CO_silver",0.0225140712945592
"1335","FI_Development","2020-03-27 00-29-31","Feb 2018","Commodity","CO_silver",-0.054434250764526
"1336","FI_Development","2020-03-27 00-29-31","Mar 2018","Commodity","CO_silver",-0.00323415265200522
"1337","FI_Development","2020-03-27 00-29-31","Apr 2018","Commodity","CO_silver",-0.00194678780012974
"1338","FI_Development","2020-03-27 00-29-31","May 2018","Commodity","CO_silver",0.00520156046814045
"1339","FI_Development","2020-03-27 00-29-31","Jun 2018","Commodity","CO_silver",-0.0200517464424321
"1340","FI_Development","2020-03-27 00-29-31","Jul 2018","Commodity","CO_silver",-0.0356435643564357
"1341","FI_Development","2020-03-27 00-29-31","Aug 2018","Commodity","CO_silver",-0.0657084188911704
"1342","FI_Development","2020-03-27 00-29-31","Sep 2018","Commodity","CO_silver",0.00586080586080587
"1343","FI_Development","2020-03-27 00-29-31","Oct 2018","Commodity","CO_silver",-0.023306627822287
"1344","FI_Development","2020-03-27 00-29-31","Nov 2018","Commodity","CO_silver",-0.00671140939597314
"1345","FI_Development","2020-03-27 00-29-31","Dec 2018","Commodity","CO_silver",0.09009009009009
"1346","FI_Development","2020-03-27 00-29-31","Jan 2019","Commodity","CO_silver",0.0365013774104684
"1347","FI_Development","2020-03-27 00-29-31","Feb 2019","Commodity","CO_silver",-0.027906976744186
"1348","FI_Development","2020-03-27 00-29-31","Mar 2019","Commodity","CO_silver",-0.0307587149692414
"1349","FI_Development","2020-03-27 00-29-31","Apr 2019","Commodity","CO_silver",-0.0112834978843442
"1350","FI_Development","2020-03-27 00-29-31","Jun 2013","Commodity","CO_grains",NA
"1351","FI_Development","2020-03-27 00-29-31","Jul 2013","Commodity","CO_grains",-0.0445859480002444
"1352","FI_Development","2020-03-27 00-29-31","Aug 2013","Commodity","CO_grains",0.0354839139784946
"1353","FI_Development","2020-03-27 00-29-31","Sep 2013","Commodity","CO_grains",-0.0488058754390083
"1354","FI_Development","2020-03-27 00-29-31","Oct 2013","Commodity","CO_grains",-0.0157204588585253
"1355","FI_Development","2020-03-27 00-29-31","Nov 2013","Commodity","CO_grains",0.00155279496216527
"1356","FI_Development","2020-03-27 00-29-31","Dec 2013","Commodity","CO_grains",-0.0447397765342292
"1357","FI_Development","2020-03-27 00-29-31","Jan 2014","Commodity","CO_grains",-0.00904240646783206
"1358","FI_Development","2020-03-27 00-29-31","Feb 2014","Commodity","CO_grains",0.094056991387132
"1359","FI_Development","2020-03-27 00-29-31","Mar 2014","Commodity","CO_grains",0.0786997681223168
"1360","FI_Development","2020-03-27 00-29-31","Apr 2014","Commodity","CO_grains",0.0364789856558085
"1361","FI_Development","2020-03-27 00-29-31","May 2014","Commodity","CO_grains",-0.0860749825186493
"1362","FI_Development","2020-03-27 00-29-31","Jun 2014","Commodity","CO_grains",-0.0937630827493319
"1363","FI_Development","2020-03-27 00-29-31","Jul 2014","Commodity","CO_grains",-0.109006861639881
"1364","FI_Development","2020-03-27 00-29-31","Aug 2014","Commodity","CO_grains",-0.0147745974715086
"1365","FI_Development","2020-03-27 00-29-31","Sep 2014","Commodity","CO_grains",-0.135490588555148
"1366","FI_Development","2020-03-27 00-29-31","Oct 2014","Commodity","CO_grains",0.153377992897809
"1367","FI_Development","2020-03-27 00-29-31","Nov 2014","Commodity","CO_grains",0.00897097577989564
"1368","FI_Development","2020-03-27 00-29-31","Dec 2014","Commodity","CO_grains",0.00915266688532094
"1369","FI_Development","2020-03-27 00-29-31","Jan 2015","Commodity","CO_grains",-0.0912153407618555
"1370","FI_Development","2020-03-27 00-29-31","Feb 2015","Commodity","CO_grains",0.0407755916737953
"1371","FI_Development","2020-03-27 00-29-31","Mar 2015","Commodity","CO_grains",-0.0334246849315069
"1372","FI_Development","2020-03-27 00-29-31","Apr 2015","Commodity","CO_grains",-0.0456349502730994
"1373","FI_Development","2020-03-27 00-29-31","May 2015","Commodity","CO_grains",-0.0335609464544668
"1374","FI_Development","2020-03-27 00-29-31","Jun 2015","Commodity","CO_grains",0.198217603004991
"1375","FI_Development","2020-03-27 00-29-31","Jul 2015","Commodity","CO_grains",-0.139523024389688
"1376","FI_Development","2020-03-27 00-29-31","Aug 2015","Commodity","CO_grains",-0.0387481084574697
"1377","FI_Development","2020-03-27 00-29-31","Sep 2015","Commodity","CO_grains",0.0310077519379845
"1378","FI_Development","2020-03-27 00-29-31","Oct 2015","Commodity","CO_grains",-0.00962406015037595
"1379","FI_Development","2020-03-27 00-29-31","Nov 2015","Commodity","CO_grains",-0.0501062556938962
"1380","FI_Development","2020-03-27 00-29-31","Dec 2015","Commodity","CO_grains",-0.0297314888193257
"1381","FI_Development","2020-03-27 00-29-31","Jan 2016","Commodity","CO_grains",0.028995057660626
"1382","FI_Development","2020-03-27 00-29-31","Feb 2016","Commodity","CO_grains",-0.0496317643291707
"1383","FI_Development","2020-03-27 00-29-31","Mar 2016","Commodity","CO_grains",0.0225741239892184
"1384","FI_Development","2020-03-27 00-29-31","Apr 2016","Commodity","CO_grains",0.0968698846787478
"1385","FI_Development","2020-03-27 00-29-31","May 2016","Commodity","CO_grains",0.0180233698400912
"1386","FI_Development","2020-03-27 00-29-31","Jun 2016","Commodity","CO_grains",-0.0321628808546145
"1387","FI_Development","2020-03-27 00-29-31","Jul 2016","Commodity","CO_grains",-0.11128046070977
"1388","FI_Development","2020-03-27 00-29-31","Aug 2016","Commodity","CO_grains",-0.0850771869639793
"1389","FI_Development","2020-03-27 00-29-31","Sep 2016","Commodity","CO_grains",0.0427446194225722
"1390","FI_Development","2020-03-27 00-29-31","Oct 2016","Commodity","CO_grains",0.0521395559920732
"1391","FI_Development","2020-03-27 00-29-31","Nov 2016","Commodity","CO_grains",-0.0304169172932332
"1392","FI_Development","2020-03-27 00-29-31","Dec 2016","Commodity","CO_grains",-0.00810722565712983
"1393","FI_Development","2020-03-27 00-29-31","Jan 2017","Commodity","CO_grains",0.026652452972724
"1394","FI_Development","2020-03-27 00-29-31","Feb 2017","Commodity","CO_grains",0.0162686748448832
"1395","FI_Development","2020-03-27 00-29-31","Mar 2017","Commodity","CO_grains",-0.0585831723915814
"1396","FI_Development","2020-03-27 00-29-31","Apr 2017","Commodity","CO_grains",-0.00940665735914093
"1397","FI_Development","2020-03-27 00-29-31","May 2017","Commodity","CO_grains",-0.00949590976975576
"1398","FI_Development","2020-03-27 00-29-31","Jun 2017","Commodity","CO_grains",0.0685840313943942
"1399","FI_Development","2020-03-27 00-29-31","Jul 2017","Commodity","CO_grains",-0.0248447204968944
"1400","FI_Development","2020-03-27 00-29-31","Aug 2017","Commodity","CO_grains",-0.0969568294409059
"1401","FI_Development","2020-03-27 00-29-31","Sep 2017","Commodity","CO_grains",0.0148902821316614
"1402","FI_Development","2020-03-27 00-29-31","Oct 2017","Commodity","CO_grains",-0.0293436679536679
"1403","FI_Development","2020-03-27 00-29-31","Nov 2017","Commodity","CO_grains",-0.00596654757225731
"1404","FI_Development","2020-03-27 00-29-31","Dec 2017","Commodity","CO_grains",-0.025210044017607
"1405","FI_Development","2020-03-27 00-29-31","Jan 2018","Commodity","CO_grains",1.14408858193397
"1406","FI_Development","2020-03-27 00-29-31","Feb 2018","Commodity","CO_grains",0.0453187823090179
"1407","FI_Development","2020-03-27 00-29-31","Mar 2018","Commodity","CO_grains",-0.0210084620034068
"1408","FI_Development","2020-03-27 00-29-31","Apr 2018","Commodity","CO_grains",0.0297474269457918
"1409","FI_Development","2020-03-27 00-29-31","May 2018","Commodity","CO_grains",-0.00890265245453024
"1410","FI_Development","2020-03-27 00-29-31","Jun 2018","Commodity","CO_grains",-0.117873512701623
"1411","FI_Development","2020-03-27 00-29-31","Jul 2018","Commodity","CO_grains",0.06275976855278
"1412","FI_Development","2020-03-27 00-29-31","Aug 2018","Commodity","CO_grains",-0.0584668959418635
"1413","FI_Development","2020-03-27 00-29-31","Sep 2018","Commodity","CO_grains",-0.0193146617107097
"1414","FI_Development","2020-03-27 00-29-31","Oct 2018","Commodity","CO_grains",-0.012706522390798
"1415","FI_Development","2020-03-27 00-29-31","Nov 2018","Commodity","CO_grains",0.0195195199382136
"1416","FI_Development","2020-03-27 00-29-31","Dec 2018","Commodity","CO_grains",-0.0133389230662512
"1417","FI_Development","2020-03-27 00-29-31","Jan 2019","Commodity","CO_grains",0.0184664150460593
"1418","FI_Development","2020-03-27 00-29-31","Feb 2019","Commodity","CO_grains",-0.0496629527728538
"1419","FI_Development","2020-03-27 00-29-31","Mar 2019","Commodity","CO_grains",-0.0246750170670856
"1420","FI_Development","2020-03-27 00-29-31","Apr 2019","Commodity","CO_grains",-0.0402077704992095
