"","V1","V2","V3","Intercept","Intercept p-val","Var1","Var1 p_val","Var2","Var2 p_val","Var1 Beta","Var2 Beta","Var 1 rob p_val","Var 2 rob p_val","r2","r2adj","r2 ex dummy","aic","bic","F","Num_obs","Gap","Max VIF","BG_stat","DW_upper_stat","DW_lower_stat","BP_stat","White_stat","SW_stat","JB_stat","RESET_stat","ADF p (noconst)","PP p (noconst)","KPSS lag (const)","Criteria1","Criteria2","Criteria3","RMSE","V38","V39","V40","V41","V42","V43","V44","V45","V46"
"44489","ism_man_pricesMoMDifferenceL0","BAA10YB_IndexMoMPercentChangeL0",NA,"0",NA,"0.0992716342396068","0.00599389928080396","-8.07463371494149","5.25458039761305e-06","0.28359245781644","-0.493687520410669","0.0351199896364992","0.000231349389611443","0.370321775145594","0.351801827355758",NA,"243.639130291978","250.384616018127","1.47922743165552e-07","70","No gap","1.04440648931728","0.148491143077685","0.0622831100208665","0.937716889979133","0.0496534858086443","0.300830529522045","0.396922036061726","0.552925918925948","0.0233087463251356","0.0412738765444354","0.01","0.0679123628114508","","Fail","","0.991077018395971","","","","","","","","",""
"42229","WPSID61MoMDifferenceL0","BAA10YB_IndexMoMPercentChangeL0",NA,"0",NA,"0.319465201874485","0.00843399764204621","-8.12879702206106","4.97665754868546e-06","0.272242434204587","-0.49699909462358","0.0379439042824798","0.000122788013327186","0.364576220368027","0.345887285672969",NA,"244.274955068489","251.020440794637","2.01445587766358e-07","70","No gap","1.04281353990095","0.265977169531703","0.131557869182106","0.868442130817894","0.00540989650163501","0.0655224472483797","0.0190297442067371","0.0366876377421204","0.267287001212072","0.01","0.01","0.1","","","","0.91542536762323","","","","","","","","",""
"3251","DPCERA3M086SBEAMoMPercentChangeL0","BAA10YB_IndexMoMPercentChangeL0",NA,"0",NA,"-61.0180526872357","0.00941466694831936","-9.38875495597102","1.7424478898142e-07","-0.25942329104765","-0.57403361162746","0.00177331651637107","9.62461853531449e-05","0.362724038263908","0.343980627624612",NA,"244.478699651137","251.224185377285","2.22400756366703e-07","70","No gap","1.00698141775276","0.0291976448251745","0.00165513498279085","0.998344865017209","0.113016079022703","0.593738161533891","0.0901620105133557","0.0924614048032183","0.404014378373551","0.0276438178627401","0.01","0.1","","","","1.01267871748453","","","","","","","","",""
"44577","ism_man_pricesMoMPercentChangeL0","BAA10YB_IndexMoMPercentChangeL0",NA,"0",NA,"4.80427363982619","0.0100533404805474","-8.03650730683702","7.10303735693558e-06","0.267625008529435","-0.491356450972259","0.0763923902563647","0.000244644463451443","0.361618610759362","0.342842687546402",NA,"244.600017408806","251.345503134954","2.35899703882048e-07","70","No gap","1.05437080651741","0.142301076437028","0.0600600101686665","0.939939989831334","0.0948105670852572","0.0887118562636049","0.276321940983397","0.586329331080329","0.0059277261766766","0.049358761353835","0.01","0.0730931431311888","","Fail","","0.911339998738264","","","","","","","","",""
"42389","WPSID61MoMPercentChangeL0","BAA10YB_IndexMoMPercentChangeL0",NA,"0",NA,"60.2584873227346","0.0105285493463126","-8.14743302448007","5.06413506684054e-06","0.264824410814183","-0.498138510001343","0.0506265703029085","0.000190229486664656","0.36084069993874","0.342041896995762",NA,"244.685265205028","251.430750931176","2.45872424975424e-07","70","No gap","1.04341862633635","0.241230210748386","0.120061922692191","0.879938077307808","0.00547128212024565","0.0669294794887497","0.0170555242551428","0.0365118396546129","0.268209626858649","0.01","0.01","0.1","","","","0.90725490393087","","","","","","","","",""
"2667","DPCERA3M086SBEAMoMDifferenceL0","BAA10YB_IndexMoMPercentChangeL0",NA,"0",NA,"-0.496570374847012","0.010866372214119","-9.40195203024477","1.77865305698146e-07","-0.255451901798804","-0.574840487964504","0.000799502443121276","3.25796668636981e-05","0.360308733835914","0.341494284831088",NA,"244.743501296607","251.488987022755","2.52926493082839e-07","70","No gap","1.00778516546182","0.0259141714114527","0.00605779836753297","0.993942201632467","0.112263639569824","0.577807847230427","0.0759193235490001","0.0862683910526452","0.390153365317495","0.02676415684223","0.01","0.1","","","","1.07361540098354","","","","","","","","",""
"32887","USTRADEMoMPercentChangeL0","BAA10YB_IndexMoMPercentChangeL0",NA,"0",NA,"-166.818986908081","0.0132106066433439","-9.1225059622304","3.45189252631311e-07","-0.242757739241864","-0.557755002569513","0.0255866215334885","5.61631688051625e-05","0.357018396514491","0.338107172882564",NA,"245.10263279951","251.848118525658","3.01127633606235e-07","70","No gap","1.00050877654392","0.058457286432575","0.0206330859272368","0.979366914072763","0.0962827124762435","0.613275600356079","0.229377432126728","0.27816829122285","0.102129847811639","0.0233978177866084","0.01","0.1","","","","1.05450069289145","","","","","","","","",""
"32567","USTRADEMoMDifferenceL0","BAA10YB_IndexMoMPercentChangeL0",NA,"0",NA,"-0.0105805672505582","0.0139346942188021","-9.10139068374908","3.68378896820292e-07","-0.24121542702189","-0.556464002897673","0.0247038081115677","5.78099418208137e-05","0.356119741726324","0.337182087071216",NA,"245.200399074612","251.94588480076","3.15772078596233e-07","70","No gap","1.00030785682315","0.0563201251641646","0.0200350944733141","0.979964905526686","0.10080731433285","0.622378683875581","0.224609528474952","0.271538114103826","0.103650928034001","0.02321615558944","0.01","0.1","","","","1.05617824544005","","","","","","","","",""
"9925","IPDCONGDMoMPercentChangeL0","BAA10YB_IndexMoMPercentChangeL0",NA,"0",NA,"-15.4487291227488","0.0162984507315782","-8.54432116285112","1.71276384089766e-06","-0.243805636918955","-0.522404467793366","0.000338275398930608","0.000693343678365904","0.353481842635533","0.334466602713049",NA,"245.48659470433","252.232080430478","3.62864682412756e-07","70","No gap","1.01482111874669","0.0177479879152423","0.00873287671727267","0.991267123282727","0.267433239767035","0.482251008092025","0.0515463973569555","0.0295249408326136","0.173815718029798","0.0148489613994144","0.01","0.1","","","","0.991843776510763","","","","","","","","",""
"15061","IPNMATMoMPercentChangeL0","BAA10YB_IndexMoMPercentChangeL0",NA,"0",NA,"-21.0248458868085","0.0177952723896195","-8.65667792373878","1.26605640506811e-06","-0.240152172743474","-0.529274021588897","0.00320502242966084","0.000623819343231293","0.35200346876151","0.332944747254495",NA,"245.646478894263","252.391964620411","3.92167099905194e-07","70","No gap","1.00898533975585","0.0160501822011925","0.00759591939051068","0.992404080609489","0.272546872679199","0.348992544461335","0.133186871273128","0.0936441231102223","0.220528194276457","0.0255323317839081","0.01","0.1","","","","0.963093273241763","","","","","","","","",""
"40221","M2REALMoMPercentChangeL0","BAA10YB_IndexMoMPercentChangeL0",NA,"0",NA,"-80.0165470086255","0.0202261646154271","-8.4733663946262","2.26960565655746e-06","-0.176517080161846","-0.518066254467174","0.0801975923704952","0.000138761078597115","0.349850516648097","0.330728473020099",NA,"245.8786666211","252.624152347248","4.38984857797919e-07","70","No gap","1.02077741451346","0.186599651915335","0.0695282601423504","0.93047173985765","0.0400353388422478","0.202957093857897","0.0835967167201329","0.29228273425084","0.451012492763371","0.0162451305929577","0.01","0.1","","","","1.10371173297446","","","","","","","","",""
"14565","IPNMATMoMDifferenceL0","BAA10YB_IndexMoMPercentChangeL0",NA,"0",NA,"-0.217558331341973","0.0206795767506964","-8.66359525493879","1.29732545046075e-06","-0.234878183953779","-0.529696951000751","0.00547773069176822","0.00027404202526601","0.349477974496241","0.330344973746131",NA,"245.918765833184","252.664251559332","4.47618667021032e-07","70","No gap","1.00906241965791","0.0162069220208479","0.00769681247888734","0.992303187521113","0.274201562244424","0.419513075872537","0.140990618226231","0.0974095202694421","0.196655378708287","0.0256564882939228","0.01","0.1","","","","0.968076076624855","","","","","","","","",""
"43769","INVESTMoMPercentChangeL0","BAA10YB_IndexMoMPercentChangeL0",NA,"0",NA,"-54.4430888769599","0.0227927566783592","-8.95690249781766","6.02388635244333e-07","-0.195169313599297","-0.547629916206022","0.0816659933229088","3.82531681259899e-05","0.347843894424695","0.32866283249601",NA,"246.09438199235","252.839867718498","4.87475950827765e-07","70","No gap","1.00037066303413","0.115318078408882","0.0567680859495812","0.943231914050419","0.0493759188387671","0.330518762426643","0.022694107322996","0.114345750902688","0.670231236461928","0.01","0.01","0.1","","","","1.05788800455832","","","","","","","","",""
"9389","IPDCONGDMoMDifferenceL0","BAA10YB_IndexMoMPercentChangeL0",NA,"0",NA,"-0.132722743499719","0.0228785787002892","-8.53280828705807","1.9687532593696e-06","-0.232171922279687","-0.521700564272324","0.0050365185835354","5.31303834116273e-05","0.347780807122463","0.328597889684889",NA,"246.101153220178","252.846638946326","4.89081841026362e-07","70","No gap","1.01723543102919","0.018033153677541","0.00889212376491982","0.99110787623508","0.24716768409102","0.460909212087204","0.0604892936508231","0.0371552875735242","0.147788506726407","0.0152213744940279","0.01","0.1","","","","0.998975269161173","","","","","","","","",""
"40325","M2REALMoMPercentChangeL1","BAA10YB_IndexMoMPercentChangeL0",NA,"0",NA,"-76.9730807821535","0.0242083464474887","-9.1563681103988","3.81319199863162e-07","-0.170565190389453","-0.559825352823805","0.0213136923292224","0.000182350360210615","0.346832754574719","0.327621953238682",NA,"246.202829916155","252.948315642303","5.13841916793822e-07","70","No gap","1.00113779002064","0.123024654972417","0.0556326210729539","0.944367378927046","0.0377065666637837","0.313811162293532","0.025143902342846","0.078974960694546","0.979557203239413","0.01","0.01","0.1","","","","1.03028200602115","","","","","","","","",""
"40013","M2REALMoMDifferenceL0","BAA10YB_IndexMoMPercentChangeL0",NA,"0",NA,"-0.0150489545263909","0.0264329482922189","-8.46135924052568","2.56831253019836e-06","-0.169293293731283","-0.517332130500151","0.082586398508322","0.000133010084618936","0.34535878023579","0.326104626713314",NA,"246.360617925881","253.106103652029","5.54771076410887e-07","70","No gap","1.02364849185568","0.164514608568127","0.063607268652336","0.936392731347664","0.0418838490941778","0.207092818508471","0.0805706635874526","0.263449638353153","0.491517465759499","0.0157043149061637","0.01","0.1","","","","1.13534443414749","","","","","","","","",""
"41900","WPSFD49502MoMDifferenceL0","BAA10YB_IndexMoMPercentChangeL0",NA,"0",NA,"0.214365958708894","0.02794135525578","-8.21729752180031","5.76019229588876e-06","0.22898944715731","-0.50241006356828","0.0542581145304777","0.000474541075577961","0.344429215422211","0.325147721758158",NA,"246.459944672473","253.205430398621","5.82191815645672e-07","70","No gap","1.04923652408749","0.144139117142095","0.0837721844157409","0.916227815584259","0.0196215902244977","0.21387300544739","0.0365632456261281","0.131533970992366","0.139316483963534","0.0188097604075439","0.01","0.1","","","","0.913380445598561","","","","","","","","",""
"42066","WPSFD49502MoMPercentChangeL0","BAA10YB_IndexMoMPercentChangeL0",NA,"0",NA,"44.1755799308326","0.0304618582736845","-8.23467339817051","5.62130421425355e-06","0.225453112984142","-0.503472434150402","0.0581326731719956","0.000409168372821942","0.342984119349286","0.323660122859559",NA,"246.614078138331","253.359563864479","6.27450510326533e-07","70","No gap","1.04859695865012","0.137553657850655","0.0804143462432516","0.919585653756748","0.0192468414454401","0.208401048488924","0.0352027497468811","0.125581215003484","0.142750247125734","0.0191790061252269","0.01","0.1","","","","0.907644097196091","","","","","","","","",""
"41562","WPSFD49207MoMDifferenceL0","BAA10YB_IndexMoMPercentChangeL0",NA,"0",NA,"0.299617230870778","0.0306392057063873","-8.2674628025285","5.05188008333265e-06","0.223901981823499","-0.505477196261566","0.0594490008718946","0.000474634848050829","0.342887062209575","0.323560211098092",NA,"246.624418068019","253.369903794167","6.30609650942304e-07","70","No gap","1.04476374330454","0.14269016009754","0.638290877651929","0.361709122348071","0.0170305955680678","0.178309423140071","0.0281361891180266","0.110364718349461","0.12160650728425","0.0190187705484109","0.01","0.1","","","","0.897163159434999","","","","","","","","",""
"37963","HOUSTSMoMPercentChangeL0","BAA10YB_IndexMoMPercentChangeL0",NA,"0",NA,"-3.10464600294935","0.0310595233132223","-8.93197819694293","6.99250044326336e-07","-0.219065309515587","-0.546106030822337","0.00031914627961007","0.000470975555228462","0.342659297780506","0.323325747715227",NA,"246.648676831827","253.394162557975","6.38083963888647e-07","70","No gap","1.00074110597091","0.0218062083915036","0.0127500377915609","0.987249962208439","0.103817678470222","0.443070361980203","0.0194032018181514","0.0160480383346415","0.291889633539307","0.0212776634208209","0.01","0.1","","","","0.959902087637999","","","","","","","","",""
"27316","PAYEMSMoMPercentChangeL0","BAA10YB_IndexMoMPercentChangeL0",NA,"0",NA,"-214.250903066479","0.031925251086882","-8.51624427717781","2.30234295104571e-06","-0.110315922036901","-0.520687831651313","0.102768036465027","9.24710414367371e-05","0.342199894088325","0.322852832149747",NA,"246.697581495969","253.443067222117","6.53422264518255e-07","70","No gap","1.02061623939505","0.0571970036507207","0.018974897181432","0.981025102818568","0.0425190000494798","0.0506492432699003","0.0246563627082355","0.0981341142247167","0.505917358442808","0.0240271191728502","0.01","0.1","","","","1.09305146409814","","","","","","","","",""
"41732","WPSFD49207MoMPercentChangeL0","BAA10YB_IndexMoMPercentChangeL0",NA,"0",NA,"58.5342635404232","0.0324605834480241","-8.2786096454338","4.97673369618059e-06","0.22153641844385","-0.50615872033171","0.0648763336578493","0.000401473527221245","0.341922119789962","0.322566888019078",NA,"246.727134693727","253.472620419875","6.62869397705101e-07","70","No gap","1.04437337858859","0.138576834750506","0.0797989617604168","0.920201038239583","0.0167516327086495","0.176143010536593","0.0271144921901066","0.107071651405668","0.123860165494695","0.0192711519589708","0.01","0.1","","","","0.894168986357692","","","","","","","","",""
"43649","INVESTMoMDifferenceL0","BAA10YB_IndexMoMPercentChangeL0",NA,"0",NA,"-0.016385412137331","0.0332737440901457","-8.97553065811235","6.38347641099034e-07","-0.18320143089432","-0.548768852112017","0.0987134000414144","5.18739484760855e-05","0.341508988356771","0.322141605661382",NA,"246.771065856693","253.516551582841","6.77165685192271e-07","70","No gap","1.00023396941017","0.102434806481455","0.0494627033392121","0.950537296660788","0.0530123157007007","0.370701447893974","0.0183576889198588","0.107870139302259","0.784004483241226","0.01","0.01","0.1","","","","1.08984916326722","","","","","","","","",""
"40117","M2REALMoMDifferenceL1","BAA10YB_IndexMoMPercentChangeL0",NA,"0",NA,"-0.0142467441434017","0.0338831364768906","-9.18225152125329","3.97070702363748e-07","-0.16090185510704","-0.561407878716079","0.0277278827078479","9.6267822756993e-05","0.341206072097207","0.321829780100066",NA,"246.803259557398","253.548745283546","6.87837706014882e-07","70","No gap","1.00185540514967","0.11029233275926","0.0496440774134074","0.950355922586593","0.0411787771592503","0.294861873094163","0.0253983321165213","0.0785590307307636","0.962253449747854","0.01","0.01","0.1","","","","1.04891869300958","","","","","","","","",""
"26935","PAYEMSMoMDifferenceL0","BAA10YB_IndexMoMPercentChangeL0",NA,"0",NA,"-0.0014769224917207","0.0349771802148572","-8.53322182060131","2.24954133514379e-06","-0.107628936887004","-0.521725847939271","0.102520034029456","0.000219817480752724","0.340675929933893","0.321284045520184",NA,"246.859567040476","253.605052766624","7.06909227488062e-07","70","No gap","1.01993016163076","0.054685529310792","0.0181693246282114","0.981830675371789","0.046511245379025","0.0568891458538886","0.0244583759180951","0.0925374738532572","0.534493985554564","0.0239303355259573","0.01","0.1","","","","1.11147473703336","","","","","","","","",""
"16761","IPB51222SMoMDifferenceL1","BAA10YB_IndexMoMPercentChangeL0",NA,"0",NA,"-0.0658486929779232","0.0359437795547215","-9.27806896082906","3.31860605719451e-07","-0.214788307440962","-0.567266209363168","0.0392417944655652","4.73814718350691e-05","0.340221437129131","0.320816185279988",NA,"246.907803617067","253.653289343215","7.23667086144353e-07","70","No gap","1.00503055308317","0.0119832509671072","0.00611005402840075","0.993889945971599","0.0554050944422018","0.240476944036441","0.056979445693523","0.198711767741205","0.366825712789434","0.0213101202894287","0.01","0.1","","","","0.953991498903325","","","","","","","","",""
"38915","ISRATIOMoMPercentChangeL0","BAA10YB_IndexMoMPercentChangeL0",NA,"0",NA,"-50.5486242632817","0.0370848279404014","-8.18899323516552","7.10189329121128e-06","-0.218147732860321","-0.500679524007103","0.0723628762435797","0.000250762556065457","0.339700716710966","0.320280149555406",NA,"246.96302828623","253.708514012379","7.43340986653074e-07","70","No gap","1.05840388805466","0.0821126523679304","0.044080380160882","0.955919619839118","0.100558676684149","0.520314528923244","0.0127476794189521","0.0967242507571549","0.169525801647573","0.0249636038804511","0.01","0.1","","","","0.817421699799463","","","","","","","","",""
"17241","IPB51222SMoMPercentChangeL1","BAA10YB_IndexMoMPercentChangeL0",NA,"0",NA,"-6.60838153900356","0.038158452073986","-9.25720623866146","3.52120214999852e-07","-0.212152285921816","-0.565990651122442","0.0303009459550967","0.000605247025384022","0.339225506482373","0.319790962555384",NA,"247.013388406945","253.758874133093","7.61747778632582e-07","70","No gap","1.00431726834407","0.013548536435496","0.00695218333507556","0.993047816664924","0.0541044662581582","0.266169773036603","0.0626832166118896","0.210598524617832","0.388499049345235","0.0202807447470869","0.01","0.1","","","","0.961591278136771","","","","","","","","",""
"31587","SRVPRDMoMPercentChangeL0","BAA10YB_IndexMoMPercentChangeL0",NA,"0",NA,"-212.721179951237","0.0393741734705071","-8.69234491457531","1.44276828663759e-06","-0.103044507503664","-0.531454720910776","0.112422805004325","0.000106469966829488","0.338703640981649","0.319253748069344",NA,"247.068651083492","253.81413680964","7.82471400784246e-07","70","No gap","1.00962741619255","0.0597289177313811","0.0198462767582659","0.980153723241734","0.0431106666235264","0.0488515927107036","0.0304690006072184","0.110556344576451","0.574648420147991","0.021118490995093","0.01","0.1","","","","1.04875986152802","","","","","","","","",""
"38683","ISRATIOMoMDifferenceL0","BAA10YB_IndexMoMPercentChangeL0",NA,"0",NA,"-36.9958548230925","0.0398904220111259","-8.20879237356655","6.84309992760658e-06","-0.215104204183449","-0.501890054154791","0.072458349849375","0.00028347843060571","0.338487004699778","0.319030740132125",NA,"247.091578861886","253.837064588034","7.9123397678238e-07","70","No gap","1.05726862336724","0.0790533190709457","0.0422445704819753","0.957755429518025","0.102001981296112","0.523987181144227","0.0119626806273457","0.0917546230478499","0.168483043324055","0.0248182175791031","0.01","0.1","","","","0.82096791784305","","","","","","","","",""
"42545","WPSID62MoMDifferenceL0","BAA10YB_IndexMoMPercentChangeL0",NA,"0",NA,"0.0496423968911654","0.0419125880186524","-8.33244476417561","4.58756030704191e-06","0.211081266777159","-0.509450228927757","0.101822788108449","0.000980215866671017","0.337665239241948","0.318184805102006",NA,"247.178482494381","253.92396822053","8.25347127531018e-07","70","No gap","1.04212854673449","0.147217653065942","0.0884174479371374","0.911582552062863","0.0224952865465486","0.250695626974154","0.0834944722714248","0.294637505237342","0.396760970523856","0.022863279836327","0.01","0.1","","","","1.42222628711581","","","","","","","","",""
"31251","SRVPRDMoMDifferenceL0","BAA10YB_IndexMoMPercentChangeL0",NA,"0",NA,"-0.00171010651968626","0.0419530789908073","-8.70328224548093","1.4236458523076e-06","-0.100819930471132","-0.532123435302702","0.110959599319305","0.000206020659879865","0.337649202743292","0.318168296941624",NA,"247.180177319088","253.925663045236","8.26026833489202e-07","70","No gap","1.00924055228742","0.0576717981738733","0.019211553095797","0.980788446904203","0.0470109650299104","0.0530270534735831","0.0295111201366529","0.104019733032814","0.599242309819772","0.0210722991876392","0.01","0.1","","","","1.06122192320679","","","","","","","","",""
"6668","IPFPNSSMoMPercentChangeL0","BAA10YB_IndexMoMPercentChangeL0",NA,"0",NA,"-34.3526045162504","0.0453787507149132","-8.51689125812272","2.58032202727439e-06","-0.204774684963262","-0.520727388420043","0.0698044226953886","0.000684040452383281","0.336347017791781","0.316827812432716",NA,"247.317662562071","254.063148288219","8.83071177071315e-07","70","No gap","1.02353175740783","0.0368797980486069","0.0182637991343316","0.981736200865668","0.218767144595812","0.817603959052016","0.0543644866280065","0.0654557236231785","0.0841498370950106","0.0303842227936418","0.01","0.1","","","","0.927572531924763","","","","","","","","",""
"8851","IPCONGDMoMPercentChangeL0","BAA10YB_IndexMoMPercentChangeL0",NA,"0",NA,"-27.5176138117328","0.0515382549364199","-8.58836554623007","2.14720680128696e-06","-0.199252717973154","-0.525097365475911","0.0504358946784296","0.000553289757827092","0.334241706557421","0.314660580279698",NA,"247.539372596135","254.284858322283","9.83476296623209e-07","70","No gap","1.01838503896984","0.0471045935293759","0.0235405270369842","0.976459472963016","0.205890206414944","0.764033715338179","0.0428859316087355","0.0298920544187001","0.0780135773642415","0.0308564996859413","0.01","0.1","","","","0.923385153304494","","","","","","","","",""
"16039","IPMANSICSMoMPercentChangeL0","BAA10YB_IndexMoMPercentChangeL0",NA,"0",NA,"-24.1732236268483","0.0518107072090997","-8.4637921086984","3.20960093466247e-06","-0.201108841061398","-0.517480877390484","0.0695775811913496","0.000783058086903852","0.334154677090737","0.314570991122818",NA,"247.548522560286","254.294008286434","9.87856856093927e-07","70","No gap","1.03029324915601","0.0254446961440872","0.0123251333843624","0.987674866615638","0.230765241662226","0.726929576757071","0.0688780417057499","0.117562731934243","0.156463901176152","0.0375612881804366","0.01","0.1","","","","1.12158213541561","","","","","","","","",""
"6111","IPFPNSSMoMDifferenceL0","BAA10YB_IndexMoMPercentChangeL0",NA,"0",NA,"-0.32978062157763","0.054002508302642","-8.52896954642977","2.63385508581732e-06","-0.197627332777685","-0.521465861571349","0.0972993339467202","6.59560507418266e-05","0.333471294170545","0.313867508704973",NA,"247.620329436698","254.365815162846","1.02291884296335e-06","70","No gap","1.02414873362468","0.0354863904010092","0.0175060148562592","0.982493985143741","0.218700750511559","0.805214990237703","0.0543807118924563","0.0702053619054747","0.0802701921533029","0.0299300346188156","0.01","0.1","","","","0.927873491310543","","","","","","","","",""
"43829","INVESTMoMPercentChangeL1","BAA10YB_IndexMoMPercentChangeL0",NA,"0",NA,"-45.3813827168748","0.0577281129129336","-9.00434206737255","6.89674124351407e-07","-0.16549926718818","-0.550530397427798","0.0222473009408357","0.000257632118190541","0.332373038191256","0.312736951079234",NA,"247.735575262624","254.481060988772","1.08181122382423e-06","70","No gap","1.00006443766235","0.0414969119901146","0.01815768056685","0.98184231943315","0.0623378830576005","0.25382095414834","0.0135138436767404","0.0244861335210939","0.333089099261634","0.01","0.01","0.1","","","","0.897203927807171","","","","","","","","",""
"43709","INVESTMoMDifferenceL1","BAA10YB_IndexMoMPercentChangeL0",NA,"0",NA,"-0.0144181180605558","0.0609238495607169","-9.09957363223278","5.60150772984259e-07","-0.163526357334807","-0.556352907374432","0.0246695284903437","0.000150185281938924","0.331488037556162","0.311825921013696",NA,"247.828305221151","254.573790947299","1.13165024484552e-06","70","No gap","1.00049417056195","0.0410431215091355","0.017781994143409","0.982218005856591","0.0675395361949223","0.285559157620855","0.0146040703583599","0.0254075900176068","0.34404363448269","0.01","0.01","0.1","","","","0.906360951645283","","","","","","","","",""
"15553","IPMANSICSMoMDifferenceL0","BAA10YB_IndexMoMPercentChangeL0",NA,"0",NA,"-0.218131591092265","0.0621940600782335","-8.50398502114794","3.00353615734546e-06","-0.193101926087638","-0.519938294034483","0.0769589242625731","0.000139840740088737","0.331149601255246","0.31147753070393",NA,"247.863733975925","254.609219702074","1.15129248745571e-06","70","No gap","1.0283655814938","0.0249788245997581","0.0121254939090536","0.987874506090946","0.221330484272537","0.719988784938786","0.0627822464129103","0.115014950355331","0.162485969188183","0.0369844644637711","0.01","0.1","","","","1.14534168537981","","","","","","","","",""
"37715","HOUSTSMoMDifferenceL0","BAA10YB_IndexMoMPercentChangeL0",NA,"0",NA,"-0.00521137392961212","0.0628424359893301","-8.87720790315909","9.77013531839754e-07","-0.190740185538005","-0.542757345112882","0.0119506338130563","0.000280547865860042","0.330979609369014","0.311302539056338",NA,"247.881522587793","254.627008313941","1.16128296268059e-06","70","No gap","1.00240117799163","0.0170421170029259","0.00942514433415031","0.99057485566585","0.106646831613614","0.374817267845871","0.0286824748849941","0.0255907198752168","0.295787073170349","0.0220065150057103","0.01","0.1","","","","0.958903038132354","","","","","","","","",""
"8311","IPCONGDMoMDifferenceL0","BAA10YB_IndexMoMPercentChangeL0",NA,"0",NA,"-0.260954616392673","0.0636426793275486","-8.59756918053396","2.23484319270871e-06","-0.190318895568213","-0.52566008070965","0.0781134804907601","0.000125565508318838","0.330772301035551","0.311089133418949",NA,"247.903210021642","254.64869574779","1.17358045370608e-06","70","No gap","1.01937440230335","0.0443053969515075","0.0220188500505146","0.977981149949485","0.212101683993994","0.768275563822784","0.043800762068772","0.0358823400355328","0.076728217032296","0.030421040368094","0.01","0.1","","","","0.92357446959197","","","","","","","","",""
"31755","SRVPRDMoMPercentChangeL1","BAA10YB_IndexMoMPercentChangeL0",NA,"0",NA,"-187.917779055991","0.0650174575549327","-8.89722208003568","9.34580104920209e-07","-0.0894853007019038","-0.543981022830545","0.176113595095258","0.000165879444470894","0.330422416970075","0.310728958645666",NA,"247.939797694951","254.685283421099","1.19462275383064e-06","70","No gap","1.00184189033016","0.0506677420587429","0.0157893051697565","0.984210694830243","0.0559322752229468","0.126134898045724","0.0797799386675506","0.181720736828476","0.657626968715589","0.0175484646378238","0.01","0.1","","","","1.17301965145895","","","","","","","","",""
"42697","WPSID62MoMPercentChangeL0","BAA10YB_IndexMoMPercentChangeL0",NA,"0",NA,"9.15103536822447","0.0654153938216723","-8.42443109180247","4.00185018379425e-06","0.191831381012002","-0.515074323295499","0.128071020209346","0.00135985989393772","0.330322579545935","0.310626184826698",NA,"247.950234273025","254.695719999173","1.20069390452393e-06","70","No gap","1.03849777991238","0.107358704584438","0.0650827580661727","0.934917241933827","0.0314699666507757","0.290593630319052","0.0683308651250663","0.231200957784445","0.362171766527573","0.0242673172901872","0.01","0.1","","","","1.38659661275962","","","","","","","","",""
"42227","WPSID61MoMDifferenceL0","BAA10YB_IndexMoMDifferenceL0",NA,"0",NA,"0.322531466346687","0.00974320845400756","-0.0515937865012374","3.35821197943837e-05","0.274855449014742","-0.45907380703493","0.0441443599557775","0.000313431447808091","0.329355669023379","0.309630835759361",NA,"248.051230542388","254.796716268536","1.26106294717765e-06","70","No gap","1.04797427166037","0.214068932940468","0.10610267804206","0.89389732195794","0.00411650209562671","0.0540373192017683","0.0313726397404122","0.0451054236478653","0.0982062235816565","0.0209249193841787","0.01","0.1","","","","0.862811031552024","","","","","","","","",""
"33671","USFIREMoMPercentChangeL1","BAA10YB_IndexMoMPercentChangeL0",NA,"0",NA,"-157.573197365093","0.0695385845787456","-8.73669630440544","1.4964018270291e-06","-0.137562862231661","-0.534166389135613","0.0827559504291897","0.000711397920547404","0.329323942745112","0.309598176355263",NA,"248.05454196522","254.800027691368","1.26309287973303e-06","70","No gap","1.00929468707205","0.0431839139594817","0.0141956504232087","0.985804349576791","0.0786603279808548","0.316299606184925","0.0122439764054846","0.0952798020648437","0.411216686441962","0.01","0.01","0.1","","","","1.08630491994076","","","","","","","","",""
"8041","IPFINALMoMPercentChangeL1","BAA10YB_IndexMoMPercentChangeL0",NA,"0",NA,"-35.3709599858455","0.0707557530068134","-8.67681283808142","1.80358257124531e-06","-0.185307180652481","-0.530505081261252","0.0979405374579039","0.000693680861864967","0.329040950820188","0.309306861138429",NA,"248.084072252469","254.829557978617","1.28134032884031e-06","70","No gap","1.0135947905787","0.0355170591044031","0.017991651251877","0.982008348748123","0.0225120546661247","0.110526704530311","0.0616796771183483","0.380158942828404","0.304536115561307","0.0336201572285817","0.01","0.1","","","","0.922952254240609","","","","","","","","",""
"31419","SRVPRDMoMDifferenceL1","BAA10YB_IndexMoMPercentChangeL0",NA,"0",NA,"-0.00149989722498131","0.0709913996366829","-8.88830378528951","9.79721291057334e-07","-0.0867289682376824","-0.543435753413384","0.185522518555438","0.000212189530182647","0.328986751936925","0.309251068170364",NA,"248.089726500084","254.835212226232","1.28486417305673e-06","70","No gap","1.00218867767852","0.0488710561852255","0.0153481067585392","0.984651893241461","0.0585697815126664","0.151034881504521","0.0765981324597695","0.16990755943384","0.643391256105228","0.0176330766621274","0.01","0.1","","","","1.18869639839256","","","","","","","","",""
"43061","MZMSLMoMPercentChangeL1","BAA10YB_IndexMoMPercentChangeL0",NA,"0",NA,"-58.6891041246119","0.0711308943870997","-9.21673295185118","4.5775512203253e-07","-0.105144292855633","-0.563516092236723","0.125762374608935","0.000236041685187949","0.328954756738553","0.309218131936746",NA,"248.093064154741","254.838549880889","1.28694881540437e-06","70","No gap","1.00382035836396","0.0671964225447867","0.0235560814860106","0.976443918513989","0.0537718121871067","0.12841275609682","0.0824846362028622","0.123231692409056","0.855200147402587","0.0212294688038894","0.01","0.1","","","","0.986855947275099","","","","","","","","",""
"42309","WPSID61MoMDifferenceL1","BAA10YB_IndexMoMPercentChangeL0",NA,"0",NA,"0.217222000062128","0.0716483610316585","-9.20839189559127","4.66212395431088e-07","0.185112637347391","-0.563006115496237","0.111284335215723","0.000275844231988658","0.328836639414475","0.309096540573724",NA,"248.105384464241","254.850870190389","1.29467319953669e-06","70","No gap","1.00349943233003","0.068855496468929","0.0304448642327975","0.969555135767203","0.224837011375195","0.749714515629099","0.011250560287459","0.0875987638328557","0.0936514366879775","0.01","0.01","0.1","","","","0.915208976914967","","","","","","","","",""
"44621","ism_man_pricesMoMPercentChangeL1","BAA10YB_IndexMoMPercentChangeL0",NA,"0",NA,"3.36403114634298","0.0729265647691066","-8.4744507416465","3.52100776426807e-06","0.186784356199553","-0.518132552036899","0.103446542787108","0.000639452823812232","0.328548664667207","0.308800095980948",NA,"248.135412785366","254.880898511514","1.31369462530451e-06","70","No gap","1.03415331071655","0.033640759165011","0.0164824871004239","0.983517512899576","0.0926833569683567","0.305181791609398","0.0736409250696476","0.270964890266265","0.156440989218196","0.0234755632780442","0.01","0.0895591178213008","","Fail","","0.936719408985523","","","","","","","","",""
"30221","MANEMPMoMPercentChangeL0","BAA10YB_IndexMoMPercentChangeL0",NA,"0",NA,"-146.652533275338","0.0731314811262302","-7.98872754162028","2.07863249355435e-05","-0.173146061815046","-0.488435170001704","0.0702615505325238","0.00036469930204101","0.328502990271079","0.308753078220228",NA,"248.14017426073","254.885659986878","1.31673634473639e-06","70","No gap","1.12018287850929","0.0243765719091004","0.00849723214547563","0.991502767854524","0.0477782918469775","0.100485603765922","0.0391052167523207","0.107196608903307","0.351743644228704","0.0403434480139265","0.01","0.0990518509723267","","Fail","","1.18628237343232","","","","","","","","",""
"42989","MZMSLMoMPercentChangeL0","BAA10YB_IndexMoMPercentChangeL0",NA,"0",NA,"-58.5555465821704","0.0733835126055036","-9.06432834433164","6.37323519055933e-07","-0.106366394061012","-0.554197991200603","0.18203837353289","0.000298949301212512","0.328446997940975","0.308695439056886",NA,"248.146010920683","254.891496646831","1.32047452150452e-06","70","No gap","1.00013214887076","0.0684802388361647","0.0208978926088054","0.979102107391195","0.0505180448721097","0.00820783773197905","0.0594936728512841","0.227933495552275","0.451703265770768","0.01496780734037","0.01","0.1","","","","1.13135132003557","","","","","","","","",""
"7493","IPFINALMoMDifferenceL1","BAA10YB_IndexMoMPercentChangeL0",NA,"0",NA,"-0.344104877790925","0.0735369639728712","-8.67473293978297","1.83718295840687e-06","-0.18372615329814","-0.53037791514203","0.128589803355769","0.000107847231621933","0.328413005262177","0.308660446593418",NA,"248.149554091942","254.89503981809","1.32274897368667e-06","70","No gap","1.0140201989471","0.0346767820278196","0.0175060135888469","0.982493986411153","0.0238158110629586","0.115828762854583","0.0605617227191961","0.371211903302759","0.301682152013148","0.0331858910432213","0.01","0.1","","","","0.922150216209131","","","","","","","","",""
"18649","CUMFNSMoMDifferenceL1","BAA10YB_IndexMoMPercentChangeL0",NA,"0",NA,"-0.680236548110762","0.0735758732479298","-8.63967407489002","2.0507398279812e-06","-0.185123423328477","-0.528234396972855","0.0988705505589331","8.40441444542523e-05","0.328404397870381","0.308651586043039",NA,"248.150451240888","254.895936967036","1.32332549773739e-06","70","No gap","1.01692972502681","0.0407795546621775","0.0201437485825706","0.979856251417429","0.00647965718226504","0.0556528066546572","0.0309637808166167","0.273373154010728","0.320557087794202","0.0288429719558827","0.01","0.1","","","","1.15629315842514","","","","","","","","",""
"44533","ism_man_pricesMoMDifferenceL1","BAA10YB_IndexMoMPercentChangeL0",NA,"0",NA,"0.0649418750492723","0.0743901140775816","-8.60034807766391","2.33396920792584e-06","0.184931689285586","-0.525829983999631","0.120609126698248","0.000548962900511104","0.328225361510526","0.308467283907894",NA,"248.169109604584","254.914595330732","1.33537281987728e-06","70","No gap","1.02062778472399","0.0424158727908","0.0222842196726743","0.977715780327326","0.0741020761377539","0.247739197025048","0.0731548256005108","0.29852228181591","0.195825529254424","0.0212211790391475","0.01","0.086937750598682","","Fail","","0.984390186255491","","","","","","","","",""
"19113","CUMFNSMoMPercentChangeL1","BAA10YB_IndexMoMPercentChangeL0",NA,"0",NA,"-51.5769942416688","0.0753862634909931","-8.6416620774091","2.0540414546589e-06","-0.184002758654332","-0.528355944533878","0.0591095829286956","0.00108263510982787","0.328009103794381","0.308244665670686",NA,"248.19164038078","254.937126106928","1.35006675394678e-06","70","No gap","1.0169632149898","0.0405590173351447","0.0200502286752001","0.9799497713248","0.00646263699260139","0.056227832430401","0.0299857409982494","0.267982205350022","0.317118505217734","0.0285369380340241","0.01","0.1","","","","1.16051862761069","","","","","","","","",""
"33359","USFIREMoMDifferenceL1","BAA10YB_IndexMoMPercentChangeL0",NA,"0",NA,"-0.0187771406046914","0.0763241996315696","-8.74402840703277","1.50464822791952e-06","-0.133939538882639","-0.534614677899323","0.0766718230300698","5.06995246853476e-05","0.327808209723837","0.308037862951009",NA,"248.212564002523","254.958049728671","1.36385730742372e-06","70","No gap","1.00925376288249","0.0415088914231516","0.0137447943194066","0.986255205680593","0.0775205155049964","0.317933482810358","0.0121430766049447","0.0912284540784889","0.395062780071241","0.010184404866495","0.01","0.1","","","","1.09840375130632","","","","","","","","",""
"27507","PAYEMSMoMPercentChangeL1","BAA10YB_IndexMoMPercentChangeL0",NA,"0",NA,"-173.625370082204","0.078275599108159","-8.87218047695526","1.05036218187394e-06","-0.0876154825209239","-0.542449965525864","0.195132747482813","0.000186618655667029","0.327398434301951","0.307616035310832",NA,"248.255223761798","255.000709487946","1.39241186070116e-06","70","No gap","1.0028522029927","0.0484589338647586","0.0156514759020546","0.984348524097945","0.0595958459181811","0.190341903859639","0.0561842659689845","0.157348736992911","0.617272525570308","0.0173779407288898","0.01","0.1","","","","1.22971953036424","","","","","","","","",""
"29873","MANEMPMoMDifferenceL0","BAA10YB_IndexMoMPercentChangeL0",NA,"0",NA,"-0.0116380535474901","0.0788369889271569","-8.00287807220015","2.06866505652503e-05","-0.170027942567763","-0.489300341178639","0.0773112119153152","0.000526774396817196","0.327282536614236","0.307496728867596",NA,"248.267284600877","255.012770327025","1.40059271791504e-06","70","No gap","1.12146935500546","0.0236812823437176","0.0082574163803976","0.991742583619602","0.0494319884102858","0.102902229593082","0.0376368598607952","0.103168395411615","0.358143094744419","0.0397635130911826","0.01","0.0977119729628841","","Fail","","1.19693847581933","","","","","","","","",""
"27314","PAYEMSMoMPercentChangeL0","BAA10YB_IndexMoMDifferenceL0",NA,"0",NA,"-255.657127763796","0.0112749466172729","-0.0563481420899186","5.2088542757823e-06","-0.131635626132311","-0.501377353025712","0.0536659834513924","4.17027962211165e-05","0.326769900197622","0.306969014909317",NA,"248.320606961836","255.066092687984","1.4373411013624e-06","70","No gap","1.0039239663737","0.0514181135689289","0.0160897643718711","0.983910235628129","0.174336512013974","0.180386821868849","0.0268111545342328","0.0581335833302612","0.419584632610309","0.0426409222377499","0.01","0.1","","","","1.06189632634469","","","","","","","","",""
"28059","USGOODMoMPercentChangeL0","BAA10YB_IndexMoMPercentChangeL0",NA,"0",NA,"-99.6945340042901","0.0816170298115521","-8.2821914681836","7.33588693515293e-06","-0.151275613081048","-0.506377714933115","0.0758515364066969","0.00041493598516611","0.326721127797127","0.306918808026454",NA,"248.325677953723","255.071163679871","1.44088571241152e-06","70","No gap","1.06554845514694","0.0370619265143801","0.0142668880070692","0.985733111992931","0.0579355532014863","0.130664284068093","0.0187213781210595","0.0791571665240572","0.329614942488637","0.0360606600075965","0.01","0.0985974728225504","","Fail","","1.12061662325364","","","","","","","","",""
"42469","WPSID61MoMPercentChangeL1","BAA10YB_IndexMoMPercentChangeL0",NA,"0",NA,"40.5721705634349","0.0829573875996652","-9.19649200835137","4.97398113359388e-07","0.178304345660175","-0.562278549883724","0.13142978533044","0.000441807238511706","0.326457615823136","0.306647545700287",NA,"248.353069618841","255.098555344989","1.46018410285276e-06","70","No gap","1.00328499833819","0.0637021326052991","0.0279541783975075","0.972045821602492","0.213023177540289","0.734931998601455","0.0109618415902806","0.0821943992571161","0.0971198054700322","0.01","0.01","0.1","","","","0.912697813618545","","","","","","","","",""
"3249","DPCERA3M086SBEAMoMPercentChangeL0","BAA10YB_IndexMoMDifferenceL0",NA,"0",NA,"-60.8773483587188","0.0116655793304391","-0.0607879696550834","1.22812881527467e-06","-0.258825074972883","-0.540882275636305","0.00253654802313565","9.23655086057527e-05","0.326166705818954","0.306348079519512",NA,"248.383296824121","255.128782550269","1.4817803604128e-06","70","No gap","1.00769034264859","0.0221949094006736","0.00936259035423282","0.990637409645767","0.250770240919777","0.641251179422928","0.0518375717795106","0.0557827168860924","0.0885115563084337","0.0556243953134113","0.01","0.1","","","","1.03605370117552","","","","","","","","",""
"27125","PAYEMSMoMDifferenceL1","BAA10YB_IndexMoMPercentChangeL0",NA,"0",NA,"-0.00118717696184827","0.0865277417642006","-8.86240417769012","1.10824314093629e-06","-0.0846787075691936","-0.541852237243271","0.212206735284796","0.000256502732818787","0.325777064009701","0.305946977657046",NA,"248.423762387495","255.169248113643","1.511192407877e-06","70","No gap","1.00339082016742","0.0464361918734197","0.0150788277975054","0.984921172202495","0.061805453323625","0.230188623439744","0.0532010973547452","0.146652984722712","0.595112083965868","0.0175492438623353","0.01","0.1","","","","1.25112061689895","","","","","","","","",""
"41013","BUSLOANSMoMPercentChangeL0","BAA10YB_IndexMoMPercentChangeL0",NA,"0",NA,"-34.1611552817341","0.0883974055560206","-8.88936092464658","1.03526444549749e-06","-0.124726781503183","-0.543500387491703","0.223651880178148","0.000176411446774538","0.325432440763699","0.305592218433219",NA,"248.45953314334","255.205018869488","1.53767783706016e-06","70","No gap","1.00241460329294","0.0443447402800103","0.01494521008856","0.98505478991144","0.0287127086956223","0.149474689189342","0.014118149014127","0.0985395887051778","0.413191166083967","0.0136488154959507","0.01","0.1","","","","1.09602176904267","","","","","","","","",""
"42917","MZMSLMoMDifferenceL1","BAA10YB_IndexMoMPercentChangeL0",NA,"0",NA,"-0.00411081971071111","0.0888085875266253","-9.23534946743862","4.71346387764443e-07","-0.0975027904908468","-0.564654316178948","0.136199974224412","0.000141872635412013","0.325357686307935","0.305515265316992",NA,"248.467289997205","255.212775723353","1.54348214209676e-06","70","No gap","1.00518123981876","0.0603880655631562","0.0213825431432618","0.978617456856738","0.0613676766008691","0.12981882638049","0.0712208961745618","0.110154684102795","0.823657858551254","0.021068708484796","0.01","0.1","","","","0.999612734537018","","","","","","","","",""
"42387","WPSID61MoMPercentChangeL0","BAA10YB_IndexMoMDifferenceL0",NA,"0",NA,"60.6967726564425","0.0123124766475024","-0.0516972269166437","3.45433100672173e-05","0.266750590186162","-0.459994204402949","0.0509049015325111","0.000354788118891612","0.32521090094453","0.305364162737017",NA,"248.482518597016","255.228004323165","1.55494121900634e-06","70","No gap","1.0494201397014","0.190563733358041","0.0951058050277214","0.904894194972279","0.00410408631468384","0.0535285114416659","0.0275924753483565","0.0430682313983662","0.0949164137183266","0.0216699114321853","0.01","0.1","","","","0.849040716400536","","","","","","","","",""
"25561","UEMP15T26MoMDifferenceL1","BAA10YB_IndexMoMPercentChangeL0",NA,"0",NA,"-0.00328934371271154","0.0917108720313932","-9.45037980109504","3.4344084821365e-07","-0.172560645727713","-0.577801388353811","0.0374061865051071","0.000104352474468405","0.324840259924847","0.304982620510872",NA,"248.520956901162","255.26644262731","1.58424472107566e-06","70","No gap","1.02208208290048","0.0150544735454732","0.00789065438147388","0.992109345618526","0.113399595226993","0.336612689343473","0.038117108086764","0.0979520218096905","0.213708262476827","0.0154596226125139","0.01","0.0937552029123252","","Fail","","1.11538007499407","","","","","","","","",""
"26933","PAYEMSMoMDifferenceL0","BAA10YB_IndexMoMDifferenceL0",NA,"0",NA,"-0.00176450467368782","0.012679842966844","-0.0564183991656673","5.22917660881468e-06","-0.128586139913079","-0.502002489993209","0.0740832254042292","0.00018151011485504","0.324690245427042","0.304828193821955",NA,"248.536508551801","255.281994277949","1.59625687601306e-06","70","No gap","1.00374836097209","0.0492102484936952","0.0154353997416839","0.984564600258316","0.185135498602313","0.18683707298407","0.0248900169391405","0.0532596751348107","0.420013971862397","0.0425413063040102","0.01","0.1","","","","1.08524724146619","","","","","","","","",""
"27691","USGOODMoMDifferenceL0","BAA10YB_IndexMoMPercentChangeL0",NA,"0",NA,"-0.0048762968522002","0.0929396700245017","-8.32133832040778","6.78323733464156e-06","-0.145718191639732","-0.508771174882967","0.0834438426147296","0.00059381130782722","0.324626404400627","0.304762475118292",NA,"248.543125753163","255.288611479311","1.60139560978489e-06","70","No gap","1.06313933185453","0.0352707840528663","0.0135045269376771","0.986495473062323","0.0613648114664453","0.132689066118992","0.0188140783779141","0.0767088587521741","0.342623497162992","0.0353076755252446","0.01","0.0954588218069166","","Fail","","1.1391508073993","","","","","","","","",""
"42845","MZMSLMoMDifferenceL0","BAA10YB_IndexMoMPercentChangeL0",NA,"0",NA,"-0.00404763889373964","0.0949080702360689","-9.03201946023822","7.34066159343612e-07","-0.0974940020292218","-0.552222608361156","0.18571727120059","0.000118408279874139","0.324290020083174","0.304416197144444",NA,"248.577982076095","255.323467802243","1.62873838660538e-06","70","No gap","1.00000060725201","0.0621452682790889","0.019830894692673","0.980169105307327","0.0573201548352352","0.0320313443946116","0.0528598307031067","0.194161834084029","0.470693219670555","0.0149262857379644","0.01","0.1","","","","1.16812266055281","","","","","","","","",""
"40323","M2REALMoMPercentChangeL1","BAA10YB_IndexMoMDifferenceL0",NA,"0",NA,"-86.6265827953349","0.0133284238085569","-0.0607677687527051","1.28405989994052e-06","-0.19195645330984","-0.540702531023838","0.0101342166895656","9.49205218437469e-05","0.323806872400722","0.303918839236038",NA,"248.628015749401","255.373501475549","1.66880497942667e-06","70","No gap","1.00784879643879","0.110709177098626","0.0489946561403892","0.951005343859611","0.128689158937774","0.459043159390693","0.00724986782700901","0.027254157841672","0.354934151513717","0.0184806770910249","0.01","0.1","","","","0.944212659249593","","","","","","","","",""
"2665","DPCERA3M086SBEAMoMDifferenceL0","BAA10YB_IndexMoMDifferenceL0",NA,"0",NA,"-0.494165738451339","0.0136028894432768","-0.0608446995851139","1.26467882729402e-06","-0.254214878868069","-0.541387050081408","0.00219218232793444","0.000106594126933471","0.323445946532255","0.303547297900851",NA,"248.665369087476","255.410854813624","1.69935852056824e-06","70","No gap","1.00837376769425","0.019615772198502","0.00818856654114004","0.99181143345886","0.254520397481161","0.632752991936795","0.0441991335204275","0.0506056207517462","0.0835464038370482","0.0536615954958383","0.01","0.1","","","","1.11548871728091","","","","","","","","",""
"40219","M2REALMoMPercentChangeL0","BAA10YB_IndexMoMDifferenceL0",NA,"0",NA,"-85.8561298102041","0.0145393329228093","-0.0548655172208826","9.8190193395132e-06","-0.18939924196504","-0.488185178363039","0.0750770738789931","0.000105038140709583","0.322267231656802","0.302333914940826",NA,"248.787219290531","255.532705016679","1.80296985252681e-06","70","No gap","1.01361672357414","0.213949416177637","0.0786962484652313","0.921303751534769","0.0338232392177119","0.194522780527397","0.12085200558738","0.270165501583694","0.175006448582451","0.0325192136522094","0.01","0.1","","","","1.01138048310216","","","","","","","","",""
"31585","SRVPRDMoMPercentChangeL0","BAA10YB_IndexMoMDifferenceL0",NA,"0",NA,"-255.478949745236","0.0147077187144884","-0.0576779150756819","3.45698993659749e-06","-0.123756847155916","-0.513209474458628","0.0651114033421671","4.61758357072408e-05","0.322063385190019","0.302124072989726",NA,"248.808270518743","255.553756244891","1.82149957761446e-06","70","No gap","1.00033813013499","0.0564840763451828","0.0178111278846205","0.98218887211538","0.160093894284513","0.152410844790721","0.0436551311413315","0.069896292117569","0.441077395062738","0.0371973935937612","0.01","0.1","","","","1.00214962141753","","","","","","","","",""
"23721","UEMP5TO14MoMDifferenceL0","BAA10YB_IndexMoMPercentChangeL0",NA,"0",NA,"0.00291902593613636","0.109197282874875","-9.30469895106441","4.46838795058046e-07","0.164165875759434","-0.568894381527006","0.0616295997147455","0.000206516144349719","0.322051238164376","0.302111568698622",NA,"248.809524742455","255.555010468603","1.82260956305136e-06","70","No gap","1.01043470476213","0.061274396505458","0.0339452462556517","0.966054753744348","0.0788885572613222","0.279784694805239","0.0280772535523223","0.105919890526628","0.301693041782111","0.0396011800082857","0.01","0.1","","","","0.995202037911553","","","","","","","","",""
"40821","BUSLOANSMoMDifferenceL0","BAA10YB_IndexMoMPercentChangeL0",NA,"0",NA,"-0.0164284209875609","0.112870453666254","-8.85471991127757","1.21595407185064e-06","-0.117817993654656","-0.541382416993175","0.211474734318973","7.26106571558468e-05","0.321526422397508","0.301571317173905",NA,"248.863692392819","255.609178118967","1.8711988123421e-06","70","No gap","1.00432173720615","0.0399241766523814","0.0137693063584636","0.986230693641536","0.0388810330211311","0.204864053032244","0.0126685874508574","0.0769211950340045","0.430635747455208","0.0138480921595945","0.01","0.1","","","","1.15060565379529","","","","","","","","",""
"29519","USCONSMoMPercentChangeL0","BAA10YB_IndexMoMPercentChangeL0",NA,"0",NA,"-43.0262416596593","0.117658660764723","-8.60003220008656","2.75628200147543e-06","-0.133041315484818","-0.525810671071835","0.0964916410756214","0.000600993166772725","0.320869297190321","0.300894864754742",NA,"248.931457011359","255.676942737507","1.93381269697479e-06","70","No gap","1.02671656750918","0.0477589264540667","0.0213967693722381","0.978603230627762","0.075226818799566","0.285136575668579","0.00965255494867282","0.0439749539927148","0.342614473367546","0.0224990417454025","0.01","0.1","","","","0.995669735469666","","","","","","","","",""
"44487","ism_man_pricesMoMDifferenceL0","BAA10YB_IndexMoMDifferenceL0",NA,"0",NA,"0.091625418025135","0.0158217462904577","-0.0500220520109011","7.71345859422119e-05","0.261749267000984","-0.445088748269967","0.0604399126685866","0.00088295144273856","0.320771043941287","0.300793721704266",NA,"248.941583530355","255.687069256503","1.94334776870697e-06","70","No gap","1.08381784343468","0.0933798741323254","0.0387771590446919","0.961222840955308","0.082439759391133","0.111070384748016","0.171692315698917","0.338093089950189","0.0104200307129199","0.0656442750532328","0.01","0.0871919833518908","","Fail","","0.86609415703551","","","","","","","","",""
"38567","HOUSTWMoMPercentChangeL1","BAA10YB_IndexMoMPercentChangeL0",NA,"0",NA,"-1.72625015866402","0.118563489353415","-9.0944237080241","6.74277606474332e-07","-0.159880336254743","-0.556038038192418","0.0556493995418884","0.000552828777173022","0.320748370900397","0.300770381809233",NA,"248.943920130347","255.689405856495","1.94555456500822e-06","70","No gap","1.00060625131403","0.0287587546213106","0.0168092288595022","0.983190771140498","0.0568127270757656","0.280801592722786","0.0581221987959069","0.164561668189419","0.472596895705535","0.0227973937422599","0.01","0.1","","","","0.932517227718101","","","","","","","","",""
"31249","SRVPRDMoMDifferenceL0","BAA10YB_IndexMoMDifferenceL0",NA,"0",NA,"-0.00205525474044246","0.0159832493737158","-0.0577185544910305","3.48091078063867e-06","-0.121168265044617","-0.513571077907122","0.0802464618641322","0.000141851435866782","0.320591313306451","0.300608704874288",NA,"248.960103765797","255.705589491945","1.96090810089533e-06","70","No gap","1.00029475903361","0.0546236869927026","0.017287772884639","0.982712227115361","0.170658498995298","0.160987200897342","0.0400392513297809","0.064120485741631","0.441308233070303","0.0371683870150223","0.01","0.1","","","","1.01864224154449","","","","","","","","",""
"17713","IPFUELSMoMDifferenceL1","BAA10YB_IndexMoMPercentChangeL0",NA,"0",NA,"-0.137697559099249","0.120235700120793","-9.1250644923736","6.34337981433236e-07","-0.159803952839789","-0.557911432501432","0.112830267185496","6.70095997254909e-05","0.32052749511564","0.300543009677864",NA,"248.96667869433","255.712164420478","1.9671803429544e-06","70","No gap","1.00132966679206","0.0101053693960363","0.00505265174869445","0.994947348251306","0.0187113572889221","0.219589105549581","0.0425493217263848","0.12237905699203","0.441824245219354","0.0149832521667555","0.01","0.1","","","","1.12044028097887","","","","","","","","",""
"39909","M2SLMoMPercentChangeL1","BAA10YB_IndexMoMPercentChangeL0",NA,"0",NA,"-49.1921986828525","0.124757420171253","-9.06384837368979","7.30508277570464e-07","-0.0808046834106503","-0.55416864553312","0.1150145491402","0.000428334129297332","0.319946536838243","0.299944964392309",NA,"249.026504078838","255.771989804986","2.02518137282226e-06","70","No gap","1.00017370697403","0.0474039682628598","0.0164834692353177","0.983516530764682","0.0563836578754485","0.357079305604603","0.0373710361492586","0.0698631450683598","0.782816724441194","0.0175328573288447","0.01","0.1","","","","1.01872841527421","","","","","","","","",""
"38327","HOUSTWMoMDifferenceL1","BAA10YB_IndexMoMPercentChangeL0",NA,"0",NA,"-0.00645063557596365","0.127553957140533","-9.17549453490022","5.83354840087682e-07","-0.157058854828476","-0.560994752875842","0.0502690427249051","0.000143726790945952","0.319598576552585","0.299586769980602",NA,"249.062311544071","255.80779727022","2.06071180752776e-06","70","No gap","1.00323219754488","0.0258653244369215","0.014927038391268","0.985072961608732","0.0693178163550763","0.281310595427503","0.0574310265952797","0.157480530572571","0.374801512593127","0.0245812853960691","0.01","0.1","","","","0.926545891498983","","","","","","","","",""
"18185","IPFUELSMoMPercentChangeL1","BAA10YB_IndexMoMPercentChangeL0",NA,"0",NA,"-14.7753640943609","0.128784942414053","-9.11330676969991","6.61553358341628e-07","-0.156194156342812","-0.55719255890823","0.120450434672266","0.000964352971826485","0.319448036118835","0.299431801887036",NA,"249.077797497527","255.823283223675","2.07627040471614e-06","70","No gap","1.00106820153067","0.0105539447443162","0.00529427075339074","0.994705729246609","0.0195478779722498","0.22575150006935","0.0418684918964311","0.122101146184192","0.468912835074786","0.0152719459495966","0.01","0.1","","","","1.14539730853464","","","","","","","","",""
"39479","M1SLMoMPercentChangeL1","BAA10YB_IndexMoMPercentChangeL0",NA,"0",NA,"-23.824594547617","0.136317139824917","-9.0728037316681","7.31931466020494e-07","-0.129989583773465","-0.554716181016559","0.0683083453808814","0.000716723462089612","0.318559850114856","0.298517492765293",NA,"249.169094691488","255.914580417636","2.17041319294786e-06","70","No gap","1.00029409933872","0.0347413354417692","0.0166917316824863","0.983308268317514","0.0646807307733756","0.303689699122443","0.0716823564469691","0.0575982855876253","0.597526042443087","0.0192166584317728","0.01","0.1","","","","0.961554431880056","","","","","","","","",""
"39801","M2SLMoMPercentChangeL0","BAA10YB_IndexMoMPercentChangeL0",NA,"0",NA,"-47.9757707720448","0.136473845621513","-8.98300663150748","9.04638445086883e-07","-0.0803567039835255","-0.549225937213136","0.206551789247974","0.000350753017952326","0.31854194656854","0.298499062644085",NA,"249.170933784443","255.916419510591","2.1723528322859e-06","70","No gap","1.00034958467105","0.0582255274084368","0.0186223870503442","0.981377612949656","0.0741370517924744","0.164281798626739","0.039273199605923","0.121163053536781","0.359955105603459","0.0194260354396194","0.01","0.1","","","","1.10246751285555","","","","","","","","",""
"33515","USFIREMoMPercentChangeL0","BAA10YB_IndexMoMPercentChangeL0",NA,"0",NA,"-130.862298772895","0.140438332239489","-8.78596986117939","1.58617371921568e-06","-0.113684602249864","-0.537179001338757","0.107358539605322","0.00020213312384799","0.318096367336325","0.298040378140335",NA,"249.216689137089","255.962174863237","2.2211717303211e-06","70","No gap","1.00966987063346","0.100013097893888","0.045196168803035","0.954803831196965","0.138761323146847","0.374671138114628","0.0166080509677932","0.0630737306537462","0.416386450366516","0.0166509700841691","0.01","0.1","","","","1.03858578166348","","","","","","","","",""
"29159","USCONSMoMDifferenceL0","BAA10YB_IndexMoMPercentChangeL0",NA,"0",NA,"-0.00615517302405916","0.141239979506212","-8.68717734946043","2.18989609384812e-06","-0.124635015226523","-0.531138773154112","0.114402987733178","0.000367124849518115","0.318007949289498","0.297949359562718",NA,"249.225764997306","255.971250723454","2.23098487972528e-06","70","No gap","1.01916754939676","0.043342295599028","0.0191006115569662","0.980899388443034","0.0803461639565238","0.294208609907853","0.0109280269159531","0.0451714042691213","0.364240878528375","0.0227108956436894","0.01","0.1","","","","1.01930439160243","","","","","","","","",""
"40011","M2REALMoMDifferenceL0","BAA10YB_IndexMoMDifferenceL0",NA,"0",NA,"-0.0162517446673953","0.0186580505946816","-0.0547558270784978","1.09645176559855e-05","-0.182824087799473","-0.487209171857728","0.0776409460161131","0.000159593717198955","0.317854127653666","0.297791013761126",NA,"249.241551545531","255.987037271679","2.24815727112304e-06","70","No gap","1.01562666973486","0.187607328132323","0.0716032776414681","0.928396722358532","0.0390653239704744","0.228242825423508","0.122137697040665","0.23930335909346","0.181859812619499","0.0313562535893262","0.01","0.1","","","","1.04847221720838","","","","","","","","",""
"40115","M2REALMoMDifferenceL1","BAA10YB_IndexMoMDifferenceL0",NA,"0",NA,"-0.0161769227023705","0.0188419183187121","-0.0609366900236157","1.35815937539452e-06","-0.182701173442502","-0.542205567264922","0.0140994014886244","0.000120492317809207","0.317680748978864","0.297612535713537",NA,"249.259340944605","256.004826670753","2.26766678601553e-06","70","No gap","1.00985695911283","0.100642545371833","0.0443553778471151","0.955644622152885","0.133998660935762","0.416863201840744","0.00834875767019447","0.0280364333283641","0.327407040502681","0.0191658205026719","0.01","0.1","","","","0.967930576445404","","","","","","","","",""
"11249","IPNCONGDMoMPercentChangeL1","BAA10YB_IndexMoMPercentChangeL0",NA,"0",NA,"-23.2070561674106","0.144651295003137","-8.67729927520115","2.28429763007171e-06","-0.150746610954346","-0.530534822292728","0.163238699604946","0.000723456340941053","0.317637780620652","0.297568303580083",NA,"249.263748984344","256.009234710492","2.27252717044379e-06","70","No gap","1.02063229117537","0.023479553668559","0.0108604271405654","0.989139572859435","0.052114809057121","0.220835420289667","0.0265312023996539","0.269043501068279","0.25629511288128","0.0225067374922112","0.01","0.1","","","","0.932314364387217","","","","","","","","",""
"33203","USFIREMoMDifferenceL0","BAA10YB_IndexMoMPercentChangeL0",NA,"0",NA,"-0.0155372726374084","0.150813487266622","-8.79235672004366","1.58844670616647e-06","-0.110458728463045","-0.537569497381949","0.106645853977778","0.000101736058343403","0.31699292278953","0.296904479342163",NA,"249.329870365054","256.075356091202","2.34669651855146e-06","70","No gap","1.00964713934267","0.09370433665055","0.0422719379265652","0.957728062073435","0.134022864595225","0.377501947228587","0.0166923782465389","0.0615142909661409","0.419189141043761","0.0170535358739233","0.01","0.1","","","","1.04568560891171","","","","","","","","",""
"10721","IPNCONGDMoMDifferenceL1","BAA10YB_IndexMoMPercentChangeL0",NA,"0",NA,"-0.231100695896057","0.151072900604726","-8.67247031462906","2.36039840274299e-06","-0.148614215150007","-0.530239577002953","0.187298629632459","0.000160170926891269","0.316966418916099","0.296877195943043",NA,"249.332586640194","256.078072366342","2.34979463742402e-06","70","No gap","1.02187343704989","0.0229547406662993","0.0105931131197622","0.989406886880238","0.0552784157092522","0.242182918520734","0.0257777273768575","0.256097828822173","0.262263784142187","0.0224503650123658","0.01","0.1","","","","0.93166570891985","","","","","","","","",""
"7767","IPFINALMoMPercentChangeL0","BAA10YB_IndexMoMPercentChangeL0",NA,"0",NA,"-28.192421231277","0.153010498882832","-8.73973864848958","1.88916574092624e-06","-0.147418412524145","-0.534352399716422","0.268442864312534","0.000414290423521742","0.316770040613605","0.296675041808123",NA,"249.352709377663","256.098195103811","2.3728739012574e-06","70","No gap","1.01454868925399","0.0433212684339614","0.0214870871859403","0.97851291281406","0.258546282231621","0.521539912009268","0.0546419071349287","0.0984071759975738","0.0590270179361595","0.0366401876828619","0.01","0.1","","","","0.925566171117931","","","","","","","","",""
"39693","M2SLMoMDifferenceL1","BAA10YB_IndexMoMPercentChangeL0",NA,"0",NA,"-0.00371309455820783","0.156320097179634","-9.07700128593445","7.49922653997465e-07","-0.072640594802919","-0.554972821779558","0.142580796147038","0.000111759717113162","0.316440914545162","0.296336235561197",NA,"249.386421712896","256.131907439044","2.41204853246302e-06","70","No gap","1.00039072074292","0.0435115953765448","0.0151977186688775","0.984802281331122","0.0575774764211061","0.361400556880279","0.0320587330633972","0.0650598572038835","0.739547445575237","0.0177112398958273","0.01","0.1","","","","1.03897418099883","","","","","","","","",""
"24137","UEMP5TO14MoMPercentChangeL0","BAA10YB_IndexMoMPercentChangeL0",NA,"0",NA,"5.64907816160216","0.161656011640106","-9.29630411903202","5.1595475845563e-07","0.144463162826501","-0.568381116906386","0.120132399100577","0.00118205490811469","0.315926293601039","0.295806478706952",NA,"249.439101742219","256.184587468367","2.47456306912142e-06","70","No gap","1.01278957798967","0.0495708359091076","0.0267226598932067","0.973277340106793","0.0754739081977398","0.267628482152972","0.0272856071160305","0.105810777610133","0.289032444103569","0.0348131864784293","0.01","0.1","","","","1.01429478888543","","","","","","","","",""
"6945","IPFPNSSMoMPercentChangeL1","BAA10YB_IndexMoMPercentChangeL0",NA,"0",NA,"-23.795311874554","0.166121769771672","-8.77569345485408","1.72546976220459e-06","-0.141867716134175","-0.536550696237054","0.307783396503375","0.000868172916755162","0.315509981409658","0.295377922039354",NA,"249.481689242916","256.227174969064","2.52628337316096e-06","70","No gap","1.01187916320105","0.04728791692763","0.0261029749054995","0.9738970250945","0.00749199730949168","0.0944152526170124","0.0440080701529849","0.27973535950525","0.1861758484103","0.0310120472646431","0.01","0.1","","","","0.943034534722067","","","","","","","","",""
"7219","IPFINALMoMDifferenceL0","BAA10YB_IndexMoMPercentChangeL0",NA,"0",NA,"-0.268242976509469","0.166445182882354","-8.73959815707755","1.94434684319959e-06","-0.142977145594554","-0.534343809994672","0.291176235858241","6.11223857157179e-05","0.315480320157542","0.29534738839747",NA,"249.484722512367","256.230208238515","2.53000809546933e-06","70","No gap","1.01551647850074","0.0414299476972253","0.0204782228299522","0.979521777170048","0.252843808541913","0.51826725005329","0.0517798742620977","0.0985800380289055","0.0632498636673515","0.0360323422537479","0.01","0.1","","","","0.924915622362371","","","","","","","","",""
"39586","M2SLMoMDifferenceL0","BAA10YB_IndexMoMPercentChangeL0",NA,"0",NA,"-0.0036365369845139","0.166885063812665","-8.94759448096364","1.04047896628704e-06","-0.0726071785277436","-0.547060818966095","0.225056484310929","7.18253930438265e-05","0.315440080920317","0.295305965653268",NA,"249.488837315639","256.234323041787","2.53506967340389e-06","70","No gap","1.00124838568721","0.0522421128582183","0.0172026837213049","0.982797316278695","0.0784753915594114","0.342226085421781","0.0340699361187031","0.104659969030064","0.382620200834086","0.0192898647338486","0.01","0.1","","","","1.13730647316774","","","","","","","","",""
"36415","HOUSTMoMPercentChangeL0","BAA10YB_IndexMoMPercentChangeL0",NA,"0",NA,"-2.47274461059136","0.167094565699028","-9.27264875342844","5.38699333299901e-07","-0.142592376575633","-0.566934814919013","0.264272415525637","0.000446073512623891","0.315420958033881","0.295286280328995",NA,"249.490792708172","256.23627843432","2.5374785301846e-06","70","No gap","1.01089293848139","0.0289053088520296","0.0153189954209978","0.984681004579002","0.0145340891029063","0.121236468715376","0.0213810418373001","0.0330404572663607","0.209407749562287","0.0229843540695758","0.01","0.1","","","","0.957470584220116","","","","","","","","",""
"43767","INVESTMoMPercentChangeL0","BAA10YB_IndexMoMDifferenceL0",NA,"0",NA,"-56.0300837490415","0.0222562863427899","-0.0580057806812786","3.42804370441787e-06","-0.200858423204554","-0.516126773652271","0.0767969415353518","4.02009178666395e-05","0.314738387857024","0.294583634558702",NA,"249.560552524675","256.306038250823","2.62492998359676e-06","70","No gap","1.00005402969622","0.105113880430884","0.0514884843381259","0.948511515661874","0.0815372483791936","0.368203994169978","0.0279838379425882","0.0913551672985981","0.340325412813915","0.0113984807778029","0.01","0.1","","","","0.978341397827627","","","","","","","","",""
"41109","BUSLOANSMoMPercentChangeL1","BAA10YB_IndexMoMPercentChangeL0",NA,"0",NA,"-27.1454725892683","0.176000799119689","-8.93993398821511","1.07578624812386e-06","-0.0984169229301585","-0.546592452250816","0.154062077995902","0.00043339588032145","0.314632070173616","0.294474189884605",NA,"249.571412115287","256.316897841435","2.63881217199557e-06","70","No gap","1.0015557454444","0.0235946437843287","0.00810047780414356","0.991899522195856","0.0893045068601457","0.42694451242983","0.0166559988856491","0.0600738147699991","0.635621299145823","0.0132899940461467","0.01","0.1","","","","0.950546647288533","","","","","","","","",""
"6391","IPFPNSSMoMDifferenceL1","BAA10YB_IndexMoMPercentChangeL0",NA,"0",NA,"-0.231100316361615","0.177036225913311","-8.77872654412108","1.74354334705315e-06","-0.138510358768779","-0.536736140973283","0.32259754780275","8.32239424972309e-05","0.314543287745456","0.294382796208558",NA,"249.580479314386","256.325965040534","2.65045930913921e-06","70","No gap","1.01219501281429","0.0453040299149318","0.0248797738177542","0.975120226182246","0.00902234683808818","0.103703148071815","0.0420934276223256","0.268778005511404","0.210397981232938","0.0304426201704134","0.01","0.1","","","","0.943000906510579","","","","","","","","",""
"39255","M1SLMoMDifferenceL1","BAA10YB_IndexMoMPercentChangeL0",NA,"0",NA,"-0.00685751283173788","0.181259980570398","-9.09221192474723","7.5247844566568e-07","-0.117700207997495","-0.555902808553503","0.107748198004938","4.7849607527645e-05","0.314187119460734","0.29401615238605",NA,"249.616842376212","256.36232810236","2.69768772465095e-06","70","No gap","1.00076706436676","0.0332347052932851","0.0159014534867097","0.98409854651329","0.070483946814364","0.26056385039641","0.0604902577635273","0.059106551845531","0.538473727854993","0.0195690198443743","0.01","0.1","","","","0.972958318167921","","","","","","","","",""
"36143","HOUSTMoMDifferenceL0","BAA10YB_IndexMoMPercentChangeL0",NA,"0",NA,"-0.00221072030325504","0.182204615067671","-9.22815829454367","5.90468557031048e-07","-0.137999331167721","-0.564214643936134","0.209879964232389","4.0708100984091e-06","0.314108751151683","0.293935479126732",NA,"249.624840867318","256.370326593466","2.70818857583954e-06","70","No gap","1.00778728171807","0.0263547732459419","0.0141301098262797","0.98586989017372","0.0198365591108401","0.163528723924532","0.0296765219394069","0.0469480823467893","0.186597792992705","0.0243821851394781","0.01","0.1","","","","0.951608265002978","","","","","","","","",""
"23929","UEMP5TO14MoMDifferenceL1","BAA10YB_IndexMoMPercentChangeL0",NA,"0",NA,"0.00232645748786929","0.188003316578673","-8.8937434645481","1.24402263421566e-06","0.135410376392394","-0.543768338377583","0.121012103824181","0.000207563442642678","0.313637594848414","0.293450465285132",NA,"249.672909156193","256.418394882341","2.77216178545814e-06","70","No gap","1.00376370571534","0.0253301858511486","0.0164762955833952","0.983523704416605","0.0511391535884785","0.322058980417312","0.0834984494215583","0.0990867455186092","0.676036804000907","0.0271684682244866","0.01","0.1","","","","0.96482768957101","","","","","","","","",""
"34575","CES0600000007MoMDifferenceL1","BAA10YB_IndexMoMPercentChangeL0",NA,"0",NA,"-0.97047390265962","0.188291566123254","-8.93217698141325","1.11689340979814e-06","-0.135809666116943","-0.546118184613544","0.0682026607165103","0.000813867221962077","0.313614607701016","0.293426802045164",NA,"249.67525350571","256.420739231858","2.77532019976601e-06","70","No gap","1.00194056904836","0.0175587051847411","0.00927462307831814","0.990725376921682","0.0953956382844437","0.176824862881215","0.0318105682951989","0.0993183861052715","0.157494447835455","0.0336332553051832","0.01","0.1","","","","1.09788459138541","","","","","","","","",""
"34871","CES0600000007MoMPercentChangeL1","BAA10YB_IndexMoMPercentChangeL0",NA,"0",NA,"-39.8492609638216","0.188421550994193","-8.93425986745709","1.11073502085051e-06","-0.135755764406373","-0.546245533405153","0.0780727515519249","0.00108084280906549","0.313604254891142","0.293416144740882",NA,"249.676309313764","256.421795039912","2.77674380744219e-06","70","No gap","1.00185975351508","0.0176073599420613","0.00930579473335442","0.990694205266646","0.0952993499146964","0.178050055495725","0.0312813704734309","0.0985121613217065","0.158353941673197","0.0335154136711709","0.01","0.1","","","","1.09645603253305","","","","","","","","",""
"40917","BUSLOANSMoMDifferenceL1","BAA10YB_IndexMoMPercentChangeL0",NA,"0",NA,"-0.0136103481609618","0.188769012650903","-8.95695792651049","1.04550227644148e-06","-0.0970007243417225","-0.54763330514661","0.181071428662611","6.41295536883503e-05","0.313576620867444","0.293387697951781",NA,"249.679127429604","256.424613155752","2.78054721436494e-06","70","No gap","1.00108298334022","0.0215495090331284","0.00741909209290261","0.992580907907097","0.0896381249234941","0.403327109255265","0.0151607442271572","0.054861850351456","0.607893082420578","0.0134319077743413","0.01","0.1","","","","0.966281247993108","","","","","","","","",""
"42621","WPSID62MoMDifferenceL1","BAA10YB_IndexMoMPercentChangeL0",NA,"0",NA,"0.031808531451665","0.189036855172811","-8.93503002710421","1.10928159621527e-06","0.134576134556125","-0.546292621387089","0.125097219781242","0.000372463519648624","0.313555358678676","0.29336581040452",NA,"249.681295668927","256.426781395075","2.78347707571847e-06","70","No gap","1.00183493742522","0.0484832334413716","0.0253405874190452","0.974659412580955","0.132653732569264","0.483612278246283","0.0192773342243158","0.065549491689628","0.275231539854889","0.01","0.01","0.1","","","","0.96157717552624","","","","","","","","",""
"25961","UEMP15T26MoMPercentChangeL1","BAA10YB_IndexMoMPercentChangeL0",NA,"0",NA,"-2.96755922290555","0.192226247503427","-9.28584809021207","5.55880708029468e-07","-0.134630762934168","-0.567741829587147","0.143332172726843","0.00126690593317159","0.313304791427892","0.293107873528712",NA,"249.706842531835","256.452328257983","2.81823096037748e-06","70","No gap","1.01357218937349","0.0177050071068888","0.00942026195162363","0.990579738048376","0.120711340941281","0.337202804197164","0.0383759894401981","0.0900459595458841","0.217085060501544","0.0179585205310312","0.01","0.1","","","","1.18271890863792","","","","","","","","",""
"1487","W875RX1MoMDifferenceL0","BAA10YB_IndexMoMPercentChangeL0",NA,"0",NA,"0.00139188194844206","0.203737292578813","-9.34039633486042","5.37217420998771e-07","0.128375852751004","-0.571076939091046","0.056272987922059","2.66573583695651e-05","0.312438623524878","0.292216230099139",NA,"249.795081892519","256.540567618667","2.94164364234017e-06","70","No gap","1.02101079404242","0.010794522430216","0.00440748224980121","0.995592517750199","0.161633947803406","0.178581851077849","0.00879856266843112","0.0280580892429451","0.0899580769429581","0.0196724424439657","0.01","0.1","","","","2.43282057074452","","","","","","","","",""
"44741","USGG2YR_IndexMoMPercentChangeL0","BAA10YB_IndexMoMPercentChangeL0",NA,"0",NA,"-1.4696835857652","0.204918682476357","-9.7135139129055","5.28158464004312e-07","-0.133157635421105","-0.59388955182738","0.241422075220798","0.0016403859117355","0.31235293453149","0.29212802084124",NA,"249.803805267626","256.549290993774","2.95413402884304e-06","70","No gap","1.10235116372706","0.0368291349563017","0.0193869275408826","0.980613072459117","0.100731998204025","0.0183969498985389","0.0133007274077335","0.187135763279501","0.266926952270223","0.0135721427769268","0.01","0.1","","","","1.01101651769567","","","","","","","","",""
"39031","ISRATIOMoMPercentChangeL1","BAA10YB_IndexMoMPercentChangeL0",NA,"0",NA,"-30.7829992272839","0.207110170504556","-8.55210452594623","4.32056110438341e-06","-0.132847166267014","-0.522880346868818","0.187725717469846","0.000704094743909354","0.312195485664985","0.29196594112572",NA,"249.819831161762","256.56531688791","2.97721875430756e-06","70","No gap","1.05045473280899","0.0417727549179849","0.0202518968654258","0.979748103134574","0.148245800106762","0.583651460122274","0.0124352324122778","0.0822459540863453","0.098686649990974","0.0121836597941596","0.01","0.1","","","","0.936287238207086","","","","","","","","",""
"297","RPIMoMDifferenceL0","BAA10YB_IndexMoMPercentChangeL0",NA,"0",NA,"0.00121070301895987","0.207147742505639","-9.36656923769881","5.29843079510759e-07","0.127362218116514","-0.572677164681505","0.0584550867081603","3.75298401171208e-05","0.312192803145782","0.291963179708893",NA,"249.820104169534","256.565589895682","2.9776135709314e-06","70","No gap","1.02507154774371","0.0105238617076804","0.00427059649835494","0.995729403501645","0.163394071819333","0.169574741857762","0.00984099399870218","0.0285139968634969","0.0991977042594706","0.0199580810431386","0.01","0.1","","","","2.7339257833144","","","","","","","","",""
"40525","AMBSLMoMDifferenceL1","BAA10YB_IndexMoMPercentChangeL0",NA,"0",NA,"0.00257571300810361","0.208036349935417","-8.58896078284413","3.72844455059616e-06","0.132639168306812","-0.525133758567961","0.284767479803727","0.000259320116463476","0.312129523542793","0.29189803894111",NA,"249.826544009764","256.572029735912","2.98694189659887e-06","70","No gap","1.04314343923929","0.012220183413077","0.00517858464878268","0.994821415351217","0.0927956797408383","0.0579737801162623","0.0237217357425889","0.133672790249578","0.100817024743492","0.0202431676853572","0.01","0.0715685942533692","","Fail","","0.956820892694594","","","","","","","","",""
"42543","WPSID62MoMDifferenceL0","BAA10YB_IndexMoMDifferenceL0",NA,"0",NA,"0.0550610840309082","0.0262919751788572","-0.05381445850119","1.77624608343732e-05","0.234121720448919","-0.478833014845151","0.0647366975022639","0.00134869102790818","0.311799297216507","0.291558100075816",NA,"249.860140881252","256.6056266074","3.03608412222101e-06","70","No gap","1.0282637759375","0.132056537122506","0.0782140631025204","0.92178593689748","0.0653704500816333","0.407659382643852","0.106622777747768","0.201786694515733","0.127427985241954","0.0391983127510263","0.01","0.1","","","","1.43167807582203","","","","","","","","",""
"38913","ISRATIOMoMPercentChangeL0","BAA10YB_IndexMoMDifferenceL0",NA,"0",NA,"-54.7277553710767","0.0266080889976877","-0.052516696700888","3.108558880265e-05","-0.236183198509062","-0.467285724159772","0.0587301573895421","0.000415850623398121","0.311588738526184","0.291341348482837",NA,"249.881554480466","256.627040206614","3.06782689274421e-06","70","No gap","1.04764369592239","0.0714515116067877","0.0365510687583811","0.963448931241619","0.258865570080371","0.835253101661891","0.00967854999587808","0.0614565569974731","0.116295534548158","0.047570671964253","0.01","0.1","","","","0.710490746984932","","","","","","","","",""
"2079","W875RX1MoMPercentChangeL0","BAA10YB_IndexMoMPercentChangeL0",NA,"0",NA,"16.5170303895033","0.21631413599586","-9.33294468443822","5.55051275258258e-07","0.12471998693541","-0.57062134110979","0.0782914409119977","0.000568273478433537","0.311554743319933","0.291306353417578",NA,"249.885011143389","256.630496869537","3.07298194879291e-06","70","No gap","1.02113652394168","0.0107518348984095","0.00438909378074165","0.995610906219258","0.159357744344052","0.163877588910624","0.00899728581340357","0.0278708095073781","0.0883275020789055","0.019687929407677","0.01","0.1","","","","2.31676472922927","","","","","","","","",""
"20249","CE16OVMoMDifferenceL0","BAA10YB_IndexMoMPercentChangeL0",NA,"0",NA,"-0.000592405188468544","0.217854808626016","-8.69602867445766","2.51559810540999e-06","-0.111081799220044","-0.531679948004204","0.115381861434356","0.000196050643502636","0.311450598750316","0.291199145772384",NA,"249.895599593888","256.641085320037","3.08882688726531e-06","70","No gap","1.0258048591501","0.0356736697713332","0.0153395334800399","0.98466046651996","0.0544377720185711","0.274953487448791","0.00926159167766064","0.0212401330585549","0.211365171402388","0.0170174593254467","0.01","0.1","","","","0.923005481121052","","","","","","","","",""
"38799","ISRATIOMoMDifferenceL1","BAA10YB_IndexMoMPercentChangeL0",NA,"0",NA,"-22.3087663902556","0.218061046829403","-8.57043434982472","4.13454543240582e-06","-0.129709381324934","-0.5240010423232","0.194202460515209","0.000726672957910247","0.311436723148749","0.291184862064889",NA,"249.897010215002","256.64249594115","3.09094394945753e-06","70","No gap","1.04891931724663","0.0406917840891238","0.0197294168810496","0.98027058311895","0.147548900474595","0.576777580249803","0.0125516663228339","0.0804196179859247","0.101225030804952","0.0124205319330976","0.01","0.1","","","","0.935814715679946","","","","","","","","",""
"893","RPIMoMPercentChangeL0","BAA10YB_IndexMoMPercentChangeL0",NA,"0",NA,"17.3664195434586","0.220248115463494","-9.36084776172031","5.47924404847721e-07","0.123616341113409","-0.572327350511769","0.0803470213492052","0.000540174811053402","0.311290517852361","0.291034356612725",NA,"249.91187200722","256.657357733368","3.11333691593862e-06","70","No gap","1.02563672082966","0.0105004740134455","0.00426164951843789","0.995738350481562","0.161493362062942","0.155198255176477","0.0100391808548511","0.0283266366523189","0.0980899602490653","0.019997730804563","0.01","0.1","","","","2.59531970866488","","","","","","","","",""
"20697","CE16OVMoMPercentChangeL0","BAA10YB_IndexMoMPercentChangeL0",NA,"0",NA,"-88.2002055115407","0.221057941446752","-8.69622008094882","2.53012242657969e-06","-0.110350956066458","-0.531691650701731","0.0973056337661622","0.000512750884656676","0.311236812541259","0.290979071733649",NA,"249.917330368553","256.662816094701","3.12160195869993e-06","70","No gap","1.02613192625662","0.0362376470735122","0.0156476489364736","0.984352351063526","0.0542767061651195","0.24924991428206","0.0091216838126629","0.021149057026367","0.199588673266436","0.017019833097325","0.01","0.1","","","","0.922037815263524","","","","","","","","",""
"41385","REALLNMoMPercentChangeL0","BAA10YB_IndexMoMPercentChangeL0",NA,"0",NA,"-48.1267229373979","0.229578690454195","-8.9213456482106","1.20854958109182e-06","-0.081295628247869","-0.545455950979136","0.129691049750105","0.000690500977751442","0.310685402340203","0.290411443585503",NA,"249.973348565132","256.71883429128","3.20770316697416e-06","70","No gap","1.00286574937655","0.0287451712639255","0.0102411215726403","0.98975887842736","0.047161111511303","0.21744904660706","0.00675899212197165","0.0291202971559832","0.306363186514762","0.0116434240691837","0.01","0.1","","","","1.05231151210111","","","","","","","","",""
"41898","WPSFD49502MoMDifferenceL0","BAA10YB_IndexMoMDifferenceL0",NA,"0",NA,"0.21905703943788","0.0287554702415563","-0.0523133353315956","3.48746322632236e-05","0.234000541218936","-0.465476245066729","0.0590797998016308","0.000497187207859988","0.31022225211988","0.289934671299876",NA,"250.020365745303","256.765851471451","3.28180006703427e-06","70","No gap","1.05249173443654","0.11625914587634","0.0680721498483724","0.931927850151628","0.0154608734421527","0.184181979523424","0.0346811101518683","0.113706187605889","0.0896369930179117","0.039782197974901","0.01","0.1","","","","0.853438687696685","","","","","","","","",""
"38681","ISRATIOMoMDifferenceL0","BAA10YB_IndexMoMDifferenceL0",NA,"0",NA,"-39.9039065204329","0.0296040908285906","-0.0526111766486525","3.09055387010781e-05","-0.232012426714647","-0.468126392624911","0.0604291014463606","0.000457709274804334","0.309710591499723","0.289407961837951",NA,"250.072270820917","256.817756547065","3.36558941926857e-06","70","No gap","1.04779991210681","0.0677710465424723","0.0344534096043593","0.965546590395641","0.260995611487116","0.832646659229193","0.00943097778927251","0.0571662864989599","0.110761200184308","0.0471836739198883","0.01","0.1","","","","0.712400841536602","","","","","","","","",""
"44575","ism_man_pricesMoMPercentChangeL0","BAA10YB_IndexMoMDifferenceL0",NA,"0",NA,"4.30247286198682","0.0296306054565631","-0.0496861294880205","0.000114262191512652","0.239671888553905","-0.442099759829588","0.125127513247648","0.000597328337741944","0.309694846058015","0.289391753295016",NA,"250.073867496653","256.819353222801","3.36820054125386e-06","70","No gap","1.11092199567445","0.0824015954709893","0.0350607781087104","0.96493922189129","0.153671501956639","0.0119601986374566","0.105115436984118","0.281222055642028","0.00357994001027282","0.0759450822624476","0.01","0.0929126220244251","","Fail","","0.798467999750246","","","","","","","","",""
"9121","IPCONGDMoMPercentChangeL1","BAA10YB_IndexMoMPercentChangeL0",NA,"0",NA,"-16.2836093146912","0.250112686768386","-8.85068018738569","1.5351501084495e-06","-0.118060812805567","-0.54113542606557","0.381032764282076","0.000748070358278188","0.309450790639037","0.28914051977548",NA,"250.098611423255","256.844097149403","3.408925422832e-06","70","No gap","1.00852094384499","0.0307135055651491","0.0162174456962089","0.983782554303791","0.0208273781777727","0.166898816347913","0.0233504223115193","0.216402128700656","0.167435195664647","0.0236231640122293","0.01","0.1","","","","0.927353362248754","","","","","","","","",""
"4119","CMRMTSPLMoMDifferenceL1","BAA10YB_IndexMoMPercentChangeL0",NA,"0",NA,"7.9040719714107e-06","0.25043779016703","-9.20502619915853","6.73308729286674e-07","0.116828885805538","-0.562800334976031","0.113510602463259","8.81661603506897e-06","0.309432230501932","0.289121413751989",NA,"250.100492812909","256.845978539057","3.41204198339717e-06","70","No gap","1.00815914510116","0.0131969502490828","0.00521508042148469","0.994784919578515","0.169070731883176","0.21273016289667","0.0127135996507934","0.0359207406381538","0.106495306275607","0.0186034552668535","0.01","0.1","","","","3.13901954183064","","","","","","","","",""
"8581","IPCONGDMoMDifferenceL1","BAA10YB_IndexMoMPercentChangeL0",NA,"0",NA,"-0.160826740355608","0.253326696913336","-8.84658871455999","1.56189937127171e-06","-0.117423485373281","-0.540885271179855","0.393841176415164","8.02725613706337e-05","0.3092685699493","0.288952939653691",NA,"250.117080441051","256.862566167199","3.43964332749636e-06","70","No gap","1.00903507145679","0.0301951563245809","0.015605605819405","0.984394394180595","0.0228698627324559","0.178266510167945","0.0237411513834636","0.20838706592681","0.179010141686493","0.0234916750765561","0.01","0.1","","","","0.926688484507061","","","","","","","","",""
"40725","AMBSLMoMPercentChangeL1","BAA10YB_IndexMoMPercentChangeL0",NA,"0",NA,"8.80999552832426","0.254293035765309","-8.63329649894157","3.49626623126276e-06","0.120103491637493","-0.527844468492211","0.319649169202083","0.000769331771035005","0.309214328382002","0.288897102746179",NA,"250.122577165932","256.86806289208","3.44883888714342e-06","70","No gap","1.04247980287256","0.012294438662099","0.00518243284271322","0.994817567157287","0.0868217604334013","0.0517221868604528","0.0236845802322509","0.121445740311618","0.107620970779149","0.0194146041013276","0.01","0.0733776385702375","","Fail","","0.955951837705839","","","","","","","","",""
"24345","UEMP5TO14MoMPercentChangeL1","BAA10YB_IndexMoMPercentChangeL0",NA,"0",NA,"4.46389102338788","0.257370840363845","-8.94222378077359","1.17088394543748e-06","0.116849936589667","-0.546732451419863","0.167185613820319","0.000762593756978391","0.309043218390978","0.28872096010836",NA,"250.139914259983","256.885399986131","3.47800375022356e-06","70","No gap","1.00210039854607","0.0231655463132312","0.0141250620295387","0.985874937970461","0.0547882400419486","0.365355478725627","0.0699775947909255","0.0977928753600799","0.558392391019481","0.0243116448525439","0.01","0.1","","","","0.980825561441319","","","","","","","","",""
"42773","WPSID62MoMPercentChangeL1","BAA10YB_IndexMoMPercentChangeL0",NA,"0",NA,"5.55259299600552","0.260791317446536","-8.93953655009644","1.18349791022055e-06","0.115775685658724","-0.546568152666927","0.186732383948438","0.000641968568062297","0.308855948884708","0.288528182675435",NA,"250.158883737764","256.904369463912","3.51019727840018e-06","70","No gap","1.0022631928337","0.0392679060698273","0.0204435653261134","0.979556434673887","0.1246111725708","0.457031854322419","0.0187617993229311","0.0612563921583864","0.298013615109093","0.0121637326879647","0.01","0.1","","","","0.948698237309744","","","","","","","","",""
"10985","IPNCONGDMoMPercentChangeL0","BAA10YB_IndexMoMPercentChangeL0",NA,"0",NA,"-17.8081143710117","0.264351435100926","-8.79174317762654","1.9144900993713e-06","-0.115555183984593","-0.537531985063092","0.333003595585329","0.000686981970178286","0.308664185650787","0.288330779346399",NA,"250.178303082372","256.92378880852","3.54346298614416e-06","70","No gap","1.0159686711997","0.0452618778198435","0.022826288991035","0.977173711008965","0.148455689198856","0.176248233781495","0.0515958936105241","0.0731660892625187","0.186427051665044","0.0318405892182254","0.01","0.1","","","","0.924070556426148","","","","","","","","",""
"42064","WPSFD49502MoMPercentChangeL0","BAA10YB_IndexMoMDifferenceL0",NA,"0",NA,"45.0298431498981","0.0318164556050586","-0.0524178910459038","3.44815928418698e-05","0.229812904125486","-0.466406566197814","0.0628745603663682","0.000526138832412234","0.308443767646291","0.288103878459417",NA,"250.200617565245","256.946103291393","3.58207756234741e-06","70","No gap","1.05248802654552","0.109574323605162","0.0645354148027663","0.935464585197234","0.0153840396958313","0.181001982757287","0.0323952060465188","0.106830361714447","0.0907318533215126","0.0401595196518859","0.01","0.1","","","","0.843056051808073","","","","","","","","",""
"43647","INVESTMoMDifferenceL0","BAA10YB_IndexMoMDifferenceL0",NA,"0",NA,"-0.0169263260028349","0.0319201181179146","-0.0581430734899235","3.57783006688998e-06","-0.189249261325459","-0.517348384559655","0.0971233416863001","0.000111238940202459","0.308386628552073","0.288045058803605",NA,"250.206401001472","256.95188672762","3.59215411416258e-06","70","No gap","1.00000563549479","0.0914511917067861","0.0438503272525586","0.956149672747441","0.091632708738186","0.46474859862105","0.0230645620164235","0.0820596476548839","0.272028412880437","0.0132757973452894","0.01","0.1","","","","1.01817838393004","","","","","","","","",""
"41201","REALLNMoMDifferenceL0","BAA10YB_IndexMoMPercentChangeL0",NA,"0",NA,"-0.0112845231122207","0.270318924024389","-8.93786988396088","1.1993246412373e-06","-0.0736058416417518","-0.546466251788093","0.213898571490077","7.68055552359748e-06","0.308349732876003","0.288007077960591",NA,"250.210135209838","256.955620935986","3.59867532584435e-06","70","No gap","1.00244209755351","0.0285990798241196","0.0101564270699318","0.989843572930068","0.0464977469842995","0.218845095287974","0.00770402338073609","0.0321639470947345","0.288487221551449","0.0133239207522546","0.01","0.1","","","","1.07257731819848","","","","","","","","",""
"4695","CMRMTSPLMoMPercentChangeL1","BAA10YB_IndexMoMPercentChangeL0",NA,"0",NA,"9.52668877542219","0.280585983605483","-9.19435250423403","7.07594555482113e-07","0.109663232678454","-0.562147739432143","0.178057195951706","0.000749739505067863","0.307828227052447","0.28747023373046",NA,"250.26289547571","257.008381201858","3.69208828021605e-06","70","No gap","1.00815365100655","0.0135157211248446","0.00534821823902356","0.994651781760976","0.171157863169661","0.220933163644116","0.013549703812916","0.0375071164139115","0.104400632937364","0.0186365320581493","0.01","0.1","","","","2.98850301075785","","","","","","","","",""
"12289","IPBUSEQMoMPercentChangeL1","BAA10YB_IndexMoMPercentChangeL0",NA,"0",NA,"-8.58804942762769","0.280650927133493","-8.64829635804658","3.49175136781844e-06","-0.113939954481121","-0.528761568079571","0.130251994788163","0.00182079152680799","0.30782500384021","0.287466915717863",NA,"250.263221441518","257.008707167666","3.69267288091724e-06","70","No gap","1.04386538587682","0.0240859176789093","0.012165096102946","0.987834903897054","0.0716541039384249","0.386160329077453","0.0237532658923071","0.0782068185649272","0.390043407872894","0.0181218462136309","0.01","0.1","","","","1.39994369385215","","","","","","","","",""
"11769","IPBUSEQMoMDifferenceL1","BAA10YB_IndexMoMPercentChangeL0",NA,"0",NA,"-0.0800898429832536","0.281506912251358","-8.64340738699092","3.57412382982286e-06","-0.113815891394044","-0.528462653716018","0.116448870485189","0.00102718540937738","0.307782606870949","0.287423271778918",NA,"250.267508936699","257.012994662848","3.70037087626951e-06","70","No gap","1.04515578339428","0.0239814124756912","0.0121321674488538","0.987867832551146","0.0721152108235509","0.397897175941819","0.0243152798790493","0.0783771521871346","0.377630419945585","0.018206004938939","0.01","0.1","","","","1.412442360332","","","","","","","","",""
"25161","UEMP15OVMoMPercentChangeL1","BAA10YB_IndexMoMPercentChangeL0",NA,"0",NA,"-4.72174381279222","0.285637987022308","-9.52970343724356","6.68052788248973e-07","-0.107342203711589","-0.582651278840813","0.112122700891386","0.000573069790956951","0.307580227207335","0.287214939772256",NA,"250.287971447605","257.033457173753","3.73733199054982e-06","70","No gap","1.07685592263498","0.0153167175689105","0.00726838743565518","0.992731612564345","0.0708697072215628","0.267749676945918","0.0110890724002317","0.0329118573704863","0.247939623031323","0.0220119840906056","0.01","0.0939879308606898","","Fail","","0.9183584853183","","","","","","","","",""
"41560","WPSFD49207MoMDifferenceL0","BAA10YB_IndexMoMDifferenceL0",NA,"0",NA,"0.302627693699777","0.0338058723643756","-0.0525969341434491","3.25316905414691e-05","0.226151680853358","-0.467999664940653","0.0695023696771534","0.000507839822048425","0.307378947971689","0.287007740559092",NA,"250.308316763558","257.053802489706","3.77444743038247e-06","70","No gap","1.05038751494831","0.111280509274358","0.0649275220286036","0.935072477971396","0.0124118312561807","0.143356176528198","0.0255762403011294","0.095641512962802","0.0818860927577058","0.0404396296768713","0.01","0.1","","","","0.82610094099307","","","","","","","","",""
"10457","IPNCONGDMoMDifferenceL0","BAA10YB_IndexMoMPercentChangeL0",NA,"0",NA,"-0.168263286436001","0.296995301326557","-8.80751518280409","1.89006664485671e-06","-0.10810291923693","-0.538496294083525","0.372891070224326","0.000169382938586856","0.307042207471461","0.286661095926504",NA,"250.342341294999","257.087827021147","3.83734298814442e-06","70","No gap","1.01592945891485","0.0425073427429018","0.0256172527991965","0.974382747200804","0.149496402993583","0.202812224164993","0.0517320002507959","0.0761742028780659","0.198880577873222","0.0310150501553855","0.01","0.1","","","","0.924840492275226","","","","","","","","",""
"41647","WPSFD49207MoMDifferenceL1","BAA10YB_IndexMoMPercentChangeL0",NA,"0",NA,"0.143554938286151","0.297382324536581","-9.03891812196894","9.43794285691758e-07","0.107068852905644","-0.552644396311449","0.347345934615935","0.000493910248063224","0.307024331425621","0.28664269411461",NA,"250.344147042885","257.089632769033","3.8407101118354e-06","70","No gap","1.00002663149319","0.0385665601117558","0.0190545283968246","0.980945471603175","0.0969300472041279","0.455287953023215","0.0132431614429447","0.0832509974089622","0.205061575238491","0.0123402539254774","0.01","0.1","","","","0.942640205710576","","","","","","","","",""
"31753","SRVPRDMoMPercentChangeL1","BAA10YB_IndexMoMDifferenceL0",NA,"0",NA,"-219.66128623714","0.0345748090372485","-0.058614545922589","3.13029380415539e-06","-0.104601365289874","-0.521543475853654","0.12444293419388","8.20252116492026e-05","0.306984402506451","0.286601590815465",NA,"250.34818029246","257.093666018608","3.84824146426599e-06","70","No gap","1.0002738311337","0.0520304597580233","0.0154416975640698","0.98455830243593","0.092826613323127","0.117466137296456","0.0727457359534142","0.13824877385239","0.234635912646459","0.032012767331043","0.01","0.1","","","","1.04597177769293","","","","","","","","",""
"45333","AAIIBULL_IndexMoMPercentChangeL1","BAA10YB_IndexMoMPercentChangeL0",NA,"0",NA,"-0.65371211659256","0.299040402372523","-8.99547917298685","1.04909262889744e-06","-0.106715779247807","-0.549988515218969","0.199873987440862","0.000453435999688303","0.306948078906973","0.286564198874825",NA,"250.351849164185","257.097334890333","3.85510523448485e-06","70","No gap","1.00038361424427","0.0267794275980173","0.0144094072417197","0.98559059275828","0.0747135556510582","0.359685260391144","0.0634708140633419","0.126957238765464","0.358462326191451","0.0234621884043959","0.01","0.1","","","","1.03320334392773","","","","","","","","",""
"41983","WPSFD49502MoMDifferenceL1","BAA10YB_IndexMoMPercentChangeL0",NA,"0",NA,"0.0999343906036129","0.300587787265073","-9.04693908227851","9.29098879521509e-07","0.106751654946297","-0.553134802210507","0.348680183471475","0.000583748017815296","0.306877398429425","0.286491439559702",NA,"250.358987707495","257.104473433643","3.86849521183397e-06","70","No gap","1.00009568523468","0.0400583502761338","0.0197382921685214","0.980261707831479","0.100142841816185","0.460842426398788","0.014760364058903","0.0847822618713315","0.210926974293922","0.0127995318752973","0.01","0.1","","","","0.946955125712826","","","","","","","","",""
"39367","M1SLMoMPercentChangeL0","BAA10YB_IndexMoMPercentChangeL0",NA,"0",NA,"-16.6165068034596","0.30196299075731","-9.10135993735271","8.33233627648105e-07","-0.0900179436673346","-0.556462123046187","0.276539997501385","0.000595187617178792","0.306814969003543","0.286427173974236",NA,"250.365292310762","257.11077803691","3.88035961318423e-06","70","No gap","1.00168273455377","0.0485516980396745","0.0220588188614156","0.977941181138584","0.0766128305791528","0.420206604800187","0.0192005173067772","0.120875844971517","0.146882997050868","0.0221521896670507","0.01","0.1","","","","1.06948125393284","","","","","","","","",""
"41817","WPSFD49207MoMPercentChangeL1","BAA10YB_IndexMoMPercentChangeL0",NA,"0",NA,"27.7116506048909","0.308229312257576","-9.03873424706575","9.51225195928895e-07","0.104698921585503","-0.552633154099328","0.368720722463694","0.000806709741764005","0.30653501222876","0.286138983176664",NA,"250.393557517175","257.139043243323","3.93399971565511e-06","70","No gap","1.00002672794982","0.0377157660614828","0.0185901687039676","0.981409831296032","0.0954010942830269","0.452406363296723","0.0131730122159398","0.081870332505114","0.207416372598879","0.0125934577962288","0.01","0.1","","","","0.941862891176602","","","","","","","","",""
"41730","WPSFD49207MoMPercentChangeL0","BAA10YB_IndexMoMDifferenceL0",NA,"0",NA,"59.0147409486008","0.0361324352018586","-0.0526656581713032","3.22910776454741e-05","0.223354895993795","-0.468611161076937","0.0733460536914754","0.000528932557635885","0.306211905042105","0.285806372837461",NA,"250.426165126783","257.171650852931","3.99680235241284e-06","70","No gap","1.05039011555311","0.107230142512126","0.06286890349876","0.93713109650124","0.0123321989786483","0.14215457236208","0.0243049997251486","0.0919540884370581","0.0827574603816525","0.0406679392577457","0.01","0.1","","","","0.820177386830414","","","","","","","","",""
"42149","WPSFD49502MoMPercentChangeL1","BAA10YB_IndexMoMPercentChangeL0",NA,"0",NA,"20.192327366244","0.317675082380267","-9.04633173044355","9.41060347455324e-07","0.103054995133493","-0.553097668387227","0.372196477803513","0.000769651316948451","0.306126501351642","0.28571845727375",NA,"250.434781432614","257.180267158762","4.01356427170985e-06","70","No gap","1.00009547440555","0.0386811779866111","0.0190055393086352","0.980994460691365","0.0983415467622372","0.456744970830337","0.0146991287433278","0.0828163451636037","0.213723393862133","0.0131547738945524","0.01","0.1","","","","0.945456519330913","","","","","","","","",""
"33047","USTRADEMoMPercentChangeL1","BAA10YB_IndexMoMPercentChangeL0",NA,"0",NA,"-68.5270351688317","0.318775345952179","-8.79253809414253","2.06069814761778e-06","-0.100119100885341","-0.537580586693527","0.387908478178417","0.000713435359296623","0.30607993571389","0.285670522058416",NA,"250.439478953529","257.184964679677","4.0227322878339e-06","70","No gap","1.01984454256026","0.0429769988154835","0.0213365740669851","0.978663425933015","0.00323040817902326","0.0100628624545638","0.0562333803673599","0.163956777854412","0.344703587196527","0.0225356532097477","0.01","0.1","","","","1.2226111180689","","","","","","","","",""
"42987","MZMSLMoMPercentChangeL0","BAA10YB_IndexMoMDifferenceL0",NA,"0",NA,"-70.0698247145878","0.0364392744309587","-0.0601645565882477","2.01386916382648e-06","-0.127282128208282","-0.535335239270972","0.132314172497666","0.000107891358211201","0.306063744106116","0.285653854226884",NA,"250.44111228189","257.186598008038","4.02592491199893e-06","70","No gap","1.00634361850694","0.0788709235315976","0.0228450111462743","0.977154988853726","0.0640388652586288","0.0346857359073885","0.0904320320921913","0.190827129340366","0.215667416090665","0.0291044787055565","0.01","0.1","","","","1.04707114471882","","","","","","","","",""
"30911","DMANEMPMoMPercentChangeL0","BAA10YB_IndexMoMPercentChangeL0",NA,"0",NA,"-68.3323319492584","0.320990625766075","-8.64945174387962","3.82929630350673e-06","-0.0963771747871931","-0.52883220900115","0.364228279274776","0.000504734575854004","0.305986808181775","0.285574655481239",NA,"250.448872672181","257.194358398329","4.04112859719863e-06","70","No gap","1.05145725773241","0.0244601424206978","0.00916395452408592","0.990836045475914","0.0708210078356833","0.325810291899334","0.0286910396626931","0.0959798998819018","0.334368913106901","0.0281685540481637","0.01","0.1","","","","1.10666714344196","","","","","","","","",""
"44849","USGG10YR_IndexMoMDifferenceL1","BAA10YB_IndexMoMPercentChangeL0",NA,"0",NA,"0.91443652425108","0.323395614523066","-9.43131189061785","7.08095902566354e-07","0.105046291198661","-0.576635565881211","0.352731782276199","0.000785966426615553","0.3058866448809","0.285471546200926",NA,"250.458974677778","257.204460403926","4.06100588212777e-06","70","No gap","1.05789088602108","0.055980627071578","0.0290493259927299","0.97095067400727","0.0381789639813195","0.286596861636727","0.0301111502650879","0.13378007765715","0.425802039972344","0.0134180933149896","0.01","0.1","","","","0.949976576036851","","","","","","","","",""
"31417","SRVPRDMoMDifferenceL1","BAA10YB_IndexMoMDifferenceL0",NA,"0",NA,"-0.00176681698455242","0.0371111323717199","-0.0585594170628815","3.2415027386682e-06","-0.102163142635959","-0.521052947493174","0.143447243306326","0.000206052197005943","0.305743732149349","0.285324430153742",NA,"250.473385669028","257.218871395176","4.08953111408206e-06","70","No gap","1.00021090542261","0.049913416268141","0.0149175276332606","0.985082472366739","0.101759604599235","0.161922000739605","0.0695756100322751","0.127395187047534","0.233743218993896","0.032152952824933","0.01","0.1","","","","1.06324373395328","","","","","","","","",""
"13813","IPDMATMoMDifferenceL1","BAA10YB_IndexMoMPercentChangeL0",NA,"0",NA,"-0.102811739034807","0.329046022556997","-9.21881953171563","7.28641236212645e-07","-0.101613394490243","-0.563643666870543","0.171213759732102","2.49109902380272e-05","0.305655085792185","0.285233176550779",NA,"250.482323073215","257.227808799364","4.10732245892387e-06","70","No gap","1.01312846692129","0.0272532742943451","0.0129050828176748","0.987094917182325","0.032931355884147","0.199060914623754","0.0275184969169751","0.132995111136261","0.18698341498522","0.0269203086623063","0.01","0.1","","","","1.05062867016502","","","","","","","","",""
"44917","USGG10YR_IndexMoMPercentChangeL1","BAA10YB_IndexMoMPercentChangeL0",NA,"0",NA,"1.94650947095587","0.329258709842023","-9.35228360999741","6.96349521906415e-07","0.102639236705181","-0.571803733592691","0.354964900633432","0.000929973898872452","0.305646471270868","0.285224308661187",NA,"250.483191536049","257.228677262197","4.10905539482975e-06","70","No gap","1.03825268908969","0.0510477987134343","0.0261974598145753","0.973802540185425","0.0407756148124961","0.304307876771172","0.0275217733389236","0.117031587582855","0.445062225962576","0.0160097831992566","0.01","0.1","","","","0.944709171962293","","","","","","","","",""
"37079","HOUSTNEMoMPercentChangeL1","BAA10YB_IndexMoMPercentChangeL0",NA,"0",NA,"0.477654327648453","0.330312206207048","-8.96996199264159","1.14681242209599e-06","0.0991538145009595","-0.548428380860278","0.396799329791777","0.000205012537987683","0.305603908487417","0.285180494031164",NA,"250.487482294871","257.232968021019","4.1176279366173e-06","70","No gap","1.00132459636579","0.027446695115036","0.0146803360108632","0.985319663989137","0.0279973388671693","0.182432396490926","0.0099670351684304","0.0354101515651295","0.290280981572429","0.0285604807052298","0.01","0.1","","","","0.943474872005098","","","","","","","","",""
"32727","USTRADEMoMDifferenceL1","BAA10YB_IndexMoMPercentChangeL0",NA,"0",NA,"-0.00427751092224342","0.330416257891607","-8.79932443145232","2.03922030324242e-06","-0.0978716755526975","-0.537995507067307","0.379147043296746","0.000340411303088775","0.305599714303555","0.285176176488953",NA,"250.487905096767","257.233390822915","4.11847362324913e-06","70","No gap","1.01964208678256","0.042043657148857","0.0209691622671125","0.979030837732887","0.00341075269136132","0.0102666105703179","0.0552847857929019","0.160220472199163","0.338880825609496","0.0223787337581957","0.01","0.1","","","","1.23517528326396","","","","","","","","",""
"30567","DMANEMPMoMDifferenceL0","BAA10YB_IndexMoMPercentChangeL0",NA,"0",NA,"-0.00860588748401014","0.331478305682233","-8.65691713777115","3.79509237126678e-06","-0.0943698318388579","-0.529288647265635","0.367713561065218","0.000475951416116252","0.305557003432664","0.285132209415978",NA,"250.492210493929","257.237696220077","4.12709515762444e-06","70","No gap","1.05163289862674","0.0242362299446352","0.00911067610887605","0.990889323891124","0.0719085515282303","0.329325921124541","0.0281909463825264","0.094533102516083","0.335054490905836","0.0276897874104587","0.01","0.1","","","","1.11114757779096","","","","","","","","",""
"45461","SPX_Index_30DRSIMoMPercentChangeL0","BAA10YB_IndexMoMPercentChangeL0",NA,"0",NA,"-1.25321323892922","0.338020722987679","-9.79118884694935","1.46288093138391e-06","-0.109008990873973","-0.598638639766219","0.312451698725101","0.00152969876666285","0.305297808844683","0.284865391457762",NA,"250.518332488274","257.263818214422","4.17979262334889e-06","70","No gap","1.22108002098566","0.0395890551397529","0.0202752749557512","0.979724725044249","0.0856307418414886","0.320932898220268","0.0526273285193675","0.117911473982463","0.326802723443204","0.0199146880734228","0.01","0.1","","","","0.997561065559242","","","","","","","","",""
"45013","USGG30YR_IndexMoMPercentChangeL0","BAA10YB_IndexMoMPercentChangeL0",NA,"0",NA,"3.19893836924011","0.341900981017547","-8.01038874713725","0.000143357456835725","0.116466895392616","-0.489759547951008","0.173572375256602","0.00296047167630519","0.305147193898818","0.284710346660548",NA,"250.533507197117","257.278992923265","4.21071390321881e-06","70","No gap","1.4027517880941","0.0221778120684697","0.0103094633079864","0.989690536692014","0.0945509681465724","0.315471647132384","0.0892333478519618","0.137309961458428","0.156424492782683","0.0275631254961064","0.01","0.1","","","","0.949833849301247","","","","","","","","",""
"31083","DMANEMPMoMPercentChangeL1","BAA10YB_IndexMoMPercentChangeL0",NA,"0",NA,"-63.9740502527779","0.342603293867485","-8.89391229565367","1.46148325462339e-06","-0.0902301743138969","-0.543778660803692","0.366092841449499","0.00047312736409988","0.305120175553884","0.284682533658411",NA,"250.536228992812","257.28171471896","4.21628421154452e-06","70","No gap","1.00718040105631","0.0260081655584822","0.0106143459199692","0.989385654080031","0.0568138262635467","0.251987492362315","0.031163532278345","0.13054443524917","0.385495277476292","0.0247379296399881","0.01","0.1","","","","1.18397898128182","","","","","","","","",""
"34127","USGOVTMoMPercentChangeL0","BAA10YB_IndexMoMPercentChangeL0",NA,"0",NA,"-112.774429549428","0.342970006037806","-9.38365390455228","7.27716944590151e-07","-0.0956165390339461","-0.573721730554546","0.240353967464974","0.00123688538743441","0.305106097199008","0.284668041234273",NA,"250.537647187475","257.283132913623","4.2191895464061e-06","70","No gap","1.04872832091256","0.026548226177127","0.012264909639692","0.987735090360308","0.123074248988194","0.301992759446969","0.0291521918604238","0.085935436621237","0.292627558138413","0.0168877177413334","0.01","0.1","","","","0.98276766805472","","","","","","","","",""
"33823","USGOVTMoMDifferenceL0","BAA10YB_IndexMoMPercentChangeL0",NA,"0",NA,"-0.00507526171020193","0.344323262185938","-9.38516148770267","7.30922733648296e-07","-0.0953915269757949","-0.573813905012682","0.241402887733257","0.000219187837472558","0.305054317594954","0.284614738700688",NA,"250.542863001334","257.288348727482","4.22989197235157e-06","70","No gap","1.04941902816489","0.0265553219774217","0.0122688548614949","0.987731145138505","0.123003388097882","0.305503956900304","0.0292563327945081","0.0858375263338406","0.291967425474532","0.0168840134638911","0.01","0.1","","","","0.984558177150579","","","","","","","","",""
"30739","DMANEMPMoMDifferenceL1","BAA10YB_IndexMoMPercentChangeL0",NA,"0",NA,"-0.00813807044835795","0.348261310181418","-8.89134374646682","1.48150978286938e-06","-0.0892398769018595","-0.543621618301967","0.350011167109157","0.000207287456152027","0.304905168007819","0.28446120236099",NA,"250.557884824125","257.303370550273","4.26086745808352e-06","70","No gap","1.00763010687575","0.0258134438286518","0.0105290535591108","0.989470946440889","0.058022249144937","0.256377764565948","0.0304745419768407","0.127904802262081","0.384674625747302","0.024668708585228","0.01","0.1","","","","1.19137990862032","","","","","","","","",""
"44949","USGG30YR_IndexMoMDifferenceL0","BAA10YB_IndexMoMPercentChangeL0",NA,"0",NA,"1.14374469274376","0.348539614503051","-7.94213960143242","0.000222366770776093","0.117526286537376","-0.485586757865086","0.212153392252467","0.0025230676964793","0.304894712892025","0.28445043974179",NA,"250.558937705786","257.304423431934","4.26304702161318e-06","70","No gap","1.47119232223892","0.0221851325833118","0.0105599757498842","0.989440024250116","0.0849209294036596","0.239236174058625","0.0873912917653795","0.137189514453489","0.166677996918139","0.0253496416337958","0.01","0.1","","","","0.953748067689788","","","","","","","","",""
"14317","IPDMATMoMPercentChangeL1","BAA10YB_IndexMoMPercentChangeL0",NA,"0",NA,"-10.9190436194221","0.349499829043815","-9.21667125276052","7.47789221494417e-07","-0.0974466785751621","-0.563512319920584","0.214060591396097","0.00125504698865397","0.304858726023223","0.284413394435671",NA,"250.56256163968","257.308047365828","4.27055742979743e-06","70","No gap","1.01395804811191","0.0275306610231762","0.013126820078666","0.986873179921334","0.0352454181368137","0.218695614918479","0.0273039257520691","0.127059951143207","0.186108668754973","0.0266148319585391","0.01","0.1","","","","1.06382414799925","","","","","","","","",""
"15059","IPNMATMoMPercentChangeL0","BAA10YB_IndexMoMDifferenceL0",NA,"0",NA,"-18.989900845867","0.0391768367676486","-0.0544799100559588","1.50947913702701e-05","-0.21690841268803","-0.484754103397891","0.0137718056882628","0.00104158465940471","0.304795691606005","0.284348506065005",NA,"250.568908851861","257.314394578009","4.28374358196759e-06","70","No gap","1.0234932799673","0.0119825519844078","0.00529327480833158","0.994706725191668","0.53700303338728","0.284496204420802","0.0611214542003925","0.041749533855585","0.0785561760563983","0.042221956167576","0.01","0.1","","","","0.875928958296665","","","","","","","","",""
"32885","USTRADEMoMPercentChangeL0","BAA10YB_IndexMoMDifferenceL0",NA,"0",NA,"-143.447958692782","0.0391801706228426","-0.057119277286951","5.35702298323869e-06","-0.2087478337841","-0.508238798844033","0.0631395669466699","0.000304937099072663","0.304794203257149","0.284346973941183",NA,"250.569058713286","257.314544439434","4.28405540631172e-06","70","No gap","1.00199056926596","0.0515356832232361","0.0182601138236811","0.981739886176319","0.0826262001341733","0.534809607154899","0.4695458430097","0.206631061275099","0.142998739434635","0.0375605046315109","0.01","0.1","","","","0.898933078509742","","","","","","","","",""
"16521","IPB51222SMoMDifferenceL0","BAA10YB_IndexMoMPercentChangeL0",NA,"0",NA,"0.0292667145893797","0.358597750039559","-8.96384293235208","1.18795496421595e-06","0.0950757700427648","-0.548054258168374","0.236692513337406","0.000312510402762007","0.304524227307834","0.28406905752277",NA,"250.596237209219","257.341722935367","4.34098408264028e-06","70","No gap","1.00180801865374","0.0124293830372219","0.00582041284647951","0.994179587153521","0.114201035725781","0.463694026057681","0.0107919485122381","0.0779913670839844","0.163838071298993","0.0139167855040515","0.01","0.1","","","","0.943130189519261","","","","","","","","",""
"45427","SPX_Index_14DRSIMoMPercentChangeL0","BAA10YB_IndexMoMPercentChangeL0",NA,"0",NA,"-0.601965646428183","0.359354006479133","-9.4799501560759","8.43459324418161e-07","-0.0977013732595721","-0.579609336025933","0.367986701352209","0.000356603174428172","0.304496939355576","0.284040966983681",NA,"250.598983701995","257.344469428143","4.34677886640422e-06","70","No gap","1.08437691695169","0.0371905006282524","0.0195686670339698","0.98043133296603","0.109502249112744","0.534706173773157","0.0502070211844401","0.0953162141941484","0.349829586689251","0.0197911113456105","0.01","0.1","","","","0.95410251186208","","","","","","","","",""
"32565","USTRADEMoMDifferenceL0","BAA10YB_IndexMoMDifferenceL0",NA,"0",NA,"-0.00912170041436565","0.0402231346342204","-0.0570273715842626","5.57333003596158e-06","-0.207956228481122","-0.507421035627132","0.0624142158978698","0.000311117093634536","0.30433484181474","0.283874101868115",NA,"250.61529636319","257.360782089338","4.38135647051752e-06","70","No gap","1.00236655975792","0.0498390992552437","0.0177613999582811","0.982238600041719","0.0867089772205139","0.555107110377227","0.458010800526494","0.200873835026568","0.144822158200602","0.0372483262915384","0.01","0.1","","","","0.901881606512086","","","","","","","","",""
"28243","USGOODMoMPercentChangeL1","BAA10YB_IndexMoMPercentChangeL0",NA,"0",NA,"-50.834033001469","0.364478117520832","-8.91927561036618","1.36736686247464e-06","-0.0770310890561049","-0.545329387733466","0.385824701561782","0.000594940793438445","0.304314081491394","0.283852730947023",NA,"250.617385300567","257.362871026715","4.38580416783907e-06","70","No gap","1.00519975331593","0.0303131015859118","0.0123158695608975","0.987684130439102","0.0765740236141671","0.517489424041717","0.0182976723399485","0.0803424625203367","0.362300851101281","0.0189432148108682","0.01","0.1","","","","1.22431739128507","","","","","","","","",""
"22665","UEMPMEANMoMPercentChangeL1","BAA10YB_IndexMoMPercentChangeL0",NA,"0",NA,"-4.1206901307423","0.366092386486381","-9.09815761586314","8.7571139264716e-07","-0.0916192228176413","-0.556266331359337","0.335440918069319","0.000808752232175078","0.30425720012743","0.283794176601766",NA,"250.623108476217","257.368594202365","4.39801291107766e-06","70","No gap","1.00199905615545","0.0260583500725439","0.0132547330132482","0.986745266986752","0.0894651632939425","0.390156869193942","0.0283198288700402","0.0671088915017007","0.182752455764678","0.0293815606355579","0.01","0.1","","","","0.927966715458035","","","","","","","","",""
"39143","M1SLMoMDifferenceL0","BAA10YB_IndexMoMPercentChangeL0",NA,"0",NA,"-0.00465609995922301","0.366210451501904","-9.06926771242719","9.23441318444335e-07","-0.079494385560316","-0.554499986866732","0.328701838232604","2.70991585553746e-05","0.304253053387473","0.283789907898869",NA,"250.62352568633","257.369011412478","4.39890423631351e-06","70","No gap","1.00066622522254","0.0427228843948122","0.0200123022695224","0.979987697730478","0.0787047465438846","0.349257197118522","0.0177550585551136","0.106202340470019","0.183335109333216","0.021630541844752","0.01","0.1","","","","1.10111142303347","","","","","","","","",""
"28057","USGOODMoMPercentChangeL0","BAA10YB_IndexMoMDifferenceL0",NA,"0",NA,"-118.185812418581","0.0405483744199787","-0.0534730644127118","2.35125528917639e-05","-0.179334117057343","-0.475795341231234","0.0340148897276911","0.000272607374543922","0.304194086243866","0.283729206427509",NA,"250.629458195504","257.374943921652","4.41159797825996e-06","70","No gap","1.03842958195949","0.0281776269844426","0.0100392032250837","0.989960796774916","0.238713297280214","0.260362570456181","0.0129299615658499","0.03669471566816","0.157961550708216","0.0601191700383367","0.01","0.1","","","","1.08479924589825","","","","","","","","",""
"29699","USCONSMoMPercentChangeL1","BAA10YB_IndexMoMPercentChangeL0",NA,"0",NA,"-24.1341220000442","0.376621837983898","-9.03883301559704","9.89777928208109e-07","-0.0744579501279417","-0.552639192861336","0.333943790688431","0.000832830361841209","0.303894450755283","0.283420758130438",NA,"250.659595866013","257.405081592161","4.47665123304297e-06","70","No gap","1.00003622341792","0.0316315213549331","0.012884021202771","0.987115978797229","0.0642903199975686","0.388939791067241","0.0119241133451448","0.0525818822865461","0.335989645310187","0.0137783839987015","0.01","0.1","","","","1.16841073916232","","","","","","","","",""
"24753","UEMP15OVMoMDifferenceL1","BAA10YB_IndexMoMPercentChangeL0",NA,"0",NA,"-0.00111976098315293","0.377998253240866","-9.43662235315452","8.51603971692607e-07","-0.0859355787333804","-0.576960250464378","0.390359843919393","1.96223437428467e-06","0.30384806803047","0.283373011207837",NA,"250.664259932512","257.40974565866","4.48680415121583e-06","70","No gap","1.07446147241771","0.0167032514289112","0.00741088514108565","0.992589114858914","0.0545225180306445","0.215179557802668","0.00737000757317074","0.0293663468544932","0.260609830824459","0.0213923716087004","0.01","0.0852240160668705","","Fail","","0.934225893653721","","","","","","","","",""
"44397","ism_man_pmiMoMPercentChangeL0","BAA10YB_IndexMoMPercentChangeL0",NA,"0",NA,"5.13087504103255","0.381477224002277","-8.69486221766712","3.56585098448757e-06","0.0928817223365611","-0.53160863019823","0.293936282005997","0.000984541687157201","0.303731873503983","0.283253399195276",NA,"250.675942638206","257.421428364354","4.51233670184514e-06","70","No gap","1.05122965271113","0.0212386745064767","0.0120738665003793","0.987926133499621","0.0657551794649915","0.16821517217023","0.00888880324043445","0.0810606267096432","0.147888393683416","0.0202292334739178","0.01","0.1","","","","0.922761109736069","","","","","","","","",""
"22233","UEMPMEANMoMDifferenceL1","BAA10YB_IndexMoMPercentChangeL0",NA,"0",NA,"-0.14586902784588","0.387374588780486","-9.07661162324455","9.21164729760076e-07","-0.0870745953225823","-0.554948997589637","0.458645522875294","3.98784161815394e-05","0.303538253001628","0.283054083972264",NA,"250.695405759534","257.440891485682","4.55519641773261e-06","70","No gap","1.00102393496527","0.0263861017586823","0.0134488438846557","0.986551156115344","0.0770716384576963","0.218180938770191","0.0239398589002072","0.0636219753317935","0.18275503823793","0.0303371843310281","0.01","0.1","","","","0.928129274978937","","","","","","","","",""
"35587","AWHMANMoMDifferenceL0","BAA10YB_IndexMoMPercentChangeL0",NA,"0",NA,"-0.874414118962743","0.387449744336652","-9.15084277191349","8.24671691630159e-07","-0.0897728278713473","-0.559487530607647","0.302098299551293","0.000572725167075038","0.303535812261283","0.283051571445439",NA,"250.695651073114","257.441136799262","4.55573921220864e-06","70","No gap","1.00685455152058","0.0285317152635273","0.0151019710202759","0.984898028979724","0.0854090654028625","0.275925898775346","0.0616784082302424","0.105885514008987","0.327019189895987","0.0226630585007167","0.01","0.1","","","","0.986199543364108","","","","","","","","",""
"35867","AWHMANMoMPercentChangeL0","BAA10YB_IndexMoMPercentChangeL0",NA,"0",NA,"-36.5376764239747","0.387613081219837","-9.1497365844106","8.2580905431049e-07","-0.0897335815557806","-0.559419897698875","0.295988837408416","0.000671304370619028","0.303530510055459","0.283046113292384",NA,"250.696183983494","257.441669709642","4.55691858236573e-06","70","No gap","1.00673441080513","0.0284958520827456","0.0150870029454261","0.984912997054574","0.0855451200070772","0.277438212652326","0.0614230498709767","0.105481567189012","0.328268316881489","0.0226562707681902","0.01","0.1","","","","0.98602548709516","","","","","","","","",""
"27875","USGOODMoMDifferenceL1","BAA10YB_IndexMoMPercentChangeL0",NA,"0",NA,"-0.00243959500128516","0.391187809516405","-8.91597395177577","1.4099216407546e-06","-0.0728082983798915","-0.545127522521954","0.391737129455582","0.00042855381533418","0.3034152513856","0.282927464661647",NA,"250.707767318421","257.453253044569","4.58262893565653e-06","70","No gap","1.00616472888931","0.0292888563038054","0.011817365301485","0.988182634698515","0.0757881379779546","0.513625737740635","0.0178677041453951","0.0778404305008544","0.355516787582245","0.0191828693026252","0.01","0.1","","","","1.24404165254715","","","","","","","","",""
"44301","ism_man_pmiMoMDifferenceL0","BAA10YB_IndexMoMPercentChangeL0",NA,"0",NA,"0.0906872296978468","0.391836034682328","-8.70633469532076","3.45059531854492e-06","0.0908449001140276","-0.53231006375494","0.350151666771952","7.15079587446237e-05","0.303394510244252","0.28290611348673",NA,"250.709851570599","257.455337296747","4.58727051400043e-06","70","No gap","1.04989935115441","0.0213789969074808","0.0120004231518087","0.987999576848191","0.0663460903517317","0.172348949600896","0.00896127916136333","0.0824415372632351","0.145429234772309","0.0201297634362629","0.01","0.1","","","","0.923467821461807","","","","","","","","",""
"16281","IPMANSICSMoMPercentChangeL1","BAA10YB_IndexMoMPercentChangeL0",NA,"0",NA,"-10.9871175342184","0.397830727549703","-8.57398850804531","7.22753661656315e-06","-0.0914108330266878","-0.524218345500163","0.238484799257839","0.00226519759963979","0.303204979672856","0.282711008486763",NA,"250.728894394229","257.474380120377","4.62989671190517e-06","70","No gap","1.10161054639927","0.0315580902200071","0.0186483501297898","0.98135164987021","0.0599172608135737","0.162789927227801","0.0227234142204923","0.0921966564262898","0.429368238831816","0.0208217239272966","0.01","0.1","","","","1.08193011046096","","","","","","","","",""
"28795","CES1021000001MoMPercentChangeL0","BAA10YB_IndexMoMPercentChangeL0",NA,"0",NA,"10.9341014525097","0.398458511683931","-9.10249196815447","8.86633701065336e-07","0.0865971749181032","-0.556531336028383","0.202421729184935","0.000862951167481187","0.303185366757313","0.282690818720764",NA,"250.730864679215","257.476350405363","4.6343296233875e-06","70","No gap","1.00258823937454","0.0261829417599778","0.0104470659892307","0.989552934010769","0.111556981081151","0.449104661317706","0.0159806827779097","0.0317883992522761","0.386957254073253","0.0154434480345735","0.01","0.1","","","","0.92903347265613","","","","","","","","",""
"33669","USFIREMoMPercentChangeL1","BAA10YB_IndexMoMDifferenceL0",NA,"0",NA,"-179.058750700557","0.0429718747870864","-0.0569863993643343","5.74815909392384e-06","-0.156319949495743","-0.50705647093319","0.0569217893629293","0.000415271553777477","0.303180340960749","0.282685645106654",NA,"250.731369554506","257.476855280654","4.6354662168735e-06","70","No gap","1.00260150760438","0.0422591357550195","0.013038631071595","0.986961368928405","0.252064380950204","0.621283825948131","0.0104123458451247","0.0527379443439285","0.16419441000048","0.0225808095301514","0.01","0.1","","","","1.01865986583964","","","","","","","","",""
"21581","UNRATEMoMPercentChangeL0","BAA10YB_IndexMoMPercentChangeL0",NA,"0",NA,"5.35665582175774","0.404833684190191","-9.26731489071956","7.96034454448398e-07","0.0826035141155707","-0.566608699636521","0.37809277009626","0.000800710849594405","0.302988673081316","0.282488339936649",NA,"250.750621173647","257.496106899796","4.67901476075561e-06","70","No gap","1.02840573137251","0.0318010869570046","0.0147328268608262","0.985267173139174","0.10239377587065","0.535567253307864","0.0263308534737359","0.105654814402584","0.281869152308338","0.0235165918396739","0.01","0.1","","","","0.927788959290625","","","","","","","","",""
"15797","IPMANSICSMoMDifferenceL1","BAA10YB_IndexMoMPercentChangeL0",NA,"0",NA,"-0.100006248626921","0.41355887247199","-8.58796522992274","7.08625660528936e-06","-0.0885343800216188","-0.525072889917994","0.211579137162521","5.01239311314345e-05","0.302726606857373","0.28221856588259",NA,"250.776935219306","257.522420945454","4.73920156085494e-06","70","No gap","1.10205604420664","0.0306108218621218","0.0179671307700081","0.982032869229992","0.0628290677278967","0.18003647746331","0.0222869861634314","0.0884134518313932","0.421358273058229","0.0207124059725488","0.01","0.1","","","","1.09013678356175","","","","","","","","",""
"17001","IPB51222SMoMPercentChangeL0","BAA10YB_IndexMoMPercentChangeL0",NA,"0",NA,"2.63077135794328","0.416582768541768","-8.98312460405741","1.16070240646205e-06","0.0840813169904964","-0.549233150119344","0.200834377565006","0.00116644199671024","0.302637653189282","0.282126995930144",NA,"250.785864800839","257.531350526987","4.75980118619379e-06","70","No gap","1.00115526420532","0.0131951111727616","0.00621150087954693","0.993788499120453","0.105131272294131","0.427843356174156","0.0128451400572547","0.0796378170339852","0.167684922239565","0.0152427994794608","0.01","0.1","","","","0.943463514809757","","","","","","","","",""
"45293","AAIIBULL_IndexMoMDifferenceL1","BAA10YB_IndexMoMPercentChangeL0",NA,"0",NA,"-0.0159044308375589","0.417368849231811","-8.97068223985801","1.20363524384467e-06","-0.0840705989515298","-0.548472417168909","0.313104296808222","1.34788030730848e-05","0.302614683882222","0.282103351055228",NA,"250.788170381321","257.533656107469","4.76513445135662e-06","70","No gap","1.00185892696742","0.0256298381866629","0.0140827945382531","0.985917205461747","0.0721505295765408","0.337292610202534","0.043753826597248","0.123472031958471","0.328444887700552","0.0235056642832847","0.01","0.1","","","","1.02465570129186","","","","","","","","",""
"18417","CUMFNSMoMDifferenceL0","BAA10YB_IndexMoMPercentChangeL0",NA,"0",NA,"-0.307463494604682","0.419424965360386","-9.03734548165563","1.01331768764066e-06","-0.0836233274738004","-0.552548244222799","0.492418652025737","6.8245889469708e-05","0.302554903432713","0.282041812357204",NA,"250.794170582392","257.53965630854","4.77904213624925e-06","70","No gap","1.00003023110973","0.0283927447469085","0.0145543044147272","0.985445695585273","0.145607669329927","0.531824969817827","0.0279612211721128","0.0855689757733926","0.169914032329761","0.0238897940478095","0.01","0.1","","","","0.932697071273658","","","","","","","","",""
"18881","CUMFNSMoMPercentChangeL0","BAA10YB_IndexMoMPercentChangeL0",NA,"0",NA,"-23.4236571817074","0.420048409871225","-9.03826424317541","1.01152285185678e-06","-0.083513791628209","-0.552604417804482","0.451002363505509","0.000600685731594096","0.302536862257868","0.28202324055957",NA,"250.795981285359","257.541467011507","4.78324707764433e-06","70","No gap","1.00003818177011","0.0283333835726136","0.0145318508921559","0.985468149107844","0.145239457416129","0.54499660840593","0.0279448294872655","0.0853585676065954","0.171591939030218","0.0238486750310574","0.01","0.1","","","","0.932673824201517","","","","","","","","",""
"44661","USGG2YR_IndexMoMDifferenceL0","BAA10YB_IndexMoMPercentChangeL0",NA,"0",NA,"-1.18325123027728","0.424435658860558","-9.50132591774137","1.18350788262342e-06","-0.0853746889941568","-0.580916261782081","0.416966994065363","0.00290095946917237","0.3024110131744","0.281893690032471",NA,"250.808610829032","257.55409655518","4.81267937002539e-06","70","No gap","1.12173305128409","0.0210736127920602","0.00915449365917611","0.990845506340824","0.0576009472001696","0.016880832923944","0.0210088258258921","0.130627703831753","0.26817000688601","0.0215230285971009","0.01","0.1","","","","1.08764387338776","","","","","","","","",""
"30395","MANEMPMoMPercentChangeL1","BAA10YB_IndexMoMPercentChangeL0",NA,"0",NA,"-62.8867922208456","0.425664887935363","-8.8260486109972","2.07450340654143e-06","-0.0743268741415601","-0.53962943801703","0.418314492296182","0.000462015992039976","0.302376097526752","0.281857747454009",NA,"250.812114373695","257.557600099843","4.82087618325355e-06","70","No gap","1.02286166483878","0.0287189520172299","0.0126927812325496","0.98730721876745","0.0774596006643635","0.429142008196015","0.0277630372107398","0.112647967111227","0.387298727380877","0.021660685759729","0.01","0.1","","","","1.14232249226226","","","","","","","","",""
"5831","INDPROMoMPercentChangeL1","BAA10YB_IndexMoMPercentChangeL0",NA,"0",NA,"-12.6028645991876","0.426887316613175","-9.08591055291337","9.24895073263477e-07","-0.0815138670092133","-0.555517539234093","0.418844466110951","0.00101495705671355","0.302341523330194","0.281822156369318",NA,"250.815583483311","257.561069209459","4.82900618836712e-06","70","No gap","1.00174015261525","0.0313212529527797","0.0163623950079641","0.983637604992036","0.031004269704702","0.124262147083643","0.0612036580797228","0.178691035179957","0.230132158261095","0.0274883247531631","0.01","0.1","","","","1.28545393907599","","","","","","","","",""
"21141","UNRATEMoMDifferenceL0","BAA10YB_IndexMoMPercentChangeL0",NA,"0",NA,"0.971456376693735","0.431452231246909","-9.25722845006321","8.30937366594616e-07","0.0768375769748039","-0.56599200913969","0.428537881884381","0.000733953170913701","0.302213706959826","0.281690580693939",NA,"250.828406844214","257.573892570362","4.85917746628761e-06","70","No gap","1.02918429157197","0.0341499512409216","0.0163328702716491","0.983667129728351","0.0963108135721037","0.546288266693054","0.0247272846931544","0.108067641508323","0.277647636055726","0.0239043010807703","0.01","0.1","","","","0.934179954150787","","","","","","","","",""
"26549","UEMP27OVMoMPercentChangeL0","BAA10YB_IndexMoMPercentChangeL0",NA,"0",NA,"2.52072906988124","0.432379999539575","-9.01176008768561","1.08275770382453e-06","0.0773512472325484","-0.550983939245792","0.385239925586998","0.000732579927452126","0.302187976911924","0.281664093879921",NA,"250.8309879642","257.576473690348","4.86527317344887e-06","70","No gap","1.0001851368251","0.0233664051175628","0.0108001180029346","0.989199881997065","0.076846448333438","0.372994271556309","0.0197548979485991","0.0561370236317255","0.229698546139262","0.0243453510802713","0.01","0.1","","","","0.958710114611767","","","","","","","","",""
"43059","MZMSLMoMPercentChangeL1","BAA10YB_IndexMoMDifferenceL0",NA,"0",NA,"-66.7226128612548","0.0457553667121743","-0.0608382801577789","1.81376010307085e-06","-0.119536701938423","-0.541329930975687","0.093281147145057","8.26162941913608e-05","0.302086048602598","0.281559167679145",NA,"250.841212007882","257.58669773403","4.8894940354316e-06","70","No gap","1.01252106156054","0.0595114328813522","0.019809518021161","0.980190481978839","0.192394749618766","0.261200240696102","0.0337746094267811","0.0551799870675796","0.280547193618348","0.0396780262089993","0.01","0.1","","","","0.894201007384604","","","","","","","","",""
"45445","SPX_Index_30DRSIMoMDifferenceL0","BAA10YB_IndexMoMPercentChangeL0",NA,"0",NA,"-0.0192296111608995","0.43645325459098","-9.6825212273733","2.34390752179088e-06","-0.0899338623010732","-0.591994642087642","0.437562679157451","8.44247379753187e-05","0.302075987063436","0.281548810212361",NA,"250.842221161895","257.587706888043","4.89189125985057e-06","70","No gap","1.24570239543835","0.0358883929163828","0.0186146638872546","0.981385336112745","0.0682116277786379","0.370568390159546","0.0454470293845304","0.108097620227863","0.322312604060428","0.0205862653196364","0.01","0.1","","","","1.00137677661008","","","","","","","","",""
"14563","IPNMATMoMDifferenceL0","BAA10YB_IndexMoMDifferenceL0",NA,"0",NA,"-0.194950278935988","0.0458448599737586","-0.0545270768589713","1.54978043041626e-05","-0.210470300977775","-0.48517378656699","0.0240362565164424","0.00106436638330582","0.30205201098547","0.281524128955631",NA,"250.844625860113","257.590111586261","4.89760830868491e-06","70","No gap","1.02438138910078","0.0120323052798188","0.00532978948767896","0.994670210512321","0.539532352742144","0.351103870780773","0.0604021675885178","0.0423071012604337","0.071815793937776","0.0423205117794396","0.01","0.1","","","","0.880561450874763","","","","","","","","",""
"30047","MANEMPMoMDifferenceL1","BAA10YB_IndexMoMPercentChangeL0",NA,"0",NA,"-0.00495848740957029","0.437452646612455","-8.82603265847101","2.10877544887347e-06","-0.07251622291647","-0.539628462670856","0.412390309443024","0.00025969492776909","0.302048750390762","0.281520772461079",NA,"250.844952877455","257.590438603603","4.8983862919183e-06","70","No gap","1.02406047330751","0.0283372147312655","0.0124789709393405","0.98752102906066","0.0782310400714787","0.436647405861025","0.0271567361300219","0.109700022156895","0.384377479494418","0.0217091486470587","0.01","0.1","","","","1.14941883169592","","","","","","","","",""
"5263","INDPROMoMDifferenceL1","BAA10YB_IndexMoMPercentChangeL0",NA,"0",NA,"-0.116266057442326","0.4387849114575","-9.08179937691266","9.36738201739894e-07","-0.0795208687347198","-0.555266179685484","0.401767932420144","1.32109140753202e-05","0.30201258793316","0.281483546401782",NA,"250.848579644307","257.594065370455","4.90702275901533e-06","70","No gap","1.00157329581691","0.0309093317683234","0.0161682064966033","0.983831793503397","0.0315533365109098","0.126837213264528","0.0598564888925942","0.174215757803949","0.232104122283342","0.0271091233429071","0.01","0.1","","","","1.28906399759195","","","","","","","","",""
"27505","PAYEMSMoMPercentChangeL1","BAA10YB_IndexMoMDifferenceL0",NA,"0",NA,"-200.781657704606","0.0460378059811243","-0.0581729902228142","3.8694770157855e-06","-0.101319189775153","-0.517614579181014","0.141995621231784","0.000133061032425786","0.301978858395016","0.281448824818399",NA,"250.85196224202","257.597447968168","4.91509150635228e-06","70","No gap","1.00000162591164","0.0499135445799177","0.0155520745536894","0.984447925446311","0.130017665401205","0.258356731801685","0.0419373171951941","0.109287216430294","0.223983437369111","0.0309782670970271","0.01","0.1","","","","1.09304799184761","","","","","","","","",""
"29339","USCONSMoMDifferenceL1","BAA10YB_IndexMoMPercentChangeL0",NA,"0",NA,"-0.00319808395960297","0.442841650761777","-9.02178097809557","1.0608470797903e-06","-0.0646250476736813","-0.551596621964717","0.383495909396927","0.000647811214261132","0.301903492387918","0.281371242164033",NA,"250.859519800661","257.605005526809","4.93316704974767e-06","70","No gap","1.00003846927354","0.0291974089627931","0.0118071013839034","0.988192898616097","0.0601822950146513","0.379646464367992","0.0127898073943418","0.0533344448218893","0.319438636691717","0.0150845801070235","0.01","0.1","","","","1.20523404030856","","","","","","","","",""
"45073","VIX_IndexMoMDifferenceL0","BAA10YB_IndexMoMPercentChangeL0",NA,"0",NA,"0.035093692203581","0.449289166050601","-9.57448724216703","1.72915883001984e-06","0.0851744400548079","-0.585389385160895","0.436223624826104","0.000123725961684083","0.301733208561256","0.281195949989528",NA,"250.876592532283","257.622078258431","4.97424527223789e-06","70","No gap","1.18095786817436","0.0185136776095588","0.0100747109147299","0.98992528908527","0.0967987959071319","0.564193092397682","0.0226943786344887","0.0638519290579238","0.310294575804132","0.018687782070502","0.01","0.1","","","","0.991472284245349","","","","","","","","",""
"37961","HOUSTSMoMPercentChangeL0","BAA10YB_IndexMoMDifferenceL0",NA,"0",NA,"-2.94601325612296","0.046757504097472","-0.0569933067611628","5.85165514380915e-06","-0.207872106892867","-0.507117931918587","0.00503427242413997","0.000587425748304297","0.301708751306284","0.281170773403528",NA,"250.87904428552","257.624530011668","4.98017238859116e-06","70","No gap","1.0026619032765","0.015448018794453","0.00859389309235473","0.991406106907645","0.345892856261203","0.806125613140484","0.0073083479698161","0.0034565919125451","0.0667012877700127","0.0391139396226777","0.01","0.1","","","","0.827508541484483","","","","","","","","",""
"42843","MZMSLMoMDifferenceL0","BAA10YB_IndexMoMDifferenceL0",NA,"0",NA,"-0.00493032323876101","0.0468840575294674","-0.0598722836774258","2.33313120632213e-06","-0.118754897969761","-0.532734638559858","0.13257305788677","7.78083715885226e-05","0.301661697697343","0.281122335864912",NA,"250.883761001739","257.629246727887","4.99159492561851e-06","70","No gap","1.00507468549471","0.0709391753280319","0.0216239832118812","0.978376016788119","0.0816726782948323","0.115591433890341","0.0803595649000655","0.158307580299069","0.229147299588444","0.0286281802940514","0.01","0.1","","","","1.09552916416068","","","","","","","","",""
"41477","REALLNMoMPercentChangeL1","BAA10YB_IndexMoMPercentChangeL0",NA,"0",NA,"-29.7753875828793","0.459146309666959","-8.94390045064927","1.34039969564212e-06","-0.0504549307540673","-0.546834963932838","0.386484082439881","0.000908562878724314","0.301480042180832","0.280935337539092",NA,"250.901967410492","257.647453136641","5.03593191225615e-06","70","No gap","1.00470510816458","0.0240397162653588","0.00828171817473858","0.991718281825261","0.0959003705695577","0.00949668850025238","0.0105195400405797","0.0276365897872063","0.387002113647611","0.0143443210963817","0.01","0.1","","","","0.963120903568721","","","","","","","","",""
"41293","REALLNMoMDifferenceL1","BAA10YB_IndexMoMPercentChangeL0",NA,"0",NA,"-0.0075889246636497","0.45987130167057","-8.95299148031205","1.30059505245811e-06","-0.0496458539443663","-0.547390794457248","0.491020599224051","6.99693418479867e-05","0.301461756263124","0.280916513800275",NA,"250.903799852746","257.649285578894","5.04041610538408e-06","70","No gap","1.00377438045306","0.0236994314799562","0.00811824527287575","0.991881754727124","0.0876260436505915","0.0152344683153561","0.0108848422862625","0.0285462717423804","0.386928952883099","0.0151887300891691","0.01","0.1","","","","0.969202776809047","","","","","","","","",""
"42695","WPSID62MoMPercentChangeL0","BAA10YB_IndexMoMDifferenceL0",NA,"0",NA,"10.0280995897641","0.0474707244575205","-0.0542305724165482","1.7782409199904e-05","0.210217108318704","-0.482535534319645","0.0756560315498357","0.0014502620775956","0.301445264688884","0.280899537179734",NA,"250.905452441678","257.650938167826","5.04446360127808e-06","70","No gap","1.02888600727091","0.0883694597270745","0.0528460317074812","0.947153968292519","0.0955486018325533","0.463304437793021","0.0703164062012434","0.140666851067287","0.112048665657013","0.0421529096359737","0.01","0.1","","","","1.38549562199948","","","","","","","","",""
"27689","USGOODMoMDifferenceL0","BAA10YB_IndexMoMDifferenceL0",NA,"0",NA,"-0.0058022063154475","0.0474788554667134","-0.0537023443192913","2.23906573337167e-05","-0.173387108585515","-0.477835439598264","0.0584263240112141","0.000825548912207211","0.301442284387474","0.2808964692224",NA,"250.905751087787","257.651236813935","5.04519538746528e-06","70","No gap","1.03708160184918","0.026846848368724","0.00951171020067751","0.990488289799322","0.24523553839084","0.259794830361506","0.0123373916424279","0.0350783594205073","0.158884655169837","0.0590942414013831","0.01","0.1","","","","1.10601662174218","","","","","","","","",""
"28427","CES1021000001MoMDifferenceL0","BAA10YB_IndexMoMPercentChangeL0",NA,"0",NA,"0.0129224832673604","0.466774598379485","-9.0605813692035","9.84760886391854e-07","0.0744577211522006","-0.553968899092483","0.43284030958201","0.000101967291068461","0.301289882977894","0.28073958541842",NA,"250.92102102883","257.666506754978","5.08275384658585e-06","70","No gap","1.00062311847896","0.0261397870056155","0.0103802192620888","0.989619780737911","0.112164658641996","0.520441018022855","0.0148552229404491","0.031587694685745","0.386470381782576","0.0153373568214006","0.01","0.1","","","","0.938376136423119","","","","","","","","",""
"33357","USFIREMoMDifferenceL1","BAA10YB_IndexMoMDifferenceL0",NA,"0",NA,"-0.0213561019520249","0.0479283796457282","-0.0569981097308218","5.87627189199825e-06","-0.152335571640241","-0.507160668025315","0.0583242605746958","0.0003428632363592","0.301278330681301","0.280727693348398",NA,"250.922178381582","257.66766410773","5.08561188317103e-06","70","No gap","1.00266806919857","0.0404291675191598","0.0125826406493877","0.987417359350612","0.2508012272834","0.633970104626888","0.010040686171953","0.0500602899223938","0.162717916947257","0.0232900658164797","0.01","0.1","","","","1.03238597934362","","","","","","","","",""
"43827","INVESTMoMPercentChangeL1","BAA10YB_IndexMoMDifferenceL0",NA,"0",NA,"-48.2425723673492","0.048917512479742","-0.0585522512618631","3.47380956286655e-06","-0.175933607485701","-0.520989187265885","0.0136549340583169","0.000262754024144307","0.300923077455967","0.280361991498789",NA,"250.957759654096","257.703245380244","5.17426699497836e-06","70","No gap","1.000226126002","0.0360883236361104","0.0153453922896034","0.984654607710397","0.190279250760719","0.391474922166442","0.00672622884233986","0.0103646395073105","0.129635252426423","0.0151283767298635","0.01","0.1","","","","0.828449608925673","","","","","","","","",""
"9923","IPDCONGDMoMPercentChangeL0","BAA10YB_IndexMoMDifferenceL0",NA,"0",NA,"-13.2654051669268","0.0489479679450348","-0.053299444618543","2.70578729409965e-05","-0.209349295337708","-0.474250498231897","0.0150990621946296","0.00135921195907012","0.300912257018678","0.280350852813345",NA,"250.958843118196","257.704328844344","5.17699069024768e-06","70","No gap","1.04458243013196","0.012374585350013","0.00565370791799899","0.994346292082001","0.497226655313449","0.480160250129903","0.0552124434779971","0.0245506720073351","0.0571695448568955","0.025283155280365","0.01","0.1","","","","0.887545510429648","","","","","","","","",""
"37207","HOUSTMWMoMDifferenceL0","BAA10YB_IndexMoMPercentChangeL0",NA,"0",NA,"-0.00299679104663399","0.484018894138533","-9.18688465397688","8.83693807321537e-07","-0.0731581301457676","-0.561691150984121","0.434230694486751","0.000144379188967118","0.300877729896859","0.280315310187943",NA,"250.962300250537","257.707785976685","5.18569108476363e-06","70","No gap","1.01757380940708","0.0199696730839006","0.0101668878877644","0.989833112112236","0.129373948472483","0.619038704348557","0.0226731034887155","0.0602640869469928","0.23358919556183","0.0180596391630241","0.01","0.1","","","","0.938136923651248","","","","","","","","",""
"45469","SPX_Index_30DRSIMoMPercentChangeL1","BAA10YB_IndexMoMPercentChangeL0",NA,"0",NA,"-0.83001694714474","0.485504606852335","-9.11276122506932","9.19323930500228e-07","-0.072257856866041","-0.557159204011221","0.388150797213987","0.00060538234411875","0.300843331776346","0.280279900358003",NA,"250.965744296457","257.711230022605","5.19437308410531e-06","70","No gap","1.00493309446207","0.0292387853414425","0.0178464522885025","0.982153547711498","0.0765839929764258","0.4442883764832","0.0331972468410646","0.101909339126979","0.341877331428615","0.0182335494108819","0.01","0.1","","","","1.00068799582479","","","","","","","","",""
"27123","PAYEMSMoMDifferenceL1","BAA10YB_IndexMoMDifferenceL0",NA,"0",NA,"-0.00138492767460129","0.050019349131297","-0.058105982029446","4.0345909191669e-06","-0.0987838286378698","-0.517018350283735","0.172025299809782","0.000326928779697005","0.300535963086242","0.279963491412308",NA,"250.996511478116","257.741997204264","5.27258102200889e-06","70","No gap","1.0000176061591","0.047484186045335","0.0148495977663852","0.985150402233615","0.140166866573454","0.334950381405642","0.0409162394961577","0.100227792653275","0.221954389045234","0.0312764032454589","0.01","0.1","","","","1.1159879357205","","","","","","","","",""
"20921","CE16OVMoMPercentChangeL1","BAA10YB_IndexMoMPercentChangeL0",NA,"0",NA,"-48.1463848171346","0.501448039755296","-8.92403263064856","1.48157586016929e-06","-0.060088312640507","-0.545620234554592","0.542849293883111","0.000408502503160875","0.300484838302035","0.279910862957978",NA,"251.001627686991","257.747113413139","5.28569976221416e-06","70","No gap","1.00864295413567","0.0305620273298742","0.0135118900260717","0.986488109973928","0.0952646093142072","0.402600864460479","0.0135729704259276","0.0568448846778797","0.110419609019","0.0217181447875109","0.01","0.1","","","","1.04377454296964","","","","","","","","",""
"35015","AWOTMANMoMDifferenceL0","BAA10YB_IndexMoMPercentChangeL0",NA,"0",NA,"-0.873832744882761","0.504150923139307","-9.18109445539845","9.0459114557353e-07","-0.0698516653870397","-0.561337135077049","0.412740249927599","0.000573160658579204","0.300425946736206","0.279850239287271",NA,"251.007520677326","257.753006403474","5.30085074434972e-06","70","No gap","1.01788929257559","0.0341070495947164","0.0209243318827083","0.979075668117292","0.0999071479809835","0.355551408283198","0.0264680995604843","0.1054772470006","0.341202773812197","0.0247415166463575","0.01","0.1","","","","0.94738692117685","","","","","","","","",""
"20473","CE16OVMoMDifferenceL1","BAA10YB_IndexMoMPercentChangeL0",NA,"0",NA,"-0.000317794242198231","0.506303153258997","-8.91916117186757","1.5161766812727e-06","-0.0594425750414416","-0.545322390901087","0.508803072664286","7.22006715696295e-05","0.300379434113624","0.279802358646377",NA,"251.012174616867","257.757660343015","5.31284679095023e-06","70","No gap","1.00967420383811","0.0303114014512287","0.0134226851404495","0.98657731485955","0.0944313475951929","0.410775123963541","0.0135312141630255","0.0564241117671643","0.114892961101622","0.0217756109294399","0.01","0.1","","","","1.05256546968487","","","","","","","","",""
"18647","CUMFNSMoMDifferenceL1","BAA10YB_IndexMoMDifferenceL0",NA,"0",NA,"-0.756804515118884","0.0507899185395574","-0.0560006716496361","8.7081414534446e-06","-0.205961063130709","-0.49828561294091","0.0395513386211934","0.000901857472044138","0.300270426983384","0.279690145424072",NA,"251.023080392227","257.768566118375","5.34106409211255e-06","70","No gap","1.00913480956594","0.0257234895394684","0.0116236737164249","0.988376326283575","0.0341162826406819","0.21132091378956","0.055760248088557","0.186730907791991","0.110253880982694","0.0449597600102204","0.01","0.1","","","","1.03642010447205","","","","","","","","",""
"35303","AWOTMANMoMPercentChangeL0","BAA10YB_IndexMoMPercentChangeL0",NA,"0",NA,"-3.75846909432111","0.511625069074405","-9.17235169523068","9.11456948222438e-07","-0.0685797816364628","-0.560802597939992","0.422430364727552","0.000631608519052446","0.300265853965765","0.279685437905935",NA,"251.023537869229","257.769023595377","5.34225102499786e-06","70","No gap","1.01644864883702","0.0339956123929209","0.0208579276165429","0.979142072383457","0.0992666566581702","0.348785480011758","0.0261241810026355","0.103523842376098","0.347736431688313","0.0247576190664258","0.01","0.1","","","","0.947518286949604","","","","","","","","",""
"45453","SPX_Index_30DRSIMoMDifferenceL1","BAA10YB_IndexMoMPercentChangeL0",NA,"0",NA,"-0.0146195129066723","0.511748433783764","-9.12855002917811","9.22340983337281e-07","-0.0682778693969232","-0.558124540127495","0.50517709663997","9.22864544285782e-06","0.300263245122801","0.279682752332296",NA,"251.023798852158","257.769284578306","5.34292826848137e-06","70","No gap","1.00789619829148","0.0270883603263397","0.015662657796778","0.984337342203222","0.0809370314656211","0.441527136328394","0.0312465888889026","0.102960936813021","0.320482084298358","0.0186027363045637","0.01","0.1","","","","0.987601774764263","","","","","","","","",""
"45437","SPX_Index_14DRSIMoMPercentChangeL1","BAA10YB_IndexMoMPercentChangeL0",NA,"0",NA,"-0.41618939192552","0.511884528032762","-9.02549395113619","1.07761660920342e-06","-0.0673826957315761","-0.551823635166615","0.459401592896834","0.000314049589176234","0.300260368336843","0.279679790934985",NA,"251.024086638389","257.769572364537","5.34367516524803e-06","70","No gap","1.00001528060044","0.0333255890835466","0.0194968581905919","0.980503141809408","0.0760973451559488","0.456730533978105","0.0286982150634158","0.0963323947374043","0.356015076398975","0.0193656210059082","0.01","0.1","","","","0.979947330012732","","","","","","","","",""
"24549","UEMP15OVMoMDifferenceL0","BAA10YB_IndexMoMPercentChangeL0",NA,"0",NA,"0.000783689364829281","0.519470257159503","-9.02710656153945","1.07604435492495e-06","0.0604794169673919","-0.551922231048419","0.500112331524288","1.55539535137376e-05","0.300102081140003","0.279516848232356",NA,"251.039919457138","257.785405183286","5.38492765345122e-06","70","No gap","1.00000625798794","0.0244150009164709","0.0119221916579317","0.988077808342068","0.0787713038597507","0.35182888387937","0.0207962113441335","0.106492753160184","0.198658435184947","0.0230628106226356","0.01","0.1","","","","0.944399613296884","","","","","","","","",""
"30219","MANEMPMoMPercentChangeL0","BAA10YB_IndexMoMDifferenceL0",NA,"0",NA,"-161.988694225956","0.0515740092717632","-0.0507170387715016","9.12647926013691e-05","-0.191252778505549","-0.451272636673274","0.0384983970773574","0.000322732117923688","0.300004466715812","0.279416362795688",NA,"251.04968164253","257.795167368678","5.4105216342748e-06","70","No gap","1.10623891706291","0.0181492866440772","0.00577924652336176","0.994220753476638","0.23480159671847","0.20058484262973","0.0358341136914408","0.0557108615922243","0.13342954249547","0.065101961008516","0.01","0.1","","","","1.10979253858369","","","","","","","","",""
"44981","USGG30YR_IndexMoMDifferenceL1","BAA10YB_IndexMoMPercentChangeL0",NA,"0",NA,"0.652774997168942","0.524517081640981","-9.28172088464249","1.05062527172965e-06","0.0676990512333318","-0.567489489981934","0.584771961401616","0.00117956746023304","0.299998983699769","0.279410718514469",NA,"251.050229945485","257.795715671634","5.41196274861377e-06","70","No gap","1.05463658711794","0.0433704479169831","0.0213425582930043","0.978657441706996","0.064443333191308","0.375324203343777","0.0264085588930764","0.105833882736803","0.399217479997767","0.0170862575654609","0.01","0.1","","","","0.94215506293393","","","","","","","","",""
"45205","MOVE_IndexMoMDifferenceL1","BAA10YB_IndexMoMPercentChangeL0",NA,"0",NA,"0.0116663888111629","0.52532995154589","-9.14842017044896","9.24975876774098e-07","0.0662066884101975","-0.559339411429467","0.55917911534135","0.000241425453155665","0.29998254104821","0.279393792255511",NA,"251.051874188943","257.797359915091","5.41628664452176e-06","70","No gap","1.0121572339979","0.0225874406572194","0.012261013711137","0.987738986288863","0.0697478803759498","0.356357530567658","0.0443295507013022","0.0825473642413324","0.361079570726649","0.021072824277079","0.01","0.1","","","","0.940560608642881","","","","","","","","",""
"19111","CUMFNSMoMPercentChangeL1","BAA10YB_IndexMoMDifferenceL0",NA,"0",NA,"-57.4633096546147","0.0519053288452641","-0.0560151958901201","8.70694458845102e-06","-0.205002397935686","-0.49841484746362","0.0405749463172996","0.000904491332185997","0.29989333728423","0.279301964851414",NA,"251.060793774557","257.806279500706","5.4398029069036e-06","70","No gap","1.00909905124036","0.0255909622988487","0.0115710927778629","0.988428907222137","0.0338220535235256","0.211749167823165","0.0542565404485168","0.182513651373914","0.111926983291778","0.0446580246332523","0.01","0.1","","","","1.04072710131457","","","","","","","","",""
"24957","UEMP15OVMoMPercentChangeL0","BAA10YB_IndexMoMPercentChangeL0",NA,"0",NA,"2.61876804529567","0.530070491613905","-8.99218481366147","1.18522659866771e-06","0.0606976943031778","-0.549787096288513","0.417431791890227","0.000813488320173455","0.299887539307706","0.279295996346168",NA,"251.061373481476","257.806859207624","5.44133481839015e-06","70","No gap","1.00125388278803","0.022888861653573","0.0119087554691066","0.988091244530893","0.10739209116238","0.448077035174222","0.0189387712323163","0.0898776442706386","0.219031762501985","0.0225327775692458","0.01","0.1","","","","0.944113016262422","","","","","","","","",""
"45407","SPX_Index_14DRSIMoMDifferenceL0","BAA10YB_IndexMoMPercentChangeL0",NA,"0",NA,"-0.0081026039563483","0.53950858723988","-9.38732773930162","1.5301343367282e-06","-0.0672447881255595","-0.573946350819914","0.553041747403798","3.15134968763203e-05","0.299702845995305","0.279105870877519",NA,"251.079837410611","257.825323136759","5.49035324026725e-06","70","No gap","1.11837699647545","0.0304835735386629","0.0164615200566191","0.983538479943381","0.0969563733409642","0.557592942285669","0.0370591750644112","0.0816122994891444","0.334102926318788","0.02115094889856","0.01","0.1","","","","0.960830987809899","","","","","","","","",""
"44445","ism_man_pmiMoMPercentChangeL1","BAA10YB_IndexMoMPercentChangeL0",NA,"0",NA,"-3.54231187502916","0.540317721189915","-9.20381017184321","9.64912648030542e-07","-0.0642426908556143","-0.562725986401068","0.389936145250675","0.000819889959064707","0.299687283386107","0.279089850544522",NA,"251.081392993885","257.826878720033","5.49450314868416e-06","70","No gap","1.02814727551213","0.0221924047565881","0.00999335683169392","0.990006643168306","0.0886793755803968","0.397698284692261","0.0119722931843422","0.0832488050098531","0.280598337168037","0.0224189738525908","0.01","0.1","","","","0.965750973599884","","","","","","","","",""
"14813","IPNMATMoMDifferenceL1","BAA10YB_IndexMoMPercentChangeL0",NA,"0",NA,"0.0601646687489833","0.544853951720739","-9.33100223681802","1.28628169489899e-06","0.0649542106256395","-0.570502578800193","0.187209685151871","0.00011237625652271","0.299600816108862","0.279000840112064",NA,"251.090035326991","257.835521053139","5.51761592648692e-06","70","No gap","1.08626060910976","0.0111127161405465","0.0063272301125183","0.993672769887482","0.125826160055859","0.323167544292625","0.0120244493830557","0.0509052421198903","0.192286946279106","0.0181772433455249","0.01","0.1","","","","0.941371298817624","","","","","","","","",""
"43997","ism_man_emplMoMPercentChangeL0","BAA10YB_IndexMoMPercentChangeL0",NA,"0",NA,"-2.07624780771777","0.547855382094834","-9.06885061583372","1.00052097536035e-06","-0.062311534552079","-0.554474485352945","0.399550692300841","0.00102725158746055","0.299544326847112","0.278942689401439",NA,"251.095680805971","257.841166532119","5.53276648740386e-06","70","No gap","1.00146944034092","0.0177099449165411","0.00830730661753998","0.99169269338246","0.117576070281684","0.411304342976224","0.028058494075049","0.0772263113555887","0.221269431623537","0.0186109339003765","0.01","0.1","","","","1.01597497714563","","","","","","","","",""
"36947","HOUSTNEMoMPercentChangeL0","BAA10YB_IndexMoMPercentChangeL0",NA,"0",NA,"-0.29569998646611","0.550243782336389","-9.0732811838975","9.94887543255321e-07","-0.0611306182672959","-0.554745372706928","0.50456050269353","0.000438791767180702","0.299499782182552","0.278896834599686",NA,"251.100132233086","257.845617959234","5.54474194358612e-06","70","No gap","1.00184398453691","0.0202987135088966","0.009970096022472","0.990029903977528","0.0662948355683394","0.459342988668059","0.00701113556725539","0.0396862648870853","0.19382693302444","0.0206331689073045","0.01","0.1","","","","0.939507168850251","","","","","","","","",""
"43885","ism_man_emplMoMDifferenceL0","BAA10YB_IndexMoMPercentChangeL0",NA,"0",NA,"-0.0381256925841833","0.552965361022795","-9.06633519211455","1.00619530980453e-06","-0.0615544953220519","-0.554320690971362","0.425024269544874","0.000177029108490579","0.299449459551553","0.278845031891304",NA,"251.105160722098","257.850646448246","5.55830102255683e-06","70","No gap","1.00131937939415","0.0179735945701446","0.0084610355033589","0.991538964496641","0.117461858750997","0.401257595741084","0.0291445306250897","0.0781166711090486","0.223654780250879","0.0186885533262036","0.01","0.1","","","","1.02478204556377","","","","","","","","",""
"45045","USGG30YR_IndexMoMPercentChangeL1","BAA10YB_IndexMoMPercentChangeL0",NA,"0",NA,"1.71892893912481","0.553273384991743","-9.25106952706295","1.06849519900107e-06","0.0629447240237407","-0.565615449219854","0.60004882542123","0.00142882115791122","0.299443793208065","0.278839198890655",NA,"251.105726908857","257.851212635005","5.55982979333347e-06","70","No gap","1.04854667465189","0.041542029000967","0.020268789694506","0.979731210305494","0.0626324334712538","0.375388414351849","0.0260076652659981","0.100472062380688","0.383449577215167","0.0185642985654579","0.01","0.1","","","","0.941306999516528","","","","","","","","",""
"44349","ism_man_pmiMoMDifferenceL1","BAA10YB_IndexMoMPercentChangeL0",NA,"0",NA,"-0.060983969333877","0.560495464254568","-9.18375943781753","9.77339595970863e-07","-0.0610251280842173","-0.561500073559321","0.450239436781821","0.000128685658118646","0.299312615384936","0.278704162896258",NA,"251.118833049291","257.86431877544","5.59533567068282e-06","70","No gap","1.02437427684738","0.0221564337457681","0.0101122714621815","0.989887728537818","0.0876538946610676","0.373791251709792","0.0120165066736171","0.0814337539940712","0.279969695897131","0.0223177938106556","0.01","0.1","","","","0.964737422084524","","","","","","","","",""
"15309","IPNMATMoMPercentChangeL1","BAA10YB_IndexMoMPercentChangeL0",NA,"0",NA,"5.43982739095897","0.561604935888618","-9.31299480691537","1.30299164245607e-06","0.062135172707002","-0.569401594689773","0.188952731508109","0.00111737542371807","0.299292746328108","0.278683709455405",NA,"251.120817977648","257.866303703796","5.60073278021989e-06","70","No gap","1.08295338674578","0.0110860566975746","0.00637941438278872","0.993620585617211","0.124415291978219","0.314670855868172","0.0119305912048501","0.0508100608766633","0.195397981545445","0.0181682649400448","0.01","0.1","","","","0.942025725005435","","","","","","","","",""
"43525","DTCTHFNMMoMPercentChangeL0","BAA10YB_IndexMoMPercentChangeL0",NA,"0",NA,"-4.49507096816434","0.562188225789048","-8.95771793378004","1.35065218089019e-06","-0.0600741061833799","-0.547679772406629","0.167982924282672","0.00103522559581236","0.299282330374723","0.27867298715045",NA,"251.121858513926","257.867344240074","5.60356412460106e-06","70","No gap","1.00539685242631","0.0212107373695741","0.00961085029148231","0.990389149708518","0.0810355074411433","0.0959547495411991","0.0285671191740244","0.0806316690193833","0.229409114961367","0.0201421544321826","0.01","0.1","","","","3.91349816656545","","","","","","","","",""
"43707","INVESTMoMDifferenceL1","BAA10YB_IndexMoMDifferenceL0",NA,"0",NA,"-0.0151696835530083","0.0544832643215705","-0.0591692335096198","2.95543854852652e-06","-0.172050407891413","-0.526479003163462","0.0160552650256541","0.000322702661281565","0.299052920597784","0.278436830027131",NA,"251.14477224496","257.890257971108","5.66627747766724e-06","70","No gap","1.0018126611259","0.0352946196408142","0.0148472292330437","0.985152770766956","0.199717048098265","0.38711854872034","0.00661670332327923","0.0107261288013085","0.120626718906603","0.0166121445622034","0.01","0.1","","","","0.84501213427955","","","","","","","","",""
"43397","DTCTHFNMMoMDifferenceL0","BAA10YB_IndexMoMPercentChangeL0",NA,"0",NA,"-4.8030998214425e-06","0.578616644181067","-8.95808849657909","1.36095499462702e-06","-0.057580554703765","-0.547702428818781","0.191182385015128","1.15989550536538e-05","0.298997290305151","0.27837956354942",NA,"251.150327537334","257.895813263482","5.68158735436697e-06","70","No gap","1.0058157253616","0.0211463892588962","0.00958525346901925","0.990414746530981","0.0803660987634438","0.0745939416709995","0.0279418575930434","0.0796861659160474","0.233337742465841","0.0201003726193293","0.01","0.1","","","","3.97135275647317","","","","","","","","",""
"37335","HOUSTMWMoMDifferenceL1","BAA10YB_IndexMoMPercentChangeL0",NA,"0",NA,"0.00234403345753671","0.581334909237279","-8.99108517286922","1.21059266735671e-06","0.0572332958270126","-0.549719863649209","0.605029589308163","0.000217910686561991","0.298951648773327","0.278332579619601",NA,"251.154885013617","257.900370739765","5.69417822482432e-06","70","No gap","1.00172092003393","0.0189938241515514","0.0099502090911271","0.990049790908873","0.0416522543408835","0.11296082170333","0.0227406742239327","0.051653633377466","0.20794361310692","0.0192328950281228","0.01","0.1","","","","1.09573046709106","","","","","","","","",""
"45349","AAIIBEAR_IndexMoMDifferenceL0","BAA10YB_IndexMoMPercentChangeL0",NA,"0",NA,"0.0133506326064133","0.581489024927036","-9.58856050766202","6.70045770483513e-06","0.0665926862095376","-0.586249832308292","0.613353297362321","4.11153872128754e-05","0.298949073771931","0.27832992888287",NA,"251.155142128217","257.900627854365","5.69488938229057e-06","70","No gap","1.35807109592745","0.0289460386390141","0.0144036939954443","0.985596306004556","0.134938251629173","0.579312872054325","0.0193258524416246","0.0853295660432313","0.204218886428989","0.0209762711982261","0.01","0.1","","","","0.960914268020196","","","","","","","","",""
"45253","MOVE_IndexMoMPercentChangeL1","BAA10YB_IndexMoMPercentChangeL0",NA,"0",NA,"0.690119040399314","0.587796674400925","-9.11700580895933","9.78861174512099e-07","0.0564362075217295","-0.557418720191126","0.578192804636434","0.000436924291118149","0.298844844085614","0.278222633617544",NA,"251.165548698476","257.911034424624","5.72374775575923e-06","70","No gap","1.00901296591885","0.0205554426614899","0.0107742397869813","0.989225760213019","0.0807194848649818","0.414012760678329","0.038105567875597","0.0781262279215842","0.300553784320571","0.0207262762353858","0.01","0.1","","","","0.941341010916121","","","","","","","","",""
"37463","HOUSTMWMoMPercentChangeL0","BAA10YB_IndexMoMPercentChangeL0",NA,"0",NA,"-0.352251169393123","0.590448862940448","-9.16922998560982","1.00770671895704e-06","-0.0559234884752699","-0.560611734906872","0.478987774443373","0.000534769424878405","0.298801689117351","0.278178209385509",NA,"251.169856952923","257.915342679071","5.73573770068503e-06","70","No gap","1.02337717077734","0.0206209277435606","0.00980282479094866","0.990197175209051","0.119968651746747","0.516108734981664","0.0209025818638898","0.0642900428020086","0.263738060531158","0.0183091317624643","0.01","0.1","","","","0.949599551954166","","","","","","","","",""
"5547","INDPROMoMPercentChangeL0","BAA10YB_IndexMoMPercentChangeL0",NA,"0",NA,"-8.49926453342033","0.592717528012147","-9.00526162013463","1.16306119885546e-06","-0.0549603776402264","-0.550586619386468","0.598574754144991","0.000776213943881151","0.298765086498133","0.278140530218666",NA,"251.173510864284","257.918996590432","5.74592627944348e-06","70","No gap","1.00073542056004","0.027468087164124","0.0143045105814833","0.985695489418517","0.104047417341179","0.365060748194394","0.034324976150958","0.102315855627631","0.276983124908678","0.0210343551465103","0.01","0.1","","","","1.07558767533724","","","","","","","","",""
"12029","IPBUSEQMoMPercentChangeL0","BAA10YB_IndexMoMPercentChangeL0",NA,"0",NA,"-4.18481602676827","0.593236272199746","-8.97053163754416","1.30688774602333e-06","-0.0555144254440859","-0.548463209261094","0.407132142192511","0.000910312890370876","0.29875675727962","0.278131956023138",NA,"251.174342314376","257.919828040524","5.74824722421319e-06","70","No gap","1.00429515383662","0.0234953655976642","0.0119312766669755","0.988068723333025","0.118548970305431","0.38925684350263","0.0205503025495967","0.0625926875382462","0.263057312273378","0.023879021960722","0.01","0.1","","","","1.10837141824083","","","","","","","","",""
"12544","IPMATMoMDifferenceL0","BAA10YB_IndexMoMPercentChangeL0",NA,"0",NA,"0.0605883491772942","0.594069142406676","-8.990945750934","1.21639086402762e-06","0.0550740413403914","-0.549711339315856","0.50896166286755","0.000167912228211322","0.298743415486389","0.278118221824224",NA,"251.175674115646","257.921159841795","5.75196682406354e-06","70","No gap","1.00185538945058","0.0199483780781451","0.00991838955702206","0.990081610442978","0.111982950977263","0.402647795575022","0.0169315304120544","0.0543162271717473","0.240699482224164","0.0203583625789738","0.01","0.1","","","","0.961121981014536","","","","","","","","",""
"26745","UEMP27OVMoMPercentChangeL1","BAA10YB_IndexMoMPercentChangeL0",NA,"0",NA,"-1.75805146256959","0.59456125588004","-9.24376029225364","1.18486786339063e-06","-0.0539211592232219","-0.565168558607042","0.66777941174943","0.000521403287275686","0.298735550330638","0.278110125340362",NA,"251.176459217458","257.921944943606","5.75416066950218e-06","70","No gap","1.05629299667436","0.0199470205967222","0.00937763824680023","0.9906223617532","0.0474188985683682","0.0858917540801363","0.0136418120167465","0.0403708946103249","0.245713470859575","0.0224523306639762","0.01","0.1","","","","1.11461527297297","","","","","","","","",""
"37839","HOUSTSMoMDifferenceL1","BAA10YB_IndexMoMPercentChangeL0",NA,"0",NA,"0.00148173927444408","0.59799009130222","-9.07236050245377","1.01372473374558e-06","0.054729887819001","-0.554689081740044","0.533919842763003","0.000246841631729436","0.298681119622029","0.278054093728559",NA,"251.181892263072","257.92737798922","5.76936542251438e-06","70","No gap","1.00226630302748","0.0168730158409604","0.00959301610533426","0.990406983894666","0.0563447062513726","0.324918600035262","0.0219708643325594","0.079916365562872","0.192786842806142","0.0193264384958765","0.01","0.1","","","","0.947289759345121","","","","","","","","",""
"17477","IPFUELSMoMDifferenceL0","BAA10YB_IndexMoMPercentChangeL0",NA,"0",NA,"0.0466816182471874","0.601687777778999","-9.00153251501209","1.1790709912686e-06","0.0540850728118822","-0.550358619860261","0.571133709168456","7.44899283199139e-05","0.29862314202358","0.277994410906627",NA,"251.18767888063","257.933164606778","5.78560385755544e-06","70","No gap","1.00102437754387","0.0170542588736745","0.00849818455129699","0.991501815448703","0.0895608306766252","0.404937368535584","0.0296035389447603","0.0529160254151301","0.31805636612357","0.0177732529605389","0.01","0.1","","","","0.94699919983869","","","","","","","","",""
"29871","MANEMPMoMDifferenceL0","BAA10YB_IndexMoMDifferenceL0",NA,"0",NA,"-0.0128733094534067","0.055933402538687","-0.0507959116990174","9.14467445070757e-05","-0.188074604698216","-0.451974436203065","0.0638094266481165","0.000564189485718137","0.298598070514368","0.277968602000085",NA,"251.190181065095","257.935666791243","5.79263964695098e-06","70","No gap","1.10776151961303","0.0176819315781334","0.00563524742044965","0.99436475257955","0.237250428575327","0.20511590344079","0.0335164638140034","0.0532937706592432","0.13537245665906","0.0641691859895261","0.01","0.1","","","","1.12118533318724","","","","","","","","",""
"26157","UEMP27OVMoMDifferenceL0","BAA10YB_IndexMoMPercentChangeL0",NA,"0",NA,"0.000769887415468595","0.6080059298987","-8.99662569398926","1.19956559594716e-06","0.0490690865930258","-0.550058614139955","0.594822742232114","0.000246806892409669","0.298525788037662","0.277894193568181",NA,"251.1973944936","257.942880219748","5.81297071311493e-06","70","No gap","1.00146048358443","0.0267444953511932","0.0121864037575008","0.987813596242499","0.0734620190497373","0.366624064927496","0.0197663937980994","0.0679490337879547","0.228289688358148","0.0233831786589355","0.01","0.1","","","","0.946767626423064","","","","","","","","",""
"17949","IPFUELSMoMPercentChangeL0","BAA10YB_IndexMoMPercentChangeL0",NA,"0",NA,"5.00865915644361","0.609836079047514","-9.00206346671748","1.17990043653682e-06","0.0528539222185429","-0.550391082537845","0.547569488087542","0.00112618991467296","0.298497987046866","0.277865574901186",NA,"251.200168695074","257.945654421222","5.8208087921896e-06","70","No gap","1.0010318282105","0.0173417960010001","0.00866770610854191","0.991332293891458","0.0901490690398482","0.385718163973762","0.0293032262924268","0.0533820313241887","0.314143765606047","0.0177396150902984","0.01","0.1","","","","0.948768841181989","","","","","","","","",""
"4979","INDPROMoMDifferenceL0","BAA10YB_IndexMoMPercentChangeL0",NA,"0",NA,"-0.0753711366351531","0.616311350760744","-9.00804156651546","1.16095690644112e-06","-0.0515413413725026","-0.550756586828221","0.610279608349647","1.98480132158925e-05","0.298401045322216","0.27776578194934",NA,"251.209841442643","257.955327168791","5.84822040972099e-06","70","No gap","1.00065897805664","0.0269751866467114","0.0140555995046135","0.985944400495386","0.10364685602145","0.365094292892183","0.0332222888328046","0.100399215704845","0.273417904487031","0.0209334032828818","0.01","0.1","","","","1.0745573093609","","","","","","","","",""
"13054","IPMATMoMPercentChangeL0","BAA10YB_IndexMoMPercentChangeL0",NA,"0",NA,"6.24143194485522","0.617160829865451","-8.99689152361355","1.20191412448034e-06","0.0516199566631961","-0.550074867108536","0.514317056314487","0.00125877577863578","0.298388490882784","0.277752858261689",NA,"251.211094014203","257.956579740351","5.85177950218618e-06","70","No gap","1.00151303001998","0.0201373777328831","0.010000299286195","0.989999700713805","0.110109515827576","0.403260990932665","0.0172216831823057","0.0558353105554511","0.238712638497236","0.0203233634397183","0.01","0.1","","","","0.958424104253523","","","","","","","","",""
"11509","IPBUSEQMoMDifferenceL0","BAA10YB_IndexMoMPercentChangeL0",NA,"0",NA,"-0.0364214127248373","0.618371971984659","-8.9828137213956","1.26226875081885e-06","-0.0517519008880968","-0.549214142583416","0.49365165513245","0.00012058113444196","0.298370656408911","0.277734499244467",NA,"251.212873342632","257.958359068781","5.85683906084711e-06","70","No gap","1.00310372844589","0.0233996725995532","0.0119550446624018","0.988044955337598","0.118887459333498","0.388307216057746","0.0211749301746025","0.0642775315231736","0.261583314276495","0.0236824095524657","0.01","0.1","","","","1.11661544971453","","","","","","","","",""
"35447","AWOTMANMoMPercentChangeL1","BAA10YB_IndexMoMPercentChangeL0",NA,"0",NA,"-2.7847456919976","0.623963562551052","-8.95685981227735","1.40595050674838e-06","-0.0510305236416842","-0.547627306388748","0.472315069641285","0.00114109610150941","0.298289302446713","0.277650752518675",NA,"251.220989376086","257.966475102234","5.87997271750407e-06","70","No gap","1.00771856652507","0.0195107936307349","0.00994047582363316","0.990059524176367","0.103037755248127","0.540467259400884","0.0204351709209044","0.0741263229437513","0.209567489302723","0.0228009457866343","0.01","0.1","","","","0.977318721873606","","","","","","","","",""
"43589","DTCTHFNMMoMPercentChangeL1","BAA10YB_IndexMoMPercentChangeL0",NA,"0",NA,"-3.81381117247571","0.624176466486167","-9.12365513855485","1.01071463055415e-06","-0.0509976368166639","-0.557825263838342","0.100725278716645","0.00102668100412176","0.298286236621155","0.277647596521777",NA,"251.221295210557","257.966780936705","5.88084624164598e-06","70","No gap","1.01277346115098","0.0260578897323774","0.0119137217859518","0.988086278214048","0.0706345783161713","0.160227859930898","0.02423233260572","0.0783755725108735","0.237835060241117","0.020177726180734","0.01","0.1","","","","1.16058580284019","","","","","","","","",""
"42915","MZMSLMoMDifferenceL1","BAA10YB_IndexMoMDifferenceL0",NA,"0",NA,"-0.00472099655730081","0.0572450634551957","-0.0609795272664822","1.88170587983105e-06","-0.11197531651294","-0.542586726654438","0.0943204957176482","0.000155442476955242","0.298197057485141","0.277555794469998",NA,"251.2301907791","257.975676505249","5.90631061414548e-06","70","No gap","1.01529914622419","0.0540296140026462","0.0182459625331883","0.981754037466812","0.215005960477186","0.252567565362371","0.0304368699257359","0.0489937484912651","0.268340124855524","0.0397175160523155","0.01","0.1","","","","0.912415433633942","","","","","","","","",""
"45129","VIX_IndexMoMPercentChangeL0","BAA10YB_IndexMoMPercentChangeL0",NA,"0",NA,"0.327475400582958","0.630604629910894","-9.35718902900912","2.43449561121161e-06","0.053516199421703","-0.572103653593271","0.610126686074823","0.000747785911507002","0.298194757917164","0.277553427267669",NA,"251.23042014476","257.975905870908","5.90696865032658e-06","70","No gap","1.16141484242017","0.0170781565235042","0.00962659047960036","0.9903734095204","0.0800165538695622","0.544742220448884","0.0210615960769699","0.064647198508915","0.277634638220057","0.0195370765772825","0.01","0.1","","","","0.97301462064652","","","","","","","","",""
"12799","IPMATMoMDifferenceL1","BAA10YB_IndexMoMPercentChangeL0",NA,"0",NA,"-0.0540464788971733","0.635445763634012","-9.09964553705355","1.01419155171671e-06","-0.0491273280226873","-0.556357303674491","0.558639306005674","0.000119022708652897","0.298127240609013","0.277483924156337",NA,"251.237154184289","257.982639910437","5.92632090834488e-06","70","No gap","1.00755263650098","0.0243952045229255","0.0122913764982197","0.98770862350178","0.0396507530654836","0.129332795768744","0.0342104093125373","0.107138371877727","0.209769684949695","0.0238394228026678","0.01","0.1","","","","1.41419219958068","","","","","","","","",""
"43461","DTCTHFNMMoMDifferenceL1","BAA10YB_IndexMoMPercentChangeL0",NA,"0",NA,"-4.11462805235933e-06","0.635518254936825","-9.12310605272103","1.02190815919054e-06","-0.049351610758138","-0.55779169243023","0.0953023254045441","0.000170309157551222","0.298126238508361","0.277482892582137",NA,"251.237254126899","257.982739853047","5.92660859999317e-06","70","No gap","1.01348766130072","0.0259630869520254","0.0118615055172204","0.98813849448278","0.0698717101573505","0.161254086042477","0.0237661232715349","0.0781656662867281","0.238004678035889","0.0202231768953912","0.01","0.1","","","","1.17224933985757","","","","","","","","",""
"40425","AMBSLMoMDifferenceL0","BAA10YB_IndexMoMPercentChangeL0",NA,"0",NA,"0.000946803701748761","0.640501959304166","-9.02504308627192","1.11484378839306e-06","0.0484356505731494","-0.551796069042288","0.656472961039009","1.67608748049325e-05","0.298057970222395","0.277412616405407",NA,"251.244062399112","257.98954812526","5.94623959504492e-06","70","No gap","1.00003667241823","0.0239668471122649","0.0108734418509618","0.989126558149038","0.113586803424911","0.214855145318833","0.0220706369043084","0.0664689436713315","0.274990947197433","0.0198437662805493","0.01","0.1","","","","0.948265883513793","","","","","","","","",""
"35159","AWOTMANMoMDifferenceL1","BAA10YB_IndexMoMPercentChangeL0",NA,"0",NA,"-0.595526028176291","0.646295095406895","-8.95944182213902","1.41079261664791e-06","-0.0477997495436621","-0.547785171883492","0.504859985711398","0.00109409334556303","0.29798014987355","0.277332507222772",NA,"251.251822473659","257.997308199807","5.96869432822889e-06","70","No gap","1.00819418310169","0.0195496384897003","0.00997859059981115","0.990021409400189","0.102766493983943","0.548125423363603","0.0202903254488467","0.0737591883728682","0.210974379657757","0.0227059098964862","0.01","0.1","","","","0.974488114675243","","","","","","","","",""
"44203","ism_man_newordersMoMPercentChangeL0","BAA10YB_IndexMoMPercentChangeL0",NA,"0",NA,"1.19719159451696","0.649448992779561","-8.8047678111511","4.12049079696096e-06","0.0491166949167619","-0.538328318278443","0.619577802058938","0.00134584913494969","0.297938469667093","0.27728960112789",NA,"251.255978378713","258.001464104861","5.98075479829596e-06","70","No gap","1.08538843930299","0.0225258342369158","0.0123636682090145","0.987636331790985","0.0854191689324806","0.416429555780085","0.0119689107644443","0.0778666620656986","0.207158347948425","0.0205329385235192","0.01","0.1","","","","0.94242579323409","","","","","","","","",""
"23301","UEMPLT5MoMPercentChangeL0","BAA10YB_IndexMoMPercentChangeL0",NA,"0",NA,"1.20821248609755","0.64954066899698","-9.12252447485359","1.0368088433462e-06","0.0474805833796011","-0.557756134441418","0.660468106563227","0.000623529604636743","0.297937265314946","0.277288361353621",NA,"251.256098460179","258.001584186327","5.98110363769777e-06","70","No gap","1.01449029976062","0.0236535006266577","0.0120644419646452","0.987935558035355","0.0857083203893782","0.378388500723441","0.0248783386161754","0.0878876643663177","0.268835156916597","0.0208390096359184","0.01","0.1","","","","0.943516337810257","","","","","","","","",""
"13309","IPMATMoMPercentChangeL1","BAA10YB_IndexMoMPercentChangeL0",NA,"0",NA,"-5.62088130360618","0.653564420684023","-9.09703389466754","1.02668884836468e-06","-0.0464871552905012","-0.556197626431006","0.611958609368229","0.00132055661279042","0.297884803251962","0.277234356288784",NA,"251.261329057141","258.006814783289","5.99631840303427e-06","70","No gap","1.00780665530666","0.0243664980447032","0.0122399145464142","0.987760085453586","0.0419693629886115","0.139876089076039","0.0332429051971651","0.103992067109169","0.211998757828809","0.0236596979625955","0.01","0.1","","","","1.40734170691611","","","","","","","","",""
"45417","SPX_Index_14DRSIMoMDifferenceL1","BAA10YB_IndexMoMPercentChangeL0",NA,"0",NA,"-0.00563454448081018","0.654392005161664","-9.05640685676878","1.05292827484114e-06","-0.0464688836376299","-0.553713667119668","0.639503033634516","7.16863157043902e-05","0.297874109273903","0.277223347781959",NA,"251.262395225152","258.0078809513","5.99942441881218e-06","70","No gap","1.00122687865963","0.0264456046207979","0.015239865520519","0.984760134479481","0.0877290958534427","0.453893143593758","0.0249994447974271","0.0916811625423031","0.305117234587573","0.0202460400128863","0.01","0.1","","","","0.973330492502227","","","","","","","","",""
"29517","USCONSMoMPercentChangeL0","BAA10YB_IndexMoMDifferenceL0",NA,"0",NA,"-52.6609210940711","0.0585806335135762","-0.0560242828765944","8.95050749036047e-06","-0.162832679470729","-0.498495702112176","0.0456140923398087","0.000327999929558047","0.297798409047984","0.277145421078807",NA,"251.269941920476","258.015427646624","6.02145588934899e-06","70","No gap","1.00951830521902","0.039464122408564","0.017076859490024","0.982923140509976","0.218734577065122","0.539263024839862","0.00612092271556585","0.0179050983960508","0.16285007718428","0.0388807154851902","0.01","0.1","","","","0.964412559019358","","","","","","","","",""
"31917","USWTRADEMoMDifferenceL0","BAA10YB_IndexMoMPercentChangeL0",NA,"0",NA,"-0.00372095592838187","0.660614172665624","-8.99426753979992","1.22955587838098e-06","-0.0453639687103106","-0.549914435303419","0.323539916554736","0.000244274111704467","0.297794748807103","0.277141653183782",NA,"251.270306796029","258.015792522177","6.0225231379718e-06","70","No gap","1.0022850750219","0.0238727994885454","0.0107093078440975","0.989290692155902","0.0772219348790338","0.114266766328301","0.0231273327200165","0.0826434091820684","0.289518438991435","0.0212387914478629","0.01","0.1","","","","0.985046100418927","","","","","","","","",""
"32243","USWTRADEMoMPercentChangeL0","BAA10YB_IndexMoMPercentChangeL0",NA,"0",NA,"-22.2058457570213","0.661216364525285","-8.99684053568999","1.21853130374545e-06","-0.0452506871820126","-0.55007174967901","0.338606018394506","0.000857423370845515","0.297787165229008","0.277133846559273",NA,"251.27106276816","258.016548494308","6.02473493305222e-06","70","No gap","1.00197387735294","0.0239285055143848","0.0107316381307675","0.989268361869233","0.0772533814081393","0.114315325587579","0.0231775148767087","0.0829519323104871","0.289342117324473","0.0212582936388919","0.01","0.1","","","","0.984144536007225","","","","","","","","",""
"44103","ism_man_newordersMoMDifferenceL0","BAA10YB_IndexMoMPercentChangeL0",NA,"0",NA,"0.019416501069287","0.662735166046948","-8.81016748463083","4.1885395427892e-06","0.0471999625919455","-0.538658457267447","0.690742269475748","0.000106540024697625","0.297768114138595","0.277114235142671",NA,"251.272961848002","258.01844757415","6.03029477386219e-06","70","No gap","1.08833295064714","0.0227175528359446","0.0124060717968547","0.987593928203145","0.0851761511533586","0.451521469249536","0.0123843361975583","0.080690983017036","0.20721362912394","0.0204133320308046","0.01","0.1","","","","0.943209946132632","","","","","","","","",""
"35727","AWHMANMoMDifferenceL1","BAA10YB_IndexMoMPercentChangeL0",NA,"0",NA,"-0.439810694149059","0.664555196565386","-8.9656341971374","1.38779840668409e-06","-0.045153719371157","-0.548163777076783","0.566377050492734","0.000850988379697788","0.29774542682636","0.277090880556547",NA,"251.275223332043","258.020709058191","6.03692230061181e-06","70","No gap","1.00763262089423","0.0228508910649695","0.0120196213081446","0.987980378691855","0.0900044011155635","0.289982580696422","0.0201110328060947","0.0784688660562409","0.22166536790746","0.0231770594430472","0.01","0.1","","","","1.10385846188222","","","","","","","","",""
"36007","AWHMANMoMPercentChangeL1","BAA10YB_IndexMoMPercentChangeL0",NA,"0",NA,"-18.2669249185687","0.666567161990125","-8.96644877764599","1.38435856042756e-06","-0.044862091883822","-0.548213580974478","0.568075023502539","0.00098761478152782","0.297720526755915","0.277065248131089",NA,"251.277705300972","258.02319102712","6.04420436656206e-06","70","No gap","1.0075359524611","0.0228438324176595","0.0120198945956207","0.987980105404379","0.0900477400038812","0.290899434865642","0.0200654692563951","0.0782527974374393","0.222249753720368","0.0231552942215935","0.01","0.1","","","","1.10345567254724","","","","","","","","",""
"36815","HOUSTNEMoMDifferenceL1","BAA10YB_IndexMoMPercentChangeL0",NA,"0",NA,"0.00203397961001099","0.667724366544399","-9.03696846388434","1.09097561699915e-06","0.0445294242767703","-0.552525193150115","0.648500502245896","0.000117143271617437","0.2977062904103","0.277050593069427",NA,"251.279124300288","258.024610026437","6.04837163886707e-06","70","No gap","1.00009614898363","0.0275484251366159","0.0149157981080791","0.985084201891921","0.0325820415653061","0.263949858546782","0.0130240377078063","0.0506677972944969","0.278504094323329","0.0223772073028171","0.01","0.1","","","","0.947872497332382","","","","","","","","",""
"22877","UEMPLT5MoMDifferenceL0","BAA10YB_IndexMoMPercentChangeL0",NA,"0",NA,"0.000469498893168873","0.671766526181158","-9.10770657295635","1.04719907952162e-06","0.0441945169623105","-0.556850159817232","0.69977588893493","2.21271612587172e-05","0.297657048128369","0.276999902485086",NA,"251.284032273761","258.029517999909","6.06280738735254e-06","70","No gap","1.0117597247872","0.0238572414148767","0.0121354153925158","0.987864584607484","0.0831630756844986","0.286313105486542","0.0245982849646811","0.0869964220963285","0.275754551209436","0.0208414605971195","0.01","0.1","","","","0.945018885512749","","","","","","","","",""
"45273","AAIIBULL_IndexMoMDifferenceL0","BAA10YB_IndexMoMPercentChangeL0",NA,"0",NA,"-0.00841978979208484","0.68272604123568","-9.2428675798333","1.73861841880733e-06","-0.0443696378668736","-0.565113977681542","0.659589399047207","6.57153229878994e-05","0.297527295214047","0.276866333308578",NA,"251.296963086406","258.042448812554","6.10100577336237e-06","70","No gap","1.0945698086092","0.0297262979565756","0.0168992702635497","0.98310072973645","0.107128416930941","0.455920683396184","0.0262767715199226","0.0842049456940004","0.270305872180614","0.0225964376813459","0.01","0.1","","","","0.944794332454451","","","","","","","","",""
"40625","AMBSLMoMPercentChangeL0","BAA10YB_IndexMoMPercentChangeL0",NA,"0",NA,"3.07080825505683","0.689243002689563","-9.02046383923422","1.13861820507894e-06","0.0414705523251122","-0.551516091374545","0.673859327325571","0.000945454652765651","0.297452703946171","0.276789548179881",NA,"251.304395562461","258.049881288609","6.12307057268335e-06","70","No gap","1.00019119466194","0.0234152655913111","0.0104829310642619","0.989517068935738","0.112027720587987","0.207023468325023","0.0213307545953832","0.0655984866094677","0.273946063151087","0.019747468425633","0.01","0.1","","","","0.947693274571251","","","","","","","","",""
"43265","DTCOLNVHFNMMoMPercentChangeL0","BAA10YB_IndexMoMPercentChangeL0",NA,"0",NA,"-4.8379217379554","0.690173457063055","-8.93883912466282","1.64675356625122e-06","-0.0417227654784146","-0.546525511694575","0.30754204400079","0.00124764176065356","0.29744220836135","0.27677874390139",NA,"251.305441307642","258.05092703379","6.12618147455279e-06","70","No gap","1.01814130498242","0.0208691736914823","0.00911281165648354","0.990887188343516","0.100293968171496","0.394099163735075","0.0252990277135268","0.0688723603749026","0.262854024350888","0.0203748505269121","0.01","0.1","","","","0.945432690349595","","","","","","","","",""
"13561","IPDMATMoMDifferenceL0","BAA10YB_IndexMoMPercentChangeL0",NA,"0",NA,"0.0418258203982899","0.69150246644637","-8.97048080526481","1.3810860085613e-06","0.0413269205033702","-0.54846010134774","0.77093109531981","3.64762259810276e-05","0.29742728345364","0.276763380025806",NA,"251.306928348929","258.052414075077","6.130607874133e-06","70","No gap","1.00778862724895","0.0206520508963158","0.00972531595922116","0.990274684040779","0.096557126850729","0.554680200219284","0.022193751505847","0.0654753799181518","0.242369907468686","0.0200966759443066","0.01","0.1","","","","0.950437587459992","","","","","","","","",""
"19341","CLF16OVMoMDifferenceL0","BAA10YB_IndexMoMPercentChangeL0",NA,"0",NA,"5.94228669749298e-05","0.698749550510655","-9.03783815433055","1.09520003497917e-06","0.0399771512499235","-0.552578366499529","0.264918792527383","0.000324262019485262","0.297347263861196","0.276681006915937",NA,"251.314900552203","258.060386278351","6.15439291440367e-06","70","No gap","1.00014886134862","0.0219601554645421","0.0116636538420862","0.988336346157914","0.1114176992714","0.344736503491504","0.022312909639019","0.0709708964596746","0.265140082810663","0.0229643410360353","0.01","0.1","","","","0.985086678166607","","","","","","","","",""
"3543","DPCERA3M086SBEAMoMPercentChangeL1","BAA10YB_IndexMoMPercentChangeL0",NA,"0",NA,"-8.85398323485084","0.700706715909262","-8.93215175634585","1.74827318144227e-06","-0.0399512352587913","-0.546116642339131","0.793604099686247","0.000666179707231016","0.297326046777702","0.276659165800575",NA,"251.317014218521","258.062499944669","6.1607144919984e-06","70","No gap","1.02248305598591","0.0282389921945121","0.0167455756013971","0.983254424398603","0.0615432355851812","0.460284955743499","0.0150020291022449","0.0713975130527191","0.243593322000783","0.0205439215255925","0.01","0.1","","","","1.54368691293081","","","","","","","","",""
"9657","IPDCONGDMoMDifferenceL1","BAA10YB_IndexMoMPercentChangeL0",NA,"0",NA,"-0.0225342071827128","0.701753457195552","-9.02614087900705","1.12427509305615e-06","-0.0394394849814889","-0.551863188690369","0.718283655918958","0.00014978902940105","0.297314767530919","0.27664755481124",NA,"251.31813784198","258.063623568128","6.16407768105898e-06","70","No gap","1.00003239313318","0.0233479612797554","0.0148030663539234","0.985196933646077","0.0501347964717518","0.337360906931878","0.0245281749439244","0.0868042612492256","0.270042033925807","0.0214080744580217","0.01","0.1","","","","0.944340512851105","","","","","","","","",""
"28979","CES1021000001MoMPercentChangeL1","BAA10YB_IndexMoMPercentChangeL0",NA,"0",NA,"4.88815224166127","0.70664210479629","-9.06904171149415","1.05982694006128e-06","0.0387275916298901","-0.554486169046112","0.51033485127019","0.0010012978934205","0.297262715582254","0.276593971922909",NA,"251.323322953738","258.068808679886","6.17962136995054e-06","70","No gap","1.00377724896134","0.0246939571251339","0.00959562713328821","0.990404372866712","0.103679857261113","0.314657402755181","0.0166505670218892","0.0575108158725391","0.268283871446691","0.0156481881344148","0.01","0.1","","","","0.961897387681229","","","","","","","","",""
"19797","CLF16OVMoMPercentChangeL0","BAA10YB_IndexMoMPercentChangeL0",NA,"0",NA,"9.16262817994622","0.707859454087527","-9.04122733088456","1.09021290831103e-06","0.0387011966379606","-0.552785582607188","0.178662710363524","0.000987811970441214","0.297249913504716","0.276580793313678",NA,"251.324598163243","258.070083889391","6.18345013569943e-06","70","No gap","1.00032170461691","0.0219554847480186","0.0116514788761772","0.988348521123823","0.110378758976868","0.348427254280173","0.022398870962054","0.0713970219226466","0.264188849430447","0.0228928685344762","0.01","0.1","","","","0.981952467943519","","","","","","","","",""
"43129","DTCOLNVHFNMMoMDifferenceL0","BAA10YB_IndexMoMPercentChangeL0",NA,"0",NA,"-1.34567700268783e-05","0.708029798986629","-8.94451949372376","1.62899885816303e-06","-0.0392064600753149","-0.546872812564895","0.383972847247274","0.000211200566701912","0.29724812715516","0.27657895442443",NA,"251.324776098917","258.070261825065","6.18398456897484e-06","70","No gap","1.01806454155557","0.0209839531304193","0.00919850891260209","0.990801491087398","0.0989214731304363","0.409008959229802","0.0247689438689795","0.0689373551224141","0.263725725297188","0.0203415089630866","0.01","0.1","","","","0.946637910761923","","","","","","","","",""
"38087","HOUSTSMoMPercentChangeL1","BAA10YB_IndexMoMPercentChangeL0",NA,"0",NA,"0.53025866840638","0.714798543330905","-9.05833159985321","1.06901503969516e-06","0.0378327761870622","-0.553831346964269","0.63749998482003","0.00115628631088537","0.297178145577582","0.276506914565158",NA,"251.331746505861","258.077232232009","6.2049567112199e-06","70","No gap","1.00211670564482","0.0159336603200165","0.00974223559750467","0.990257764402495","0.0474368008487492","0.301857412347696","0.0227078307719379","0.0778444663659228","0.197102529599009","0.0193123746331131","0.01","0.1","","","","0.95270340940137","","","","","","","","",""
"45381","AAIIBEAR_IndexMoMPercentChangeL0","BAA10YB_IndexMoMPercentChangeL0",NA,"0",NA,"0.23635952570241","0.717918628243336","-9.39640257878677","9.90042642334587e-06","0.0434269753773905","-0.574501191468011","0.790418681456451","0.00240722295210399","0.297146540111396","0.276474379526437",NA,"251.334894291997","258.080380018145","6.21445087889416e-06","70","No gap","1.35839493364634","0.0272111242053245","0.0140393168943262","0.985960683105674","0.125949338882152","0.265319806557468","0.017957058127672","0.0776910406111785","0.216031805206151","0.0204200042040613","0.01","0.1","","","","0.978440970877072","","","","","","","","",""
"45157","VIX_IndexMoMPercentChangeL1","BAA10YB_IndexMoMPercentChangeL0",NA,"0",NA,"-0.225960584672518","0.728453901216253","-8.88590182839971","2.77825990666642e-06","-0.0369092993945769","-0.543288896455791","0.613688750770122","0.0007671842142994","0.297042828482344","0.276367617555354",NA,"251.345222587836","258.090708313984","6.24570462659513e-06","70","No gap","1.05981688795938","0.0207948381543605","0.0108296303331093","0.989170369666891","0.113252511931161","0.338642776186977","0.0166589555162545","0.0554317925445968","0.25896204041245","0.0224574512506979","0.01","0.1","","","","0.94797931146429","","","","","","","","",""
"14065","IPDMATMoMPercentChangeL0","BAA10YB_IndexMoMPercentChangeL0",NA,"0",NA,"4.01443034270235","0.730863512616356","-8.9794944126916","1.35636997820001e-06","0.0358166371821365","-0.549011198234309","0.780525036347501","0.00122026778006554","0.297019753679311","0.276343864081644",NA,"251.347520323413","258.093006049561","6.25267899267978e-06","70","No gap","1.00745401393746","0.0210288514351053","0.0099829929159686","0.990017007084031","0.092182984883445","0.551390520499852","0.0219195725232519","0.0668101782785424","0.240414585812161","0.0202047421707291","0.01","0.1","","","","0.949917547922082","","","","","","","","",""
"36683","HOUSTNEMoMDifferenceL0","BAA10YB_IndexMoMPercentChangeL0",NA,"0",NA,"-0.00163491442230057","0.731281280310854","-9.06265912854005","1.07276019967263e-06","-0.03569288881448","-0.554095934434405","0.708179736439618","0.000220771663105786","0.297015777346804","0.27633977079818",NA,"251.3479162698","258.093401995948","6.25388160357954e-06","70","No gap","1.00317934953562","0.0225059597789854","0.0117655309170777","0.988234469082922","0.0475645092637285","0.284775481706896","0.0118568963057266","0.0531294198297895","0.211262471631746","0.0214297051777842","0.01","0.1","","","","0.948582295260065","","","","","","","","",""
"37591","HOUSTMWMoMPercentChangeL1","BAA10YB_IndexMoMPercentChangeL0",NA,"0",NA,"0.221351203742416","0.732815079419593","-8.99576123226251","1.25488852267906e-06","0.0351615572026074","-0.550005760477308","0.752740864915722","0.000506822708696381","0.297001239937608","0.276324805818126",NA,"251.349363824509","258.094849550657","6.25828024136688e-06","70","No gap","1.00346707837279","0.0205802095527161","0.0100643120662997","0.9899356879337","0.0470081653227269","0.0902775982323526","0.0255673842620534","0.0617214577680052","0.215081189782351","0.0194872627372946","0.01","0.1","","","","1.04093527292948","","","","","","","","",""
"10193","IPDCONGDMoMPercentChangeL1","BAA10YB_IndexMoMPercentChangeL0",NA,"0",NA,"-2.21177373849104","0.733979702021313","-9.02173662889538","1.14314468582003e-06","-0.0349304823163776","-0.551593910430369","0.749738703021702","0.000927412578990945","0.296990265909158","0.276313509024133",NA,"251.350456537668","258.095942263816","6.26160268268894e-06","70","No gap","1.00019763680243","0.0224862850449835","0.0144753584318463","0.985524641568154","0.0522842505218066","0.334058077054887","0.0244117287480132","0.0855908068784588","0.265865677936317","0.0213450326805714","0.01","0.1","","","","0.94559757506587","","","","","","","","",""
"34279","USGOVTMoMPercentChangeL1","BAA10YB_IndexMoMPercentChangeL0",NA,"0",NA,"-39.3920681257531","0.736619871206138","-9.01200874615712","1.1789183843033e-06","-0.0333305451440593","-0.550999142360703","0.569493897295821","0.000942155016256086","0.296965593025666","0.276288110467598",NA,"251.352913219921","258.098398946069","6.26907877243621e-06","70","No gap","1.0009776436567","0.0257816074019858","0.0124688415339329","0.987531158466067","0.078397931409732","0.42169540996039","0.0182255184109357","0.0743812956318295","0.266281870027896","0.0204398793056711","0.01","0.1","","","","0.979495912400503","","","","","","","","",""
"28611","CES1021000001MoMDifferenceL1","BAA10YB_IndexMoMPercentChangeL0",NA,"0",NA,"0.00591539793462692","0.739992070100056","-9.06839317638335","1.07682634549306e-06","0.0340992346255108","-0.554446517254829","0.659878591189018","9.55092116093167e-05","0.296934491210594","0.276256093893259",NA,"251.356009908899","258.101495635047","6.27851522683187e-06","70","No gap","1.00469781083118","0.0243880049913669","0.00932322673246319","0.990676773267537","0.104595775526506","0.381909914248828","0.0158301860663182","0.0573170226798744","0.262660137079968","0.0158199943576023","0.01","0.1","","","","0.95883752002128","","","","","","","","",""
"33975","USGOVTMoMDifferenceL1","BAA10YB_IndexMoMPercentChangeL0",NA,"0",NA,"-0.00171996639613677","0.744836679727259","-9.01302421739256","1.17687098415591e-06","-0.0322574914229436","-0.55106122882728","0.655646590321858","0.000111065812689438","0.296890613503393","0.276210925665258",NA,"251.360378411729","258.105864137878","6.29185140177402e-06","70","No gap","1.00092847432947","0.0256518274925671","0.0124031958494252","0.987596804150575","0.0786526643103528","0.417936743029151","0.0182977051166375","0.0741545091545635","0.266061591435658","0.0204252747615721","0.01","0.1","","","","0.979917983546451","","","","","","","","",""
"43941","ism_man_emplMoMDifferenceL1","BAA10YB_IndexMoMPercentChangeL0",NA,"0",NA,"0.0214876643140006","0.745172304683202","-8.99497933145962","1.26618113298025e-06","0.0337597336095578","-0.549957954634689","0.68765368576312","0.000129362119587692","0.296887608702862","0.276207832488241",NA,"251.360677562319","258.106163288468","6.29276568497872e-06","70","No gap","1.00400241151557","0.0208495979461669","0.010496687356033","0.989503312643967","0.103816265671271","0.22447295455","0.0244819635936462","0.0621593320491231","0.254789797197361","0.019410759525286","0.01","0.1","","","","0.956702917365006","","","","","","","","",""
"43197","DTCOLNVHFNMMoMDifferenceL1","BAA10YB_IndexMoMPercentChangeL0",NA,"0",NA,"-1.15174162310776e-05","0.747512368207979","-9.08461401582994","1.09789226039854e-06","-0.0335716090063194","-0.555438268247886","0.395196086754756","0.000761613279709075","0.296866783856033","0.276186395145916",NA,"251.362750797991","258.108236524139","6.29910569294179e-06","70","No gap","1.010076074554","0.0267426298760487","0.0118135899269699","0.98818641007303","0.0767403985484914","0.228956839524172","0.0211441714102708","0.07294401900798","0.271347296403535","0.0204103768472738","0.01","0.1","","","","0.945375048002482","","","","","","","","",""
"43333","DTCOLNVHFNMMoMPercentChangeL1","BAA10YB_IndexMoMPercentChangeL0",NA,"0",NA,"-3.87006713188703","0.748651706911167","-9.08203594963628","1.09503868686237e-06","-0.0333938150600947","-0.555280643871161","0.408712241138979","0.00101303717578157","0.296856723809498","0.276176039215659",NA,"251.363752312645","258.109238038793","6.30217063812832e-06","70","No gap","1.00923597559424","0.0268579710268058","0.0118560858492106","0.988143914150789","0.0767293082539499","0.211688515762763","0.0212545085927015","0.0730044174922344","0.273453655543383","0.020434686684366","0.01","0.1","","","","0.946465652482835","","","","","","","","",""
"25361","UEMP15T26MoMDifferenceL0","BAA10YB_IndexMoMPercentChangeL0",NA,"0",NA,"0.000624157861588497","0.749496339012036","-9.04164235566677","1.0974090650561e-06","0.0327011405295996","-0.552810957449301","0.787497382484833","1.6645252526784e-05","0.296849299356569","0.276168396396468",NA,"251.364491435067","258.109977161215","6.30443353810684e-06","70","No gap","1.00047582680952","0.0202547412064939","0.0116952363555033","0.988304763644497","0.0061355516775394","0.0171881034403007","0.021909784358828","0.096489830144929","0.232572001290497","0.0202981626711871","0.01","0.1","","","","1.00522091946984","","","","","","","","",""
"1783","W875RX1MoMDifferenceL1","BAA10YB_IndexMoMPercentChangeL0",NA,"0",NA,"-0.000255055357163695","0.758265284842989","-9.13256727063665","1.31732810108608e-06","-0.0313893426905095","-0.558370156466833","0.809160584330648","7.71711239178872e-06","0.296773890559261","0.276090769693357",NA,"251.37199812286","258.117483849009","6.32746212481106e-06","70","No gap","1.03877258902792","0.0203095277950709","0.00766953415244367","0.992330465847556","0.0839128071944606","0.324697452516778","0.0179003816777117","0.0730493613659839","0.223358275998736","0.0206341762403933","0.01","0.1","","","","1.00481708875692","","","","","","","","",""
"595","RPIMoMDifferenceL1","BAA10YB_IndexMoMPercentChangeL0",NA,"0",NA,"-0.000221752377392911","0.758711353669481","-9.13158791153309","1.31261149216278e-06","-0.0312620567586269","-0.558310277915743","0.808756324573552","7.75594101924664e-06","0.296770135666828","0.276086904362911",NA,"251.372371888517","258.117857614665","6.32861093752268e-06","70","No gap","1.0381820589419","0.020384869934465","0.00766203226603032","0.99233796773397","0.0841986039936638","0.240888115948195","0.0179645976334529","0.0722421217519479","0.22608903225204","0.0205750172204475","0.01","0.1","","","","1.0082516767026","","","","","","","","",""
"34723","CES0600000007MoMPercentChangeL0","BAA10YB_IndexMoMPercentChangeL0",NA,"0",NA,"-9.28111204198637","0.761452343773929","-9.06675995949808","1.08894327372094e-06","-0.0315697120363938","-0.554346661481447","0.6740766472702","0.000956110146922141","0.296747234004436","0.276063329122214",NA,"251.374651499133","258.120137225281","6.33562210594629e-06","70","No gap","1.0051479571522","0.0252839372155913","0.0131460828968929","0.986853917103107","0.0974956839442347","0.375691824885663","0.0247026541249503","0.0707993233868829","0.280474998000937","0.0201970470971745","0.01","0.1","","","","0.956229333338287","","","","","","","","",""
"34427","CES0600000007MoMDifferenceL0","BAA10YB_IndexMoMPercentChangeL0",NA,"0",NA,"-0.224528166273073","0.762927168030798","-9.06684778319685","1.08994756058347e-06","-0.0313725825554014","-0.55435203107041","0.682596266836331","0.000751980615888323","0.296735033104154","0.276050769371923",NA,"251.375865935325","258.121351661473","6.33936039551308e-06","70","No gap","1.00523900478016","0.0252366689761938","0.0131199687021147","0.986880031297885","0.0978007602743059","0.372632826742113","0.0247772706247361","0.0709069078677009","0.280006860142661","0.020201131181341","0.01","0.1","","","","0.956114352945731","","","","","","","","",""
"44701","USGG2YR_IndexMoMDifferenceL1","BAA10YB_IndexMoMPercentChangeL0",NA,"0",NA,"0.445395313769764","0.763357344182677","-9.20536204608996","2.36206734748525e-06","0.0321482301624829","-0.562820868841054","0.736931703849385","0.00184668706315384","0.296731490344054","0.276047122412997",NA,"251.376218565691","258.121704291839","6.34044627900732e-06","70","No gap","1.11826609532768","0.0268271368993364","0.0121624810657651","0.987837518934235","0.0123873576155018","0.0739458877881787","0.0246859650109503","0.0914977528616434","0.272083886938681","0.0181487635584136","0.01","0.1","","","","0.958671169465039","","","","","","","","",""
"45477","TED_G_IndexMoMDifferenceL1","BAA10YB_IndexMoMPercentChangeL0",NA,"0",NA,"-0.00619105465489274","0.79443654005795","-9.04770979479404","1.1011061394591e-06","-0.0270658106640497","-0.55318192399512","0.67761649293326","0.000209832131150912","0.296494348559778","0.27580300587036",NA,"251.399818551411","258.145304277559","6.41354401875738e-06","70","No gap","1.00163730961552","0.0212794959037705","0.00980494686378421","0.990195053136216","0.0967643068673644","0.307073067580313","0.0204178971561962","0.0676341899111167","0.243603562152023","0.0214251405248003","0.01","0.1","","","","0.964692638731887","","","","","","","","",""
"23513","UEMPLT5MoMPercentChangeL1","BAA10YB_IndexMoMPercentChangeL0",NA,"0",NA,"-0.691304428667091","0.798332428028477","-9.12616409420986","1.49053217638005e-06","-0.0271682646310064","-0.557978662758946","0.733519340974078","0.000919717632436757","0.296467197667186","0.275775056422103",NA,"251.40252005893","258.148005785078","6.42196514344384e-06","70","No gap","1.04944844085808","0.0221207284649172","0.0116057175104099","0.98839428248959","0.0437424390080882","0.258326934741566","0.0256361160520401","0.0810865535319534","0.30943903345222","0.0182912163618922","0.01","0.1","","","","0.953340399812233","","","","","","","","",""
"44053","ism_man_emplMoMPercentChangeL1","BAA10YB_IndexMoMPercentChangeL0",NA,"0",NA,"0.903115993162149","0.798794583396561","-9.00026327218088","1.2675444112733e-06","0.026452973739865","-0.55028101765956","0.758259547728641","0.00113029372290269","0.29646401433508","0.275771779462582",NA,"251.402836792909","258.148322519057","6.4229531888671e-06","70","No gap","1.00468198969779","0.0210974732548622","0.0105849229476618","0.989415077052338","0.103231684088434","0.216146032187456","0.023686315126526","0.0634028918468489","0.253269414359824","0.0196017463604028","0.01","0.1","","","","0.961469206187291","","","","","","","","",""
"2959","DPCERA3M086SBEAMoMDifferenceL1","BAA10YB_IndexMoMPercentChangeL0",NA,"0",NA,"-0.0487011745322059","0.800135130412329","-8.96605913291506","1.63313485558726e-06","-0.0263505552446275","-0.548189757882578","0.855453487667371","3.31977153464623e-05","0.296454825495318","0.275762320362827",NA,"251.403751052585","258.149236778733","6.42580605658694e-06","70","No gap","1.02207589704748","0.024282661998927","0.0141149582946974","0.985885041705303","0.0675072617554964","0.478474041958888","0.0176675665009619","0.0714626798910263","0.253415459567209","0.0204690091529696","0.01","0.1","","","","1.60701359868231","","","","","","","","",""
"26353","UEMP27OVMoMDifferenceL1","BAA10YB_IndexMoMPercentChangeL0",NA,"0",NA,"0.000344755260387763","0.821945619766378","-8.95113294504577","2.0655245549483e-06","0.0219483356158521","-0.547277162594851","0.873808082878169","0.000193054296142461","0.296314609856408","0.275617980734538",NA,"251.417700571595","258.163186297743","6.46949181004608e-06","70","No gap","1.04254360344814","0.0233786863004983","0.0102596383746975","0.989740361625303","0.0275393973790277","0.0753643846965024","0.0247215310618372","0.0864396144492066","0.254831737079909","0.0193297062636848","0.01","0.1","","","","1.00947959470861","","","","","","","","",""
"22449","UEMPMEANMoMPercentChangeL0","BAA10YB_IndexMoMPercentChangeL0",NA,"0",NA,"-1.01850842873862","0.827582489139647","-9.09864051532351","1.3757832628155e-06","-0.022557934850503","-0.556295856096386","0.753390937507402","0.00122904546611781","0.296281184883693","0.27558357267439",NA,"251.421025484341","258.166511210489","6.47994820623943e-06","70","No gap","1.03471360365787","0.0242685634438479","0.0115220010995937","0.988477998900406","0.0200229551265227","0.0942830800342715","0.0238863981458646","0.0787665699574002","0.251074986459712","0.0205753305233181","0.01","0.1","","","","0.953199788819381","","","","","","","","",""
"44815","USGG10YR_IndexMoMDifferenceL0","BAA10YB_IndexMoMPercentChangeL0",NA,"0",NA,"0.237618659960923","0.838084868426737","-8.76651611813959","0.000100669681278737","0.0266424540054168","-0.535989588852311","0.755534356237161","0.00476914965869415","0.296221948281347","0.275522593819034",NA,"251.426917592898","258.172403319046","6.49851961076475e-06","70","No gap","1.57757179434667","0.022520953171248","0.0102814201752361","0.989718579824764","0.0995398901467851","0.204139535197297","0.0256157722386378","0.068901809155296","0.250428678103919","0.0209713358803118","0.01","0.1","","","","0.950157712515205","","","","","","","","",""
"45473","TED_G_IndexMoMDifferenceL0","BAA10YB_IndexMoMPercentChangeL0",NA,"0",NA,"0.00490881932902552","0.840428216260231","-9.11512835679282","1.73674621710412e-06","0.0215407039314864","-0.557303931739105","0.830500536417675","3.48836108228917e-05","0.29620926741222","0.275509539983168",NA,"251.428178861049","258.173664587197","6.50250192724133e-06","70","No gap","1.06241729342747","0.0229908727008343","0.0106853261873818","0.989314673812618","0.0865918404882941","0.457711686957523","0.0211906509712017","0.0752306331490407","0.240585922285","0.0203104027200141","0.01","0.1","","","","0.997105040497368","","","","","","","","",""
"32407","USWTRADEMoMPercentChangeL1","BAA10YB_IndexMoMPercentChangeL0",NA,"0",NA,"-9.56053236434449","0.850810217302635","-8.99441885376794","1.39498147087003e-06","-0.0195143369006564","-0.549923686722159","0.580736348775684","0.0010178461313139","0.296155421697417","0.275454110570871",NA,"251.43353422548","258.179019951628","6.5194381032585e-06","70","No gap","1.01233223366094","0.023784829306104","0.0108095295992554","0.989190470400745","0.0861063759418479","0.461047522429158","0.0236839531999449","0.0721433963013902","0.254021680467052","0.0217966609523655","0.01","0.1","","","","0.993458308809183","","","","","","","","",""
"32079","USWTRADEMoMDifferenceL1","BAA10YB_IndexMoMPercentChangeL0",NA,"0",NA,"-0.00159457564514039","0.851213906633549","-8.99471237221865","1.39216023897243e-06","-0.0194697994387184","-0.549941632600727","0.676091251315522","0.000264112049582761","0.296153404641025","0.27545203418929",NA,"251.433734829064","258.179220555213","6.52007336232607e-06","70","No gap","1.01219533946187","0.0237765269004026","0.0108152213364312","0.989184778663569","0.0862821751797595","0.463367191172025","0.0236407356829399","0.0720499187435374","0.254520364183896","0.0217766480893326","0.01","0.1","","","","0.996389147813872","","","","","","","","",""
"45229","MOVE_IndexMoMPercentChangeL0","BAA10YB_IndexMoMPercentChangeL0",NA,"0",NA,"-0.240801833507189","0.854036614973354","-8.97318344972924","1.79715689430253e-06","-0.0194089112686362","-0.548625342508058","0.839794526921321","0.0011421798067672","0.296139460483149","0.275437679909124",NA,"251.435121610487","258.180607336635","6.52446662985362e-06","70","No gap","1.03298130193061","0.0219683308535243","0.0125184087336284","0.987481591266372","0.00753960114061944","0.113751552102228","0.0181081501271996","0.0595987971684372","0.276697911054662","0.0200359883507562","0.01","0.1","","","","0.959687312188805","","","","","","","","",""
"23089","UEMPLT5MoMDifferenceL1","BAA10YB_IndexMoMPercentChangeL0",NA,"0",NA,"-0.000191417478197354","0.86489433187938","-9.0889417144596","1.51444043604465e-06","-0.0180186174154876","-0.555702866108419","0.833208350768281","3.77985417729149e-05","0.296088416631576","0.275385134767799",NA,"251.440197815014","258.185683541162","6.54057310500722e-06","70","No gap","1.04197063296915","0.0222275995260899","0.0116172394924063","0.988382760507594","0.0407551945338524","0.273422535565043","0.0240482276561544","0.0769973496743824","0.291683065287197","0.0189292564129699","0.01","0.1","","","","0.952569080935353","","","","","","","","",""
"44883","USGG10YR_IndexMoMPercentChangeL0","BAA10YB_IndexMoMPercentChangeL0",NA,"0",NA,"0.409187552608374","0.867896050704376","-8.83277547969807","5.86588654458056e-05","0.0210443540464182","-0.540040722447545","0.796553824022488","0.00493351521978072","0.296075027868105","0.275371352217167",NA,"251.441529238664","258.187014964812","6.5448042059213e-06","70","No gap","1.48816333353669","0.0226523032491281","0.00999213694648799","0.990007863053512","0.102385525697981","0.295915521492836","0.0249028603219001","0.069807055608731","0.249129413724098","0.0211412194972465","0.01","0.1","","","","0.952897210450564","","","","","","","","",""
"38207","HOUSTWMoMDifferenceL0","BAA10YB_IndexMoMPercentChangeL0",NA,"0",NA,"0.00069385598333796","0.871191983124604","-9.03464447310091","1.12630109154929e-06","0.0168247358636785","-0.552383103082895","0.884216172559018","0.000234005180151465","0.296060685705985","0.27535658822675",NA,"251.442955443389","258.188441169537","6.54933954580272e-06","70","No gap","1.0003059757437","0.0206729843833459","0.0112514140401213","0.988748585959879","0.00947887229429503","0.0414109931110359","0.019699280714425","0.0595891390512395","0.269287690986576","0.0197301781614938","0.01","0.1","","","","0.969955546964415","","","","","","","","",""
"45481","TED_G_IndexMoMPercentChangeL0","BAA10YB_IndexMoMPercentChangeL0",NA,"0",NA,"0.115356568678131","0.884655439231207","-9.10936463359216","2.59706825781522e-06","0.0157800862998012","-0.556951534551106","0.888637238455178","0.000994884500662612","0.296005981129524","0.275300274692157",NA,"251.448395076451","258.193880802599","6.56666648457538e-06","70","No gap","1.10451970379114","0.0230866156447093","0.0109460715157611","0.989053928484239","0.106949711492751","0.471919858173916","0.0220086134494447","0.0772973276550821","0.239152797580578","0.0202723030557599","0.01","0.1","","","","0.958607988671371","","","","","","","","",""
"4407","CMRMTSPLMoMPercentChangeL0","BAA10YB_IndexMoMPercentChangeL0",NA,"0",NA,"-1.2645114850589","0.886986934006975","-9.01598723736213","1.21373741340242e-06","-0.014425158037831","-0.551242389488351","0.796587704881403","0.0010020597310489","0.295997138241042","0.275291171718719",NA,"251.449274342879","258.194760069027","6.56947152466447e-06","70","No gap","1.00330189475835","0.0217428822635998","0.00961113973123714","0.990388860268763","0.103770791415872","0.0824346233697169","0.0226669724001634","0.0704091444851719","0.275757860017814","0.0206465132593705","0.01","0.1","","","","2.19831784609753","","","","","","","","",""
"22017","UEMPMEANMoMDifferenceL0","BAA10YB_IndexMoMPercentChangeL0",NA,"0",NA,"-0.0243601098550553","0.889010639081403","-9.07705542133778","1.52507625946042e-06","-0.0144208869004541","-0.554976131647718","0.857355032168135","0.000145296292144335","0.295989612970178","0.27528342511636",NA,"251.450022587202","258.195508313351","6.57185952102068e-06","70","No gap","1.03981550794194","0.0238991954692366","0.0111807250055542","0.988819274994446","0.0176765625544194","0.127051360300451","0.0231927423379299","0.0759701185785097","0.254159782567867","0.0205363328528855","0.01","0.1","","","","0.950649833625856","","","","","","","","",""
"21361","UNRATEMoMDifferenceL1","BAA10YB_IndexMoMPercentChangeL0",NA,"0",NA,"0.179072045821236","0.889821991913578","-8.94750517913976","4.30145315983908e-06","0.0141637467568579","-0.547055359003753","0.87448997545627","0.0003959524933408","0.295986635067127","0.275280359627925",NA,"251.450318680522","258.19580440667","6.57280473248534e-06","70","No gap","1.12283521519426","0.0233142333483028","0.0102316175767589","0.989768382423241","0.098130087145901","0.479561274817863","0.0207940310984481","0.0696961630038495","0.207407761956363","0.0211503614836416","0.01","0.1","","","","0.953615200684086","","","","","","","","",""
"38447","HOUSTWMoMPercentChangeL0","BAA10YB_IndexMoMPercentChangeL0",NA,"0",NA,"-0.141684629208046","0.899476634844616","-9.02737112485062","1.14504989877562e-06","-0.0130351391267049","-0.551938406593924","0.92680389900788","0.000590913573086002","0.295952915225671","0.275245648026426",NA,"251.453671361727","258.199157087875","6.58351690430159e-06","70","No gap","1.00013230969901","0.0244653111319266","0.0132739122923794","0.986726087707621","0.00545063014067867","0.0330857368770227","0.0213785774791512","0.0752335701797766","0.25783394341542","0.0206600589564347","0.01","0.1","","","","0.976778533877491","","","","","","","","",""
"45313","AAIIBULL_IndexMoMPercentChangeL0","BAA10YB_IndexMoMPercentChangeL0",NA,"0",NA,"-0.075024674828059","0.908015657333647","-9.07404164218618","1.71139574387643e-06","-0.0122038578204182","-0.554791867542504","0.889012939169636","0.000575806481585175","0.295925718788108","0.27521765169364",NA,"251.456375319888","258.201861046036","6.59216905385396e-06","70","No gap","1.05090583020791","0.022668270559945","0.0128474241054248","0.987152575894575","0.0758999018709621","0.328757537492785","0.0214692362028986","0.0716157370434324","0.266431061247577","0.0209878391142164","0.01","0.1","","","","0.953038343958551","","","","","","","","",""
"45485","TED_G_IndexMoMPercentChangeL1","BAA10YB_IndexMoMPercentChangeL0",NA,"0",NA,"-0.0822895606656465","0.914108593553452","-9.02888213273047","1.14059266197827e-06","-0.011150265939759","-0.552030790441892","0.837318752945755","0.000886173050794016","0.295907813249925","0.275199219521982",NA,"251.458155489635","258.203641215784","6.59787146339852e-06","70","No gap","1.00002714683751","0.0224094260734218","0.0105006741973498","0.98949932580265","0.0726487363245121","0.215030604477263","0.0200088217285885","0.0672255189741879","0.254829850428034","0.0206649658207575","0.01","0.1","","","","0.96965928821124","","","","","","","","",""
"44781","USGG2YR_IndexMoMPercentChangeL1","BAA10YB_IndexMoMPercentChangeL0",NA,"0",NA,"0.121896209061368","0.916467502610739","-9.09262789243271","3.21422501558341e-06","0.011145720328008","-0.555928241045238","0.917402254239703","0.00172429094203852","0.295901215474442","0.275192427694279",NA,"251.458811429481","258.204297155629","6.59997387586486e-06","70","No gap","1.12464155521939","0.0232039114680045","0.0116868707151651","0.988313129284835","0.00828261039878018","0.074006911499497","0.0232742950659652","0.078870105643937","0.279141712133094","0.0201223083863123","0.01","0.1","","","","0.956993913804032","","","","","","","","",""
"1191","RPIMoMPercentChangeL1","BAA10YB_IndexMoMPercentChangeL0",NA,"0",NA,"-0.979367539900522","0.918196785522931","-9.06492575532178","1.58122115322406e-06","-0.0104879350090765","-0.554234517235195","0.935770432037846","0.00115577222418104","0.295896497116636","0.275187570561243",NA,"251.459280516982","258.20476624313","6.60147780173759e-06","70","No gap","1.04059386220346","0.0220661775535283","0.00873368603827652","0.991266313961723","0.0770758250341551","0.337730303882836","0.0206072710500955","0.0709792608520583","0.236348137407588","0.0204446592251642","0.01","0.1","","","","0.99959178675659","","","","","","","","",""
"2375","W875RX1MoMPercentChangeL1","BAA10YB_IndexMoMPercentChangeL0",NA,"0",NA,"-0.908772297502682","0.919851087047088","-9.06446964487838","1.59233411755154e-06","-0.010295827514744","-0.554206630393292","0.93750541208583","0.0011816157872883","0.295892076981804","0.275183020422445",NA,"251.459719953039","258.205205679187","6.60288697396094e-06","70","No gap","1.04120042996182","0.0220468767024082","0.00876486394340888","0.991235136056591","0.0765074150596552","0.377862723459281","0.0206186491746395","0.0712032221063701","0.236034165855293","0.0204622423970244","0.01","0.1","","","","0.996904942127559","","","","","","","","",""
"3831","CMRMTSPLMoMDifferenceL0","BAA10YB_IndexMoMPercentChangeL0",NA,"0",NA,"-6.30185280734944e-07","0.927522191744928","-9.02063407270896","1.20624758735784e-06","-0.00924536731096109","-0.551526499542271","0.843875940065224","0.000341565820158191","0.295872775046375","0.275163150783034",NA,"251.4616388591","258.207124585248","6.60904399818474e-06","70","No gap","1.00355796688854","0.0221454972138804","0.00981414062363792","0.990185859376362","0.104478511195961","0.0930391582138498","0.0217156749487477","0.0696689002607219","0.268217366735641","0.0205423710077872","0.01","0.1","","","","2.26648739181147","","","","","","","","",""
"45181","MOVE_IndexMoMDifferenceL0","BAA10YB_IndexMoMPercentChangeL0",NA,"0",NA,"0.00159612662543194","0.933086811646299","-9.05276249874925","1.40689858893267e-06","0.00880127773897629","-0.553490849077678","0.938682585495239","3.65623868015002e-05","0.295860000441207","0.275150000454184",NA,"251.462908820292","258.20839454644","6.61312196714725e-06","70","No gap","1.02592978690963","0.0211365013593975","0.011345718996515","0.988654281003485","0.00643423159712699","0.102380896992687","0.0219229468954836","0.0726169593013362","0.254271036818377","0.0205689541078292","0.01","0.1","","","","0.967899625080291","","","","","","","","",""
"19569","CLF16OVMoMDifferenceL1","BAA10YB_IndexMoMPercentChangeL0",NA,"0",NA,"-1.09190606321564e-05","0.944728342005373","-9.05653557698613","1.79318929593272e-06","-0.00734559338810032","-0.553721537144139","0.90504179893588","0.000181305968221421","0.295836600545819","0.275125912326579",NA,"251.465235013183","258.210720739331","6.62059812572835e-06","70","No gap","1.05157783657907","0.0232680163471454","0.0123925181224819","0.987607481877518","0.104163944024382","0.494858626314448","0.0222047646127809","0.0704963944355949","0.249996405556131","0.0204819953553446","0.01","0.1","","","","1.57517771328069","","","","","","","","",""
"20025","CLF16OVMoMPercentChangeL1","BAA10YB_IndexMoMPercentChangeL0",NA,"0",NA,"-1.71019358926273","0.945648010933315","-9.05627287813571","1.80666306601023e-06","-0.0072232234565544","-0.553705475592785","0.914632032602531","0.00193261978205076","0.295834943317433","0.275124206356181",NA,"251.465399755984","258.210885482132","6.62112791349756e-06","70","No gap","1.0522963721428","0.0232756038870666","0.0123673487407343","0.987632651259266","0.104487657521654","0.494280071957553","0.0221844813225562","0.0704730901975292","0.249708221506376","0.0204721295101688","0.01","0.1","","","","1.55528691906606","","","","","","","","",""
"25761","UEMP15T26MoMPercentChangeL0","BAA10YB_IndexMoMPercentChangeL0",NA,"0",NA,"0.152995305267164","0.946443147555696","-9.02696521368732","1.15413325394168e-06","0.00693810302541694","-0.551913588963453","0.950838985114289","0.000901678604122776","0.295833533042536","0.275122754602611",NA,"251.465539949171","258.211025675319","6.62157878683622e-06","70","No gap","1.00063470248073","0.0201538692883269","0.0120219228095783","0.987978077190422","0.0105405292394543","0.0291663714119804","0.0207901905810897","0.0729787623828583","0.255667413688102","0.020323057197722","0.01","0.1","","","","1.02342871957951","","","","","","","","",""
"45101","VIX_IndexMoMDifferenceL1","BAA10YB_IndexMoMPercentChangeL0",NA,"0",NA,"-0.0024679899415404","0.954834680700865","-9.01113647727122","1.73949138718113e-06","-0.00599014383140383","-0.550945811364076","0.946188556490397","0.000114827306808632","0.295819923070955","0.275108744337748",NA,"251.466892880401","258.212378606549","6.62593150813073e-06","70","No gap","1.03790226111383","0.0218071863123194","0.0119269661905814","0.988073033809419","0.10009541755621","0.365595678410814","0.0203212151074808","0.0671665988435469","0.254684953284391","0.0207261206190183","0.01","0.1","","","","0.948612044639969","","","","","","","","",""
"36551","HOUSTMoMPercentChangeL1","BAA10YB_IndexMoMPercentChangeL0",NA,"0",NA,"-0.084711723838497","0.962094044449692","-9.03005453646607","1.13893007971125e-06","-0.00491875996260232","-0.552102471847338","0.946310717040252","0.000984924640598414","0.295810023150814","0.275098553243486",NA,"251.467876988815","258.213362714963","6.62909943072165e-06","70","No gap","1.00000741313866","0.0212658381210367","0.0124246555046505","0.98757534449535","0.102170485049748","0.190698785279284","0.0209466632470117","0.0698742475101838","0.257748190995705","0.0204063632692123","0.01","0.1","","","","0.988414458596159","","","","","","","","",""
"16759","IPB51222SMoMDifferenceL1","BAA10YB_IndexMoMDifferenceL0",NA,"0",NA,"-0.0593425991067979","0.065755792498819","-0.0589889795525843","3.26317245681583e-06","-0.19356643002117","-0.524875130373714","0.0723658544530214","0.00103846058470288","0.29580663730555","0.275095067814537",NA,"251.468213557932","258.21369928408","6.63018322077935e-06","70","No gap","1.00130693524277","0.0101833055843138","0.00491210144200818","0.995087898557992","0.298230396729699","0.497248656296568","0.0255582956231958","0.0711739292331366","0.0719037321769432","0.0393867531995675","0.01","0.1","","","","0.849089111363437","","","","","","","","",""
"44153","ism_man_newordersMoMDifferenceL1","BAA10YB_IndexMoMPercentChangeL0",NA,"0",NA,"0.00112485554417115","0.978985993400641","-9.02690896318597","1.19942940617766e-06","0.00273945520197086","-0.551910149777044","0.969944587921648","0.00026793514408341","0.295793697569201","0.275081747497707",NA,"251.469499814336","258.214985540484","6.63432674252729e-06","70","No gap","1.00429123938141","0.0229531326425591","0.0112745515069552","0.988725448493045","0.104476328085607","0.394614297612861","0.0213137741659026","0.0683314227831817","0.263957935630066","0.020333559518004","0.01","0.1","","","","0.948512271396362","","","","","","","","",""
"45365","AAIIBEAR_IndexMoMDifferenceL1","BAA10YB_IndexMoMPercentChangeL0",NA,"0",NA,"0.000488599815631265","0.981312698910639","-9.02857223793023","1.15507266233732e-06","0.00243302514622881","-0.55201184330436","0.97417515814256","8.34258997820399e-05","0.295792183203892","0.275080188592242",NA,"251.469650346158","258.215136072306","6.63481183216241e-06","70","No gap","1.00101076348392","0.0228320504709797","0.0121297341667168","0.987870265833283","0.102988462323897","0.31549923122476","0.0210205977291705","0.0694387567809465","0.260929725374264","0.0204160897866387","0.01","0.1","","","","1.0079638557287","","","","","","","","",""
"45397","AAIIBEAR_IndexMoMPercentChangeL1","BAA10YB_IndexMoMPercentChangeL0",NA,"0",NA,"0.0120512190873365","0.982958613924735","-9.0275314917945","1.19472006401526e-06","0.00220293291673038","-0.551948211516558","0.973765066617986","0.000610332635114839","0.295791219207824","0.275079196243349",NA,"251.469746169687","258.215231895835","6.63512064236205e-06","70","No gap","1.004044380964","0.0228934687785691","0.0120172915989001","0.9879827084011","0.104166290519624","0.393344104566969","0.0209554713956697","0.0693674844395614","0.25480516056233","0.0204135385765852","0.01","0.1","","","","0.983333549653919","","","","","","","","",""
"36279","HOUSTMoMDifferenceL1","BAA10YB_IndexMoMPercentChangeL0",NA,"0",NA,"2.85778342140954e-05","0.986222809995061","-9.0301708512071","1.1404361759232e-06","0.00179202270151416","-0.552109583394204","0.981284449133975","4.14705513500619e-05","0.295789570270484","0.275077498807852",NA,"251.469910077724","258.215395803872","6.63564890179824e-06","70","No gap","1.00013145818397","0.0212560664714025","0.0124451034702217","0.987554896529778","0.0990843276494893","0.19494840561838","0.0208785305924549","0.0683332440802968","0.253904686219801","0.0203412528825882","0.01","0.1","","","","0.9962191384645","","","","","","","","",""
"21801","UNRATEMoMPercentChangeL1","BAA10YB_IndexMoMPercentChangeL0",NA,"0",NA,"-0.059750267579339","0.993012255662264","-9.03561927876597","4.55416560430996e-06","-0.00092139242012743","-0.552442703234265","0.991683950502758","0.000520306521895467","0.295787259661253","0.275075120239525",NA,"251.470139756772","258.21562548292","6.63638920550547e-06","70","No gap","1.15167324277067","0.0227399461900651","0.0102008869140916","0.989799113085908","0.0862119892815577","0.389814706486472","0.0209575066290078","0.0687929884489511","0.233872574046991","0.0203180236154126","0.01","0.1","","","","0.960709696305785","","","","","","","","",""
"44253","ism_man_newordersMoMPercentChangeL1","BAA10YB_IndexMoMPercentChangeL0",NA,"0",NA,"-0.0170396860283468","0.994598053294529","-9.03072135475209","1.20969031133253e-06","-0.00070348413750633","-0.552143241481951","0.990506875049137","0.00101131496475114","0.295786937677359","0.275074788785516",NA,"251.470171762537","258.215657488685","6.6364923733131e-06","70","No gap","1.005958300318","0.022883840065278","0.0111935255572476","0.988806474442752","0.104805424020422","0.410335642705906","0.0207973082089781","0.0688791044203652","0.261345840266377","0.0203622762486612","0.01","0.1","","","","0.94844362920224","","","","","","","","",""
"9387","IPDCONGDMoMDifferenceL0","BAA10YB_IndexMoMDifferenceL0",NA,"0",NA,"-0.112316172193325","0.066380905406267","-0.0533334379138343","2.97725912998512e-05","-0.196474702930442","-0.474552965496684","0.0368979757757805","0.00140897109839235","0.295643958256939","0.274927604088026",NA,"251.484382722347","258.229868448495","6.68245899659858e-06","70","No gap","1.05038993242186","0.0124882747341118","0.00572467376515315","0.994275326234847","0.466876910507416","0.462305929550224","0.0559925728980249","0.0274059420463222","0.0521906282444498","0.0261661587014195","0.01","0.1","","","","0.89479771390346","","","","","","","","",""
"17711","IPFUELSMoMDifferenceL1","BAA10YB_IndexMoMDifferenceL0",NA,"0",NA,"-0.166267656436717","0.0675412979768233","-0.0603675683839134","2.27505923056911e-06","-0.19296078232472","-0.537141607910091","0.0642427655446624","0.000388551424280232","0.295346174174932","0.274621061650665",NA,"251.513970713929","258.259456440077","6.77918808478228e-06","70","No gap","1.01003963851655","0.00564068921679012","0.00260955672890364","0.997390443271096","0.0476703767932544","0.44149166366887","0.0329089736722032","0.0544771957688724","0.158155312698893","0.021789325974677","0.01","0.1","","","","0.993924357575271","","","","","","","","",""
"17239","IPB51222SMoMPercentChangeL1","BAA10YB_IndexMoMDifferenceL0",NA,"0",NA,"-5.96775635891916","0.0684093775704538","-0.0588846900834229","3.3980602063388e-06","-0.191585964868496","-0.523947178252184","0.0768063579728111","0.00105446132656913","0.295126877777292","0.274395315358977",NA,"251.535752132128","258.281237858276","6.85128954469594e-06","70","No gap","1.00100192692502","0.0114568142519042","0.00556929922510296","0.994430700774897","0.295702732004295","0.512684295179948","0.0274273341580006","0.0753069029610042","0.0754639594842062","0.037880187460382","0.01","0.1","","","","0.855049444818753","","","","","","","","",""
"41011","BUSLOANSMoMPercentChangeL0","BAA10YB_IndexMoMDifferenceL0",NA,"0",NA,"-37.119715018044","0.0703188915017313","-0.0577224288825141","4.97073671722268e-06","-0.135528864475832","-0.513605551663924","0.196554155128917","0.000125197770624979","0.294654559235863","0.273909105095742",NA,"251.582641742014","258.328127468162","7.00911778794833e-06","70","No gap","1.00050458392388","0.0458972137195134","0.0150596839581589","0.984940316041841","0.0413387467935643","0.202340486512408","0.0175046177321493","0.08073824830517","0.189720501182473","0.0238129522668553","0.01","0.1","","","","0.988682733570598","","","","","","","","",""
"18183","IPFUELSMoMPercentChangeL1","BAA10YB_IndexMoMDifferenceL0",NA,"0",NA,"-17.9433133465142","0.0722438787962267","-0.060264233754418","2.377164566858e-06","-0.189683358884073","-0.536222151809309","0.0742304806699029","0.000390068019343292","0.294191809559205","0.273432745134476",NA,"251.628550958149","258.374036684297","7.16716805182482e-06","70","No gap","1.00940763033458","0.00595819728232454","0.00277103627453201","0.997228963725468","0.0489015400549691","0.446809669723874","0.0328841180000605","0.0548553569011418","0.175591294943923","0.0222793414063052","0.01","0.1","","","","1.02236882519886","","","","","","","","",""
"38565","HOUSTWMoMPercentChangeL1","BAA10YB_IndexMoMDifferenceL0",NA,"0",NA,"-2.03042586795532","0.0733819634101937","-0.0598774409970951","2.62645419725574e-06","-0.188052217623117","-0.532780527620057","0.0341195842984542","0.000345720551443349","0.293924262390012","0.273157328930895",NA,"251.655080479019","258.400566205167","7.26012010454635e-06","70","No gap","1.00625658994371","0.0220206187867108","0.0123507160577328","0.987649283942267","0.17993512034086","0.709070660911031","0.0524497565749319","0.086650481923591","0.193582137691842","0.0447630428640445","0.01","0.1","","","","0.839998056694705","","","","","","","","",""
"29157","USCONSMoMDifferenceL0","BAA10YB_IndexMoMDifferenceL0",NA,"0",NA,"-0.00754214438163639","0.0757122673364582","-0.0565938173501378","7.63893444747945e-06","-0.152719554133016","-0.503563334800871","0.0584813512907208","0.000419311524704813","0.293389768809548","0.272607114951006",NA,"251.708049862511","258.453535588659","7.44933195795383e-06","70","No gap","1.00586952560437","0.0354548892828925","0.0150378663567074","0.984962133643293","0.232360522572856","0.537497327536907","0.00644883705934294","0.018419080341041","0.153826313771095","0.0398411639899217","0.01","0.1","","","","0.995033033210896","","","","","","","","",""
"42307","WPSID61MoMDifferenceL1","BAA10YB_IndexMoMDifferenceL0",NA,"0",NA,"0.217772798918171","0.0784513014142955","-0.059532269374752","2.92483578269571e-06","0.185582018113893","-0.529709242073964","0.127241216217466","0.000510478629232317","0.292783196402246","0.271982702178783",NA,"251.768113887419","258.513599613567","7.66985962397104e-06","70","No gap","1.00407851950792","0.0539157545518248","0.0228725930431369","0.977127406956863","0.345367387615061","0.82129239048477","0.0087875977772223","0.0574816235316092","0.0273016585849988","0.014504771245773","0.01","0.1","","","","0.828958666101879","","","","","","","","",""
"39907","M2SLMoMPercentChangeL1","BAA10YB_IndexMoMDifferenceL0",NA,"0",NA,"-57.4517308473439","0.0801889888808569","-0.0595281134646112","2.94448751262881e-06","-0.0943720558709598","-0.529672263406193","0.0733098338632831","0.000241705740897891","0.292409821877732","0.271598346050607",NA,"251.805060577194","258.550546303342","7.80874178873958e-06","70","No gap","1.00409915868847","0.0388268570004413","0.0126404715284727","0.987359528471527","0.201949822202952","0.630923634851317","0.0146225082697365","0.0232746495420241","0.263773585908782","0.0310191467125068","0.01","0.1","","","","0.917355767559704","","","","","","","","",""
"40819","BUSLOANSMoMDifferenceL0","BAA10YB_IndexMoMDifferenceL0",NA,"0",NA,"-0.0181606508453559","0.0864398513742074","-0.0574753073006837","5.68149920086593e-06","-0.130240845890341","-0.51140670073507","0.191108906148386","0.000111935623657288","0.291133948250593","0.270284946728552",NA,"251.931165678319","258.676651404468","8.30198711343488e-06","70","No gap","1.00128608417359","0.0407114838212008","0.0136208303498545","0.986379169650145","0.0617324772438451","0.306879655888982","0.014170457981285","0.0590016920190546","0.19104951002688","0.0240703918925991","0.01","0.1","","","","1.05478070983934","","","","","","","","",""
"8039","IPFINALMoMPercentChangeL1","BAA10YB_IndexMoMDifferenceL0",NA,"0",NA,"-34.4610483716801","0.0871197463448452","-0.0554566470271779","1.26023109497718e-05","-0.180540186600541","-0.493444963097413","0.115499687358537","0.00111918092586779","0.291001091676773","0.270148182608442",NA,"251.944283937754","258.689769663902","8.35505398488756e-06","70","No gap","1.01839645426196","0.0211433407536581","0.00938430778289734","0.990615692217103","0.11071553087129","0.283766999019449","0.0906888279233921","0.197757276330557","0.0875625169747912","0.0529643455075229","0.01","0.1","","","","0.801242113233858","","","","","","","","",""
"16037","IPMANSICSMoMPercentChangeL0","BAA10YB_IndexMoMDifferenceL0",NA,"0",NA,"-22.0341887223657","0.0882561336544623","-0.0535668872129036","2.98762226811024e-05","-0.183313166091818","-0.476630162495412","0.0808285229690502","0.00103057209990341","0.290781465677504","0.269922097020961",NA,"251.96596442145","258.711450147598","8.4435019375162e-06","70","No gap","1.05279324525487","0.0174111891502148","0.00795411827642923","0.992045881723571","0.520332679949618","0.798489674402172","0.0376900017718578","0.0479880641327046","0.0484679317914917","0.0533419638674148","0.01","0.1","","","","0.949414458000741","","","","","","","","",""
"37713","HOUSTSMoMDifferenceL0","BAA10YB_IndexMoMDifferenceL0",NA,"0",NA,"-0.0048898875547705","0.0899274315785304","-0.0566707480274692","7.73448055473182e-06","-0.178973543647889","-0.504247852478585","0.0257770971524963","0.000614830405246288","0.290463845744816","0.269595135325546",NA,"251.99730654964","258.742792275788","8.57302343670874e-06","70","No gap","1.00582597140612","0.0123755482068986","0.00646681960560147","0.993533180394399","0.355144248587321","0.778853028714284","0.0121156301435323","0.00601901552823869","0.0724314762976089","0.0402973729840899","0.01","0.1","","","","0.825994226565518","","","","","","","","",""
"42467","WPSID61MoMPercentChangeL1","BAA10YB_IndexMoMDifferenceL0",NA,"0",NA,"40.6777600656549","0.090275120697946","-0.0594443637711415","3.10269295755909e-06","0.178768384602151","-0.528927071141264","0.139929567968669","0.000538800402490973","0.290398556512799","0.269527925821999",NA,"252.003747427891","258.749233154039","8.59988550716562e-06","70","No gap","1.00383219410062","0.0496341321463979","0.0208579075224288","0.979142092477571","0.339731624895593","0.820470994839104","0.00888102723644748","0.0526352825365425","0.0279575581415039","0.0151485018765306","0.01","0.1","","","","0.822893816701346","","","","","","","","",""
"7491","IPFINALMoMDifferenceL1","BAA10YB_IndexMoMDifferenceL0",NA,"0",NA,"-0.334998396218899","0.0905017871456145","-0.0554416661250413","1.28268484264494e-05","-0.178863976278012","-0.493311665267518","0.117203143249217","0.00114537092926691","0.290356136504525","0.269484258166423",NA,"252.007931906171","258.753417632319","8.61738221269448e-06","70","No gap","1.01898749710055","0.0206163278622324","0.00912739881009506","0.990872601189905","0.115800710493581","0.298159242073186","0.0874753300856634","0.19171702491999","0.0856135967245548","0.052074641490409","0.01","0.1","","","","0.800561065478547","","","","","","","","",""
"38325","HOUSTWMoMDifferenceL1","BAA10YB_IndexMoMDifferenceL0",NA,"0",NA,"-0.00735064838849797","0.0908461803973663","-0.0602231912826552","2.56306336585202e-06","-0.178972196545425","-0.535856962025035","0.0322355059953344","0.000258377760932845","0.290291899604581","0.269418131945892",NA,"252.01426801323","258.759753739378","8.64394338195851e-06","70","No gap","1.01018440011222","0.0180801488388133","0.00989158667475896","0.990108413325241","0.205185307158026","0.672805148107109","0.0417107756320099","0.083537540948787","0.138913514255516","0.0477304782162767","0.01","0.1","","","","0.839898703912813","","","","","","","","",""
"39477","M1SLMoMPercentChangeL1","BAA10YB_IndexMoMDifferenceL0",NA,"0",NA,"-27.1144665639491","0.0981331633867854","-0.059344175741872","3.25398834550222e-06","-0.147939483958178","-0.528035613019365","0.0333972626042496","0.000332744400261779","0.288990299074286","0.268078249047059",NA,"252.142530026316","258.888015752464","9.19957769895952e-06","70","No gap","1.00339368316882","0.025101313251689","0.0115877553228593","0.988412244677141","0.217427472241894","0.57256910090527","0.0250416147980833","0.0151975546603873","0.194098472594397","0.03504484156026","0.01","0.1","","","","0.860550593210302","","","","","","","","",""
"39691","M2SLMoMDifferenceL1","BAA10YB_IndexMoMDifferenceL0",NA,"0",NA,"-0.00440443066506663","0.100997167752039","-0.0596054400889522","3.06153460193312e-06","-0.0861654499402458","-0.530360304161267","0.080561992956108","0.000150822343936239","0.28850670839607","0.267580435113601",NA,"252.190124089678","258.935609815826","9.41472259197162e-06","70","No gap","1.00521115369744","0.0360916198728594","0.0118489971023857","0.988151002897614","0.193445385985159","0.572247700768207","0.013861822903148","0.0219302741061127","0.250197707537864","0.0317976423047164","0.01","0.1","","","","0.941648545402348","","","","","","","","",""
"33513","USFIREMoMPercentChangeL0","BAA10YB_IndexMoMDifferenceL0",NA,"0",NA,"-148.471600738823","0.101255629659281","-0.0569707619555391","7.09273322686822e-06","-0.128982411539982","-0.506917331605092","0.0852165646793894","0.00013312065595779","0.288463789620857","0.267536254021471",NA,"252.19434650989","258.939832236038","9.43405096409666e-06","70","No gap","1.00402880476431","0.10911102674453","0.0493932303995494","0.950606769600451","0.3010862151958","0.50443372920637","0.0150213445297584","0.0404819036866051","0.147507232569599","0.0304446213077531","0.01","0.1","","","","0.933850698543686","","","","","","","","",""
"15551","IPMANSICSMoMDifferenceL0","BAA10YB_IndexMoMDifferenceL0",NA,"0",NA,"-0.198451957216199","0.10242566222822","-0.0539076463494621","2.69958789846875e-05","-0.175680445837396","-0.479662186401974","0.0903998597745673","0.00102774841598362","0.288270955372857","0.267337748177942",NA,"252.213314720341","258.958800446489","9.52136973142448e-06","70","No gap","1.04928369441447","0.0169525701380301","0.00775618034074085","0.992243819659259","0.516780545454384","0.811900286407052","0.0341492366437574","0.0463424444146993","0.0499180518232006","0.0527763798604687","0.01","0.1","","","","0.968273311369634","","","","","","","","",""
"39799","M2SLMoMPercentChangeL0","BAA10YB_IndexMoMDifferenceL0",NA,"0",NA,"-53.085534758676","0.107563827968154","-0.0584250463509893","4.34034142132145e-06","-0.0889152698073112","-0.519857336966296","0.19240217577243","0.000222340292383755","0.287451181392172","0.266493863197825",NA,"252.293894762292","259.03938048844","9.90141419909829e-06","70","No gap","1.00013559894372","0.0580000865990912","0.0179675859533832","0.982032414046617","0.135816821960717","0.355070303458531","0.0478443944416318","0.0808491725028427","0.149535536007016","0.0366439765200357","0.01","0.1","","","","0.988919301029612","","","","","","","","",""
"33201","USFIREMoMDifferenceL0","BAA10YB_IndexMoMDifferenceL0",NA,"0",NA,"-0.0177259010903446","0.108257634839557","-0.0570126064337797","7.09193618083737e-06","-0.126018287829166","-0.50728965752323","0.0901232360275582","0.000140314872290605","0.287343717334509","0.266383238432583",NA,"252.304451115261","259.049936841409","9.95231280398468e-06","70","No gap","1.00391153215165","0.101450771297038","0.0456906671135129","0.954309332886487","0.301228123803579","0.513050615996128","0.0145976312135628","0.0385563348487074","0.147254035545892","0.0312249618473211","0.01","0.1","","","","0.941491894784591","","","","","","","","",""
"44531","ism_man_pricesMoMDifferenceL1","BAA10YB_IndexMoMDifferenceL0",NA,"0",NA,"0.0602009814285579","0.109865215510539","-0.0547054131204425","1.90111659843644e-05","0.171431286574134","-0.486760595988004","0.160709021142473","0.000846291802742605","0.28709753747647","0.266129817990484",NA,"252.328627727122","259.07411345327","1.00698709618596e-05","70","No gap","1.03407060707458","0.0262496946176782","0.0126307149403281","0.987369285059672","0.187960665070897","0.408207285182127","0.0646498903277322","0.163258513073828","0.0745490619672142","0.038700616673652","0.01","0.1","","","","0.911101345942125","","","","","","","","",""
"33045","USTRADEMoMPercentChangeL1","BAA10YB_IndexMoMDifferenceL0",NA,"0",NA,"-109.476493773297","0.114836382445744","-0.0577351135893619","5.52714254053562e-06","-0.159946918725698","-0.513718418291063","0.190866807931951","0.000261831311190833","0.286360122434116","0.265370714270414",NA,"252.400997198552","259.1464829247","1.04301304764132e-05","70","No gap","1.00062646159103","0.0492843366824389","0.0218192186571509","0.978180781342849","0.00750782068865001","0.0203724923354042","0.0875802454946712","0.159932285651001","0.189115817150651","0.0436693119285005","0.01","0.1","","","","1.22802087164756","","","","","","","","",""
"23719","UEMP5TO14MoMDifferenceL0","BAA10YB_IndexMoMDifferenceL0",NA,"0",NA,"0.00292378829022824","0.118087472151208","-0.0602259863303958","2.76659528959039e-06","0.164433710320439","-0.535881831942405","0.0626822934855131","0.000385186126705802","0.285896260826628","0.26489320967447",NA,"252.446481994682","259.19196772083","1.0663123573007e-05","70","No gap","1.01191870684249","0.041292793373872","0.0216130568462232","0.978386943153777","0.348054417519631","0.535285278784576","0.0187752513567986","0.0400698008946059","0.0681477182837141","0.0708061267618786","0.01","0.1","","","","0.883485650522458","","","","","","","","",""
"25559","UEMP15T26MoMDifferenceL1","BAA10YB_IndexMoMDifferenceL0",NA,"0",NA,"-0.00312525246418421","0.11835792025712","-0.0608392947570507","2.45941762796697e-06","-0.16395233529341","-0.541338958728483","0.0447699526100783","0.000294442830608206","0.285858297571827","0.264854129853351",NA,"252.450203242808","259.195688968957","1.06824142066531e-05","70","No gap","1.02027012764902","0.0109331505176818","0.0054184523278997","0.9945815476721","0.343789884427813","0.433554790145938","0.0107836174283743","0.0290800389689974","0.0627139908904812","0.0319199175835996","0.01","0.1","","","","0.952703747298216","","","","","","","","",""
"6666","IPFPNSSMoMPercentChangeL0","BAA10YB_IndexMoMDifferenceL0",NA,"0",NA,"-28.1094606725176","0.119401265978362","-0.0535371535889331","3.47074083030794e-05","-0.167559520879387","-0.476365597149878","0.209590727477982","0.00105099685717221","0.285712716448463","0.264704266932242",NA,"252.464471615644","259.209957341792","1.0756704233561e-05","70","No gap","1.06384596701117","0.0242169931973542","0.0112065580586274","0.988793441941373","0.508520285140533","0.714375193720385","0.0369163539873477","0.0311487823257103","0.0363991259746791","0.047285042012462","0.01","0.1","","","","0.849453522487186","","","","","","","","",""
"32725","USTRADEMoMDifferenceL1","BAA10YB_IndexMoMDifferenceL0",NA,"0",NA,"-0.0068988803685594","0.120239439238452","-0.0577561880070786","5.54261238677168e-06","-0.157849972421437","-0.513905935312556","0.195929860218364","0.000274653546158483","0.28559675837632","0.264584898328565",NA,"252.475834559438","259.221320285586","1.08162361660558e-05","70","No gap","1.00058806203472","0.0483220533026823","0.0215434180683627","0.978456581931637","0.00789806020183931","0.0208340038626981","0.085794529221008","0.155963148508452","0.185770242399253","0.0433161969786002","0.01","0.1","","","","1.24592549410007","","","","","","","","",""
"41107","BUSLOANSMoMPercentChangeL1","BAA10YB_IndexMoMDifferenceL0",NA,"0",NA,"-31.4880372275556","0.12479664174697","-0.0582300086175947","4.77013415748633e-06","-0.114161052929005","-0.518121920342382","0.129912087049447","0.000212285527490097","0.284981257099511","0.263951294073026",NA,"252.536117796307","259.281603522455","1.11376224071202e-05","70","No gap","1.00000220381468","0.0178095303799455","0.00564905938052326","0.994350940619477","0.251221824590732","0.759098544884854","0.00882954146641911","0.0223040715951216","0.197793014442063","0.0222063309299427","0.01","0.1","","","","0.845170916810428","","","","","","","","",""
"8849","IPCONGDMoMPercentChangeL0","BAA10YB_IndexMoMDifferenceL0",NA,"0",NA,"-22.5927224474767","0.127042162367932","-0.0540901459517244","2.71068379125864e-05","-0.163591995471404","-0.481286040607576","0.175343627871006","0.000916491411347857","0.284686898403924","0.263648277768746",NA,"252.564929444542","259.31041517069","1.12945805397224e-05","70","No gap","1.05163607202054","0.0277170131120884","0.0129669294236589","0.987033070576341","0.502839818490443","0.77785438689157","0.0338563687243257","0.0209186082204454","0.048576620939205","0.0482609110185602","0.01","0.1","","","","0.834160524119865","","","","","","","","",""
"39584","M2SLMoMDifferenceL0","BAA10YB_IndexMoMDifferenceL0",NA,"0",NA,"-0.00409269407137945","0.128423018441321","-0.0581522145450776","4.92202414234792e-06","-0.0817148210964247","-0.517429720303249","0.198754170219397","0.000113656760943428","0.2845086862493","0.263464824080162",NA,"252.582366979337","259.327852705485","1.13906480493364e-05","70","No gap","1.00000792398425","0.0516125187989461","0.0164770642378691","0.983522935762131","0.158599647536747","0.531134959282659","0.0418633605246807","0.0672344718158899","0.158394915159276","0.0362398124579812","0.01","0.1","","","","1.02948217889479","","","","","","","","",""
"44619","ism_man_pricesMoMPercentChangeL1","BAA10YB_IndexMoMDifferenceL0",NA,"0",NA,"2.96893569729528","0.129184628422726","-0.0536865341618903","3.34594559887002e-05","0.16484708930832","-0.477694763178871","0.172280160947985","0.00130384757278371","0.284411285224974","0.263364558319826",NA,"252.59189554738","259.337381273528","1.14434879909808e-05","70","No gap","1.06295918455764","0.0202479024151447","0.00896539196236579","0.991034608037634","0.26689686973842","0.472851738890515","0.0583745114216229","0.12692238719593","0.0539487257502308","0.0410650888545889","0.01","0.1","","","","0.852823011955275","","","","","","","","",""
"39029","ISRATIOMoMPercentChangeL1","BAA10YB_IndexMoMDifferenceL0",NA,"0",NA,"-37.2858863718551","0.131798272188395","-0.0549893700162485","1.77942617414012e-05","-0.160911037604957","-0.489287202039459","0.143225215835374","0.000600633766055584","0.284081735182413","0.263025315628955",NA,"252.624125223819","259.369610949967","1.16240386126565e-05","70","No gap","1.03230393238373","0.039878347488813","0.0189384512496701","0.98106154875033","0.312760365062854","0.890360021126128","0.00830326450878038","0.0417370302109742","0.0531058232467198","0.0227896256891206","0.01","0.1","","","","0.825475221967141","","","","","","","","",""
"39253","M1SLMoMDifferenceL1","BAA10YB_IndexMoMDifferenceL0",NA,"0",NA,"-0.00790139061501952","0.133132069900062","-0.0594327060395187","3.43099587353708e-06","-0.135617000168495","-0.528823342386304","0.04588780707572","0.000200111812518241","0.283916300098672","0.262855014807457",NA,"252.640299022737","259.385784748885","1.171571488634e-05","70","No gap","1.00476240342876","0.0246227447938567","0.0113306460261561","0.988669353973844","0.218501010780689","0.477060154045357","0.0228811554121185","0.0169802180219898","0.170532450432842","0.0364342218244791","0.01","0.1","","","","0.876261610414262","","","","","","","","",""
"40915","BUSLOANSMoMDifferenceL1","BAA10YB_IndexMoMDifferenceL0",NA,"0",NA,"-0.0158991297849848","0.133384409404646","-0.0583667409248737","4.63407480599331e-06","-0.113312832802478","-0.519338543992319","0.120746629274907","0.000168734353584025","0.28388520564925","0.262823005815405",NA,"252.643338561556","259.388824287704","1.17330241259372e-05","70","No gap","1.00008456174417","0.0163618242769118","0.00522677562072874","0.994773224379271","0.243605842458684","0.707096673137646","0.00882634003568048","0.0203487803373773","0.189599169647303","0.0225735024635101","0.01","0.1","","","","0.868525176367164","","","","","","","","",""
"38797","ISRATIOMoMDifferenceL1","BAA10YB_IndexMoMDifferenceL0",NA,"0",NA,"-27.0717572106362","0.140594254241113","-0.0551056097794555","1.72517488675481e-05","-0.157402736562979","-0.490321486092694","0.148639676400895","0.000611766939672426","0.283023039643425","0.261935481985879",NA,"252.727564330758","259.473050056906","1.22229716086331e-05","70","No gap","1.03136474239862","0.0384604744943124","0.0182144901656274","0.981785509834373","0.315942449777583","0.887744470762462","0.00855426086407613","0.0404457051820707","0.0523251152592609","0.0230037522069985","0.01","0.1","","","","0.824109507383251","","","","","","","","",""
"6109","IPFPNSSMoMDifferenceL0","BAA10YB_IndexMoMDifferenceL0",NA,"0",NA,"-0.264930987672376","0.141347018230232","-0.0536955246311008","3.48805663277246e-05","-0.158764951722685","-0.477774759031227","0.249994384096695","0.00102490354055164","0.282935834622456","0.261845712111351",NA,"252.736077826453","259.481563552602","1.22736197883944e-05","70","No gap","1.06667100044099","0.0232226558891632","0.0107014967044825","0.989298503295517","0.51342180589071","0.695187420538547","0.0353294085284794","0.0326608870358933","0.0350290331339684","0.0468144009945257","0.01","0.1","","","","0.84889870431319","","","","","","","","",""
"8309","IPCONGDMoMDifferenceL0","BAA10YB_IndexMoMDifferenceL0",NA,"0",NA,"-0.209659859534159","0.155330764871496","-0.0542419255834382","2.76121528075951e-05","-0.152908706744182","-0.482636553103097","0.226034139542306","0.000904656773798661","0.281403193224262","0.260267993024975",NA,"252.885535032174","259.631020758322","1.31977416312212e-05","70","No gap","1.05510342155313","0.0261375503286397","0.0121498143801131","0.987850185619887","0.517110206103969","0.761694904563541","0.0338841500235161","0.0235638907866453","0.0481540645288792","0.0476527594477672","0.01","0.1","","","","0.834054227892237","","","","","","","","",""
"24135","UEMP5TO14MoMPercentChangeL0","BAA10YB_IndexMoMDifferenceL0",NA,"0",NA,"5.70178544865798","0.168907975838314","-0.0602104596648514","3.10293213999212e-06","0.145811039625913","-0.535743677991215","0.10828674606609","0.000833854252747138","0.28005536162783","0.258880519322766",NA,"253.016707115782","259.76219284193","1.40659626326478e-05","70","No gap","1.01508516485853","0.0335515554910398","0.0172057469125194","0.982794253087481","0.323944646844708","0.499375216752205","0.0161041021245889","0.0411589375599313","0.0724607623416405","0.0620147541292708","0.01","0.1","","","","0.906431776542989","","","","","","","","",""
"23927","UEMP5TO14MoMDifferenceL1","BAA10YB_IndexMoMDifferenceL0",NA,"0",NA,"0.00246516791564106","0.173204795672698","-0.0574026345497721","6.81489421374988e-06","0.14348395234728","-0.51076006945074","0.102249981106973","0.000315194075147806","0.279653978693441","0.258467331007954",NA,"253.055722582481","259.801208308629","1.43350595120939e-05","70","No gap","1.00244571841895","0.0170165412181783","0.0107466157040563","0.989253384295944","0.161786783500133","0.546297497597597","0.0849990528495907","0.0526409670604798","0.210392069870578","0.0484192722984853","0.01","0.1","","","","0.891144984517029","","","","","","","","",""
"20247","CE16OVMoMDifferenceL0","BAA10YB_IndexMoMDifferenceL0",NA,"0",NA,"-0.000652082518928714","0.184486679702161","-0.0559135518617002","1.29889178565521e-05","-0.122271885615644","-0.497510434078726","0.1052780878957","0.000330281171605778","0.27865148715939","0.257435354428784",NA,"253.153072495422","259.898558221571","1.50291627096788e-05","70","No gap","1.02106481375644","0.0275955402798664","0.0109473474646782","0.989052652535322","0.172297651213886","0.566266695169391","0.0113547447203997","0.00960887214781614","0.0973744677146657","0.0303697550499619","0.01","0.1","","","","0.830606171608679","","","","","","","","",""
"20695","CE16OVMoMPercentChangeL0","BAA10YB_IndexMoMDifferenceL0",NA,"0",NA,"-97.482132996588","0.185661835435208","-0.0559187374504464","1.29854282746642e-05","-0.121963962704866","-0.497556574672949","0.0901178036041111","0.000603380007077061","0.278551085309074","0.25733199958287",NA,"253.162814860358","259.908300586506","1.51004493265106e-05","70","No gap","1.0210805013479","0.028015089305514","0.0111444584670164","0.988855541532984","0.171433958783522","0.554345163135274","0.0111569382050851","0.00950749065697121","0.094300872260053","0.0303257619805233","0.01","0.1","","","","0.827430132647595","","","","","","","","",""
"41383","REALLNMoMPercentChangeL0","BAA10YB_IndexMoMDifferenceL0",NA,"0",NA,"-53.6799629360661","0.190350954060855","-0.0577525998067761","6.12141899567053e-06","-0.0906761575452858","-0.513874008042143","0.0771709053098643","0.000476246235905471","0.278157556766081","0.256926896670965",NA,"253.200987331274","259.946473057422","1.53830370880348e-05","70","No gap","1.00083688273322","0.0249771389674795","0.0085448842105972","0.991455115789403","0.129384454664036","0.584000085513257","0.00659256832222856","0.013620554834964","0.161025991938099","0.0215037490399966","0.01","0.1","","","","0.949198903507021","","","","","","","","",""
"44947","USGG30YR_IndexMoMDifferenceL0","BAA10YB_IndexMoMDifferenceL0",NA,"0",NA,"1.58360312069424","0.192738698732977","-0.0484349223155293","0.000879589628971572","0.162724247207407","-0.430966705269788","0.120725052333551","0.00378053584268656","0.277961404017717","0.25672497472412",NA,"253.220006477723","259.965492203872","1.5525802009031e-05","70","No gap","1.39785874029743","0.0165850186303936","0.00762543864495305","0.992374561355047","0.190860204800771","0.622604202010851","0.105573638839761","0.0947047218834606","0.0882346070239114","0.0458262075416301","0.01","0.1","","","","0.90652423114388","","","","","","","","",""
"6943","IPFPNSSMoMPercentChangeL1","BAA10YB_IndexMoMDifferenceL0",NA,"0",NA,"-23.0071449113018","0.192921130508779","-0.0562394965480653","1.13410634393973e-05","-0.137168662488714","-0.500410641219926","0.334328062924646","0.00106981651148374","0.277946531876655","0.256709665167145",NA,"253.221448283132","259.96693400928","1.55366786213085e-05","70","No gap","1.01608864424427","0.0293442682101081","0.0145830107370816","0.985416989262918","0.0370682171064309","0.262152388542073","0.0593295091231762","0.134790775362208","0.0649578262226464","0.0521829537318491","0.01","0.1","","","","0.823937619102934","","","","","","","","",""
"6389","IPFPNSSMoMDifferenceL1","BAA10YB_IndexMoMDifferenceL0",NA,"0",NA,"-0.223334267443713","0.204578692239184","-0.0562676468898291","1.14038595369166e-05","-0.133855764440351","-0.500661118756839","0.332267945065447","0.00109983433222325","0.277028342831543","0.255764470561882",NA,"253.310406240586","260.055891966734","1.622270398971e-05","70","No gap","1.01645336825372","0.0281764434607494","0.0139052190936184","0.986094780906382","0.0433432745255444","0.27953290420661","0.056621589643158","0.128672989532278","0.0709508500857386","0.0510042188660453","0.01","0.1","","","","0.823755797441391","","","","","","","","",""
"30909","DMANEMPMoMPercentChangeL0","BAA10YB_IndexMoMDifferenceL0",NA,"0",NA,"-88.4940281919375","0.204604305080331","-0.0555338250779236","1.62251059889212e-05","-0.124813601107751","-0.494131681866823","0.230754415465425","0.000327016490277502","0.277026392486444","0.255762462853693",NA,"253.310595077827","260.056080803975","1.62241920197426e-05","70","No gap","1.03129962835227","0.0181146614639497","0.00622746361549681","0.993772536384503","0.327244735773706","0.505010127371483","0.0169195916672571","0.0458990636399593","0.11507059664588","0.0522692039601182","0.01","0.1","","","","1.00553528201269","","","","","","","","",""
"25959","UEMP15T26MoMPercentChangeL1","BAA10YB_IndexMoMDifferenceL0",NA,"0",NA,"-2.92736323370278","0.21009383930993","-0.0600016231220151","3.45721773537365e-06","-0.132807171124612","-0.533885481621667","0.11730689341022","0.000907100199212391","0.276614788850877","0.255338753228844",NA,"253.350436166906","260.095921893054","1.65412101007512e-05","70","No gap","1.01455630391537","0.0123448027290916","0.00624452446413488","0.993755475535865","0.354798249124066","0.406063230299659","0.0123512085870724","0.029615940953102","0.0676219547054312","0.0347703352783963","0.01","0.1","","","","1.02581543563498","","","","","","","","",""
"30565","DMANEMPMoMDifferenceL0","BAA10YB_IndexMoMDifferenceL0",NA,"0",NA,"-0.011206356377226","0.211976094682426","-0.0555712498180538","1.61599682422292e-05","-0.122885869564302","-0.49446468161532","0.250753741565654","0.000466672456657969","0.276476526902526","0.255196424752601",NA,"253.363814117456","260.109299843604","1.66490425570487e-05","70","No gap","1.03141854538582","0.0179877939234048","0.00620833650662776","0.993791663493372","0.326600845354263","0.510220298974563","0.0166040292909413","0.0452199785208268","0.115879385068379","0.0514340176458856","0.01","0.1","","","","1.01071502304936","","","","","","","","",""
"11247","IPNCONGDMoMPercentChangeL1","BAA10YB_IndexMoMDifferenceL0",NA,"0",NA,"-20.2951496218742","0.218451258707069","-0.055337238668209","1.84674257460686e-05","-0.131831672325818","-0.492382485352301","0.233511997617658","0.00104641322761789","0.276011605985678","0.254717829691139",NA,"253.408780194817","260.154265920965","1.70166687240014e-05","70","No gap","1.03830873922366","0.016424257011177","0.00699001921938911","0.993009980780611","0.187932049284473","0.554168482957861","0.0376261036568166","0.122052441048269","0.0929628897468322","0.0424547607960366","0.01","0.1","","","","0.81171586123034","","","","","","","","",""
"45011","USGG30YR_IndexMoMPercentChangeL0","BAA10YB_IndexMoMDifferenceL0",NA,"0",NA,"4.15644674206965","0.221651412547293","-0.0493804940292721","0.000637448263337916","0.151327844440028","-0.439380261162648","0.137461725560194","0.00368645260603574","0.275787750566368","0.254487390288908",NA,"253.430420676123","260.175906402272","1.71964758048926e-05","70","No gap","1.36809861773352","0.0164843563581482","0.00729269488880118","0.992707305111199","0.215850699271106","0.72003452397795","0.0888330858566947","0.0877645096158699","0.0728991831562303","0.0482491163767924","0.01","0.1","","","","0.884172606490568","","","","","","","","",""
"41199","REALLNMoMDifferenceL0","BAA10YB_IndexMoMDifferenceL0",NA,"0",NA,"-0.0127937248606699","0.221997151777732","-0.0578712743236401","6.05904336747335e-06","-0.083449949699939","-0.514929956169801","0.104852711664201","0.000445777107722581","0.275763792893467","0.254462727978569",NA,"253.432736308545","260.178222034693","1.72158281770418e-05","70","No gap","1.00052111900215","0.0246380740703526","0.00838929749836463","0.991610702501635","0.127052987491462","0.557111664855436","0.00747850266620466","0.0146819577094953","0.155161127803838","0.0233842531832528","0.01","0.1","","","","0.970824547273472","","","","","","","","",""
"34573","CES0600000007MoMDifferenceL1","BAA10YB_IndexMoMDifferenceL0",NA,"0",NA,"-0.916287445434199","0.226633481315894","-0.0573082041563321","7.50133021062678e-06","-0.128226726850182","-0.50991984191258","0.0694253211174683","0.00111649713441428","0.275446702552434","0.254136311451035",NA,"253.46337750819","260.208863234338","1.74739652273326e-05","70","No gap","1.0038676883874","0.012688882767672","0.00625719520046007","0.99374280479954","0.298001576362362","0.499005123949312","0.0324931213477741","0.0490467410887266","0.0668110618371857","0.0506126403569172","0.01","0.1","","","","0.972888723460054","","","","","","","","",""
"34869","CES0600000007MoMPercentChangeL1","BAA10YB_IndexMoMDifferenceL0",NA,"0",NA,"-37.5942631788741","0.227140399876236","-0.0573207076884047","7.46817573002267e-06","-0.128073590618806","-0.510031096473627","0.0684571450500166","0.0011143441221972","0.275412497335328","0.254101100198131",NA,"253.466682038982","260.21216776513","1.75020344721499e-05","70","No gap","1.00376847660097","0.0127271518080358","0.00628029708373009","0.99371970291627","0.298057042365876","0.500518377127219","0.0320420910756377","0.048594635058146","0.0672714545415532","0.0503881177742001","0.01","0.1","","","","0.97104417172359","","","","","","","","",""
"10719","IPNCONGDMoMDifferenceL1","BAA10YB_IndexMoMDifferenceL0",NA,"0",NA,"-0.20154638610622","0.227189064207145","-0.0553205694666862","1.8985261327609e-05","-0.129608687984946","-0.492234165286606","0.230566457056914","0.00108516758999199","0.27540921836584","0.254097724788364",NA,"253.466998808653","260.212484534801","1.75047275344786e-05","70","No gap","1.04023096737716","0.0160511608816864","0.00680238960311996","0.99319761039688","0.199502836147023","0.586489452776962","0.0359523709341209","0.114574188042764","0.0924899794137605","0.0422102917140599","0.01","0.1","","","","0.811298615026406","","","","","","","","",""
"42619","WPSID62MoMDifferenceL1","BAA10YB_IndexMoMDifferenceL0",NA,"0",NA,"0.029712974102578","0.232518527299122","-0.0572997356705832","7.57029203847591e-06","0.12571021101579","-0.509844490591109","0.173188576740192","0.000617260311863872","0.275055064874239","0.253733155017599",NA,"253.501203891865","260.246689618013","1.77979785606075e-05","70","No gap","1.00404101682609","0.0365997755599201","0.0187972256346609","0.981202774365339","0.289339950327086","0.62362251418358","0.0157739124341393","0.0346386144703658","0.0980863999507247","0.0235846648580535","0.01","0.1","","","","0.897402610251832","","","","","","","","",""
"45331","AAIIBULL_IndexMoMPercentChangeL1","BAA10YB_IndexMoMDifferenceL0",NA,"0",NA,"-0.752419264441969","0.24317178797025","-0.0583484018783445","5.27604141878119e-06","-0.122829309856638","-0.51917536589514","0.16442251679332","0.000644469675308106","0.274375198255362","0.253033292321696",NA,"253.566820408737","260.312306134885","1.8374351766437e-05","70","No gap","1.00010955690165","0.0190298483245377","0.00975348537621517","0.990246514623785","0.266591542966006","0.71439222851791","0.0504150898358562","0.0578003630192697","0.116254167685476","0.044373995984334","0.01","0.1","","","","0.958607428828429","","","","","","","","",""
"36413","HOUSTMoMPercentChangeL0","BAA10YB_IndexMoMDifferenceL0",NA,"0",NA,"-2.11532943376065","0.24875337785228","-0.0592021594662991","4.23375619950319e-06","-0.121981805119852","-0.52677197340868","0.340662373252554","0.000690678595361543","0.274033064397899","0.252681095703719",NA,"253.599817800289","260.345303526437","1.86712157063118e-05","70","No gap","1.0052947298471","0.0182558083230505","0.00904202799482008","0.99095797200518","0.0610773769561878","0.194990657625811","0.0109459240670225","0.0193228435513916","0.0514183728446666","0.0411906497804681","0.01","0.1","","","","0.829710172150814","","","","","","","","",""
"24343","UEMP5TO14MoMPercentChangeL1","BAA10YB_IndexMoMDifferenceL0",NA,"0",NA,"4.64637419281938","0.250051279761132","-0.0576614145550131","6.69157866641389e-06","0.12162674378882","-0.51306265528998","0.125608781717643","0.000536780882724471","0.273954829049054","0.252600559315203",NA,"253.607361090596","260.352846816744","1.87397503470521e-05","70","No gap","1.001563949789","0.0156487683000003","0.00914949873494097","0.990850501265059","0.170737139205298","0.652129086573072","0.069465037966652","0.0509566914220512","0.164295339183077","0.0449908909114824","0.01","0.1","","","","0.915839321654112","","","","","","","","",""
"44739","USGG2YR_IndexMoMPercentChangeL0","BAA10YB_IndexMoMDifferenceL0",NA,"0",NA,"-1.33199185666074","0.262864665529692","-0.0624420063961288","3.69029274349295e-06","-0.120682361666825","-0.555599647536682","0.326720525634807","0.0022340547243573","0.273207892372706","0.25183165391308",NA,"253.679338279951","260.424824006099","1.9406485297746e-05","70","No gap","1.10107176887292","0.0274987155994311","0.0139179414019151","0.986082058598085","0.370423437545277","0.0267895947996976","0.012844518747472","0.0881759846635748","0.0586969707535495","0.0251168580559254","0.01","0.1","","","","0.868723780453971","","","","","","","","",""
"39365","M1SLMoMPercentChangeL0","BAA10YB_IndexMoMDifferenceL0",NA,"0",NA,"-18.4277079880738","0.264558560277474","-0.0590764794047851","4.4200186550953e-06","-0.0998299100532458","-0.525653690990966","0.255263063490553","0.00034997159914317","0.273112468997573","0.25173342396809",NA,"253.688528250136","260.434013976284","1.94933036438139e-05","70","No gap","1.00432188814016","0.0431494726955926","0.0195825736323236","0.980417426367676","0.240552834639193","0.732799672974922","0.028291605476993","0.0658216958893604","0.113287720907213","0.0412809253821684","0.01","0.1","","","","0.9686126321891","","","","","","","","",""
"36141","HOUSTMoMDifferenceL0","BAA10YB_IndexMoMDifferenceL0",NA,"0",NA,"-0.00189416273062825","0.264854511113445","-0.0589606065710052","4.54212113000274e-06","-0.118238924012526","-0.524622671820974","0.28059241480492","9.57801714679547e-05","0.27309587361174","0.251716340482673",NA,"253.690126384233","260.435612110381","1.95084409330137e-05","70","No gap","1.00325530288456","0.0169244651071499","0.00847546258142533","0.991524537418575","0.0788671685791818","0.271804435933498","0.0141932195731659","0.0242747097416189","0.0485459127927034","0.0430620436869255","0.01","0.1","","","","0.826260250803389","","","","","","","","",""
"44395","ism_man_pmiMoMPercentChangeL0","BAA10YB_IndexMoMDifferenceL0",NA,"0",NA,"6.45783221057177","0.278673803942246","-0.0557254951162821","1.69213693963209e-05","0.116902979215358","-0.495837133243253","0.182339396316139","0.000471513217817143","0.272345384437634","0.250943778097565",NA,"253.762360313787","260.507846039935","2.02050443144364e-05","70","No gap","1.03685744346676","0.015073226500368","0.00831690033118233","0.991683099668818","0.288173187872464","0.415074731131127","0.0101026464217799","0.0320324777759307","0.114695858234202","0.0368797075929653","0.01","0.1","","","","0.827020461219226","","","","","","","","",""
"40523","AMBSLMoMDifferenceL1","BAA10YB_IndexMoMDifferenceL0",NA,"0",NA,"0.0022992893375958","0.278896787743459","-0.0548999398531535","2.72326420559213e-05","0.118404428007284","-0.488491465804151","0.37197829587745","0.000374037610978036","0.272333653559186","0.25093170219328",NA,"253.763488809167","260.508974535315","2.02161222669917e-05","70","No gap","1.06557376008886","0.00983552766810097","0.00389708933890797","0.996102910661092","0.255726873794578","0.121808921164103","0.0161665946566659","0.0650122717479577","0.0515290535055778","0.0353936337522511","0.01","0.0893028208321584","","Fail","","0.87345344140601","","","","","","","","",""
"13811","IPDMATMoMDifferenceL1","BAA10YB_IndexMoMDifferenceL0",NA,"0",NA,"-0.11674450810239","0.281423054005476","-0.0600955022305472","3.80589361719584e-06","-0.11538376714318","-0.534720803909048","0.143412375649879","0.00151851185318032","0.272201557733575","0.250795721196327",NA,"253.776195001567","260.521680727715","2.0341273458957e-05","70","No gap","1.02175232971494","0.0189979274122296","0.00847321281573368","0.991526787184266","0.162066905957477","0.435182663862104","0.0210212067419104","0.0684134949620151","0.0673358423469734","0.045268256569212","0.01","0.1","","","","0.917496012835204","","","","","","","","",""
"44299","ism_man_pmiMoMDifferenceL0","BAA10YB_IndexMoMDifferenceL0",NA,"0",NA,"0.115421657711938","0.283677937123234","-0.0558107004361536","1.62980015361227e-05","0.11562233184068","-0.496595277454517","0.195990588063079","0.000465293467745375","0.272084891449785","0.250675623551249",NA,"253.787415120907","260.532900847055","2.04524313841548e-05","70","No gap","1.03508198289812","0.0153513605719885","0.00836433093360758","0.991635669066392","0.283870386082723","0.422960255676271","0.0105367145411894","0.0335148524609926","0.117510003361488","0.0368583636294915","0.01","0.1","","","","0.830402733372166","","","","","","","","",""
"41645","WPSFD49207MoMDifferenceL1","BAA10YB_IndexMoMDifferenceL0",NA,"0",NA,"0.149946917668758","0.288426657482988","-0.0583893293485281","5.38474762752555e-06","0.111836239583266","-0.519539532412537","0.348597805293554","0.000650769514321108","0.271842935475741","0.250426551225027",NA,"253.81067896545","260.556164691599","2.06848459228803e-05","70","No gap","1.00021706610317","0.0298075380820421","0.014067034444924","0.985932965555076","0.255497300776753","0.721391758798065","0.00940070330700609","0.0412398948998101","0.0710897751869037","0.0245185476389035","0.01","0.1","","","","0.83091509441314","","","","","","","","",""
"31081","DMANEMPMoMPercentChangeL1","BAA10YB_IndexMoMDifferenceL0",NA,"0",NA,"-72.5643809050561","0.292698195143475","-0.0573975776886623","7.66610243478907e-06","-0.10234613428683","-0.5107150742558","0.310790543759133","0.0005765435039416","0.271629516108789","0.250206854817871",NA,"253.831192625916","260.576678352064","2.08919753164061e-05","70","No gap","1.00412670885813","0.0212092250671086","0.00831992744569648","0.991680072554304","0.261716747891126","0.428398967551564","0.027445025178162","0.0696882050547707","0.130667946940591","0.0427094194121284","0.01","0.1","","","","1.04508754296057","","","","","","","","",""
"30737","DMANEMPMoMDifferenceL1","BAA10YB_IndexMoMDifferenceL0",NA,"0",NA,"-0.00928101645855156","0.295682041135958","-0.0573790739102497","7.74219074882178e-06","-0.101773113361582","-0.510550430398924","0.31323289427143","0.000613529712247369","0.271482743647122","0.250055765519096",NA,"253.845296763205","260.590782489353","2.10355888413671e-05","70","No gap","1.00437177613574","0.0210226228518128","0.00823515513563878","0.991764844864361","0.264055786183702","0.433068905980683","0.0268899328640398","0.0682368640880254","0.131194414506549","0.0426351632392614","0.01","0.1","","","","1.05270273236516","","","","","","","","",""
"41981","WPSFD49502MoMDifferenceL1","BAA10YB_IndexMoMDifferenceL0",NA,"0",NA,"0.103487634548042","0.295832304261805","-0.0584240483285512","5.3554222581599e-06","0.110547291955785","-0.519848456711691","0.350350764242164","0.000637137643089909","0.27147540177701","0.250048207711628",NA,"253.846002207467","260.591487933615","2.10427978021288e-05","70","No gap","1.00031492796105","0.0311522108693548","0.0147486183986397","0.98525138160136","0.259753257333436","0.712443979791384","0.0107406193564762","0.0429645750531641","0.0725103120747849","0.0250660902258186","0.01","0.1","","","","0.836307718197967","","","","","","","","",""
"1485","W875RX1MoMDifferenceL0","BAA10YB_IndexMoMDifferenceL0",NA,"0",NA,"0.00117165908949621","0.295893071496975","-0.0596455841254386","4.10093499884776e-06","0.108064290161891","-0.530717499802628","0.14887067811903","9.05366571755634e-05","0.271472434020738","0.250045152668407",NA,"253.846287362582","260.59177308873","2.1045712513823e-05","70","No gap","1.01341433597287","0.008176773112091","0.00310807408132885","0.996891925918671","0.396796486345613","0.241699059936127","0.00480575995247663","0.0108233236119184","0.0519901023927651","0.03897608081871","0.01","0.1","","","","2.64178533797253","","","","","","","","",""
"37077","HOUSTNEMoMPercentChangeL1","BAA10YB_IndexMoMDifferenceL0",NA,"0",NA,"0.525312309388616","0.295944116807042","-0.0579634482621431","6.20472645892662e-06","0.109046890743393","-0.515750106108922","0.342949935556367","0.000863787959825606","0.27146994165927","0.25004258700219",NA,"253.84652683877","260.592012564918","2.10481606304214e-05","70","No gap","1.00036991550949","0.0178295369432037","0.00915083191333482","0.990849168086665","0.11376273229586","0.490266004993735","0.0124294051391089","0.0148079639467569","0.128532021938253","0.0507967494120551","0.01","0.1","","","","0.833460008076138","","","","","","","","",""
"4117","CMRMTSPLMoMDifferenceL1","BAA10YB_IndexMoMDifferenceL0",NA,"0",NA,"7.35669212250809e-06","0.296873489225657","-0.0592076460820656","4.42344931252987e-06","0.108738147501155","-0.526820792496374","0.125243989530356","4.84566316023179e-05","0.27142465838576","0.249995971867694",NA,"253.850877696501","260.596363422649","2.10926881887286e-05","70","No gap","1.0065323060071","0.00938644459331653","0.00343146765888378","0.996568532341116","0.395640461206658","0.279188128122947","0.00631836748372985","0.0133544002254194","0.0573256446390583","0.0369266647394834","0.01","0.1","","","","3.02013000030331","","","","","","","","",""
"41815","WPSFD49207MoMPercentChangeL1","BAA10YB_IndexMoMDifferenceL0",NA,"0",NA,"29.0158978584904","0.298080348165016","-0.0583896556533738","5.41757768211987e-06","0.109626570352431","-0.519542435824323","0.358899319566183","0.000659613437525167","0.271366121330935","0.249935713134786",NA,"253.856501588778","260.601987314926","2.11503838424276e-05","70","No gap","1.00022664252988","0.0291202528902043","0.0136937608134663","0.986306239186534","0.253767849873846","0.719449564522411","0.00947010545746189","0.0404065329323591","0.0715576982522021","0.0246912336553104","0.01","0.1","","","","0.829306302596092","","","","","","","","",""
"14315","IPDMATMoMPercentChangeL1","BAA10YB_IndexMoMDifferenceL0",NA,"0",NA,"-12.4704716168662","0.299162241817738","-0.0600769658520931","3.91642499545452e-06","-0.111292351389448","-0.534555869981872","0.159560123193187","0.00152858997675867","0.271313899842622","0.249881955720346",NA,"253.861518337655","260.607004063803","2.12019839639366e-05","70","No gap","1.02294237229446","0.0191833678911193","0.00860475736180905","0.991395242638191","0.173697061103382","0.469037364195256","0.0205990682772315","0.0644852718234077","0.0676733242597821","0.045249503921914","0.01","0.1","","","","0.928859273444025","","","","","","","","",""
"295","RPIMoMDifferenceL0","BAA10YB_IndexMoMDifferenceL0",NA,"0",NA,"0.00100353624357466","0.306737712366192","-0.059753282252161","4.09488012800488e-06","0.105568913218527","-0.531675781650071","0.165775835243142","0.000104330003966073","0.270954836045662","0.249512331223476",NA,"253.896002699641","260.641488425789","2.1560098350748e-05","70","No gap","1.01619722233155","0.00807573083659182","0.0030566468036526","0.996943353196347","0.398155113634314","0.239217617096731","0.00522253969258098","0.0112681356861677","0.0522391059497067","0.0392458760181092","0.01","0.1","","","","3.06477697055347","","","","","","","","",""
"25159","UEMP15OVMoMPercentChangeL1","BAA10YB_IndexMoMDifferenceL0",NA,"0",NA,"-4.63105476644854","0.309095882415745","-0.0617351129750858","4.10691222528815e-06","-0.105280515811313","-0.549309815446952","0.20315303947041","0.000374637651399819","0.270845363276694","0.249399638667185",NA,"253.906513047865","260.651998774013","2.16704446401872e-05","70","No gap","1.08489541197958","0.00984939145690568","0.00425430851422608","0.995745691485774","0.203131828451298","0.38065321070049","0.00382127250099776","0.0107201356516299","0.084376022389848","0.0421328383479853","0.01","0.1","","","","0.805398230881792","","","","","","","","",""
"42147","WPSFD49502MoMPercentChangeL1","BAA10YB_IndexMoMDifferenceL0",NA,"0",NA,"20.9708753519985","0.311506783557704","-0.0584210722987654","5.4120752933669e-06","0.107028447892447","-0.519821976443111","0.365441278512233","0.000650346970701046","0.270734542478409","0.249285558433657",NA,"253.917151211622","260.66263693777","2.17827079590505e-05","70","No gap","1.00032687116435","0.0300122228938699","0.0141409842396354","0.985859015760365","0.258072924534486","0.708608676131074","0.0108909315546984","0.0416960339038437","0.0733054810556643","0.0255485646569261","0.01","0.1","","","","0.833698605859423","","","","","","","","",""
"2077","W875RX1MoMPercentChangeL0","BAA10YB_IndexMoMDifferenceL0",NA,"0",NA,"13.7887238975501","0.313188782323266","-0.0595928168512607","4.21301264068732e-06","0.104118562707939","-0.5302479844775","0.188479342776853","0.000579241873362244","0.270657876552343","0.249206637627412",NA,"253.924509756716","260.669995482864","2.18607019331074e-05","70","No gap","1.0133668278633","0.00820623252651903","0.00312296268210371","0.996877037317896","0.383601551716061","0.2202045417874","0.00493117481764774","0.0108439041580277","0.0523056565593435","0.0390151308384204","0.01","0.1","","","","2.5047990548557","","","","","","","","",""
"9119","IPCONGDMoMPercentChangeL1","BAA10YB_IndexMoMDifferenceL0",NA,"0",NA,"-14.6976327896625","0.313468697044875","-0.0567299780026605","1.0537163431844e-05","-0.10656203056283","-0.50477487195216","0.440761282465454","0.000899603631784812","0.270645169331857","0.249193556665147",NA,"253.925729345791","260.671215071939","2.18736554334908e-05","70","No gap","1.01503173300758","0.0205832429744781","0.00717671926649125","0.992823280733509","0.079473951347381","0.463522354945466","0.0293017213581051","0.1017772109178","0.0946096101021622","0.0441025418210211","0.01","0.1","","","","0.812236337003988","","","","","","","","",""
"41291","REALLNMoMDifferenceL1","BAA10YB_IndexMoMDifferenceL0",NA,"0",NA,"-0.010536391689921","0.315244060412452","-0.058114700603111","5.96419583138024e-06","-0.0689278370944966","-0.517095926850134","0.294891085598722","0.000412849534813399","0.270564912243571","0.249110939074264",NA,"253.933431614794","260.678917340942","2.19556402727417e-05","70","No gap","1.00005438846575","0.0181864116530543","0.00580575442341573","0.994194245576584","0.23127318944035","0.0308832844160759","0.00710179502187622","0.00831544508371507","0.156265173792426","0.0246230115785672","0.01","0.1","","","","0.857252093999011","","","","","","","","",""
"41475","REALLNMoMPercentChangeL1","BAA10YB_IndexMoMDifferenceL0",NA,"0",NA,"-41.2278634646542","0.315600554036839","-0.0580198846598988","6.1581149004702e-06","-0.0698613574871933","-0.516252268747681","0.291030369231328","0.000505786460640587","0.270548866776279","0.249094421681464",NA,"253.934971395888","260.680457122036","2.19720668991341e-05","70","No gap","1.00023429611844","0.0185414363597789","0.00595446590825519","0.994045534091745","0.247266867134922","0.0200910532513574","0.00683188568060125","0.00800095846975213","0.15534243087807","0.0235022474172711","0.01","0.1","","","","0.850877090616522","","","","","","","","",""
"8579","IPCONGDMoMDifferenceL1","BAA10YB_IndexMoMDifferenceL0",NA,"0",NA,"-0.145050057344583","0.317174407469941","-0.0567053784566379","1.07087195406035e-05","-0.105904548269365","-0.50455598886546","0.432892064994127","0.000945168780431308","0.270478307451255","0.249021787082174",NA,"253.94174212207","260.687227848218","2.2044444028535e-05","70","No gap","1.01577598709311","0.0202104687117919","0.00790219628836941","0.992097803711631","0.0871284553739917","0.480841515387372","0.0286140647583555","0.0970908399925768","0.095558855796979","0.0437627997768365","0.01","0.1","","","","0.811642221836198","","","","","","","","",""
"44915","USGG10YR_IndexMoMPercentChangeL1","BAA10YB_IndexMoMDifferenceL0",NA,"0",NA,"2.03836355563634","0.321085115781564","-0.060771603341051","3.98377354921454e-06","0.10748269278928","-0.540736650618265","0.344744390390027","0.000929015518177144","0.270304924363107","0.248843304491433",NA,"253.958376821578","260.703862547726","2.22232782612908e-05","70","No gap","1.04715960682304","0.041123535347531","0.0205251449067097","0.97947485509329","0.0735522070378364","0.416946401317501","0.0188148423731805","0.0644592595203621","0.170961735941034","0.0304282571621696","0.01","0.1","","","","0.836519557875494","","","","","","","","",""
"39141","M1SLMoMDifferenceL0","BAA10YB_IndexMoMDifferenceL0",NA,"0",NA,"-0.005229091666936","0.322473008588581","-0.0587863508412644","4.9444347174088e-06","-0.0892771703232534","-0.523072170361892","0.281451134341889","0.000150816071797425","0.270244048331363","0.248780637988168",NA,"253.964216445032","260.70970217118","2.22864015917423e-05","70","No gap","1.00244640886728","0.0370903883028146","0.0173843966592575","0.982615603340742","0.24327136333318","0.586816414395743","0.0257934437508092","0.0564840056231887","0.118776613249128","0.0402423822281699","0.01","0.1","","","","1.01053825920413","","","","","","","","",""
"42771","WPSID62MoMPercentChangeL1","BAA10YB_IndexMoMDifferenceL0",NA,"0",NA,"5.01231513714988","0.323455029566074","-0.0573395169127422","8.03757364343225e-06","0.104510491253113","-0.510198458142727","0.234548159063798","0.000707575500135392","0.270201179994033","0.248736508817387",NA,"253.968328361449","260.713814087597","2.2330956840122e-05","70","No gap","1.00538125301582","0.0282636496654182","0.0142246156836965","0.985775384316304","0.284389947440251","0.609338180364208","0.0160773357749439","0.0310871338017854","0.0981462616387544","0.0257534867890351","0.01","0.1","","","","0.873176841869074","","","","","","","","",""
"12287","IPBUSEQMoMPercentChangeL1","BAA10YB_IndexMoMDifferenceL0",NA,"0",NA,"-8.09875142430214","0.324610661652858","-0.055384159430077","2.27192935964142e-05","-0.107448306674895","-0.49279997928404","0.187306927418899","0.00161373433883739","0.270150949329745","0.24868480078062",NA,"253.973146162471","260.718631888619","2.23832741385044e-05","70","No gap","1.05762203782833","0.0168717575856564","0.00795978004581592","0.992040219954184","0.196729211917813","0.618064969048498","0.0245718178105885","0.0345785753021577","0.117934816219895","0.0311348685361707","0.01","0.1","","","","1.44646593544085","","","","","","","","",""
"40723","AMBSLMoMPercentChangeL1","BAA10YB_IndexMoMDifferenceL0",NA,"0",NA,"7.88747808561309","0.324762820002925","-0.0552677897303041","2.44377180409099e-05","0.107527144054809","-0.491764539074646","0.39509990444599","0.000599292364223091","0.270144352968324","0.248678010408569",NA,"253.973778818241","260.719264544389","2.23901533504822e-05","70","No gap","1.06251690027856","0.00990338062243725","0.00391593613784869","0.996084063862151","0.24339610704997","0.120559024116904","0.0146749710412702","0.0581084808591904","0.0562735940630888","0.0343384324872368","0.01","0.0905916585727635","","Fail","","0.870589128362985","","","","","","","","",""
"891","RPIMoMPercentChangeL0","BAA10YB_IndexMoMDifferenceL0",NA,"0",NA,"14.2328365692965","0.325955926818089","-0.0597025984681052","4.21624916087454e-06","0.101311106527095","-0.531224804908892","0.211227584118146","0.00055876796115331","0.270092768695293","0.248624908951037",NA,"253.978726058875","260.724211785023","2.24440203614451e-05","70","No gap","1.01639875874242","0.00813259951780657","0.00308384204628818","0.996916157953712","0.385126389982903","0.217608961874521","0.00536551969824006","0.0113327268877798","0.0526018981369432","0.0392985313678359","0.01","0.1","","","","2.9020417844349","","","","","","","","",""
"45291","AAIIBULL_IndexMoMDifferenceL1","BAA10YB_IndexMoMDifferenceL0",NA,"0",NA,"-0.019677535369688","0.3268198399391","-0.0581190732995908","5.99427782251356e-06","-0.104015176733825","-0.517134834450374","0.179359852889782","0.000685261007653635","0.270055570682299","0.248586616878837",NA,"253.982293354074","260.727779080222","2.24829425168327e-05","70","No gap","1.00005152404227","0.0178117513837948","0.00924640565102978","0.99075359434897","0.257513220743731","0.702080188709419","0.0385218824535897","0.0576934756993962","0.106810000433365","0.0444906971168109","0.01","0.1","","","","0.964697220577502","","","","","","","","",""
"4693","CMRMTSPLMoMPercentChangeL1","BAA10YB_IndexMoMDifferenceL0",NA,"0",NA,"8.84498428978293","0.328572976338904","-0.0591490475937558","4.59466568414457e-06","0.101816023707015","-0.526299391898761","0.186728426080224","0.00057158284187547","0.269980478167824","0.248509315760995",NA,"253.989494183949","260.734979910097","2.25617153165603e-05","70","No gap","1.00659718484161","0.00963764247654264","0.00353226448872378","0.996467735511276","0.401872967790009","0.275355549819706","0.00674461178354778","0.0140337324647135","0.0571296641774894","0.0369490899839543","0.01","0.1","","","","2.86568928213017","","","","","","","","",""
"11767","IPBUSEQMoMDifferenceL1","BAA10YB_IndexMoMDifferenceL0",NA,"0",NA,"-0.0750141809437843","0.329040807936832","-0.0553519469671749","2.34246396204649e-05","-0.106602854410592","-0.492513357599894","0.190526587392828","0.00164119303241173","0.269960527956242","0.248488778778485",NA,"253.99140714064","260.736892866788","2.25826882852553e-05","70","No gap","1.06002830365629","0.016800287182828","0.00794475552794193","0.992055244472058","0.197780017500608","0.637704476957101","0.0240474085824113","0.0347146641477166","0.114009888623971","0.0312578217893614","0.01","0.1","","","","1.46403166080551","","","","","","","","",""
"28241","USGOODMoMPercentChangeL1","BAA10YB_IndexMoMDifferenceL0",NA,"0",NA,"-54.9581415894285","0.338492335301277","-0.0574958299556562","7.60540772428836e-06","-0.0832805356799242","-0.511589308254067","0.332684400711019","0.000683175890353195","0.269565286669482","0.248081912747997",NA,"254.029294685693","260.774780411841","2.30021141104375e-05","70","No gap","1.00383922118323","0.0251993188819007","0.0101445960694512","0.989855403930549","0.25553627880404","0.793503981085644","0.0122356931367441","0.0360053883778608","0.13490834294612","0.0334413331938691","0.01","0.1","","","","1.04048407483986","","","","","","","","",""
"29697","USCONSMoMPercentChangeL1","BAA10YB_IndexMoMDifferenceL0",NA,"0",NA,"-26.7212237137333","0.339650906562052","-0.0584905798469785","5.39195781596726e-06","-0.0824396074003056","-0.520440444226535","0.260997903750799","0.000745398779382146","0.26951784025111","0.248033070846731",NA,"254.033841486881","260.779327213029","2.30529691787051e-05","70","No gap","1.00063805212579","0.0271083995469288","0.0109213505673569","0.989078649432643","0.192549612541049","0.613321635505824","0.00710116204514998","0.0223521101100916","0.130778021722232","0.0247631176072407","0.01","0.1","","","","0.99748643574862","","","","","","","","",""
"44847","USGG10YR_IndexMoMDifferenceL1","BAA10YB_IndexMoMDifferenceL0",NA,"0",NA,"0.891375505516952","0.349245234753271","-0.0610107397213412","4.33957917065365e-06","0.102397146698153","-0.542864450416361","0.381497581070139","0.00114078220435045","0.269133025479512","0.247636937993615",NA,"254.070707467779","260.816193193927","2.34694813083802e-05","70","No gap","1.06326510306603","0.0430880490859275","0.0217772883665311","0.978222711633469","0.0685385271653589","0.373037946094166","0.0184962151867488","0.0702874180734954","0.164166507784331","0.0269760493059572","0.01","0.1","","","","0.843518888975962","","","","","","","","",""
"26547","UEMP27OVMoMPercentChangeL0","BAA10YB_IndexMoMDifferenceL0",NA,"0",NA,"3.04903645033508","0.353962610463027","-0.0584059578940278","5.56376416167256e-06","0.093562919993632","-0.51968749072701","0.30853305807001","0.000444321520325997","0.268948967663349","0.247447466712271",NA,"254.088333691875","260.833819418023","2.36712733557853e-05","70","No gap","1.00033712040877","0.0175495789464967","0.00768435373332292","0.992315646266677","0.23320865544015","0.675973972093103","0.00822439282679871","0.019868503917111","0.0984450791597899","0.0437373266616886","0.01","0.1","","","","0.823332370410985","","","","","","","","",""
"27873","USGOODMoMDifferenceL1","BAA10YB_IndexMoMDifferenceL0",NA,"0",NA,"-0.00268197285641211","0.357307771855579","-0.0574740803438646","7.76851840611392e-06","-0.0800419249398185","-0.511395783456533","0.356780153105864","0.000780930848778023","0.268820441175994","0.247315160034112",NA,"254.100639348989","260.846125075137","2.38131810195163e-05","70","No gap","1.00440796859288","0.0242511914147749","0.00965008675741288","0.990349913242587","0.246950519468491","0.786022721004069","0.012065505732033","0.0347521302716711","0.135129264922138","0.0338859499653091","0.01","0.1","","","","1.05751057154133","","","","","","","","",""
"5829","INDPROMoMPercentChangeL1","BAA10YB_IndexMoMDifferenceL0",NA,"0",NA,"-14.132875245986","0.385211325014469","-0.0588607065103614","5.05596236431254e-06","-0.0914097984781468","-0.5237337760009","0.344470237540066","0.00131662995762747","0.267808818090067","0.24627378332801",NA,"254.197420875808","260.942906601956","2.4959323053908e-05","70","No gap","1.00403058299715","0.0220870988694711","0.010640446170269","0.989359553829731","0.146132483864093","0.329498139248106","0.0481665110048953","0.0943927880125823","0.078619281673813","0.0488734438543218","0.01","0.1","","","","1.13342553131659","","","","","","","","",""
"29337","USCONSMoMDifferenceL1","BAA10YB_IndexMoMDifferenceL0",NA,"0",NA,"-0.00370471344948584","0.385737135302507","-0.058385649185932","5.68132077307428e-06","-0.0748627260305176","-0.51950678687537","0.299947280124287","0.000797365625079794","0.267790737070005","0.246255170513241",NA,"254.199149462287","260.944635188435","2.49802876799432e-05","70","No gap","1.00031156957939","0.0247279225002299","0.00983036373554964","0.99016963626445","0.176803275456371","0.600334305222843","0.00772900141858751","0.0222654456304575","0.12933940841788","0.0266274363406024","0.01","0.1","","","","1.03144236491162","","","","","","","","",""
"36945","HOUSTNEMoMPercentChangeL0","BAA10YB_IndexMoMDifferenceL0",NA,"0",NA,"-0.436380378646939","0.391244714756332","-0.059243191821473","4.76107573388107e-06","-0.090213742195965","-0.527137073177057","0.364193961177979","0.000433233826559583","0.267603409876229","0.246062333696119",NA,"254.217055854793","260.962541580941","2.51984985574216e-05","70","No gap","1.01033966151121","0.0130215887038356","0.00588279373694352","0.994117206263056","0.14657339540287","0.69196067070592","0.0053777090460147","0.0158741956199878","0.0877998116210927","0.0373049014222933","0.01","0.1","","","","0.82260513829342","","","","","","","","",""
"20471","CE16OVMoMDifferenceL1","BAA10YB_IndexMoMDifferenceL0",NA,"0",NA,"-0.000415621522183118","0.394781797576688","-0.0575645457436944","7.64471299822428e-06","-0.0777409098110641","-0.512200731073699","0.439301311890143","0.000268905274052833","0.267485058981693","0.24594050189292",NA,"254.228366520945","260.973852247093","2.5337313821705e-05","70","No gap","1.00395328356553","0.0291642714502251","0.0124419689708679","0.987558031029132","0.288790315325645","0.835667025222711","0.0162961840651975","0.0370828988256604","0.0729070438316988","0.0399599200204497","0.01","0.1","","","","0.917646334299776","","","","","","","","",""
"5261","INDPROMoMDifferenceL1","BAA10YB_IndexMoMDifferenceL0",NA,"0",NA,"-0.131029810935552","0.395099201798873","-0.058828934915823","5.11836328871735e-06","-0.0896186266650512","-0.523451077097613","0.349134789243794","0.00131201789618377","0.267474512257644","0.245929644971104",NA,"254.229374371198","260.974860097346","2.53497201641029e-05","70","No gap","1.00380526593068","0.0217847630908348","0.0105204531383281","0.989479546861672","0.146296160742862","0.334417542528603","0.0467243882266129","0.0920637475168207","0.0791343623611656","0.0485223860488185","0.01","0.1","","","","1.1381832557143","","","","","","","","",""
"20919","CE16OVMoMPercentChangeL1","BAA10YB_IndexMoMDifferenceL0",NA,"0",NA,"-62.1672318303493","0.395599394530032","-0.0576047659554499","7.51898387320947e-06","-0.0775868027559045","-0.512558604511229","0.46461018806764","0.000428101009277668","0.267457916269812","0.245912560865983",NA,"254.230960262758","260.976445988906","2.53692543272788e-05","70","No gap","1.00348284076841","0.0294120036187592","0.0125370904326371","0.987462909567363","0.292466963868172","0.828112004338195","0.016616297978696","0.0379621546856012","0.071578732135649","0.0398272847742283","0.01","0.1","","","","0.908810308206577","","","","","","","","",""
"7765","IPFINALMoMPercentChangeL0","BAA10YB_IndexMoMDifferenceL0",NA,"0",NA,"-17.3955109588141","0.403262768663504","-0.0556944941829","2.23756211296628e-05","-0.0909612760662698","-0.495561291567842","0.535291356998541","0.00038823612880533","0.267207341315944","0.245654616060531",NA,"254.254900522187","261.000386248335","2.56659730111242e-05","70","No gap","1.06325385978584","0.0238487001790452","0.0110264423534776","0.988973557646522","0.528822545287513","0.160508187000466","0.0285791431741585","0.0448066121884224","0.0298477005849465","0.049191790131119","0.01","0.1","","","","0.82755850824114","","","","","","","","",""
"22663","UEMPMEANMoMPercentChangeL1","BAA10YB_IndexMoMDifferenceL0",NA,"0",NA,"-3.84129818648106","0.41133343643944","-0.0585519211097525","5.49524277829109e-06","-0.085407235994426","-0.520986249621712","0.39913471239069","0.000740107723491463","0.266950751360534","0.245390479341727",NA,"254.279406980861","261.024892707009","2.59733040791632e-05","70","No gap","1.00126657530548","0.0171467320959617","0.00809027632665823","0.991909723673342","0.275164080850717","0.679312496249146","0.0161756331614101","0.0316565389836788","0.0730959908294694","0.0485571317413519","0.01","0.1","","","","0.815102727208794","","","","","","","","",""
"30393","MANEMPMoMPercentChangeL1","BAA10YB_IndexMoMDifferenceL0",NA,"0",NA,"-66.3262484766655","0.412603767914897","-0.056708849083394","1.19184288171667e-05","-0.0783920207838623","-0.504586869984016","0.404078338267871","0.000555596317044929","0.266911028581215","0.245349588245368",NA,"254.283200067372","261.02868579352","2.60212002670679e-05","70","No gap","1.02334855008602","0.0224228541066356","0.00956766076635829","0.990432339233642","0.291376796266094","0.695647283754142","0.0220243169693594","0.0546636982556277","0.134915347357119","0.0378595283227911","0.01","0.1","","","","0.973148791869995","","","","","","","","",""
"10983","IPNCONGDMoMPercentChangeL0","BAA10YB_IndexMoMDifferenceL0",NA,"0",NA,"-13.3957204798746","0.4189861195791","-0.0563142203144917","1.52904971261086e-05","-0.0869235738500115","-0.501075522133997","0.509193175721558","0.00057038261131825","0.266714126756691","0.245146895190712",NA,"254.301998982056","261.047484708204","2.6259885328006e-05","70","No gap","1.0383413088681","0.0260162858770589","0.0123435915026068","0.987656408497393","0.401189801205518","0.169852154860051","0.0248798174453969","0.0336680271389442","0.0669389843042643","0.0493168633967038","0.01","0.1","","","","0.822778349059871","","","","","","","","",""
"34125","USGOVTMoMPercentChangeL0","BAA10YB_IndexMoMDifferenceL0",NA,"0",NA,"-98.1838743010726","0.420241311662514","-0.0602361958301028","4.82565533710195e-06","-0.083245841163824","-0.535972674546065","0.281747397268668","0.001008744208085","0.26667592034918","0.245107565065332",NA,"254.305646098347","261.051131824496","2.63064447989514e-05","70","No gap","1.04466957322019","0.0197109909779155","0.00861447440402519","0.991385525595975","0.257552698334498","0.396162912418289","0.0216085892147355","0.0469321789040812","0.0952559834268873","0.0348011271150074","0.01","0.1","","","","0.87585808448868","","","","","","","","",""
"33821","USGOVTMoMDifferenceL0","BAA10YB_IndexMoMDifferenceL0",NA,"0",NA,"-0.00442430888282516","0.420972083207452","-0.0602515681103925","4.83947693711557e-06","-0.0831566142287613","-0.536109454800316","0.27396777189149","0.000750064147031469","0.266653753993753","0.245084746758275",NA,"254.307761972451","261.053247698599","2.63334940997506e-05","70","No gap","1.04548977173573","0.0197013899904759","0.00861092746340612","0.991389072536594","0.25909641806285","0.396695994181027","0.021586745946127","0.0467447745050416","0.0951942601406354","0.034800652288401","0.01","0.1","","","","0.877935315372629","","","","","","","","",""
"30045","MANEMPMoMDifferenceL1","BAA10YB_IndexMoMDifferenceL0",NA,"0",NA,"-0.00526772465710431","0.42108610038259","-0.0567054196293755","1.20680160878212e-05","-0.0770387144192156","-0.504556355214331","0.410380961294092","0.000590183162293655","0.266650300651788","0.245081191847429",NA,"254.308091603058","261.053577329206","2.63377105954588e-05","70","No gap","1.02432135889329","0.0221100506556947","0.00938828792102588","0.990611712078974","0.29089793095153","0.704217780327379","0.0215858974556531","0.0531561913663822","0.135252061095717","0.0379733323154734","0.01","0.1","","","","0.978702920987015","","","","","","","","",""
"45459","SPX_Index_30DRSIMoMPercentChangeL0","BAA10YB_IndexMoMDifferenceL0",NA,"0",NA,"-1.07090297888717","0.425834493969609","-0.0627112858736463","9.91821142679227e-06","-0.0931509893337591","-0.557995656112199","0.415414581712905","0.0021474923186426","0.266507698911239","0.24493439593804",NA,"254.321701960366","261.067187686514","2.65123992584382e-05","70","No gap","1.2249564098755","0.0268831311543319","0.0133401497913849","0.986659850208615","0.197664950846096","0.591961460708896","0.0303980265755242","0.0539087711564817","0.0995536239553997","0.0393546061575092","0.01","0.1","","","","0.862349327949153","","","","","","","","",""
"12542","IPMATMoMDifferenceL0","BAA10YB_IndexMoMDifferenceL0",NA,"0",NA,"0.0924207884513285","0.426878674164205","-0.0583013302810549","5.92188956485744e-06","0.0840093251094475","-0.518756529852346","0.302280484600975","0.000727651095209572","0.266476656663672","0.244902440683191",NA,"254.324664379121","261.070150105269","2.65505751197992e-05","70","No gap","1.00010753578025","0.0134057771802872","0.00619194457407342","0.993808055425927","0.304974519640665","0.760608655878044","0.0131984580772355","0.0190144483258446","0.0977580769353541","0.0377258160162872","0.01","0.1","","","","0.871984549464895","","","","","","","","",""
"16519","IPB51222SMoMDifferenceL0","BAA10YB_IndexMoMDifferenceL0",NA,"0",NA,"0.0260224489203135","0.426949150034592","-0.0575749506288661","7.74568185634695e-06","0.0845364573444511","-0.512293312188044","0.247873693257069","0.000933189288267777","0.266474565569986","0.244900288086751",NA,"254.324863931529","261.070349657677","2.65531486711712e-05","70","No gap","1.00438650735434","0.00911999782839219","0.00399284966018872","0.996007150339811","0.296338958335856","0.800396390585362","0.00858266684458218","0.0333064044606198","0.0558824350376654","0.0258842888331129","0.01","0.1","","","","0.820363343828209","","","","","","","","",""
"45425","SPX_Index_14DRSIMoMPercentChangeL0","BAA10YB_IndexMoMDifferenceL0",NA,"0",NA,"-0.534963713390642","0.427217716978375","-0.0609483751354432","5.48259735905239e-06","-0.086826698088894","-0.542309539644855","0.403120694880703","0.00113121711750397","0.266466601613705","0.244892089896461",NA,"254.325623924145","261.071109650293","2.65629522904209e-05","70","No gap","1.0839202388663","0.0266428393553972","0.0137403983058092","0.986259601694191","0.274728188539226","0.782875133363446","0.0286560463892403","0.04190718911061","0.104624228518985","0.0390225214633117","0.01","0.1","","","","0.829271719958592","","","","","","","","",""
"22231","UEMPMEANMoMDifferenceL1","BAA10YB_IndexMoMDifferenceL0",NA,"0",NA,"-0.136063699470431","0.431778948586043","-0.0584152357174881","5.74360346559131e-06","-0.0812214336685584","-0.519770043414568","0.468123249491253","0.000745170773639971","0.266332476380441","0.244754019803395",NA,"254.338422125419","261.083907851567","2.67285890402924e-05","70","No gap","1.00051158022242","0.0171874182073936","0.00816533357015722","0.991834666429843","0.253225903577446","0.434204009305521","0.0145536688889594","0.0311359555342864","0.0750189416190733","0.0496679396067939","0.01","0.1","","","","0.814913143194492","","","","","","","","",""
"7217","IPFINALMoMDifferenceL0","BAA10YB_IndexMoMDifferenceL0",NA,"0",NA,"-0.160752997964388","0.432185488355531","-0.0557896642896328","2.24891157235043e-05","-0.0856835287685678","-0.496408100964409","0.561440507371134","0.000381256735895912","0.26632062482307","0.244741819670807",NA,"254.339552886","261.085038612148","2.67432731235751e-05","70","No gap","1.06625180401445","0.0229432535039544","0.0105748852702035","0.989425114729796","0.513983871344573","0.160140404272287","0.0272905561218286","0.0439504471742866","0.0298712129855241","0.0484988766545234","0.01","0.1","","","","0.826978405305747","","","","","","","","",""
"45071","VIX_IndexMoMDifferenceL0","BAA10YB_IndexMoMDifferenceL0",NA,"0",NA,"0.0379384648478496","0.43241756905584","-0.0625948977244361","9.88571548792871e-06","0.0920788693651581","-0.556960051742467","0.369596006282535","0.00137046412914752","0.266313866642315","0.244734862720031",NA,"254.340197677839","261.085683403987","2.67516500167542e-05","70","No gap","1.2196404674411","0.0135512067351997","0.00683585278793409","0.993164147212066","0.264365123329768","0.828144368936007","0.0170111278363428","0.0273983932929237","0.101132851263129","0.0350864571852736","0.01","0.1","","","","0.860202524701458","","","","","","","","",""
"44659","USGG2YR_IndexMoMDifferenceL0","BAA10YB_IndexMoMDifferenceL0",NA,"0",NA,"-1.20000483579466","0.433432756021926","-0.0617107899168679","6.99641121770715e-06","-0.0865835057052465","-0.549093392507446","0.440078713953748","0.00308281251331667","0.266284368350605","0.244704496831505",NA,"254.343012013312","261.08849773946","2.6788243536302e-05","70","No gap","1.14072907325132","0.0160220147164747","0.00646311455520839","0.993536885444792","0.29072613524323","0.0599523744440483","0.0143521652216909","0.0589895603167345","0.0711374609036652","0.0385187936764249","0.01","0.1","","","","0.965142602522697","","","","","","","","",""
"45435","SPX_Index_14DRSIMoMPercentChangeL1","BAA10YB_IndexMoMDifferenceL0",NA,"0",NA,"-0.506765175908558","0.435880521467319","-0.0584291257504751","5.73115987515952e-06","-0.0820472705890492","-0.519893634853684","0.359415680740618","0.000503385185960396","0.266213669241186","0.244631718336515",NA,"254.349756723425","261.095242449573","2.68761457825617e-05","70","No gap","1.00059113506013","0.0254058190799177","0.0142907243292446","0.985709275670755","0.230690311655079","0.720917579234289","0.0187274616424655","0.0415104235137674","0.111039721118193","0.0358771287682244","0.01","0.1","","","","0.879587009917663","","","","","","","","",""
"45467","SPX_Index_30DRSIMoMPercentChangeL1","BAA10YB_IndexMoMDifferenceL0",NA,"0",NA,"-0.939023518768421","0.442232606698335","-0.0590551693886844","5.07471869505947e-06","-0.0817475200312779","-0.525464077650238","0.38390524126078","0.000478461300233286","0.266032969477888","0.244445703874296",NA,"254.36699256676","261.112478292908","2.71020891315921e-05","70","No gap","1.00862961268423","0.0207764363166988","0.0116952020321461","0.988304797967854","0.237024170442151","0.674119534540716","0.0192472287202133","0.0420424650508163","0.100423856582309","0.033264047046637","0.01","0.1","","","","0.909558283903519","","","","","","","","",""
"13052","IPMATMoMPercentChangeL0","BAA10YB_IndexMoMDifferenceL0",NA,"0",NA,"9.81574564390322","0.442406944738047","-0.0583497223658657","5.87283984999251e-06","0.0811814290746054","-0.519187115395897","0.311577278979941","0.000721096989692288","0.266028065675605","0.244440655842535",NA,"254.367460251273","261.112945977421","2.71082463699779e-05","70","No gap","1.00025606386477","0.0135277318956487","0.00623745196765828","0.993762548032342","0.300131190972695","0.759702924961719","0.0135127007795409","0.0199153921074947","0.0962761271178843","0.0376607785668695","0.01","0.1","","","","0.869640675448451","","","","","","","","",""
"24751","UEMP15OVMoMDifferenceL1","BAA10YB_IndexMoMDifferenceL0",NA,"0",NA,"-0.00095307351618827","0.463829386467951","-0.0605219972286614","5.62563344241443e-06","-0.0731432202240888","-0.538515692707546","0.46156163131989","3.21881981610117e-05","0.265447275721148","0.243842783830593",NA,"254.422829153243","261.168314879391","2.78471726997687e-05","70","No gap","1.07028797025384","0.0118497595771466","0.00480595390916204","0.995194046090838","0.149159044182037","0.260595199807809","0.00338026982378188","0.0120885847814558","0.0901935764313616","0.0409926103305061","0.01","0.1","","","","0.820603254109293","","","","","","","","",""
"17475","IPFUELSMoMDifferenceL0","BAA10YB_IndexMoMDifferenceL0",NA,"0",NA,"0.0670358954704224","0.464135950776593","-0.0583038888706497","5.99628180192637e-06","0.077667429357935","-0.518779295800449","0.381166791277477","0.000500994228274527","0.265439268934268","0.243834541549982",NA,"254.42359216454","261.169077890688","2.78574949273969e-05","70","No gap","1.00013326152701","0.0107349059783191","0.0050025674022952","0.994997432597705","0.25550443819074","0.65404053234694","0.0162494474151382","0.015944941369924","0.111289130709923","0.0313183705199944","0.01","0.1","","","","0.818131237426755","","","","","","","","",""
"10455","IPNCONGDMoMDifferenceL0","BAA10YB_IndexMoMDifferenceL0",NA,"0",NA,"-0.121440349865444","0.468919178540269","-0.0564880727715465","1.48617913132354e-05","-0.0780209195462361","-0.502622435332946","0.556394147015739","0.000557862027785808","0.265315416309706","0.243707046201168",NA,"254.435393711433","261.180879437582","2.80176376453722e-05","70","No gap","1.03932198833799","0.0244419123830634","0.0116045185950594","0.988395481404941","0.399343353546197","0.187118752909489","0.0240055668951272","0.0342560350468508","0.0674152921177556","0.0482246825234549","0.01","0.1","","","","0.823021623324491","","","","","","","","",""
"16279","IPMANSICSMoMPercentChangeL1","BAA10YB_IndexMoMDifferenceL0",NA,"0",NA,"-9.72997520379434","0.472596886715222","-0.0550289879504255","4.743389853669e-05","-0.0809516359443524","-0.489639716501042","0.338531771370109","0.00241841776059757","0.265221547346399","0.243610416385999",NA,"254.444336879486","261.189822605634","2.81396060586303e-05","70","No gap","1.13694226254762","0.0213096220377306","0.0116739275576766","0.988326072442323","0.176244067641824","0.360426811659128","0.0250661993535965","0.0421724448899514","0.138721718706322","0.0372585830576661","0.01","0.1","","","","0.997251758789713","","","","","","","","",""
"17947","IPFUELSMoMPercentChangeL0","BAA10YB_IndexMoMDifferenceL0",NA,"0",NA,"7.18344705099821","0.474755594383177","-0.0582902130907652","6.04134370547093e-06","0.0758033916534395","-0.518657610753441","0.379755996411242","0.000515361154050322","0.265166991566869","0.243554256024719",NA,"254.449534041688","261.195019767836","2.82107296093459e-05","70","No gap","1.00010444470282","0.0109771970722557","0.00513936899965656","0.994860631000343","0.259395978474266","0.625325838767352","0.0161157291979186","0.0163575504247057","0.109795884177705","0.031301306752649","0.01","0.1","","","","0.818752354072508","","","","","","","","",""
"44443","ism_man_pmiMoMPercentChangeL1","BAA10YB_IndexMoMDifferenceL0",NA,"0",NA,"-4.2242095265644","0.478882432743604","-0.0599123082890023","5.26565162253227e-06","-0.0766094562811988","-0.533090771576206","0.338482182561899","0.00048326007407466","0.265063799440208","0.243448028835508",NA,"254.459363406508","261.204849132656","2.8345737073554e-05","70","No gap","1.04086026434702","0.015232153996494","0.00642399897118079","0.993576001028819","0.261938519483548","0.766072401532912","0.0130302554729523","0.040990027110455","0.0973615691750398","0.0430655593120178","0.01","0.1","","","","0.889250397477021","","","","","","","","",""
"45451","SPX_Index_30DRSIMoMDifferenceL1","BAA10YB_IndexMoMDifferenceL0",NA,"0",NA,"-0.0160852324235309","0.482114625509242","-0.0591069672958191","5.2001129079704e-06","-0.0751232551757419","-0.525924967692185","0.418038845585262","0.000523115004710288","0.264983977574488","0.243365859267855",NA,"254.466965736051","261.212451462199","2.84505988953354e-05","70","No gap","1.01159703221721","0.0185822841168126","0.010040719362386","0.989959280637614","0.251680232193217","0.663115562718776","0.0183387739779319","0.0420337142222902","0.0952558344573223","0.0340887260825457","0.01","0.1","","","","0.894051553497768","","","","","","","","",""
"26155","UEMP27OVMoMDifferenceL0","BAA10YB_IndexMoMDifferenceL0",NA,"0",NA,"0.00107484892099454","0.484260806466262","-0.0582038713627495","6.22112036299502e-06","0.0685059318012101","-0.517889354952227","0.455818977429298","0.000642202549054767","0.26493145510101","0.243311792015745",NA,"254.471967588634","261.217453314782","2.85198028380229e-05","70","No gap","1.00000001132278","0.0211481283086251","0.00901070167560045","0.9909892983244","0.212922283997772","0.677261140014545","0.00967495911982822","0.0266036298191248","0.101300887574634","0.043093196091338","0.01","0.1","","","","0.821311320524051","","","","","","","","",""
"44101","ism_man_newordersMoMDifferenceL0","BAA10YB_IndexMoMDifferenceL0",NA,"0",NA,"0.0310736373346444","0.49139606381721","-0.0560702909272009","2.12390166413698e-05","0.0755375293703602","-0.498905074875418","0.469449306615894","0.000796949761088174","0.264759545742764","0.243134826499904",NA,"254.488336467746","261.233822193894","2.87474561283529e-05","70","No gap","1.06734692004268","0.0171479658765873","0.00913460926036064","0.990865390739639","0.260497908578593","0.713978404256206","0.00736281287330689","0.0311600136909712","0.110031205660143","0.0384922409810913","0.01","0.1","","","","0.836052006892607","","","","","","","","",""
"16999","IPB51222SMoMPercentChangeL0","BAA10YB_IndexMoMDifferenceL0",NA,"0",NA,"2.26978362432885","0.495073765272164","-0.0577224812795841","7.49898554910757e-06","0.0725438931972538","-0.513606017885228","0.322039260797052","0.000927218676494573","0.2646725400807","0.243045261847779",NA,"254.496619521242","261.24210524739","2.88633457865561e-05","70","No gap","1.00347707504182","0.00971910098687388","0.00430909325383812","0.995690906746162","0.273001803894745","0.774828464618589","0.009014544813097","0.0340493286109489","0.0590970753512674","0.0284488614641069","0.01","0.1","","","","0.822965843880491","","","","","","","","",""
"15795","IPMANSICSMoMDifferenceL1","BAA10YB_IndexMoMDifferenceL0",NA,"0",NA,"-0.0870253507931566","0.495233723603809","-0.0551647939975627","4.66077390891813e-05","-0.0770425406854224","-0.490848098426569","0.347512727873972","0.00249254998589306","0.264668780236846","0.243041391420283",NA,"254.496977441232","261.24246316738","2.88683640246035e-05","70","No gap","1.13911551307543","0.0206583057887241","0.0112483034793091","0.988751696520691","0.184531939810112","0.399926711832535","0.0239759632567635","0.0402149046444862","0.136146530451387","0.037097163012491","0.01","0.1","","","","1.00648428118596","","","","","","","","",""
"35865","AWHMANMoMPercentChangeL0","BAA10YB_IndexMoMDifferenceL0",NA,"0",NA,"-28.9650001721233","0.503794572815368","-0.0586201653062946","5.62475465777812e-06","-0.0711357004492756","-0.521593476290641","0.373292785914984","0.000752753942686812","0.264470479237052","0.242837258038142",NA,"254.515852198967","261.261337925115","2.91342385368987e-05","70","No gap","1.00272945743247","0.0187265960400315","0.00924207055751423","0.990757929442486","0.277800037576142","0.497303760459083","0.0200168360941987","0.0391333084069381","0.0873023462986448","0.0407897665038928","0.01","0.1","","","","0.837755921870798","","","","","","","","",""
"35585","AWHMANMoMDifferenceL0","BAA10YB_IndexMoMDifferenceL0",NA,"0",NA,"-0.69082592454624","0.505088024286987","-0.0586213471597539","5.62641443715391e-06","-0.0709245144473661","-0.521603992246219","0.375858625770807","0.000753355595944582","0.264441011312121","0.242806923409537",NA,"254.518656591405","261.264142317553","2.91739502985555e-05","70","No gap","1.00276159914936","0.0187465773462337","0.00924911086936618","0.990750889130634","0.277419764977414","0.495260802047997","0.0200653896024309","0.0392429906963924","0.0870534782133502","0.0408020777616761","0.01","0.1","","","","0.837677216453838","","","","","","","","",""
"28793","CES1021000001MoMPercentChangeL0","BAA10YB_IndexMoMDifferenceL0",NA,"0",NA,"8.72277138252966","0.511205019072878","-0.0583633273139171","5.98474303787297e-06","0.0690836245176933","-0.519308170191832","0.285577186522047","0.000704185456297031","0.26430337328663","0.242665237206825",NA,"254.53175378772","261.277239513868","2.93601318163139e-05","70","No gap","1.0004174901671","0.0186514502401556","0.0068793830147415","0.993120616985259","0.221310782077343","0.566626912276242","0.0152609005757848","0.018432255663216","0.115024586238464","0.0297642805318445","0.01","0.1","","","","0.818575676512932","","","","","","","","",""
"43523","DTCTHFNMMoMPercentChangeL0","BAA10YB_IndexMoMDifferenceL0",NA,"0",NA,"-5.19376668465719","0.513169757818579","-0.0577336203705121","7.52000298104662e-06","-0.0694117831543856","-0.513705131852742","0.120641152535836","0.000766482760444904","0.264259761527856","0.242620342749263",NA,"254.535903232643","261.281388958791","2.94193652085051e-05","70","No gap","1.00361064410147","0.0148302055587449","0.00622422431177093","0.993775775688229","0.196464072565339","0.158370763655134","0.0198320616452206","0.0367639305102172","0.083607428400329","0.0360407808826482","0.01","0.1","","","","4.29033123235923","","","","","","","","",""
"44201","ism_man_newordersMoMPercentChangeL0","BAA10YB_IndexMoMDifferenceL0",NA,"0",NA,"1.75179115905704","0.513398937465871","-0.0561253274341871","2.15915328711896e-05","0.071870026745386","-0.499394781495177","0.477597146947933","0.000866195638643489","0.264254693090243","0.242615125239956",NA,"254.536385453667","261.281871179815","2.94262566674641e-05","70","No gap","1.07082499696602","0.0166697106238095","0.00888411099191372","0.991115889008086","0.258036035930356","0.694362736275398","0.0071496422693235","0.0288321387316651","0.103336052461765","0.0386105873219403","0.01","0.1","","","","0.834787253792069","","","","","","","","",""
"44347","ism_man_pmiMoMDifferenceL1","BAA10YB_IndexMoMDifferenceL0",NA,"0",NA,"-0.0703249941641063","0.514506431430692","-0.0596366129205258","5.44764446964021e-06","-0.0703724572746434","-0.530637675361115","0.362055138897851","0.000513340507979187","0.264230255132529","0.24258996851878",NA,"254.538710481927","261.284196208075","2.94595064936898e-05","70","No gap","1.03389944211019","0.015168925914069","0.00651623657481924","0.993483763425181","0.263150630907735","0.750943694824829","0.012881366573343","0.0392362813302031","0.0967326533855015","0.042584726561275","0.01","0.1","","","","0.890621415127017","","","","","","","","",""
"43395","DTCTHFNMMoMDifferenceL0","BAA10YB_IndexMoMDifferenceL0",NA,"0",NA,"-5.6157215678627e-06","0.525995685388774","-0.0577311907897777","7.56986739906935e-06","-0.0673224323791627","-0.513683513806212","0.132603034492938","6.89298240787939e-05","0.263982024158362","0.242334436633608",NA,"254.562322811493","261.307808537641","2.97993179283473e-05","70","No gap","1.00387851991285","0.0147736170029078","0.00620568803389786","0.993794311966102","0.196433792323806","0.134626743036674","0.0194365138877921","0.0362766251940673","0.0850964567653175","0.0359866927484348","0.01","0.1","","","","4.36381174304964","","","","","","","","",""
"44979","USGG30YR_IndexMoMDifferenceL1","BAA10YB_IndexMoMDifferenceL0",NA,"0",NA,"0.66880561105065","0.526649364495088","-0.0601136165736578","6.14124486582935e-06","0.0693615802137404","-0.534881982628767","0.591557352582445","0.001513704561546","0.263968187045934","0.242320192547285",NA,"254.563638796696","261.309124522844","2.98183715270461e-05","70","No gap","1.06381005677836","0.0332294878188873","0.0161915447617736","0.983808455238226","0.132580788346429","0.508829715999381","0.0169169216496242","0.0536948970327602","0.12968280980124","0.0325611517627554","0.01","0.1","","","","0.840879459584127","","","","","","","","",""
"13559","IPDMATMoMDifferenceL0","BAA10YB_IndexMoMDifferenceL0",NA,"0",NA,"0.0675759951395031","0.530258909704346","-0.0578701891356979","7.12961558349971e-06","0.0667699462311219","-0.514920300329559","0.600093995602105","0.000866778866695553","0.263892324857489","0.242242099118004",NA,"254.570853266845","261.316338992993","2.99230434933628e-05","70","No gap","1.00196999269761","0.0140912624781368","0.00620172295607015","0.99379827704393","0.320069133665172","0.907804292316885","0.0153420201199314","0.0229561289007926","0.090834783858041","0.0372282671812689","0.01","0.1","","","","0.839381565367998","","","","","","","","",""
"37333","HOUSTMWMoMDifferenceL1","BAA10YB_IndexMoMDifferenceL0",NA,"0",NA,"0.00272790203279117","0.531061386202652","-0.058008029412995","6.74793956319529e-06","0.0666060561242655","-0.516146782531248","0.529897713520866","0.000219299723143297","0.263875583798088","0.242224865674502",NA,"254.572445236161","261.317930962309","2.99461902023568e-05","70","No gap","1.00067868225057","0.0142317013323543","0.00694951141826693","0.993050488581733","0.118699657166403","0.386673537401929","0.00888535802581992","0.016722109511241","0.0890662863753967","0.0350909694788417","0.01","0.1","","","","0.924154431643153","","","","","","","","",""
"45043","USGG30YR_IndexMoMPercentChangeL1","BAA10YB_IndexMoMDifferenceL0",NA,"0",NA,"1.83890093077505","0.53824571267722","-0.059992994953554","6.14440862763566e-06","0.067337927101029","-0.53380870946727","0.588510668546257","0.00140926821418364","0.263727701756687","0.242072634161296",NA,"254.586506314716","261.331992040864","3.01514127041269e-05","70","No gap","1.05925825017905","0.0323624363028786","0.0155109313434795","0.984489068656521","0.133308906905589","0.53219573485266","0.0176742274958207","0.0514502005414461","0.126975244312473","0.0350653447328365","0.01","0.1","","","","0.837771885266692","","","","","","","","",""
"44813","USGG10YR_IndexMoMDifferenceL0","BAA10YB_IndexMoMDifferenceL0",NA,"0",NA,"0.707659098280897","0.541841563814456","-0.0530653137616191","0.00051243758843434","0.0793446734383742","-0.472167236833166","0.375078169304776","0.00657622069197804","0.263655016476864","0.241997811079125",NA,"254.593416419133","261.338902145281","3.02527810069897e-05","70","No gap","1.49688421387146","0.0166590328979468","0.0072307044470206","0.992769295552979","0.258904670036254","0.459175443192006","0.0294766350984504","0.0318680817389998","0.0908548190634225","0.0400674588769618","0.01","0.1","","","","0.836358091939431","","","","","","","","",""
"24955","UEMP15OVMoMPercentChangeL0","BAA10YB_IndexMoMDifferenceL0",NA,"0",NA,"2.59106570663571","0.544692848840879","-0.0579195071064881","7.01745659275036e-06","0.0600556106766858","-0.515359124268278","0.463254014311503","0.000660923779865843","0.263598004098639","0.241939121866246",NA,"254.598836041829","261.344321767977","3.03325229795703e-05","70","No gap","1.00153419046531","0.016342967762344","0.00802340215078644","0.991976597849214","0.347417792916425","0.653393071334459","0.0113478569389028","0.0396402711923871","0.0877207715959859","0.0401269920041849","0.01","0.1","","","","0.82376886171917","","","","","","","","",""
"35725","AWHMANMoMDifferenceL1","BAA10YB_IndexMoMDifferenceL0",NA,"0",NA,"-0.619863099059454","0.550038908399849","-0.0577956573664541","7.42083377487939e-06","-0.0636390265080284","-0.514257127777744","0.416431730335663","0.000788806925038986","0.263492573877262","0.241830590756005",NA,"254.608857181485","261.354342907633","3.0480523724119e-05","70","No gap","1.00325305568705","0.0164991165153782","0.00815240158775282","0.991847598412247","0.279859828113023","0.59564659961669","0.0165320975446345","0.0369037617498897","0.0963122023832191","0.0437297288156257","0.01","0.1","","","","0.984654221444348","","","","","","","","",""
"36005","AWHMANMoMPercentChangeL1","BAA10YB_IndexMoMDifferenceL0",NA,"0",NA,"-25.7372902600284","0.552725291421819","-0.0578006263079763","7.41162201978625e-06","-0.0632087056597187","-0.514301340677324","0.419140178039006","0.000788432363988169","0.263440309244884","0.241776788928558",NA,"254.613824401547","261.359310127695","3.0554151335016e-05","70","No gap","1.00321719558735","0.0164982330122405","0.00815605909020123","0.991843940909799","0.279785426465691","0.596467268039507","0.0164365181048373","0.0367587033502261","0.0964568773010591","0.0436707525931183","0.01","0.1","","","","0.983732726878949","","","","","","","","",""
"36813","HOUSTNEMoMDifferenceL1","BAA10YB_IndexMoMDifferenceL0",NA,"0",NA,"0.0028503835794016","0.557558218223138","-0.0585169187541303","5.8550331790493e-06","0.0624027591692659","-0.520674803888798","0.563793230635718","0.000266974021887618","0.263347469322154","0.241681218419864",NA,"254.622647019911","261.36813274606","3.06853651199646e-05","70","No gap","1.00200688995689","0.0205120907991855","0.0106949091599449","0.989305090840055","0.133261698384502","0.569461777022955","0.0123243215092717","0.021126686155641","0.111568631921934","0.0430312303045081","0.01","0.1","","","","0.833080095367898","","","","","","","","",""
"12797","IPMATMoMDifferenceL1","BAA10YB_IndexMoMDifferenceL0",NA,"0",NA,"-0.0686859431014098","0.55789177948489","-0.0590299131838978","5.55877539905772e-06","-0.062434351435003","-0.525239351711924","0.497943844608382","0.00154551626207246","0.263341117478393","0.24167467975717",NA,"254.623250597756","261.368736323904","3.06943623562539e-05","70","No gap","1.01394801736725","0.0173699125547328","0.00832443255719862","0.991675567442801","0.17638458287444","0.324806181069037","0.0267683270792557","0.0549847381484878","0.075961441666254","0.0443679949951857","0.01","0.1","","","","1.23545235846522","","","","","","","","",""
"14063","IPDMATMoMPercentChangeL0","BAA10YB_IndexMoMDifferenceL0",NA,"0",NA,"6.98427151071109","0.557998184072363","-0.0579205078354672","7.04382039104492e-06","0.0623134784578872","-0.51536802860528","0.615844391931839","0.000843722958719638","0.263339092776483","0.241672595505204",NA,"254.623442992013","261.368928718161","3.06972308367071e-05","70","No gap","1.00162842339923","0.0143574976212366","0.00637040065493887","0.993629599345061","0.308362345541087","0.907567916872736","0.0155570695715079","0.0243014052318729","0.0896493885881548","0.0375064195797001","0.01","0.1","","","","0.83963768674099","","","","","","","","",""
"21579","UNRATEMoMPercentChangeL0","BAA10YB_IndexMoMDifferenceL0",NA,"0",NA,"3.7889318535267","0.563954836900782","-0.0591111799475874","5.59787223460299e-06","0.0584280745786327","-0.525962451238483","0.542606378723068","0.00103005665296966","0.26322690403849","0.241557107098446",NA,"254.634102731992","261.37958845814","3.08565806181882e-05","70","No gap","1.01735174461052","0.0206079075499755","0.00924627540222165","0.990753724597778","0.339224297944137","0.799191090844783","0.012304230574158","0.0399508639294603","0.0839380530380585","0.0419969065898062","0.01","0.1","","","","0.822964051250057","","","","","","","","",""
"24547","UEMP15OVMoMDifferenceL0","BAA10YB_IndexMoMDifferenceL0",NA,"0",NA,"0.000719570460317726","0.564214234126355","-0.058111753159852","6.5536524719474e-06","0.0555311885806363","-0.517069700940201","0.543555300160795","0.00015550560540777","0.263222069811002","0.241552130687796",NA,"254.634562025112","261.38004775126","3.08634650333373e-05","70","No gap","1.00017531871045","0.0173759554921081","0.00793296794020152","0.992067032059799","0.288449718742556","0.578644034715265","0.0128518809507517","0.0470865597503054","0.0870423663441884","0.0407672943885557","0.01","0.1","","","","0.826365811598295","","","","","","","","",""
"36681","HOUSTNEMoMDifferenceL0","BAA10YB_IndexMoMDifferenceL0",NA,"0",NA,"-0.00274515041905287","0.57514084765684","-0.058915795889206","5.64786132161905e-06","-0.0599311788738159","-0.524223953066558","0.540388043527984","0.000328068964887993","0.263022262182988","0.241346446364841",NA,"254.653542829529","261.399028555677","3.11493186202494e-05","70","No gap","1.01132519141779","0.0152037296115137","0.00740105990040164","0.992598940099598","0.109160233798231","0.476919342428751","0.00797962926587869","0.0215855838785348","0.0882050304436374","0.0400915791811388","0.01","0.1","","","","0.825928320360996","","","","","","","","",""
"13307","IPMATMoMPercentChangeL1","BAA10YB_IndexMoMDifferenceL0",NA,"0",NA,"-7.18080752582981","0.577078742820297","-0.0589955067290787","5.65439547726258e-06","-0.05938842977351","-0.524933208215362","0.512366467158894","0.00153096645522832","0.262987595596697","0.24131076017307",NA,"254.656835471686","261.402321197834","3.11991750630014e-05","70","No gap","1.01414231291608","0.0173505784861654","0.00828123946825349","0.991718760531746","0.18492817111197","0.34557705527067","0.025905454527112","0.0528410871589419","0.077057688824168","0.0440877550621227","0.01","0.1","","","","1.22387260671736","","","","","","","","",""
"28425","CES1021000001MoMDifferenceL0","BAA10YB_IndexMoMDifferenceL0",NA,"0",NA,"0.0101507495984651","0.577383595035818","-0.0581729221386688","6.43837661609436e-06","0.0584873408191853","-0.517613973378456","0.401786234714421","0.000732808008422333","0.262982163025773","0.241305167820648",NA,"254.65735144477","261.402837170918","3.12069950396676e-05","70","No gap","1.00002037873023","0.0184270769980338","0.00675194331878445","0.993248056681216","0.236026229034911","0.656049432009523","0.0138318351609435","0.0180857883865528","0.114329178163355","0.0298760166738495","0.01","0.1","","","","0.822989211624593","","","","","","","","",""
"35445","AWOTMANMoMPercentChangeL1","BAA10YB_IndexMoMDifferenceL0",NA,"0",NA,"-3.22351702362576","0.579564883705872","-0.0576861295021991","7.93305722080679e-06","-0.059071017564087","-0.513282565198998","0.411154679023187","0.000824005780702375","0.2629434565166","0.241265322884735",NA,"254.661027589853","261.406513316001","3.12627666594345e-05","70","No gap","1.00609395030212","0.0139328538497971","0.00657121110152082","0.993428788898479","0.337563725626949","0.848165560917513","0.0130946162788012","0.029407933513848","0.0855578879895725","0.0422565845101692","0.01","0.1","","","","0.853373824043052","","","","","","","","",""
"37837","HOUSTSMoMDifferenceL1","BAA10YB_IndexMoMDifferenceL0",NA,"0",NA,"0.00155870601474658","0.58868714898157","-0.0585663590077074","5.86730638166187e-06","0.0575727503490032","-0.521114715881492","0.523158084086275","0.000477123157953148","0.262784683766866","0.241101880348244",NA,"254.676104988843","261.421590714991","3.14925539055544e-05","70","No gap","1.00316160138006","0.0120606674658308","0.00630755995184674","0.993692440048153","0.200514740726441","0.67903693820356","0.0147664826472421","0.0335378402369886","0.0773715449164687","0.0355780147311165","0.01","0.1","","","","0.825705964312097","","","","","","","","",""
"45415","SPX_Index_14DRSIMoMDifferenceL1","BAA10YB_IndexMoMDifferenceL0",NA,"0",NA,"-0.00689382844120196","0.593491862970094","-0.0585683174232869","5.87606756241565e-06","-0.0568543762043272","-0.52113214157084","0.501591980619426","0.000585193093448784","0.262703039937099","0.241017835229367",NA,"254.683856796924","261.429342523072","3.16113520403283e-05","70","No gap","1.00327943395493","0.0188220931995283","0.0102014314580252","0.989798568541975","0.260197524862023","0.711225117399942","0.0179859207438429","0.0398720845560149","0.101571976535086","0.0374891399730569","0.01","0.1","","","","0.867243031525866","","","","","","","","",""
"35157","AWOTMANMoMDifferenceL1","BAA10YB_IndexMoMDifferenceL0",NA,"0",NA,"-0.70437445665394","0.596121108931892","-0.0576990870401606","7.94522522007482e-06","-0.0565364417674865","-0.51339785943664","0.436328601765224","0.000828798191718196","0.262658932926102","0.24097243095334",NA,"254.688044252712","261.43352997886","3.16757120225608e-05","70","No gap","1.0063282457824","0.0138790899231425","0.00655193024008263","0.993448069759917","0.335107129555028","0.858620226030431","0.0131145897162663","0.029304644072874","0.0860520968713259","0.0422122967592666","0.01","0.1","","","","0.851509550230864","","","","","","","","",""
"34277","USGOVTMoMPercentChangeL1","BAA10YB_IndexMoMDifferenceL0",NA,"0",NA,"-63.5026673652349","0.596570032861673","-0.0582534108950021","6.30522212600139e-06","-0.0537310839996594","-0.518330150311749","0.420316942944258","0.000626501573276711","0.262651442021886","0.240964719728412",NA,"254.688755403433","261.434241129581","3.16866552122486e-05","70","No gap","1.00006353491016","0.0210173756879701","0.00963527724191503","0.990364722758085","0.218971170565216","0.610109509403433","0.0125637401394708","0.0344212984339481","0.102328838904606","0.0390415047130556","0.01","0.1","","","","0.868243876726111","","","","","","","","",""
"33973","USGOVTMoMDifferenceL1","BAA10YB_IndexMoMDifferenceL0",NA,"0",NA,"-0.00281086741941533","0.60358887237188","-0.0582583797129172","6.30535773883047e-06","-0.0527170367261126","-0.518374362111492","0.455954150165174","0.000440195673115488","0.262535828214643","0.240845705515073",NA,"254.699730310769","261.445216036917","3.18560172972715e-05","70","No gap","1.00007967557141","0.0209000176666974","0.00957938375551792","0.990420616244482","0.219676573360711","0.606083248536914","0.012593954293525","0.0342915294454582","0.10232615539813","0.0389887928840377","0.01","0.1","","","","0.868792096616518","","","","","","","","",""
"21139","UNRATEMoMDifferenceL0","BAA10YB_IndexMoMDifferenceL0",NA,"0",NA,"0.652390457942454","0.604739762847303","-0.0590143533956651","5.81435318486586e-06","0.0516009809934928","-0.525100903040001","0.599292294315653","0.0010541648418139","0.262517138774552","0.240826466385569",NA,"254.70150428743","261.446990013578","3.1883477729866e-05","70","No gap","1.01720072671455","0.0207359868726492","0.00963733870307582","0.990362661296924","0.335556785332483","0.806750357236336","0.0120777931961147","0.0405074310218226","0.088006344814229","0.0422662323684729","0.01","0.1","","","","0.825329769475287","","","","","","","","",""
"43995","ism_man_emplMoMPercentChangeL0","BAA10YB_IndexMoMDifferenceL0",NA,"0",NA,"-1.79739673448735","0.61187050299452","-0.0583536226279068","6.15904471324018e-06","-0.0539427655545183","-0.519221819345055","0.470405577547639","0.000808061992949935","0.26240300251714","0.240708973179409",NA,"254.712336972844","261.457822698992","3.20516776306512e-05","70","No gap","1.00061691969929","0.0130115841651732","0.00588692145731769","0.994113078542682","0.325607258918252","0.656106739679805","0.0138075530942467","0.0324827100393086","0.0765340487155387","0.0352034861235381","0.01","0.1","","","","0.840982439588687","","","","","","","","",""
"38205","HOUSTWMoMDifferenceL0","BAA10YB_IndexMoMDifferenceL0",NA,"0",NA,"0.00220815573883235","0.615843514796145","-0.0587377223858022","5.8413295428765e-06","0.0535437294537596","-0.522639481627586","0.640598016411152","0.000192221750128378","0.262340637178828","0.240644773566441",NA,"254.718255366151","261.463741092299","3.2143947485519e-05","70","No gap","1.00794967685161","0.0122535225063537","0.00623501862113135","0.993764981378869","0.0296185190911166","0.0857722264625496","0.00733990411162851","0.0142528437210455","0.115436829373014","0.0332658957796629","0.01","0.1","","","","0.838139361338837","","","","","","","","",""
"43883","ism_man_emplMoMDifferenceL0","BAA10YB_IndexMoMDifferenceL0",NA,"0",NA,"-0.0325433217951148","0.621358537105945","-0.0583296735706303","6.20829908823464e-06","-0.0525416750076944","-0.519008724210071","0.470290169378069","0.00081165484168102","0.262255502298341","0.240557134718881",NA,"254.726333753093","261.471819479241","3.22703212889408e-05","70","No gap","1.0004604497517","0.0131417981119696","0.00596183766846688","0.994038162331533","0.321202758882232","0.636795428776546","0.0142212237019971","0.0328549502996879","0.0773717951373141","0.035280514743495","0.01","0.1","","","","0.84135364592777","","","","","","","","",""
"14811","IPNMATMoMDifferenceL1","BAA10YB_IndexMoMDifferenceL0",NA,"0",NA,"0.0502230680540824","0.622202933033448","-0.0599315235139772","8.01396726307715e-06","0.0542211867609729","-0.533261745778343","0.302782749183032","0.000935486429167852","0.262242613514398","0.240543866853056",NA,"254.727556679184","261.473042405333","3.22894953174169e-05","70","No gap","1.08612914573774","0.00964378557886219","0.00493708417342006","0.99506291582658","0.342067679956634","0.568222537709119","0.00803565624036301","0.0214643972399563","0.0726718624771665","0.0337869850358045","0.01","0.1","","","","0.828321648533746","","","","","","","","",""
"26743","UEMP27OVMoMPercentChangeL1","BAA10YB_IndexMoMDifferenceL0",NA,"0",NA,"-1.6585264179671","0.625217338228808","-0.0596471982326314","7.07918663219131e-06","-0.050868628685313","-0.530731861887372","0.697913009123776","0.000390532789882541","0.262196915887334","0.240496825178138",NA,"254.731892433576","261.477378159724","3.23575666395515e-05","70","No gap","1.06117665101937","0.0135308376194657","0.00595106524963938","0.994048934750361","0.149453720935574","0.173351460560378","0.00732302501971166","0.0167075950513386","0.0961035920903989","0.0417292364716026","0.01","0.1","","","","1.05203731340258","","","","","","","","",""
"45443","SPX_Index_30DRSIMoMDifferenceL0","BAA10YB_IndexMoMDifferenceL0",NA,"0",NA,"-0.0121798919965351","0.627649541865853","-0.0609236396621394","1.66841014180178e-05","-0.0569634362594719","-0.542089447097507","0.615344777891393","0.00245736868098045","0.262160400040376","0.240459235335681",NA,"254.735356834973","261.480842561121","3.24120608523604e-05","70","No gap","1.22018217431175","0.0217411058306536","0.0108103592933956","0.989189640706604","0.153299454445296","0.643638975925859","0.0249336969441763","0.044179920030461","0.0978968949257064","0.0394214006973839","0.01","0.1","","","","0.859910085570555","","","","","","","","",""
"43263","DTCOLNVHFNMMoMPercentChangeL0","BAA10YB_IndexMoMDifferenceL0",NA,"0",NA,"-6.0236704336524","0.627787148215518","-0.0574857491446993","9.2539929592014e-06","-0.0519487917406357","-0.511499610703687","0.21381780325756","0.000909922766996036","0.262158343543138","0.24045711835323",NA,"254.735551937819","261.481037663967","3.24151325021838e-05","70","No gap","1.01531448145623","0.0147100272295688","0.00593153294463165","0.994068467055368","0.275348738180696","0.811680150189825","0.0164003536367471","0.0285549501117952","0.0944162839843209","0.0364936707709565","0.01","0.1","","","","0.82401707413614","","","","","","","","",""
"28977","CES1021000001MoMPercentChangeL1","BAA10YB_IndexMoMDifferenceL0",NA,"0",NA,"6.40114377970573","0.631338080554177","-0.0587119226934217","5.90218166006747e-06","0.0507146402175894","-0.522409919817828","0.451993363138611","0.000576425141292018","0.262105624035972","0.240402848272325",NA,"254.740553327528","261.486039053677","3.24939725693252e-05","70","No gap","1.00787231204682","0.0188601580637029","0.00680619319287989","0.99319380680712","0.263871249390172","0.413618281362938","0.0105835155221838","0.0251736607191608","0.08878735087273","0.0274944084900894","0.01","0.1","","","","0.84453800811337","","","","","","","","",""
"15307","IPNMATMoMPercentChangeL1","BAA10YB_IndexMoMDifferenceL0",NA,"0",NA,"4.49339323765554","0.640144441037191","-0.059808085089941","8.09558411836945e-06","0.0513247470547008","-0.532163409116129","0.337477251156393","0.00092333974733007","0.261977745012562","0.240271208101167",NA,"254.752683459371","261.498169185519","3.2685984944214e-05","70","No gap","1.08248596997921","0.00960007579622787","0.00496492152819982","0.9950350784718","0.339154469991596","0.547555117534216","0.0082387545287459","0.0215410849308375","0.0736430303494819","0.0337844566575399","0.01","0.1","","","","0.829059046698474","","","","","","","","",""
"43127","DTCOLNVHFNMMoMDifferenceL0","BAA10YB_IndexMoMDifferenceL0",NA,"0",NA,"-1.69127235615313e-05","0.645679184042164","-0.0575226355375398","9.17779774571109e-06","-0.0492754219441646","-0.511827820318398","0.264744895278507","0.000280071904653093","0.261899435075948","0.240190594931123",NA,"254.76011061312","261.505596339268","3.28041117488853e-05","70","No gap","1.0153208486853","0.0147890299966834","0.0059907436332838","0.994009256366716","0.271824018659329","0.817296606963617","0.0160868665676063","0.0286721581836193","0.0950941524669601","0.0365021370488634","0.01","0.1","","","","0.824749636291544","","","","","","","","",""
"40423","AMBSLMoMDifferenceL0","BAA10YB_IndexMoMDifferenceL0",NA,"0",NA,"0.000954865113474958","0.646015923093726","-0.0581718633676771","6.52899244011292e-06","0.0488480483286453","-0.517604552592294","0.669352361132666","5.86536503540764e-05","0.261894721385718","0.240185742602945",NA,"254.760557648766","261.506043374914","3.2811235331498e-05","70","No gap","1.00003211897344","0.0174984026595656","0.00739126225947594","0.992608737740524","0.2882186598449","0.480561050509419","0.0207144403408055","0.0351675501603341","0.101318058659063","0.0371539193139729","0.01","0.1","","","","0.839334843658517","","","","","","","","",""
"44881","USGG10YR_IndexMoMPercentChangeL0","BAA10YB_IndexMoMDifferenceL0",NA,"0",NA,"1.10680835488872","0.658191881322159","-0.0545938130922115","0.000323565397436257","0.0569227160829701","-0.485767595603665","0.524412905753329","0.00587088332192947","0.261728139995536","0.240014261760111",NA,"254.776354015503","261.521839741651","3.30639484568129e-05","70","No gap","1.46560888320963","0.0161877153882744","0.00668431137376409","0.993315688626236","0.275702818352005","0.567804366770506","0.0266856415422129","0.0324494843332763","0.0864057231442507","0.0407945540001479","0.01","0.1","","","","0.829980456891446","","","","","","","","",""
"45179","MOVE_IndexMoMDifferenceL0","BAA10YB_IndexMoMDifferenceL0",NA,"0",NA,"0.00853396481747131","0.666559744502821","-0.0594711180828877","7.48666780937491e-06","0.0470575412855423","-0.52916512701157","0.680790358848962","0.000739273927565904","0.261617944281478","0.239900824995639",NA,"254.786801554925","261.532287281073","3.32321585280182e-05","70","No gap","1.06059769314161","0.0141192956029455","0.00667330364147386","0.993326696358526","0.0246681618145704","0.260819003852997","0.0216522726296344","0.0392366597690238","0.093304017219781","0.0407097242991419","0.01","0.1","","","","0.865101156776203","","","","","","","","",""
"45155","VIX_IndexMoMPercentChangeL1","BAA10YB_IndexMoMDifferenceL0",NA,"0",NA,"-0.283733055810348","0.670550555718223","-0.0569663063704098","1.57937099811143e-05","-0.0463460842970462","-0.506877686474029","0.530324752235551","0.00123691733308949","0.261566597585862","0.239847968103094",NA,"254.791669148469","261.537154874617","3.33108209343846e-05","70","No gap","1.05912117953124","0.0154788729626496","0.00752222703009447","0.992477772969906","0.305905605173733","0.51834195177217","0.0123284968829148","0.0232527003953426","0.101004260715625","0.0428022145101075","0.01","0.1","","","","0.829368726334342","","","","","","","","",""
"37589","HOUSTMWMoMPercentChangeL1","BAA10YB_IndexMoMDifferenceL0",NA,"0",NA,"0.271848780046374","0.682380070285201","-0.0579724576186727","7.13432083324115e-06","0.0431830786029196","-0.515830270017823","0.691992642429344","0.000925606618099996","0.261418902236612","0.239695928772983",NA,"254.805668570249","261.551154296397","3.35380969924692e-05","70","No gap","1.00221970162661","0.0152750071327383","0.00693344265450803","0.993066557345492","0.146838532056078","0.381735355189819","0.0129012164970328","0.0224045256169876","0.0861201671676822","0.0361673758853107","0.01","0.1","","","","0.891326795983004","","","","","","","","",""
"28609","CES1021000001MoMDifferenceL1","BAA10YB_IndexMoMDifferenceL0",NA,"0",NA,"0.00742627026042699","0.6849568981217","-0.0586396721177573","6.10532789795248e-06","0.0428086385398388","-0.5217670449858","0.55559787153041","0.000600904077795719","0.261387612198444","0.239663718439575",NA,"254.808634062168","261.554119788316","3.35864394640506e-05","70","No gap","1.00810356323182","0.0183555247531917","0.00651017221987776","0.993489827780122","0.270465680562457","0.495218844279511","0.0103093231902498","0.0251189365414366","0.0869615250256774","0.028202020339662","0.01","0.1","","","","0.839892517923505","","","","","","","","",""
"37205","HOUSTMWMoMDifferenceL0","BAA10YB_IndexMoMDifferenceL0",NA,"0",NA,"-0.00176261277506238","0.686922915099334","-0.0586090034117084","6.1098781926964e-06","-0.0430291778065218","-0.521494159419582","0.653095999660905","0.000399605814604374","0.261363949112911","0.239639359380938",NA,"254.810876631453","261.556362357601","3.36230433557461e-05","70","No gap","1.00709845463087","0.0148715306320453","0.00719891218541713","0.992801087814583","0.333672143532039","0.85711256351079","0.0107002057772068","0.0256294215018243","0.0781454490733935","0.0345643056934388","0.01","0.1","","","","0.843262682788295","","","","","","","","",""
"40623","AMBSLMoMPercentChangeL0","BAA10YB_IndexMoMDifferenceL0",NA,"0",NA,"3.12458162351806","0.691506033563092","-0.0581396112148237","6.65274004521188e-06","0.0421967491779429","-0.517317577752889","0.700258028500452","0.000683460878337054","0.261309487808675","0.239583296273636",NA,"254.816037699281","261.561523425429","3.3707435480923e-05","70","No gap","1.00017838167174","0.0170997981443714","0.00735029847665423","0.992649701523346","0.29062883753549","0.481589340389648","0.0194902544840652","0.0335582066944623","0.101637671541489","0.0368931363007508","0.01","0.1","","","","0.837718115638979","","","","","","","","",""
"19339","CLF16OVMoMDifferenceL0","BAA10YB_IndexMoMDifferenceL0",NA,"0",NA,"6.04930849137796e-05","0.70082107532552","-0.0582692148926716","6.39665428272549e-06","0.0406971478874103","-0.518470771922771","0.314863191709667","0.000493382283168856","0.261201790714382","0.239472431617746",NA,"254.826242578011","261.57172830416","3.38749263768534e-05","70","No gap","1.00020782700376","0.0155614001865101","0.00776931895862285","0.992230681041377","0.321163347310387","0.615253227725731","0.0145110305200933","0.0294244127058316","0.0936839742714683","0.0419774644375719","0.01","0.1","","","","1.16250995847788","","","","","","","","",""
"38085","HOUSTSMoMPercentChangeL1","BAA10YB_IndexMoMDifferenceL0",NA,"0",NA,"0.571267779557103","0.701136804853868","-0.0584541443657995","6.19112351861539e-06","0.0407586850240803","-0.520116246756446","0.641290032218433","0.000821273392153982","0.261198210036909","0.23946874562623",NA,"254.826581840902","261.57206756705","3.3880508910844e-05","70","No gap","1.00299523467948","0.0112295922696237","0.00629720860077559","0.993702791399224","0.167487878628745","0.62550915027108","0.015530218374497","0.032883344237691","0.0816383068432499","0.0355532618120051","0.01","0.1","","","","0.831902416934298","","","","","","","","",""
"9655","IPDCONGDMoMDifferenceL1","BAA10YB_IndexMoMDifferenceL0",NA,"0",NA,"-0.0230712974361626","0.702180428659364","-0.0581835706297311","6.56157110588517e-06","-0.0403795030976304","-0.517708722061634","0.723594092068394","0.000730131630285732","0.261186406620416","0.239456595050429",NA,"254.827700182202","261.57318590835","3.38989176110749e-05","70","No gap","1.00001802376569","0.0172810526628049","0.00964003678303244","0.990359963216968","0.144229649260424","0.632503211621589","0.019055797830077","0.0397230127411292","0.108730138397895","0.0398944876111316","0.01","0.1","","","","0.828655697675248","","","","","","","","",""
"35013","AWOTMANMoMDifferenceL0","BAA10YB_IndexMoMDifferenceL0",NA,"0",NA,"-0.50496502913312","0.705462449114247","-0.0585947843004464","6.17721320765556e-06","-0.0403654457374401","-0.521367639891121","0.591445220390781","0.000754034195287007","0.261149609006082","0.23941871515332",NA,"254.831186540442","261.57667226659","3.39563697870915e-05","70","No gap","1.00751512114128","0.0196213948786931","0.0108388889293504","0.98916111107065","0.269152258129192","0.493402268545251","0.014259726905525","0.0393788375897834","0.0946456452917717","0.0418679652697499","0.01","0.1","","","","0.830083963184275","","","","","","","","",""
"35301","AWOTMANMoMPercentChangeL0","BAA10YB_IndexMoMDifferenceL0",NA,"0",NA,"-2.21027749526039","0.705591728423252","-0.0585785306996901","6.17476074065171e-06","-0.0403303430670688","-0.521223017778979","0.593934097985767","0.000751019716215279","0.261148169521046","0.239417233330489",NA,"254.831322919681","261.576808645829","3.39586191772101e-05","70","No gap","1.00691089163972","0.0196814360623965","0.0108690381464174","0.989130961853583","0.272034371227992","0.490449661752902","0.0141750256262752","0.039043810753311","0.095368958133536","0.0419004853288637","0.01","0.1","","","","0.830258690506542","","","","","","","","",""
"45127","VIX_IndexMoMPercentChangeL0","BAA10YB_IndexMoMDifferenceL0",NA,"0",NA,"0.263123629281708","0.707279346008319","-0.0600473564188726","1.49645207748853e-05","0.0429997996555927","-0.534292409667084","0.698155265666068","0.00143335628584512","0.261129447582203","0.239397960746385",NA,"254.833096643534","261.578582369682","3.39878879151989e-05","70","No gap","1.16870632503122","0.0127757951335686","0.00669502062463854","0.993304979375361","0.230938548800886","0.804810973691625","0.0160316127125221","0.0283238766608477","0.0940932697579971","0.036533861387453","0.01","0.1","","","","0.845454452164933","","","","","","","","",""
"12027","IPBUSEQMoMPercentChangeL0","BAA10YB_IndexMoMDifferenceL0",NA,"0",NA,"-3.00883461077376","0.708959923146157","-0.0577532667644069","8.23815021365407e-06","-0.0399142336496875","-0.513879942531535","0.61021938412364","0.00071460486589145","0.261110931146424","0.239378899709554",NA,"254.83485085374","261.580336579888","3.40168594644696e-05","70","No gap","1.01015185924652","0.0167170857514424","0.00799160115195812","0.992008398848042","0.334598658443689","0.670972250365731","0.0137244589944893","0.0275171217766165","0.0836168596009634","0.0416675617955099","0.01","0.1","","","","1.21708373226314","","","","","","","","",""
"31915","USWTRADEMoMDifferenceL0","BAA10YB_IndexMoMDifferenceL0",NA,"0",NA,"-0.00322445871861245","0.710879326793532","-0.0579239799375126","7.38904508187913e-06","-0.0393109317159887","-0.51539892285074","0.458930703052152","0.000678098224309848","0.26108993835272","0.239357289480741",NA,"254.836839615986","261.582325342134","3.40497346138502e-05","70","No gap","1.00396186299712","0.0175636481160535","0.00743775559774783","0.992562244402252","0.210753376256465","0.344812972987898","0.0193570967409856","0.0370761801700872","0.0942739119900971","0.0381066477374149","0.01","0.1","","","","0.872483386659718","","","","","","","","",""
"19795","CLF16OVMoMPercentChangeL0","BAA10YB_IndexMoMDifferenceL0",NA,"0",NA,"9.27878761110284","0.711330589944596","-0.0582918990792054","6.37174156254052e-06","0.0391918319554981","-0.518672612426788","0.284108004173909","0.000757950073495957","0.261085026762065","0.239352233431538",NA,"254.837304909695","261.582790635843","3.40574307167163e-05","70","No gap","1.00040370845137","0.015563551885911","0.00776210850293544","0.992237891497065","0.31835300015812","0.619712041442555","0.0145677143023646","0.0296527506225779","0.0933653980394031","0.0418466569968698","0.01","0.1","","","","1.15096316562974","","","","","","","","",""
"32241","USWTRADEMoMPercentChangeL0","BAA10YB_IndexMoMDifferenceL0",NA,"0",NA,"-19.2143874529087","0.711793633478581","-0.0579404861199091","7.32308629579063e-06","-0.0391547453557649","-0.515545792396596","0.467081993661762","0.00068252843555218","0.261079996410037","0.239347055127979",NA,"254.837781450916","261.583267177064","3.40653146601033e-05","70","No gap","1.00353026271739","0.0176011850000214","0.00745335640711988","0.99254664359288","0.210448679868962","0.345450769094472","0.0193500261026348","0.0372158541854843","0.0943773425357274","0.0381443475672383","0.01","0.1","","","","0.870562837195525","","","","","","","","",""
"3541","DPCERA3M086SBEAMoMPercentChangeL1","BAA10YB_IndexMoMDifferenceL0",NA,"0",NA,"-8.57490492237586","0.717139058991214","-0.0574963180127197","1.03167094847223e-05","-0.0386919688900198","-0.51159365091293","0.796086171122651","0.000454732340595225","0.261022616436674","0.239287987508341",NA,"254.843217008448","261.588702734596","3.41553702760677e-05","70","No gap","1.02660581658136","0.0200554154731674","0.0113149070452836","0.988685092954716","0.203311114725917","0.722222117786451","0.0101632795398718","0.0324056610119704","0.0898904198171451","0.0383236170818085","0.01","0.1","","","","1.46393181308107","","","","","","","","",""
"18415","CUMFNSMoMDifferenceL0","BAA10YB_IndexMoMDifferenceL0",NA,"0",NA,"-0.142072836096616","0.71738669826411","-0.0578491129968944","7.75917768000879e-06","-0.0386406955834359","-0.514732767994093","0.753029725524656","0.000633079842597282","0.261019988887006","0.239285282677801",NA,"254.843465903954","261.588951630102","3.41594996402517e-05","70","No gap","1.00668390777401","0.0181125543091683","0.00863093426441293","0.991369065735587","0.266853701318656","0.424246423924424","0.0173276420305936","0.0382053697718719","0.062040319108853","0.0403267617151707","0.01","0.1","","","","0.838769982236053","","","","","","","","",""
"18879","CUMFNSMoMPercentChangeL0","BAA10YB_IndexMoMDifferenceL0",NA,"0",NA,"-10.7773933433515","0.718890062671285","-0.0578534010206902","7.74414968135093e-06","-0.0384252969119955","-0.514770922189434","0.752213777380615","0.000635323093825022","0.26100409572267","0.239268922067454",NA,"254.844971370304","261.590457096453","3.4184487106681e-05","70","No gap","1.00659592437527","0.0180917802243802","0.00862520858183975","0.99137479141816","0.269072128010295","0.446474183929256","0.0172611770682057","0.0379913486390878","0.062316236144399","0.0402819518752061","0.01","0.1","","","","0.838751002100714","","","","","","","","",""
"22015","UEMPMEANMoMDifferenceL0","BAA10YB_IndexMoMDifferenceL0",NA,"0",NA,"0.0608900988392014","0.730179676233141","-0.0577422318898661","8.46251238609941e-06","0.0360461933029983","-0.51378175586587","0.655633513362488","0.000915996243767624","0.260887909462959","0.239149318564811",NA,"254.85597603062","261.601461756768","3.43676965192108e-05","70","No gap","1.01247930876779","0.0149676632810951","0.00666528343633177","0.993334716563668","0.0535245839835092","0.232014210730571","0.00968471076595065","0.0202898236043694","0.100656706551106","0.0361138941270545","0.01","0.1","","","","0.856400195647381","","","","","","","","",""
"11507","IPBUSEQMoMDifferenceL0","BAA10YB_IndexMoMDifferenceL0",NA,"0",NA,"-0.0259273964539383","0.73019821748051","-0.0578369009615497","7.88569336392463e-06","-0.0368407469997884","-0.514624107127397","0.637574649602315","0.000716620963838748","0.260887723206893","0.239149126830626",NA,"254.855993670601","261.601479396749","3.43679909825534e-05","70","No gap","1.00787909612472","0.0166119002996942","0.00799349386023906","0.992006506139761","0.335372119761088","0.676960525095012","0.0140697628871534","0.0281179527262523","0.0831467342511989","0.0414207633578113","0.01","0.1","","","","1.22718770379087","","","","","","","","",""
"10191","IPDCONGDMoMPercentChangeL1","BAA10YB_IndexMoMDifferenceL0",NA,"0",NA,"-2.2852729203888","0.732015185802268","-0.0581508039869973","6.66459561320558e-06","-0.0360912528910837","-0.51741716936811","0.753491912414605","0.000732321668016186","0.26086954284255","0.239130411749684",NA,"254.857715479171","261.603201205319","3.43967451966742e-05","70","No gap","1.00016233211451","0.016818557047912","0.00950783124815829","0.990492168751842","0.149327313545611","0.630990373285832","0.0180978796307094","0.0390008227871959","0.1072745966876","0.0398396080154313","0.01","0.1","","","","0.829707077495626","","","","","","","","",""
"45405","SPX_Index_14DRSIMoMDifferenceL0","BAA10YB_IndexMoMDifferenceL0",NA,"0",NA,"-0.00452500586791948","0.736050403314149","-0.059458120964261","1.02640868946405e-05","-0.0375537373533797","-0.52904948059108","0.716258209085174","0.00118897289567853","0.26082967499294","0.239089371316262",NA,"254.861491097106","261.606976823254","3.44598822846764e-05","70","No gap","1.09693714429826","0.0191752255715719","0.00990684676274565","0.990093153237254","0.228108057122671","0.780314243114697","0.0195640558352398","0.0342251795452745","0.100449208677548","0.0394513685910058","0.01","0.1","","","","0.832993484522736","","","","","","","","",""
"45395","AAIIBEAR_IndexMoMPercentChangeL1","BAA10YB_IndexMoMDifferenceL0",NA,"0",NA,"0.191086517590982","0.740568408867545","-0.0581871880535696","6.58662146471241e-06","0.0349301408010159","-0.517740909358706","0.639280687632069","0.000727468975777014","0.260785863792309","0.239044271550906",NA,"254.865639928653","261.611125654801","3.4529394019156e-05","70","No gap","1.00001590995527","0.0150638299575147","0.00754808689657313","0.992451913103427","0.288679920640841","0.67566578042106","0.018097528686663","0.0328954822362508","0.0957575047672158","0.0384459727743442","0.01","0.1","","","","0.928307368666011","","","","","","","","",""
"45363","AAIIBEAR_IndexMoMDifferenceL1","BAA10YB_IndexMoMDifferenceL0",NA,"0",NA,"0.00704636001657126","0.741705306964162","-0.0583176692952433","6.3704575382966e-06","0.0350879606607083","-0.518901911960451","0.635903766862325","0.000707937158676156","0.260774976050822","0.239033063581728",NA,"254.866670937469","261.612156663617","3.45466898312718e-05","70","No gap","1.00084652789733","0.0160547357594892","0.00820874699061818","0.991791253009382","0.284096415232292","0.57764194506787","0.0185046851182132","0.0335836893110844","0.0975061377710836","0.0383482463688567","0.01","0.1","","","","0.986510793730049","","","","","","","","",""
"45479","TED_G_IndexMoMPercentChangeL0","BAA10YB_IndexMoMDifferenceL0",NA,"0",NA,"-0.261232269476483","0.743391970657781","-0.057255051211954","1.45595771476915e-05","-0.0357350067175958","-0.509446894951608","0.749268130287334","0.00162486865493567","0.26075892428515","0.239016539705302",NA,"254.868190923077","261.613676649225","3.45722043346708e-05","70","No gap","1.05862231285275","0.0161601017775035","0.00718289234675297","0.992817107653247","0.272922445607311","0.629968710710138","0.0130819012162356","0.0231746641999278","0.0939259298303369","0.0373552427103636","0.01","0.1","","","","0.88862205715476","","","","","","","","",""
"32405","USWTRADEMoMPercentChangeL1","BAA10YB_IndexMoMDifferenceL0",NA,"0",NA,"-16.2797904061661","0.75426000871303","-0.0578599945516887","7.88726141672321e-06","-0.0332292494341429","-0.514829590443551","0.448472273604166","0.000732814242726841","0.260658364906502","0.23891302269787",NA,"254.877712414793","261.623198140941","3.47324615438405e-05","70","No gap","1.00839338740226","0.0172009566972666","0.00728254582030667","0.992717454179693","0.237341489859758","0.760104293428763","0.0217563897687215","0.0332782871959106","0.0982223520150647","0.0413289613018661","0.01","0.1","","","","0.976398482944783","","","","","","","","",""
"32077","USWTRADEMoMDifferenceL1","BAA10YB_IndexMoMDifferenceL0",NA,"0",NA,"-0.00269028786403535","0.757112421770554","-0.057864029862943","7.88004135159946e-06","-0.0328484668035769","-0.514865496040439","0.446473804516163","0.000729261597771231","0.260632788874568","0.238886694429702",NA,"254.880133881656","261.625619607804","3.47733358497804e-05","70","No gap","1.00839701290439","0.0171867010528697","0.00728548249543441","0.992714517504566","0.237526061031157","0.762733420327023","0.0215906740015106","0.0331580281638747","0.0982662825421384","0.0412434817853963","0.01","0.1","","","","0.983298395274572","","","","","","","","",""
"43587","DTCTHFNMMoMPercentChangeL1","BAA10YB_IndexMoMDifferenceL0",NA,"0",NA,"-2.45985995644285","0.757442618085675","-0.0585203290989353","6.35677935720951e-06","-0.0328928305585444","-0.520705148627557","0.333092528258148","0.000822484095379213","0.26062984995461","0.238883669070922",NA,"254.880412124977","261.625897851125","3.47780356708682e-05","70","No gap","1.00738131368918","0.0179133993376631","0.00773754006275248","0.992262459937247","0.217666894799564","0.666807691241977","0.017069928870277","0.0326417672285204","0.0913906317119373","0.0374295495498742","0.01","0.1","","","","1.73228749865777","","","","","","","","",""
"26351","UEMP27OVMoMDifferenceL1","BAA10YB_IndexMoMDifferenceL0",NA,"0",NA,"0.00048345336976291","0.758012446623718","-0.0574596241252295","1.18192697261353e-05","0.0307783463615212","-0.511267154182075","0.821927153566744","0.000281252195358708","0.260624788786701","0.238878459045133",NA,"254.880891290306","261.626377016454","3.47861307640196e-05","70","No gap","1.04069770131146","0.0172692684163295","0.00711140317606767","0.992888596823932","0.102341369053995","0.140975449833226","0.0237092644236978","0.0415428918880885","0.0925898244637078","0.0346946952271403","0.01","0.1","","","","0.925243639195936","","","","","","","","",""
"21359","UNRATEMoMDifferenceL1","BAA10YB_IndexMoMDifferenceL0",NA,"0",NA,"0.385523673152886","0.770434546418719","-0.0570138363821843","2.44546449860084e-05","0.0304930881325956","-0.507300601420448","0.754921721325926","0.000620013282502061","0.260517771593582","0.238768294287511",NA,"254.891022359509","261.636508085657","3.4957728384688e-05","70","No gap","1.11608677986626","0.0175301835203035","0.00739986539727143","0.992600134602729","0.311432799485448","0.721374049489286","0.0197516249223644","0.0324587256384508","0.0868470118498931","0.0403577622222747","0.01","0.1","","","","0.84657188967603","","","","","","","","",""
"45203","MOVE_IndexMoMDifferenceL1","BAA10YB_IndexMoMDifferenceL0",NA,"0",NA,"0.0054693242339187","0.770715881794504","-0.0583789844087373","6.36749369993126e-06","0.0310383831047119","-0.519447484683239","0.788663920157445","0.000585819218364304","0.260515420799937","0.238765874352876",NA,"254.891244887228","261.636730613377","3.49615069911158e-05","70","No gap","1.00254942534797","0.015755832733934","0.00778780102838928","0.992212198971611","0.2785229393832","0.796186782540336","0.016441039620468","0.0288470674271105","0.0880669179081632","0.0376261114216337","0.01","0.1","","","","0.832443002604825","","","","","","","","",""
"43459","DTCTHFNMMoMDifferenceL1","BAA10YB_IndexMoMDifferenceL0",NA,"0",NA,"-2.56280969141475e-06","0.772910044897732","-0.0585075727158955","6.41658998935158e-06","-0.0307388139896051","-0.520591644236365","0.323483407871845","0.000367374474920415","0.260497196761992","0.238747114313815",NA,"254.892969963009","261.638455689157","3.49908133023824e-05","70","No gap","1.00778797020568","0.0178063739247903","0.00768257261690882","0.992317427383091","0.216135141665433","0.680279966023845","0.0169038103486813","0.0324956671065563","0.0915595953301499","0.0374878504117714","0.01","0.1","","","","1.75040020565903","","","","","","","","",""
"19567","CLF16OVMoMDifferenceL1","BAA10YB_IndexMoMDifferenceL0",NA,"0",NA,"-4.60182822657494e-05","0.77890773503485","-0.0591758025464909","1.00935077392602e-05","-0.0309579368895094","-0.52653745347249","0.622167955478467","0.000517881290256577","0.260448373203994","0.238696854768817",NA,"254.89759136029","261.643077086438","3.50694446530353e-05","70","No gap","1.08393246447969","0.0175539820624986","0.00883881823204118","0.991161181767959","0.301501841213344","0.720611037546424","0.0167403496094646","0.0339663687777874","0.0918607261985888","0.0388906435525523","0.01","0.1","","","","1.31394605786455","","","","","","","","",""
"20023","CLF16OVMoMPercentChangeL1","BAA10YB_IndexMoMDifferenceL0",NA,"0",NA,"-7.28495857250942","0.780243587259629","-0.0591751349876098","1.01741570362655e-05","-0.0307689632164171","-0.526531513633262","0.646841873760883","0.00177988541441088","0.260437695638505","0.238685863157285",NA,"254.898602005337","261.644087731485","3.50866639341474e-05","70","No gap","1.08486609087009","0.017584784947304","0.0088358396737423","0.991164160326258","0.302799988483263","0.727035165927705","0.0167036896778973","0.0339626472564334","0.0918170739892926","0.0388371220517219","0.01","0.1","","","","1.29258260045727","","","","","","","","",""
"23511","UEMPLT5MoMPercentChangeL1","BAA10YB_IndexMoMDifferenceL0",NA,"0",NA,"-0.726525206252509","0.79421751630252","-0.0589533557515003","8.69907953327444e-06","-0.028552441219887","-0.52455815511189","0.720513874926749","0.000786518583937517","0.260330257284321","0.238575264851507",NA,"254.908770369146","261.654256095294","3.5260382783675e-05","70","No gap","1.05784429986712","0.0159266882994242","0.00792848933853722","0.992071510661463","0.144823576214782","0.464379694294415","0.0170254804615622","0.0352840319585269","0.103479815196188","0.0339767486850902","0.01","0.1","","","","0.83720811532743","","","","","","","","",""
"45347","AAIIBEAR_IndexMoMDifferenceL0","BAA10YB_IndexMoMDifferenceL0",NA,"0",NA,"0.0062409302189364","0.799783876244432","-0.0599479045174994","4.48957664105442e-05","0.0311296340763366","-0.533407501501268","0.82877593590985","0.00487866317716944","0.260289604567068","0.2385334164661",NA,"254.912617507734","261.658103233883","3.53263322914188e-05","70","No gap","1.33082400218514","0.0186408848702323","0.00913286897517124","0.990867131024829","0.314453799161542","0.842912849026727","0.0131771765609808","0.0343813694371415","0.0815620881131082","0.0393806925136454","0.01","0.1","","","","0.894408974433488","","","","","","","","",""
"45311","AAIIBULL_IndexMoMPercentChangeL0","BAA10YB_IndexMoMDifferenceL0",NA,"0",NA,"0.166006390214476","0.800806979528074","-0.0577101443576335","9.75065979654423e-06","0.0270033610688926","-0.513496245796164","0.754853404656845","0.000966537649135629","0.260282264284178","0.238525860292536",NA,"254.913312127218","261.658797853366","3.53382529335589e-05","70","No gap","1.02666842742499","0.0105803181880053","0.00596719620683242","0.994032803793168","0.21545131198659","0.578881113548218","0.015031257714494","0.0267774284191585","0.0998167545874794","0.0345541747552555","0.01","0.1","","","","0.850916688474162","","","","","","","","",""
"593","RPIMoMDifferenceL1","BAA10YB_IndexMoMDifferenceL0",NA,"0",NA,"-0.000179465095721998","0.808513776946579","-0.0587736797997652","7.81012835095691e-06","-0.0253005089488292","-0.522959425326983","0.848892735994577","4.94942829444486e-05","0.260228278552026","0.238470286744732",NA,"254.91842064791","261.663906374058","3.54260459606293e-05","70","No gap","1.03875833488781","0.0151466475935386","0.00535813054175887","0.994641869458241","0.252163995362439","0.472269794562856","0.0128171053625333","0.0308093066464913","0.0920447136174292","0.0383870824389895","0.01","0.1","","","","0.931982807518703","","","","","","","","",""
"1781","W875RX1MoMDifferenceL1","BAA10YB_IndexMoMDifferenceL0",NA,"0",NA,"-0.00020188982384788","0.812249894932203","-0.0587636734415904","7.84933033210292e-06","-0.0248463272324858","-0.522870390246339","0.852482250594899","5.08944911754178e-05","0.260202933519989","0.238444196270577",NA,"254.920818849679","261.666304575827","3.54673357098045e-05","70","No gap","1.03894395181946","0.0151120706658439","0.0053872479765748","0.994612752023425","0.252902171001994","0.588850754138594","0.0129271469237326","0.0311442215172048","0.0916283038031062","0.0384503718360361","0.01","0.1","","","","0.928416714966663","","","","","","","","",""
"2957","DPCERA3M086SBEAMoMDifferenceL1","BAA10YB_IndexMoMDifferenceL0",NA,"0",NA,"-0.0465970937242254","0.813605929180078","-0.0577480922729335","9.59302094264989e-06","-0.0252121084186031","-0.513833900679187","0.859634488292387","0.000471548263964476","0.260193867254211","0.238434863349923",NA,"254.921676699412","261.66716242556","3.54821169592512e-05","70","No gap","1.026014680236","0.017195092895313","0.00945859503007566","0.990541404969924","0.219516445329308","0.723931735220209","0.0121898160370592","0.0317220120406837","0.093592240832358","0.0381078228146056","0.01","0.1","","","","1.52812420991595","","","","","","","","",""
"45471","TED_G_IndexMoMDifferenceL0","BAA10YB_IndexMoMDifferenceL0",NA,"0",NA,"-0.00561414913132075","0.819661365153446","-0.057722730436681","1.00994906705885e-05","-0.0246358067305359","-0.513608234847866","0.815603881085967","0.00119121733134758","0.260154240720895","0.238394071330333",NA,"254.925426037142","261.67091176329","3.5546792559793e-05","70","No gap","1.03101261627754","0.0165216632120444","0.00722163824458096","0.992778361755419","0.19881193892638","0.637867559818072","0.0148832231476993","0.0275312962976247","0.0949848924950631","0.0374425521435393","0.01","0.1","","","","0.957003500812125","","","","","","","","",""
"44699","USGG2YR_IndexMoMDifferenceL1","BAA10YB_IndexMoMDifferenceL0",NA,"0",NA,"0.336596717076941","0.824913593287014","-0.059137432220874","1.41515498601899e-05","0.0242952460387117","-0.526196040045552","0.803043992796095","0.0021968515951692","0.260121002074503","0.238359855076694",NA,"254.928570818273","261.674056544421","3.56011305348014e-05","70","No gap","1.12468403085685","0.0185562421698255","0.00782764278947887","0.992172357210521","0.0356315936976323","0.117068940911917","0.0161717086024773","0.0383522247367024","0.0967076898008979","0.0356653362554112","0.01","0.1","","","","0.838281698775043","","","","","","","","",""
"22447","UEMPMEANMoMPercentChangeL0","BAA10YB_IndexMoMDifferenceL0",NA,"0",NA,"1.04180745076962","0.82608549572125","-0.0579182345772967","8.03355945834933e-06","0.0230739618231089","-0.515347801493578","0.772154955214542","0.000891126671969114","0.26011372850606","0.238352367579767",NA,"254.929258967673","261.674744693821","3.56130319877357e-05","70","No gap","1.01173671578125","0.0156009395828327","0.00699939314207946","0.993000606857921","0.0664526577007419","0.186444579206384","0.0114438638065566","0.0239287200048353","0.0953844141669326","0.0369275323094371","0.01","0.1","","","","0.867487256397462","","","","","","","","",""
"34721","CES0600000007MoMPercentChangeL0","BAA10YB_IndexMoMDifferenceL0",NA,"0",NA,"-6.46898064700348","0.836401673608867","-0.0583466970962369","6.51933007120599e-06","-0.0220042442404559","-0.519160196998547","0.778423839543906","0.000832059656695528","0.260051934277507","0.238288755873904",NA,"254.935105022048","261.680590748196","3.57142993306914e-05","70","No gap","1.00338480965765","0.0170485276338555","0.00839413539662505","0.991605864603375","0.26510895403659","0.626768421331592","0.0130295836803271","0.0291399732021728","0.086459809233522","0.0374147379676416","0.01","0.1","","","","0.833314163593834","","","","","","","","",""
"34425","CES0600000007MoMDifferenceL0","BAA10YB_IndexMoMDifferenceL0",NA,"0",NA,"-0.154510382254742","0.839460997457084","-0.0583445932188682","6.52684684004341e-06","-0.0215892277722435","-0.519141477011923","0.783800877581336","0.00083292414983082","0.260034376464482","0.238270681654614",NA,"254.936765993118","261.682251719266","3.57431237307804e-05","70","No gap","1.00341465445437","0.0170157097883534","0.00837821107468243","0.991621788925318","0.266432843403583","0.622792762136061","0.0130878016153963","0.0291845563275556","0.0862545539768111","0.0374277895659601","0.01","0.1","","","","0.83324706109185","","","","","","","","",""
"25759","UEMP15T26MoMPercentChangeL0","BAA10YB_IndexMoMDifferenceL0",NA,"0",NA,"-0.462015774353717","0.843614180518402","-0.0583941899585201","6.61522426729396e-06","-0.0209517085261952","-0.51958278139434","0.850572044045568","0.000490831133464958","0.2600110994806","0.238246720053559",NA,"254.938967937631","261.684453663779","3.57813720200939e-05","70","No gap","1.00656491997822","0.0143793396221487","0.00800328437240395","0.991996715627596","0.0364097512220224","0.0949795994389101","0.0134478852367103","0.022844215770907","0.10288816283227","0.0380148760323563","0.01","0.1","","","","0.864349212516844","","","","","","","","",""
"45251","MOVE_IndexMoMPercentChangeL1","BAA10YB_IndexMoMDifferenceL0",NA,"0",NA,"0.253113147432367","0.845814873828147","-0.0582792670116717","6.5241109327792e-06","0.0206989595689256","-0.518560214176405","0.842141933283685","0.000656868634211232","0.259999025404297","0.238234290857365",NA,"254.940110087798","261.685595813946","3.58012275527564e-05","70","No gap","1.00107536891731","0.0154957343704259","0.0073921168211335","0.992607883178867","0.285947807592988","0.765146824340757","0.0157718913358357","0.0288801944062222","0.0834237437462082","0.0374675215364362","0.01","0.1","","","","0.839737033224144","","","","","","","","",""
"37461","HOUSTMWMoMPercentChangeL0","BAA10YB_IndexMoMDifferenceL0",NA,"0",NA,"-0.127306634112911","0.848628659336686","-0.0584182281559211","6.70784297457079e-06","-0.0202112347785942","-0.519796669684839","0.805339190409965","0.000795519023794194","0.259983849148355","0.238218668240954",NA,"254.941545662965","261.687031389113","3.58261997153164e-05","70","No gap","1.00888681265046","0.015813393093664","0.00717231351278561","0.992827686487214","0.306209690280927","0.803536486504413","0.0126704013548742","0.0285213881120403","0.0883381984870848","0.0360298463650841","0.01","0.1","","","","0.836914173290702","","","","","","","","",""
"23087","UEMPLT5MoMDifferenceL1","BAA10YB_IndexMoMDifferenceL0",NA,"0",NA,"-0.000215472281206041","0.852382534832077","-0.0587005712650289","8.82595290220138e-06","-0.0202829576236036","-0.522308916503264","0.815539117869027","0.000104736693915961","0.259964058225435","0.238198295232065",NA,"254.943417711403","261.688903437551","3.58587906010843e-05","70","No gap","1.04996713468389","0.015889663825638","0.0078610635565508","0.992138936443449","0.135926692824147","0.496789652168843","0.0162251612950292","0.0334879063524566","0.101534347380114","0.034904629607664","0.01","0.1","","","","0.836515119270704","","","","","","","","",""
"43331","DTCOLNVHFNMMoMPercentChangeL1","BAA10YB_IndexMoMDifferenceL0",NA,"0",NA,"-2.27121194022607","0.854284073339123","-0.0583700839258966","6.62295028856115e-06","-0.0195977043574453","-0.519368289516163","0.655083963886734","0.000824896209704216","0.259954231338394","0.238188179318935",NA,"254.94434723048","261.689832956629","3.58749838079708e-05","70","No gap","1.00578484064712","0.0180741610922299","0.00750539762193472","0.992494602378065","0.246100075994307","0.712460747789843","0.0153044429052111","0.0308130064640676","0.0970667718395334","0.0377185209422993","0.01","0.1","","","","0.889004154972328","","","","","","","","",""
"45475","TED_G_IndexMoMDifferenceL1","BAA10YB_IndexMoMDifferenceL0",NA,"0",NA,"-0.00445585141060629","0.854847762125177","-0.0582655192209347","6.54075651085351e-06","-0.0194799169687992","-0.518437888387584","0.770444136572605","0.000713244202853747","0.259951343845231","0.238185206899503",NA,"254.9446203543","261.690106080448","3.58797433041014e-05","70","No gap","1.00081659197478","0.015898970933307","0.00691320832854713","0.993086791671453","0.28555586561444","0.477156621526498","0.0141831518816697","0.0294737934166712","0.0937665912433633","0.0389464739943963","0.01","0.1","","","","0.841289711621015","","","","","","","","",""
"4405","CMRMTSPLMoMPercentChangeL0","BAA10YB_IndexMoMDifferenceL0",NA,"0",NA,"-1.66127813788134","0.855466498133198","-0.0580888816490824","7.03727684772357e-06","-0.0189513499615353","-0.516866193653109","0.707929768225439","0.000767395133805112","0.259948187823753","0.238181958053864",NA,"254.944918876607","261.690404602756","3.58849461202793e-05","70","No gap","1.00274197401274","0.0153904101281203","0.0063396873391878","0.993660312660812","0.295451921818747","0.196865063804077","0.0161607496672261","0.030607746202271","0.100252959847843","0.0379570910051236","0.01","0.1","","","","1.88208245606197","","","","","","","","",""
"43195","DTCOLNVHFNMMoMDifferenceL1","BAA10YB_IndexMoMDifferenceL0",NA,"0",NA,"-6.58441465281796e-06","0.85733226299628","-0.0583739731396928","6.64856950880156e-06","-0.0191926201002812","-0.519402895159688","0.652073351623211","0.0011007154719833","0.259938756159661","0.238172248987886",NA,"254.9458109929","261.691296719049","3.59004989258782e-05","70","No gap","1.00632174764856","0.0179917777429197","0.00747400461846738","0.992525995381533","0.245484112078941","0.724500415896434","0.0152350476947375","0.0307799016853045","0.0966532031942593","0.0376982981962272","0.01","0.1","","","","0.88577903846499","","","","","","","","",""
"38445","HOUSTWMoMPercentChangeL0","BAA10YB_IndexMoMDifferenceL0",NA,"0",NA,"0.199902046903229","0.86235982623428","-0.0583550791036481","6.63290460548401e-06","0.0183912045199375","-0.519234778848684","0.896452101929679","0.000588094212370604","0.259913976418358","0.238146740430663",NA,"254.948154789264","261.693640515412","3.59413918780138e-05","70","No gap","1.00537788110767","0.0143947804393333","0.00730661410761262","0.992693385892387","0.0158741045816858","0.0496143426809172","0.0117861247244185","0.0233502519810458","0.102726564076101","0.0365904173989971","0.01","0.1","","","","0.851638112901955","","","","","","","","",""
"44779","USGG2YR_IndexMoMPercentChangeL1","BAA10YB_IndexMoMDifferenceL0",NA,"0",NA,"-0.165655728973592","0.888462442751188","-0.0576595731579656","1.87936447128286e-05","-0.0151469224522184","-0.513046270814054","0.882910127680062","0.00211760678213151","0.259800080595939","0.238029494731114",NA,"254.958926637261","261.704412363409","3.61299314877161e-05","70","No gap","1.10489136241487","0.0149476250280591","0.00684981653831118","0.993150183461689","0.02153162245612","0.0939177453362201","0.0125370268969888","0.0233050946025919","0.0873229887677209","0.0380300210932561","0.01","0.1","","","","0.832484526408934","","","","","","","","",""
"3829","CMRMTSPLMoMDifferenceL0","BAA10YB_IndexMoMDifferenceL0",NA,"0",NA,"-9.78405359226331e-07","0.890412077197918","-0.0581146992894387","7.00190838940733e-06","-0.0143540593561799","-0.517095915161275","0.750797262028195","0.000654190649234604","0.259792558459351","0.238021751355215",NA,"254.959637994925","261.705123721073","3.6142417134899e-05","70","No gap","1.00286850327999","0.0156040098541383","0.00644220724569294","0.993557792754307","0.298390664165896","0.217962960587237","0.0156428068984206","0.0302151167252692","0.0991890735638148","0.0378973580546558","0.01","0.1","","","","1.94931172882744","","","","","","","","",""
"5545","INDPROMoMPercentChangeL0","BAA10YB_IndexMoMDifferenceL0",NA,"0",NA,"-2.10319098801463","0.897969966909354","-0.0580334888495959","7.81592339834117e-06","-0.0136002557040412","-0.516373316795894","0.894696344167979","0.000626665405569311","0.259764681486001","0.237993054470883",NA,"254.96227421726","261.707759943408","3.61887253649273e-05","70","No gap","1.01220771383535","0.0171475959897977","0.00830079950066059","0.991699200499339","0.301632170976058","0.618053298357867","0.016395630221808","0.032955292126164","0.081706743576807","0.0380494392680873","0.01","0.1","","","","0.931048263640745","","","","","","","","",""
"43939","ism_man_emplMoMDifferenceL1","BAA10YB_IndexMoMDifferenceL0",NA,"0",NA,"0.00867333341006071","0.898602016365077","-0.0580399227603631","7.74712404804188e-06","0.0136268614937242","-0.516430564773031","0.871943550031794","0.000849086679370905","0.259762442424947","0.237990749555092",NA,"254.962485952681","261.707971678829","3.61924473104569e-05","70","No gap","1.01144055816019","0.0156634474351105","0.00744055638511278","0.992559443614887","0.293997333832093","0.523420314625822","0.0142024373519431","0.0279617135762363","0.0940498241896597","0.0368663073476544","0.01","0.1","","","","0.885600361663387","","","","","","","","",""
"21799","UNRATEMoMPercentChangeL1","BAA10YB_IndexMoMDifferenceL0",NA,"0",NA,"0.863778948327264","0.901691707659448","-0.0576289545947011","2.66029655036873e-05","0.0133200972631224","-0.512773831410844","0.88953920462152","0.000708665908850149","0.25975170145605","0.237979692675346",NA,"254.963501656843","261.708987382991","3.62103069706521e-05","70","No gap","1.15088166290661","0.0169074274822112","0.00701975342684742","0.992980246573153","0.282211727610662","0.595268620463722","0.0157677772452897","0.0299998792180861","0.0893695858532274","0.0385456222491721","0.01","0.1","","","","0.85760594701985","","","","","","","","",""
"45227","MOVE_IndexMoMPercentChangeL0","BAA10YB_IndexMoMDifferenceL0",NA,"0",NA,"0.155244939289981","0.9093727717414","-0.0585541205568394","1.06314842129991e-05","0.0125129248714549","-0.521005819973415","0.900750763025662","0.000931690544044004","0.259726466211718","0.237953715217945",NA,"254.965887933174","261.711373659323","3.62523008046178e-05","70","No gap","1.0664835657271","0.0148050094288354","0.00755458761176011","0.99244541238824","0.0288155800710065","0.291762293557018","0.0163222057071941","0.0324451813634998","0.0960023591075847","0.0383483284246683","0.01","0.1","","","","0.859458213878094","","","","","","","","",""
"45271","AAIIBULL_IndexMoMDifferenceL0","BAA10YB_IndexMoMDifferenceL0",NA,"0",NA,"0.00205710423794382","0.920788660506828","-0.0579403966148685","1.10440540272236e-05","0.010840290832175","-0.515544995994111","0.910011648375023","0.00116135573875738","0.259692810500618","0.237919069632989",NA,"254.96907033281","261.714556058958","3.63083806571574e-05","70","No gap","1.04871666512466","0.0126282295444267","0.00720367840502842","0.992796321594972","0.283284106641464","0.627071744749082","0.0143410961705471","0.0277529531172824","0.0961160910621206","0.0364764077681496","0.01","0.1","","","","0.849707690018532","","","","","","","","",""
"45099","VIX_IndexMoMDifferenceL1","BAA10YB_IndexMoMDifferenceL0",NA,"0",NA,"-0.00431483452359642","0.923138539018994","-0.0579726546829285","1.01438506088868e-05","-0.0104726842561267","-0.515832023466141","0.899065597391951","0.000991599662540045","0.259686451788274","0.237912523899694",NA,"254.969671580453","261.715157306601","3.63189855079327e-05","70","No gap","1.03981685699675","0.0154787861277038","0.00800134956744708","0.991998650432553","0.271366964802461","0.541175863203253","0.0143168998113911","0.0285782332205068","0.0933832287027463","0.0389570472325021","0.01","0.1","","","","0.834484915255594","","","","","","","","",""
"4977","INDPROMoMDifferenceL0","BAA10YB_IndexMoMDifferenceL0",NA,"0",NA,"-0.0149340643978354","0.923357022649143","-0.0580778726375432","7.68885640615883e-06","-0.0102124201063033","-0.51676823711257","0.92058695304794","0.000623021278302712","0.259685870425997","0.237911925438526",NA,"254.969726550869","261.715212277017","3.6319955234787e-05","70","No gap","1.01181509638273","0.0169540062430822","0.00821833084726913","0.991781669152731","0.298793556400885","0.624326011448435","0.0159071524743666","0.0320973571368005","0.0817592997776293","0.0379502715302954","0.01","0.1","","","","0.929411607593192","","","","","","","","",""
"36277","HOUSTMoMDifferenceL1","BAA10YB_IndexMoMDifferenceL0",NA,"0",NA,"0.00014859708269649","0.930239763524025","-0.0582310252291701","6.62932676729078e-06","0.00931803801421545","-0.518130966000355","0.897661825023942","0.000232782213520601","0.259668412756056","0.237893954307705",NA,"254.971377231895","261.716862958043","3.63490867753002e-05","70","No gap","1.00071688446958","0.0154473180611687","0.00834004270421111","0.991659957295789","0.27213170595525","0.403535504063839","0.0140809249533129","0.0281740249426282","0.0954761050107754","0.0375517611716588","0.01","0.1","","","","0.870007114102087","","","","","","","","",""
"44251","ism_man_newordersMoMPercentChangeL1","BAA10YB_IndexMoMDifferenceL0",NA,"0",NA,"-0.166783915987718","0.9485449088691","-0.0582758866327543","7.04625447510633e-06","-0.00688568082142833","-0.518530136069638","0.920784869627588","0.000814980135190365","0.259630034567256","0.237854447348646",NA,"254.975005881047","261.720491607195","3.64132080482582e-05","70","No gap","1.00891593115529","0.0162214813817193","0.0074707972447402","0.99252920275526","0.301685294151847","0.734888508526441","0.0142740842453608","0.0302755282553864","0.0949593108401946","0.0378718269593686","0.01","0.1","","","","0.842616640632723","","","","","","","","",""
"45379","AAIIBEAR_IndexMoMPercentChangeL0","BAA10YB_IndexMoMDifferenceL0",NA,"0",NA,"-0.0257308588210752","0.968717685686598","-0.0579468733569215","6.27906223571253e-05","-0.00472760033318407","-0.515602625077632","0.974717450981576","0.00585394897619097","0.259601223826093","0.237824789232743",NA,"254.977729806566","261.723215532714","3.64614164103383e-05","70","No gap","1.29794970424449","0.0155488033574421","0.00779804372369197","0.992201956276308","0.256040175403904","0.620110592956122","0.0148935900532896","0.0287110158826904","0.0907194044619819","0.037560231924243","0.01","0.1","","","","0.921234684948544","","","","","","","","",""
"1189","RPIMoMPercentChangeL1","BAA10YB_IndexMoMDifferenceL0",NA,"0",NA,"-0.345551409555267","0.971810583640921","-0.0582882819208785","9.29010167990999e-06","-0.00370047053640202","-0.518640427492199","0.977936525765003","0.000831693700473311","0.259598051700494","0.237821523809332",NA,"254.978029710244","261.723515436392","3.64667280406961e-05","70","No gap","1.04070536593465","0.016182126860665","0.00608549703576225","0.993914502964238","0.232493192576931","0.609176627034397","0.0144600109354058","0.0298359743200612","0.0961492439976956","0.0378508084617883","0.01","0.1","","","","0.917694882870187","","","","","","","","",""
"44051","ism_man_emplMoMPercentChangeL1","BAA10YB_IndexMoMDifferenceL0",NA,"0",NA,"0.122371239980144","0.973257005012645","-0.058155732341584","7.65257963127592e-06","0.00358434932192399","-0.517461021131199","0.966934057252824","0.000827336807468272","0.259596681642065","0.237820113455067",NA,"254.978159239889","261.723644966037","3.64690223950692e-05","70","No gap","1.01387827159271","0.0159989744582896","0.00757567619233108","0.992424323807669","0.292324319224384","0.523819614650123","0.0143939169769976","0.0290439918483323","0.0948065925726653","0.0374976205639485","0.01","0.1","","","","0.892573288859959","","","","","","","","",""
"36549","HOUSTMoMPercentChangeL1","BAA10YB_IndexMoMDifferenceL0",NA,"0",NA,"0.0565209436757872","0.975331375996685","-0.0582077839284805","6.65059458289638e-06","0.0032818710587332","-0.517924168377781","0.964785852103628","0.000762284706144584","0.2595948428954","0.237818220627617",NA,"254.978333080421","261.723818806569","3.64721018537573e-05","70","No gap","1.00016843277932","0.0154090222549174","0.0082696778982457","0.991730322101754","0.286853659576998","0.421467720653838","0.0143525977019103","0.0290264442002112","0.096069469640728","0.0376643692350069","0.01","0.1","","","","0.862611432014012","","","","","","","","",""
"25359","UEMP15T26MoMDifferenceL0","BAA10YB_IndexMoMDifferenceL0",NA,"0",NA,"-5.7820572493159e-05","0.977014482599851","-0.0582190667509009","6.75001721554521e-06","-0.00302935969081373","-0.518024561246649","0.979892448052249","8.10504025896586e-05","0.259593460141501","0.237816797204486",NA,"254.978463809768","261.723949535916","3.64744178004139e-05","70","No gap","1.00217713145956","0.0144797029362779","0.00790225529097918","0.992097744709021","0.0205587523042795","0.0478622757885459","0.0142004959610781","0.028155684656076","0.0985091716870896","0.037754193128965","0.01","0.1","","","","0.854643027530163","","","","","","","","",""
"45483","TED_G_IndexMoMPercentChangeL1","BAA10YB_IndexMoMDifferenceL0",NA,"0",NA,"0.0222843450436956","0.977288104891692","-0.0582142395816412","6.69359555378666e-06","0.00301953700470161","-0.517981609815488","0.95866469520129","0.000773767861138896","0.259593244588","0.237816575311176",NA,"254.978484188765","261.723969914913","3.64747788395015e-05","70","No gap","1.00109229398877","0.0164543591881371","0.00728095228298889","0.992719047717011","0.236736330306952","0.3320759777102","0.0145242042924373","0.0295489244677569","0.0888729128304966","0.0376055815251541","0.01","0.1","","","","0.848158988363658","","","","","","","","",""
"2373","W875RX1MoMPercentChangeL1","BAA10YB_IndexMoMDifferenceL0",NA,"0",NA,"-0.26205226013341","0.977423199899491","-0.0582714747089113","9.35591266589173e-06","-0.00296888987218985","-0.518490879430181","0.98243841157939","0.00085487067010707","0.259593139116053","0.237816466737114",NA,"254.978494160359","261.723979886507","3.64749554998545e-05","70","No gap","1.04092160488721","0.0161876586517829","0.00613166768534673","0.993868332314653","0.23194907449089","0.645040375778233","0.0144799814053399","0.0298044226282402","0.0964112180754395","0.037836267331901","0.01","0.1","","","","0.914710600121871","","","","","","","","",""
"44151","ism_man_newordersMoMDifferenceL1","BAA10YB_IndexMoMDifferenceL0",NA,"0",NA,"-0.001137429410084","0.979299762010479","-0.0582280106398834","7.00127918272742e-06","-0.00277007739391571","-0.518104142635094","0.967302632330096","0.000803633431973915","0.259591739177741","0.237815025624146",NA,"254.978626514062","261.72411224021","3.64773004072338e-05","70","No gap","1.00650009853197","0.0161791569813162","0.007524266704701","0.992475733295299","0.299776478705227","0.728043479513198","0.014418261915672","0.0297711462141022","0.0959670733945989","0.0377949288181474","0.01","0.1","","","","0.84127060757873","","","","","","","","",""
"23299","UEMPLT5MoMPercentChangeL0","BAA10YB_IndexMoMDifferenceL0",NA,"0",NA,"0.0202899666686573","0.994028374161653","-0.0582064540138163","6.73594072447573e-06","0.000797359293390656","-0.517912334995715","0.994101194008477","0.000763592699382602","0.259584969029366","0.237808056353759",NA,"254.979266577449","261.724752303597","3.64886425227029e-05","70","No gap","1.00150299164329","0.0164394854644025","0.00815340464777042","0.99184659535223","0.258223967993762","0.707023704026935","0.0145606391704157","0.0295937632473199","0.0926748046286449","0.0377492678975137","0.01","0.1","","","","0.840740776913881","","","","","","","","",""
"22875","UEMPLT5MoMDifferenceL0","BAA10YB_IndexMoMDifferenceL0",NA,"0",NA,"-5.02701336160778e-06","0.996452932767934","-0.0582013980852636","6.70882510170054e-06","-0.000473199043729005","-0.517867348098528","0.996668646792986","9.81383723447573e-05","0.259584571379799","0.237807647008616",NA,"254.979304171854","261.724789898002","3.64893088165008e-05","70","No gap","1.00088735302444","0.0164200382741631","0.00811989380610992","0.99188010619389","0.250215983408469","0.595523514493154","0.0144664657640913","0.0293818378174824","0.0941035297726969","0.0377177517205353","0.01","0.1","","","","0.837272039529707","","","","","","","","",""
"30139","MANEMPMoMPercentChangeL0","WPSID61MoMDifferenceL0",NA,"0",NA,"-265.532490507112","0.00148973913248419","0.435049836426708","0.000868266976334744","-0.313502289994052","0.370741557372023","0.000513118156714767","0.00798738339873943","0.254857177202544","0.232941211826148",NA,"255.424818454614","262.170304180762","4.53047534734186e-05","70","No gap","1.00004397533611","0.212261997232475","0.079779155835474","0.920220844164526","0.00230090765640698","0.0118003302845603","0.103883173192244","0.0526504863216681","0.0594687886563761","0.01","0.01","0.1","","","","1.06762798987593","","","","","","","","",""
"29791","MANEMPMoMDifferenceL0","WPSID61MoMDifferenceL0",NA,"0",NA,"-0.0214034381258651","0.00153997753583665","0.436739974809773","0.000835818768444164","-0.312696838312975","0.372181862559719","0.000655883845544548","0.00773594100405638","0.254182469624415","0.232246659907486",NA,"255.488172967821","262.233658693969","4.67205519431024e-05","70","No gap","1.00000650505881","0.213783767688364","0.0805365158617729","0.919463484138227","0.002356508827265","0.01187075065838","0.102136143346355","0.052953971325964","0.0635863874228609","0.01","0.01","0.1","","","","1.07178180200051","","","","","","","","",""
"30141","MANEMPMoMPercentChangeL0","WPSID61MoMPercentChangeL0",NA,"0",NA,"-267.060485601847","0.00143640392053744","83.3156516060047","0.0010182230288747","-0.315306325200382","0.366156193566371","0.00047526765868273","0.00808815026109102","0.251592258895864","0.229580266510448",NA,"255.730860514436","262.476346240585","5.2565549918393e-05","70","No gap","1.00000138570443","0.194914895502407","0.0735183085394246","0.926481691460575","0.00253412253037531","0.0132402225638736","0.0931489126645015","0.0495694117935196","0.0649333273377625","0.01","0.01","0.1","","","","1.06535237217491","","","","","","","","",""
"29793","MANEMPMoMDifferenceL0","WPSID61MoMPercentChangeL0",NA,"0",NA,"-0.0215243400515421","0.00148740770652187","83.6370091874709","0.000981804451704388","-0.314463173687826","0.367568498055806","0.000705174753525735","0.00794305324809974","0.250879006228639","0.228846035823599",NA,"255.797540624565","262.543026350713","5.42958850726638e-05","70","No gap","1.00000793368585","0.196203636356794","0.0741852825025754","0.925814717497425","0.00259712146283004","0.0133449489583163","0.0927647877007995","0.0497569225665396","0.069331450939584","0.01","0.01","0.1","","","","1.07014362903785","","","","","","","","",""
"38881","ISRATIOMoMPercentChangeL0","USGG30YR_IndexMoMDifferenceL0",NA,"0",NA,"-73.8766573417224","0.00383460853169742","3.68179206699832","0.00072458323012054","-0.318822233943609","0.378325121141371","0.00563767417997005","0.000509436260407309","0.248447541500973","0.226343057427472",NA,"256.02437568934","262.769861415488","6.06200365266263e-05","70","No gap","1.00193274774214","0.0118380813879884","0.00617174096771048","0.99382825903229","0.139806703206006","0.672467897896884","0.0758827911198183","0.115550207642659","0.159686853272405","0.0663874640819409","0.01","0.1","","","","0.973246543980377","","","","","","","","",""
"44455","ism_man_pricesMoMDifferenceL0","USGG30YR_IndexMoMDifferenceL0",NA,"0",NA,"0.113105965318197","0.0041503535360298","3.22829499519457","0.00326697822794236","0.323113434607798","0.33172571207499","0.0169431626675794","0.000199973607263116","0.246846316124303","0.224694737186782",NA,"256.173356032437","262.918841758585","6.51692254440839e-05","70","No gap","1.03660576316878","0.0254787784952019","0.00951994863934295","0.990480051360657","0.0125454462641066","0.0807113963792483","0.757978126734558","0.734615325377878","0.0157717265134556","0.0710801333681021","0.01","0.1","","","","1.19180400409922","","","","","","","","",""
"38649","ISRATIOMoMDifferenceL0","USGG30YR_IndexMoMDifferenceL0",NA,"0",NA,"-54.3280493595863","0.00421186156534462","3.69038056711808","0.000715053426957055","-0.315878410654767","0.379207638483227","0.00569351226464498","0.000513755805912798","0.246548484758779","0.224388146075214",NA,"256.201031757797","262.946517483945","6.60511769765559e-05","70","No gap","1.00173074274516","0.0111757897298657","0.00577947939441453","0.994220520605586","0.151057106585977","0.702942977613539","0.0691684018341872","0.107347455759642","0.156433767422384","0.0659290125656635","0.01","0.1","","","","0.975221554975282","","","","","","","","",""
"9809","IPDCONGDMoMPercentChangeL0","ISRATIOMoMPercentChangeL0",NA,"0",NA,"-23.9884709548715","0.000796564393467142","-93.5204444915099","0.000395766423899641","-0.378576411910294","-0.403596996738284","0.000596692058355944","0.00556922616501808","0.246487134466811","0.224324991362893",NA,"256.206731322425","262.952217048573","6.62342837461916e-05","70","No gap","1.03326343217844","0.0495400744313057","0.0243872453956899","0.97561275460431","0.10432036993563","0.167489655413309","0.300562121087768","0.248690736993978","0.157835564253097","0.028764620000995","0.01","0.1","","","","1.20302994417737","","","","","","","","",""
"44543","ism_man_pricesMoMPercentChangeL0","USGG30YR_IndexMoMDifferenceL0",NA,"0",NA,"5.7578748529923","0.00431644894016184","3.27640403443025","0.00280398496609733","0.320745948746423","0.336669190078536","0.0234059270528277","0.000368289232137149","0.246051815541468","0.223876868939747",NA,"256.247159996348","262.992645722496","6.75477661801205e-05","70","No gap","1.03113531206709","0.0275123811135377","0.0100266659907668","0.989973334009233","0.0151842916772034","0.0236064007565307","0.6947454722895","0.77745562658987","0.0070704307673709","0.07784312663213","0.01","0.1","","","","1.10320815285528","","","","","","","","",""
"9807","IPDCONGDMoMPercentChangeL0","ISRATIOMoMDifferenceL0",NA,"0",NA,"-24.0621782195055","0.000787264997514975","-69.0623958228321","0.000434216731436576","-0.379739630350909","-0.401548004864586","0.000448750205357556","0.00660996148856435","0.244551773834384","0.222332708358924",NA,"256.386292371813","263.131778097961","7.22703231778032e-05","70","No gap","1.0347824791615","0.0468259046161442","0.022829897950355","0.977170102049645","0.111818083200298","0.187982897252435","0.277630816248472","0.234797947146817","0.152366942593861","0.0277912917487277","0.01","0.1","","","","1.2047835911871","","","","","","","","",""
"38883","ISRATIOMoMPercentChangeL0","USGG30YR_IndexMoMPercentChangeL0",NA,"0",NA,"-75.1599417260771","0.00341085908721451","10.1476852704201","0.000994834329187666","-0.32436037831731","0.369456757976854","0.00721620249923872","0.000807924497543547","0.24187417706855","0.219576358747037",NA,"256.633960425116","263.379446151264","8.15086776408958e-05","70","No gap","1.00089883536604","0.0118322263591578","0.00570374866148048","0.99429625133852","0.237744522207951","0.824312628678135","0.0731500882618823","0.0911784112972038","0.157128199078116","0.0756142578700724","0.01","0.1","","","","0.960417794724287","","","","","","","","",""
"9273","IPDCONGDMoMDifferenceL0","ISRATIOMoMPercentChangeL0",NA,"0",NA,"-0.212434497503925","0.00103722336443912","-93.1822189565729","0.000432128988300401","-0.371611709820557","-0.40213735001758","0.000907034616860676","0.00296605616501724","0.241006309754206","0.218682965923448",NA,"256.714047350508","263.459533076656","8.47417886483681e-05","70","No gap","1.03318639541862","0.0502379951488955","0.0247614467280881","0.975238553271912","0.0951167405897769","0.185055199870352","0.305309193985543","0.282678213544595","0.150449140017087","0.0291804360056041","0.01","0.1","","","","1.2352314904619","","","","","","","","",""
"38651","ISRATIOMoMDifferenceL0","USGG30YR_IndexMoMPercentChangeL0",NA,"0",NA,"-55.2493891564489","0.00377195145594522","10.1669441627754","0.000988454967706993","-0.321235336849184","0.370157935412119","0.00703775064097646","0.000802452491486825","0.239815670067646","0.217457307422577",NA,"256.823770890497","263.569256616645","8.938055414065e-05","70","No gap","1.00079021430525","0.0111493221902528","0.00531981552434462","0.994680184475655","0.25177068227677","0.844958815819628","0.0665262007043315","0.0843528565557956","0.148328031151817","0.0752049137194333","0.01","0.1","","","","0.961957539972491","","","","","","","","",""
"9271","IPDCONGDMoMDifferenceL0","ISRATIOMoMDifferenceL0",NA,"0",NA,"-0.213118906957595","0.00102392994621246","-68.8126994004206","0.000473619024054558","-0.372808947417484","-0.400096200318182","0.000879875299192338","0.00280977404328436","0.239080284022852","0.216700292376465",NA,"256.891454659118","263.636940385266","9.23677707730386e-05","70","No gap","1.03473837753738","0.0475139800856092","0.0231941685740773","0.976805831425923","0.101894108915196","0.206665372170759","0.286883969161789","0.266126272947767","0.146116896820486","0.0282150828145078","0.01","0.1","","","","1.23746613508659","","","","","","","","",""
"16005","IPMANSICSMoMPercentChangeL0","USGG30YR_IndexMoMDifferenceL0",NA,"0",NA,"-36.0832747792324","0.00661966424096776","3.89694681365829","0.00040180948719544","-0.300194367311926","0.400433497745224","0.00594972715988016","0.000731793878513116","0.23737769080007","0.214947622882425",NA,"257.047907941324","263.793393667472","9.96605299937725e-05","70","No gap","1.00071574996594","0.00724157531915814","0.00350130850662485","0.996498691493375","0.408053335717183","0.931911438241631","0.261262866720526","0.252002843835308","0.126014594518899","0.0703695639988038","0.01","0.1","","","","1.20668054907947","","","","","","","","",""
"44457","ism_man_pricesMoMDifferenceL0","USGG30YR_IndexMoMPercentChangeL0",NA,"0",NA,"0.113104272547491","0.00447821553614933","8.65907727165712","0.00548176480592874","0.323108598815493","0.315259542506982","0.0193849632064525","0.00029152336234526","0.236300056450674","0.213838293405106",NA,"257.146752620887","263.892238347035","0.000104561977716022","70","No gap","1.04078834908188","0.0247292208263281","0.00852142598000009","0.99147857402","0.0103546585710512","0.0558685958079123","0.827257312523264","0.754926268067825","0.015008952522881","0.0779419489930541","0.01","0.1","","","","1.15528810739993","","","","","","","","",""
"44545","ism_man_pricesMoMPercentChangeL0","USGG30YR_IndexMoMPercentChangeL0",NA,"0",NA,"5.74866679935645","0.00472360019773164","8.79145118872561","0.0047649103968107","0.320233008473329","0.320079009896593","0.0289029448362298","0.000367034806075411","0.235206239086436","0.21271230494192",NA,"257.246939135681","263.992424861829","0.000109776008706541","70","No gap","1.03527045285082","0.0263149913007669","0.00883042521160899","0.991169574788391","0.0123828193909129","0.015620529008983","0.792395944783303","0.803531341980487","0.0069389971006491","0.0849516377366334","0.01","0.1","","","","1.06977017944259","","","","","","","","",""
"9843","IPDCONGDMoMPercentChangeL0","WPSID61MoMDifferenceL0",NA,"0",NA,"-20.1242038874977","0.00412940456071959","0.448821987440297","0.000718447340754243","-0.317592101414573","0.382477933960687","0.00101658843346765","0.0314348202270342","0.233983430042492","0.211453530926095",NA,"257.358770953844","264.104256679992","0.000115903774529746","70","No gap","1.00086152240965","0.141810299628633","0.0743782485476042","0.925621751452396","0.0191569365509319","0.0809808853192967","0.119300154152291","0.0150590380813274","0.0073904435874973","0.01","0.01","0.1","","","","1.16124268891439","","","","","","","","",""
"15519","IPMANSICSMoMDifferenceL0","USGG30YR_IndexMoMDifferenceL0",NA,"0",NA,"-0.331090979831909","0.00819277354802601","3.91726364108133","0.000391463052959088","-0.293099709196832","0.402521167569092","0.0101317287338972","0.000765689831959483","0.233044247995366","0.210486725877583",NA,"257.444542563132","264.19002828928","0.000120834375797574","70","No gap","1.00119340328174","0.00665650059585934","0.0032116899322235","0.996788310067776","0.426971940807362","0.949484060612611","0.249347353528084","0.239625390895122","0.114658840974395","0.0717876973627102","0.01","0.1","","","","1.25338493655771","","","","","","","","",""
"9307","IPDCONGDMoMDifferenceL0","WPSID61MoMDifferenceL0",NA,"0",NA,"-0.179570279057595","0.0046819838256173","0.451784101070383","0.000681749554826557","-0.314122325788045","0.385002193317617","0.00212587839653832","0.0243976680171279","0.231395931660656","0.208789929650676",NA,"257.594822853378","264.340308579526","0.000129984354955037","70","No gap","1.00142345580607","0.143859602257167","0.0749582005257538","0.925041799474246","0.021299252142818","0.100008702563068","0.11631824397007","0.016214463672235","0.00714330128175845","0.01","0.01","0.1","","","","1.16631327617948","","","","","","","","",""
"15957","IPMANSICSMoMPercentChangeL0","WPSID61MoMDifferenceL0",NA,"0",NA,"-37.8542818211072","0.00471622891445574","0.46187724522921","0.000536866553623153","-0.314928238937861","0.393603387183034","0.016083335255315","0.0217568266310849","0.231245699554766","0.208635278953436",NA,"257.608503785111","264.353989511259","0.000130850980295416","70","No gap","1.00422417478546","0.620126162732467","0.274016355931985","0.725983644068015","0.00472185985223204","0.131099659440899","0.126177168416279","0.032542902837313","0.00383153945782933","0.0110423528015806","0.01","0.1","","","","1.42467717757271","","","","","","","","",""
"9845","IPDCONGDMoMPercentChangeL0","WPSID61MoMPercentChangeL0",NA,"0",NA,"-20.1393133427388","0.00420828675860555","85.6326163207326","0.000889655953543993","-0.317830552767385","0.376338805887334","0.00168150777988191","0.0193663816555285","0.229469126487365","0.206806453736994",NA,"257.770085501145","264.515571227293","0.000141534240265528","70","No gap","1.00092848314619","0.125897965874425","0.0669112588305241","0.933088741169476","0.0179240800325054","0.0747546014198881","0.114840834176858","0.0140379106764611","0.00864618004994901","0.01","0.01","0.1","","","","1.1421084193919","","","","","","","","",""
"44473","ism_man_pricesMoMDifferenceL0","AAIIBEAR_IndexMoMPercentChangeL0",NA,"0",NA,"0.146578822329005","0.000268269019457605","-1.61431636346224","0.00784375409378156","0.418736417573118","-0.296602714695151","0.0144139448479969","0.00594359088394966","0.228975294673528","0.206298097458044",NA,"257.814934001745","264.560419727893","0.000144651185339018","70","No gap","1.01254562393202","0.0409582485966442","0.0163062801157631","0.983693719884237","0.00797856890201192","0.0679216514557734","0.493199240628652","0.398238640973014","0.0816525463821579","0.0616215874674504","0.01","0.1","","","","1.26629642915177","","","","","","","","",""
"44451","ism_man_pricesMoMDifferenceL0","USGG10YR_IndexMoMDifferenceL0",NA,"0",NA,"0.118678206314123","0.00287877774144757","2.66309444291163","0.00820190264907575","0.339031833974189","0.29859343209419","0.0216190602774242","3.40057456606428e-05","0.228061601790812","0.205357531255248",NA,"257.897837486759","264.643323212907","0.000150594776915258","70","No gap","1.02484516031299","0.0375399838193411","0.0132496495325512","0.986750350467449","0.0128070117522735","0.0776025284344724","0.511063211483171","0.383284004015613","0.030342098203486","0.0662901004027887","0.01","0.1","","","","1.13106263051359","","","","","","","","",""
"44539","ism_man_pricesMoMPercentChangeL0","USGG10YR_IndexMoMDifferenceL0",NA,"0",NA,"6.06240902391157","0.00289028725696269","2.72334633615142","0.0067755349450847","0.337710211442485","0.305349039143924","0.0291662597512261","5.38745462308729e-05","0.227978305680772","0.205271785259619",NA,"257.905390438078","264.650876164226","0.00015114825997975","70","No gap","1.01890752114318","0.0433451034788336","0.0151528770161977","0.984847122983802","0.0148247643349245","0.0184242598326075","0.577154693818795","0.50033238148264","0.0133996197041844","0.0756085032299675","0.01","0.1","","","","1.0243490395026","","","","","","","","",""
"30143","MANEMPMoMPercentChangeL0","WPSID62MoMDifferenceL0",NA,"0",NA,"-278.231397024621","0.00111491374094384","0.0773727470104132","0.00323846817161024","-0.328495318779556","0.328991718284521","0.00235963016312955","0.0265023191629949","0.227648490240683","0.204932269365409",NA,"257.935288756821","264.680774482969","0.000153359256370944","70","No gap","1.00189433975938","0.0457755847881389","0.0165410057593419","0.983458994240658","0.0374103054082339","0.0445560255457207","0.19571130150163","0.213925422766774","0.429989565352881","0.0384387371869429","0.01","0.1","","","","1.58828213338405","","","","","","","","",""
"29795","MANEMPMoMDifferenceL0","WPSID62MoMDifferenceL0",NA,"0",NA,"-0.0224850143423963","0.00112295636139604","0.0779674875455338","0.00303475934004561","-0.328498293262173","0.331520576547191","0.0029047272898044","0.0264099415999187","0.227496426746428","0.204775733415441",NA,"257.94906926575","264.694554991898","0.000154389192729476","70","No gap","1.00254527995768","0.0457323108051624","0.0165939523898885","0.983406047610111","0.0368173037802074","0.0459288069993582","0.195768086548737","0.212077410109583","0.448433848016373","0.0379043429716076","0.01","0.1","","","","1.58563866082669","","","","","","","","",""
"9309","IPDCONGDMoMDifferenceL0","WPSID61MoMPercentChangeL0",NA,"0",NA,"-0.179665113872879","0.00477920444059911","86.2011883250717","0.000845421726902038","-0.314288220349768","0.378837570007451","0.00219431321232516","0.0136070949230918","0.226833491428652","0.204093300000083",NA,"258.009115035718","264.754600761866","0.000158958272096998","70","No gap","1.00150431270072","0.127696601131315","0.0674161757228906","0.932583824277109","0.019805747177283","0.0925967832838379","0.113412853434493","0.0150705355448533","0.00840360475677579","0.01","0.01","0.1","","","","1.14737284777698","","","","","","","","",""
"15959","IPMANSICSMoMPercentChangeL0","WPSID61MoMPercentChangeL0",NA,"0",NA,"-37.8451301105501","0.00484932857320053","88.1408475022723","0.000670139914066623","-0.314852101392771","0.387361997380335","0.018098079211599","0.0155481173208969","0.226531537905471","0.203782465490926",NA,"258.036447596137","264.781933322285","0.000161082642895605","70","No gap","1.00433577982541","0.561525134299825","0.250379621701092","0.749620378298908","0.00467492723036474","0.129526819704533","0.128011798456427","0.0328596846287121","0.00341853983278962","0.0118935125836381","0.01","0.1","","","","1.4162414633226","","","","","","","","",""
"15471","IPMANSICSMoMDifferenceL0","WPSID61MoMDifferenceL0",NA,"0",NA,"-0.346616274645839","0.00605554160960877","0.463166054337876","0.000542714069406194","-0.306843542983751","0.394701686862966","0.0201883933903301","0.0196537060043445","0.226087669393525","0.203325542022747",NA,"258.076606808187","264.822092534336","0.000164255549908732","70","No gap","1.0049529939053","0.585578454036133","0.260401722497688","0.739598277502312","0.00468846606930408","0.129200098054082","0.124748208670263","0.0335994532158435","0.003181335908673","0.010513417934793","0.01","0.1","","","","1.48390283127354","","","","","","","","",""
"30175","MANEMPMoMPercentChangeL0","ism_man_pricesMoMDifferenceL0",NA,"0",NA,"-223.0007232017","0.00909157913970705","0.116647510386077","0.0035126253587145","-0.263286941874973","0.333230679860795","0.00963061448978838","0.0135117181283381","0.225953634988867","0.203187565429716",NA,"258.088729106251","264.834214832399","0.00016522553502929","70","No gap","1.03223962680908","0.0943894383257057","0.0232835946556119","0.976716405344388","0.0131310009224577","0.0465557500292066","0.257660024039791","0.487904064539234","0.0600772100442068","0.0985906054633352","0.01","0.0773392724341991","","Fail","","1.27443186624199","","","","","","","","",""
"11691","IPBUSEQMoMDifferenceL1","WPSID62MoMDifferenceL0",NA,"0",NA,"-0.276497901513829","0.00125292388924362","0.107427870228836","0.000196060704624968","-0.392931911927449","0.456787189079309","0.000218904169419897","0.00180933595793773","0.225177425822212","0.202388526581689",NA,"258.158889524399","264.904375250547","0.00017095311488069","70","No gap","1.15667806829084","0.141651827549488","0.080009589718149","0.919990410281851","0.110131056475255","0.419013723476784","0.29867655996458","0.178672805289721","0.239803674312613","0.01","0.01","0.1","","","","1.39883184235261","","","","","","","","",""
"29827","MANEMPMoMDifferenceL0","ism_man_pricesMoMDifferenceL0",NA,"0",NA,"-0.0178615722909737","0.00978450018899762","0.116774310217163","0.00351125943377855","-0.260951401818784","0.333592913000441","0.013083395097212","0.0121424673420565","0.224449807847599","0.20163950807841",NA,"258.224594060841","264.97007978699","0.000176496839361051","70","No gap","1.03238780565005","0.0930732055800195","0.0230680300510798","0.97693196994892","0.0128226135882872","0.0477281524984478","0.261055247804688","0.487435399317991","0.0616211473776315","0.0975454617028528","0.01","0.0751799442898031","","Fail","","1.285352813265","","","","","","","","",""
"16007","IPMANSICSMoMPercentChangeL0","USGG30YR_IndexMoMPercentChangeL0",NA,"0",NA,"-35.3473608703647","0.00826089653551885","10.5127385222512","0.000764541545399201","-0.294071940464024","0.382747610749312","0.00918926332314994","0.00152870425784514","0.223720944788328","0.200889207870338",NA,"258.290349256508","265.035834982656","0.00018222482133512","70","No gap","1.00014251356053","0.00662677719389676","0.00286469460466235","0.997135305395338","0.465930600412822","0.967271585857125","0.238038423889601","0.242987614955614","0.059695327405412","0.0759829302765976","0.01","0.1","","","","1.20607690017875","","","","","","","","",""
