"","V1","V2","V3","Intercept","Intercept p-val","Var1","Var1 p_val","Var2","Var2 p_val","Var1 Beta","Var2 Beta","Var 1 rob p_val","Var 2 rob p_val","r2","r2adj","r2 ex dummy","aic","bic","F","Num_obs","Gap","Max VIF","BG_stat","DW_upper_stat","DW_lower_stat","BP_stat","White_stat","SW_stat","JB_stat","RESET_stat","ADF p (noconst)","PP p (noconst)","KPSS lag (const)","Criteria1","Criteria2","Criteria3","RMSE","V38","V39","V40","V41","V42","V43","V44","V45","V46"
"42229","WPSID61MoMDifferenceL0","BAA10YB_IndexMoMPercentChangeL0",NA,"0",NA,"0.262862912511374","0.00162358196269308","-6.42943570255097","2.14433616418284e-07","0.30848411163736","-0.541344091241727","0.0263575867590146","7.40077263417354e-05","0.442392216145394","0.425991987208494",NA,"190.281424470415","197.026910196564","2.37235753264287e-09","70","No gap","1.04281353990095","0.263648220827893","0.163899788807446","0.836100211192554","0.000432953589080708","0.0101026128038469","0.131198970807482","0.0801927554261769","0.0587864370089647","0.0323081405905194","0.01","0.1","","","","0.692346882602845","","","","","","","","",""
"42389","WPSID61MoMPercentChangeL0","BAA10YB_IndexMoMPercentChangeL0",NA,"0",NA,"49.7453614602182","0.00214581467638336","-6.44237750923102","2.24878704243697e-07","0.301067312117102","-0.542433762388677","0.030955300924223","0.00021380537138917","0.438144237593134","0.42161906811058",NA,"190.812678796518","197.558164522666","3.07075054273298e-09","70","No gap","1.04341862633635","0.231844854308357","0.146226480314004","0.853773519685996","0.0005238336682614","0.0113053951671208","0.107251721840145","0.0611636590893313","0.0600372218349357","0.0340852741525624","0.01","0.1","","","","0.68425764027485","","","","","","","","",""
"41562","WPSFD49207MoMDifferenceL0","BAA10YB_IndexMoMPercentChangeL0",NA,"0",NA,"0.253296420946527","0.00801706786206248","-6.5263198437174","2.54402374564352e-07","0.260670226964516","-0.549501519013291","0.0425159683754375","0.000554563573152487","0.417891016769406","0.400770164321448",NA,"193.291555209075","200.037040935223","1.02363764131752e-08","70","No gap","1.04476374330454","0.100449726429063","0.558179238840553","0.441820761159447","0.00403036366673169","0.0608631736899352","0.0874847236496838","0.0367748931748996","0.0197434334016614","0.064146842794835","0.01","0.1","","","","0.666610210665283","","","","","","","","",""
"41900","WPSFD49502MoMDifferenceL0","BAA10YB_IndexMoMPercentChangeL0",NA,"0",NA,"0.177964927164377","0.00815355114843816","-6.49626713455547","2.97925328415072e-07","0.26179737894288","-0.546971148187098","0.0447147244606777","0.000481716656750733","0.417630351609197","0.400501832538879",NA,"193.322893803058","200.068379529206","1.03933824879832e-08","70","No gap","1.04923652408749","0.0976753772731009","0.0780112078299956","0.921988792170004","0.00408144537052524","0.0676249041175741","0.0902068113480732","0.043208735370223","0.0235871398550645","0.063797146568796","0.01","0.1","","","","0.683930362700605","","","","","","","","",""
"41732","WPSFD49207MoMPercentChangeL0","BAA10YB_IndexMoMPercentChangeL0",NA,"0",NA,"49.4914941607044","0.00871667124258525","-6.53565835990552","2.51478181417704e-07","0.257950730503364","-0.550287801168256","0.0432341400372137","0.000646758212154175","0.416598958262823","0.399440104094082",NA,"193.446756160716","200.192241886864","1.10378581830162e-08","70","No gap","1.04437337858859","0.0964931299834009","0.0747566029370691","0.925243397062931","0.00410918512981251","0.0605853085085317","0.0813897029192154","0.033017073805071","0.0205226298574767","0.064528294056094","0.01","0.1","","","","0.66339255446231","","","","","","","","",""
"42066","WPSFD49502MoMPercentChangeL0","BAA10YB_IndexMoMPercentChangeL0",NA,"0",NA,"36.6703286731622","0.00922284065622426","-6.5107624549072","2.91924455947313e-07","0.257727050860955","-0.54819162170703","0.0452595718172371","0.000656603328834075","0.415727065100023","0.398542567014729",NA,"193.551293101609","200.296778827757","1.1612778627601e-08","70","No gap","1.04859695865012","0.0914467202427008","0.0736305389757069","0.926369461024293","0.00422464742727702","0.0674274700264325","0.0821156693993284","0.0364607961275164","0.0248371630324128","0.064432659288498","0.01","0.1","","","","0.678354105371102","","","","","","","","",""
"32887","USTRADEMoMPercentChangeL0","BAA10YB_IndexMoMPercentChangeL0",NA,"0",NA,"-120.614524976881","0.00982225809818139","-7.23783289551282","1.25209686659561e-08","-0.241712127347662","-0.60940932496242","0.0324510124420309","0.000232354820050856","0.414754288693483","0.397541179537409",NA,"193.667741632605","200.413227358753","1.22885362996428e-08","70","No gap","1.00050877654392","0.0282770477421288","0.0148207947916488","0.985179205208351","0.0140602684281441","0.133782694011407","0.0310302741311622","0.00066904690868852","0.0451491334858379","0.0397587024867953","0.01","0.1","","","","0.791218057171317","","","","","","","","",""
"43769","INVESTMoMPercentChangeL0","BAA10YB_IndexMoMPercentChangeL0",NA,"0",NA,"-42.4293643061105","0.0103072108159651","-7.11399054394215","1.99789443022048e-08","-0.209462618050964","-0.598982076231763","0.0701284636056695","0.00013452125948422","0.414009699916308","0.396774691090317",NA,"193.756743714025","200.502229440173","1.28314141534247e-08","70","No gap","1.00037066303413","0.0773164051123574","0.0440640549365267","0.955935945063473","0.00242025044208719","0.0225126777815432","0.0348023373126837","0.0172985657255151","0.237790021543656","0.0218419424880436","0.01","0.1","","","","0.753505413424165","","","","","","","","",""
"32567","USTRADEMoMDifferenceL0","BAA10YB_IndexMoMPercentChangeL0",NA,"0",NA,"-0.00762950455911144","0.0106240017003097","-7.22242718708406","1.35782065499825e-08","-0.239532082203165","-0.608112198804677","0.0259935397932062","0.000102465042488957","0.413541967491765","0.396293201829758",NA,"193.81259482583","200.558080551978","1.31842651240888e-08","70","No gap","1.00030785682315","0.0272431512514982","0.014373737022483","0.985626262977517","0.0142652513841257","0.133235860917047","0.0299042889880004","0.000625809365612628","0.0463395380089714","0.0397553768139397","0.01","0.1","","","","0.792232969382334","","","","","","","","",""
"44489","ism_man_pricesMoMDifferenceL0","BAA10YB_IndexMoMPercentChangeL0",NA,"0",NA,"0.0643935669674664","0.010636732827922","-6.55122821249358","2.5300089234605e-07","0.253328010728825","-0.551598747896707","0.0802517010481105","0.000412696085166342","0.413523462840454","0.396274152923997",NA,"193.814803517816","200.560289243964","1.31984166928945e-08","70","No gap","1.04440648931728","0.0746514969430897","0.0442308844384592","0.955769115561541","0.0155236393237369","0.0203090433379571","0.12589900615892","0.0445879952538396","0.00351533736344753","0.0860935278524485","0.01","0.0801941560586819","","Fail","","0.708585422250243","","","","","","","","",""
"38915","ISRATIOMoMPercentChangeL0","BAA10YB_IndexMoMPercentChangeL0",NA,"0",NA,"-41.6413443786753","0.0128833447517935","-6.47815407625897","3.99895218303663e-07","-0.247478417742068","-0.545446069231999","0.0474574112371406","0.000485803738194682","0.410562664772025","0.393226272559437",NA,"194.167306039703","200.912791765851","1.56631745351632e-08","70","No gap","1.05840388805466","0.0546776160508638","0.0391670577552604","0.96083294224474","0.00889707069365397","0.0773746129355058","0.010536932301309","0.00339341594150167","0.0420021163352817","0.072289048258931","0.01","0.1","","","","0.603539989384815","","","","","","","","",""
"38683","ISRATIOMoMDifferenceL0","BAA10YB_IndexMoMPercentChangeL0",NA,"0",NA,"-30.3943519921991","0.0145318415142068","-6.49629272484522","3.84609204626535e-07","-0.243366023394856","-0.546973302832201","0.0487930624137763","0.000555954826631944","0.408702601331206","0.391311501370359",NA,"194.387854389522","201.13334011567","1.74342361658475e-08","70","No gap","1.05726862336724","0.0518138151617926","0.0371090008402423","0.962890999159758","0.00957875354632085","0.0849247523414578","0.010106009481742","0.00280501602757588","0.0418039647335333","0.0712533853179275","0.01","0.1","","","","0.605831031398516","","","","","","","","",""
"43649","INVESTMoMDifferenceL0","BAA10YB_IndexMoMPercentChangeL0",NA,"0",NA,"-0.0130009198581693","0.0145970468218378","-7.12774184304787","2.13520005480189e-08","-0.200178208410205","-0.600139904828575","0.0789565723437755","3.80951064529849e-05","0.408633451059955","0.391240317267601",NA,"194.396040178905","201.141525905053","1.75036919403126e-08","70","No gap","1.00023396941017","0.0686815692817648","0.0395844682767481","0.960415531723252","0.00285217599716439","0.0371301251745852","0.0251777526203929","0.0103056700616062","0.305991456850008","0.0229736529702433","0.01","0.1","","","","0.773919269237957","","","","","","","","",""
"40221","M2REALMoMPercentChangeL0","BAA10YB_IndexMoMPercentChangeL0",NA,"0",NA,"-55.3947299545422","0.0207850372650615","-6.78559118017098","1.04688134291893e-07","-0.16828546356137","-0.571331585058093","0.093044197553901","0.000156661015044389","0.403179669983476","0.385626130865343",NA,"195.038645080829","201.784130806977","2.39156774384242e-08","70","No gap","1.02077741451346","0.0861624785580423","0.0480995825207746","0.951900417479225","0.00452854283680616","0.0217940972133719","0.0529654397628201","0.00598898142004478","0.257699212710568","0.0494139794080673","0.01","0.1","","","","0.801872900778565","","","","","","","","",""
"44577","ism_man_pricesMoMPercentChangeL0","BAA10YB_IndexMoMPercentChangeL0",NA,"0",NA,"2.95733679068547","0.0234121607729715","-6.55937281846776","3.45197291168084e-07","0.226866812630201","-0.552284505484713","0.159227639883554","0.000446523692820556","0.401346258941564","0.383738795969257",NA,"195.253352997391","201.998838723539","2.65444558555927e-08","70","No gap","1.05437080651741","0.0594024079314006","0.0351700150686211","0.964829984931379","0.0213560860505162","0.000812648496021644","0.11583110052183","0.0343382292506618","0.00130296528454755","0.0951751208956433","0.01","0.0874817901530676","","Fail","","0.676284849866004","","","","","","","","",""
"3251","DPCERA3M086SBEAMoMPercentChangeL0","BAA10YB_IndexMoMPercentChangeL0",NA,"0",NA,"-36.5947581129387","0.0260602724077355","-7.38608678516912","1.11542031840135e-08","-0.214259815577563","-0.621891970544706","0.0286974894338373","0.000494953513152777","0.399697702615162","0.382041752692078",NA,"195.445852158115","202.191337884263","2.91460821033596e-08","70","No gap","1.00698141775276","0.0183898318304149","0.00291154624537526","0.997088453754625","0.0115709376430657","0.0735365737403289","0.0314667712660144","0.000226903893491448","0.201088345330439","0.082431071024264","0.01","0.1","","","","0.824592653984718","","","","","","","","",""
"40013","M2REALMoMDifferenceL0","BAA10YB_IndexMoMPercentChangeL0",NA,"0",NA,"-0.0104524246505182","0.026586428413578","-6.77598796517203","1.20708407656018e-07","-0.161927904294649","-0.570523015855893","0.0975203025903207","0.000128115497091644","0.399390432414548","0.381725445132623",NA,"195.481673129062","202.22715885521","2.96576249114722e-08","70","No gap","1.02364849185568","0.0757535825095541","0.0437419163308822","0.956258083669118","0.00478520451941331","0.0238505619343909","0.0440315892619807","0.00376564627407361","0.296709620146733","0.0485551420094328","0.01","0.1","","","","0.821737370134916","","","","","","","","",""
"2667","DPCERA3M086SBEAMoMDifferenceL0","BAA10YB_IndexMoMPercentChangeL0",NA,"0",NA,"-0.296297855836269","0.0298692759763373","-7.392867329688","1.1523382639817e-08","-0.209907553924231","-0.622462877212182","0.0132069210765234","2.93218500717368e-05","0.397602441850946","0.379884866611268",NA,"195.689750752101","202.435236478249","3.28117122361249e-08","70","No gap","1.00778516546182","0.0164499122836532","0.00613721213017294","0.993862787869827","0.011491476315351","0.0690107234644276","0.0279413487567737","0.000207204366634683","0.196166330065426","0.0806113146807537","0.01","0.1","","","","0.868993295876726","","","","","","","","",""
"9925","IPDCONGDMoMPercentChangeL0","BAA10YB_IndexMoMPercentChangeL0",NA,"0",NA,"-9.5797206739175","0.0329268347766508","-6.86976336600915","8.35967451503179e-08","-0.208197281855625","-0.578418694651913","4.19921620007236e-05","0.00199926339954706","0.396108412532194","0.378346895253729",NA,"195.863145507691","202.608631233839","3.56948293145365e-08","70","No gap","1.01482111874669","0.00441518068417188","0.00300332516039094","0.996996674839609","0.0368308314810338","0.0830868009705599","0.00384875556016737","1.0979941310274e-05","0.123820960405121","0.0365472611375234","0.01","0.1","","","","0.708943642668771","","","","","","","","",""
"44533","ism_man_pricesMoMDifferenceL1","BAA10YB_IndexMoMPercentChangeL0",NA,"0",NA,"0.053185281712632","0.0347213804702512","-6.81909352861765","1.08665775066874e-07","0.208568732557888","-0.574152407788637","0.111401038355805","0.000708183808837952","0.395296014999862","0.377510603676329",NA,"195.957251157461","202.702736883609","3.73642475848257e-08","70","No gap","1.02062778472399","0.0203857058277922","0.0136649238826443","0.986335076117356","0.00565324253480104","0.0125534345183931","0.028191954355138","0.0130481679827501","0.038242668414021","0.0569735466134883","0.01","0.0887878707349189","","Fail","","0.750591740788547","","","","","","","","",""
"27316","PAYEMSMoMPercentChangeL0","BAA10YB_IndexMoMPercentChangeL0",NA,"0",NA,"-146.042860708782","0.0355563788276163","-6.8207432728567","1.08802933602048e-07","-0.103554051340534","-0.574291312559939","0.139565573512935","0.000192345049498084","0.394932499631202","0.377136396679179",NA,"195.999318732834","202.744804458982","3.81355578227272e-08","70","No gap","1.02061623939505","0.0262730313781892","0.0123231242218974","0.987676875778103","0.00452854461289443","0.0195233759863144","0.0100359206475934","0.00029036657101178","0.393871114161727","0.0671777452444629","0.01","0.1","","","","0.817836793619902","","","","","","","","",""
"37963","HOUSTSMoMPercentChangeL0","BAA10YB_IndexMoMPercentChangeL0",NA,"0",NA,"-2.10135473919119","0.0359661332160181","-7.10459575940993","3.14383562623549e-08","-0.204188895503461","-0.598191056408205","0.00039072441223152","0.00106189740447435","0.394757288732819","0.376956032519078",NA,"196.019585872373","202.765071598521","3.85128196001006e-08","70","No gap","1.00074110597091","0.00726641178753892","0.00573636185994228","0.994263638140058","0.0192609793852306","0.143757938405073","0.00193868163500965","1.41014223009606e-06","0.134688530490866","0.0463368581048307","0.01","0.1","","","","0.720010944087584","","","","","","","","",""
"26935","PAYEMSMoMDifferenceL0","BAA10YB_IndexMoMPercentChangeL0",NA,"0",NA,"-0.00100571109868467","0.0390307440195493","-6.83266036179069","1.06476816100647e-07","-0.100928963688416","-0.575294704766919","0.144570590236433","0.000306498797443318","0.393508162057192","0.37567016682358",NA,"196.163906092216","202.909391818364","4.13093783624419e-08","70","No gap","1.01993016163076","0.0250899440076825","0.0117589543635684","0.988241045636432","0.00492146514101339","0.0228012318528827","0.0100589794553925","0.000256244284023266","0.402629971574485","0.0667781187438538","0.01","0.1","","","","0.831069762010842","","","","","","","","",""
"42227","WPSID61MoMDifferenceL0","BAA10YB_IndexMoMDifferenceL0",NA,"0",NA,"0.26673343746672","0.00217921567128222","-0.0401609264031368","4.1354427797564e-06","0.313026385939249","-0.492107585390142","0.0378070372041405","0.000681075191159854","0.393307247190276","0.375463342695872",NA,"196.187091419362","202.93257714551","4.17772109129189e-08","70","No gap","1.04797427166037","0.147636367233483","0.0982508853681855","0.901749114631815","0.00106778772150862","0.0135670613047794","0.0438645634079604","0.0182868347774444","0.0148245283445745","0.043048485074576","0.01","0.1","","","","0.660342268885526","","","","","","","","",""
"41013","BUSLOANSMoMPercentChangeL0","BAA10YB_IndexMoMPercentChangeL0",NA,"0",NA,"-28.3917188105198","0.0407026244911385","-7.05407975885327","3.99839619487928e-08","-0.142754588476892","-0.593937722261997","0.16714564605887","0.000351690189363555","0.392868370844867","0.375011558222657",NA,"196.237710513811","202.983196239959","4.28170939814621e-08","70","No gap","1.00241460329294","0.0201522348474527","0.00958511707814789","0.990414882921852","0.00449084913896362","0.0479746709692542","0.0141768573582185","0.00164884076208083","0.258675014361265","0.0344722391599022","0.01","0.1","","","","0.785493698140617","","","","","","","","",""
"9389","IPDCONGDMoMDifferenceL0","BAA10YB_IndexMoMPercentChangeL0",NA,"0",NA,"-0.0827222332458329","0.0421457002826484","-6.86104703460624","9.55970706858334e-08","-0.199277296307417","-0.577684799062848","0.00182043955300019","9.70157466527772e-05","0.39233743025664","0.374465001734777",NA,"196.298899221455","203.044384947604","4.41087265601325e-08","70","No gap","1.01723543102919","0.0046092121562189","0.0031794353963432","0.996820564603657","0.0366155505395682","0.0816418178678494","0.0041664053333335","1.22638567251476e-05","0.111831198639528","0.0370811394495668","0.01","0.1","","","","0.710257253149171","","","","","","","","",""
"33671","USFIREMoMPercentChangeL1","BAA10YB_IndexMoMPercentChangeL0",NA,"0",NA,"-122.261236167837","0.0421863962276433","-6.9433826700802","6.5126696414833e-08","-0.146986978837427","-0.584617275227868","0.0523332035195264","0.00145563482593455","0.392322728945014","0.374449868031632",NA,"196.300592726069","203.046078452217","4.41450236365881e-08","70","No gap","1.00929468707205","0.0217884391432611","0.0105393203314704","0.98946067966853","0.0065327061279012","0.0308848145139468","0.0105174399764832","0.000194912459067664","0.285624965521413","0.0299775800693337","0.01","0.1","","","","0.810190281714593","","","","","","","","",""
"31587","SRVPRDMoMPercentChangeL0","BAA10YB_IndexMoMPercentChangeL0",NA,"0",NA,"-145.868116637877","0.0422384302285915","-6.9394041434126","6.63383871377494e-08","-0.097307365621708","-0.58428229219001","0.147358875202385","0.00027324047290688","0.392303952968974","0.374430539821003",NA,"196.302755548477","203.048241274625","4.41914228543894e-08","70","No gap","1.00962741619255","0.0280968890115668","0.0131244546609811","0.986875545339019","0.00477339783065239","0.0193421462114332","0.0109579776788731","0.000314728265474074","0.41608908999994","0.0577156275728243","0.01","0.1","","","","0.78307923191386","","","","","","","","",""
"31251","SRVPRDMoMDifferenceL0","BAA10YB_IndexMoMPercentChangeL0",NA,"0",NA,"-0.00117182493711269","0.0450901449449424","-6.94706395556209","6.55680885571444e-08","-0.0951386953671253","-0.584927231223385","0.147383518541164","0.000291239266956123","0.391309683653827","0.373407027290704",NA,"196.417191010196","203.162676736344","4.67172585061348e-08","70","No gap","1.00924055228742","0.0270688146234714","0.0126472358399795","0.98735276416002","0.00513274622307239","0.0216607118809917","0.0107658132878531","0.000277157925602789","0.423764728354031","0.0575426314963672","0.01","0.1","","","","0.79191411403191","","","","","","","","",""
"43829","INVESTMoMPercentChangeL1","BAA10YB_IndexMoMPercentChangeL0",NA,"0",NA,"-33.0115998715734","0.0467927152105709","-7.1522851233046","2.8595505107355e-08","-0.165789166575235","-0.602206394076053","0.0361282011711963","0.000706009754540239","0.390746432981894","0.372827210422539",NA,"196.481935454311","203.227421180459","4.82097343157406e-08","70","No gap","1.00006443766235","0.0243742913031454","0.0141160894026624","0.985883910597338","0.0138136338587088","0.0666572654849857","0.00407771246267431","2.56193790307835e-05","0.143707648322323","0.0295524993723699","0.01","0.1","","","","0.67377816047903","","","","","","","","",""
"33359","USFIREMoMDifferenceL1","BAA10YB_IndexMoMPercentChangeL0",NA,"0",NA,"-0.0145242752620881","0.047981073806773","-6.94975555260672","6.62032099828521e-08","-0.142674065651826","-0.585153857668306","0.0707803602222093","7.42278771903567e-06","0.390365657652864","0.372435235819125",NA,"196.525670852282","203.27115657843","4.92448043454274e-08","70","No gap","1.00925376288249","0.0205825792135993","0.00997755916519936","0.990022440834801","0.00660758125045788","0.0330582443575751","0.0100711440803751","0.000168404899598906","0.271343930348272","0.0313792277118507","0.01","0.1","","","","0.818821338435729","","","","","","","","",""
"44621","ism_man_pricesMoMPercentChangeL1","BAA10YB_IndexMoMPercentChangeL0",NA,"0",NA,"2.56608337190782","0.0485603222815698","-6.74718216253948","1.79701123958634e-07","0.196210606025324","-0.568097631767765","0.125854317382412","0.00118914010687272","0.390183561463388","0.37224778385937",NA,"196.546576547793","203.292062273942","4.97473929828018e-08","70","No gap","1.03415331071655","0.0137891506005477","0.0085139310579698","0.99148606894203","0.00983064142893359","0.013973049855159","0.0194116646620256","0.00659214339907366","0.0252030792556827","0.0624080164800044","0.01","0.0943611703219887","","Fail","","0.701414484061311","","","","","","","","",""
"15061","IPNMATMoMPercentChangeL0","BAA10YB_IndexMoMPercentChangeL0",NA,"0",NA,"-12.2153400968439","0.0490903840941783","-6.95402679208053","6.54574162259679e-08","-0.192145619130341","-0.585513486469089","0.00336603355743663","0.00194819125965914","0.390018878964569","0.372078257757645",NA,"196.56547767593","203.310963402079","5.02062041940476e-08","70","No gap","1.00898533975585","0.00558172685422215","0.00341423226396385","0.996585767736036","0.035507328021966","0.05566288077572","0.00667419595709842","5.48277533316543e-05","0.100435124531209","0.0622948966597189","0.01","0.1","","","","0.702731338603722","","","","","","","","",""
"40821","BUSLOANSMoMDifferenceL0","BAA10YB_IndexMoMPercentChangeL0",NA,"0",NA,"-0.0140735863962401","0.0496255732838304","-7.02081507919716","4.90075330178938e-08","-0.138992641288123","-0.5911369107115","0.140353095998588","7.40188327924693e-05","0.389854453221445","0.371908995963252",NA,"196.584344245102","203.32982997125","5.06683963674703e-08","70","No gap","1.00432173720615","0.017698401004239","0.00854092587929034","0.99145907412071","0.00630240809387746","0.067922902894349","0.0126158411743551","0.000687691683166847","0.287464673525344","0.0339890373232791","0.01","0.1","","","","0.821558646391614","","","","","","","","",""
"43709","INVESTMoMDifferenceL1","BAA10YB_IndexMoMPercentChangeL0",NA,"0",NA,"-0.0104300340597741","0.0509284062061048","-7.22127811606523","2.30974768271337e-08","-0.162905646188321","-0.608015449597556","0.0295727216939612","6.49355636574964e-05","0.389461711871076","0.371504703396696",NA,"196.629387678444","203.374873404592","5.17891469709042e-08","70","No gap","1.00049417056195","0.0239694853041374","0.0138686607931176","0.986131339206882","0.0149344012846272","0.070079393712738","0.00410862106004858","2.68730399499706e-05","0.150163248152462","0.0312433949296324","0.01","0.1","","","","0.680180635297824","","","","","","","","",""
"42309","WPSID61MoMDifferenceL1","BAA10YB_IndexMoMPercentChangeL0",NA,"0",NA,"0.161568347493742","0.0535374373510378","-7.30363883267284","1.81895939130084e-08","0.189609358235984","-0.614950037537874","0.12091825369569","0.000209897581706856","0.388705490956293","0.370726240690301",NA,"196.716036966164","203.461522692312","5.40153036743263e-08","70","No gap","1.00349943233003","0.057375356243855","0.0346358285154586","0.965364171484541","0.0222560854730133","0.156341128129704","0.0257455407966139","0.00369905148361593","0.0230634405776814","0.0239154726088689","0.01","0.1","","","","0.702419230677161","","","","","","","","",""
"40325","M2REALMoMPercentChangeL1","BAA10YB_IndexMoMPercentChangeL0",NA,"0",NA,"-45.9975402428164","0.0539124433687099","-7.24644296047612","2.16817928859463e-08","-0.140364527218091","-0.610134273155189","0.0624316872089107","0.000661698940155298","0.388599938211302","0.370617583452811",NA,"196.728122882539","203.473608608687","5.43333222857711e-08","70","No gap","1.00113779002064","0.054873921654679","0.0325123253979556","0.967487674602044","0.00544199061668177","0.0948221327683539","0.0122368465578546","0.00041217899470003","0.50170238677075","0.0345438397725171","0.01","0.1","","","","0.772357262945575","","","","","","","","",""
"42387","WPSID61MoMPercentChangeL0","BAA10YB_IndexMoMDifferenceL0",NA,"0",NA,"50.3780819316193","0.00290797950589906","-0.0402269782711523","4.37362005094983e-06","0.304896643054793","-0.492916944839507","0.0416850882092661","0.000796840868718562","0.388545841640626","0.370561895806527",NA,"196.734316196325","203.479801922473","5.44970129023881e-08","70","No gap","1.0494201397014","0.126026369461307","0.0850549669039562","0.914945033096044","0.00124609079772648","0.0153050824417082","0.0322382817855951","0.0121746303019131","0.014094972440662","0.0442333604654403","0.01","0.1","","","","0.647127561671639","","","","","","","","",""
"14565","IPNMATMoMDifferenceL0","BAA10YB_IndexMoMPercentChangeL0",NA,"0",NA,"-0.126480890368448","0.0544684690920273","-6.95791023811394","6.66995273055211e-08","-0.188045567239057","-0.585840463930425","0.00762223312075217","0.000474239232934592","0.388444824011555","0.370457907070718",NA,"196.745879859582","203.49136558573","5.48039639225451e-08","70","No gap","1.00906241965791","0.00569360656959663","0.00351184280960249","0.996488157190398","0.0367150435884704","0.0774497236676055","0.00670141919481789","5.5433566133023e-05","0.0931655575718243","0.0623481753422062","0.01","0.1","","","","0.703545842424162","","","","","","","","",""
"16039","IPMANSICSMoMPercentChangeL0","BAA10YB_IndexMoMPercentChangeL0",NA,"0",NA,"-16.351593519446","0.0586705918680882","-6.78793862018295","1.57916538930644e-07","-0.187338872064825","-0.5715292342514","0.0376622160657189","0.00216067134462523","0.387323057689469","0.369303147621512",NA,"196.874162173611","203.619647899759","5.83273482845925e-08","70","No gap","1.03029324915601","0.00812936264633295","0.00527399130691323","0.994726008693087","0.0456405871237293","0.29353064581381","0.00545827606760619","5.2274286707954e-05","0.081700019364843","0.0709780439321808","0.01","0.1","","","","0.713318487471354","","","","","","","","",""
"42469","WPSID61MoMPercentChangeL1","BAA10YB_IndexMoMPercentChangeL0",NA,"0",NA,"30.3891844672192","0.0613054137995269","-7.29565802623021","1.94901341376515e-08","0.183917881505201","-0.614278071503694","0.127956401924328","0.00110887531632121","0.386661442693763","0.368622073361226",NA,"196.949712693502","203.69519841965","6.05074831350194e-08","70","No gap","1.00328499833819","0.0522116017730676","0.0314399003138095","0.968560099686191","0.0230020712848338","0.163229292647547","0.0235648236306494","0.00286494263416692","0.0242176476125541","0.0244713729818442","0.01","0.1","","","","0.698700687652044","","","","","","","","",""
"42545","WPSID62MoMDifferenceL0","BAA10YB_IndexMoMPercentChangeL0",NA,"0",NA,"0.0312347506167689","0.0663672029434584","-6.73203486870379","2.2595368194647e-07","0.182896846405796","-0.566822263540193","0.157229185442812","0.000601003550095684","0.385469578469771","0.367395154307117",NA,"197.085607521567","203.831093247715","6.46361016931607e-08","70","No gap","1.04212854673449","0.0521944521535729","0.0419529643095588","0.958047035690441","0.00303914526756406","0.0452430182698086","0.0332290872498089","0.00283940790812487","0.147346314723437","0.0556085948335889","0.01","0.1","","","","1.00561437293057","","","","","","","","",""
"31755","SRVPRDMoMPercentChangeL1","BAA10YB_IndexMoMPercentChangeL0",NA,"0",NA,"-129.996007506602","0.0664034790221288","-7.07909162181523","4.2289476650286e-08","-0.0852481710160793","-0.596043665124142","0.253217958660767","0.000443028943896486","0.38546138299602","0.367386717790021",NA,"197.086541046283","203.832026772431","6.46654161329252e-08","70","No gap","1.00184189033016","0.0241747794781278","0.0108829977333706","0.989117002266629","0.00309101669472162","0.00143079810222695","0.0295382962318321","0.00160429661299444","0.376358613577807","0.0480044814385825","0.01","0.1","","","","0.877327256502411","","","","","","","","",""
"15553","IPMANSICSMoMDifferenceL0","BAA10YB_IndexMoMPercentChangeL0",NA,"0",NA,"-0.147894343727544","0.0691395844094379","-6.81430035374101","1.47889597423864e-07","-0.180297966273814","-0.573748833195499","0.067596831302437","3.83756951292471e-05","0.38485635424214","0.366763894072791",NA,"197.155423907282","203.90090963343","6.68655523172745e-08","70","No gap","1.0283655814938","0.00813268872699976","0.00531235359649749","0.994687646403502","0.0420985018163387","0.28372624552782","0.0056396348229709","5.58243060769792e-05","0.0839480126679687","0.0705231233856009","0.01","0.1","","","","0.723161678558266","","","","","","","","",""
"37715","HOUSTSMoMDifferenceL0","BAA10YB_IndexMoMPercentChangeL0",NA,"0",NA,"-0.0035351448665722","0.0696816826018549","-7.06729448601475","4.50524848748827e-08","-0.17818387734836","-0.595050372702439","0.016954002534037","0.000207632098212464","0.384739454727711","0.36664355633735",NA,"197.168725172174","203.914210898322","6.7298943307037e-08","70","No gap","1.00240117799163","0.00606148416066369","0.00463972683217331","0.995360273167827","0.0191523202744934","0.116942964805949","0.00261305041041133","2.90320305185165e-06","0.13540906060813","0.0488945471784453","0.01","0.1","","","","0.7195307106685","","","","","","","","",""
"40117","M2REALMoMDifferenceL1","BAA10YB_IndexMoMPercentChangeL0",NA,"0",NA,"-0.00847491890090847","0.0707687745294888","-7.26149692842552","2.26065572642189e-08","-0.13181116616913","-0.611401783552084","0.073702267964446","8.93995704815735e-05","0.384507871882442","0.366405162231926",NA,"197.195068075522","203.94055380167","6.81655741852083e-08","70","No gap","1.00185540514967","0.0496015152465443","0.0293985005647146","0.970601499435285","0.00591803970374458","0.0937512386161058","0.0123621552092946","0.000383256706124602","0.471319001282588","0.0357854783785332","0.01","0.1","","","","0.78565276964107","","","","","","","","",""
"30221","MANEMPMoMPercentChangeL0","BAA10YB_IndexMoMPercentChangeL0",NA,"0",NA,"-102.673863416118","0.0710933718081496","-6.44193280308706","1.31250948667006e-06","-0.166937604641313","-0.542396319127011","0.0969687995679345","0.000324983850818467","0.384439444463475","0.366334722241812",NA,"197.20284990224","203.948335628388","6.84237101422625e-08","70","No gap","1.12018287850929","0.00897383345221363","0.00453169493332723","0.995468305066673","0.00753715260244578","0.0338955526181086","0.0116400274748139","0.000139779256719708","0.280695171698286","0.0803122371106652","0.01","0.1","","","","0.889097490287853","","","","","","","","",""
"31419","SRVPRDMoMDifferenceL1","BAA10YB_IndexMoMPercentChangeL0",NA,"0",NA,"-0.00103457004100914","0.073301060515133","-7.07320669169412","4.46859725061113e-08","-0.0823822788556558","-0.59554816718376","0.240311611748673","0.000244236108704813","0.38398255740653","0.365864397330251",NA,"197.254786678477","204.000272404625","7.01717520756873e-08","70","No gap","1.00218867767852","0.0231914276672283","0.0104779769422967","0.989522023057703","0.00335462253129689","0.00242515633344481","0.0282021766491585","0.00134869470367782","0.36732240141289","0.0480638346902011","0.01","0.1","","","","0.888934678039681","","","","","","","","",""
"29873","MANEMPMoMDifferenceL0","BAA10YB_IndexMoMPercentChangeL0",NA,"0",NA,"-0.00815134326967265","0.0765888469560918","-6.45154425501929","1.31209883549492e-06","-0.163998681357108","-0.543205581860551","0.114463352634845","0.000474874568811962","0.383328228478176","0.365190823433417",NA,"197.329100672243","204.074586398391","7.27508948639155e-08","70","No gap","1.12146935500546","0.00874550252069378","0.00440999823560989","0.99559000176439","0.00774056497716603","0.03508182253488","0.0113262928552376","0.000130604364666609","0.282802565857789","0.0794781906613233","0.01","0.1","","","","0.896788460078134","","","","","","","","",""
"38567","HOUSTWMoMPercentChangeL1","BAA10YB_IndexMoMPercentChangeL0",NA,"0",NA,"-1.30906238710844","0.0881155697110588","-7.21980871529154","2.75986567423022e-08","-0.166964019357205","-0.607891729342263","0.0533571438171949","0.00127270842539315","0.381247635610239","0.363049036657599",NA,"197.564876604108","204.310362330256","8.15781082685874e-08","70","No gap","1.00060625131403","0.0153278610561068","0.0125276066038708","0.987472393396129","0.00389484505454248","0.0475267849491662","0.0168153443071292","0.00216856560045398","0.252230823745696","0.059614486239613","0.01","0.1","","","","0.709579002740897","","","","","","","","",""
"43061","MZMSLMoMPercentChangeL1","BAA10YB_IndexMoMPercentChangeL0",NA,"0",NA,"-38.5898817159398","0.0882786645159874","-7.29372047535964","2.21536691415612e-08","-0.0952078804214589","-0.614114934058389","0.145206655646447","0.000691463407781087","0.381220303046817","0.363020900195253",NA,"197.56796869279","204.313454418938","8.17007201892039e-08","70","No gap","1.00382035836396","0.0273446282880697","0.0133121132768468","0.986687886723153","0.00591823689174376","0.0504171257992623","0.0165909957953063","0.000315021817398398","0.510209671493565","0.0481919543294315","0.01","0.1","","","","0.745767403765148","","","","","","","","",""
"16761","IPB51222SMoMDifferenceL1","BAA10YB_IndexMoMPercentChangeL0",NA,"0",NA,"-0.0370989694451198","0.0909950241106776","-7.31068368178316","2.13894514499908e-08","-0.166646634486058","-0.615543198060196","0.100512287071649","3.90997801641247e-05","0.380772788805056","0.36256022376991",NA,"197.618575838972","204.36406156512","8.37338596237913e-08","70","No gap","1.00503055308317","0.00581993200224574","0.00416095402700542","0.995839045972995","0.00943340725980582","0.0524202862967872","0.0109490390865649","0.00169043127919954","0.0944999620046765","0.0559613318749903","0.01","0.1","","","","0.707957519690444","","","","","","","","",""
"17241","IPB51222SMoMPercentChangeL1","BAA10YB_IndexMoMPercentChangeL0",NA,"0",NA,"-3.73749947553662","0.0934839207375865","-7.29942361500186","2.22386600256026e-08","-0.16523611359268","-0.614595125647461","0.0896961158277311","0.00201353159269197","0.380375028291806","0.362150764418035",NA,"197.66352589398","204.409011620128","8.55821141731994e-08","70","No gap","1.00431726834407","0.00648163404241559","0.00460729746725688","0.995392702532743","0.00914964867928578","0.052756079474743","0.0122470646807379","0.00175191840081601","0.10110560718095","0.0529683714560273","0.01","0.1","","","","0.71317604667911","","","","","","","","",""
"42989","MZMSLMoMPercentChangeL0","BAA10YB_IndexMoMPercentChangeL0",NA,"0",NA,"-37.9723727613622","0.095432501773063","-7.19319775835496","3.08759268162858e-08","-0.094989446642563","-0.60565114634768","0.243378248070449","0.000778207086988368","0.380071399435398","0.361838205301146",NA,"197.697818918258","204.443304644406","8.7019560446322e-08","70","No gap","1.00013214887076","0.0294434476404847","0.0137284508732225","0.986271549126778","0.00552352073982346","0.00263020274044775","0.0291430507694027","0.00133189864119609","0.303230712859624","0.0430233553930925","0.01","0.1","","","","0.823683091682918","","","","","","","","",""
"28059","USGOODMoMPercentChangeL0","BAA10YB_IndexMoMPercentChangeL0",NA,"0",NA,"-66.310911540441","0.0960370587719852","-6.67354106497863","3.90622107961141e-07","-0.138565080024581","-0.561897216228762","0.115292318093474","0.000546877390031373","0.379978537226194","0.361742611850494",NA,"197.708303783493","204.453789509641","8.74638509396064e-08","70","No gap","1.06554845514694","0.0154260641201502","0.00848245764305093","0.991517542356949","0.00697644215479804","0.0353157543567598","0.010587382820522","0.000246372567233921","0.206906763546948","0.0833083755240523","0.01","0.1","","","","0.846877709671263","","","","","","","","",""
"27507","PAYEMSMoMPercentChangeL1","BAA10YB_IndexMoMPercentChangeL0",NA,"0",NA,"-113.880252338313","0.0971146321739276","-7.06742432199867","5.00047579090394e-08","-0.0791384096271289","-0.595061304601595","0.297959443475979","0.000536661811506931","0.379814552334731","0.361573803873988",NA,"197.726815117969","204.472300844117","8.82538035984481e-08","70","No gap","1.0028522029927","0.0232120026359691","0.0107616322578303","0.98923836774217","0.0037660751293897","0.00349018234958997","0.0252090737668246","0.00109173525172968","0.296227977324135","0.048389565214284","0.01","0.1","","","","0.907519824984392","","","","","","","","",""
"42697","WPSID62MoMPercentChangeL0","BAA10YB_IndexMoMPercentChangeL0",NA,"0",NA,"5.64707868122656","0.102909821744878","-6.79723627566272","1.96305120245299e-07","0.163021349251365","-0.572312076026203","0.21714520432776","0.00216883017325578","0.378964698243002","0.360698954073679",NA,"197.822672032616","204.568157758764","9.24599767859746e-08","70","No gap","1.03849777991238","0.0372384752193705","0.0299802995642152","0.970019700435785","0.00458241788546622","0.0596748987657269","0.0290826343257559","0.00133773063987053","0.136709904046154","0.0608971951819579","0.01","0.1","","","","0.976836595319871","","","","","","","","",""
"38327","HOUSTWMoMDifferenceL1","BAA10YB_IndexMoMPercentChangeL0",NA,"0",NA,"-0.00475318394978919","0.105929254497036","-7.27815932189976","2.45581421065628e-08","-0.159373373671225","-0.612804719777053","0.0649604432192551","8.5447420386403e-05","0.378541969310989","0.360263791937782",NA,"197.870303719016","204.615789445164","9.46240108490315e-08","70","No gap","1.00323219754488","0.012658370213071","0.0100742629732721","0.989925737026728","0.00566377974427135","0.0618536458954368","0.0148565866233623","0.0016702474490643","0.181003301069456","0.0640060574330159","0.01","0.1","","","","0.704132951129266","","","","","","","","",""
"27125","PAYEMSMoMDifferenceL1","BAA10YB_IndexMoMPercentChangeL0",NA,"0",NA,"-0.000776026105083948","0.107514907636927","-7.06138426418345","5.29665471249758e-08","-0.0762265592089817","-0.594552745256685","0.289201852805903","0.000310053898959155","0.378325119195056","0.360040563877264",NA,"197.894725095248","204.640210821396","9.57531063328076e-08","70","No gap","1.00339082016742","0.0221013182055543","0.0102632186472172","0.989736781352783","0.00410211450291351","0.00638565306038227","0.0242644047220011","0.000916497359233825","0.285269495701931","0.048493428494536","0.01","0.1","","","","0.92257694762049","","","","","","","","",""
"27691","USGOODMoMDifferenceL0","BAA10YB_IndexMoMPercentChangeL0",NA,"0",NA,"-0.00323404047835458","0.109339041586731","-6.70094267239525","3.59764143927301e-07","-0.133088433493236","-0.564204370223572","0.131967947720945","0.000662915957999549","0.378079864934536","0.35978809625614",NA,"197.922335045819","204.667820771967","9.70458567950416e-08","70","No gap","1.06313933185453","0.0147509511406068","0.00805018300404394","0.991949816995956","0.00745477140489924","0.0375018286078216","0.010663566438546","0.000228807455545876","0.208352331554222","0.0819458459315055","0.01","0.1","","","","0.86096840963426","","","","","","","","",""
"42917","MZMSLMoMDifferenceL1","BAA10YB_IndexMoMPercentChangeL0",NA,"0",NA,"-0.00267861050933766","0.111207602534935","-7.30474260021437","2.32638538592591e-08","-0.0874922143701994","-0.615042972293637","0.144893485083035","8.78624551356208e-05","0.377833158890874","0.35953413415237",NA,"197.950097450881","204.695583177029","9.83633439144427e-08","70","No gap","1.00518123981876","0.0249320449359028","0.0121619264316455","0.987838073568355","0.00647399813667202","0.0549673492716142","0.0158171630885432","0.00027112187541245","0.475401489064815","0.0488376667545025","0.01","0.1","","","","0.756359246821406","","","","","","","","",""
"33515","USFIREMoMPercentChangeL0","BAA10YB_IndexMoMPercentChangeL0",NA,"0",NA,"-97.8190873403762","0.112517771221739","-6.98854104964293","7.469967690022e-08","-0.117025884729142","-0.588419509681606","0.133507987344784","0.000394230500437138","0.377662824984764","0.359358790425493",NA,"197.969259098168","204.714744824316","9.92830935242495e-08","70","No gap","1.00966987063346","0.0563469463016663","0.0343707871713081","0.965629212828692","0.0148210983942268","0.0863526641054703","0.00858262431861537","0.000120584907936983","0.26804899069099","0.0474217258324438","0.01","0.1","","","","0.780318051861042","","","","","","","","",""
"36415","HOUSTMoMPercentChangeL0","BAA10YB_IndexMoMPercentChangeL0",NA,"0",NA,"-1.96361722442545","0.113760972236103","-7.36364879517336","2.04807785614429e-08","-0.155935537428251","-0.620002742023651","0.119850735099746","0.00110153588932637","0.37750316297878","0.359194432478156",NA,"197.987215452786","204.732701178934","1.00152793724995e-07","70","No gap","1.01089293848139","0.0130809006329632","0.0097551421862017","0.990244857813798","0.00675059412690781","0.0291255073954833","0.0119722829286272","0.000255940359211171","0.0991156938564952","0.0530223334234943","0.01","0.1","","","","0.744494620127553","","","","","","","","",""
"8041","IPFINALMoMPercentChangeL1","BAA10YB_IndexMoMPercentChangeL0",NA,"0",NA,"-21.5555468154114","0.114227690493468","-6.9556928239939","8.81216330383962e-08","-0.155516212584076","-0.585653762626104","0.213106081399071","0.00153969447656192","0.37744370861956","0.359133229461312",NA,"197.99390079826","204.739386524408","1.00478535269843e-07","70","No gap","1.0135947905787","0.0149322282062082","0.0103932728637457","0.989606727136254","0.00127198910478765","0.00218475839923085","0.0395916181908074","0.0077241714042604","0.167042591475429","0.0615698737274422","0.01","0.1","","","","0.69982993877791","","","","","","","","",""
"20697","CE16OVMoMPercentChangeL0","BAA10YB_IndexMoMPercentChangeL0",NA,"0",NA,"-77.9115780839309","0.118713286557616","-6.87613087038997","1.35630793531722e-07","-0.134239315532016","-0.578954824264523","0.0358013953021346","0.000976460842994708","0.376885333613218","0.358558431660665",NA,"198.056656139578","204.802141865726","1.03588393418619e-07","70","No gap","1.02613192625662","0.0220527395742638","0.0134476598261092","0.986552340173891","0.00694195263945608","0.0481192753303196","0.00342637143224671","9.40847811414791e-06","0.186836754144164","0.0460428043129627","0.01","0.1","","","","0.688250113104649","","","","","","","","",""
"20249","CE16OVMoMDifferenceL0","BAA10YB_IndexMoMPercentChangeL0",NA,"0",NA,"-0.000519664763730222","0.118751248085457","-6.87801051688075","1.34266902795938e-07","-0.134189503831458","-0.579113086290691","0.0564612300461567","2.92507193233871e-05","0.376880706032239","0.358553667974363",NA,"198.057175994884","204.802661721032","1.03614552937614e-07","70","No gap","1.0258048591501","0.0213336071930489","0.0129332367811068","0.987066763218893","0.00693642549360565","0.0465774078562105","0.00346730248152811","9.05433628450858e-06","0.195599275230565","0.0460197405101379","0.01","0.1","","","","0.689876058517157","","","","","","","","",""
"18649","CUMFNSMoMDifferenceL1","BAA10YB_IndexMoMPercentChangeL0",NA,"0",NA,"-0.412818692684792","0.119382994172494","-6.9340503679926","1.00018481854077e-07","-0.15471484609786","-0.583831516286255","0.196280228383711","0.000160160459715632","0.376803929335904","0.358474633139901",NA,"198.065800407136","204.811286133284","1.04049504678905e-07","70","No gap","1.01692972502681","0.0180848669230582","0.0130144222864292","0.986985577713571","0.000291169839778369","0.000438723788818307","0.0349423502308192","0.00445815816135409","0.203251806703468","0.0605759313594455","0.01","0.1","","","","0.851274472446539","","","","","","","","",""
"7493","IPFINALMoMDifferenceL1","BAA10YB_IndexMoMPercentChangeL0",NA,"0",NA,"-0.208020942731904","0.120795350057351","-6.95616031401546","8.98201670983367e-08","-0.152953154583004","-0.585693124239251","0.24795651693517","4.88481498423481e-05","0.3766338649628","0.35829956687347",NA,"198.08490014582","204.830385871968","1.05019264839967e-07","70","No gap","1.0140201989471","0.0145860836985677","0.010113069775399","0.989886930224601","0.00137932438776051","0.0023752250864724","0.037340963980211","0.00708757850855257","0.161841812778003","0.0609680124994137","0.01","0.1","","","","0.69929362915466","","","","","","","","",""
"42845","MZMSLMoMDifferenceL0","BAA10YB_IndexMoMPercentChangeL0",NA,"0",NA,"-0.00261455898042612","0.121279634786641","-7.17224039937348","3.56354742600909e-08","-0.0867252990308435","-0.603886583643032","0.212018129901745","0.00015264889592421","0.376576047209037","0.358240048597538",NA,"198.091392405914","204.836878132062","1.05350953627514e-07","70","No gap","1.00000060725201","0.026568144026662","0.0126902377563391","0.987309762243661","0.00598988648616815","0.00661060117736491","0.0240410478728164","0.000875516007287414","0.308647998648918","0.0431295995192612","0.01","0.1","","","","0.84701422172925","","","","","","","","",""
"33203","USFIREMoMDifferenceL0","BAA10YB_IndexMoMPercentChangeL0",NA,"0",NA,"-0.0115934587481289","0.122656317566578","-6.99362999276055","7.51803448214457e-08","-0.113503564141031","-0.588847987298436","0.125879801537844","9.32825639012504e-05","0.376413046294946","0.358072253538915",NA,"198.109692268396","204.855177994544","1.0629154001407e-07","70","No gap","1.00964713934267","0.051855619305782","0.0315740736274948","0.968425926372505","0.014589474840943","0.0890142555532133","0.00870539625008559","0.000113289610630507","0.270273605379097","0.0479390575208427","0.01","0.1","","","","0.785654494997361","","","","","","","","",""
"19113","CUMFNSMoMPercentChangeL1","BAA10YB_IndexMoMPercentChangeL0",NA,"0",NA,"-31.1675170032948","0.123310889025839","-6.9362599280867","1.00193313735585e-07","-0.153123460428344","-0.584017556299177","0.140819444277722","0.00191297959832261","0.376336239610183","0.357993187834012",NA,"198.118313579058","204.863799305206","1.06737568450477e-07","70","No gap","1.0169632149898","0.0179094980914787","0.0128850210210161","0.987114978978984","0.000300612266469028","0.000491310048939061","0.0337710133772367","0.00415125490831225","0.201982866960781","0.060238784989144","0.01","0.1","","","","0.85364747576253","","","","","","","","",""
"29519","USCONSMoMPercentChangeL0","BAA10YB_IndexMoMPercentChangeL0",NA,"0",NA,"-29.0338006384214","0.129052966414182","-6.88080149134698","1.37467447677457e-07","-0.123631242426157","-0.579348080092014","0.114926400547543","0.00100001820446508","0.375680899844177","0.357318573369006",NA,"198.191830274339","204.937316000487","1.10617831339255e-07","70","No gap","1.02671656750918","0.0217313001602865","0.0141182620679889","0.985881737932011","0.00912064675074563","0.0541585008449292","0.00730342640941267","0.000164016660966992","0.170937191605057","0.0656373609856262","0.01","0.1","","","","0.754805770286633","","","","","","","","",""
"17713","IPFUELSMoMDifferenceL1","BAA10YB_IndexMoMPercentChangeL0",NA,"0",NA,"-0.0924525725945387","0.133711415156169","-7.23476811471388","2.99267184004848e-08","-0.147758169153265","-0.60915127728091","0.145762153586893","1.21975667656357e-05","0.375172183455471","0.356794894733573",NA,"198.248845423961","204.99433115011","1.13723990002867e-07","70","No gap","1.00132966679206","0.00460261675548135","0.00326436519316595","0.996735634806834","0.00454447792359992","0.0585819918491975","0.013010566726296","0.000638722107298428","0.201265165804627","0.0373852628474156","0.01","0.1","","","","0.852460692470097","","","","","","","","",""
"41109","BUSLOANSMoMPercentChangeL1","BAA10YB_IndexMoMPercentChangeL0",NA,"0",NA,"-20.7539630862788","0.136171475980371","-7.10209588196056","4.80531449431038e-08","-0.10362025111221","-0.597980572323964","0.0806565609569695","0.000891504988223288","0.374911303662584","0.356526342005601",NA,"198.278065912817","205.023551638965","1.15349561236044e-07","70","No gap","1.0015557454444","0.010332775052928","0.00517515183864322","0.994824848161357","0.00989675646699647","0.0972707668875264","0.00616683336271758","8.25266047164153e-05","0.36735224655682","0.0367846085276391","0.01","0.1","","","","0.720143114231451","","","","","","","","",""
"23721","UEMP5TO14MoMDifferenceL0","BAA10YB_IndexMoMPercentChangeL0",NA,"0",NA,"0.00187341094139231","0.139791697946708","-7.34723516443556","2.293563058892e-08","0.145093919039175","-0.618620751064132","0.106071372458349","0.000160432397697578","0.37453664989081","0.356140669005246",NA,"198.320008613056","205.065494339204","1.17723581882778e-07","70","No gap","1.01043470476213","0.0223219866179306","0.016457169525122","0.983542830474878","0.00991776643491834","0.0867163630093311","0.010246805227596","0.000297049941958782","0.181026998080144","0.0818324053555444","0.01","0.1","","","","0.735447203255257","","","","","","","","",""
"44741","USGG2YR_IndexMoMPercentChangeL0","BAA10YB_IndexMoMPercentChangeL0",NA,"0",NA,"-1.18100743765663","0.142058865163391","-7.72021962209357","1.97398390250745e-08","-0.147355411090294","-0.650025207321165","0.124704344992917","0.00264185721501878","0.374307414059495","0.355904690943597",NA,"198.345659306002","205.09114503215","1.19199463965991e-07","70","No gap","1.10235116372706","0.0184167410186591","0.0120418294075034","0.987958170592497","0.00480472686348857","0.000390415434158153","0.0193877010065555","0.00860121338870545","0.104011076771037","0.0393107376605473","0.01","0.1","","","","0.760325504469625","","","","","","","","",""
"36143","HOUSTMoMDifferenceL0","BAA10YB_IndexMoMPercentChangeL0",NA,"0",NA,"-0.00168289889280111","0.143582454977015","-7.32180188023758","2.44343690711294e-08","-0.14466798464418","-0.616479325477438","0.111152752651974","2.94538760970803e-06","0.374155614352015","0.355748426538839",NA,"198.362639994255","205.108125720403","1.20186658403298e-07","70","No gap","1.00778728171807","0.0117347255198092","0.00885500607169675","0.991144993928303","0.00666969689001121","0.0283952553630682","0.0132614393948124","0.000286270435039371","0.0899382060350393","0.0585563779721697","0.01","0.1","","","","0.743426352352306","","","","","","","","",""
"18185","IPFUELSMoMPercentChangeL1","BAA10YB_IndexMoMPercentChangeL0",NA,"0",NA,"-9.8267115694061","0.146519331876325","-7.22634426242977","3.15485394909694e-08","-0.143055982382139","-0.608442007778816","0.146926033568913","0.00230973166263951","0.373867955718636","0.355452307357419",NA,"198.39480690125","205.140292627398","1.22079191755553e-07","70","No gap","1.00106820153067","0.00477962693396054","0.00339232816074264","0.996607671839257","0.00460280957348941","0.0607691263917902","0.0125769308226575","0.000576423351146271","0.212781015028726","0.0380224527985991","0.01","0.1","","","","0.870733188776801","","","","","","","","",""
"16521","IPB51222SMoMDifferenceL0","BAA10YB_IndexMoMPercentChangeL0",NA,"0",NA,"0.0319601063210082","0.147424517419634","-7.09876404740942","4.98754969200857e-08","0.142980008850131","-0.597700039314428","0.0540121468887607","0.000266851146754527","0.373780577806952","0.355362359507156",NA,"198.404574852167","205.150060578315","1.22659764456579e-07","70","No gap","1.00180801865374","0.00358484355730292","0.00232550935201873","0.997674490647981","0.0107649654523293","0.0537752910328717","0.00868074097307082","0.000534509033203068","0.0550719323968759","0.0240550778398582","0.01","0.1","","","","0.710007656855984","","","","","","","","",""
"40917","BUSLOANSMoMDifferenceL1","BAA10YB_IndexMoMPercentChangeL0",NA,"0",NA,"-0.0102702598680539","0.153273427552125","-7.11583688708507","4.7076203137554e-08","-0.100799505162436","-0.599137534190605","0.14560097704087","1.63617663666531e-05","0.373229927082016","0.354795513172664",NA,"198.46610059261","205.211586318758","1.26380640730339e-07","70","No gap","1.00108298334022","0.00957524999707878","0.00481229820940835","0.995187701790592","0.0102887016438425","0.0891245523577579","0.00614381747716793","6.78057097893703e-05","0.349012502653634","0.0374771244440279","0.01","0.1","","","","0.73550657258269","","","","","","","","",""
"29159","USCONSMoMDifferenceL0","BAA10YB_IndexMoMPercentChangeL0",NA,"0",NA,"-0.00413832036147138","0.155037174071585","-6.94044961657791","1.07874109614142e-07","-0.115397164679958","-0.584370318689812","0.148067944905654","0.000443600028124758","0.373068443093509","0.354629279655083",NA,"198.484133398804","205.229619124952","1.27492444379484e-07","70","No gap","1.01916754939676","0.0197305765744733","0.0125538981151288","0.987446101884871","0.0100105821450174","0.0573663900985544","0.00743136913128303","0.000153390480146065","0.173969927053658","0.0654927044919232","0.01","0.1","","","","0.773809988863742","","","","","","","","",""
"8851","IPCONGDMoMPercentChangeL0","BAA10YB_IndexMoMPercentChangeL0",NA,"0",NA,"-13.9074597379788","0.159748648336497","-6.94770978032284","1.05095990949741e-07","-0.13867958047268","-0.584981608222298","0.118122147590256","0.00199895841655881","0.372646907743777","0.354195346206829",NA,"198.531184083211","205.276669809359","1.30439601009336e-07","70","No gap","1.01838503896984","0.0136086168114525","0.00885225900493831","0.991147740995062","0.0260347974017248","0.224359839736767","0.00550214431088068","1.2470591936431e-05","0.074238605398165","0.0718002320874798","0.01","0.1","","","","0.688651519311895","","","","","","","","",""
"33047","USTRADEMoMPercentChangeL1","BAA10YB_IndexMoMPercentChangeL0",NA,"0",NA,"-66.5194713043709","0.162436747669573","-6.94048425265502","1.10081076085683e-07","-0.133836636030181","-0.584373234969957","0.275652278294453","0.00151962494664576","0.372412573059292","0.353954119325742",NA,"198.557326243503","205.302811969651","1.32106433681223e-07","70","No gap","1.01984454256026","0.0244506179351598","0.0175120727047285","0.982487927295272","0.000479125517565061","0.00106673651987675","0.0478707501586909","0.00380582629730142","0.361237797974802","0.0452206258757609","0.01","0.1","","","","0.940608688734917","","","","","","","","",""
"39801","M2SLMoMPercentChangeL0","BAA10YB_IndexMoMPercentChangeL0",NA,"0",NA,"-31.2521796826597","0.163386309477775","-7.14032461036077","4.3591129094922e-08","-0.0720861268338236","-0.601199345664666","0.236822950385865","0.000841465772548202","0.372330829889957","0.353869971945544",NA,"198.566443139403","205.311928865551","1.32692725363093e-07","70","No gap","1.00034958467105","0.0236235987750049","0.0111830552566433","0.988816944743357","0.00897126950495514","0.0813238896847877","0.0151238800273383","0.000263962292049724","0.254075683026369","0.0499083126970168","0.01","0.1","","","","0.804471566768137","","","","","","","","",""
"11249","IPNCONGDMoMPercentChangeL1","BAA10YB_IndexMoMPercentChangeL0",NA,"0",NA,"-15.3567012338781","0.165342428448623","-6.9375474682984","1.12752081906535e-07","-0.137371507426961","-0.584125964302319","0.260499135360842","0.00161532967971866","0.3721641013101","0.353698339583926",NA,"198.585034861489","205.330520587637","1.33896402410016e-07","70","No gap","1.02063229117537","0.0114542958029257","0.00726156859058564","0.992738431409414","0.00245972009553042","0.00755834161334584","0.0207821783893197","0.00431490231941267","0.139507108392609","0.0509294838799021","0.01","0.1","","","","0.702425466364715","","","","","","","","",""
"32727","USTRADEMoMDifferenceL1","BAA10YB_IndexMoMPercentChangeL0",NA,"0",NA,"-0.00416795474479176","0.171083474516174","-6.94622262112367","1.09171694873724e-07","-0.131328842367206","-0.58485639274734","0.242866266443693","0.000316111904749467","0.371687266396765","0.353207480114317",NA,"198.638178963514","205.383664689662","1.37397644262016e-07","70","No gap","1.01964208678256","0.0238524461337793","0.017136052419437","0.982863947580563","0.000516489119704301","0.00111920705152096","0.0463159354406237","0.00346501429788248","0.349620398537157","0.0452561201339101","0.01","0.1","","","","0.951113316526118","","","","","","","","",""
"40525","AMBSLMoMDifferenceL1","BAA10YB_IndexMoMPercentChangeL0",NA,"0",NA,"0.00193724414413501","0.172769926842359","-6.83923922021933","2.05590338905559e-07","0.137382020874648","-0.575848629917154","0.221189219278351","7.58056682274724e-05","0.371550608692527","0.353066803065837",NA,"198.653402272914","205.398887999062","1.38417352246734e-07","70","No gap","1.04314343923929","0.00539388840101187","0.00306206345307958","0.99693793654692","0.00950285106158298","0.0190315245649498","0.0210249815172168","0.00327643635996955","0.0376082386491036","0.0565284390456091","0.01","0.0727544965087086","","Fail","","0.72026903986355","","","","","","","","",""
"36947","HOUSTNEMoMPercentChangeL0","BAA10YB_IndexMoMPercentChangeL0",NA,"0",NA,"-0.465764640377168","0.173529551497099","-7.23926246336567","3.19488015028621e-08","-0.132600518873887","-0.609529691374959","0.073953148504176","0.00114011582464712","0.371489544800869","0.353003943177366",NA,"198.660203560053","205.405689286201","1.38875367650115e-07","70","No gap","1.00184398453691","0.00774677405403821","0.00533000630918137","0.994669993690819","0.0107770870588903","0.120514615782715","0.00457562915354683","4.00473111560329e-05","0.146545870388541","0.0484217166312387","0.01","0.1","","","","0.689845778859218","","","","","","","","",""
"17001","IPB51222SMoMPercentChangeL0","BAA10YB_IndexMoMPercentChangeL0",NA,"0",NA,"3.01799723327543","0.178247334818282","-7.11724355952789","4.88905850330311e-08","0.132833147343196","-0.599255972860881","0.0127692716820234","0.00242283203844578","0.371116934923056","0.352620374185498",NA,"198.701690480082","205.44717620623","1.41702201861271e-07","70","No gap","1.00115526420532","0.00372657911591619","0.00241987975320225","0.997580120246798","0.0102775323800902","0.0506318615327734","0.00828197829549445","0.000524695530591535","0.0554551904661611","0.0265489075523883","0.01","0.1","","","","0.708432199169761","","","","","","","","",""
"10721","IPNCONGDMoMDifferenceL1","BAA10YB_IndexMoMPercentChangeL0",NA,"0",NA,"-0.150491231638577","0.179105325894377","-6.93811585462557","1.16599750029088e-07","-0.133272799503668","-0.584173821158502","0.283584902394517","6.47669071546649e-05","0.371050370819205","0.352551852313888",NA,"198.709099235309","205.454584961457","1.42213041232075e-07","70","No gap","1.02187343704989","0.0111194635941843","0.00705582913731888","0.992944170862681","0.00286991037821239","0.00940050917936679","0.0196674446267271","0.00355828316027806","0.138984221067824","0.0504817843122336","0.01","0.1","","","","0.701952725509018","","","","","","","","",""
"8311","IPCONGDMoMDifferenceL0","BAA10YB_IndexMoMPercentChangeL0",NA,"0",NA,"-0.130473589209796","0.184988021628326","-6.95470261944875","1.07904913888689e-07","-0.131042074369074","-0.585570389620379","0.181489764646593","0.000150396329939072","0.370603516039324","0.352091854746363",NA,"198.758815025869","205.504300752017","1.45688953456791e-07","70","No gap","1.01937440230335","0.0129710899825194","0.00843999540625196","0.991560004593748","0.0252955938978978","0.219356754988417","0.00577102714278548","1.54094338594701e-05","0.0768832204925897","0.0705112687683839","0.01","0.1","","","","0.68897792746601","","","","","","","","",""
"39909","M2SLMoMPercentChangeL1","BAA10YB_IndexMoMPercentChangeL0",NA,"0",NA,"-29.4999566075594","0.186454863259297","-7.19122676093654","3.77580096409488e-08","-0.066731809458899","-0.60548519277793","0.175923088298626","0.00108843503461709","0.370494608874288","0.351979744429414",NA,"198.770926377393","205.516412103541","1.46548517321321e-07","70","No gap","1.00017370697403","0.0193806652202481","0.00943140339906683","0.990568596600933","0.00683830963112668","0.10773330808745","0.0102774920378802","8.67173702168156e-05","0.410007110424051","0.0441614306049796","0.01","0.1","","","","0.762675876503644","","","","","","","","",""
"6668","IPFPNSSMoMPercentChangeL0","BAA10YB_IndexMoMPercentChangeL0",NA,"0",NA,"-15.807477246989","0.189048696527073","-6.93479642426567","1.21921966417976e-07","-0.129762853511009","-0.583894332554097","0.18792020522772","0.00196891374689235","0.370304398312272","0.351783939439104",NA,"198.79207429503","205.537560021178","1.48061598759242e-07","70","No gap","1.02353175740783","0.00989296311464522","0.00642141199846283","0.993578588001537","0.0255711871585128","0.231616413615747","0.00654606981905198","3.8743229167526e-05","0.0698476665556235","0.0675278745500511","0.01","0.1","","","","0.690271072854255","","","","","","","","",""
"38913","ISRATIOMoMPercentChangeL0","BAA10YB_IndexMoMDifferenceL0",NA,"0",NA,"-45.2171395104749","0.0088153850221073","-0.0409286094519642","4.10894824992243e-06","-0.268729703803829","-0.501514306931155","0.0394317731742061","0.00126979746939362","0.370119081374459","0.35159317200312",NA,"198.812671988828","205.558157714976","1.49550329675563e-07","70","No gap","1.04764369592239","0.0323477704090191","0.0222465602896043","0.977753439710396","0.0686917787808039","0.287152447897662","0.00154936303023481","0.000207661832434591","0.0166839228327715","0.0908748147526135","0.01","0.1","","","","0.546485100504966","","","","","","","","",""
"39586","M2SLMoMDifferenceL0","BAA10YB_IndexMoMPercentChangeL0",NA,"0",NA,"-0.00236428310479286","0.196542313217663","-7.11736093879902","5.02422414696898e-08","-0.065007319018678","-0.599265855932708","0.214497824608089","8.65684437545686e-05","0.369771224393957","0.351235083934956",NA,"198.85131940082","205.596805126968","1.52384143081719e-07","70","No gap","1.00124838568721","0.0212411633537","0.0101993534128885","0.989800646587111","0.00898937569045244","0.0891311137441613","0.013247684451181","0.000190454193604972","0.256500744519854","0.0497912647396243","0.01","0.1","","","","0.826465500427191","","","","","","","","",""
"41898","WPSFD49502MoMDifferenceL0","BAA10YB_IndexMoMDifferenceL0",NA,"0",NA,"0.182873510050418","0.00902792901596016","-0.0407099261002241","4.7776962071802e-06","0.269018206969868","-0.498834694038025","0.0618355823403075","0.001252801909151","0.369721877976182","0.351184286151952",NA,"198.856800131235","205.602285857383","1.52790340601783e-07","70","No gap","1.05249173443654","0.0523673419245175","0.0457449013581917","0.954255098641808","0.00915375468332343","0.104144073372464","0.0190562062161182","0.00485950280876735","0.0154565666338052","0.085313120692815","0.01","0.1","","","","0.642462734976748","","","","","","","","",""
"24137","UEMP5TO14MoMPercentChangeL0","BAA10YB_IndexMoMPercentChangeL0",NA,"0",NA,"3.58328202505579","0.202200462469344","-7.33985410217326","2.69413657250366e-08","0.126191978981688","-0.617999282147164","0.195260838264835","0.00254521332413568","0.369383894827629","0.350836362322559",NA,"198.894327182204","205.639812908352","1.55600851425852e-07","70","No gap","1.01278957798967","0.0185244025801264","0.0133676825539528","0.986632317446047","0.0102080637787178","0.0859016877811287","0.0122790178204056","0.000327601459361948","0.169576290782107","0.0751026085074779","0.01","0.1","","","","0.746810291715815","","","","","","","","",""
"6111","IPFPNSSMoMDifferenceL0","BAA10YB_IndexMoMPercentChangeL0",NA,"0",NA,"-0.150850998655853","0.208456501538768","-6.94171932545125","1.22971687196982e-07","-0.12449195632362","-0.584477225334186","0.244642060655641","0.000106973962189463","0.368969955496488","0.350410248305208",NA,"198.940260432548","205.685746158696","1.59111389397282e-07","70","No gap","1.02414873362468","0.00972263848581764","0.00632719142384432","0.993672808576156","0.0247662877130141","0.224812332368588","0.00656592628886342","4.15873844140657e-05","0.070251146557402","0.0665595572792167","0.01","0.1","","","","0.690612759851814","","","","","","","","",""
"25561","UEMP15T26MoMDifferenceL1","BAA10YB_IndexMoMPercentChangeL0",NA,"0",NA,"-0.00170983999690873","0.209473381346897","-7.3894335578719","2.57379744131269e-08","-0.12352623303057","-0.622173761313165","0.119418498876323","1.30839391985961e-06","0.368904034513477","0.350342388469756",NA,"198.947572648251","205.6930583744","1.59677501665456e-07","70","No gap","1.02208208290048","0.00637857105351898","0.00444182102926197","0.995558178970738","0.0186541066611791","0.088196922646862","0.00813505821570332","8.76677511792989e-05","0.0855184264091207","0.0476851522588903","0.01","0.1","","","","0.788837025538895","","","","","","","","",""
"40725","AMBSLMoMPercentChangeL1","BAA10YB_IndexMoMPercentChangeL0",NA,"0",NA,"6.67471883271061","0.213715581858951","-6.87039979257715","1.93859774427928e-07","0.125309543094541","-0.578472280344037","0.261217255970144","0.00168251257846617","0.36863298837989","0.350063370391063",NA,"198.977630131103","205.723115857251","1.62025789229858e-07","70","No gap","1.04247980287256","0.00540096793459484","0.00302491720373872","0.996975082796261","0.0105874412693227","0.0216931939068538","0.0194080275837877","0.0021980558592779","0.039296594843605","0.0535574644627447","0.01","0.0742885645502854","","Fail","","0.719457511830929","","","","","","","","",""
"42621","WPSID62MoMDifferenceL1","BAA10YB_IndexMoMPercentChangeL0",NA,"0",NA,"0.0208844900469837","0.215157115319992","-7.10858336401621","5.34521916457051e-08","0.121680092490128","-0.598526803788176","0.118171034789558","3.99924778506615e-05","0.368542309606137","0.349970024594553",NA,"198.987683013603","205.733168739751","1.62818868054693e-07","70","No gap","1.00183493742522","0.0254854245652399","0.0178968619857968","0.982103138014203","0.0169846891065173","0.156274559077448","0.0117211018846408","0.000266570160024182","0.126818024858844","0.0361418524435886","0.01","0.1","","","","0.713634059385407","","","","","","","","",""
"41560","WPSFD49207MoMDifferenceL0","BAA10YB_IndexMoMDifferenceL0",NA,"0",NA,"0.257384929039685","0.00979741595313136","-0.0408587842217843","4.46701629420074e-06","0.264877757132558","-0.50065871099499","0.0640271865185445","0.00127688521970238","0.368358004206518","0.349780298447887",NA,"199.008111136903","205.753596863051","1.64442436001444e-07","70","No gap","1.05038751494831","0.0519068489811074","0.0440119027372099","0.95598809726279","0.0084064297451751","0.0920711970439906","0.0164051370679036","0.00371498044680618","0.0141525478775382","0.0856756089469058","0.01","0.1","","","","0.614434086594032","","","","","","","","",""
"39693","M2SLMoMDifferenceL1","BAA10YB_IndexMoMPercentChangeL0",NA,"0",NA,"-0.0021899185642738","0.230137118290344","-7.19864721475548","3.90506068101469e-08","-0.0589987177022738","-0.606109978375774","0.189004118359555","1.92378587660789e-05","0.367640195163954","0.349041377374658",NA,"199.087615198299","205.833100924447","1.70916790720455e-07","70","No gap","1.00039072074292","0.0180493897631433","0.00874747155117275","0.991252528448827","0.00725838084632717","0.103471656502371","0.0103830187262294","8.66582082812428e-05","0.36744552339734","0.0452315094752199","0.01","0.1","","","","0.777327610050715","","","","","","","","",""
"38681","ISRATIOMoMDifferenceL0","BAA10YB_IndexMoMDifferenceL0",NA,"0",NA,"-32.8971677506581","0.0103756582382329","-0.0410167907431363","4.11478791194863e-06","-0.263405941290867","-0.502594826883301","0.0410000382705492","0.00139562355129672","0.367401724475684","0.348795892842615",NA,"199.114008086152","205.8594938123","1.73121946001054e-07","70","No gap","1.04779991210681","0.0300207724300014","0.0205933072799771","0.979406692720023","0.0717635501772287","0.300638633564892","0.00137953785573692","0.000157089763065499","0.0158768438869895","0.0895889542351412","0.01","0.1","","","","0.54603261016158","","","","","","","","",""
"42064","WPSFD49502MoMPercentChangeL0","BAA10YB_IndexMoMDifferenceL0",NA,"0",NA,"37.5972144430119","0.010384235595302","-0.0407965258488987","4.75274350954362e-06","0.264241405779272","-0.499895834729549","0.0647774841525968","0.00133742846677212","0.367387943727294","0.348781706778097",NA,"199.115532974723","205.861018700871","1.73250218060694e-07","70","No gap","1.05248802654552","0.0481539624583896","0.0423529865959077","0.957647013404092","0.00969324535815833","0.107430077215714","0.0163223054780097","0.0037394539056419","0.0160368520461683","0.0853208745508476","0.01","0.1","","","","0.632434130666971","","","","","","","","",""
"11769","IPBUSEQMoMDifferenceL1","BAA10YB_IndexMoMPercentChangeL0",NA,"0",NA,"-0.0605812970860007","0.240942818324862","-6.87852903252367","2.0006722338831e-07","-0.118559198444363","-0.579156744146917","0.0488401481672641","0.000235922507445981","0.36703151600872","0.34841479589133",NA,"199.154961426988","205.900447153136","1.76600100876279e-07","70","No gap","1.04515578339428","0.0102321222991256","0.00759355169643076","0.992406448303569","0.0113042759102766","0.0703181338052142","0.00770513143043355","7.43495914781178e-05","0.225870097183505","0.0435908046485748","0.01","0.1","","","","0.898097009820127","","","","","","","","",""
"12289","IPBUSEQMoMPercentChangeL1","BAA10YB_IndexMoMPercentChangeL0",NA,"0",NA,"-6.44329523214496","0.243990270820463","-6.88457504018863","1.93862509633241e-07","-0.117722848622542","-0.579665804455853","0.0501748506823811","0.00307904014497388","0.366865722143907","0.348244125736375",NA,"199.17329417367","205.918779899818","1.78179654475308e-07","70","No gap","1.04386538587682","0.0103043297151531","0.00765192047622402","0.992348079523776","0.0112427290804343","0.0678844086196428","0.00774703739108849","7.33513623151216e-05","0.235964089619788","0.0436101902020527","0.01","0.1","","","","0.8887205925746","","","","","","","","",""
"41730","WPSFD49207MoMPercentChangeL0","BAA10YB_IndexMoMDifferenceL0",NA,"0",NA,"50.2092703951857","0.010756962690719","-0.040915618422505","4.45380200290131e-06","0.261691795653291","-0.50135512275112","0.0669270146501463","0.00133620440209234","0.366799834395073","0.348176300112575",NA,"199.180578414332","205.92606414048","1.78811181306138e-07","70","No gap","1.05039011555311","0.0493185044629014","0.0420442321929813","0.957955767807019","0.00872872470283123","0.0939130186426833","0.0148075353604603","0.00314413349485965","0.0145591869514505","0.0855674347698126","0.01","0.1","","","","0.608262764302513","","","","","","","","",""
"43767","INVESTMoMPercentChangeL0","BAA10YB_IndexMoMDifferenceL0",NA,"0",NA,"-43.6990089293839","0.0110075225979325","-0.0454729280134969","3.04235102882341e-07","-0.215730519800953","-0.557197624893282","0.076811069161703","0.000259073476126625","0.366415824028719","0.347780995323681",NA,"199.223017723986","205.968503450134","1.82535335735423e-07","70","No gap","1.00005402969622","0.0476065282905681","0.027211847810941","0.972788152189059","0.0165226567654066","0.065860654311947","0.00902326130527354","0.00103381712773598","0.0887269600575947","0.0289968187430587","0.01","0.1","","","","0.677351520941061","","","","","","","","",""
"27314","PAYEMSMoMPercentChangeL0","BAA10YB_IndexMoMDifferenceL0",NA,"0",NA,"-179.639930754925","0.0114904391798589","-0.0443234083575294","5.66144176477297e-07","-0.127376596992987","-0.543112109619598","0.0916972656757596","0.000251746275070832","0.36569974557617","0.347043855740175",NA,"199.302087228755","206.047572954903","1.89681995665936e-07","70","No gap","1.0039239663737","0.0148693557970987","0.00627226503610269","0.993727734963897","0.0629303307349323","0.0827847387772048","0.00125413950711983","7.58623880836584e-06","0.150550071361773","0.082727781546843","0.01","0.1","","","","0.786630594949409","","","","","","","","",""
"45333","AAIIBULL_IndexMoMPercentChangeL1","BAA10YB_IndexMoMPercentChangeL0",NA,"0",NA,"-0.478229525325737","0.274300229784556","-7.14569600313509","4.91283266439749e-08","-0.107510211363307","-0.601651604910212","0.241289530150585","0.00121721507817332","0.365341863288267","0.346675447502628",NA,"199.341571203947","206.087056930095","1.93354809829849e-07","70","No gap","1.00038361424427","0.0112182540038963","0.00816722203623129","0.991832777963769","0.0119615418332774","0.110138857547954","0.00863146019253796","0.000119130066544737","0.173407377627378","0.0620427560814228","0.01","0.1","","","","0.788424250149913","","","","","","","","",""
"36683","HOUSTNEMoMDifferenceL0","BAA10YB_IndexMoMPercentChangeL0",NA,"0",NA,"-0.00358176635176931","0.277288546161837","-7.24274022071125","3.64025475588063e-08","-0.10768498487617","-0.609822510757079","0.186627220476279","0.000117466077040537","0.36520285443318","0.346532350151803",NA,"199.356901590185","206.102387316333","1.94799939623458e-07","70","No gap","1.00317934953562","0.00978995238173739","0.00712549931290869","0.992874500687091","0.00872725961783624","0.106002169546941","0.00812188001228909","8.96232282773246e-05","0.120981373329917","0.0556292556353971","0.01","0.1","","","","0.692748925273208","","","","","","","","",""
"28795","CES1021000001MoMPercentChangeL0","BAA10YB_IndexMoMPercentChangeL0",NA,"0",NA,"9.75778351506166","0.277603777560627","-7.23566968049828","3.70440265487859e-08","0.10642484555776","-0.609227187101434","0.0633132444893681","0.00177828527999109","0.365188298788623","0.346517366400053",NA,"199.358506643776","206.103992369924","1.94951864429527e-07","70","No gap","1.00258823937454","0.0138615864301161","0.00745977713243518","0.992540222867565","0.0180505870374122","0.0753314435545129","0.00661461223311473","1.88829774728783e-05","0.177320006323775","0.0397593120961138","0.01","0.1","","","","0.687359598669444","","","","","","","","",""
"42773","WPSID62MoMPercentChangeL1","BAA10YB_IndexMoMPercentChangeL0",NA,"0",NA,"3.64272966081197","0.288885852501275","-7.11158985188666","5.73325789477582e-08","0.104597110602851","-0.598779943335619","0.217504764398028","0.00155011750357654","0.364680486191524","0.345994618138334",NA,"199.414480205044","206.159965931192","2.00324757559933e-07","70","No gap","1.0022631928337","0.0199139209304854","0.013929508799864","0.986070491200136","0.0166536260393706","0.151300998078934","0.010666616686893","0.000183820392568368","0.1385552287119","0.0392994657592667","0.01","0.1","","","","0.706509990151333","","","","","","","","",""
"39479","M1SLMoMPercentChangeL1","BAA10YB_IndexMoMPercentChangeL0",NA,"0",NA,"-11.6672211964038","0.296061863992392","-7.19187172982903","4.26008666835814e-08","-0.087664082400708","-0.605539497714652","0.188182192322698","0.00168879783837764","0.36437022644206","0.345675233102121",NA,"199.448656522084","206.194142248232","2.03677887444798e-07","70","No gap","1.00029409933872","0.0121533926099147","0.00748943209938188","0.992510567900618","0.0117408840421693","0.073278211054829","0.00766997241615028","4.13157083474225e-05","0.216653665109999","0.0475795272953371","0.01","0.1","","","","0.713215664981501","","","","","","","","",""
"44445","ism_man_pmiMoMPercentChangeL1","BAA10YB_IndexMoMPercentChangeL0",NA,"0",NA,"-4.15432534214797","0.300395222828065","-7.37486257020549","3.20914759188801e-08","-0.103754910057269","-0.620946916774749","0.082719717199151","0.00142841315826282","0.364187427001691","0.345487057207623",NA,"199.46878478185","206.214270507998","2.05678927001074e-07","70","No gap","1.02814727551213","0.00851454336790496","0.00539011791072478","0.994609882089275","0.00769732975736779","0.0693505286224676","0.00931535494756092","0.000100931110990188","0.295683554200182","0.0524692264070181","0.01","0.1","","","","0.728105374314604","","","","","","","","",""
"20921","CE16OVMoMPercentChangeL1","BAA10YB_IndexMoMPercentChangeL0",NA,"0",NA,"-51.3739376744749","0.301111754657229","-7.0579343504176","7.53286151715911e-08","-0.0882958731104802","-0.594262270241638","0.375488103397091","0.000981159695613128","0.36415752244718","0.345456273107391",NA,"199.472077056457","206.217562782605","2.06008092251686e-07","70","No gap","1.00864295413567","0.0185397397767424","0.0115535805465516","0.988446419453448","0.0165490920193419","0.0956539761224877","0.0117264672385995","8.81464958725209e-05","0.073890152731228","0.063725947592633","0.01","0.1","","","","0.810941641593025","","","","","","","","",""
"7767","IPFINALMoMPercentChangeL0","BAA10YB_IndexMoMPercentChangeL0",NA,"0",NA,"-14.2067048686067","0.302068122332912","-7.02464422111252","9.06962594420084e-08","-0.102301956116008","-0.591459315887677","0.400412901493426","0.00144283730194116","0.364117748753486","0.345415329599177",NA,"199.47645561181","206.221941337958","2.06446681416672e-07","70","No gap","1.01454868925399","0.0129886143817697","0.00866879617324077","0.991331203826759","0.0314361044750571","0.0868236475476005","0.00742864853701397","9.93134377914595e-05","0.0537277078402539","0.0741255611885237","0.01","0.1","","","","0.691081627853016","","","","","","","","",""
"18417","CUMFNSMoMDifferenceL0","BAA10YB_IndexMoMPercentChangeL0",NA,"0",NA,"-0.272268322284338","0.303025045192893","-7.17748009214883","4.48957824415269e-08","-0.10197699865537","-0.604327754043527","0.392747535275368","0.000140026274574446","0.364078111781579","0.345374526833978",NA,"199.480818843456","206.226304569604","2.06884664510909e-07","70","No gap","1.00003023110973","0.0128596097127502","0.00867685003386959","0.99132314996613","0.0174404642051297","0.0602111701444643","0.0137758649837826","0.000775885982740032","0.0425249560389183","0.0630766870888098","0.01","0.1","","","","0.691025922053067","","","","","","","","",""
"18881","CUMFNSMoMPercentChangeL0","BAA10YB_IndexMoMPercentChangeL0",NA,"0",NA,"-20.5941314648181","0.307171289102277","-7.17824034103669","4.49312286673589e-08","-0.101115609518257","-0.604391765297758","0.409579766068583","0.00128394494781207","0.363908192209411","0.345199609627335",NA,"199.499520481905","206.245006208053","2.08772494181275e-07","70","No gap","1.00003818177011","0.0128025231987886","0.00864144583786781","0.991358554162132","0.0174699820295669","0.062436169139317","0.0135782586179183","0.000749040599652084","0.0436672706472878","0.0628608456251723","0.01","0.1","","","","0.691275290436771","","","","","","","","",""
"9121","IPCONGDMoMPercentChangeL1","BAA10YB_IndexMoMPercentChangeL0",NA,"0",NA,"-10.0304036273862","0.308733501732233","-7.06047329031379","7.50100643434154e-08","-0.100148564673753","-0.594476043296446","0.492136921715584","0.0017085228593586","0.363844927897945","0.345134484600825",NA,"199.506482183877","206.251967910025","2.09479631974041e-07","70","No gap","1.00852094384499","0.0142246247442849","0.00993811109985042","0.99006188890015","0.000962813161632846","0.00503085042514735","0.0245798771279393","0.00223040078207759","0.139359755572081","0.0524871308130232","0.01","0.1","","","","0.699524151080638","","","","","","","","",""
"20473","CE16OVMoMDifferenceL1","BAA10YB_IndexMoMPercentChangeL0",NA,"0",NA,"-0.000336753574872656","0.310023037539592","-7.05355278000541","7.7967653852829e-08","-0.0867431182309866","-0.593893351822864","0.358993866303715","1.44066797218764e-05","0.363793013904408","0.345081043725126",NA,"199.512194362303","206.257680088451","2.1006163741788e-07","70","No gap","1.00967420383811","0.0181498185893678","0.0113266467373272","0.988673353262673","0.0162160387554804","0.102938028370693","0.0115193794288955","8.41975059550082e-05","0.0757306883882168","0.0636015773829202","0.01","0.1","","","","0.819401149066182","","","","","","","","",""
"26933","PAYEMSMoMDifferenceL0","BAA10YB_IndexMoMDifferenceL0",NA,"0",NA,"-0.00123894032531742","0.0129838274416004","-0.0443736912649494","5.70859811690456e-07","-0.124334874368611","-0.543728245808999","0.124000105130946","0.0010625642763236","0.363661993152236","0.344946169421419",NA,"199.526608709514","206.272094435662","2.11537492744718e-07","70","No gap","1.00374836097209","0.0142403109290211","0.00600226663275907","0.993997733367241","0.0660691694845002","0.0925274696705081","0.00114952018377395","6.36507130680197e-06","0.149297799321474","0.0824073809181592","0.01","0.1","","","","0.80380561051233","","","","","","","","",""
"45013","USGG30YR_IndexMoMPercentChangeL0","BAA10YB_IndexMoMPercentChangeL0",NA,"0",NA,"2.35349991284679","0.314345231895702","-6.42080968596991","1.57978088515097e-05","0.118000008153004","-0.540617799958457","0.170471281289542","0.00305501793823221","0.36362101167654","0.344903982608203",NA,"199.531116708245","206.276602434393","2.12001182609001e-07","70","No gap","1.4027517880941","0.00904460717210762","0.00607295356272791","0.993927046437272","0.0112519806981921","0.0666525766054258","0.0133212300112955","0.000173594751701311","0.12588891266104","0.0685841286348529","0.01","0.1","","","","0.708210545326846","","","","","","","","",""
"44397","ism_man_pmiMoMPercentChangeL0","BAA10YB_IndexMoMPercentChangeL0",NA,"0",NA,"4.05421857777829","0.31949727469008","-6.90614683179853","2.0822289158991e-07","0.101068822641574","-0.581482101012156","0.135284158463337","0.00215929772966565","0.363419922501977","0.344696979046153",NA,"199.553232489835","206.298718215983","2.14290764244396e-07","70","No gap","1.05122965271113","0.00856830786078755","0.00671969123915442","0.993280308760846","0.00890281752799248","0.0429102551859505","0.00481859407295782","0.000159763423622006","0.0763958677001036","0.0496838040045142","0.01","0.1","","","","0.686122627924418","","","","","","","","",""
"30911","DMANEMPMoMPercentChangeL0","BAA10YB_IndexMoMPercentChangeL0",NA,"0",NA,"-47.6474772785831","0.319556553943684","-6.90559176667903","2.09136817719556e-07","-0.0925463054286791","-0.581435365771834","0.424981846426422","0.000642319338210286","0.363417633210086","0.344694622422147",NA,"199.553484225869","206.298969952017","2.14316967506178e-07","70","No gap","1.05145725773241","0.0100943942398949","0.00532731991781127","0.994672680082189","0.00907412480075993","0.0552511851953439","0.016848307823774","0.000386308803471569","0.198066460380921","0.0608398735914976","0.01","0.1","","","","0.846142931737111","","","","","","","","",""
"7219","IPFINALMoMDifferenceL0","BAA10YB_IndexMoMPercentChangeL0",NA,"0",NA,"-0.134448794671034","0.320148331775135","-7.02535680414542","9.27775059845116e-08","-0.0986884666172116","-0.59151931378364","0.432652853222044","8.24832945956288e-05","0.363394809594232","0.344671127523474",NA,"199.555993915979","206.301479642127","2.14578377621955e-07","70","No gap","1.01551647850074","0.0125622800741461","0.00839734522985713","0.991602654770143","0.0304336505632393","0.0871959866404368","0.00750020919597031","9.83259895277477e-05","0.0555313325664377","0.0731035757255384","0.01","0.1","","","","0.691609475199061","","","","","","","","",""
"44301","ism_man_pmiMoMDifferenceL0","BAA10YB_IndexMoMPercentChangeL0",NA,"0",NA,"0.0726288138238899","0.323509218287766","-6.91174717884678","2.01976312750312e-07","0.100192356837711","-0.581953637694959","0.288847057624701","3.86010513139228e-06","0.363266217405592","0.344538753211639",NA,"199.570132261582","206.31561798773","2.16057000623771e-07","70","No gap","1.04989935115441","0.00874678024539197","0.00684739668570513","0.993152603314295","0.00865665922352176","0.0414540281502088","0.00502809976070852","0.000174355845517282","0.0760248341102474","0.0498534492044046","0.01","0.1","","","","0.685922720925294","","","","","","","","",""
"8581","IPCONGDMoMDifferenceL1","BAA10YB_IndexMoMPercentChangeL0",NA,"0",NA,"-0.0964469208404824","0.325069536033504","-7.06093755901251","7.6278157574462e-08","-0.0969742209112754","-0.594515133681423","0.506646990327307","3.34887971274082e-05","0.363207106347697","0.344477903593218",NA,"199.576630396459","206.322116122607","2.16740005054561e-07","70","No gap","1.00903507145679","0.0138358131488835","0.00953329937672734","0.990466700623273","0.00119003318217574","0.00593184774338979","0.0235388470235721","0.00187578649552578","0.142063901168311","0.0520200762256307","0.01","0.1","","","","0.699445347842577","","","","","","","","",""
"44349","ism_man_pmiMoMDifferenceL1","BAA10YB_IndexMoMPercentChangeL0",NA,"0",NA,"-0.0710476079442812","0.328238332655037","-7.35015451382627","3.40859175469481e-08","-0.0979069894799016","-0.618866553746677","0.168988283965514","0.000131154559525764","0.363088190591519","0.344355490314799",NA,"199.589701091631","206.335186817779","2.18120382755593e-07","70","No gap","1.02437427684738","0.00851950768799214","0.00545578051029743","0.994544219489703","0.00786624697991423","0.06839060951333","0.00926307886437271","9.75394445377198e-05","0.27966139362942","0.0521087673032319","0.01","0.1","","","","0.727607237740456","","","","","","","","",""
"30567","DMANEMPMoMDifferenceL0","BAA10YB_IndexMoMPercentChangeL0",NA,"0",NA,"-0.00601343088696574","0.329021790363744","-6.91025008947254","2.07654519740367e-07","-0.0908094544056919","-0.581827586121493","0.414982335087456","0.000466884906569338","0.363059020838106","0.344325462627463",NA,"199.592906929476","206.338392655624","2.18460287193523e-07","70","No gap","1.05163289862674","0.0100424913972623","0.00530968556935201","0.994690314430648","0.00921656696847273","0.0566446458867825","0.0166602344724871","0.000374046150406815","0.196843549664438","0.0603792801174163","0.01","0.1","","","","0.850347843577376","","","","","","","","",""
"39031","ISRATIOMoMPercentChangeL1","BAA10YB_IndexMoMPercentChangeL0",NA,"0",NA,"-16.4009141897401","0.334837580994048","-6.91629872502215","2.01681168636315e-07","-0.0974721722788298","-0.582336867692434","0.330865599754325","0.00130706368678034","0.36284529781425","0.344105453632316",NA,"199.616391212532","206.36187693868","2.20966454023142e-07","70","No gap","1.05045473280899","0.0190728115641508","0.01373922323376","0.98626077676624","0.0173097043018432","0.175296498727243","0.0114054475584907","0.000201280474748877","0.0661812148552606","0.0454360942711927","0.01","0.1","","","","0.699204046022307","","","","","","","","",""
"44949","USGG30YR_IndexMoMDifferenceL0","BAA10YB_IndexMoMPercentChangeL0",NA,"0",NA,"0.807927559037888","0.34081557678353","-6.40249433998238","2.50230041769581e-05","0.114327200628516","-0.539075688832676","0.201147781193868","0.00260824517880237","0.362630654104412","0.343884496872189",NA,"199.639968735221","206.385454461369","2.23511493424589e-07","70","No gap","1.47119232223892","0.00922519859069607","0.00642000428133332","0.993579995718667","0.0106859863142462","0.0430286086290802","0.0135817298814632","0.000175357119634789","0.122581826075845","0.0655166205014178","0.01","0.1","","","","0.709199997892484","","","","","","","","",""
"45293","AAIIBULL_IndexMoMDifferenceL1","BAA10YB_IndexMoMPercentChangeL0",NA,"0",NA,"-0.0129702031317503","0.341015190791805","-7.12258974213517","5.71476880825086e-08","-0.0944156554439623","-0.599706109466804","0.242795833874293","5.27936588391121e-06","0.362623572992327","0.343877207492102",NA,"199.640746424163","206.386232150311","2.23595937431931e-07","70","No gap","1.00185892696742","0.0111748204783242","0.00834701929793268","0.991652980702067","0.0110853724811882","0.101366778917059","0.0103362712878154","0.000157520126189969","0.170210413531329","0.0616318051855837","0.01","0.1","","","","0.791605075562703","","","","","","","","",""
"28427","CES1021000001MoMDifferenceL0","BAA10YB_IndexMoMPercentChangeL0",NA,"0",NA,"0.0117225013508155","0.341677459173453","-7.19872059004133","4.32479310787915e-08","0.0930154899541557","-0.606116156410562","0.158492696657566","0.000147356564881398","0.362600119034444","0.343853063711928",NA,"199.643322212624","206.388807938772","2.23875852745081e-07","70","No gap","1.00062311847896","0.0137537718661662","0.0074306455464174","0.992569354453583","0.0176253582569578","0.0825475054319492","0.00663219700897963","1.82163514005351e-05","0.17776727180153","0.0394643971779439","0.01","0.1","","","","0.69537357629454","","","","","","","","",""
"41647","WPSFD49207MoMDifferenceL1","BAA10YB_IndexMoMPercentChangeL0",NA,"0",NA,"0.0907722140335342","0.343595061806168","-7.17657276738234","4.64184767024944e-08","0.0932328942841984","-0.604251359329606","0.361240813763426","0.00032951120966581","0.362532547360623","0.343783504635935",NA,"199.650742619512","206.39622834566","2.24684201466374e-07","70","No gap","1.00002663149319","0.0205034109226491","0.0152640028562518","0.984735997143748","0.012221168940186","0.0800333735354372","0.0163442243049365","0.000584066357887991","0.0777712881391585","0.0444730380048945","0.01","0.1","","","","0.722937274305842","","","","","","","","",""
"38799","ISRATIOMoMDifferenceL1","BAA10YB_IndexMoMPercentChangeL0",NA,"0",NA,"-11.9417246871274","0.344069870165434","-6.92491545014565","1.93844195698973e-07","-0.0956167794045505","-0.58306237665578","0.334991682108973","0.00136224027750636","0.36251589375559","0.34376636121899",NA,"199.652571320131","206.398057046279","2.24883860422409e-07","70","No gap","1.04891931724663","0.0186404249053543","0.013383365535669","0.986616634464331","0.017626612080409","0.176638006591391","0.0109565744610999","0.000186248990195925","0.0672199729525203","0.0454060574101117","0.01","0.1","","","","0.699119482608424","","","","","","","","",""
"45469","SPX_Index_30DRSIMoMPercentChangeL1","BAA10YB_IndexMoMPercentChangeL0",NA,"0",NA,"-0.778302602765023","0.346138236763861","-7.24858881876249","3.85084397896893e-08","-0.0933077730581993","-0.610314949618523","0.325188111358754","0.00136736444529341","0.362443702972328","0.343692047177397",NA,"199.660497900059","206.405983626207","2.25751344062886e-07","70","No gap","1.00493309446207","0.0145385995483427","0.0115145814559523","0.988485418544048","0.00935481122774796","0.0884261444027579","0.00940693026470874","0.000258811128995728","0.195463026256874","0.0455424182276613","0.01","0.1","","","","0.760677691976506","","","","","","","","",""
"22233","UEMPMEANMoMDifferenceL1","BAA10YB_IndexMoMPercentChangeL0",NA,"0",NA,"-0.110267193793245","0.347052738216923","-7.20618933110191","4.25092297472469e-08","-0.0906454320754408","-0.606745007686041","0.376126412203233","2.59000609941058e-05","0.36241196812514","0.34365937895235",NA,"199.663982116321","206.409467842469","2.2613371419844e-07","70","No gap","1.00102393496527","0.0118208862835302","0.00797694788582602","0.992023052114174","0.012381936339514","0.0699474206025256","0.0119241473369135","0.000290166938113678","0.083114565114657","0.0793234643374834","0.01","0.1","","","","0.703488943075192","","","","","","","","",""
"25961","UEMP15T26MoMPercentChangeL1","BAA10YB_IndexMoMPercentChangeL0",NA,"0",NA,"-1.48953443234808","0.347931954538981","-7.29933238547816","3.60258198145967e-08","-0.0930607790620834","-0.61458744432582","0.289418183090542","0.00248574684681387","0.362381562995112","0.343628079553792",NA,"199.667320178281","206.412805904429","2.2650065212293e-07","70","No gap","1.01357218937349","0.00763036836721139","0.00547554058126692","0.994524459418733","0.0177091209853021","0.100551497626981","0.00813545369460943","0.000102613944807262","0.102963874976215","0.0490847869854204","0.01","0.1","","","","0.824628497105713","","","","","","","","",""
"45453","SPX_Index_30DRSIMoMDifferenceL1","BAA10YB_IndexMoMPercentChangeL0",NA,"0",NA,"-0.0143777314629671","0.352573473170371","-7.26791177493619","3.75362321609904e-08","-0.0924716592514502","-0.611941899266033","0.372079765451982","1.55763286026748e-06","0.36222273986809","0.343464585158328",NA,"199.684754169902","206.43023989605","2.28426789483649e-07","70","No gap","1.00789619829148","0.0130353117114724","0.0100020609298331","0.989997939070167","0.00954167269939502","0.0879408720612714","0.00892934449096078","0.000288683092935949","0.178086626439825","0.0456651183761777","0.01","0.1","","","","0.753802442627084","","","","","","","","",""
"41817","WPSFD49207MoMPercentChangeL1","BAA10YB_IndexMoMPercentChangeL0",NA,"0",NA,"17.5535234355816","0.353537064050561","-7.17646644836661","4.67471164070488e-08","0.0913303962956936","-0.604242407506519","0.379885570370884","0.00181145089147427","0.362190119863595","0.343431005741936",NA,"199.688334325648","206.433820051797","2.28824353909474e-07","70","No gap","1.00002672794982","0.0199974924423603","0.014843596013525","0.985156403986475","0.0124191895163749","0.0821383870315137","0.0160474469406313","0.000545903620135957","0.0791175783012947","0.044615775184492","0.01","0.1","","","","0.721059744206594","","","","","","","","",""
"39255","M1SLMoMDifferenceL1","BAA10YB_IndexMoMPercentChangeL0",NA,"0",NA,"-0.00330985183623197","0.355007224512516","-7.20093625963762","4.33827108217523e-08","-0.0782330711839235","-0.60630271082989","0.249383876445893","2.30126301031529e-05","0.362140581450885","0.343380010317088",NA,"199.693770983715","206.439256709863","2.29429400366854e-07","70","No gap","1.00076706436676","0.0120375129133822","0.00744932915662087","0.992550670843379","0.0120952626286381","0.0671200849785342","0.00814378504490403","5.29235728726762e-05","0.197366641073598","0.0484884442678353","0.01","0.1","","","","0.718077083646651","","","","","","","","",""
"34575","CES0600000007MoMDifferenceL1","BAA10YB_IndexMoMPercentChangeL0",NA,"0",NA,"-0.470775924950128","0.360215124935855","-7.12345556252775","5.7761619634963e-08","-0.0907261100731675","-0.599779009605368","0.303884864272999","0.00185061003436795","0.361967304194278","0.343201636670581",NA,"199.712784202624","206.458269928772","2.31557992669273e-07","70","No gap","1.00194056904836","0.00722811302592","0.0051353741484156","0.994864625851584","0.00982600309385398","0.0258229240736279","0.0120087046010135","0.000111346783180033","0.125282885173561","0.0641766324671482","0.01","0.1","","","","0.809657869682007","","","","","","","","",""
"34871","CES0600000007MoMPercentChangeL1","BAA10YB_IndexMoMPercentChangeL0",NA,"0",NA,"-19.3296436119169","0.36038533576919","-7.1244688303841","5.75086786797455e-08","-0.0906845035561075","-0.599864324490259","0.315397327892953","0.0021461703168152","0.361961698344321","0.343195865942684",NA,"199.713399230311","206.458884956459","2.31627175772964e-07","70","No gap","1.00185975351508","0.00724744591773476","0.00515174976107244","0.994848250238928","0.00987979385280066","0.026254559126186","0.0119247019349909","0.000110053348285066","0.125345075187848","0.0640484706155864","0.01","0.1","","","","0.808674234274062","","","","","","","","",""
"22665","UEMPMEANMoMPercentChangeL1","BAA10YB_IndexMoMPercentChangeL0",NA,"0",NA,"-2.88299069037349","0.363051097622523","-7.2186304357706","4.1649319387598e-08","-0.0882736553720908","-0.607792520844659","0.319078677831116","0.00184319981199275","0.361874369537686","0.343105968641735",NA,"199.72297953002","206.468465256168","2.32707515479547e-07","70","No gap","1.00199905615545","0.0115069575558429","0.00781876081986393","0.992181239180136","0.0126451152194367","0.0934364873494346","0.0117211877206563","0.000269066314407485","0.0871739864380488","0.0759173587442786","0.01","0.1","","","","0.715791912120295","","","","","","","","",""
"41983","WPSFD49502MoMDifferenceL1","BAA10YB_IndexMoMPercentChangeL0",NA,"0",NA,"0.0607939824464471","0.365500446025248","-7.18123443765765","4.63762043820374e-08","0.0894316959727618","-0.604643861529737","0.385734686047001","0.000459209402518986","0.36179489770901","0.343024159406334",NA,"199.731696750207","206.477182476355","2.33694906204285e-07","70","No gap","1.00009568523468","0.0204394164341674","0.0150433707216793","0.984956629278321","0.0125399564343552","0.087282195408482","0.0171140052666325","0.000574583720863941","0.0812507899760373","0.0456684296674004","0.01","0.1","","","","0.729037943222591","","","","","","","","",""
"14813","IPNMATMoMDifferenceL1","BAA10YB_IndexMoMPercentChangeL0",NA,"0",NA,"0.0623321025754173","0.366110010641431","-7.48284611108014","4.66033448848692e-08","0.0926720523076512","-0.630038889151214","0.0668563362709648","4.66928392776601e-05","0.361775232780236","0.343003916097302",NA,"199.73385361765","206.479339343798","2.33939858262922e-07","70","No gap","1.08626060910976","0.00401316019820326","0.00290396300259254","0.997096036997407","0.0222097036770063","0.0902695701563134","0.00659331013903905","3.7106838456924e-05","0.075785946945466","0.0462294723279412","0.01","0.1","","","","0.694033311486755","","","","","","","","",""
"21141","UNRATEMoMDifferenceL0","BAA10YB_IndexMoMPercentChangeL0",NA,"0",NA,"0.771460830954741","0.368527056030968","-7.35140887415158","3.70100425030729e-08","0.0840302128327478","-0.618972168077671","0.400223956733343","0.00192180284663661","0.36169769683351","0.342924099681555",NA,"199.742357183933","206.487842910081","2.34908099083775e-07","70","No gap","1.02918429157197","0.0169214765763935","0.0113235362640552","0.988676463735945","0.007790869251488","0.0853841490479611","0.019120896300842","0.000832893430649184","0.193898534938076","0.0617354357776137","0.01","0.1","","","","0.700875693951262","","","","","","","","",""
"31585","SRVPRDMoMPercentChangeL0","BAA10YB_IndexMoMDifferenceL0",NA,"0",NA,"-180.133039338414","0.0146106824441596","-0.0452565153272132","3.69027851115613e-07","-0.120165200754372","-0.554545835354718","0.106896792804654","0.0003512526481331","0.361693691333268","0.342919976372482",NA,"199.742796449365","206.488282175513","2.34958223765958e-07","70","No gap","1.00033813013499","0.0169953830486448","0.00720137762576937","0.992798622374231","0.0578292335581843","0.0719810719616894","0.00151223270858694","9.58435223397114e-06","0.151158547689286","0.0732068995598876","0.01","0.1","","","","0.737439003545969","","","","","","","","",""
"6945","IPFPNSSMoMPercentChangeL1","BAA10YB_IndexMoMPercentChangeL0",NA,"0",NA,"-10.6941162134941","0.372691290400684","-7.05661279050154","8.26421832392159e-08","-0.0878027867855318","-0.594150997855557","0.520035774954543","0.0017611656878136","0.361565739111631","0.342788260850209",NA,"199.756826951345","206.502312677493","2.36564889011248e-07","70","No gap","1.01187916320105","0.0160386019186448","0.0112602372698274","0.988739762730173","0.00113386315506021","0.00351643788007313","0.0229823573788692","0.00146903658440145","0.184777498150376","0.0585986770634152","0.01","0.1","","","","0.710069018339591","","","","","","","","",""
"41385","REALLNMoMPercentChangeL0","BAA10YB_IndexMoMPercentChangeL0",NA,"0",NA,"-24.8383421569185","0.373611996181919","-7.11483769611929","6.06880999582825e-08","-0.0577796266653126","-0.599053404548383","0.321786995077813","0.00163172019224621","0.361536837679554","0.342758509376011",NA,"199.759995726235","206.505481452383","2.36929270980291e-07","70","No gap","1.00286574937655","0.0129592077483675","0.00606584678454391","0.993934153215456","0.00935399832179988","0.163557129583237","0.0084594299263823","4.89868491031498e-05","0.156193941601691","0.0405660045835571","0.01","0.1","","","","0.772864729054212","","","","","","","","",""
"40219","M2REALMoMPercentChangeL0","BAA10YB_IndexMoMDifferenceL0",NA,"0",NA,"-60.2972554330771","0.0148511244402292","-0.0432828086206704","1.1152906950025e-06","-0.183179006204392","-0.530361232841434","0.101645245147755","0.000299221709678606","0.361421584093103","0.342639865978195",NA,"199.772630790294","206.518116516442","2.38387784179395e-07","70","No gap","1.01361672357414","0.0713220276096777","0.0396728111523316","0.960327188847668","0.0123772189084813","0.0860613166866384","0.00664332416704975","0.0010112843160468","0.0813255100309459","0.0683113295172348","0.01","0.1","","","","0.717516081575881","","","","","","","","",""
"45437","SPX_Index_14DRSIMoMPercentChangeL1","BAA10YB_IndexMoMPercentChangeL0",NA,"0",NA,"-0.388661345577776","0.377692306251634","-7.16677540781607","4.90775916950128e-08","-0.0866562617022769","-0.603426443589509","0.289142842731965","0.000911743853488247","0.36140993137946","0.34262787053768",NA,"199.773908131483","206.519393857631","2.38535731278411e-07","70","No gap","1.00001528060044","0.017825707575159","0.013751448098888","0.986248551901112","0.0101367463755262","0.0828692037156582","0.0106052272566835","0.000204816387573414","0.215255473837649","0.0494568469835141","0.01","0.1","","","","0.740633582370054","","","","","","","","",""
"15309","IPNMATMoMPercentChangeL1","BAA10YB_IndexMoMPercentChangeL0",NA,"0",NA,"5.69779475956377","0.381090118796104","-7.46741711998274","4.76671931675312e-08","0.0896252575635538","-0.6287398026449","0.0705624328554777","0.00187409106020725","0.361305696981703","0.342520570422342",NA,"199.785333007605","206.530818733753","2.39863099382731e-07","70","No gap","1.08295338674578","0.00400566385275054","0.00292592327153435","0.997074076728466","0.022015907474186","0.086066471386383","0.00657647038328086","3.59690785343147e-05","0.076988339209925","0.0461164821346828","0.01","0.1","","","","0.695182594325828","","","","","","","","",""
"25161","UEMP15OVMoMPercentChangeL1","BAA10YB_IndexMoMPercentChangeL0",NA,"0",NA,"-2.68941255298982","0.38237344608583","-7.4555446076946","4.62630847686674e-08","-0.0841970236845991","-0.627740163691697","0.12031874772229","0.00130000009225104","0.361266665087343","0.342480390531088",NA,"199.789610717786","206.535096443934","2.40361991865612e-07","70","No gap","1.07685592263498","0.00866398244956344","0.00563233291683351","0.994367667083166","0.0140111906461325","0.0885737807758601","0.00657160833865156","4.62412673717383e-05","0.120779525572742","0.0579844515946012","0.01","0.1","","","","0.694802839296077","","","","","","","","",""
"42149","WPSFD49502MoMPercentChangeL1","BAA10YB_IndexMoMPercentChangeL0",NA,"0",NA,"12.2730526859293","0.382763445989866","-7.18085619852629","4.69284293042687e-08","0.0862594117406202","-0.604612014641719","0.413590437413525","0.00177744418854714","0.361254839655645","0.342468217292576",NA,"199.790906677321","206.536392403469","2.40513339133663e-07","70","No gap","1.00009547440555","0.0196117434072385","0.0143916074650693","0.985608392534931","0.0127577471178063","0.0903329955241598","0.0167280772678102","0.000518242015313586","0.0832198001604349","0.045862474235182","0.01","0.1","","","","0.726160382564795","","","","","","","","",""
"25361","UEMP15T26MoMDifferenceL0","BAA10YB_IndexMoMPercentChangeL0",NA,"0",NA,"0.00116989729107144","0.388198663184877","-7.19296048401866","4.53580448624106e-08","0.0844087395735986","-0.605631168379799","0.431692614527743","1.43132691980783e-05","0.361091773910234","0.342300355495829",NA,"199.808774750716","206.554260476864","2.42609785261472e-07","70","No gap","1.00047582680952","0.0093495315627445","0.00722581125724423","0.992774188742756","0.00443507503586049","0.0200589657622695","0.0152954790612566","0.000843286799270038","0.105162622256769","0.0497260255752382","0.01","0.1","","","","0.760455236811215","","","","","","","","",""
"43647","INVESTMoMDifferenceL0","BAA10YB_IndexMoMDifferenceL0",NA,"0",NA,"-0.0134314217682039","0.0151716713408044","-0.0455791905958549","3.17129072256724e-07","-0.206806747160387","-0.558499701999188","0.0810284263765909","0.000248491649018704","0.361065618942538","0.342273431264377",NA,"199.811640280052","206.5571260062","2.42947691631024e-07","70","No gap","1.00000563549479","0.0410741622049962","0.0236332331007003","0.9763667668993","0.019644705474797","0.109970346163126","0.00636924858135888","0.000520802387367736","0.0796563971720142","0.0313617873349318","0.01","0.1","","","","0.703805412924137","","","","","","","","",""
"35015","AWOTMANMoMDifferenceL0","BAA10YB_IndexMoMPercentChangeL0",NA,"0",NA,"-0.780952758082433","0.390016709315507","-7.30601136548299","3.81381898451602e-08","-0.0859695073597476","-0.615149799488607","0.344277286384625","0.00137658828831906","0.361037944703681","0.342244943077319",NA,"199.814672132501","206.56015785865","2.4330572334641e-07","70","No gap","1.01788929257559","0.0160247799713868","0.0128429136529877","0.987157086347012","0.0103709506246769","0.0543359618807198","0.0122216994064376","0.000476028093947978","0.176941729630353","0.0653093536384135","0.01","0.1","","","","0.703574564573173","","","","","","","","",""
"43997","ism_man_emplMoMPercentChangeL0","BAA10YB_IndexMoMPercentChangeL0",NA,"0",NA,"-2.0575616941195","0.390989905201324","-7.2094937982565","4.34359849525853e-08","-0.0850380613607464","-0.60702323642206","0.202085681639675","0.00221583926908417","0.361009275440481","0.342215430600495",NA,"199.817812856409","206.563298582557","2.43677168110246e-07","70","No gap","1.00146944034092","0.00774612320975661","0.00519688020507651","0.994803119794924","0.0134549510531515","0.0394132297872941","0.0115103043690228","0.000203158652928415","0.131967844736371","0.0424402558104209","0.01","0.1","","","","0.806905727755518","","","","","","","","",""
"43589","DTCTHFNMMoMPercentChangeL1","BAA10YB_IndexMoMPercentChangeL0",NA,"0",NA,"-4.6245589716895","0.391957709719684","-7.28459391510376","3.85828510954087e-08","-0.0851593645143515","-0.61334649811837","0.0167037662366504","0.00192872754165659","0.360980864934327","0.342186184491219",NA,"199.820925094419","206.566410820567","2.44045803343695e-07","70","No gap","1.01277346115098","0.0115032451557889","0.00710152138337337","0.992898478616627","0.0115697148291095","0.0934432560944065","0.0124870199196854","0.000155838383693485","0.112408040054954","0.0484054338767634","0.01","0.1","","","","0.754526767062703","","","","","","","","",""
"6391","IPFPNSSMoMDifferenceL1","BAA10YB_IndexMoMPercentChangeL0",NA,"0",NA,"-0.102226910760616","0.392305591105415","-7.05975189031684","8.29968338233161e-08","-0.084375852929371","-0.594415303031851","0.532344418889974","4.02404125858844e-05","0.360970676918635","0.342175696828007",NA,"199.82204111016","206.567526836308","2.44178127828398e-07","70","No gap","1.01219501281429","0.0155190039872268","0.0108597461924493","0.989140253807551","0.0013259541562182","0.00402226693753198","0.0223399557531022","0.00129495648334776","0.181994917163589","0.0581063964299878","0.01","0.1","","","","0.710041195887316","","","","","","","","",""
"1487","W875RX1MoMDifferenceL0","BAA10YB_IndexMoMPercentChangeL0",NA,"0",NA,"0.000652480783877636","0.393010961840547","-7.31641305686127","3.83083160104709e-08","0.0828743031878686","-0.616025598614231","0.18158508420326","3.78459083378581e-05","0.360950058760057","0.342154472253",NA,"199.824299610303","206.569785336451","2.44446134778364e-07","70","No gap","1.02101079404242","0.00740097338923153","0.00436018953813588","0.995639810461864","0.0203570636370942","0.0346141430364436","0.00666758533792475","3.24355632919104e-05","0.0651367184628116","0.0537297504889377","0.01","0.1","","","","1.66917194312341","","","","","","","","",""
"297","RPIMoMDifferenceL0","BAA10YB_IndexMoMPercentChangeL0",NA,"0",NA,"0.000562151103288549","0.401075202993899","-7.32718111191419","3.89836574029333e-08","0.0814380340437284","-0.616932244741006","0.191927608061713","6.27237185777237e-05","0.360718021729502","0.341915610603899",NA,"199.849711777627","206.595197503775","2.47482043969072e-07","70","No gap","1.02507154774371","0.00733777075748004","0.00428567418799291","0.995714325812007","0.0203713542664739","0.0346397823734341","0.00695820656860168","3.33359644861808e-05","0.0688492425505538","0.0537464509884685","0.01","0.1","","","","1.90880875237401","","","","","","","","",""
"43461","DTCTHFNMMoMDifferenceL1","BAA10YB_IndexMoMPercentChangeL0",NA,"0",NA,"-5.0482359120237e-06","0.402083012002316","-7.28526352407087","3.90592412863099e-08","-0.0833837871603508","-0.613402877694208","0.00578832425344513","1.94544440617195e-05","0.360689492288482","0.341886242061672",NA,"199.85283562028","206.598321346428","2.47857832258447e-07","70","No gap","1.01348766130072","0.0114852950263926","0.00708235994790222","0.992917640052098","0.0113717213407416","0.0952923944334984","0.0124615724355338","0.000156343956389526","0.112450868267572","0.048597525641856","0.01","0.1","","","","0.75912283424652","","","","","","","","",""
"35303","AWOTMANMoMPercentChangeL0","BAA10YB_IndexMoMPercentChangeL0",NA,"0",NA,"-3.3321826164566","0.402158190336952","-7.29718174800838","3.88886423035306e-08","-0.0837307794173253","-0.614406365465943","0.359096465378338","0.00144660291671062","0.360687368226898","0.341884055527689",NA,"199.853068189684","206.598553915832","2.47885832416195e-07","70","No gap","1.01644864883702","0.0158814623150957","0.0127556348805268","0.987244365119473","0.0105252503383253","0.0537650141569023","0.012181762518867","0.000437389039636193","0.18276294094065","0.0653960918644251","0.01","0.1","","","","0.703960102517548","","","","","","","","",""
"43885","ism_man_emplMoMDifferenceL0","BAA10YB_IndexMoMPercentChangeL0",NA,"0",NA,"-0.0369360122450852","0.407786478974015","-7.20619055710049","4.42662855896095e-08","-0.0821227083539288","-0.606745110912376","0.216722590261743","0.000150426005557397","0.360529954415365","0.34172201189817",NA,"199.870301715065","206.615787441213","2.49969486443291e-07","70","No gap","1.00131937939415","0.00787752027512218","0.00529858554630243","0.994701414453698","0.0132441313012283","0.0412928648570388","0.0119378000586999","0.000218502070050031","0.130927496855901","0.0428899224531975","0.01","0.1","","","","0.818923131305591","","","","","","","","",""
"2079","W875RX1MoMPercentChangeL0","BAA10YB_IndexMoMPercentChangeL0",NA,"0",NA,"7.7061420179512","0.408169997776287","-7.31224742480019","3.9251327538501e-08","0.0801331697905064","-0.615674861721154","0.224085409447971","0.00161748455541098","0.360519342299163","0.341711087660904",NA,"199.871463367554","206.616949093702","2.50110566923922e-07","70","No gap","1.02113652394168","0.00734679512497688","0.00432263227084066","0.995677367729159","0.0203549445617411","0.03115442785199","0.00663553075144335","3.13984466924211e-05","0.0652950765666912","0.0536618443752108","0.01","0.1","","","","1.5788009014052","","","","","","","","",""
"12029","IPBUSEQMoMPercentChangeL0","BAA10YB_IndexMoMPercentChangeL0",NA,"0",NA,"-4.44674768839932","0.413617559220548","-7.10781409680436","6.47043634127281e-08","-0.0812350013560754","-0.598462033211256","0.212764522052918","0.0018463748363605","0.360370153034221","0.341557510476404",NA,"199.887792290747","206.633278016895","2.52102128950327e-07","70","No gap","1.00429515383662","0.0103313251305297","0.00723771704305084","0.992762282956949","0.0218041241598977","0.124337305577065","0.0103686822342796","0.000132080771732879","0.130794929043336","0.0606954446128768","0.01","0.1","","","","0.813549813932544","","","","","","","","",""
"21581","UNRATEMoMPercentChangeL0","BAA10YB_IndexMoMPercentChangeL0",NA,"0",NA,"3.64910538241479","0.414417495403738","-7.33260736633724","4.01477315550418e-08","0.077492988763339","-0.617389123214544","0.408814229195481","0.00216046789031498","0.360348486581413","0.341535206774984",NA,"199.890163390247","206.635649116395","2.52392636346244e-07","70","No gap","1.02840573137251","0.0142757989149291","0.00911657366260565","0.990883426337394","0.00916058646826981","0.0959913623944226","0.0184577601090559","0.000627775060140667","0.176336760366309","0.0599537541403607","0.01","0.1","","","","0.697748810923325","","","","","","","","",""
"24549","UEMP15OVMoMDifferenceL0","BAA10YB_IndexMoMPercentChangeL0",NA,"0",NA,"0.00068502946613646","0.417587575572279","-7.16844438118672","4.98878103947864e-08","0.072802135808429","-0.603566967410641","0.407072431250806","2.34038017046317e-06","0.360263222470565","0.34144743489617",NA,"199.899493611276","206.644979337424","2.53539030437011e-07","70","No gap","1.00000625798794","0.0116905546973285","0.00812012683105294","0.991879873168947","0.00945405053859632","0.0636527236872448","0.0144700905232752","0.000491674191516189","0.137727529652928","0.0542274666202022","0.01","0.1","","","","0.709658727302281","","","","","","","","",""
"31249","SRVPRDMoMDifferenceL0","BAA10YB_IndexMoMDifferenceL0",NA,"0",NA,"-0.00144830937261952","0.0159415926785306","-0.0452853600797058","3.72974945394313e-07","-0.11758604876468","-0.554899281422117","0.122981138851265","0.000799352911881176","0.360240571375203","0.341424117592121",NA,"199.901972050318","206.647457776466","2.53844427811067e-07","70","No gap","1.00029475903361","0.0164192143351339","0.00696174500081109","0.993038254999189","0.0606092396585223","0.0806408083203442","0.00139176518859203","8.01597659694231e-06","0.151224046703681","0.0730745051365138","0.01","0.1","","","","0.749404293016177","","","","","","","","",""
"893","RPIMoMPercentChangeL0","BAA10YB_IndexMoMPercentChangeL0",NA,"0",NA,"7.99311574191507","0.418512220505357","-7.32318221139752","4.01719698136467e-08","0.078352511691747","-0.616595546270671","0.239731032020648","0.00157355023621096","0.360238531406941","0.341422017624793",NA,"199.902195255392","206.64768098154","2.53871949573714e-07","70","No gap","1.02563672082966","0.00730539277096763","0.00426184762159427","0.995738152378406","0.0203838788847738","0.0316160104977458","0.00695285278780032","3.25012936482905e-05","0.069314992699269","0.0536933861117733","0.01","0.1","","","","1.80102265763192","","","","","","","","",""
"23929","UEMP5TO14MoMDifferenceL1","BAA10YB_IndexMoMPercentChangeL0",NA,"0",NA,"0.000996895793049821","0.418986903068556","-7.11251364039651","6.34285384192321e-08","0.0799057095952764","-0.598857724259871","0.289695564367565","0.000198579907505771","0.360225886951933","0.341409001274049",NA,"199.903578744625","206.649064470773","2.54042603953231e-07","70","No gap","1.00376370571534","0.00900063136873403","0.0071730249899154","0.992826975010085","0.00976134697244962","0.089326396451569","0.0124673576163272","8.61362452085901e-05","0.251962613148666","0.0628226443215823","0.01","0.1","","","","0.706881924943672","","","","","","","","",""
"4119","CMRMTSPLMoMDifferenceL1","BAA10YB_IndexMoMPercentChangeL0",NA,"0",NA,"3.86546040488259e-06","0.419996287926435","-7.25650604965595","4.07640124713071e-08","0.0786813499771648","-0.610981562733802","0.202451960762325","1.42961751962356e-05","0.360199069213711","0.34138139477882",NA,"199.906512908877","206.651998635026","2.54404914801221e-07","70","No gap","1.00815914510116","0.0081628712030287","0.00485569610967494","0.995144303890325","0.0211445578932955","0.0371144166514013","0.00789870771171955","4.59640384684601e-05","0.074549727067242","0.0512131512103935","0.01","0.1","","","","2.12034493882035","","","","","","","","",""
"41201","REALLNMoMDifferenceL0","BAA10YB_IndexMoMPercentChangeL0",NA,"0",NA,"-0.0056806366515343","0.425773713740407","-7.12453406612146","6.00825381065504e-08","-0.0510266796259285","-0.599869817193288","0.39263263817152","8.37595266454334e-06","0.36004738406923","0.341225248306561",NA,"199.923106666622","206.66859239277","2.56463659420447e-07","70","No gap","1.00244209755351","0.0126564820002535","0.00592254839829296","0.994077451601707","0.00929913361496701","0.168136987907441","0.00884379633739863","5.15507231385604e-05","0.15122581203979","0.042707983295131","0.01","0.1","","","","0.785616292182891","","","","","","","","",""
"13813","IPDMATMoMDifferenceL1","BAA10YB_IndexMoMPercentChangeL0",NA,"0",NA,"-0.0572516737367732","0.43493641794324","-7.27606715854068","4.08336188431294e-08","-0.0779233593412531","-0.61262856430638","0.381663656692292","1.69098089254542e-05","0.359813000063714","0.340983970653823",NA,"199.9487396216","206.694225347748","2.59676666836128e-07","70","No gap","1.01312846692129","0.0124836567268939","0.00815279675529533","0.991847203244705","0.0029378453809334","0.00956582405918784","0.0224559275597967","0.000593523863193113","0.108142674326377","0.0617715638239251","0.01","0.1","","","","0.781178655593058","","","","","","","","",""
"16281","IPMANSICSMoMPercentChangeL1","BAA10YB_IndexMoMPercentChangeL0",NA,"0",NA,"-7.04501342456289","0.435698022903104","-6.87853752815606","4.11988665008214e-07","-0.0807173594736566","-0.579157459460143","0.247219540342141","0.00321111029262849","0.359793851697213","0.340964259100072",NA,"199.950833331109","206.696319057257","2.59940877933573e-07","70","No gap","1.10161054639927","0.0132869955550181","0.011008094579344","0.988991905420656","0.00791515128781203","0.00539771398496553","0.00901536994220388","0.000153394913028237","0.262222977610056","0.0482646463280988","0.01","0.1","","","","0.740486846030315","","","","","","","","",""
"35867","AWHMANMoMPercentChangeL0","BAA10YB_IndexMoMPercentChangeL0",NA,"0",NA,"-22.8976250025519","0.436359339354246","-7.24596991773021","4.18768708851454e-08","-0.0774418537680087","-0.610094444015082","0.331919831823403","0.00172687217190427","0.359777265715413","0.340947185295278",NA,"199.952646815235","206.698132541383","2.60169943921973e-07","70","No gap","1.00673441080513","0.0110665409530887","0.0078055427737859","0.992194457226214","0.0116955956423523","0.0456184546726787","0.012238696693924","0.000158919377699407","0.161591386675659","0.0541426237489374","0.01","0.1","","","","0.742648232604876","","","","","","","","",""
"35587","AWHMANMoMDifferenceL0","BAA10YB_IndexMoMPercentChangeL0",NA,"0",NA,"-0.547400649109513","0.436691120656923","-7.24658263107026","4.18575867569193e-08","-0.0773934625765152","-0.610146033106506","0.339998109567901","0.00160007311181364","0.359768958849736","0.340938634110022",NA,"199.953555056685","206.699040782833","2.60284742092942e-07","70","No gap","1.00685455152058","0.0110842219213549","0.00781519118044249","0.992184808819558","0.0116806598746347","0.0450431144473182","0.0122794720817944","0.000160372577537982","0.160895695682381","0.0541639729638991","0.01","0.1","","","","0.742839135190371","","","","","","","","",""
"37839","HOUSTSMoMDifferenceL1","BAA10YB_IndexMoMPercentChangeL0",NA,"0",NA,"0.00151578034259492","0.437282421069831","-7.2143317892301","4.4210751780354e-08","0.0771010444496589","-0.607430584430222","0.383737871856159","0.000194227723126164","0.359754177982578","0.340923418511477",NA,"199.95517111197","206.700656838119","2.6048913048804e-07","70","No gap","1.00226630302748","0.00721633107589888","0.00591169935284464","0.994088300647155","0.0108355567685764","0.096382229809613","0.0123564563774822","0.000255638567747463","0.0749482141739113","0.0457190861192831","0.01","0.1","","","","0.696113715247634","","","","","","","","",""
"11509","IPBUSEQMoMDifferenceL0","BAA10YB_IndexMoMPercentChangeL0",NA,"0",NA,"-0.0390027150671685","0.442320026755718","-7.12047548552605","6.19194549954567e-08","-0.0763195119275794","-0.599528093793942","0.313399194983644","0.000128883753065844","0.359629468937517","0.340795041553327",NA,"199.968804598941","206.714290325089","2.6221980808927e-07","70","No gap","1.00310372844589","0.0102754697897817","0.00725858888872553","0.992741411111274","0.021095514676648","0.126398289758417","0.0112036950919318","0.000145381645422882","0.130609003554771","0.0603003009296966","0.01","0.1","","","","0.812767066669144","","","","","","","","",""
"33823","USGOVTMoMDifferenceL0","BAA10YB_IndexMoMPercentChangeL0",NA,"0",NA,"-0.00286262607001398","0.44348557679461","-7.37124599619145","4.59976978504892e-08","-0.0740947105707932","-0.620642409339943","0.392584557437579","6.77161839214296e-05","0.359600922434738","0.340765655447524",NA,"199.971924996523","206.717410722671","2.62617535495835e-07","70","No gap","1.04941902816489","0.0121627528585626","0.00762977421489799","0.992370225785102","0.0116544203783788","0.0830942334859836","0.0138804126697944","0.000396930509257931","0.14711822042914","0.0462047349536792","0.01","0.1","","","","0.710525903917032","","","","","","","","",""
"15797","IPMANSICSMoMDifferenceL1","BAA10YB_IndexMoMPercentChangeL0",NA,"0",NA,"-0.0650680359307982","0.444298049280561","-6.88333133795301","4.09007090353258e-07","-0.0793274943112274","-0.579561087512149","0.246386517473814","5.27218308504506e-05","0.3595810911317","0.340745240870868",NA,"199.974092660043","206.719578386191","2.62894181868312e-07","70","No gap","1.10205604420664","0.0129882653221789","0.0106873213220628","0.989312678677937","0.00832775806840733","0.00658869085904388","0.00883142551527791","0.000138765438003619","0.256623428945467","0.0481927763100352","0.01","0.1","","","","0.741862554995686","","","","","","","","",""
"34127","USGOVTMoMPercentChangeL0","BAA10YB_IndexMoMPercentChangeL0",NA,"0",NA,"-63.1446551429621","0.445560847821478","-7.36893963311347","4.60242881707136e-08","-0.0737276177685197","-0.62044821873251","0.428319675791748","0.00268515051675943","0.35955037786374","0.340713624271497",NA,"199.977449645878","206.722935372026","2.6332319003064e-07","70","No gap","1.04872832091256","0.0121533084600761","0.00762403478540537","0.992375965214595","0.0115626936429212","0.0817733154222264","0.0139188819741673","0.000398790601211396","0.147484817363878","0.046230264534411","0.01","0.1","","","","0.709998583614955","","","","","","","","",""
"41477","REALLNMoMPercentChangeL1","BAA10YB_IndexMoMPercentChangeL0",NA,"0",NA,"-21.0528582127224","0.451519430844423","-7.11006883354938","6.57244213355951e-08","-0.0491279318206134","-0.598651876997039","0.319998996412245","0.00194325847660218","0.359407239762323","0.340566276225921",NA,"199.993092636741","206.738578362889","2.65331546067671e-07","70","No gap","1.00470510816458","0.0104128418206215","0.00474885734406395","0.995251142655936","0.0089240260398081","0.0113741228193765","0.00547535175909637","1.5520370178268e-05","0.207398518619044","0.0404147761595769","0.01","0.1","","","","0.732456383851884","","","","","","","","",""
"45349","AAIIBEAR_IndexMoMDifferenceL0","BAA10YB_IndexMoMPercentChangeL0",NA,"0",NA,"0.0125609306192453","0.45528238729622","-7.69650571448981","3.49962881794544e-07","0.0862815087492071","-0.648028549394179","0.516298030271782","0.000240856475373974","0.359318339772368","0.340474761530379",NA,"200.002806401735","206.748292127883","2.66586368535826e-07","70","No gap","1.35807109592745","0.0151056808597589","0.0106260532527604","0.98937394674724","0.01195690605201","0.0760379768738241","0.0172729068111028","0.000752155967996937","0.0894724922422487","0.0548792238570732","0.01","0.1","","","","0.702028216193562","","","","","","","","",""
"1783","W875RX1MoMDifferenceL1","BAA10YB_IndexMoMPercentChangeL0",NA,"0",NA,"-0.000427073551318172","0.457803179633587","-7.34284773712077","4.4896755354941e-08","-0.0723805156798776","-0.618251339507272","0.322703420830994","2.71914128137816e-06","0.359259422480739","0.340414111377232",NA,"200.009243328293","206.754729054441","2.67421156996406e-07","70","No gap","1.03877258902792","0.00880766714080099","0.00442184027727656","0.995578159722723","0.0141536551640352","0.136507221144028","0.0131703325057869","0.000145574979083629","0.135502707730942","0.0494860202903671","0.01","0.1","","","","0.697769889448304","","","","","","","","",""
"4695","CMRMTSPLMoMPercentChangeL1","BAA10YB_IndexMoMPercentChangeL0",NA,"0",NA,"4.56096968829628","0.45849048590838","-7.24959329056422","4.25327570707566e-08","0.0723015282763866","-0.610399523895308","0.31309048541957","0.00183152876955987","0.359243446181494","0.340397665186832",NA,"200.010988694583","206.756474420731","2.67647959240058e-07","70","No gap","1.00815365100655","0.00826903113881526","0.00491658090878649","0.995083419091214","0.0211231946111303","0.0354815982416094","0.00815439024244724","4.86783503124144e-05","0.0750694184889099","0.0511715097977615","0.01","0.1","","","","2.00666232786508","","","","","","","","",""
"595","RPIMoMDifferenceL1","BAA10YB_IndexMoMPercentChangeL0",NA,"0",NA,"-0.000368622669748156","0.461934269562383","-7.33997481448295","4.51004348977406e-08","-0.0715653052148293","-0.618009445853376","0.31626335257026","4.27093346406809e-06","0.359163957567802","0.340315838672737",NA,"200.019671957863","206.765157684012","2.68779171141986e-07","70","No gap","1.0381820589419","0.00891173841283365","0.00446139458394976","0.99553860541605","0.014372039128227","0.147103840221128","0.0128988027643769","0.000132737625690216","0.138443775116701","0.049484933901184","0.01","0.1","","","","0.698122047216251","","","","","","","","",""
"45417","SPX_Index_14DRSIMoMDifferenceL1","BAA10YB_IndexMoMPercentChangeL0",NA,"0",NA,"-0.00636640806195901","0.466350201896739","-7.20085254753951","4.63444792929111e-08","-0.0723051321518337","-0.606295662458653","0.449914825276479","6.32366431475095e-05","0.359063384590136","0.340212307666316",NA,"200.030656914374","206.776142640522","2.70217088482738e-07","70","No gap","1.00122687865963","0.0132053795411308","0.0103133781844025","0.989686621815598","0.0107787300305754","0.0910686672368747","0.0107659689864731","0.000225019424119566","0.183719352940951","0.0499680567878234","0.01","0.1","","","","0.73925790983393","","","","","","","","",""
"14317","IPDMATMoMPercentChangeL1","BAA10YB_IndexMoMPercentChangeL0",NA,"0",NA,"-5.87047673297181","0.46996811877328","-7.27127935987159","4.26259031604687e-08","-0.0721484551126468","-0.612225442377882","0.394077947537165","0.00258088207150539","0.358982104010641","0.340128636481542",NA,"200.039533423675","206.785019149823","2.71384630323723e-07","70","No gap","1.01395804811191","0.0124071783277787","0.00816860044073565","0.991831399559264","0.00328570437996709","0.0123535924979672","0.021350438801164","0.000502743285477947","0.109176416791775","0.0610356960142907","0.01","0.1","","","","0.788850726803222","","","","","","","","",""
"41293","REALLNMoMDifferenceL1","BAA10YB_IndexMoMPercentChangeL0",NA,"0",NA,"-0.00514204194551822","0.471400935226193","-7.11876234336382","6.3620283383111e-08","-0.0463243766120175","-0.599383851059449","0.418535398487646","6.46651347546027e-05","0.358950189056273","0.340095782852046",NA,"200.043018492044","206.788504218192","2.71844405097532e-07","70","No gap","1.00377438045306","0.0102750952784508","0.0046791490707804","0.99532085092922","0.00837864955415808","0.0104038201747162","0.00578236904762731","1.7701669504766e-05","0.203922146856692","0.0422342192631446","0.01","0.1","","","","0.739171032047192","","","","","","","","",""
"24345","UEMP5TO14MoMPercentChangeL1","BAA10YB_IndexMoMPercentChangeL0",NA,"0",NA,"1.966758195614","0.474157183555861","-7.13222850314011","5.95738898402432e-08","0.0708985071880934","-0.600517671563124","0.357123825211882","0.00183562620310443","0.358889229832139","0.340033030709555",NA,"200.049674671863","206.795160398011","2.72724700711713e-07","70","No gap","1.00210039854607","0.00884926470739518","0.00680596627661032","0.99319403372339","0.0099410300598678","0.106961198725222","0.0124261228756977","8.8175227174081e-05","0.222376217526946","0.0595705944404805","0.01","0.1","","","","0.711654766855286","","","","","","","","",""
"44661","USGG2YR_IndexMoMDifferenceL0","BAA10YB_IndexMoMPercentChangeL0",NA,"0",NA,"-0.7329173720316","0.47691116037173","-7.46287543785702","7.81577685794506e-08","-0.0728246507652308","-0.628357403178322","0.503159048934233","0.00523793723604237","0.358828886552984","0.339970912628071",NA,"200.05626297292","206.801748699068","2.73598826261434e-07","70","No gap","1.12173305128409","0.00851117844266889","0.00485082851066054","0.995149171489339","0.00420795323333702","0.00178813751208656","0.0215477406620708","0.000966078507947832","0.131753159351411","0.0530105263790689","0.01","0.1","","","","0.82961095807209","","","","","","","","",""
"39367","M1SLMoMPercentChangeL0","BAA10YB_IndexMoMPercentChangeL0",NA,"0",NA,"-7.76856826617109","0.488541699117741","-7.20426879245074","4.64948815924111e-08","-0.0579564224770116","-0.606583302631521","0.462010061935586","0.00171132493283684","0.358580151001838","0.339714861325421",NA,"200.083413466426","206.828899192574","2.77230774003989e-07","70","No gap","1.00168273455377","0.0162598388711961","0.0106776159177751","0.989322384082225","0.00988942761637758","0.116445090265239","0.0121224089354687","0.000257141000242322","0.117925246790231","0.0580381052805836","0.01","0.1","","","","0.778373998086213","","","","","","","","",""
"31083","DMANEMPMoMPercentChangeL1","BAA10YB_IndexMoMPercentChangeL0",NA,"0",NA,"-32.404378283987","0.489979680739552","-7.10198128500481","7.07844335036337e-08","-0.0629394390045555","-0.597970923516861","0.562258815770847","0.00114288493378516","0.358550070225045","0.339683895819899",NA,"200.08669619147","206.832181917618","2.77673161797054e-07","70","No gap","1.00718040105631","0.0112841256578359","0.00630367004861017","0.99369632995139","0.00552723910047485","0.0319024217468412","0.0176648198728976","0.000403954311952504","0.163526092549091","0.0553716281503423","0.01","0.1","","","","0.839469273825837","","","","","","","","",""
"30739","DMANEMPMoMDifferenceL1","BAA10YB_IndexMoMPercentChangeL0",NA,"0",NA,"-0.00410468342071585","0.496872659341312","-7.10097709119586","7.16092360426041e-08","-0.061985257492728","-0.597886372646445","0.538150721472203","0.000228596342644001","0.3584078834909","0.339537527122986",NA,"200.102210993124","206.847696719272","2.79773544331618e-07","70","No gap","1.00763010687575","0.0112247159009386","0.006269285091807","0.993730714908193","0.00568252092036628","0.0334651220875843","0.0174461569525625","0.000387275782686047","0.163248379683204","0.0552575458304575","0.01","0.1","","","","0.843143183791771","","","","","","","","",""
"24753","UEMP15OVMoMDifferenceL1","BAA10YB_IndexMoMPercentChangeL0",NA,"0",NA,"-0.000595978130568182","0.500255174861489","-7.3873366112777","5.97879371824241e-08","-0.0629867534212615","-0.621997203104803","0.452636559282269","7.21986873113475e-06","0.358339306914008","0.33946693358795",NA,"200.109692543683","206.855178269831","2.80792061824187e-07","70","No gap","1.07446147241771","0.00893125655295392","0.00534269352049503","0.994657306479505","0.014266104611424","0.0801861049608458","0.00693363656642626","4.14092275446976e-05","0.119282302543384","0.0569441576280599","0.01","0.0969855576728528","","Fail","","0.702386535963908","","","","","","","","",""
"17477","IPFUELSMoMDifferenceL0","BAA10YB_IndexMoMPercentChangeL0",NA,"0",NA,"0.0404066991245289","0.515547589236855","-7.14633125352191","5.692182070459e-08","0.0644697690997983","-0.601705091570515","0.463401668645637","2.39361985603936e-05","0.358038817986734","0.33915760675105",NA,"200.142465785868","206.887951512016","2.85297596436251e-07","70","No gap","1.00102437754387","0.00702879325818208","0.00483176641131223","0.995168233588688","0.0105373261434996","0.0206669637342156","0.00506429305292918","2.02466026345549e-05","0.20809774586419","0.0444101155306883","0.01","0.1","","","","0.702741061968276","","","","","","","","",""
"17949","IPFUELSMoMPercentChangeL0","BAA10YB_IndexMoMPercentChangeL0",NA,"0",NA,"4.41953513948682","0.516953410052013","-7.14632431649587","5.69577607939204e-08","0.0642249180727197","-0.601704507488454","0.458775736783007","0.00244247938321778","0.358011961093808","0.339129959949509",NA,"200.145394223339","206.890879949487","2.85703687930017e-07","70","No gap","1.0010318282105","0.00713434033263341","0.00492020188966322","0.995079798110337","0.0108177264797401","0.020568623575217","0.00515067706762515","2.16746511756405e-05","0.204015214125625","0.0442455534876575","0.01","0.1","","","","0.703192479714518","","","","","","","","",""
"24957","UEMP15OVMoMPercentChangeL0","BAA10YB_IndexMoMPercentChangeL0",NA,"0",NA,"1.85410259568571","0.522523506708996","-7.14417280343931","5.76551446970757e-08","0.0591807068411703","-0.601523354906131","0.429061462860763","0.00184242503434482","0.357906787325557","0.339021692835132",NA,"200.156861042569","206.902346768717","2.87299382173423e-07","70","No gap","1.00125388278803","0.0104077067370923","0.0078186005796919","0.992181399420308","0.0123092745165009","0.0876866590636265","0.0124214816243088","0.000254251533141736","0.13558086680114","0.0532045813605758","0.01","0.1","","","","0.713999118206887","","","","","","","","",""
"2375","W875RX1MoMPercentChangeL1","BAA10YB_IndexMoMPercentChangeL0",NA,"0",NA,"-3.98692293465491","0.524858480855416","-7.32277646832145","5.0831141713429e-08","-0.0622035605402538","-0.616561383612087","0.482828246011667","0.00253184368860273","0.357863280597899","0.338976906497837",NA,"200.161603917441","206.907089643589","2.87961991474184e-07","70","No gap","1.04120042996182","0.00944999935012404","0.004709225926916","0.995290774073084","0.0143043033807957","0.10950212961149","0.0142033715636797","0.000154168519513775","0.135360132215096","0.0496906360207807","0.01","0.1","","","","0.701147042132406","","","","","","","","",""
"44253","ism_man_newordersMoMPercentChangeL1","BAA10YB_IndexMoMPercentChangeL0",NA,"0",NA,"-1.10244309453465","0.528056212619019","-7.22816896800729","4.58304301123467e-08","-0.0626787212300755","-0.608595643903095","0.21412601567585","0.00174656368366282","0.357804249418593","0.338916139107375",NA,"200.168038672694","206.913524398843","2.88863410968787e-07","70","No gap","1.005958300318","0.00982796367044948","0.00641165807583787","0.993588341924162","0.0115499827655082","0.0969471479881586","0.0105513220912652","0.000144211196136612","0.178925884101094","0.0477416135038143","0.01","0.1","","","","0.709873301883939","","","","","","","","",""
"44917","USGG10YR_IndexMoMPercentChangeL1","BAA10YB_IndexMoMPercentChangeL0",NA,"0",NA,"0.876876578063156","0.528134096670698","-7.31608817554665","5.02587718682987e-08","0.0636746530737751","-0.61599824433492","0.53778358049503","0.00211725094242777","0.357802819550235","0.338914667184066",NA,"200.168194529649","206.913680255797","2.8888527936477e-07","70","No gap","1.03825268908969","0.0189335952387453","0.0120333071645673","0.987966692835433","0.00350604706148896","0.0187901040172121","0.0161861507289699","0.000644392279267714","0.152619503784138","0.0470441818097244","0.01","0.1","","","","0.702138310252091","","","","","","","","",""
"1191","RPIMoMPercentChangeL1","BAA10YB_IndexMoMPercentChangeL0",NA,"0",NA,"-4.16307744389969","0.529448701267315","-7.31999213658718","5.10264898119846e-08","-0.0613945749124861","-0.616326949113923","0.477574369915031","0.00247231682180378","0.357778741189034","0.33888988063577",NA,"200.17081904084","206.916304766988","2.89253774266029e-07","70","No gap","1.04059386220346","0.00954152289429183","0.00474859074757491","0.995251409252425","0.0145446254797653","0.147573079094906","0.0139034419909222","0.000142452221417066","0.137705628650362","0.0496839559343161","0.01","0.1","","","","0.701465998519132","","","","","","","","",""
"40011","M2REALMoMDifferenceL0","BAA10YB_IndexMoMDifferenceL0",NA,"0",NA,"-0.0114630796149815","0.0184971448204113","-0.0431952974386582","1.25943807990014e-06","-0.177584868667255","-0.529288923999692","0.105175786471692","0.000471899793762523","0.35776367454933","0.338874370859604",NA,"200.172461235635","206.917946961783","2.89484585969113e-07","70","No gap","1.01562666973486","0.0619110888233497","0.0357598995013317","0.964240100498668","0.014324526274639","0.109533665909563","0.0055857091297602","0.000567570286732821","0.0841697983740523","0.0667803644937937","0.01","0.1","","","","0.741293385235296","","","","","","","","",""
"44849","USGG10YR_IndexMoMDifferenceL1","BAA10YB_IndexMoMPercentChangeL0",NA,"0",NA,"0.399295434142196","0.536009430997048","-7.34613721216348","5.74092169694172e-08","0.0631673602999906","-0.618528305941037","0.569807618932789","0.00217172949349698","0.3576601523564","0.338767803896294",NA,"200.183743639392","206.92922936554","2.91075323288759e-07","70","No gap","1.05789088602108","0.0200222781439464","0.0128399214941091","0.987160078505891","0.00309743084721896","0.0176140035088635","0.0160126302316944","0.000770511950641817","0.143704965767874","0.0451847643402458","0.01","0.1","","","","0.702087281681072","","","","","","","","",""
"28979","CES1021000001MoMPercentChangeL1","BAA10YB_IndexMoMPercentChangeL0",NA,"0",NA,"5.35163271875298","0.553086426853092","-7.21375348926416","4.72840457984389e-08","0.0583893031037176","-0.60738189286785","0.308393411414769","0.00215497004531015","0.357363483091937","0.33846240906523",NA,"200.216066177696","206.961551903844","2.95681125583869e-07","70","No gap","1.00377724896134","0.0123435959070237","0.00663509912990683","0.993364900870093","0.0129283190095986","0.0861204817525695","0.008499320620415","8.33390942146517e-05","0.157160012427383","0.0380746357204363","0.01","0.1","","","","0.716744986803429","","","","","","","","",""
"38087","HOUSTSMoMPercentChangeL1","BAA10YB_IndexMoMPercentChangeL0",NA,"0",NA,"0.597798305399591","0.553164202120756","-7.20295555095059","4.80798445161503e-08","0.0587362666659622","-0.606472730637435","0.412981199466016","0.00243667568990038","0.357362170663267","0.338461058035716",NA,"200.216209135512","206.96169486166","2.95701657493375e-07","70","No gap","1.00211670564482","0.00635491487747984","0.00561571858134706","0.994384281418653","0.0105719731673771","0.0966804528259606","0.0122245956258271","0.000220798149837886","0.0740657580425958","0.0457191998683827","0.01","0.1","","","","0.70198251131595","","","","","","","","",""
"39143","M1SLMoMDifferenceL0","BAA10YB_IndexMoMPercentChangeL0",NA,"0",NA,"-0.00212310720315839","0.554110419295533","-7.18881006001341","4.96008609776384e-08","-0.0499180153505864","-0.605281711970973","0.526771892324515","1.08899919635917e-05","0.357346231201335","0.338444649766081",NA,"200.217945336599","206.963431062747","2.95951127160521e-07","70","No gap","1.00066622522254","0.0146003238323931","0.00985494155884383","0.990145058441156","0.01042950497375","0.11080768064298","0.0115584562213937","0.000199922870118718","0.12554983299808","0.0563279503678102","0.01","0.1","","","","0.79870328946468","","","","","","","","",""
"45229","MOVE_IndexMoMPercentChangeL0","BAA10YB_IndexMoMPercentChangeL0",NA,"0",NA,"-0.527582741777388","0.561641998018898","-7.04670896827821","1.18693954629835e-07","-0.0585602862145138","-0.593317118198097","0.436537880606628","0.00199443451204918","0.357221161650224","0.33831590169876",NA,"200.231567005377","206.977052731525","2.97915702440754e-07","70","No gap","1.03298130193061","0.0108495046138664","0.00930121710129127","0.990698782898709","0.00700236918649242","0.0507667658661936","0.00537620554158703","4.01660478898114e-05","0.144270811023807","0.0491938143962682","0.01","0.1","","","","0.702912608781917","","","","","","","","",""
"40425","AMBSLMoMDifferenceL0","BAA10YB_IndexMoMPercentChangeL0",NA,"0",NA,"0.000815235285511886","0.562849649624667","-7.16670330698162","5.32663905832942e-08","0.0574327198828734","-0.603420372860675","0.610104299015213","1.24497397805198e-06","0.357201402576572","0.338295561475883",NA,"200.233718777985","206.979204504133","2.98227230799419e-07","70","No gap","1.00003667241823","0.0120904860673106","0.00726340670124183","0.992736593298758","0.0132231730351233","0.0596846851339048","0.0195697494234235","0.000200724050863132","0.130195279377007","0.0524707211087516","0.01","0.1","","","","0.706779996829851","","","","","","","","",""
"45381","AAIIBEAR_IndexMoMPercentChangeL0","BAA10YB_IndexMoMPercentChangeL0",NA,"0",NA,"0.259097161466989","0.568686957820403","-7.57266045678155","5.21344958604731e-07","0.0655571934329869","-0.637601055973243","0.68958870992158","0.00683421119361363","0.357107028968411","0.338198412173364",NA,"200.24399519691","206.989480923059","2.99719524532449e-07","70","No gap","1.35839493364634","0.0143410695108063","0.0104634462036051","0.989536553796395","0.00919493195034206","0.04778745563786","0.0158642034180176","0.000592450751262796","0.08337821709704","0.0515806172785177","0.01","0.1","","","","0.717531551804457","","","","","","","","",""
"34279","USGOVTMoMPercentChangeL1","BAA10YB_IndexMoMPercentChangeL0",NA,"0",NA,"-45.9155880548546","0.572545534982766","-7.15005093468815","5.72442726930821e-08","-0.0535013832194804","-0.60201828039669","0.415165902967672","0.00178016763944984","0.357045666841098","0.338135245277601",NA,"200.250676159574","206.996161885722","3.0069370582364e-07","70","No gap","1.0009776436567","0.0123887436449254","0.0081584327926509","0.991841567207349","0.0118880971684687","0.0670402744259885","0.00935092422116101","0.000108759408959269","0.155162866011646","0.0488399558512927","0.01","0.1","","","","0.749262466707932","","","","","","","","",""
"44153","ism_man_newordersMoMDifferenceL1","BAA10YB_IndexMoMPercentChangeL0",NA,"0",NA,"-0.0165600795645343","0.576567716378357","-7.21390785653167","4.79124336175617e-08","-0.0555393884894284","-0.607394890246161","0.412226105971841","0.000185797194414828","0.356982556421199","0.338070278668881",NA,"200.25754680709","207.003032533238","3.01698848570453e-07","70","No gap","1.00429123938141","0.00959790978548735","0.00631023680731059","0.993689763192689","0.0116372959712475","0.0970131796608276","0.0104299787164871","0.000139014147046423","0.175201201186134","0.0480117893093198","0.01","0.1","","","","0.707953113490612","","","","","","","","",""
"38447","HOUSTWMoMPercentChangeL0","BAA10YB_IndexMoMPercentChangeL0",NA,"0",NA,"-0.434770496008163","0.57673589420181","-7.1632685218756","5.41953422904636e-08","-0.0550838418323994","-0.603131171644916","0.665878365933631","0.00135300654583823","0.356979936441034","0.338067581630476",NA,"200.257832022117","207.003317748265","3.01740646690973e-07","70","No gap","1.00013230969901","0.0145546297915303","0.0107564867479294","0.989243513252071","0.00546397239790104","0.0070277416442665","0.0166384141578714","0.000306124794596685","0.130505212338897","0.0529136436235935","0.01","0.1","","","","0.745886965626954","","","","","","","","",""
"29699","USCONSMoMPercentChangeL1","BAA10YB_IndexMoMPercentChangeL0",NA,"0",NA,"-10.480098168811","0.581461738206819","-7.17473670965332","5.21042270358326e-08","-0.0445262527897401","-0.604096767379586","0.565193967830306","0.00197700371552024","0.356906927072764","0.337992424927845",NA,"200.265779465681","207.011265191829","3.02907673055408e-07","70","No gap","1.00003622341792","0.0131055394312251","0.00741916068310416","0.992580839316896","0.0133188578690863","0.104435220703299","0.00982958571971673","8.46018108566771e-05","0.123416358056123","0.0455613211147959","0.01","0.1","","","","0.815147855905291","","","","","","","","",""
"33975","USGOVTMoMDifferenceL1","BAA10YB_IndexMoMPercentChangeL0",NA,"0",NA,"-0.00202193989266134","0.581834262910438","-7.15106706083487","5.71676613641399e-08","-0.0522215904433569","-0.602103835943231","0.426887709562615","2.73461828236786e-05","0.356901222029488","0.337986552089179",NA,"200.266400450846","207.011886176994","3.02999050183494e-07","70","No gap","1.00092847432947","0.012333176445777","0.00812406942704541","0.991875930572955","0.0119364497063922","0.067654066346675","0.00939975006772532","0.000108716968513112","0.154573567116978","0.0488566615383572","0.01","0.1","","","","0.750022969587448","","","","","","","","",""
"10985","IPNCONGDMoMPercentChangeL0","BAA10YB_IndexMoMPercentChangeL0",NA,"0",NA,"-6.11594398137093","0.582703138621309","-7.08906012889071","8.48256436568949e-08","-0.0546520203020703","-0.596882991101329","0.579342260362324","0.00212798499903178","0.356887943881153","0.33797288340707",NA,"200.267845735489","207.013331461638","3.03211828867056e-07","70","No gap","1.0159686711997","0.0138684325364874","0.00910413964297552","0.990895860357024","0.017180215475154","0.0229539303843555","0.00962447685466461","7.52078604961959e-05","0.126259143482144","0.0662311985859685","0.01","0.1","","","","0.701095751107424","","","","","","","","",""
"43197","DTCOLNVHFNMMoMDifferenceL1","BAA10YB_IndexMoMPercentChangeL0",NA,"0",NA,"-1.35841445124294e-05","0.58470968925164","-7.23543806983988","4.7899313963796e-08","-0.0545281310214562","-0.609207686002551","0.191006589758218","0.000112561517562748","0.356857430620706","0.337941472697786",NA,"200.271166894752","207.0166526209","3.03701344961382e-07","70","No gap","1.010076074554","0.0125849560573583","0.00751626822740591","0.992483731772594","0.0121102564942528","0.115743550636289","0.011634889360172","0.000127854859956145","0.133720103514939","0.0491455186808314","0.01","0.1","","","","0.719204723646287","","","","","","","","",""
"28611","CES1021000001MoMDifferenceL1","BAA10YB_IndexMoMPercentChangeL0",NA,"0",NA,"0.00671435589537274","0.587697389999929","-7.21459530887572","4.81983954434661e-08","0.0533011093587754","-0.607452772194387","0.404804640306655","9.72594350773336e-05","0.356812385132082","0.337895102341849",NA,"200.276069499454","207.021555225602","3.04425400221575e-07","70","No gap","1.00469781083118","0.0121457960079562","0.00639118985421545","0.993608810145785","0.0131083369068992","0.0946455215498707","0.00851170221819222","8.56737723526901e-05","0.150042832727149","0.0381119051226297","0.01","0.1","","","","0.714650144234954","","","","","","","","",""
"43333","DTCOLNVHFNMMoMPercentChangeL1","BAA10YB_IndexMoMPercentChangeL0",NA,"0",NA,"-4.50483903343604","0.591382434949036","-7.23159230034165","4.8130083413072e-08","-0.05353009837253","-0.608883880821124","0.224217815190771","0.00203951421669129","0.356757460054728","0.337838561821043",NA,"200.282046901963","207.027532628111","3.05310525750002e-07","70","No gap","1.00923597559424","0.0126577551329331","0.00755700284685598","0.992442997153144","0.0122208267119472","0.113330582266243","0.0115847578700546","0.000126670149404928","0.135373478124903","0.0491887988376167","0.01","0.1","","","","0.718308019343634","","","","","","","","",""
"28243","USGOODMoMPercentChangeL1","BAA10YB_IndexMoMPercentChangeL0",NA,"0",NA,"-20.8417463348547","0.593528282728055","-7.12550047843557","6.59929067487846e-08","-0.0434927433527618","-0.599951186946428","0.636618150524208","0.00143591400383838","0.356725796655305","0.337805967145167",NA,"200.285492543804","207.030978269952","3.05821920454363e-07","70","No gap","1.00519975331593","0.0123407366213234","0.00694766602990298","0.993052333970097","0.0128820415665459","0.145493172470796","0.0119254315136514","0.000156612793807409","0.130627638370054","0.0497989327202666","0.01","0.1","","","","0.845199235117305","","","","","","","","",""
"44103","ism_man_newordersMoMDifferenceL0","BAA10YB_IndexMoMPercentChangeL0",NA,"0",NA,"0.0159479619290648","0.606272679345445","-6.99040294849493","2.65214915904617e-07","0.0533884237216605","-0.588576277396325","0.663804167994771","1.62790982618883e-05","0.356542520562893","0.337617300579449",NA,"200.305433494551","207.050919220699","3.08798381754016e-07","70","No gap","1.08833295064714","0.00940783064895474","0.00751659862643812","0.992483401373562","0.0107369156830925","0.106180389730337","0.00845970110323269","0.000191032931755486","0.114076647892827","0.0510443162955463","0.01","0.1","","","","0.70203558013005","","","","","","","","",""
"40625","AMBSLMoMPercentChangeL0","BAA10YB_IndexMoMPercentChangeL0",NA,"0",NA,"2.70694751872699","0.612013680495565","-7.16256856157955","5.49085059448066e-08","0.0503428943861567","-0.603072236555135","0.529410576202828","0.00217786624277475","0.35646258263189","0.337535011532828",NA,"200.314129185872","207.059614912021","3.10105387479886e-07","70","No gap","1.00019119466194","0.0115586065944301","0.0068668075054312","0.993133192494569","0.013133779224931","0.0642521713568227","0.0177802765777265","0.00017886397343525","0.130941831476685","0.0514087169707233","0.01","0.1","","","","0.706369599271239","","","","","","","","",""
"44203","ism_man_newordersMoMPercentChangeL0","BAA10YB_IndexMoMPercentChangeL0",NA,"0",NA,"0.927324113928692","0.612511262716103","-6.99649615045257","2.52522031689317e-07","0.0523923953335041","-0.589089311359042","0.504240161496236","0.00239540319187977","0.356455729746916","0.337527957092414",NA,"200.314874596133","207.060360322281","3.10217683430203e-07","70","No gap","1.08538843930299","0.00925969527744139","0.00731916441159179","0.992680835588408","0.0111699623406404","0.106002805903769","0.00823311526207977","0.000160115125356075","0.114152120533203","0.050843282617533","0.01","0.1","","","","0.702475519758519","","","","","","","","",""
"43525","DTCTHFNMMoMPercentChangeL0","BAA10YB_IndexMoMPercentChangeL0",NA,"0",NA,"-2.72023306165014","0.614020082674953","-7.12718706023206","6.61340171301874e-08","-0.0500642949898551","-0.600093193357591","0.284498366588606","0.00214314822168944","0.35643502284055","0.337506641159389",NA,"200.317126904472","207.062612630621","3.1055724059037e-07","70","No gap","1.00539685242631","0.00995795637182407","0.00633383273227521","0.993666167267725","0.0126837815538763","0.0122323826361256","0.0124644311679975","0.000147390457373109","0.124449940722029","0.0485938179662715","0.01","0.1","","","","3.16960988078865","","","","","","","","",""
"30395","MANEMPMoMPercentChangeL1","BAA10YB_IndexMoMPercentChangeL0",NA,"0",NA,"-27.6205021940786","0.615280842068214","-7.08132437363553","9.53037451547856e-08","-0.0449561614098781","-0.596231657828486","0.639927337630007","0.00108953118949276","0.356417804395967","0.337488916289966",NA,"200.318999714585","207.064485440733","3.10839867734281e-07","70","No gap","1.02286166483878","0.0117619609542675","0.00718803360430108","0.992811966395699","0.00849205860098762","0.054251339327431","0.0143787052439908","0.000297160617040992","0.144561543015279","0.052057261206104","0.01","0.1","","","","0.808887324328348","","","","","","","","",""
"25761","UEMP15T26MoMPercentChangeL0","BAA10YB_IndexMoMPercentChangeL0",NA,"0",NA,"0.789108656924266","0.617927604754196","-7.15602732720895","5.65557868398303e-08","0.0492799970102478","-0.60252147926635","0.631819115342032","0.00215402784777647","0.356381904993051","0.337451961022259",NA,"200.322904247894","207.068389974042","3.11429930954787e-07","70","No gap","1.00063470248073","0.00970840052414342","0.0076928414713758","0.992307158528624","0.00567876090038188","0.0255881132491142","0.013306536750682","0.000302935996352671","0.115817635450916","0.0495239601655563","0.01","0.1","","","","0.771696611081177","","","","","","","","",""
"12544","IPMATMoMDifferenceL0","BAA10YB_IndexMoMPercentChangeL0",NA,"0",NA,"0.0391170682224117","0.620714180108254","-7.14572166584544","5.95275959138019e-08","0.048966081270691","-0.601653765652967","0.541502908980953","0.000186598510646924","0.356344470220691","0.337413425227182",NA,"200.32697554092","207.072461267068","3.12046388395437e-07","70","No gap","1.00185538945058","0.00899702713003137","0.00624213378437227","0.993757866215628","0.0173160051985796","0.0886140488814676","0.00876780372122319","4.02046236404052e-05","0.136262000368832","0.049398880936616","0.01","0.1","","","","0.706348243514824","","","","","","","","",""
"26745","UEMP27OVMoMPercentChangeL1","BAA10YB_IndexMoMPercentChangeL0",NA,"0",NA,"-1.13460297711825","0.621312672479048","-7.30889145263989","6.54790765280093e-08","-0.0479228657081666","-0.615392296378969","0.647409507925041","0.00130012457315814","0.356336478152713","0.337405198098382",NA,"200.327844703476","207.073330429624","3.12178151218312e-07","70","No gap","1.05629299667436","0.0102975627692942","0.00658099446108688","0.993419005538913","0.0126613216786276","0.0828638835565364","0.00988439751176048","5.80692161243901e-05","0.134193246751457","0.0573431330146729","0.01","0.1","","","","0.777444608470182","","","","","","","","",""
"27875","USGOODMoMDifferenceL1","BAA10YB_IndexMoMPercentChangeL0",NA,"0",NA,"-0.000971520031438824","0.623956334723699","-7.12548648814488","6.73153756294159e-08","-0.0399287882865652","-0.599950008995275","0.631395751668637","0.00034491960941935","0.356301377889553","0.33736906547454",NA,"200.331661839833","207.077147565981","3.12757478138082e-07","70","No gap","1.00616472888931","0.0119750578938877","0.00668725136957423","0.993312748630426","0.013071301876054","0.14804396181169","0.0118470252489584","0.000146065818988572","0.127814440155146","0.0498795174545476","0.01","0.1","","","","0.855205363483792","","","","","","","","",""
"10457","IPNCONGDMoMDifferenceL0","BAA10YB_IndexMoMPercentChangeL0",NA,"0",NA,"-0.0544899257974818","0.628215178219786","-7.09883394003358","8.30053327974107e-08","-0.0482098184806447","-0.597705924116898","0.665762170112486","0.00017753886025675","0.356245522306291","0.337311567080006",NA,"200.337735677911","207.083221404059","3.13681521868503e-07","70","No gap","1.01592945891485","0.0132102809938893","0.00936371317240787","0.990636286827592","0.0167127208332401","0.0273139200168081","0.00987719176000584","7.98562293217175e-05","0.126806567717465","0.0643067260509215","0.01","0.1","","","","0.702841743614477","","","","","","","","",""
"30047","MANEMPMoMDifferenceL1","BAA10YB_IndexMoMPercentChangeL0",NA,"0",NA,"-0.00213474589070279","0.631099151544873","-7.08308765611603","9.6452831620205e-08","-0.0429935564531685","-0.596380122265517","0.644026316371686","0.000291597658544237","0.356208177869202","0.337273124277119",NA,"200.341796286213","207.087282012361","3.14300805048795e-07","70","No gap","1.02406047330751","0.0116069406312236","0.00706581112772973","0.99293418887227","0.00877331972271671","0.0593710945912994","0.0141102586436509","0.000276058361402209","0.143077204285719","0.0520491890548796","0.01","0.1","","","","0.811778501486958","","","","","","","","",""
"43397","DTCTHFNMMoMDifferenceL0","BAA10YB_IndexMoMPercentChangeL0",NA,"0",NA,"-2.86646998515469e-06","0.63363465386633","-7.12801134463208","6.66113624881265e-08","-0.0473230639470178","-0.600162596258576","0.311766027495285","8.54873553253956e-07","0.356175663101441","0.33723965319266",NA,"200.345331553657","207.090817279805","3.1484096396639e-07","70","No gap","1.0058157253616","0.00991193584116391","0.00630366242722367","0.993696337572776","0.0126037876419649","0.0087179046447273","0.0123356477173522","0.000142919196993829","0.126434753087606","0.0486196394778595","0.01","0.1","","","","3.21028098685835","","","","","","","","",""
"29339","USCONSMoMDifferenceL1","BAA10YB_IndexMoMPercentChangeL0",NA,"0",NA,"-0.00136040388203253","0.639147496301362","-7.16740334884023","5.42692155249283e-08","-0.0378573406408429","-0.603479314817842","0.559497421492885","0.000250292535678766","0.356105983312742","0.337167923998411",NA,"200.352907100282","207.09839282643","3.16001571354363e-07","70","No gap","1.00003846927354","0.0122102124073556","0.00684419018042469","0.993155809819575","0.0126645540691919","0.101561793531731","0.010038199112592","8.30023914324407e-05","0.119437761209008","0.0464229189151158","0.01","0.1","","","","0.836144626092398","","","","","","","","",""
"13054","IPMATMoMPercentChangeL0","BAA10YB_IndexMoMPercentChangeL0",NA,"0",NA,"4.05470657411551","0.64047268653068","-7.14942783418411","5.88124494813222e-08","0.0461810765078402","-0.601965816729314","0.543912646243042","0.00269421055056563","0.356089439448872","0.337150893550309",NA,"200.354705619236","207.100191345384","3.16277740330939e-07","70","No gap","1.00151303001998","0.00907532919903084","0.00628646854654779","0.993713531453452","0.0170804258922306","0.0885258915076238","0.00908319554418242","4.48852387199272e-05","0.134871169535543","0.0494225457941216","0.01","0.1","","","","0.70642808543636","","","","","","","","",""
"5831","INDPROMoMPercentChangeL1","BAA10YB_IndexMoMPercentChangeL0",NA,"0",NA,"-4.77177197878961","0.665752135605172","-7.19206104188022","5.12189305047765e-08","-0.0425023686271846","-0.60555543736551","0.700110584830456","0.00236909662682561","0.35578876067744","0.3368413712856",NA,"200.387385004655","207.132870730803","3.21338021969098e-07","70","No gap","1.00174015261525","0.0121387192452774","0.00858462120181194","0.991415378798188","0.00293518510005956","0.0047412201187747","0.0197007695716775","0.000447666237611721","0.125786251799254","0.0580502959121188","0.01","0.1","","","","0.923942091646076","","","","","","","","",""
"44701","USGG2YR_IndexMoMDifferenceL1","BAA10YB_IndexMoMPercentChangeL0",NA,"0",NA,"0.44039520207226","0.668406265882593","-7.34438585951275","1.17087769839072e-07","0.0437749067389687","-0.618380845968962","0.614866695815947","0.00234757684526577","0.355758800458028","0.336810529883264",NA,"200.390640406711","207.136126132859","3.21846522099989e-07","70","No gap","1.11826609532768","0.0138629290225112","0.00856422891798797","0.991435771082012","0.00308413004081536","0.0191941583475985","0.013786683421013","0.00034537482721908","0.116855513246812","0.0454340325155707","0.01","0.1","","","","0.705641999051236","","","","","","","","",""
"45205","MOVE_IndexMoMDifferenceL1","BAA10YB_IndexMoMPercentChangeL0",NA,"0",NA,"0.0054729638941126","0.668486660329602","-7.22646032722764","5.17610772569725e-08","0.0427719674078693","-0.608451780174938","0.632383237646993","0.000598902168245366","0.355757897626443","0.336809600497809",NA,"200.39073850377","207.136224229918","3.21861857499606e-07","70","No gap","1.0121572339979","0.00909546925300519","0.00636926533152466","0.993630734668475","0.012715228416988","0.118411175793507","0.0087349732269757","8.90642562223487e-05","0.136967890094357","0.0501438647072771","0.01","0.1","","","","0.706714338665582","","","","","","","","",""
"19341","CLF16OVMoMDifferenceL0","BAA10YB_IndexMoMPercentChangeL0",NA,"0",NA,"4.56755171492782e-05","0.668705099404359","-7.17698098464784","5.29334576741287e-08","0.0423168118139966","-0.604285730309399","0.351720925981319","0.000246416178013148","0.355755445934968","0.336807076697762",NA,"200.391004891322","207.13649061747","3.21903505295928e-07","70","No gap","1.00014886134862","0.00935592796661088","0.00694855841683057","0.993051441583169","0.0161295011010042","0.0889080642983701","0.0119469041847356","0.000110894188474653","0.144331447370743","0.0557049977495284","0.01","0.1","","","","0.764711072900529","","","","","","","","",""
"26549","UEMP27OVMoMPercentChangeL0","BAA10YB_IndexMoMPercentChangeL0",NA,"0",NA,"0.95082275711864","0.670632076927076","-7.16401149693007","5.54005280726373e-08","0.0401801860662968","-0.603193728481049","0.575291122347295","0.00185373674375106","0.355733905699195","0.336784902925642",NA,"200.393345293407","207.138831019556","3.22269642527573e-07","70","No gap","1.0001851368251","0.0104420486111504","0.00702894537495956","0.99297105462504","0.014006204938627","0.13710013771608","0.0115403807359111","0.000108624309504757","0.141252668363362","0.0550436923473988","0.01","0.1","","","","0.709089904060424","","","","","","","","",""
"5263","INDPROMoMDifferenceL1","BAA10YB_IndexMoMPercentChangeL0",NA,"0",NA,"-0.0427625726370146","0.682584268417913","-7.1899418422798","5.16713101957945e-08","-0.0402775661786315","-0.605377005503847","0.679214786848396","3.84291141764772e-05","0.355603779870225","0.336650949866408",NA,"200.407482135863","207.152967862011","3.24490110892306e-07","70","No gap","1.00157329581691","0.0119949732430357","0.00849977204510087","0.991500227954899","0.00296775908383208","0.00482518692383765","0.0191837179898473","0.000415567953399587","0.126212216927754","0.057555435361393","0.01","0.1","","","","0.92486704696855","","","","","","","","",""
"19797","CLF16OVMoMPercentChangeL0","BAA10YB_IndexMoMPercentChangeL0",NA,"0",NA,"6.94513168407856","0.682840145510087","-7.17946455569474","5.27507237578734e-08","0.0403976442121638","-0.604494841431062","0.230975771439003","0.00217666966260151","0.355601058957045","0.33664814892637",NA,"200.407777704823","207.153263430971","3.24536698736999e-07","70","No gap","1.00032170461691","0.00934668572758732","0.00694593570259656","0.993054064297403","0.0158400500591541","0.0900811089254511","0.0119364779406682","0.000113181068950863","0.14340152366908","0.0554749203748312","0.01","0.1","","","","0.761012781113578","","","","","","","","",""
"45181","MOVE_IndexMoMDifferenceL0","BAA10YB_IndexMoMPercentChangeL0",NA,"0",NA,"-0.00538367853565388","0.683581603129446","-7.0934961066009","9.62699233484899e-08","-0.0408816794554583","-0.597256490492783","0.635660112884064","2.37105930964063e-06","0.35559318976085","0.336640048283228",NA,"200.408632517479","207.154118243627","3.24671472595739e-07","70","No gap","1.02592978690963","0.0100702491385121","0.00831333695007275","0.991686663049927","0.00831771937809063","0.0608961932283636","0.00715620439059267","5.9908236145545e-05","0.132367511299756","0.0490569353604669","0.01","0.1","","","","0.70549842259587","","","","","","","","",""
"37079","HOUSTNEMoMPercentChangeL1","BAA10YB_IndexMoMPercentChangeL0",NA,"0",NA,"0.138923055963146","0.684695217884266","-7.15341566410344","5.84410938749187e-08","0.0397137833818527","-0.602301583080139","0.620636662137953","0.00102368624165813","0.355581413269574","0.336627925424562",NA,"200.409911751099","207.155397477247","3.24873267287806e-07","70","No gap","1.00132459636579","0.00964295618125356","0.00745010645836287","0.992549893541637","0.0137696592078715","0.127736870551115","0.0105793920445311","7.28569255601386e-05","0.141670351167233","0.0597148618246402","0.01","0.1","","","","0.705399272288378","","","","","","","","",""
"45461","SPX_Index_30DRSIMoMPercentChangeL0","BAA10YB_IndexMoMPercentChangeL0",NA,"0",NA,"-0.351770155738596","0.699709274048493","-7.38453728362272","2.87471909296821e-07","-0.042137383147572","-0.621761505983689","0.641473993933591","0.00464375141866446","0.355427561177939","0.336469548271408",NA,"200.426621947295","207.172107673443","3.27520792153813e-07","70","No gap","1.22108002098566","0.013525850512509","0.0097295830543199","0.99027041694568","0.0110254311535755","0.0670927459723931","0.0149109122161923","0.000189736107244043","0.144479979160706","0.0515250914736904","0.01","0.1","","","","0.71205997975988","","","","","","","","",""
"3543","DPCERA3M086SBEAMoMPercentChangeL1","BAA10YB_IndexMoMPercentChangeL0",NA,"0",NA,"-6.03731548888954","0.706196581631369","-7.10422152665423","8.95395565825874e-08","-0.0375151435589329","-0.598159546848048","0.777163468524787","0.00150131062152277","0.355363878219758","0.336403992285045",NA,"200.433537518929","207.179023245077","3.28622781653465e-07","70","No gap","1.02248305598591","0.0128345525246911","0.00959780252347457","0.990402197476525","0.0143046635947729","0.0334190681409173","0.0116899707389345","0.000220845143769521","0.117650783846183","0.0519101221108113","0.01","0.1","","","","1.05018000532303","","","","","","","","",""
"45477","TED_G_IndexMoMDifferenceL1","BAA10YB_IndexMoMPercentChangeL0",NA,"0",NA,"-0.00608491070986224","0.712549248556609","-7.18839765787692","5.22890575560903e-08","-0.0366337887040135","-0.605246988634411","0.581254948423472","0.000485015726615448","0.355303122081333","0.336341449201372",NA,"200.440134619436","207.185620345584","3.29677478427826e-07","70","No gap","1.00163730961552","0.00884237091786359","0.00559748774971339","0.994402512250287","0.0154509938112341","0.0773047470969067","0.0107831908932964","9.64992329066661e-05","0.126104319428223","0.0549420138612368","0.01","0.1","","","","0.711518498564452","","","","","","","","",""
"31917","USWTRADEMoMDifferenceL0","BAA10YB_IndexMoMPercentChangeL0",NA,"0",NA,"-0.00210395806758576","0.721090402302723","-7.15071828169643","6.00938848723826e-08","-0.0353235888355396","-0.602074469520659","0.506460837348913","0.000121175000281808","0.35522390619856","0.336259903439694",NA,"200.448735205757","207.194220931906","3.31057562807935e-07","70","No gap","1.0022850750219","0.0105302547789128","0.00652658872163626","0.993473411278364","0.00929212853937754","0.0248606730282253","0.0124090195092983","0.000160929560367395","0.16966323558947","0.0506842736320561","0.01","0.1","","","","0.714180550023834","","","","","","","","",""
"32243","USWTRADEMoMPercentChangeL0","BAA10YB_IndexMoMPercentChangeL0",NA,"0",NA,"-12.4406448564531","0.724050192029008","-7.15234448203296","5.95616089185574e-08","-0.0349117788121544","-0.602211391948082","0.4853283457108","0.00190361666081735","0.355197109390305","0.33623231849002",NA,"200.451644335948","207.197130062096","3.31525679797551e-07","70","No gap","1.00197387735294","0.0105564893746484","0.00654246734680117","0.993457532653199","0.00921937586168757","0.0245678712200001","0.0124561980116041","0.000162462844633726","0.169474719769551","0.0507423249474709","0.01","0.1","","","","0.714069894355798","","","","","","","","",""
"23301","UEMPLT5MoMPercentChangeL0","BAA10YB_IndexMoMPercentChangeL0",NA,"0",NA,"0.631615778847774","0.732681637855399","-7.21928453110348","5.52508297813536e-08","0.0341819569328543","-0.607847594207229","0.736194573351083","0.0019098564903113","0.355120863544677","0.336153830119521",NA,"200.459921119043","207.205406845191","3.32861145979635e-07","70","No gap","1.01449029976062","0.0106375177248434","0.00759684712958032","0.99240315287042","0.00991799936299689","0.107010477544286","0.0122028275377634","0.000171639975094395","0.15105867891328","0.0518829776741599","0.01","0.1","","","","0.706276563242867","","","","","","","","",""
"35447","AWOTMANMoMPercentChangeL1","BAA10YB_IndexMoMPercentChangeL0",NA,"0",NA,"-1.32169422303906","0.73799305435504","-7.13619393421575","6.76805690638339e-08","-0.0333539060225215","-0.600851551981458","0.65675023764164","0.00230242124744828","0.355075338045251","0.336106965634817",NA,"200.464862622495","207.210348348643","3.3366102514254e-07","70","No gap","1.00771856652507","0.00890752883959307","0.0065517580113837","0.993448241988616","0.0128525812979943","0.145487602586326","0.0111484091864222","0.00010261790521271","0.144015967453915","0.0531822131055783","0.01","0.1","","","","0.74411821376703","","","","","","","","",""
"22877","UEMPLT5MoMDifferenceL0","BAA10YB_IndexMoMPercentChangeL0",NA,"0",NA,"0.000257325783644112","0.738414042268311","-7.21350968519666","5.45603599344484e-08","0.0333571046719734","-0.607361365111222","0.762672005246376","7.0335167150745e-05","0.35507177467635","0.336103297460949",NA,"200.465249388809","207.210735114957","3.33723711887224e-07","70","No gap","1.0117597247872","0.0107292485113081","0.00764530029196015","0.99235469970804","0.0100189999467057","0.112580734547278","0.012123157464145","0.000169554284802143","0.15481940867621","0.0517940359514148","0.01","0.1","","","","0.707774210053636","","","","","","","","",""
"36551","HOUSTMoMPercentChangeL1","BAA10YB_IndexMoMPercentChangeL0",NA,"0",NA,"-0.398144149586576","0.747902556260721","-7.17186077722089","5.45732054605947e-08","-0.0318363795233848","-0.603854620307723","0.556409497372403","0.00197073781218237","0.35499320077474","0.336022412562233",NA,"200.473777218529","207.219262944677","3.35108891857949e-07","70","No gap","1.00000741313866","0.00896123503721949","0.00784528003956927","0.992154719960431","0.0139157779271094","0.0849382185071884","0.0104147339243781","0.000116466562722017","0.162946155187691","0.0499421010169147","0.01","0.1","","","","0.736961561787723","","","","","","","","",""
"35159","AWOTMANMoMDifferenceL1","BAA10YB_IndexMoMPercentChangeL0",NA,"0",NA,"-0.285291607379033","0.75193661464104","-7.13710694405827","6.80067089628906e-08","-0.031534437915243","-0.600928425366054","0.675825123722922","0.00225293655172535","0.35496079676452","0.335989055492888",NA,"200.477293807412","207.22277953356","3.35681766272522e-07","70","No gap","1.00819418310169","0.00891590128223511","0.00656341858479129","0.993436581415209","0.0128238343213859","0.145332461154552","0.0111320049350261","0.000102550527881884","0.143445384520372","0.0531565761451663","0.01","0.1","","","","0.743488131255871","","","","","","","","",""
"22449","UEMPMEANMoMPercentChangeL0","BAA10YB_IndexMoMPercentChangeL0",NA,"0",NA,"-1.0170277764998","0.754371991763673","-7.23953480963752","6.59560491299864e-08","-0.0310197826109984","-0.609552622321291","0.631585710209745","0.00265103822731146","0.354941521255711","0.33596921305735",NA,"200.479385564704","207.224871290852","3.36022991098694e-07","70","No gap","1.03471360365787","0.0115281554726825","0.00755425788905334","0.992445742110947","0.00356123642829857","0.0188751043031077","0.014428153933092","0.000166268886640397","0.128591407092356","0.0531322663284304","0.01","0.1","","","","0.709492866321381","","","","","","","","",""
"45045","USGG30YR_IndexMoMPercentChangeL1","BAA10YB_IndexMoMPercentChangeL0",NA,"0",NA,"0.602004944025817","0.765430115247207","-7.24831035195058","7.54100679400372e-08","0.030357967622802","-0.610291503336421","0.795905173685479","0.00292727468837881","0.354856691492931","0.335881888301547",NA,"200.488590455694","207.234076181842","3.37528695548706e-07","70","No gap","1.04854667465189","0.0138403159421697","0.00903755844805792","0.990962441551942","0.00483654524687527","0.033839256885517","0.0141969765621279","0.000298030680002781","0.146414894618767","0.049553200759175","0.01","0.1","","","","0.705034335130783","","","","","","","","",""
"44981","USGG30YR_IndexMoMDifferenceL1","BAA10YB_IndexMoMPercentChangeL0",NA,"0",NA,"0.210130488761677","0.768520613243866","-7.25191230796832","7.99628544583203e-08","0.0300109239576887","-0.610594779968667","0.81193087573922","0.00288380616069518","0.354833766116672","0.335858288649515",NA,"200.491077884153","207.236563610301","3.37936737260236e-07","70","No gap","1.05463658711794","0.0138980898590765","0.00902694823372773","0.990973051766272","0.00436521140203389","0.0301892043066247","0.014175650846138","0.000315365954294378","0.14526435840198","0.0487861440905426","0.01","0.1","","","","0.70477698318126","","","","","","","","",""
"45073","VIX_IndexMoMDifferenceL0","BAA10YB_IndexMoMPercentChangeL0",NA,"0",NA,"0.00943089199600175","0.770344463246491","-7.31719633506654","2.44849732029742e-07","0.0315213072847302","-0.616091548885428","0.786834354755834","0.000412934589687132","0.354820395932055","0.335844525224175",NA,"200.492528523037","207.238014249185","3.38174929948032e-07","70","No gap","1.18095786817436","0.00937097597694552","0.00716797077965887","0.992832029220341","0.0160061975637312","0.163825889828119","0.0119462336423632","8.62660344255195e-05","0.1354647646585","0.0495463816492265","0.01","0.1","","","","0.723505519277683","","","","","","","","",""
"45253","MOVE_IndexMoMPercentChangeL1","BAA10YB_IndexMoMPercentChangeL0",NA,"0",NA,"0.256351168763919","0.772294037497831","-7.20320979317717","5.49327614345284e-08","0.0288695715608869","-0.606494137263688","0.716908056683363","0.00146127248289013","0.354806234306317","0.335829947080032",NA,"200.494064998951","207.2395507251","3.38427400214947e-07","70","No gap","1.00901296591885","0.00897544812939905","0.0062709767332137","0.993729023266786","0.0133475200353779","0.0944038928604607","0.00973931147119133","9.61679353366218e-05","0.120904615625556","0.0502027203911514","0.01","0.1","","","","0.706458990769691","","","","","","","","",""
"22017","UEMPMEANMoMDifferenceL0","BAA10YB_IndexMoMPercentChangeL0",NA,"0",NA,"-0.034892394628221","0.773664317678787","-7.23846581892091","7.04852129791157e-08","-0.0284455757793252","-0.609462615696324","0.732648260080932","0.00019408998474592","0.354796360970951","0.33581978335245",NA,"200.495136193721","207.24062191987","3.38603527993975e-07","70","No gap","1.03981550794194","0.0116023743310994","0.00750358013866908","0.992496419861331","0.00312679275432773","0.0208488024194664","0.014403557758501","0.000172964728446301","0.128907408679387","0.0534641285256727","0.01","0.1","","","","0.706886394916634","","","","","","","","",""
"26157","UEMP27OVMoMDifferenceL0","BAA10YB_IndexMoMPercentChangeL0",NA,"0",NA,"0.000279390337772651","0.789052307014058","-7.15877780287727","5.84550528907331e-08","0.0245224219392724","-0.602753063159561","0.76153643521135","2.01958702209289e-05","0.354689999047266","0.335710293136891",NA,"200.506674753941","207.25216048009","3.40506539964203e-07","70","No gap","1.00146048358443","0.0106365956489769","0.00701560606986263","0.992984393930137","0.0127398106688633","0.14072654326753","0.0115623351298298","0.00011819782232636","0.134968455292591","0.0526891122765359","0.01","0.1","","","","0.706924192722465","","","","","","","","",""
"37591","HOUSTMWMoMPercentChangeL1","BAA10YB_IndexMoMPercentChangeL0",NA,"0",NA,"-0.119374777048873","0.791189806604514","-7.18920546448511","5.39794865145723e-08","-0.0261137962244058","-0.605315004142216","0.795995529332197","0.00158593802503429","0.35467587472242","0.335695753390726",NA,"200.50820687326","207.253692599409","3.40760029859943e-07","70","No gap","1.00346707837279","0.0103703454095776","0.00702544952013673","0.992974550479863","0.00854921450706244","0.0259032722870442","0.0108584521589666","0.000140440268692088","0.158418268008362","0.0491294358093992","0.01","0.1","","","","0.793168159461581","","","","","","","","",""
"3831","CMRMTSPLMoMDifferenceL0","BAA10YB_IndexMoMPercentChangeL0",NA,"0",NA,"1.26450630522682e-06","0.79286671770806","-7.18929185161951","5.40352342461228e-08","0.0255474841905787","-0.605322277745519","0.524452045898423","0.000199458287455097","0.354664903968057","0.335684459967117",NA,"200.509396889638","207.254882615786","3.40957048705626e-07","70","No gap","1.00355796688854","0.0112619187991086","0.0069560125082688","0.993043987491731","0.0150968085316132","0.0170958394945624","0.00973134761326791","8.69204189425377e-05","0.119002482855883","0.0495674902144333","0.01","0.1","","","","1.65764235035757","","","","","","","","",""
"2959","DPCERA3M086SBEAMoMDifferenceL1","BAA10YB_IndexMoMPercentChangeL0",NA,"0",NA,"-0.0348555524205671","0.794380500512997","-7.12518480009301","8.41048916865533e-08","-0.0259712905432862","-0.599924607536759","0.833279329275395","5.29596132891365e-05","0.354655083354801","0.335674350512295",NA,"200.510462131094","207.255947857242","3.41133506553959e-07","70","No gap","1.02207589704748","0.0112674536937211","0.00838171849498963","0.99161828150501","0.0144347677624331","0.0382996619066747","0.0114994834426792","0.000173782531977862","0.125699647116344","0.0512293560009214","0.01","0.1","","","","1.08983644746993","","","","","","","","",""
"43265","DTCOLNVHFNMMoMPercentChangeL0","BAA10YB_IndexMoMPercentChangeL0",NA,"0",NA,"-2.14618964287377","0.799293733098951","-7.13046195706443","7.88911972685273e-08","-0.0254890452219094","-0.600368932338686","0.456711627350042","0.00244754089400641","0.35462374914588","0.335642094708994",NA,"200.513860842884","207.259346569032","3.41697115824324e-07","70","No gap","1.01814130498242","0.00956210113631938","0.0058810102954076","0.994118989704592","0.01511739721766","0.0778730753359999","0.00999673073134309","8.7317466985648e-05","0.140847085449324","0.0491765667573969","0.01","0.1","","","","0.706996659618046","","","","","","","","",""
"45157","VIX_IndexMoMPercentChangeL1","BAA10YB_IndexMoMPercentChangeL0",NA,"0",NA,"-0.112679361207","0.80338723689663","-7.09905447126159","1.41549503473674e-07","-0.025346541742799","-0.597724492352548","0.737823223803584","0.00178094788906181","0.354598270730875","0.335615866928842",NA,"200.516624275601","207.262110001749","3.42156062926868e-07","70","No gap","1.05981688795938","0.00931833304605873","0.00676875949067038","0.99323124050933","0.0158378175940156","0.0877795656668238","0.00947081059264945","6.50193898990015e-05","0.12843698059138","0.0539948661408623","0.01","0.1","","","","0.70680697280353","","","","","","","","",""
"45485","TED_G_IndexMoMPercentChangeL1","BAA10YB_IndexMoMPercentChangeL0",NA,"0",NA,"-0.129623713472639","0.806907553250985","-7.16932829328893","5.55049788596123e-08","-0.0241877886955987","-0.603641390830649","0.676274044058371","0.00182287009659636","0.354576814056747","0.335593779176063",NA,"200.518951418766","207.264437144914","3.42543029718811e-07","70","No gap","1.00002714683751","0.00945144176418468","0.00611009462722356","0.993889905372776","0.0139313122200723","0.0512995234094994","0.0103677931078516","9.1144545520172e-05","0.130931509363383","0.0523680300306795","0.01","0.1","","","","0.721897161093886","","","","","","","","",""
"45427","SPX_Index_14DRSIMoMPercentChangeL0","BAA10YB_IndexMoMPercentChangeL0",NA,"0",NA,"-0.111886818841437","0.806967762386526","-7.25449190283169","1.11241148820677e-07","-0.0250080087145667","-0.610811976080689","0.771831922242404","0.00203959094484936","0.354576450717638","0.33559340515051",NA,"200.518990825052","207.2644765512","3.42549586029861e-07","70","No gap","1.08437691695169","0.0118360242126308","0.00879086242984074","0.991209137570159","0.0145683603849499","0.117732860746544","0.0123711932754106","0.00012048877355475","0.139150120819982","0.0509209835911432","0.01","0.1","","","","0.706538216296097","","","","","","","","",""
"5547","INDPROMoMPercentChangeL0","BAA10YB_IndexMoMPercentChangeL0",NA,"0",NA,"-2.69021907690086","0.807756870278062","-7.16305132835909","5.72197810194421e-08","-0.0239567132501775","-0.603112884437102","0.799861580892502","0.00188940723436973","0.354571700054192","0.335588514761669",NA,"200.519506060694","207.264991786843","3.42635322336804e-07","70","No gap","1.00073542056004","0.0107070258576596","0.00762007794568843","0.992379922054312","0.0143284002920187","0.0971224534292006","0.0115378141097841","0.000139502824482607","0.137048252457914","0.0513507811373761","0.01","0.1","","","","0.743771328940221","","","","","","","","",""
"37207","HOUSTMWMoMDifferenceL0","BAA10YB_IndexMoMPercentChangeL0",NA,"0",NA,"-0.000721072680471704","0.808916535254075","-7.20861788626338","6.01172425067914e-08","-0.0242413276078489","-0.606949486593326","0.747736443962507","0.000188519198366784","0.354564756603423","0.335581367091759",NA,"200.52025910939","207.265744835538","3.42760669846953e-07","70","No gap","1.01757380940708","0.00990802096840899","0.00728033403755417","0.992719665962446","0.0152950471621202","0.136278716985791","0.0122459141689299","0.000105777689854536","0.132353711380426","0.0487378042710598","0.01","0.1","","","","0.708840607686265","","","","","","","","",""
"36279","HOUSTMoMDifferenceL1","BAA10YB_IndexMoMPercentChangeL0",NA,"0",NA,"-0.000275783254980806","0.81053342975833","-7.16758931249396","5.59332562647761e-08","-0.0238151495289908","-0.60349497254113","0.738461532919494","2.08685346378668e-05","0.354555151040418","0.335571479012195",NA,"200.521300862864","207.266786589012","3.42934148744867e-07","70","No gap","1.00013145818397","0.00900841548839702","0.00778835463708661","0.992211645362913","0.0140829696599903","0.0881368442991112","0.010512018547932","0.000115200814756578","0.155285015026448","0.0499171910497985","0.01","0.1","","","","0.740231996890887","","","","","","","","",""
"32407","USWTRADEMoMPercentChangeL1","BAA10YB_IndexMoMPercentChangeL0",NA,"0",NA,"-8.15605906780289","0.817466546969589","-7.14061593507776","7.12365452434074e-08","-0.0229257372044028","-0.601223874553589","0.523603958858645","0.001937772614332","0.354514956691744","0.335530102476795",NA,"200.525659898045","207.271145624193","3.43660993773476e-07","70","No gap","1.01233223366094","0.0102190671481554","0.00638047166779245","0.993619528332208","0.0136117607152835","0.136837232283686","0.0115555592074166","0.000106321621837324","0.141463036822697","0.0550007645639688","0.01","0.1","","","","0.788618695159983","","","","","","","","",""
"43129","DTCOLNVHFNMMoMDifferenceL0","BAA10YB_IndexMoMPercentChangeL0",NA,"0",NA,"-5.7243875154072e-06","0.818815172535516","-7.13453693603387","7.79049676194859e-08","-0.0229676759603138","-0.600712036444411","0.491047258989134","0.000191636227069104","0.354507324601383","0.335522245913189",NA,"200.526487559619","207.271973285767","3.43799175683834e-07","70","No gap","1.01806454155557","0.00961311395295343","0.00592332705165623","0.994076672948344","0.0150724207601215","0.0821402941888473","0.0101409213204827","8.95013283576107e-05","0.140574560430054","0.0492323864713538","0.01","0.1","","","","0.707723058111412","","","","","","","","",""
"32079","USWTRADEMoMDifferenceL1","BAA10YB_IndexMoMPercentChangeL0",NA,"0",NA,"-0.00134941088246152","0.819393698127697","-7.14110678378558","7.10148249320693e-08","-0.0226898583395937","-0.601265202915822","0.587785776377743","0.00013255565194862","0.354504069184492","0.335518894748742",NA,"200.526840590128","207.272326316276","3.43858132634267e-07","70","No gap","1.01219533946187","0.0102221900054375","0.00638809485478152","0.993611905145218","0.0136008076580425","0.13702675119611","0.0115470607151892","0.000106309511754388","0.141510947946064","0.0548987672651223","0.01","0.1","","","","0.793095505100217","","","","","","","","",""
"45445","SPX_Index_30DRSIMoMDifferenceL0","BAA10YB_IndexMoMPercentChangeL0",NA,"0",NA,"-0.00388899604849381","0.821274526546928","-7.30282864307977","4.67421255554215e-07","-0.0250473318275115","-0.614881821388077","0.829530562545412","5.41808377780353e-05","0.354493562454499","0.335508078997279",NA,"200.527979970066","207.273465696214","3.44048480926951e-07","70","No gap","1.24570239543835","0.0119957748002484","0.00863091196152368","0.991369088038476","0.00881768774378418","0.0699971496671528","0.0133780403608303","0.000149956488326497","0.14470472728927","0.0511858640327643","0.01","0.1","","","","0.711303099315939","","","","","","","","",""
"12799","IPMATMoMDifferenceL1","BAA10YB_IndexMoMPercentChangeL0",NA,"0",NA,"-0.0175978591378321","0.824405891365207","-7.19356011724671","5.61276360447678e-08","-0.0220285951273011","-0.605681656155077","0.803361437019497","3.74822247038815e-05","0.35447633021552","0.335490339927741",NA,"200.52984864334","207.275334369488","3.44360895243589e-07","70","No gap","1.00755263650098","0.0105264657210446","0.00733794944823298","0.992662050551767","0.00495616065026823","0.0152249366265058","0.0146396716195406","0.000184125952381375","0.123419583642783","0.0542908765768276","0.01","0.1","","","","1.03751460070362","","","","","","","","",""
"9657","IPDCONGDMoMDifferenceL1","BAA10YB_IndexMoMPercentChangeL0",NA,"0",NA,"-0.00880526617668758","0.829647114098691","-7.16938589760389","5.56341609203091e-08","-0.0212227992490139","-0.603646240984998","0.846120389486965","2.09271500200264e-05","0.354448212184485","0.335461394895793",NA,"200.532897670662","207.278383396811","3.44871256441337e-07","70","No gap","1.00003239313318","0.00925809118047962","0.00809174540423413","0.991908254595766","0.00615147304374516","0.0528061815435895","0.0119865086518628","0.000164045094430465","0.145951868977372","0.0500697857446768","0.01","0.1","","","","0.70647732040275","","","","","","","","",""
"4407","CMRMTSPLMoMPercentChangeL0","BAA10YB_IndexMoMPercentChangeL0",NA,"0",NA,"1.31060785928551","0.832195974631876","-7.1851820864944","5.48724554260022e-08","0.0205893100949605","-0.60497624472337","0.687494699326478","0.00196238705096941","0.354434864854906","0.335447654997697",NA,"200.534344964945","207.279830691093","3.45113776334394e-07","70","No gap","1.00330189475835","0.0109970664845377","0.00678005451209671","0.993219945487903","0.0150715564346933","0.0168380691044555","0.00989488506626944","8.90629198957438e-05","0.120900036848451","0.0496503757043187","0.01","0.1","","","","1.60107210445957","","","","","","","","",""
"4979","INDPROMoMDifferenceL0","BAA10YB_IndexMoMPercentChangeL0",NA,"0",NA,"-0.0220518352703038","0.833114683723788","-7.16445313909239","5.70449244657684e-08","-0.0207666582925752","-0.603230913762321","0.834824347315008","7.353205538462e-05","0.354430106219929","0.335442756402868",NA,"200.53486095195","207.280346678099","3.45200280360558e-07","70","No gap","1.00065897805664","0.0106061202721763","0.00756212177099085","0.992437878229009","0.0143588555728241","0.09754230576041","0.0115289639614762","0.000135071411521914","0.136240620856684","0.0510951843010956","0.01","0.1","","","","0.743439264441138","","","","","","","","",""
"37463","HOUSTMWMoMPercentChangeL0","BAA10YB_IndexMoMPercentChangeL0",NA,"0",NA,"-0.0943423785284937","0.835904517526857","-7.20816313407224","6.47434468756983e-08","-0.0206262300567966","-0.60691119747698","0.62376523521478","0.00188573006432722","0.354415825100653","0.335428055250672",NA,"200.536409455531","207.281895181679","3.45460013595478e-07","70","No gap","1.02337717077734","0.00977375091607786","0.00672649900293914","0.993273500997061","0.0148759529759514","0.106954887061409","0.0122274006781316","0.000111601777930681","0.141041196175622","0.0489296085426205","0.01","0.1","","","","0.715281396163276","","","","","","","","",""
"21361","UNRATEMoMDifferenceL1","BAA10YB_IndexMoMPercentChangeL0",NA,"0",NA,"0.178729538281079","0.842350784275893","-7.08865696983075","2.85930367765148e-07","0.0194678466341202","-0.596849046011117","0.833034239675138","0.000792095528243655","0.354383798093174","0.335395086272385",NA,"200.539882023483","207.285367749631","3.46043184329403e-07","70","No gap","1.12283521519426","0.0102792915683717","0.00617658076510983","0.99382341923489","0.0121281616893487","0.117686758421211","0.0101295926347899","8.92200718360936e-05","0.110600547970616","0.0531147921568798","0.01","0.1","","","","0.715848193681513","","","","","","","","",""
"10193","IPDCONGDMoMPercentChangeL1","BAA10YB_IndexMoMPercentChangeL0",NA,"0",NA,"-0.881263498152812","0.845624970450768","-7.16760264769989","5.61768040896746e-08","-0.0191664152113088","-0.603496095335613","0.866835340198117","0.00203982023904013","0.354368048027402","0.335378872969384",NA,"200.541589680684","207.287075406832","3.46330323308663e-07","70","No gap","1.00019763680243","0.00902247727611055","0.00798501661829451","0.992014983381705","0.0063529772580744","0.0521121764335059","0.0119505428254637","0.00016114415106161","0.144182690689776","0.0500082582233258","0.01","0.1","","","","0.70679867804413","","","","","","","","",""
"13309","IPMATMoMPercentChangeL1","BAA10YB_IndexMoMPercentChangeL0",NA,"0",NA,"-1.68206974376051","0.846906682277887","-7.19093890882847","5.69347229851077e-08","-0.0191577181957344","-0.605460956274905","0.846027776500626","0.00274491913231169","0.354361977044924","0.335372623428599",NA,"200.542247898999","207.287733625147","3.46441064835723e-07","70","No gap","1.00780665530666","0.0104895873624651","0.0072905628554777","0.992709437144522","0.00529284115607531","0.0176993429624078","0.014082873648198","0.00016958961413982","0.124794628217963","0.0536996217576947","0.01","0.1","","","","1.03116507358329","","","","","","","","",""
"45273","AAIIBULL_IndexMoMDifferenceL0","BAA10YB_IndexMoMPercentChangeL0",NA,"0",NA,"-0.00270083468003161","0.850487744613514","-7.23916432025598","1.31227764321298e-07","-0.0195999002712744","-0.609521427944856","0.833700445458351","0.000116113712366042","0.354345296098524","0.335355451866128",NA,"200.544056421921","207.28954214807","3.46745521184744e-07","70","No gap","1.0945698086092","0.011188127954885","0.00857423051777048","0.991425769482229","0.0147695531589658","0.0686573631656327","0.0119033934109709","0.000147289947491247","0.143052798632165","0.053227680616588","0.01","0.1","","","","0.713582852956153","","","","","","","","",""
"26353","UEMP27OVMoMDifferenceL1","BAA10YB_IndexMoMPercentChangeL0",NA,"0",NA,"0.000183639834849708","0.863118397110859","-7.128907358754","1.06097910820114e-07","0.0161001087466016","-0.60023803864155","0.883914294372049","0.000206339613768939","0.354289749998143","0.335298272056912",NA,"200.5500783091","207.295564035248","3.47761207608599e-07","70","No gap","1.04254360344814","0.00991293095900277","0.00594093156299228","0.994059068437008","0.0130390216597083","0.0931657928753576","0.0112554610085748","0.000128878101377961","0.128081191070467","0.0481330288866512","0.01","0.1","","","","0.734298935216786","","","","","","","","",""
"38207","HOUSTWMoMDifferenceL0","BAA10YB_IndexMoMPercentChangeL0",NA,"0",NA,"-0.00049254405971149","0.868506662594695","-7.16741541049726","5.63962062231486e-08","-0.0164473232421696","-0.603480330382359","0.882043941391689","0.000319927787573092","0.354267603409818","0.335275474098342",NA,"200.552479129898","207.297964856046","3.48166973029862e-07","70","No gap","1.0003059757437","0.0111782254295576","0.00838404873680307","0.991615951263197","0.00507601977605477","0.00501552155224188","0.0127732356669549","0.000149659825429804","0.133904008189906","0.0515612810713471","0.01","0.1","","","","0.740285440751884","","","","","","","","",""
"45481","TED_G_IndexMoMPercentChangeL0","BAA10YB_IndexMoMPercentChangeL0",NA,"0",NA,"-0.0910089222478817","0.869239818383102","-7.10808572275682","2.23292634267848e-07","-0.0171443980352729","-0.598484903508308","0.89029120571968","0.00272812496223713","0.354264661274465","0.335272445429596",NA,"200.552798068527","207.298283794675","3.48220912771424e-07","70","No gap","1.10451970379114","0.0101098679499836","0.00657851341071885","0.993421486589281","0.0137198520537497","0.134434507769594","0.0100080927189041","7.50013579777775e-05","0.138992091469949","0.0495756687560907","0.01","0.1","","","","0.740510018652513","","","","","","","","",""
"45397","AAIIBEAR_IndexMoMPercentChangeL1","BAA10YB_IndexMoMPercentChangeL0",NA,"0",NA,"0.0596652642658002","0.87909157073093","-7.15942432608514","6.073633376599e-08","0.0150197631395139","-0.602807498966158","0.846359659933553","0.00163468933871317","0.354226774825039","0.335233444672834",NA,"200.556904973483","207.302390699631","3.48916231018848e-07","70","No gap","1.004044380964","0.00992563662546782","0.00730997555899188","0.992690024441008","0.0142498012571802","0.124909234700853","0.0113184940480942","0.000105433306477165","0.130866142855256","0.0510381583864463","0.01","0.1","","","","0.750233368451783","","","","","","","","",""
"45365","AAIIBEAR_IndexMoMDifferenceL1","BAA10YB_IndexMoMPercentChangeL0",NA,"0",NA,"0.00200598424370274","0.889980137517316","-7.16564464927686","5.73219214076386e-08","0.013755996011574","-0.603331236252171","0.850308895087","7.05578449898253e-05","0.354188451554773","0.33519399424756",NA,"200.561058984856","207.306544711004","3.496209369791e-07","70","No gap","1.00101076348392","0.010068776602634","0.00754725847419672","0.992452741525803","0.0138630998048998","0.112834948298861","0.0113716251008115","0.000107768653757279","0.137975667377156","0.0511104956526214","0.01","0.1","","","","0.774574732616543","","","","","","","","",""
"36815","HOUSTNEMoMDifferenceL1","BAA10YB_IndexMoMPercentChangeL0",NA,"0",NA,"0.000446255924225607","0.892308113243965","-7.17239448095438","5.53868156731716e-08","0.0134541326347213","-0.603899556967169","0.875479117833491","8.56775655609515e-07","0.354180739066565","0.335186054921464",NA,"200.561894942268","207.307380668416","3.49762924622965e-07","70","No gap","1.00009614898363","0.010161856711616","0.00791398859437529","0.992086011405625","0.0139097695634703","0.131328123988273","0.0110798438392138","9.64886606459325e-05","0.14147922835646","0.0520933218011026","0.01","0.1","","","","0.707322386728191","","","","","","","","",""
"23513","UEMPLT5MoMPercentChangeL1","BAA10YB_IndexMoMPercentChangeL0",NA,"0",NA,"-0.248505891999349","0.894916677808018","-7.20545717668621","8.90862181120446e-08","-0.0134493245827757","-0.606683361923465","0.852573757736211","0.00240661570553616","0.354172297598637","0.335177365175068",NA,"200.562809902426","207.308295628574","3.49918397035687e-07","70","No gap","1.04944844085808","0.0101434834599919","0.0073633269364723","0.992636673063528","0.00520859729475679","0.0440864064061427","0.0124171492684252","0.000135031516113271","0.142703385127442","0.0482204850003801","0.01","0.1","","","","0.707788723163331","","","","","","","","",""
"45129","VIX_IndexMoMPercentChangeL0","BAA10YB_IndexMoMPercentChangeL0",NA,"0",NA,"0.0526198786418733","0.911577266852624","-7.22342977815662","2.74888278717978e-07","0.0118420706689025","-0.608196614728278","0.918516378000611","0.00171871020642726","0.354123361234392","0.335126989505992",NA,"200.568113818175","207.313599544323","3.50821014682978e-07","70","No gap","1.16141484242017","0.00908274843796539","0.00705053890699866","0.992949461093001","0.0145968262529942","0.164833759599327","0.0114739904655229","9.49696828284052e-05","0.135006878502833","0.0498180527348066","0.01","0.1","","","","0.715093821284864","","","","","","","","",""
"45101","VIX_IndexMoMDifferenceL1","BAA10YB_IndexMoMPercentChangeL0",NA,"0",NA,"0.00289733965699214","0.923808751167147","-7.19278098787353","8.14553724359494e-08","0.00968421674465637","-0.605616055206254","0.918094275318994","2.54705838052804e-05","0.354092880986891","0.335095612780624",NA,"200.571417184257","207.316902910405","3.51384356056528e-07","70","No gap","1.03790226111383","0.0103823485733678","0.00779476587210629","0.992205234127894","0.0139720447361473","0.0891946367985607","0.0112956900222836","0.000115933276129798","0.133012293993616","0.0489312198020114","0.01","0.1","","","","0.708724118058056","","","","","","","","",""
"35727","AWHMANMoMDifferenceL1","BAA10YB_IndexMoMPercentChangeL0",NA,"0",NA,"-0.0642407830065991","0.927459254782652","-7.16145193731371","6.31850411176798e-08","-0.00908259177915698","-0.602978219291969","0.92333700833515","0.00168907232246127","0.354084672601231","0.335087162971855",NA,"200.572306760062","207.31779248621","3.51536214804327e-07","70","No gap","1.00763262089423","0.00997637269958838","0.00720386921922334","0.992796130780777","0.00925792854433607","0.043754594359028","0.0116470433197942","0.000112026374591179","0.139172890864275","0.0510480763972303","0.01","0.1","","","","0.822877643571196","","","","","","","","",""
"44883","USGG10YR_IndexMoMPercentChangeL0","BAA10YB_IndexMoMPercentChangeL0",NA,"0",NA,"0.15316812836454","0.928646902913142","-7.09706555878121","5.1070341330224e-06","0.0108480784216165","-0.597557030374692","0.886453238428202","0.00532530726982889","0.354082089918872","0.335084504328251",NA,"200.57258665341","207.318072379558","3.51584008795314e-07","70","No gap","1.48816333353669","0.0100455626355751","0.00610114369507176","0.993898856304928","0.0138678866577635","0.0752474735614788","0.0108076175358989","9.3196160658171e-05","0.137646582227149","0.0509448411966306","0.01","0.1","","","","0.713855571711256","","","","","","","","",""
"36007","AWHMANMoMPercentChangeL1","BAA10YB_IndexMoMPercentChangeL0",NA,"0",NA,"-2.59459449868269","0.929902566127844","-7.16182616184067","6.30362650294704e-08","-0.00877515496615354","-0.603009728159285","0.926712310650003","0.00187267084753153","0.354079406176206","0.335081741651977",NA,"200.572877497794","207.318363223942","3.51633679618324e-07","70","No gap","1.0075359524611","0.00997429136662048","0.00720494502811039","0.99279505497189","0.0093101075085274","0.0442980175644442","0.0116252693808118","0.000111641043657462","0.139042846166712","0.0510012877255795","0.01","0.1","","","","0.822357913254851","","","","","","","","",""
"45313","AAIIBULL_IndexMoMPercentChangeL0","BAA10YB_IndexMoMPercentChangeL0",NA,"0",NA,"0.0396347335994742","0.930040227921764","-7.14747557281087","1.10108562931525e-07","0.00887851199917652","-0.60180144069262","0.909428568105138","0.00245605493126736","0.354079114877869","0.335081441786042",NA,"200.572909066502","207.31839479265","3.51639071416443e-07","70","No gap","1.05090583020791","0.0085217384387152","0.0064785283444386","0.993521471655561","0.0140766999866095","0.0892313513054935","0.0105705992046168","9.21000784427362e-05","0.132944754755912","0.0490115086047528","0.01","0.1","","","","0.720577064384897","","","","","","","","",""
"44053","ism_man_emplMoMPercentChangeL1","BAA10YB_IndexMoMPercentChangeL0",NA,"0",NA,"-0.213900518322312","0.930814196133575","-7.17783342248978","5.76288216114252e-08","-0.00862807734315566","-0.604357503667161","0.906041389431609","0.00204130198759789","0.354077487893874","0.335079766949576",NA,"200.573085386449","207.318571112597","3.51669187437231e-07","70","No gap","1.00468198969779","0.00964039451921155","0.0070215701866365","0.992978429813363","0.0140196259322738","0.0906991187939373","0.0108672838589989","9.82760687410211e-05","0.141805515405789","0.0502146716426291","0.01","0.1","","","","0.7265917195183","","","","","","","","",""
"44815","USGG10YR_IndexMoMDifferenceL0","BAA10YB_IndexMoMPercentChangeL0",NA,"0",NA,"0.0608530200324804","0.940007214332501","-7.10339466673786","8.57840725833997e-06","0.00939608731094041","-0.598089927094352","0.900274127463837","0.0050326348811719","0.354059559136566","0.335061310875877",NA,"200.575028337145","207.320514063293","3.52001220949028e-07","70","No gap","1.57757179434667","0.00972182660417077","0.00622041767547577","0.993779582324524","0.0132587729895654","0.0440845754485938","0.0108222283361552","9.3607645934024e-05","0.138027191193735","0.0504811600846151","0.01","0.1","","","","0.71573574062662","","","","","","","","",""
"45473","TED_G_IndexMoMDifferenceL0","BAA10YB_IndexMoMPercentChangeL0",NA,"0",NA,"-0.00125587696846562","0.940944141657911","-7.14900790975118","1.24720470719126e-07","-0.00758929028314077","-0.601930460032234","0.943784385072271","4.85692185007163e-06","0.354057876300202","0.335059578544325",NA,"200.575210704411","207.320696430559","3.52032402006763e-07","70","No gap","1.06241729342747","0.0101910171903244","0.00651604153181347","0.993483958468186","0.0103392638960094","0.127139990477329","0.0107999407143836","9.47286907868605e-05","0.136896200562271","0.0496651677666079","0.01","0.1","","","","0.775946834498139","","","","","","","","",""
"20025","CLF16OVMoMPercentChangeL1","BAA10YB_IndexMoMPercentChangeL0",NA,"0",NA,"0.947109800084182","0.956693350958272","-7.15618810387045","1.08748102378918e-07","0.0055088041383747","-0.602535016301284","0.935858654376194","0.0035626583876559","0.354033575147563","0.335034562651903",NA,"200.577844142647","207.323329868795","3.52482974252943e-07","70","No gap","1.0522963721428","0.010032662095188","0.00741533806184219","0.992584661938158","0.011577156290761","0.109583317633847","0.0103974268372362","9.40813978840271e-05","0.134610691810271","0.049603655281894","0.01","0.1","","","","1.32380348793545","","","","","","","","",""
"19569","CLF16OVMoMDifferenceL1","BAA10YB_IndexMoMPercentChangeL0",NA,"0",NA,"5.92325020157239e-06","0.956860588110678","-7.15634523949774","1.07810289172412e-07","0.00548747948679895","-0.60254824676929","0.937343234090261","0.000468663651894017","0.354033357405361","0.335034338505519",NA,"200.577867738226","207.323353464374","3.52487014021463e-07","70","No gap","1.05157783657907","0.0100360969701801","0.00743750079402093","0.992562499205979","0.0115194272536091","0.110844286344309","0.0104017001201719","9.41805086170922e-05","0.134982512374275","0.0495996415925252","0.01","0.1","","","","1.34331159921907","","","","","","","","",""
"13561","IPDMATMoMDifferenceL0","BAA10YB_IndexMoMPercentChangeL0",NA,"0",NA,"0.00283928961965525","0.969111290842931","-7.1668002312277","6.22332610252998e-08","0.00386339840530896","-0.603428533665191","0.97475308752744","3.12113112777963e-05","0.354019704747376","0.335020284298769",NA,"200.579347189171","207.324832915319","3.52740398890106e-07","70","No gap","1.00778862724895","0.0100680393256287","0.00662129057768328","0.993378709422317","0.0147961969222052","0.151415353530514","0.0109047434260782","9.83025052914144e-05","0.133494270632459","0.0498716510444794","0.01","0.1","","","","0.707377758845316","","","","","","","","",""
"45407","SPX_Index_14DRSIMoMDifferenceL0","BAA10YB_IndexMoMPercentChangeL0",NA,"0",NA,"0.000327505879565171","0.971584381394003","-7.15637962559857","2.21529417803394e-07","0.00374303892827962","-0.602551142001993","0.97347501705601","8.43212322182232e-06","0.354017498006466","0.335018012653715",NA,"200.579586316588","207.325072042736","3.5278137122674e-07","70","No gap","1.11837699647545","0.00992148180756931","0.00744532963254204","0.992554670367458","0.0123021600673285","0.126970667298971","0.0107237977565615","0.000101865455744865","0.132611162359107","0.0497325368688661","0.01","0.1","","","","0.707468076706578","","","","","","","","",""
"23089","UEMPLT5MoMDifferenceL1","BAA10YB_IndexMoMPercentChangeL0",NA,"0",NA,"-2.68860635695192e-05","0.972581458944139","-7.17913139855787","8.9527705386963e-08","-0.00348528518204768","-0.604466790346046","0.968863477259562","9.15304723676644e-05","0.35401666046014","0.335017150473673",NA,"200.579677074782","207.32516280093","3.52796923008825e-07","70","No gap","1.04197063296915","0.0101742889705846","0.00736195568377601","0.992638044316224","0.0052091142530692","0.0464141532150421","0.011373436387877","0.000111249371047006","0.135368044636356","0.0494287073032406","0.01","0.1","","","","0.707606243752667","","","","","","","","",""
"37335","HOUSTMWMoMDifferenceL1","BAA10YB_IndexMoMPercentChangeL0",NA,"0",NA,"-9.98259447212612e-05","0.973084122062987","-7.17247967045617","5.66680428807106e-08","-0.00335660010199363","-0.603906729732488","0.974187379896994","3.88126345850253e-06","0.35401624958156","0.335016727510429",NA,"200.579721598363","207.325207324511","3.52804552572472e-07","70","No gap","1.00172092003393","0.0101978322501893","0.00747399055985135","0.992526009440149","0.00807989312389253","0.0254108185259559","0.0110180816188114","0.000108686350353548","0.138228600552954","0.049802142886199","0.01","0.1","","","","0.837851788691834","","","","","","","","",""
"44781","USGG2YR_IndexMoMPercentChangeL1","BAA10YB_IndexMoMPercentChangeL0",NA,"0",NA,"-0.0231627932225595","0.97713138133198","-7.15889749184011","2.3427603322548e-07","-0.00291662166304197","-0.60276314070226","0.977714915589527","0.00244522076640306","0.354013218722829","0.335013607508795",NA,"200.580050027078","207.325535753226","3.52860837327107e-07","70","No gap","1.12464155521939","0.00958768092691068","0.006640047935285","0.993359952064715","0.0017116000972245","0.00759406800295516","0.0107319091742946","9.30923055022514e-05","0.133627086197928","0.0499457086056495","0.01","0.1","","","","0.708575675301224","","","","","","","","",""
"34427","CES0600000007MoMDifferenceL0","BAA10YB_IndexMoMPercentChangeL0",NA,"0",NA,"0.011772319761","0.981857388826401","-7.16888879174951","5.99077482995293e-08","0.00226523214673937","-0.603604385785033","0.974500471914897","0.00181083008833591","0.354010303848678","0.335010606903051",NA,"200.580365886065","207.325851612213","3.52914976464724e-07","70","No gap","1.00523900478016","0.010088290839826","0.00718998941683309","0.992810010583167","0.0146556872249536","0.0670618504917398","0.0108832767142883","0.00010189228781976","0.131273456162641","0.0499306312765704","0.01","0.1","","","","0.70980703599686","","","","","","","","",""
"34723","CES0600000007MoMPercentChangeL0","BAA10YB_IndexMoMPercentChangeL0",NA,"0",NA,"0.374972102943154","0.985929895609884","-7.16933759282697","5.97512966251416e-08","0.00175647020946452","-0.603642173830931","0.97994187968721","0.00206765401985616","0.354008331246639","0.335008576283305",NA,"200.580579638595","207.326065364743","3.52951618931563e-07","70","No gap","1.0051479571522","0.0101049739650661","0.00720192113293582","0.992798078867064","0.0146461085658364","0.0679304719666148","0.0109107395817696","0.000102326254308838","0.131513132908456","0.0499210641558575","0.01","0.1","","","","0.709906689434028","","","","","","","","",""
"43941","ism_man_emplMoMDifferenceL1","BAA10YB_IndexMoMPercentChangeL0",NA,"0",NA,"-0.000804584286293584","0.986039743324714","-7.17213455723207","5.83564032083511e-08","-0.00174081480582699","-0.603877671971696","0.982117790557857","0.000138052571381677","0.35400828495099","0.335008528626019",NA,"200.580584655216","207.326070381364","3.52952478910318e-07","70","No gap","1.00400241151557","0.00961884559329824","0.00700751702700746","0.992992482972993","0.0143599228504599","0.0936843057627174","0.0109675319677582","0.000102560671589091","0.137717815642941","0.0499316252884918","0.01","0.1","","","","0.72436450928252","","","","","","","","",""
"21801","UNRATEMoMPercentChangeL1","BAA10YB_IndexMoMPercentChangeL0",NA,"0",NA,"-0.0777123123227866","0.986928141408475","-7.17835243135087","2.8850240086432e-07","-0.00165031116246296","-0.604401203051252","0.984783664375323","0.00101861973232621","0.354007923872113","0.335008156927175",NA,"200.580623781901","207.326109508049","3.52959186655788e-07","70","No gap","1.15167324277067","0.010148507909262","0.00620116872012913","0.993798831279871","0.0103494789830787","0.101348116090849","0.0110709411182902","0.000105285092156793","0.117829288411366","0.0497699936713883","0.01","0.1","","","","0.721740656108596","","","","","","","","",""
"14065","IPDMATMoMPercentChangeL0","BAA10YB_IndexMoMPercentChangeL0",NA,"0",NA,"0.11991824512895","0.98821339081039","-7.16932565093698","6.14608358163995e-08","0.00147338882117857","-0.60364116835053","0.989680380138086","0.00242905542758576","0.354007443515515","0.335007662442442",NA,"200.580675833545","207.326161559693","3.52968110406415e-07","70","No gap","1.00745401393746","0.0101292727634497","0.00670414303974081","0.993295856960259","0.0146105655551232","0.148554313247417","0.0109699353198388","0.000101768810893521","0.134270045179951","0.0498873405305707","0.01","0.1","","","","0.707460420853193","","","","","","","","",""
"33669","USFIREMoMPercentChangeL1","BAA10YB_IndexMoMDifferenceL0",NA,"0",NA,"-139.569881464165","0.0246107980626741","-0.0446784467768427","5.81863113817532e-07","-0.167796072215015","-0.547462534644538","0.0455503024955015","0.00153460270580712","0.353014445980405","0.333985459097476",NA,"200.688194809402","207.43368053555","3.71891154649084e-07","70","No gap","1.00260150760438","0.0144243968240888","0.00632346748866173","0.993676532511338","0.0763517909997323","0.162375394967873","0.00156480877230544","3.99783635374185e-06","0.0661568352243485","0.0442032360268031","0.01","0.1","","","","0.74969454720087","","","","","","","","",""
"33357","USFIREMoMDifferenceL1","BAA10YB_IndexMoMDifferenceL0",NA,"0",NA,"-0.0166029033255383","0.0285162393321935","-0.0446900238752463","6.03125616004296e-07","-0.163092731054328","-0.547604393372698","0.0477130351692711","0.00131079330638393","0.35057092182944","0.331470066589129",NA,"200.952071641511","207.697557367659","4.22745339512254e-07","70","No gap","1.00266806919857","0.013531008575982","0.00594644629547658","0.994053553704523","0.0773301904787261","0.178779695965492","0.00146254022182596","3.37658086202453e-06","0.0650599916003998","0.0454667220208764","0.01","0.1","","","","0.759611372072855","","","","","","","","",""
"44487","ism_man_pricesMoMDifferenceL0","BAA10YB_IndexMoMDifferenceL0",NA,"0",NA,"0.0583339973346031","0.0298494192492716","-0.0404182800855927","9.47369678823747e-06","0.22948931389531","-0.495261041014979","0.152627696526331","0.00128070507173019","0.349813963960718","0.33069084525368",NA,"201.033614332455","207.779100058603","4.39824776932163e-07","70","No gap","1.08381784343468","0.0294394611338576","0.0174443055935033","0.982555694406497","0.0897050279362673","0.00776797625451227","0.00703624205953433","0.000925691181594912","0.00215246886978448","0.0928160506593862","0.01","0.1","","","","0.606178694367078","","","","","","","","",""
"40323","M2REALMoMPercentChangeL1","BAA10YB_IndexMoMDifferenceL0",NA,"0",NA,"-53.4048148691953","0.031222133923895","-0.0472079064530846","1.925522411765e-07","-0.162968314190561","-0.578456996304166","0.0448979714188807","0.000813125332994939","0.349069651174114","0.329924640914529",NA,"201.113702326661","207.859188052809","4.57271038145635e-07","70","No gap","1.00784879643879","0.0315176165406912","0.0179796632753913","0.982020336724609","0.0598179042490608","0.229095553418691","0.000563212093050318","7.05965933234243e-06","0.0918227971650944","0.0428683472485808","0.01","0.1","","","","0.698854585267373","","","","","","","","",""
"41011","BUSLOANSMoMPercentChangeL0","BAA10YB_IndexMoMDifferenceL0",NA,"0",NA,"-30.7619249215942","0.0324016985474186","-0.0452284843873635","4.70223480320183e-07","-0.154672070481063","-0.554202361252871","0.172040491860237","0.000458772776497701","0.348456198118557","0.329293145122044",NA,"201.179641012724","207.925126738872","4.72153270258957e-07","70","No gap","1.00050458392388","0.0151763748313471","0.00670329787408829","0.993296702125912","0.0215512121986333","0.11608408909568","0.00284605434717708","0.000103457218537217","0.0839788634268892","0.0420573648875393","0.01","0.1","","","","0.684708664665664","","","","","","","","",""
"3249","DPCERA3M086SBEAMoMPercentChangeL0","BAA10YB_IndexMoMDifferenceL0",NA,"0",NA,"-36.3671294405492","0.0336314067254199","-0.047170958674106","2.00015286055917e-07","-0.212927065208894","-0.57800426067461","0.0396375302317609","0.000775726765339813","0.347840423059785","0.328659259032132",NA,"201.245766878499","207.991252604647","4.87564181361755e-07","70","No gap","1.00769034264859","0.00818913063090448","0.00484031637706616","0.995159683622934","0.0814163611952037","0.150461339767375","0.00246763937115652","7.29810193500491e-06","0.0327829453911846","0.110740154194705","0.01","0.1","","","","0.841923101005645","","","","","","","","",""
"31753","SRVPRDMoMPercentChangeL1","BAA10YB_IndexMoMDifferenceL0",NA,"0",NA,"-155.147683932092","0.0340778046643283","-0.0459174187107978","3.40337308358087e-07","-0.101742019207166","-0.562644143770397","0.194314344497266","0.000529808585740111","0.347622550875694","0.328434978842626",NA,"201.269148434903","208.014634161051","4.9313289007813e-07","70","No gap","1.0002738311337","0.016437447393611","0.0067556451144591","0.993244354885541","0.0163695380248124","0.00442830282933941","0.00461481772786408","0.000115137310796154","0.0897886289414728","0.0640582001354915","0.01","0.1","","","","0.769350906271005","","","","","","","","",""
"31417","SRVPRDMoMDifferenceL1","BAA10YB_IndexMoMDifferenceL0",NA,"0",NA,"-0.00124622618760203","0.0368531661961218","-0.0458781412340407","3.54410599993916e-07","-0.0992363486614282","-0.562162861440076","0.199624966867103","0.000628972124901036","0.346330075734687","0.327104489726884",NA,"201.407693622847","208.153179348995","5.27459491306281e-07","70","No gap","1.00021090542261","0.0156444836207699","0.00644562395156532","0.993554376048435","0.0182478376285882","0.00766562228432278","0.00410994057098465","9.29372672054951e-05","0.0891126503979895","0.0641573274520463","0.01","0.1","","","","0.782209709655615","","","","","","","","",""
"32885","USTRADEMoMPercentChangeL0","BAA10YB_IndexMoMDifferenceL0",NA,"0",NA,"-102.193866842876","0.0369376689686338","-0.0448546865104409","5.93650085245596e-07","-0.204797033866444","-0.549622069234957","0.0822831038114396","0.00117094689449554","0.346292299876918","0.327065602814474",NA,"201.411738835179","208.157224561327","5.28496871710082e-07","70","No gap","1.00199056926596","0.0167067168436232","0.00843849951056828","0.991561500489432","0.0489949662915914","0.338385564301749","0.00759848514307149","6.44402568424907e-05","0.0820941473360357","0.0465697479551526","0.01","0.1","","","","0.660656410201711","","","","","","","","",""
"40819","BUSLOANSMoMDifferenceL0","BAA10YB_IndexMoMDifferenceL0",NA,"0",NA,"-0.015465149197932","0.0372201330327661","-0.0450070600229961","5.48513082963855e-07","-0.152735903586717","-0.551489161656786","0.144025731191315","0.000335107660720151","0.346166666023951","0.326936273848185",NA,"201.425190603812","208.170676329961","5.31961225513911e-07","70","No gap","1.00128608417359","0.0131422509622379","0.00585761637724029","0.99414238362276","0.0318372451799864","0.19393868679875","0.0017849894150154","3.64280421560892e-05","0.091393570394295","0.0416022776809165","0.01","0.1","","","","0.728701760761458","","","","","","","","",""
"32565","USTRADEMoMDifferenceL0","BAA10YB_IndexMoMDifferenceL0",NA,"0",NA,"-0.00648029296542283","0.0384984877113547","-0.0447915452083918","6.21439410209121e-07","-0.203452013858555","-0.548848374092124","0.0719821446107634","0.00065121807787556","0.3456100105339","0.326363246137838",NA,"201.484761299361","208.230247025509","5.47578012488614e-07","70","No gap","1.00236655975792","0.0161188446342477","0.00818029648387614","0.991819703516124","0.0491533297731381","0.342071311605765","0.00729217943343918","5.94657834190881e-05","0.0833429438049448","0.0465203607541188","0.01","0.1","","","","0.662683992586505","","","","","","","","",""
"2665","DPCERA3M086SBEAMoMDifferenceL0","BAA10YB_IndexMoMDifferenceL0",NA,"0",NA,"-0.293400888797978","0.0388263832335199","-0.0471951957075755","2.07710199942346e-07","-0.207855243207738","-0.578301246553321","0.0381994370881742","0.000845980663954442","0.345470275549778","0.326219401301242",NA,"201.499707134192","208.24519286034","5.51567566731137e-07","70","No gap","1.00837376769425","0.00727922301523161","0.00425648071769932","0.995743519282301","0.0831788742972241","0.150767089406545","0.00218961201586877","5.93052734021438e-06","0.0315775906791953","0.105423085114561","0.01","0.1","","","","0.900412014723361","","","","","","","","",""
"42543","WPSID62MoMDifferenceL0","BAA10YB_IndexMoMDifferenceL0",NA,"0",NA,"0.0358573684468171","0.040507923191895","-0.0427687961482097","2.13805163579279e-06","0.209964846199625","-0.524062836381553","0.12826918862452","0.0032655128453186","0.344772147491524","0.325500740064804",NA,"201.574330056122","208.31981578227","5.71926087267194e-07","70","No gap","1.0282637759375","0.0300468768119934","0.0246893156026985","0.975310684397302","0.0286132460522848","0.15953174428604","0.00476235813704251","0.000144862702933901","0.0334178093269283","0.0669456335499623","0.01","0.1","","","","1.01600685357525","","","","","","","","",""
"43827","INVESTMoMPercentChangeL1","BAA10YB_IndexMoMDifferenceL0",NA,"0",NA,"-35.2647102735053","0.0407669474962435","-0.0458820407944933","3.63962500886834e-07","-0.177104622269339","-0.562210644284007","0.0214704040863319","0.00124168115241331","0.344667253173529","0.325392760619809",NA,"201.585535340759","208.331021066908","5.75047319206767e-07","70","No gap","1.000226126002","0.0135166332806186","0.00740307587837023","0.99259692412163","0.130193008823278","0.163530957495229","0.000432383460980183","2.16095620952927e-07","0.0336816503977939","0.0386261068625284","0.01","0.1","","","","0.617368610098246","","","","","","","","",""
"40115","M2REALMoMDifferenceL1","BAA10YB_IndexMoMDifferenceL0",NA,"0",NA,"-0.00995041644838031","0.0412799923428575","-0.0473082317717116","2.03510870159098e-07","-0.154759710537042","-0.57968632178853","0.0536608053462815","0.000648466646289672","0.344461492393727","0.325180948052366",NA,"201.607510427414","208.352996153562","5.8121802537503e-07","70","No gap","1.00985695911283","0.0290232448389657","0.0165504016357667","0.983449598364233","0.0619771633285475","0.215049345993587","0.000608198094969102","6.6256882361726e-06","0.0864416874121789","0.0445139636560602","0.01","0.1","","","","0.716375983447644","","","","","","","","",""
"33045","USTRADEMoMPercentChangeL1","BAA10YB_IndexMoMDifferenceL0",NA,"0",NA,"-98.8975330817247","0.041902092145089","-0.0452040720675093","5.11498762923982e-07","-0.198981033369575","-0.553903227521328","0.146634614015156","0.000857796860169372","0.344215483104372","0.324927703195677",NA,"201.633774971138","208.379260697286","5.88680157176391e-07","70","No gap","1.00062646159103","0.017181882901787","0.0108077109005597","0.98919228909944","0.00338764105396584","0.00416590040901451","0.0102335102533345","0.000998129648550727","0.14523101555828","0.0549287840572402","0.01","0.1","","","","0.935323261464731","","","","","","","","",""
"28057","USGOODMoMPercentChangeL0","BAA10YB_IndexMoMDifferenceL0",NA,"0",NA,"-81.8927713471286","0.0440478840659691","-0.0423492965883551","2.91967336130047e-06","-0.17112535707233","-0.518922543714994","0.0678441556944907","0.000677379369008111","0.343394796505502","0.324082878755664",NA,"201.721322242374","208.466807968522","6.14252431363482e-07","70","No gap","1.03842958195949","0.00716388509830873","0.0034539471891437","0.996546052810856","0.0965885147285823","0.129808018194578","0.000660560900352385","4.70829018028862e-06","0.0546074090048126","0.0987390208883449","0.01","0.1","","","","0.819932785081428","","","","","","","","",""
"32725","USTRADEMoMDifferenceL1","BAA10YB_IndexMoMDifferenceL0",NA,"0",NA,"-0.00624063585015004","0.0447312789687122","-0.0452225653659274","5.15865952695515e-07","-0.19663732742291","-0.554129833161324","0.138147791908975","0.000597082326046433","0.343142022824852","0.323822670554995",NA,"201.748264996651","208.493750722799","6.22343661271785e-07","70","No gap","1.00058806203472","0.0168366274727836","0.0106498339178082","0.989350166082192","0.00360015136642634","0.00446601821068748","0.00979719088265628","0.000890279442087194","0.13958001252732","0.0549883718645126","0.01","0.1","","","","0.94999643486552","","","","","","","","",""
"30219","MANEMPMoMPercentChangeL0","BAA10YB_IndexMoMDifferenceL0",NA,"0",NA,"-116.389394772841","0.046950917155038","-0.0402480552408008","1.35016013670589e-05","-0.189237709798502","-0.493175209216601","0.0584470536507677","0.000412165340777624","0.342347596732541","0.323004878989381",NA,"201.832874192682","208.57835991883","6.48452234353059e-07","70","No gap","1.10623891706291","0.00407297735308911","0.00176002753290616","0.998239972467094","0.117859090790331","0.0888453574640624","0.00105857736997045","2.81481113406645e-06","0.0561076948412032","0.0924258082504411","0.01","0.1","","","","0.827443579983144","","","","","","","","",""
"42987","MZMSLMoMPercentChangeL0","BAA10YB_IndexMoMDifferenceL0",NA,"0",NA,"-46.928644927344","0.0470503699331008","-0.0469404766299798","2.42773881896217e-07","-0.117393928510824","-0.575180073775329","0.187978059234814","0.00071594221461238","0.342312912130172","0.322969174251648",NA,"201.836565896889","208.582051623037","6.49616025971689e-07","70","No gap","1.00634361850694","0.0224935980136537","0.00963750946329422","0.990362490536706","0.0255412286563891","0.0388861254540145","0.00341169310842644","0.000132625714093559","0.0974784983552694","0.0567250572489437","0.01","0.1","","","","0.741848193468469","","","","","","","","",""
"43707","INVESTMoMDifferenceL1","BAA10YB_IndexMoMDifferenceL0",NA,"0",NA,"-0.0110086300871514","0.0473935948219816","-0.0463279375141118","3.11221337283602e-07","-0.171942678970928","-0.567674391704128","0.0258717523352797","0.00114243808181777","0.342193788059911","0.322846546532262",NA,"201.84924355164","208.594729277788","6.53628519420302e-07","70","No gap","1.0018126611259","0.0130206023586819","0.00711847247902185","0.992881527520978","0.135793127191516","0.153473808221706","0.000396496218885554","2.18993856382355e-07","0.0320449952285006","0.0409512002313924","0.01","0.1","","","","0.629653885408334","","","","","","","","",""
"29871","MANEMPMoMDifferenceL0","BAA10YB_IndexMoMDifferenceL0",NA,"0",NA,"-0.00925683353225453","0.0508849685646252","-0.040300514167446","1.35920572502513e-05","-0.186240284896378","-0.49381800902317","0.102314960037002","0.00176300357037288","0.341030216563522","0.321648752344802",NA,"201.97295483774","208.718440563888","6.94107963883361e-07","70","No gap","1.10776151961303","0.00398910975519116","0.00172135881133962","0.99827864118866","0.117789135868468","0.093376333689943","0.00103482696587006","2.5884191063863e-06","0.0568593681783355","0.0916705440955457","0.01","0.1","","","","0.83584784270435","","","","","","","","",""
"27689","USGOODMoMDifferenceL0","BAA10YB_IndexMoMDifferenceL0",NA,"0",NA,"-0.00401336205762391","0.0517545590989221","-0.042513656972263","2.77985789984971e-06","-0.165159364227288","-0.520936515973672","0.110222045125831","0.00274653320310665","0.34075321867066","0.321363607455091",NA,"202.002373149274","208.747858875422","7.04097196768672e-07","70","No gap","1.03708160184918","0.00687787466747383","0.00328646803056695","0.996713531969433","0.0993536955191346","0.135681930557392","0.000660480079829976","4.25122154223967e-06","0.054156392739989","0.0976399690750549","0.01","0.1","","","","0.836526557717941","","","","","","","","",""
"38565","HOUSTWMoMPercentChangeL1","BAA10YB_IndexMoMDifferenceL0",NA,"0",NA,"-1.5457624736979","0.052505480582237","-0.0469014943911573","2.54958122298706e-07","-0.197153869916177","-0.574702409111235","0.0367499834585711","0.00147967971239272","0.340517862644578","0.321121329192948",NA,"202.027359212395","208.772844938543","7.12694243842904e-07","70","No gap","1.00625658994371","0.0072920476906592","0.00551625289306082","0.994483747106939","0.0432160572783623","0.267845314726709","0.00115921769570188","6.63221038025297e-05","0.0548668751902755","0.0799170041543654","0.01","0.1","","","","0.635706689679921","","","","","","","","",""
"27505","PAYEMSMoMPercentChangeL1","BAA10YB_IndexMoMDifferenceL0",NA,"0",NA,"-135.520457229938","0.0562267380714358","-0.0456064860286864","4.53259699359406e-07","-0.0941767623174684","-0.558834163645019","0.239034175083291","0.000806186115988075","0.339400677823957","0.31997128599525",NA,"202.145841228105","208.891326954253","7.54911788192203e-07","70","No gap","1.00000162591164","0.015870292644096","0.00684228397082226","0.993157716029178","0.0260726532813967","0.0185527561477456","0.003102685442345","6.14169948173204e-05","0.0770725796929898","0.063685742941177","0.01","0.1","","","","0.792572389748516","","","","","","","","",""
"43059","MZMSLMoMPercentChangeL1","BAA10YB_IndexMoMDifferenceL0",NA,"0",NA,"-44.7117749543979","0.0577434257703271","-0.0473926803098948","2.21605096815197e-07","-0.110311644762859","-0.580721102854033","0.114516713907918","0.000646116262788256","0.338967150933585","0.319525008313985",NA,"202.191764570583","208.937250296731","7.71939770216612e-07","70","No gap","1.01252106156054","0.0147950784805883","0.00651794945459367","0.993482050545406","0.0731500198964395","0.141505459224384","0.00117392975128393","5.11265845870579e-06","0.110498381937091","0.0637765594701904","0.01","0.1","","","","0.667735610911893","","","","","","","","",""
"37961","HOUSTSMoMPercentChangeL0","BAA10YB_IndexMoMDifferenceL0",NA,"0",NA,"-1.97853078216549","0.0583231809371572","-0.044814316332402","6.89183469098705e-07","-0.192254076665546","-0.549127397607189","0.0124642588005168","0.00184213054446148","0.338804547148518","0.319357622064651",NA,"202.208981362865","208.954467089013","7.78422138081325e-07","70","No gap","1.0026619032765","0.00317489990243203","0.00227231018381742","0.997727689816183","0.164761821403845","0.420257882803219","0.000183407429457969","2.17141649105912e-09","0.0243585265239952","0.061236768672108","0.01","0.1","","","","0.609295722525122","","","","","","","","",""
"42843","MZMSLMoMDifferenceL0","BAA10YB_IndexMoMDifferenceL0",NA,"0",NA,"-0.00330357867613078","0.0590648057686493","-0.0467452502782871","2.80449770574371e-07","-0.109580181860218","-0.572787888705401","0.167808296796566","0.000328899521126832","0.338598972326885","0.319146000924735",NA,"202.230741949472","208.97622767562","7.86693248211456e-07","70","No gap","1.00507468549471","0.0200473983521609","0.00887019907384731","0.991129800926153","0.0295016949793379","0.0775429140800961","0.00291246870399415","7.51031151210446e-05","0.0988415833514503","0.0564186413032567","0.01","0.1","","","","0.773146860733723","","","","","","","","",""
"44531","ism_man_pricesMoMDifferenceL1","BAA10YB_IndexMoMDifferenceL0",NA,"0",NA,"0.0497898777615214","0.0595609517949899","-0.0427340268762696","2.52570659042795e-06","0.195253486764295","-0.523636794853316","0.15024160564477","0.00240016864229107","0.338462933845729","0.31900596131178",NA,"202.245138229629","208.990623955777","7.92213461608959e-07","70","No gap","1.03407060707458","0.00742200898818848","0.00445873890736857","0.995541261092631","0.0602138126924033","0.0469639198578865","0.00180115530354141","0.000347969542572435","0.0106342221573437","0.0669588113181911","0.01","0.1","","","","0.699208462033301","","","","","","","","",""
"29517","USCONSMoMPercentChangeL0","BAA10YB_IndexMoMDifferenceL0",NA,"0",NA,"-36.9075690315411","0.0599045579648085","-0.0440997813930232","1.0478677862619e-06","-0.157159190803988","-0.540371920699985","0.0664456246106875","0.00111384160547285","0.338369408431804","0.318909685150386",NA,"202.255033844818","209.000519570966","7.96030354854871e-07","70","No gap","1.00951830521902","0.0115564848456852","0.00684960047771198","0.993150399522288","0.0838381810027795","0.193021179413848","0.00068361633235383","2.57590805463614e-06","0.0391571075475086","0.0798991095205811","0.01","0.1","","","","0.732400997400647","","","","","","","","",""
"27123","PAYEMSMoMDifferenceL1","BAA10YB_IndexMoMDifferenceL0",NA,"0",NA,"-0.000933774963338426","0.0609910608437623","-0.0455613280556952","4.73602575733031e-07","-0.0917217243910647","-0.558280825287563","0.245417423587721","0.000939444769781712","0.338077302650762","0.318608988022843",NA,"202.285931588303","209.031417314451","8.08066853652534e-07","70","No gap","1.0000176061591","0.0149708788695289","0.00644903034164927","0.993550969658351","0.0290000734367219","0.032330022631746","0.00277807209743088","4.95670932517678e-05","0.076448966769116","0.0638676309549452","0.01","0.1","","","","0.808790434524665","","","","","","","","",""
"42307","WPSID61MoMDifferenceL1","BAA10YB_IndexMoMDifferenceL0",NA,"0",NA,"0.16160268986676","0.0634279762638168","-0.0466131538349591","3.01511266686277e-07","0.189649660902993","-0.571169259167022","0.139166162281339","0.00181947728184722","0.337441357783759","0.317954338895047",NA,"202.353152081006","209.098637807154","8.3488563251688e-07","70","No gap","1.00407851950792","0.0279178920221406","0.016373038599819","0.983626961400181","0.0633540832672537","0.270042847537305","0.00299061893956368","0.000184857311428255","0.00452602041973464","0.0368264260349299","0.01","0.1","","","","0.635143888029588","","","","","","","","",""
"44575","ism_man_pricesMoMPercentChangeL0","BAA10YB_IndexMoMDifferenceL0",NA,"0",NA,"2.5461048389185","0.0691178285915462","-0.0405866513150622","1.31549442661322e-05","0.195319887557982","-0.497324159737682","0.280260863327894","0.000691590362301868","0.336050562744898","0.316522638119748",NA,"202.499936996832","209.24542272298","8.96582469156471e-07","70","No gap","1.11092199567445","0.0210041829574024","0.0126672006428308","0.987332799357169","0.135477943421305","0.000111009793941528","0.00360456909530714","0.000372428579770379","0.00119240975507958","0.098227434956298","0.01","0.1","","","","0.583280137459002","","","","","","","","",""
"42467","WPSID61MoMPercentChangeL1","BAA10YB_IndexMoMDifferenceL0",NA,"0",NA,"30.3974732985745","0.0719485433850629","-0.0465543829408653","3.20202345013977e-07","0.183968046204575","-0.570449116347273","0.143129864759702","0.0018919844138123","0.335402583724325","0.315855600892687",NA,"202.568219925532","209.31370565168","9.26817127711033e-07","70","No gap","1.00383219410062","0.0252637137129845","0.0146964767008433","0.985303523299157","0.0667764751600019","0.288152384938063","0.00268475114798958","0.000132880400582569","0.00458925231481811","0.03748334274779","0.01","0.1","","","","0.628338531352132","","","","","","","","",""
"42915","MZMSLMoMDifferenceL1","BAA10YB_IndexMoMDifferenceL0",NA,"0",NA,"-0.00314182403479074","0.0728524101859265","-0.0474745207736814","2.34572999358551e-07","-0.102622289058862","-0.581723926160871","0.113619682988933","0.00037383993820883","0.335201290990077","0.315648387783903",NA,"202.589418259478","209.334903985626","9.36409243146308e-07","70","No gap","1.01529914622419","0.0136885083644092","0.00606250376954402","0.993937496230456","0.0766814706348601","0.15719627674957","0.00109674315123687","4.25221096511663e-06","0.104430934956333","0.065674267106088","0.01","0.1","","","","0.683169436707773","","","","","","","","",""
"42695","WPSID62MoMPercentChangeL0","BAA10YB_IndexMoMDifferenceL0",NA,"0",NA,"6.40187187569251","0.0732045573286584","-0.0430907696500943","2.14280175592955e-06","0.184810917258741","-0.528008104002663","0.145137018444038","0.00357976641849702","0.335123574954319","0.315568385982388",NA,"202.597600893521","209.343086619669","9.40138334515339e-07","70","No gap","1.02888600727091","0.0192384436868122","0.0156287836675386","0.984371216332461","0.0441920641735658","0.200818608816498","0.00300709651550355","4.38048646376199e-05","0.0305241984407609","0.0728592681420994","0.01","0.1","","","","0.977064764099348","","","","","","","","",""
"17711","IPFUELSMoMDifferenceL1","BAA10YB_IndexMoMDifferenceL0",NA,"0",NA,"-0.11453595081373","0.0739849533060356","-0.0471178369623787","2.63651097614366e-07","-0.183051935922709","-0.577353339502436","0.0716559583141532","0.00190424855670603","0.334952736090209","0.315392522445803",NA,"202.615584963814","209.361070689963","9.48386527532818e-07","70","No gap","1.01003963851655","0.00142410826024041","0.000859537159556699","0.999140462840443","0.0314656578122093","0.275344135391199","0.00183601623431253","1.18343646824393e-05","0.0484718536530496","0.0373797274094387","0.01","0.1","","","","0.743854144583838","","","","","","","","",""
"38325","HOUSTWMoMDifferenceL1","BAA10YB_IndexMoMDifferenceL0",NA,"0",NA,"-0.00544334391725573","0.0751351765321421","-0.0471227462352026","2.64575220097734e-07","-0.182514309000025","-0.577413494748138","0.0395643221389091","0.00111095229446523","0.334704354189522","0.315136835195096",NA,"202.641723688083","209.387209414231","9.60503955593772e-07","70","No gap","1.01018440011222","0.00528065180580606","0.00379166802598195","0.996208331974018","0.0545422678169621","0.297922660467154","0.000860461486895852","4.2048591841648e-05","0.0365258093180933","0.082887314102871","0.01","0.1","","","","0.634712640311299","","","","","","","","",""
"29157","USCONSMoMDifferenceL0","BAA10YB_IndexMoMDifferenceL0",NA,"0",NA,"-0.00526586771625581","0.0783982738437078","-0.0445032229047648","8.92645757466768e-07","-0.146838850296159","-0.545315447803827","0.0851431236856789","0.00113108703041533","0.334020881387426","0.314433260251762",NA,"202.713599309298","209.459085035446","9.94628316819401e-07","70","No gap","1.00586952560437","0.0103656725957193","0.00597428444637462","0.994025715553625","0.0907461746900939","0.194452801594907","0.000681601646712726","2.35824136796126e-06","0.0373617609555733","0.0804656314560675","0.01","0.1","","","","0.757825725477729","","","","","","","","",""
"33513","USFIREMoMPercentChangeL0","BAA10YB_IndexMoMDifferenceL0",NA,"0",NA,"-112.125435467182","0.0784778416684353","-0.0446961594262792","7.99129960048418e-07","-0.134141287175669","-0.547679574686333","0.119954580641014","0.000433015108390147","0.334004591401888","0.314416491149002",NA,"202.715311502684","209.460797228832","9.95455830321568e-07","70","No gap","1.00402880476431","0.0435026885428958","0.0268038167512661","0.973196183248734","0.084322360803829","0.231706542227964","0.001205183653663","5.04789027000463e-06","0.0767530335290244","0.0619829382800773","0.01","0.1","","","","0.691174664332625","","","","","","","","",""
"18183","IPFUELSMoMPercentChangeL1","BAA10YB_IndexMoMDifferenceL0",NA,"0",NA,"-12.2779510346856","0.0809944388375","-0.0470371683581649","2.78973831410419e-07","-0.178740806067324","-0.576364875450636","0.0856049561666654","0.00190943649153009","0.333498150616566","0.313895155046465",NA,"202.768521153161","209.514006879309","1.02151841407938e-06","70","No gap","1.00940763033458","0.00149922120944463","0.00090853508006457","0.999091464919935","0.0312837072682779","0.276058908610331","0.00183848484397179","1.07468094930896e-05","0.0513534036790114","0.0384376438469992","0.01","0.1","","","","0.76448825888181","","","","","","","","",""
"18647","CUMFNSMoMDifferenceL1","BAA10YB_IndexMoMDifferenceL0",NA,"0",NA,"-0.476463635833657","0.081739763694586","-0.0442402144510394","1.05683867358288e-06","-0.178567490754391","-0.542092702048393","0.0944238803143372","0.00268834850558101","0.333351340245076","0.313744026722872",NA,"202.783938356208","209.529424082356","1.02919662003931e-06","70","No gap","1.00913480956594","0.00697872369845423","0.00443269900780932","0.995567300992191","0.00936779198952184","0.00906543664550378","0.00429797704397357","0.000200614247723885","0.0379942929496051","0.0649599480273615","0.01","0.1","","","","0.751368587568182","","","","","","","","",""
"19111","CUMFNSMoMPercentChangeL1","BAA10YB_IndexMoMDifferenceL0",NA,"0",NA,"-36.0596197088526","0.0842310838696555","-0.0442538406160354","1.05760410677101e-06","-0.177157960673157","-0.542259668793308","0.0973103166376341","0.002692773894354","0.332870671072787","0.313249220221987",NA,"202.834391795689","209.579877521838","1.05472964528897e-06","70","No gap","1.00909905124036","0.00691539310652982","0.00439010210779677","0.995609897892203","0.00948249480501666","0.00982887072779172","0.00413548186893848","0.000184853118757711","0.0384357601212271","0.064733781893664","0.01","0.1","","","","0.753794278949839","","","","","","","","",""
"33201","USFIREMoMDifferenceL0","BAA10YB_IndexMoMDifferenceL0",NA,"0",NA,"-0.0133703250957012","0.0850315204348287","-0.0447288507106667","8.02094229958591e-07","-0.130899637895489","-0.548080153817944","0.123945740294","0.000425855162002328","0.332719418811054","0.31309351936432",NA,"202.850260470354","209.595746196503","1.06289053403152e-06","70","No gap","1.00391153215165","0.039487472741409","0.0241849764635322","0.975815023536468","0.0860042856511132","0.238041538999285","0.00116470736775771","4.43382087844668e-06","0.075664867138436","0.0629884889084256","0.01","0.1","","","","0.696912700966826","","","","","","","","",""
"41107","BUSLOANSMoMPercentChangeL1","BAA10YB_IndexMoMDifferenceL0",NA,"0",NA,"-24.2022286835227","0.0934121910856122","-0.0456475024704463","5.08571548974403e-07","-0.120836729025493","-0.559336754195674","0.078309322771758","0.000912461647465928","0.331220766046506","0.311550788577285",NA,"203.007297956741","209.752783682889","1.14713492738172e-06","70","No gap","1.00000220381468","0.00471399187596618","0.00205923219662714","0.997940767803373","0.0880855331921385","0.296510884074536","0.000453195052485717","7.88671654428086e-07","0.0704321983450318","0.0431675599164106","0.01","0.1","","","","0.633868481472576","","","","","","","","",""
"20695","CE16OVMoMPercentChangeL0","BAA10YB_IndexMoMDifferenceL0",NA,"0",NA,"-85.7780502228098","0.0970318077630805","-0.0436167400148463","1.66522943903393e-06","-0.147793011420928","-0.534453025207584","0.0426273785830411","0.00187055564532482","0.330617144739223","0.310929413702141",NA,"203.070449490798","209.815935216946","1.18286690042879e-06","70","No gap","1.0210805013479","0.0108962967514452","0.00595074514257368","0.994049254857426","0.0744546752124537","0.183603355980102","0.000396095228032688","9.76827245757761e-08","0.0386356970596697","0.0579353921830279","0.01","0.1","","","","0.614733030331339","","","","","","","","",""
"20247","CE16OVMoMDifferenceL0","BAA10YB_IndexMoMDifferenceL0",NA,"0",NA,"-0.000570391243004156","0.0981615521218004","-0.0436241132860133","1.663892631595e-06","-0.147288258182291","-0.534543372791552","0.0506294178966705","6.82308331681309e-05","0.330433647321202","0.310740519301237",NA,"203.089635908424","209.835121634572","1.19394169917353e-06","70","No gap","1.02106481375644","0.0105573890161576","0.00573372009404051","0.99426627990596","0.0739856925516918","0.173899004500615","0.000398450282738809","9.41790685438093e-08","0.0398072426263637","0.0579243623471598","0.01","0.1","","","","0.61849963536925","","","","","","","","",""
"44619","ism_man_pricesMoMPercentChangeL1","BAA10YB_IndexMoMDifferenceL0",NA,"0",NA,"2.27396738410222","0.0984524590501486","-0.0421674914006446","4.78129306170433e-06","0.173874521537777","-0.516694813432143","0.18984097204194","0.00300101607790506","0.330386761806757","0.310692254801073",NA,"203.094537395924","209.840023122072","1.19678752930064e-06","70","No gap","1.06295918455764","0.00501246084823332","0.00270103149140349","0.997298968508597","0.100335452036973","0.048979020565374","0.000999988748882179","9.9987974301996e-05","0.00664801207684111","0.0701983639846396","0.01","0.1","","","","0.635276280683566","","","","","","","","",""
"9923","IPDCONGDMoMPercentChangeL0","BAA10YB_IndexMoMDifferenceL0",NA,"0",NA,"-7.83865581644166","0.100042522538967","-0.0427291819313454","3.1568360778519e-06","-0.170358498951677","-0.523577427842604","0.00784298627202483","0.00363230707032375","0.33013307719419","0.310431108876372",NA,"203.121052044829","209.866537770977","1.21230008498507e-06","70","No gap","1.04458243013196","0.00218774690711716","0.00131211806596155","0.998687881934038","0.213541060397874","0.158783551481257","0.000634957923166556","1.98725026656632e-07","0.0260156281927176","0.0442913375386367","0.01","0.1","","","","0.619181905485854","","","","","","","","",""
"15059","IPNMATMoMPercentChangeL0","BAA10YB_IndexMoMDifferenceL0",NA,"0",NA,"-10.6060585673148","0.104057744847073","-0.0435473547800848","1.79071694338429e-06","-0.16683184207666","-0.533602820707881","0.0182517909952846","0.00311703027634151","0.329511191088192","0.30979093200255",NA,"203.1860079808","209.931493706948","1.25115794424868e-06","70","No gap","1.0234932799673","0.0027110230694006","0.00148785502195425","0.998512144978046","0.211415319268408","0.084285392116621","0.000680292885220317","4.73403013567797e-07","0.0253330381303764","0.0701463916686839","0.01","0.1","","","","0.623230130778397","","","","","","","","",""
"40915","BUSLOANSMoMDifferenceL1","BAA10YB_IndexMoMDifferenceL0",NA,"0",NA,"-0.0120835031560052","0.104892157725315","-0.0457511878446436","4.99134995117533e-07","-0.118595941524589","-0.560607251759009","0.0700140769570756","0.000829087016509119","0.329385181817087","0.309661216576413",NA,"203.199162294643","209.944648020791","1.25917748239335e-06","70","No gap","1.00008456174417","0.00443199730002231","0.00195412502113878","0.998045874978861","0.0872943139791363","0.255109861783964","0.000471876283203977","6.43239218112157e-07","0.0677034091149604","0.0442262038609454","0.01","0.1","","","","0.656443683740687","","","","","","","","",""
"36945","HOUSTNEMoMPercentChangeL0","BAA10YB_IndexMoMDifferenceL0",NA,"0",NA,"-0.576865405851992","0.105185530203948","-0.0470018162664829","3.07546535055476e-07","-0.16423026890669","-0.575931692403476","0.0513024497002292","0.000907297373208104","0.329341133188111","0.309615872399526",NA,"203.20376002002","209.949245746168","1.26199259564697e-06","70","No gap","1.01033966151121","0.00261728338117941","0.00153985383148053","0.99846014616852","0.0653540173221484","0.378949551100832","0.000935829466655351","7.25155655856291e-07","0.0495707026189768","0.0637022087211068","0.01","0.1","","","","0.60437894943044","","","","","","","","",""
"37713","HOUSTSMoMDifferenceL0","BAA10YB_IndexMoMDifferenceL0",NA,"0",NA,"-0.00328882282812479","0.105753374037464","-0.0445961850442883","9.20452069916706e-07","-0.165768370334225","-0.546454549366236","0.0455821217106297","0.001036277585495","0.329256246961068","0.309528489518747",NA,"203.21261945687","209.958105183018","1.26743484651914e-06","70","No gap","1.00582597140612","0.0027333041444057","0.00187479469343397","0.998125205306566","0.16038811286958","0.37929120513432","0.000241285410120879","5.75958181148195e-09","0.0266123023539397","0.0654326111809512","0.01","0.1","","","","0.608383104875273","","","","","","","","",""
"16037","IPMANSICSMoMPercentChangeL0","BAA10YB_IndexMoMDifferenceL0",NA,"0",NA,"-14.7397885967438","0.105856016527049","-0.0425254100055997","3.77980614313441e-06","-0.168872554647597","-0.52108053050158","0.0591352521531314","0.00311880071782959","0.329240955257744","0.309512748059443",NA,"203.214215307784","209.959701033932","1.26841765102359e-06","70","No gap","1.05279324525487","0.00360210645343402","0.00210972315657525","0.997890276843425","0.283317590560376","0.44468837642025","0.000682977759413281","4.56101608148352e-07","0.018465947884902","0.0762938636384162","0.01","0.1","","","","0.582453404607063","","","","","","","","",""
"14563","IPNMATMoMDifferenceL0","BAA10YB_IndexMoMDifferenceL0",NA,"0",NA,"-0.108592330083023","0.116371521277428","-0.0435791555581684","1.82760105528513e-06","-0.161449735598691","-0.533992488116425","0.0298180487729969","0.00311792877514442","0.327753471699136","0.307981514984405",NA,"203.369276304953","210.114762031101","1.36763848790356e-06","70","No gap","1.02438138910078","0.0027551311298877","0.00152475309259657","0.998475246907403","0.215985749944337","0.113544934847262","0.000674081995997025","4.56053300124104e-07","0.0239194851783928","0.0701881656407763","0.01","0.1","","","","0.623754228188969","","","","","","","","",""
"15551","IPMANSICSMoMDifferenceL0","BAA10YB_IndexMoMDifferenceL0",NA,"0",NA,"-0.133103046732908","0.120282423410853","-0.0427458192404377","3.41121931317493e-06","-0.162265898924452","-0.523781291317331","0.0664408390634242","0.00313883879365859","0.327236936846699","0.307449787930426",NA,"203.423041633733","210.168527359881","1.40382423541308e-06","70","No gap","1.04928369441447","0.00354834346877357","0.00209104529675101","0.997908954703249","0.271678000159431","0.4467289499849","0.000693511880536895","4.73322256500097e-07","0.0187313664436998","0.076336654727062","0.01","0.1","","","","0.589152007816285","","","","","","","","",""
"39907","M2SLMoMPercentChangeL1","BAA10YB_IndexMoMDifferenceL0",NA,"0",NA,"-35.915999555296","0.121399053074039","-0.0464551365214192","3.86924072357104e-07","-0.0812455309929421","-0.569233011037799","0.118131345531278","0.00132107692567907","0.327092791570642","0.307301403087425",NA,"203.438038129644","210.183523855792","1.41408704024126e-06","70","No gap","1.00409915868847","0.00970659118965143","0.0041910904424474","0.995808909557553","0.0775334017668373","0.307905900384676","0.000525000362226491","7.29105332442082e-07","0.0912954857372678","0.0540964044456285","0.01","0.1","","","","0.677036459221764","","","","","","","","",""
"9387","IPDCONGDMoMDifferenceL0","BAA10YB_IndexMoMDifferenceL0",NA,"0",NA,"-0.0664678806586734","0.124392006347508","-0.0427449692458745","3.47320407139624e-06","-0.160120671664915","-0.523770876000515","0.0234658586468567","0.00369486184078215","0.3267134208755","0.306910874430662",NA,"203.477491512371","210.222977238519","1.44144660085832e-06","70","No gap","1.05038993242186","0.00226790070800978","0.00138233759940093","0.998617662400599","0.214353426428593","0.15637262414511","0.000617556634341107","1.93217217558939e-07","0.0241528770508607","0.0451060326150639","0.01","0.1","","","","0.620642834009356","","","","","","","","",""
"39799","M2SLMoMPercentChangeL0","BAA10YB_IndexMoMDifferenceL0",NA,"0",NA,"-35.2921941169794","0.129226475946555","-0.0457743616868402","5.20808497669221e-07","-0.0814048046310218","-0.560891209937989","0.213024111434639","0.00101174908254002","0.326121125279834","0.306301158376299",NA,"203.539044002824","210.284529728972","1.48519208964526e-06","70","No gap","1.00013559894372","0.0152107839311888","0.00676104517221621","0.993238954827784","0.062231008671368","0.282266326531957","0.00170475108109169","1.04303142787199e-05","0.0635329242608411","0.0679098637607367","0.01","0.1","","","","0.703624254033146","","","","","","","","",""
"8039","IPFINALMoMPercentChangeL1","BAA10YB_IndexMoMDifferenceL0",NA,"0",NA,"-20.9390808879741","0.141141232365074","-0.0439580126476474","1.5119832703902e-06","-0.151068612760088","-0.538634772650401","0.22524892809785","0.00290747511417759","0.324759109949468","0.304899083771511",NA,"203.68038224129","210.425867967438","1.59073173122692e-06","70","No gap","1.01839645426196","0.00535133854858462","0.00317204945384261","0.996827950546157","0.0351194792214807","0.0248597576335825","0.00274077656822233","0.000157094836116367","0.0237034830271499","0.0712277442065277","0.01","0.1","","","","0.598744124665676","","","","","","","","",""
"7491","IPFINALMoMDifferenceL1","BAA10YB_IndexMoMDifferenceL0",NA,"0",NA,"-0.201837462929384","0.148828127401317","-0.0439630289697772","1.53612435729499e-06","-0.148406579946456","-0.538696239613242","0.23033467828566","0.00293880333872541","0.323945869363551","0.304061924344832",NA,"203.764637488317","210.510123214465","1.65718121514224e-06","70","No gap","1.01898749710055","0.00522757556681342","0.00309143290467574","0.996908567095324","0.03659535342952","0.0264195913510265","0.00250413438241736","0.0001410146403652","0.0230470145835096","0.0706251817252833","0.01","0.1","","","","0.59828733737432","","","","","","","","",""
"39691","M2SLMoMDifferenceL1","BAA10YB_IndexMoMDifferenceL0",NA,"0",NA,"-0.00272555292551187","0.150593367779086","-0.0464945995506391","4.05992630051602e-07","-0.0734292727858608","-0.569716567015235","0.115025237742014","0.000264178913002091","0.32376566751986","0.303876422446915",NA,"203.783293462212","210.52877918836","1.67226595981784e-06","70","No gap","1.00521115369744","0.00921547902695016","0.00397397067004787","0.996026029329952","0.0774408428460799","0.27440597477078","0.000536149307415097","7.47181537974484e-07","0.0858450959970108","0.0567931682573794","0.01","0.1","","","","0.695141525063671","","","","","","","","",""
"39584","M2SLMoMDifferenceL0","BAA10YB_IndexMoMDifferenceL0",NA,"0",NA,"-0.00272755742845501","0.150693859799414","-0.0455928956722282","5.88955281405152e-07","-0.074995754752845","-0.558667635676165","0.196998509860229","0.000337823443224195","0.32375547945862","0.303865934736815",NA,"203.784348065447","210.529833791595","1.67312277377096e-06","70","No gap","1.00000792398425","0.0135220010724199","0.00610630631765638","0.993893693682344","0.0648474298124114","0.27666537456125","0.0014895313722238","6.6287065171311e-06","0.0655692545087989","0.0675673317758613","0.01","0.1","","","","0.729255335421979","","","","","","","","",""
"23719","UEMP5TO14MoMDifferenceL0","BAA10YB_IndexMoMDifferenceL0",NA,"0",NA,"0.00186631132428009","0.157395365970862","-0.0469180527083219","3.61360703364828e-07","0.144544060357489","-0.574905304666885","0.115302217654819","0.000711663117305504","0.323092584161938","0.303183542519642",NA,"203.852932639333","210.598418365481","1.72979743495727e-06","70","No gap","1.01191870684249","0.00890423328693471","0.00598210393127064","0.994017896068729","0.138375353418527","0.250472378479033","0.000734872876159673","1.97250952604922e-06","0.0271132446832993","0.096259054448607","0.01","0.1","","","","0.639919438936718","","","","","","","","",""
"44947","USGG30YR_IndexMoMDifferenceL0","BAA10YB_IndexMoMDifferenceL0",NA,"0",NA,"1.20053279248313","0.160559324881709","-0.0382215431716127","0.000218038282123054","0.169883490038114","-0.468343561880542","0.105711786209857","0.00559096053279539","0.322790450567808","0.302872522643331",NA,"203.884169751757","210.629655477905","1.75624257059415e-06","70","No gap","1.39785874029743","0.00424132746637387","0.0028493545209793","0.997150645479021","0.0491482478580391","0.225277650245116","0.00184021204337121","8.46900183049115e-06","0.0432015776246676","0.0847542387417747","0.01","0.1","","","","0.668465636536582","","","","","","","","",""
"16759","IPB51222SMoMDifferenceL1","BAA10YB_IndexMoMDifferenceL0",NA,"0",NA,"-0.0319300087157919","0.162072163961031","-0.0460496450378648","4.89472170032784e-07","-0.143427932667202","-0.56426436482518","0.116068338569388","0.0031941682505888","0.322648326873114","0.302726218839971",NA,"203.898858875437","210.644344601585","1.76881767122161e-06","70","No gap","1.00130693524277","0.00295913676904853","0.00191518773933746","0.998084812260663","0.131852641069929","0.14691122924355","0.000716847472669584","1.2183098960783e-05","0.016753334976337","0.0713498363335762","0.01","0.1","","","","0.615528925511762","","","","","","","","",""
"17239","IPB51222SMoMPercentChangeL1","BAA10YB_IndexMoMDifferenceL0",NA,"0",NA,"-3.22853999421454","0.163792787189781","-0.0459955316965864","5.01845257236224e-07","-0.142734843098794","-0.563601292827123","0.129663273010167","0.00321420497988464","0.322488475473418","0.302561665928519",NA,"203.915376554934","210.660862281082","1.78306574938336e-06","70","No gap","1.00100192692502","0.00328909592424955","0.00211888572643026","0.99788111427357","0.131404436565765","0.140289319593013","0.000730809006032446","1.30970394904839e-05","0.0174453468814217","0.0692697056473894","0.01","0.1","","","","0.619885839178121","","","","","","","","",""
"45011","USGG30YR_IndexMoMPercentChangeL0","BAA10YB_IndexMoMDifferenceL0",NA,"0",NA,"3.22147255067249","0.178211389830552","-0.0387888207831725","0.000157257661204271","0.16151850491646","-0.475294636984447","0.103920966379425","0.00540421119840832","0.321218870898984","0.301254720043072",NA,"204.046428427745","210.791914153893","1.90025479673839e-06","70","No gap","1.36809861773352","0.00412234984885419","0.00259459108796873","0.997405408912031","0.0527877162861113","0.295020691832604","0.00173845022818516","7.03349490593919e-06","0.040328541163587","0.0870148809854555","0.01","0.1","","","","0.65438775631869","","","","","","","","",""
"30909","DMANEMPMoMPercentChangeL0","BAA10YB_IndexMoMDifferenceL0",NA,"0",NA,"-64.401450709351","0.189828549959878","-0.04368425279474","2.08114019072786e-06","-0.125087762622778","-0.535280285783273","0.26849435552761","0.000698188419064252","0.320277744626293","0.30028591358589",NA,"204.143415818988","210.888901545136","1.99191431193846e-06","70","No gap","1.03129962835227","0.00448362290116792","0.00204193936269472","0.997958060637305","0.141696372929973","0.090285989270275","0.000962597479738309","8.10383526561598e-06","0.0388436711738682","0.0800195174771517","0.01","0.1","","","","0.765015223777626","","","","","","","","",""
"36681","HOUSTNEMoMDifferenceL0","BAA10YB_IndexMoMDifferenceL0",NA,"0",NA,"-0.00445607742584711","0.194229855929168","-0.0467838072117946","4.0288549264635e-07","-0.133970947036327","-0.573260341936633","0.132414518324124","0.000758318800443976","0.319938227122484","0.299936410273145",NA,"204.178371702079","210.923857428227","2.02602291043963e-06","70","No gap","1.01132519141779","0.00357641380076547","0.0022845618404222","0.997715438159578","0.0565568820679059","0.3447825940431","0.00119696378930132","1.6300846075179e-06","0.0373963526417563","0.0720185108456088","0.01","0.1","","","","0.601893739826413","","","","","","","","",""
"36413","HOUSTMoMPercentChangeL0","BAA10YB_IndexMoMDifferenceL0",NA,"0",NA,"-1.67312876891245","0.194716475817081","-0.0464170329982447","4.48976372056768e-07","-0.132867154821057","-0.56876611362124","0.193298373513553","0.0021103924336524","0.319901231459603","0.299898326502533",NA,"204.182179629634","210.927665355782","2.02977363861212e-06","70","No gap","1.0052947298471","0.00476358308053719","0.00316754222879767","0.996832457771202","0.0865559178063865","0.0878712593839076","0.00117443543052361","2.31148986784557e-06","0.0179362650142312","0.068562619038285","0.01","0.1","","","","0.634749016798998","","","","","","","","",""
"30565","DMANEMPMoMDifferenceL0","BAA10YB_IndexMoMDifferenceL0",NA,"0",NA,"-0.00817374782356567","0.196035519018534","-0.0437071835038056","2.07629364928439e-06","-0.123432628437879","-0.535561264756623","0.298554321172762","0.000997608583493962","0.319801481728016","0.299795642955311",NA,"204.192445740272","210.93793146642","2.03992017122623e-06","70","No gap","1.03141854538582","0.00448178328519703","0.00204589370697165","0.997954106293028","0.141086141978968","0.0943925613644372","0.000950734677097255","7.86918933426417e-06","0.0391497463402527","0.0795687249661321","0.01","0.1","","","","0.769945859015166","","","","","","","","",""
"16519","IPB51222SMoMDifferenceL0","BAA10YB_IndexMoMDifferenceL0",NA,"0",NA,"0.0295141138117686","0.199172189294425","-0.0449144292240041","9.07825180563863e-07","0.132037365946952","-0.550354120139886","0.0377616097240337","0.00295877274657753","0.319567345717501","0.299554620591545",NA,"204.216536796289","210.962022522437","2.06393023349793e-06","70","No gap","1.00438650735434","0.00151437075344504","0.00084779101935325","0.999152208980647","0.103385613580215","0.279739836266485","0.000941153104470726","4.01873355182492e-06","0.0135346999880703","0.0326247226467927","0.01","0.1","","","","0.598961402360954","","","","","","","","",""
"44739","USGG2YR_IndexMoMPercentChangeL0","BAA10YB_IndexMoMDifferenceL0",NA,"0",NA,"-1.05278861278533","0.208459364793534","-0.0489771977440275","3.80794556749955e-07","-0.131357427465471","-0.600136816542817","0.227025249631106","0.00470058644103457","0.318898311953602","0.298865909364002",NA,"204.285330312231","211.030816038379","2.13405950955092e-06","70","No gap","1.10107176887292","0.00832335295952762","0.00516374118362495","0.994836258816375","0.11396492407651","0.000915255559393741","0.00127578524578361","9.26314300432329e-05","0.0138500318803776","0.0460955440753542","0.01","0.1","","","","0.637483336288455","","","","","","","","",""
"39029","ISRATIOMoMPercentChangeL1","BAA10YB_IndexMoMDifferenceL0",NA,"0",NA,"-21.9265871460773","0.20951816548476","-0.0437369113433116","2.09571238275145e-06","-0.130311765250635","-0.535925531635613","0.241859711910721","0.0020945039641999","0.318824236791614","0.298789655520779",NA,"204.292942948466","211.038428674614","2.14196494219276e-06","70","No gap","1.03230393238373","0.0124160588394342","0.00886611249195446","0.991133887508046","0.084321517064167","0.444697364856678","0.000984321501288376","4.7828427067742e-06","0.0191601936277318","0.0573422131773748","0.01","0.1","","","","0.600105036631329","","","","","","","","",""
"38797","ISRATIOMoMDifferenceL1","BAA10YB_IndexMoMDifferenceL0",NA,"0",NA,"-15.9835563661281","0.21790479501193","-0.0437979961653161","2.03671828700141e-06","-0.127979519139953","-0.536674027921751","0.244945886123768","0.00214161247562688","0.318252483026856","0.298201085468822",NA,"204.351673717047","211.097159443195","2.20394729655293e-06","70","No gap","1.03136474239862","0.0119889021275541","0.00849027174323183","0.991509728256768","0.0875368001659602","0.451049070259863","0.000920978349902862","4.26226453809075e-06","0.0189050957341862","0.057114069510254","0.01","0.1","","","","0.599525556265003","","","","","","","","",""
"44395","ism_man_pmiMoMPercentChangeL0","BAA10YB_IndexMoMDifferenceL0",NA,"0",NA,"5.16531523467113","0.218087695769214","-0.0436451045042825","2.30220248410412e-06","0.128767682187199","-0.534800586423358","0.114695197045397","0.0015721437122058","0.318240301685004","0.29818854585221",NA,"204.352924453266","211.098410179414","2.20528660233033e-06","70","No gap","1.03685744346676","0.00356697524514288","0.00263033789976827","0.997369662100232","0.121606226458272","0.195008574818732","0.000316278428595423","1.11085072485029e-06","0.037649538098581","0.0644021142721706","0.01","0.1","","","","0.611850771120848","","","","","","","","",""
"44299","ism_man_pmiMoMDifferenceL0","BAA10YB_IndexMoMDifferenceL0",NA,"0",NA,"0.093267497853792","0.218136558579382","-0.043693624933109","2.21420171039918e-06","0.128663679527887","-0.535395126271174","0.122541022016581","0.00153758715389621","0.318237049406474","0.298185197918429",NA,"204.353258381709","211.098744107857","2.20564431518966e-06","70","No gap","1.03508198289812","0.00372132417397229","0.00274655302350925","0.997253446976491","0.117221208170419","0.195369267891885","0.000332961366025495","1.36498955038977e-06","0.0393225843125206","0.0653142178972166","0.01","0.1","","","","0.617315177762922","","","","","","","","",""
"24135","UEMP5TO14MoMPercentChangeL0","BAA10YB_IndexMoMDifferenceL0",NA,"0",NA,"3.59765051418481","0.21848997791234","-0.0468933858339339","4.09922755308412e-07","0.126697992202386","-0.574603051778782","0.205015872259397","0.00286247177574302","0.318213551412255","0.298161008806733",NA,"204.355670996311","211.101156722459","2.2082304954596e-06","70","No gap","1.01508516485853","0.00743529901863629","0.00486637599770494","0.995133624002295","0.134992081862152","0.243487402963616","0.000835099218607647","2.3944832114875e-06","0.0280970363768242","0.0900647408623885","0.01","0.1","","","","0.654065069142447","","","","","","","","",""
"45331","AAIIBULL_IndexMoMPercentChangeL1","BAA10YB_IndexMoMDifferenceL0",NA,"0",NA,"-0.556290074716512","0.220357474770195","-0.0457342434173769","6.03483153363977e-07","-0.12505891072147","-0.560399625044816","0.192566323444961","0.00201221363449971","0.318090121387266","0.298033948486892",NA,"204.368342588366","211.113828314514","2.22186356468868e-06","70","No gap","1.00010955690165","0.00463087562347395","0.00308073474217483","0.996919265257825","0.119581759826247","0.401717831881231","0.000871080168833915","1.32421665322013e-06","0.0367419256257747","0.0793644330438214","0.01","0.1","","","","0.725940374378099","","","","","","","","",""
"39477","M1SLMoMPercentChangeL1","BAA10YB_IndexMoMDifferenceL0",NA,"0",NA,"-14.2094428776292","0.220620022502612","-0.0462247765519332","4.96060728160946e-07","-0.106765591422625","-0.566410319966972","0.100743665034058","0.00169254900595031","0.318072867009587","0.298016186627516",NA,"204.370113777192","211.11559950334","2.22377583791733e-06","70","No gap","1.00339368316882","0.00518428593786723","0.00286617477812001","0.99713382522188","0.1102014005181","0.3100259919572","0.00051100230819405","1.91085771317212e-07","0.0503392943282558","0.0626544917133487","0.01","0.1","","","","0.623697058503308","","","","","","","","",""
"20919","CE16OVMoMPercentChangeL1","BAA10YB_IndexMoMDifferenceL0",NA,"0",NA,"-62.6559558065609","0.222887213437009","-0.0450238103626528","8.76281447888784e-07","-0.107686164890971","-0.551694410139358","0.339337871861215","0.00153589766616957","0.317924865523837","0.297863832156891",NA,"204.385304520331","211.130790246479","2.24024433925774e-06","70","No gap","1.00348284076841","0.0134032827388752","0.00799626436005892","0.992003735639941","0.0847158812973007","0.361273757596035","0.00182702470149909","5.65538026575663e-06","0.0244022761686174","0.0812309647911517","0.01","0.1","","","","0.691995446012427","","","","","","","","",""
"20471","CE16OVMoMDifferenceL1","BAA10YB_IndexMoMDifferenceL0",NA,"0",NA,"-0.000415490820387943","0.225897245412777","-0.0449884937655743","8.98010376125439e-07","-0.107024756516482","-0.551261662021497","0.311715261465699","0.000211498271458829","0.317731085421898","0.29766435264019",NA,"204.405188958184","211.150674684332","2.26198578967551e-06","70","No gap","1.00395328356553","0.0130667924761843","0.00779336343358369","0.992206636566416","0.0840827134576418","0.374042759902215","0.00180060690460748","5.11928634316927e-06","0.0251097901006894","0.0811845330471644","0.01","0.1","","","","0.70062966262698","","","","","","","","",""
"36141","HOUSTMoMDifferenceL0","BAA10YB_IndexMoMDifferenceL0",NA,"0",NA,"-0.00142700643083505","0.23276393572862","-0.0461975014152555","5.0799096845255e-07","-0.122670556921918","-0.566076107017875","0.179016068594206","0.000182992831649558","0.317300204899951","0.297220799161715",NA,"204.449382846768","211.194868572916","2.31106555759197e-06","70","No gap","1.00325530288456","0.00439156490631851","0.00296064447866639","0.997039355521334","0.0840921362413597","0.0951735542453541","0.00125987969381621","2.50247977107154e-06","0.017646028586293","0.0724310895860948","0.01","0.1","","","","0.635952149661503","","","","","","","","",""
"16999","IPB51222SMoMPercentChangeL0","BAA10YB_IndexMoMDifferenceL0",NA,"0",NA,"2.74323441792201","0.240180253311217","-0.045046001497686","8.81673509499215e-07","0.12073982627124","-0.551966326821973","0.0551639639929823","0.00299052573949521","0.31685146302639","0.296758858997755",NA,"204.495379069836","211.240864795984","2.36327819569393e-06","70","No gap","1.00347707504182","0.00157395495810503","0.000892797657182755","0.999107202342817","0.0990955019145384","0.272744727958257","0.000903228442406994","3.99519269678184e-06","0.0134291034075075","0.0360399361193613","0.01","0.1","","","","0.599520925497468","","","","","","","","",""
"40523","AMBSLMoMDifferenceL1","BAA10YB_IndexMoMDifferenceL0",NA,"0",NA,"0.00174250681680859","0.243724172905028","-0.0431235326791914","3.88000684620235e-06","0.123571986837985","-0.528409562250343","0.293612390443185","0.000272095809083714","0.316642829833063","0.296544089534036",NA,"204.516753768193","211.262239494341","2.38794154716615e-06","70","No gap","1.06557376008886","0.00272417706189543","0.00136353710714572","0.998636462892854","0.06695455010252","0.0954228418639638","0.00102292031988176","5.18279136260125e-05","0.0144666082392855","0.0684938474529601","0.01","0.096164972787373","","Fail","","0.655571027355099","","","","","","","","",""
"45291","AAIIBULL_IndexMoMDifferenceL1","BAA10YB_IndexMoMDifferenceL0",NA,"0",NA,"-0.0159730857968545","0.257944986199032","-0.0455586171092579","6.78842286450139e-07","-0.116274922578576","-0.558247606997427","0.190166794175747","0.00210603024312609","0.315840894953516","0.295718568334502",NA,"204.598852166611","211.344337892759","2.48508802747072e-06","70","No gap","1.00005152404227","0.00443081542683783","0.00299520142520672","0.997004798574793","0.112058127420555","0.383874069804443","0.000891877166875477","1.91738920274354e-06","0.0345010519703101","0.0789724604076201","0.01","0.1","","","","0.745184032290752","","","","","","","","",""
"11247","IPNCONGDMoMPercentChangeL1","BAA10YB_IndexMoMDifferenceL0",NA,"0",NA,"-13.1521603855514","0.257977510042831","-0.0437696001751405","2.28443723652686e-06","-0.11765105477852","-0.53632608071506","0.309279073502092","0.0025625245356916","0.315839122610937","0.2957167438642",NA,"204.599033504284","211.344519230432","2.48530691937532e-06","70","No gap","1.03830873922366","0.0048399656134693","0.00274447974059536","0.997255520259405","0.0443151206305117","0.0655406527753912","0.00137201849472812","5.86194692507869e-05","0.0284203364439576","0.0677496795573704","0.01","0.1","","","","0.60039074035378","","","","","","","","",""
"44443","ism_man_pmiMoMPercentChangeL1","BAA10YB_IndexMoMDifferenceL0",NA,"0",NA,"-4.65246418089281","0.266940384091102","-0.0475093487266159","4.24444428244916e-07","-0.116196003653294","-0.582150686730351","0.100411893557855","0.00113999169773493","0.31536081839825","0.295224371880552",NA,"204.64795415713","211.393439883278","2.54506864127979e-06","70","No gap","1.04086026434702","0.00325120472795069","0.00182573558157168","0.998174264418428","0.0788087201939547","0.300963066542893","0.000884253545391777","1.57076494355923e-06","0.0534064275181151","0.0724574225266927","0.01","0.1","","","","0.666187557075664","","","","","","","","",""
"25559","UEMP15T26MoMDifferenceL1","BAA10YB_IndexMoMDifferenceL0",NA,"0",NA,"-0.0015668620089033","0.268494292044593","-0.0469484589690391","4.4304229153141e-07","-0.113196885081913","-0.575277884507103","0.143168347142109","0.000383041758991196","0.315279891203368","0.295141064474056",NA,"204.656227958882","211.40171368503","2.5553170970305e-06","70","No gap","1.02027012764902","0.00290141292547708","0.00176497992925413","0.998235020070746","0.144195159078969","0.245063098954729","0.000398182560817913","4.99219283689456e-07","0.0207835956125227","0.0645267467308513","0.01","0.1","","","","0.658200447496496","","","","","","","","",""
"39253","M1SLMoMDifferenceL1","BAA10YB_IndexMoMDifferenceL0",NA,"0",NA,"-0.00411212563730097","0.269002643807808","-0.0462667155310672","5.16377060743585e-07","-0.0971959572868498","-0.566924214729961","0.116986515268331","0.00146421867786291","0.315253541019505","0.295113939284785",NA,"204.658921727265","211.404407453413","2.55866266674065e-06","70","No gap","1.00476240342876","0.005291227348894","0.00294626766033944","0.997053732339661","0.11048587689645","0.280244744475637","0.000509456873081252","2.88638914103245e-07","0.0467772353562959","0.0651502289561487","0.01","0.1","","","","0.631390773438347","","","","","","","","",""
"42619","WPSID62MoMDifferenceL1","BAA10YB_IndexMoMDifferenceL0",NA,"0",NA,"0.0192896515044219","0.271582580337466","-0.0450403422469481","9.13297439325927e-07","0.112388024504309","-0.551896981802692","0.223763426222534","0.0019973739047359","0.315120748033481","0.294977240622701",NA,"204.672495521881","211.417981248029","2.57558762550847e-06","70","No gap","1.00404101682609","0.0117067345964313","0.00814065058571824","0.991859349414282","0.107262380200636","0.355490659364948","0.0012557559784998","5.09696983841401e-06","0.0316925440295704","0.0485597175799519","0.01","0.1","","","","0.652058605868794","","","","","","","","",""
"10719","IPNCONGDMoMDifferenceL1","BAA10YB_IndexMoMDifferenceL0",NA,"0",NA,"-0.128098337068603","0.276369959318992","-0.0437947330351517","2.33253187592838e-06","-0.113441984672555","-0.536634043507798","0.314002443831581","0.00259227977944937","0.314878404300576","0.294727769132946",NA,"204.697260559814","211.442746285962","2.60675576135849e-06","70","No gap","1.04023096737716","0.00469257480024133","0.00266331734116892","0.997336682658831","0.0492668052281137","0.0751679939133842","0.00117659319136838","4.5821748317354e-05","0.0282174337997722","0.0671948513547195","0.01","0.1","","","","0.600122181723226","","","","","","","","",""
"40723","AMBSLMoMPercentChangeL1","BAA10YB_IndexMoMDifferenceL0",NA,"0",NA,"6.03569759770956","0.284432181201957","-0.0433806460489826","3.47184380785649e-06","0.113312714315287","-0.531560073229831","0.294211167386248","0.00198738965773568","0.314481808084823","0.294319508322612",NA,"204.737769723678","211.483255449826","2.65855388958958e-06","70","No gap","1.06251690027856","0.00272833335449665","0.0013466921685554","0.998653307831445","0.073196971418033","0.109501679152164","0.000941097331813546","3.26060011712759e-05","0.0157280972386289","0.0666043299586938","0.01","0.0970904918241129","","Fail","","0.653166804698307","","","","","","","","",""
"12287","IPBUSEQMoMPercentChangeL1","BAA10YB_IndexMoMDifferenceL0",NA,"0",NA,"-6.1480703508539","0.288161537925852","-0.0434868539030717","3.17551279275514e-06","-0.112328913879889","-0.532861479728789","0.0966445901505028","0.00378767920998324","0.314303060412828","0.294135503366147",NA,"204.756019722271","211.501505448419","2.68222482702196e-06","70","No gap","1.05762203782833","0.00446070169710435","0.00294835085142653","0.997051649148573","0.0916913968830515","0.242942660397409","0.000734237054275524","9.18192667342943e-07","0.0470186670957703","0.0494990120621689","0.01","0.1","","","","0.890310966702847","","","","","","","","",""
"11767","IPBUSEQMoMDifferenceL1","BAA10YB_IndexMoMDifferenceL0",NA,"0",NA,"-0.0574454436751855","0.288337807640513","-0.0434434225504971","3.30972193008969e-06","-0.112422250496591","-0.532329298328611","0.099663509137005","0.00386917966277042","0.31429468350391","0.294126880077554",NA,"204.756874881466","211.502360607614","2.68333915554031e-06","70","No gap","1.06002830365629","0.0044321480850407","0.002929637011705","0.997070362988295","0.0920377095107183","0.254338643504524","0.000740503387610936","9.33974226735579e-07","0.0454146468901361","0.0494401249551636","0.01","0.1","","","","0.904161835988337","","","","","","","","",""
"41475","REALLNMoMPercentChangeL1","BAA10YB_IndexMoMDifferenceL0",NA,"0",NA,"-30.1904329036717","0.296693653721438","-0.0454926504472388","7.23154668125476e-07","-0.0704509342313474","-0.557439291610561","0.133721321976858","0.00189698095741461","0.3139048080921","0.293725537741867",NA,"204.796663873224","211.542149599372","2.73570194120332e-06","70","No gap","1.00023429611844","0.00487739436125781","0.001925023425122","0.998074976574878","0.0725260095747982","0.0242188032455824","0.000512679330511326","6.65722579284989e-08","0.0543666875842839","0.0467951636989914","0.01","0.1","","","","0.641212886346318","","","","","","","","",""
"44347","ism_man_pmiMoMDifferenceL1","BAA10YB_IndexMoMDifferenceL0",NA,"0",NA,"-0.0776884725099915","0.305546789755613","-0.0472104704810625","4.66665689533549e-07","-0.107058417318012","-0.578488414344785","0.127145136330424","0.00126039937646571","0.313506583966463","0.293315601141948",NA,"204.837281563646","211.582767289794","2.79020939986108e-06","70","No gap","1.03389944211019","0.00326745006168533","0.00186783490235567","0.998132165097644","0.0818355258386922","0.299074146660578","0.000855572240067791","1.4402639684219e-06","0.0499313504139977","0.0715396580241456","0.01","0.1","","","","0.668602880297836","","","","","","","","",""
"41291","REALLNMoMDifferenceL1","BAA10YB_IndexMoMDifferenceL0",NA,"0",NA,"-0.00748983545512873","0.310810611479318","-0.045563974213034","7.04847175524042e-07","-0.0674755208264753","-0.55831324969146","0.146514253257252","0.00178416827820754","0.313276712224636","0.293078968466537",NA,"204.860717081192","211.60620280734","2.82215171187872e-06","70","No gap","1.00005438846575","0.00478661965875231","0.00188396004118457","0.998116039958815","0.0693797163105037","0.0215007714229971","0.000521238707553258","7.75867610158798e-08","0.0541217476510669","0.0490659990945089","0.01","0.1","","","","0.648530234385166","","","","","","","","",""
"41383","REALLNMoMPercentChangeL0","BAA10YB_IndexMoMDifferenceL0",NA,"0",NA,"-29.3346133892267","0.310901560520555","-0.0453806080730181","7.7467390865158e-07","-0.0682389750206693","-0.556066392447686","0.205622814487512","0.00194533802670856","0.313272784349573","0.293074925065737",NA,"204.86111746148","211.606603187628","2.8227005902659e-06","70","No gap","1.00083688273322","0.00695947445303781","0.0029352951574416","0.997064704842558","0.0750547436653833","0.298780815852862","0.000614083294356909","6.46351148270163e-07","0.0484698281583497","0.0478090949316978","0.01","0.1","","","","0.684510194524163","","","","","","","","",""
"45435","SPX_Index_14DRSIMoMPercentChangeL1","BAA10YB_IndexMoMDifferenceL0",NA,"0",NA,"-0.459836866729149","0.314808709220452","-0.0458319313075338","6.26696525780351e-07","-0.102525615981696","-0.561596633083536","0.230505939130198","0.00152624365110328","0.313105424360831","0.292902642724385",NA,"204.878174848519","211.623660574668","2.84618385670843e-06","70","No gap","1.00059113506013","0.00820427638460673","0.00589854682578225","0.994101453174218","0.0976462817688024","0.22775680663119","0.000597267838372487","3.05177153259173e-06","0.0427687280782601","0.0657188801715428","0.01","0.1","","","","0.655357161501785","","","","","","","","",""
"45467","SPX_Index_30DRSIMoMPercentChangeL1","BAA10YB_IndexMoMDifferenceL0",NA,"0",NA,"-0.859659606488848","0.317220251130232","-0.0464068919400167","5.2244738776179e-07","-0.103061358377314","-0.568641851256677","0.272493191318043","0.00141593546581492","0.31300345666181","0.292797675975393",NA,"204.888565393805","211.634051119953","2.8605843885865e-06","70","No gap","1.00862961268423","0.00599410910624716","0.004240750727212","0.995759249272788","0.0952446594370476","0.237528774476154","0.000504128443901322","3.08781375080169e-06","0.0367596545530698","0.0562358990960155","0.01","0.1","","","","0.683472054225774","","","","","","","","",""
"41645","WPSFD49207MoMDifferenceL1","BAA10YB_IndexMoMDifferenceL0",NA,"0",NA,"0.0957401150189113","0.336297450559912","-0.0457457109755424","6.58963524125021e-07","0.0983354666111543","-0.560540141533469","0.362576282326953","0.00221071773636883","0.312230792608138","0.292002286508378",NA,"204.967250056153","211.712735782301","2.97202696619703e-06","70","No gap","1.00021706610317","0.00978302493985024","0.00696028215603256","0.993039717843967","0.0734405532592189","0.314032876798961","0.0010124807235162","1.30569264832348e-05","0.0187532163342132","0.0569873617371962","0.01","0.1","","","","0.632003783340105","","","","","","","","",""
"45451","SPX_Index_30DRSIMoMDifferenceL1","BAA10YB_IndexMoMDifferenceL0",NA,"0",NA,"-0.0154293307750137","0.33772568865306","-0.0464938530880163","5.24719997810735e-07","-0.0992351137994155","-0.569707420315897","0.295009335857798","0.00152158800047678","0.312175266380363","0.291945127156256",NA,"204.972901194662","211.71838692081","2.98019590683207e-06","70","No gap","1.01159703221721","0.00502306060036018","0.00344703119765924","0.996552968802341","0.097379500739022","0.219316229410747","0.000519276705308494","3.12881922903685e-06","0.0336291815195465","0.0565150806231418","0.01","0.1","","","","0.676345081545381","","","","","","","","",""
"8849","IPCONGDMoMPercentChangeL0","BAA10YB_IndexMoMDifferenceL0",NA,"0",NA,"-9.90549101707611","0.344815705938591","-0.043823509011714","2.67517027889007e-06","-0.0987735621389366","-0.536986646836745","0.374195847166226","0.00243827027774537","0.311904160597883","0.291666047674291",NA,"205.000486224483","211.745971950631","3.02039459054715e-06","70","No gap","1.05163607202054","0.00536581377975137","0.00314573113013222","0.996854268869868","0.162278319558186","0.368618877491168","0.00070398673848836","3.42841843359309e-07","0.0226743130696419","0.0792733484229178","0.01","0.1","","","","0.604806453479889","","","","","","","","",""
"41815","WPSFD49207MoMPercentChangeL1","BAA10YB_IndexMoMDifferenceL0",NA,"0",NA,"18.5674519141068","0.344865807173366","-0.045746183047108","6.62274730011071e-07","0.0966058323128005","-0.560545926011544","0.368007619573608","0.00223141389694528","0.311902271280347","0.291664102788593",NA,"205.000678424521","211.746164150669","3.02067657054206e-06","70","No gap","1.00022664252988","0.00954649855701073","0.00674954799681327","0.993250452003187","0.0743923131313168","0.319520633448473","0.000994538044659345","1.20733302368947e-05","0.0189009362540305","0.0570772489533444","0.01","0.1","","","","0.629172775682442","","","","","","","","",""
"41199","REALLNMoMDifferenceL0","BAA10YB_IndexMoMDifferenceL0",NA,"0",NA,"-0.00689735488181821","0.351071502794748","-0.0454478991818142","7.66887263749805e-07","-0.0619559284302777","-0.556890936800461","0.246714519021815","0.00188346796351615","0.311671053251391","0.291426084229373",NA,"205.024196222406","211.769681948555","3.055379375283e-06","70","No gap","1.00052111900215","0.00672529828454015","0.00282828732127539","0.997171712678725","0.0746834774833232","0.286714047265013","0.000640401832654494","6.56478182925468e-07","0.0472230963477363","0.0503147697992983","0.01","0.1","","","","0.69834101498269","","","","","","","","",""
"41981","WPSFD49502MoMDifferenceL1","BAA10YB_IndexMoMDifferenceL0",NA,"0",NA,"0.0635240959961948","0.362778465985259","-0.0457624271835032","6.64600983634958e-07","0.0934478613089813","-0.56074497178698","0.396214087312455","0.00220440547438602","0.311249497655083","0.290992129939056",NA,"205.067053433997","211.812539160145","3.11964784915908e-06","70","No gap","1.00031492796105","0.00972575372160808","0.00690242844230447","0.993097571557696","0.0747075550415351","0.317712388005391","0.00105201682835316","1.2955742551557e-05","0.0196806289578329","0.0594195695309571","0.01","0.1","","","","0.639252690012649","","","","","","","","",""
"42771","WPSID62MoMPercentChangeL1","BAA10YB_IndexMoMDifferenceL0",NA,"0",NA,"3.22984399087314","0.366688771339172","-0.0450703283497777","9.71076517856719e-07","0.0927415374184005","-0.552264413283496","0.281271720842904","0.00221582553380488","0.311112789944444","0.290851401413399",NA,"205.080946113749","211.826431839897","3.14077002150359e-06","70","No gap","1.00538125301582","0.00864457115791389","0.00581212490758168","0.994187875092418","0.10934654640918","0.357147053452783","0.00103650790260582","2.99742103149203e-06","0.0318091781072275","0.0517581790091762","0.01","0.1","","","","0.636736787819011","","","","","","","","",""
"42147","WPSFD49502MoMPercentChangeL1","BAA10YB_IndexMoMDifferenceL0",NA,"0",NA,"12.8717842751711","0.378290409915686","-0.0457605918178669","6.70784778526771e-07","0.0904675118767613","-0.560722482331869","0.406020294127328","0.00223385690971256","0.310718704486043","0.290445725206221",NA,"205.120978929371","211.866464655519","3.20243836937628e-06","70","No gap","1.00032687116435","0.00932701812803191","0.00656632175261229","0.993433678247388","0.0758915811954863","0.323999448966633","0.00101760358969815","1.14306548368859e-05","0.0199893328951674","0.0595756436047759","0.01","0.1","","","","0.635144799203561","","","","","","","","",""
"13811","IPDMATMoMDifferenceL1","BAA10YB_IndexMoMDifferenceL0",NA,"0",NA,"-0.0673116375600617","0.378652644082552","-0.0467179040040505","5.39240588278812e-07","-0.0916156433357139","-0.57245280407989","0.338486661727941","0.00435053773327786","0.310706670033593","0.290433336799287",NA,"205.122201078185","211.867686804333","3.2043399496029e-06","70","No gap","1.02175232971494","0.00533916236515573","0.00310711519716315","0.996892884802837","0.0609111285264195","0.0527522759968876","0.00153751464745339","1.00644214172663e-05","0.0225261834222449","0.0737553583281801","0.01","0.1","","","","0.672182810433637","","","","","","","","",""
"17475","IPFUELSMoMDifferenceL0","BAA10YB_IndexMoMDifferenceL0",NA,"0",NA,"0.0565150278733459","0.380549128323265","-0.0457117994906784","6.8568886831649e-07","0.0901709586926263","-0.560124610806763","0.27537022378902","0.00162735309773835","0.310643924072859","0.290368745369119",NA,"205.128572846432","211.87405857258","3.21427229121873e-06","70","No gap","1.00013326152701","0.0025917905901684","0.00157095400183687","0.998429045998163","0.0901829263503687","0.109490679578459","0.000345435807570978","4.38881513353806e-08","0.0524066516515317","0.052293810184102","0.01","0.1","","","","0.593901143392575","","","","","","","","",""
"25959","UEMP15T26MoMPercentChangeL1","BAA10YB_IndexMoMDifferenceL0",NA,"0",NA,"-1.44270441415137","0.381986128267781","-0.0465131611690722","5.50353527214833e-07","-0.0901350071683736","-0.569944009807176","0.265959932621981","0.00265024350547708","0.310596670037341","0.290320101509027",NA,"205.133371047588","211.878856773736","3.2217720649097e-06","70","No gap","1.01455630391537","0.00328459722359575","0.00209647536147703","0.997903524638523","0.141390657890351","0.252268051175917","0.00051032129644226","6.9761149079639e-07","0.0246479832080611","0.0659957779081242","0.01","0.1","","","","0.695276475352165","","","","","","","","",""
"23927","UEMP5TO14MoMDifferenceL1","BAA10YB_IndexMoMDifferenceL0",NA,"0",NA,"0.00111263934656988","0.384779511216351","-0.0452654973030787","8.67787531957317e-07","0.089183079245724","-0.554655895028412","0.235805473174844","0.000674851934062271","0.310505520420375","0.290226271020974",NA,"205.14262550162","211.888111227768","3.23628659359976e-06","70","No gap","1.00244571841895","0.0036572364649186","0.00269198359905065","0.997308016400949","0.0746049368968035","0.250470829022448","0.000873781582822188","1.38872430122117e-06","0.0528737529804421","0.0789008864409938","0.01","0.1","","","","0.626456115176944","","","","","","","","",""
"17947","IPFUELSMoMPercentChangeL0","BAA10YB_IndexMoMDifferenceL0",NA,"0",NA,"6.14107467535323","0.385270715378771","-0.0457013025223649","6.90514714352403e-07","0.0892424215341374","-0.559995987336309","0.268912349532243","0.00166015993610159","0.310489588002381","0.290209870002451",NA,"205.144243000248","211.889728726396","3.23883015596049e-06","70","No gap","1.00010444470282","0.00264933785214212","0.00161454809123395","0.998385451908766","0.0928078449498292","0.107864406779128","0.000352069279237806","5.03285249031649e-08","0.0509404465201386","0.0521130947312848","0.01","0.1","","","","0.593722850597242","","","","","","","","",""
"9119","IPCONGDMoMPercentChangeL1","BAA10YB_IndexMoMDifferenceL0",NA,"0",NA,"-8.84127112435308","0.389853690718303","-0.0447406528973975","1.26400767733524e-06","-0.0882756712379872","-0.548224770641672","0.534620747233025","0.0024910253175089","0.310342301039016","0.290058251069575",NA,"205.159194168844","211.904679894992","3.2624361376854e-06","70","No gap","1.01503173300758","0.00579638207674842","0.00320984367349085","0.996790156326509","0.021755173465593","0.0451746276463072","0.0013289886847915","2.9937765024135e-05","0.0343998045562007","0.0689882046548883","0.01","0.1","","","","0.601557816124006","","","","","","","","",""
"28793","CES1021000001MoMPercentChangeL0","BAA10YB_IndexMoMDifferenceL0",NA,"0",NA,"7.9858954097657","0.392667572364444","-0.0457735290701506","6.72230222770688e-07","0.0870994610930731","-0.560881007559076","0.0784172324479551","0.00240290153469242","0.31025307410851","0.289966399817584",NA,"205.168250083304","211.913735809452","3.27681785339262e-06","70","No gap","1.0004174901671","0.00592647520502028","0.00281185948856887","0.997188140511431","0.0945473777751856","0.105004014271122","0.000763144168293659","3.24641005855497e-07","0.0358876541707812","0.0508571153123691","0.01","0.1","","","","0.593585588771964","","","","","","","","",""
"8309","IPCONGDMoMDifferenceL0","BAA10YB_IndexMoMDifferenceL0",NA,"0",NA,"-0.088780601445665","0.39526943645401","-0.0439494176607972","2.67697449158031e-06","-0.0891674265085707","-0.538529454904918","0.440840042956749","0.00237780523849731","0.31017137304207","0.289882295778601",NA,"205.176541147386","211.922026873534","3.2900404945968e-06","70","No gap","1.05510342155313","0.00515771772312592","0.00302220698480918","0.996977793015191","0.157190838290366","0.358200246518617","0.000687144896931907","3.93713911472915e-07","0.0220645587672685","0.0778910788338949","0.01","0.1","","","","0.604757745844326","","","","","","","","",""
"22231","UEMPMEANMoMDifferenceL1","BAA10YB_IndexMoMDifferenceL0",NA,"0",NA,"-0.102288645982741","0.401321129049915","-0.0457862954086724","6.71696150158791e-07","-0.0840866461959914","-0.561037438512914","0.372928741010511","0.00226944243258371","0.309984274089286","0.289689693915442",NA,"205.195524341756","211.941010067904","3.32051629636787e-06","70","No gap","1.00051158022242","0.00455291117038382","0.00271753087233145","0.997282469127669","0.0954192627729623","0.245130845234359","0.00087511359342791","4.15215325944018e-06","0.0236884898450566","0.0897941611192624","0.01","0.1","","","","0.609630616672291","","","","","","","","",""
"6666","IPFPNSSMoMPercentChangeL0","BAA10YB_IndexMoMDifferenceL0",NA,"0",NA,"-10.6261445018633","0.406323318802861","-0.0438629188736139","3.02949799747619e-06","-0.0872295313690705","-0.537469551334152","0.484523211438825","0.00226458072045281","0.309832650635528","0.289533610948338",NA,"205.210904390962","211.95639011711","3.34541446389558e-06","70","No gap","1.06384596701117","0.00451574033547914","0.00262959852059015","0.99737040147941","0.159822232559653","0.331689505632519","0.000634572014444477","6.18267689156404e-07","0.0182654142352991","0.0755665265386387","0.01","0.1","","","","0.609613916145581","","","","","","","","",""
"8579","IPCONGDMoMDifferenceL1","BAA10YB_IndexMoMDifferenceL0",NA,"0",NA,"-0.0846166390283791","0.408004589504374","-0.0447530849970168","1.27695695497274e-06","-0.0850792599120849","-0.548377106035124","0.537751429098152","0.00255413961428661","0.309782292278492","0.289481771463154",NA,"205.216011784694","211.961497510842","3.35372385007471e-06","70","No gap","1.01577598709311","0.00563888661804846","0.00321506784309591","0.996784932156904","0.0252171341956559","0.0501775969202034","0.00120443953042967","2.42219205288663e-05","0.0344065528403511","0.0684089069634917","0.01","0.1","","","","0.60149479396063","","","","","","","","",""
"14315","IPDMATMoMPercentChangeL1","BAA10YB_IndexMoMDifferenceL0",NA,"0",NA,"-6.98703707943179","0.409609307535205","-0.0466766973453605","5.65263633572184e-07","-0.085871038081875","-0.571947882726573","0.370362726672765","0.00437182021246172","0.309734506417729","0.289432580135897",NA,"205.220857928785","211.966343654934","3.36162728220568e-06","70","No gap","1.02294237229446","0.00531503804760229","0.00311498310855367","0.996885016891446","0.0660750258798994","0.0653977321630364","0.00145697908178161","8.26725533076278e-06","0.0229677741616689","0.0735993012366675","0.01","0.1","","","","0.678715588807597","","","","","","","","",""
"6943","IPFPNSSMoMPercentChangeL1","BAA10YB_IndexMoMDifferenceL0",NA,"0",NA,"-10.1460299954015","0.416803356644949","-0.0447608427565945","1.28138249075042e-06","-0.0833027891806285","-0.548472164906413","0.536348773314506","0.00254542758811427","0.309523582392061","0.289215452462416",NA,"205.242244520721","211.987730246869","3.39672910332212e-06","70","No gap","1.01608864424427","0.00634072830727397","0.00387407721507665","0.996125922784923","0.0224248652628485","0.0316047213044282","0.00123197082170081","2.20418971823566e-05","0.0361094603860709","0.072981617828651","0.01","0.1","","","","0.611013908832485","","","","","","","","",""
"31081","DMANEMPMoMPercentChangeL1","BAA10YB_IndexMoMDifferenceL0",NA,"0",NA,"-39.5027427986337","0.416895456956076","-0.0451882818621719","9.29488724271491e-07","-0.0767266833234036","-0.553709743941207","0.49364648797015","0.0018295458520583","0.309520916631097","0.289212708296717",NA,"205.242514773119","211.988000499267","3.39717500574821e-06","70","No gap","1.00412670885813","0.00560578427216989","0.00288034763637225","0.997119652363628","0.0873451559530501","0.0973808706864041","0.00130203917241331","9.44512414657872e-06","0.0373933087911476","0.0684232730658677","0.01","0.1","","","","0.724302039758664","","","","","","","","",""
"44101","ism_man_newordersMoMDifferenceL0","BAA10YB_IndexMoMDifferenceL0",NA,"0",NA,"0.0257776613341993","0.41742945885434","-0.0438575193882684","3.14949717282798e-06","0.0862949580632965","-0.537403389322125","0.38365304531117","0.00208358319198804","0.309505477437909","0.289196815009612",NA,"205.24407996382","211.989565689968","3.39975864072084e-06","70","No gap","1.06734692004268","0.00426514361314165","0.00330404778447539","0.996695952215525","0.115730103357055","0.298441512349753","0.000295894071067706","1.65129374551931e-06","0.038894099883605","0.0690870262612733","0.01","0.1","","","","0.615778654398112","","","","","","","","",""
"45415","SPX_Index_14DRSIMoMDifferenceL1","BAA10YB_IndexMoMDifferenceL0",NA,"0",NA,"-0.00733357181260351","0.419554644928483","-0.0460153686506535","6.26764650911027e-07","-0.0832894897554044","-0.563844362806872","0.304411031325791","0.00174925370666442","0.309444319938711","0.289133858760438",NA,"205.250279629753","211.995765355901","3.41001164894106e-06","70","No gap","1.00327943395493","0.00537408530459716","0.00381655591084583","0.996183444089154","0.101378559486361","0.217855968437004","0.000644144247934411","2.97951827765708e-06","0.0381424813045501","0.0658111734640632","0.01","0.1","","","","0.649605151975641","","","","","","","","",""
"30737","DMANEMPMoMDifferenceL1","BAA10YB_IndexMoMDifferenceL0",NA,"0",NA,"-0.00504919371569344","0.420060498351349","-0.0451784949960718","9.37429815027428e-07","-0.0762484071288839","-0.553589821631729","0.49097255569561","0.00166827619806329","0.309429829886155","0.289118942529865",NA,"205.251748436783","211.997234162931","3.41244528934137e-06","70","No gap","1.00437177613574","0.00557098868569664","0.00285823023098695","0.997141769769013","0.0883495720031162","0.101963315375525","0.00129087700377802","9.05177287247039e-06","0.0376336596724871","0.0683832531532394","0.01","0.1","","","","0.728085323821819","","","","","","","","",""
"22663","UEMPMEANMoMPercentChangeL1","BAA10YB_IndexMoMDifferenceL0",NA,"0",NA,"-2.65312356443645","0.420558929410239","-0.045867736094363","6.57589656055503e-07","-0.0812354045986515","-0.562035363181917","0.358140634624908","0.00225835361226223","0.309415577578514","0.289104271036706",NA,"205.25319311436","211.998678840508","3.41484064436681e-06","70","No gap","1.00126657530548","0.00452426653872779","0.00270705118179807","0.997292948818202","0.0974714489931268","0.294935712132658","0.000853498395187683","3.44152798747999e-06","0.0240356727125467","0.0865584444351873","0.01","0.1","","","","0.623287735652607","","","","","","","","",""
"34573","CES0600000007MoMDifferenceL1","BAA10YB_IndexMoMDifferenceL0",NA,"0",NA,"-0.429520001478419","0.422462016743191","-0.0452072923738567","9.21038226434447e-07","-0.0827754285372309","-0.553942687198251","0.280973628661093","0.00287268112298876","0.309361388542719","0.28904848820574",NA,"205.25868568495","212.004171411099","3.42396298746994e-06","70","No gap","1.0038676883874","0.00324145201488772","0.00205000908641356","0.997949990913586","0.101821976472412","0.195495731400415","0.00121688445579421","1.78636084224859e-06","0.0284836823091451","0.0752665988916797","0.01","0.1","","","","0.707517477654732","","","","","","","","",""
"34869","CES0600000007MoMPercentChangeL1","BAA10YB_IndexMoMDifferenceL0",NA,"0",NA,"-17.6107758040284","0.423281300658061","-0.045213434133756","9.17778297588616e-07","-0.0826204814268614","-0.554017944591564","0.279396484142436","0.00287213489628904","0.309338171008753","0.289024587803128",NA,"205.261038869428","212.006524595576","3.42787872997796e-06","70","No gap","1.00376847660097","0.00325189136142228","0.00205775623863071","0.997942243761369","0.102321981417795","0.197161065019578","0.00120660758162603","1.75767807120142e-06","0.0285650538879238","0.0751326513697075","0.01","0.1","","","","0.706194376358093","","","","","","","","",""
"25159","UEMP15OVMoMPercentChangeL1","BAA10YB_IndexMoMDifferenceL0",NA,"0",NA,"-2.54338491535632","0.428474220303468","-0.0475665831517511","7.14967153867352e-07","-0.0796253589726287","-0.582852002593231","0.196638024908597","0.0013863276229072","0.309192545556885","0.288874679249735",NA,"205.275796753358","212.021282479506","3.45253843536675e-06","70","No gap","1.08489541197958","0.00334205504475346","0.00186245625084635","0.998137543749154","0.113187448493332","0.20216414698952","0.000376401940268278","2.66316873220873e-07","0.0290349794674016","0.0744023691482211","0.01","0.1","","","","0.598873818068947","","","","","","","","",""
"12542","IPMATMoMDifferenceL0","BAA10YB_IndexMoMDifferenceL0",NA,"0",NA,"0.0643517372800958","0.432258274760546","-0.0456952083935189","7.07733487569854e-07","0.0805544111754767","-0.559921313584977","0.319781356301067","0.0026949299948781","0.309088076473391","0.288767137546138",NA,"205.286381877913","212.031867604061","3.47033484027204e-06","70","No gap","1.00010753578025","0.00368053824837049","0.00223599129648859","0.997764008703511","0.127237744329224","0.30852243556065","0.00058921600844715","1.65216538006163e-07","0.0360420029291531","0.064874298218222","0.01","0.1","","","","0.614280576269933","","","","","","","","",""
"39365","M1SLMoMPercentChangeL0","BAA10YB_IndexMoMDifferenceL0",NA,"0",NA,"-9.13845237792669","0.433272379686466","-0.04605990406284","6.24469393489743e-07","-0.0681762698935786","-0.564390072682572","0.416920115564702","0.00176707277979271","0.309060311978677","0.288738556448638",NA,"205.289194791563","212.034680517712","3.47507950337889e-06","70","No gap","1.00432188814016","0.00847315738525041","0.00552313007903384","0.994476869920966","0.0904033508447871","0.363253933664861","0.000951334606665354","5.39976620816951e-06","0.0405269905379166","0.0748761105947519","0.01","0.1","","","","0.68669921414957","","","","","","","","",""
"6389","IPFPNSSMoMDifferenceL1","BAA10YB_IndexMoMDifferenceL0",NA,"0",NA,"-0.0968450912237242","0.436539021134083","-0.0447875045046452","1.28094878337851e-06","-0.0799338169687956","-0.548798861764045","0.542922007366128","0.00257544392610795","0.308971537706994","0.288647171168964",NA,"205.298188050959","212.043673777108","3.49029238966292e-06","70","No gap","1.01645336825372","0.00615282971614237","0.00374458393451592","0.996255416065484","0.0249544297748532","0.0343381852835686","0.0011337826624581","1.90048868090598e-05","0.0359096859607593","0.0724572330517623","0.01","0.1","","","","0.610888823121656","","","","","","","","",""
"37837","HOUSTSMoMDifferenceL1","BAA10YB_IndexMoMDifferenceL0",NA,"0",NA,"0.00156915176718441","0.439132071276336","-0.0459925414457604","6.3807695807532e-07","0.0798158128524286","-0.563564652110748","0.35496243088446","0.00105175916599704","0.308901780162888","0.288575361932385",NA,"205.305254014094","212.050739740242","3.50229178947004e-06","70","No gap","1.00316160138006","0.00309587451967945","0.00220606615130016","0.9977939338487","0.105503448819447","0.305190976018692","0.000722443388791133","2.18039528476766e-06","0.0223129220741192","0.058608053909696","0.01","0.1","","","","0.597316864752422","","","","","","","","",""
"34277","USGOVTMoMPercentChangeL1","BAA10YB_IndexMoMDifferenceL0",NA,"0",NA,"-65.0015779601595","0.441250139086108","-0.0456783484528125","7.15691281461647e-07","-0.0757406031294362","-0.559714722117749","0.245905086893123","0.00181960161648933","0.30884526233553","0.288517181815986",NA,"205.310978361285","212.056464087433","3.51204310178321e-06","70","No gap","1.00006353491016","0.00631129504396514","0.00377613857965666","0.996223861420343","0.0966910003574344","0.241874407860882","0.000581418010068789","1.60146835748165e-06","0.0406072922557193","0.066605299101713","0.01","0.1","","","","0.656717863246407","","","","","","","","",""
"13052","IPMATMoMPercentChangeL0","BAA10YB_IndexMoMDifferenceL0",NA,"0",NA,"6.88412402836323","0.444416433085608","-0.0457296435211509","7.01057479471339e-07","0.0784067237991576","-0.560343260711931","0.323723847283007","0.00264680827741496","0.308761540014047","0.288430997073284",NA,"205.319457226084","212.064942952232","3.5265365929682e-06","70","No gap","1.00025606386477","0.00371612674102993","0.00225267227313543","0.997747327726865","0.126160130339105","0.306556694705543","0.000618692381796413","1.97604086316083e-07","0.0354359102792498","0.0649633117424906","0.01","0.1","","","","0.615710655253244","","","","","","","","",""
"6109","IPFPNSSMoMDifferenceL0","BAA10YB_IndexMoMDifferenceL0",NA,"0",NA,"-0.097068866202119","0.446929899391769","-0.0439752286142594","3.0055654074955e-06","-0.0801074779702736","-0.538845726642711","0.532021919191431","0.00220931014759863","0.308695726191693","0.288363247550272",NA,"205.326121710958","212.071607437106","3.53797061336536e-06","70","No gap","1.06667100044099","0.00444416541496034","0.00259593688458296","0.997404063115417","0.154471931478566","0.325047868606372","0.000634965464845946","6.48250801038586e-07","0.0175763575718983","0.0746736026037285","0.01","0.1","","","","0.60935108574789","","","","","","","","",""
"33973","USGOVTMoMDifferenceL1","BAA10YB_IndexMoMDifferenceL0",NA,"0",NA,"-0.00288529617487232","0.448751453759452","-0.0456835938227897","7.16237060839005e-07","-0.0745198982911621","-0.559778995693713","0.240414600184429","0.00145649991954147","0.308648383725962","0.288314512659079",NA,"205.330915344176","212.076401070325","3.54621779552478e-06","70","No gap","1.00007967557141","0.00628309125206077","0.00375983344053218","0.996240166559468","0.0971060929488825","0.243598102570948","0.000582782783569212","1.59099317342815e-06","0.0405172441082776","0.0665923257532871","0.01","0.1","","","","0.657645650652431","","","","","","","","",""
"44201","ism_man_newordersMoMPercentChangeL0","BAA10YB_IndexMoMDifferenceL0",NA,"0",NA,"1.4035192131156","0.45706712214832","-0.0439621313234972","3.15060037917671e-06","0.0792966907332854","-0.538685240401248","0.408300571699","0.00225922651900933","0.30843597327573","0.288095854842663",NA,"205.35241879843","212.097904524579","3.58345049178421e-06","70","No gap","1.07082499696602","0.00408545576303751","0.00309729658817972","0.99690270341182","0.116791589408469","0.294371526104818","0.000287024775254105","1.169587108385e-06","0.0357161959821071","0.0682111553547602","0.01","0.1","","","","0.612810040570113","","","","","","","","",""
"24343","UEMP5TO14MoMPercentChangeL1","BAA10YB_IndexMoMDifferenceL0",NA,"0",NA,"2.12048507878166","0.457434984442615","-0.0453795721315699","8.41552434572027e-07","0.0764401170085436","-0.556053698650746","0.310492789115591","0.00200024516373605","0.308426715624759","0.288086324907841",NA,"205.353355850107","212.098841576255","3.58508183240236e-06","70","No gap","1.001563949789","0.00363664201635022","0.00255152559041275","0.997448474409587","0.0775987088699781","0.310926674750845","0.000811187548984974","1.33178714856186e-06","0.0474604123757056","0.0754043304427776","0.01","0.1","","","","0.636382657663839","","","","","","","","",""
"28425","CES1021000001MoMDifferenceL0","BAA10YB_IndexMoMDifferenceL0",NA,"0",NA,"0.00952460121928886","0.457547785849115","-0.0455985236600476","7.47433611225505e-07","0.0755756320700673","-0.558736597618641","0.145230083077814","0.00250803685149327","0.308423879184311","0.288083405042673",NA,"205.353642949723","212.099128675871","3.58558180113544e-06","70","No gap","1.00002037873023","0.00579481152060292","0.0027567906733193","0.997243209326681","0.10068659052179","0.116778764221559","0.000722183955595259","3.06488856627318e-07","0.0363761816480672","0.0506282810402558","0.01","0.1","","","","0.597481821899862","","","","","","","","",""
"14811","IPNMATMoMDifferenceL1","BAA10YB_IndexMoMDifferenceL0",NA,"0",NA,"0.0529495000918178","0.460342206320637","-0.0474491071195734","7.7282262051437e-07","0.0787224983504428","-0.581412522687915","0.160384620356565","0.0024165165473477","0.308353959649236","0.288011429050684",NA,"205.360719712367","212.106205438515","3.59792767268274e-06","70","No gap","1.08612914573774","0.00221411659689581","0.00136967444238832","0.998630325557612","0.155404690063908","0.27067173989976","0.000412613154760841","2.61017975344835e-07","0.020575291023482","0.0599153752009156","0.01","0.1","","","","0.598349400497573","","","","","","","","",""
"43995","ism_man_emplMoMPercentChangeL0","BAA10YB_IndexMoMDifferenceL0",NA,"0",NA,"-1.83139993446946","0.462514961293126","-0.0457802196928783","6.92234219480496e-07","-0.0756909017350883","-0.56096299038393","0.197914379550672","0.00246351362049256","0.308300053297722","0.287955937218243",NA,"205.366175245029","212.111660971177","3.6074742126857e-06","70","No gap","1.00061691969929","0.00342972412150671","0.0020960898315141","0.997903910168486","0.120577132443442","0.155011901224932","0.000854180188760745","1.95868291519297e-06","0.0287963203403694","0.0551038220047744","0.01","0.1","","","","0.63632990373005","","","","","","","","",""
"24547","UEMP15OVMoMDifferenceL0","BAA10YB_IndexMoMDifferenceL0",NA,"0",NA,"0.000634942661017455","0.469816231564074","-0.045546229779643","7.70773474169819e-07","0.0674791145827147","-0.558095820188402","0.457862234467778","0.000294458800798625","0.308121799341457","0.287772440498558",NA,"205.384212212484","212.129697938632","3.63921746415752e-06","70","No gap","1.00017531871045","0.0050651161224758","0.00313580247133012","0.99686419752867","0.126619795527455","0.135243685182185","0.00111243890919991","6.26361719724411e-06","0.0327754450984158","0.0681370691385667","0.01","0.1","","","","0.60770503058631","","","","","","","","",""
"15307","IPNMATMoMPercentChangeL1","BAA10YB_IndexMoMDifferenceL0",NA,"0",NA,"4.80849724072301","0.477110300179888","-0.0473443918762034","7.86464544898815e-07","0.07563677209855","-0.580129405733613","0.186891896551154","0.00242220351762952","0.307948076661568","0.287593608328085",NA,"205.401786203317","212.147271929465","3.67041455906492e-06","70","No gap","1.08248596997921","0.00220307397959188","0.0013749055866893","0.998625094413311","0.154073964282077","0.253384848719561","0.000420717986581593","2.6008264919497e-07","0.020836813581661","0.0596485396562589","0.01","0.1","","","","0.599349064569542","","","","","","","","",""
"43883","ism_man_emplMoMDifferenceL0","BAA10YB_IndexMoMDifferenceL0",NA,"0",NA,"-0.0324269612640189","0.484358970686202","-0.0457529678300094","7.05604101107538e-07","-0.0720973846613211","-0.560629062617942","0.216041796271663","0.002479989583739","0.307779630465696","0.287420207832335",NA,"205.418822206753","212.164307932901","3.7009118853959e-06","70","No gap","1.0004604497517","0.00345586415575591","0.00211658873168942","0.997883411268311","0.117783316961205","0.164469293687225","0.000894756059732652","2.09818154317531e-06","0.0289882115931664","0.0556858089167318","0.01","0.1","","","","0.638546724199895","","","","","","","","",""
"45479","TED_G_IndexMoMPercentChangeL0","BAA10YB_IndexMoMDifferenceL0",NA,"0",NA,"-0.392072324892444","0.484878386227799","-0.0442040202868284","2.55519118051806e-06","-0.0738591758977494","-0.54164920075621","0.559375592474593","0.00463867475075407","0.307767717760768","0.287407944753732",NA,"205.420026855166","212.165512581314","3.70307797792346e-06","70","No gap","1.05862231285275","0.00435803660116715","0.00253735346860632","0.997462646531394","0.0879542617849042","0.351829915587233","0.000672345001541939","3.20122514274601e-07","0.0473527386392351","0.0621214847398721","0.01","0.1","","","","0.684427440926928","","","","","","","","",""
"28977","CES1021000001MoMPercentChangeL1","BAA10YB_IndexMoMDifferenceL0",NA,"0",NA,"6.50034252143816","0.488694673198708","-0.0461435570077312","6.37347646004466e-07","0.0709223688748728","-0.565415105031376","0.273319636020392","0.00185014304661094","0.307680828983671","0.287318500424367",NA,"205.428812681638","212.174298407786","3.71891426398374e-06","70","No gap","1.00787231204682","0.00599827823132876","0.00281516834447009","0.99718483165553","0.087563177798075","0.157787332339306","0.000783787594113365","1.07637277202421e-06","0.0333092313443066","0.0465322423460149","0.01","0.1","","","","0.613531222050381","","","","","","","","",""
"39141","M1SLMoMDifferenceL0","BAA10YB_IndexMoMDifferenceL0",NA,"0",NA,"-0.00256231308320786","0.492112853164739","-0.045912586719696","6.70736045012712e-07","-0.0602445244546779","-0.562584935487952","0.444133106352006","0.00100949543665515","0.307603947494314","0.287239357714735",NA,"205.436585693979","212.182071420127","3.73298142597456e-06","70","No gap","1.00244640886728","0.00742180413645954","0.00498427195203818","0.995015728047962","0.0928562420031553","0.333395897741391","0.000892653647528895","3.8723411002195e-06","0.0406916850669331","0.0732256926737638","0.01","0.1","","","","0.713651324193835","","","","","","","","",""
"4117","CMRMTSPLMoMDifferenceL1","BAA10YB_IndexMoMDifferenceL0",NA,"0",NA,"3.40626009681058e-06","0.493913038406774","-0.046091904228045","6.44791132788676e-07","0.0693343391777789","-0.56478218325973","0.235490166801249","0.000108027274183977","0.307563812270551","0.287198042043215",NA,"205.440643175575","212.186128901723","3.74034555328251e-06","70","No gap","1.0065323060071","0.00351619635856027","0.00181749017792443","0.998182509822076","0.143690415061216","0.146685169283221","0.000594536646786344","3.77848980770423e-07","0.0237718785742004","0.0704423174075778","0.01","0.1","","","","2.01359521105723","","","","","","","","",""
"44251","ism_man_newordersMoMPercentChangeL1","BAA10YB_IndexMoMDifferenceL0",NA,"0",NA,"-1.21244887418494","0.504721845350646","-0.046156712203039","6.44069132871908e-07","-0.0689330318884482","-0.565576300799952","0.260735206226033","0.00183049793106801","0.307327874442193","0.286955164866963",NA,"205.464490621997","212.209976348145","3.78392203259637e-06","70","No gap","1.00891593115529","0.00425545859605638","0.0024864870582744","0.997513512941726","0.108322095613264","0.295991213782341","0.000759737442694626","1.87245439586814e-06","0.0360071835678968","0.0641544094063093","0.01","0.1","","","","0.633611878946083","","","","","","","","",""
"44659","USGG2YR_IndexMoMDifferenceL0","BAA10YB_IndexMoMDifferenceL0",NA,"0",NA,"-0.714134285438071","0.508391740550906","-0.0477142592850271","1.1700470186063e-06","-0.0709583125207501","-0.584661536184083","0.51959929234086","0.00653369036533972","0.307249696620795","0.286874687697877",NA,"205.472390663731","212.217876389879","3.79846945119944e-06","70","No gap","1.14072907325132","0.00392183689191507","0.00194599391757736","0.998054006082423","0.095614010201996","0.00845981152428397","0.000956509338086218","1.01615896780372e-05","0.0225297487166518","0.066078177442548","0.01","0.1","","","","0.72247023509205","","","","","","","","",""
"16279","IPMANSICSMoMPercentChangeL1","BAA10YB_IndexMoMDifferenceL0",NA,"0",NA,"-6.24206953948006","0.513162710477063","-0.0435905174960975","6.61714856146484e-06","-0.0715177304163953","-0.534131710398887","0.347214139193299","0.00457403771881121","0.307149493466288","0.286771537391767",NA,"205.482515110508","212.228000836657","3.8171947646104e-06","70","No gap","1.13694226254762","0.00558462624890466","0.00417892478014339","0.995821075219857","0.0747141758341974","0.0553846302995658","0.000719606513334219","2.21480602569102e-06","0.0535174625285048","0.0607963274349792","0.01","0.1","","","","0.655816725363835","","","","","","","","",""
"44915","USGG10YR_IndexMoMPercentChangeL1","BAA10YB_IndexMoMDifferenceL0",NA,"0",NA,"0.921859981491519","0.524991882309277","-0.0467884011994792","7.21800238237028e-07","0.0669411362699683","-0.573316633869845","0.545949421872344","0.00292245294977404","0.306907865494706","0.286522802715139",NA,"205.506922986681","212.252408712829","3.86271788965775e-06","70","No gap","1.04715960682304","0.00912696287741532","0.00542187448490783","0.994578125515092","0.0182359039457695","0.0767788269175395","0.00126992016247631","1.20783674376623e-05","0.0385626858133406","0.0616650099665845","0.01","0.1","","","","0.605063441805165","","","","","","","","",""
"29697","USCONSMoMPercentChangeL1","BAA10YB_IndexMoMDifferenceL0",NA,"0",NA,"-12.4941553238511","0.526990075769238","-0.0457612028480495","7.14212943660255e-07","-0.0530832735899064","-0.56072996952439","0.47488976559978","0.00248632112554391","0.306867988908828","0.286481753288499",NA,"205.510950273352","212.2564359995","3.87028118820076e-06","70","No gap","1.00063805212579","0.00663509173185898","0.00362799287169595","0.996372007128304","0.113058018784617","0.276287331184276","0.000583660853288046","1.04018435487241e-06","0.0371458064067011","0.0578180119314779","0.01","0.1","","","","0.679578722210486","","","","","","","","",""
"15795","IPMANSICSMoMDifferenceL1","BAA10YB_IndexMoMDifferenceL0",NA,"0",NA,"-0.0566431525395215","0.528685455142448","-0.043649230393795","6.59730553654996e-06","-0.069056323839676","-0.534851142566042","0.347624234082673","0.00476064055487753","0.306834364676304","0.28644714010796",NA,"205.514345931251","212.259831657399","3.87666978562962e-06","70","No gap","1.13911551307543","0.00545283024762018","0.00405036932129661","0.995949630678703","0.0777565217829273","0.0669303345543212","0.000705285854534538","1.96826694198737e-06","0.0525781622862246","0.0607765077539688","0.01","0.1","","","","0.657655546958151","","","","","","","","",""
"1781","W875RX1MoMDifferenceL1","BAA10YB_IndexMoMDifferenceL0",NA,"0",NA,"-0.000376563937713187","0.528876502823181","-0.0466725278365358","7.00459929814526e-07","-0.0638201356979374","-0.571896792099345","0.41253226336332","0.000165176687038897","0.306830587648229","0.286443251990823",NA,"205.514727357034","212.260213083182","3.87738805929239e-06","70","No gap","1.03894395181946","0.00401811852426238","0.00175107590897764","0.998248924091022","0.130798506805446","0.401085762726684","0.000691949948381199","1.40600604670027e-06","0.0316504453216172","0.0672746245456808","0.01","0.1","","","","0.604282416180851","","","","","","","","",""
"593","RPIMoMDifferenceL1","BAA10YB_IndexMoMDifferenceL0",NA,"0",NA,"-0.000327910884240702","0.529094134849841","-0.0466694832599115","7.00145018009905e-07","-0.0636614197655916","-0.571859485707653","0.400595186472399","0.000138728639448905","0.30682628799898","0.286438825881303",NA,"205.515161557546","212.260647283694","3.87820587655074e-06","70","No gap","1.03875833488781","0.00406112241114376","0.00176093674231386","0.998239063257686","0.13029246744487","0.425366723349036","0.000681028618264339","1.27087622869837e-06","0.032132097801653","0.0673042433279182","0.01","0.1","","","","0.605498599413244","","","","","","","","",""
"12027","IPBUSEQMoMPercentChangeL0","BAA10YB_IndexMoMDifferenceL0",NA,"0",NA,"-3.55975253748957","0.53034145635919","-0.0450946710202999","1.07686144959269e-06","-0.0650310119831314","-0.552562693574452","0.397880020741973","0.00212338178146126","0.306801705849176","0.286413520727093",NA,"205.517643936704","212.263129662852","3.88288475439147e-06","70","No gap","1.01015185924652","0.00454840597330895","0.00286873405287775","0.997131265947122","0.163493846565867","0.300520798614198","0.000693662709134722","1.24831247327872e-06","0.0269916985200242","0.0729807740884243","0.01","0.1","","","","0.883308366675644","","","","","","","","",""
"43587","DTCTHFNMMoMPercentChangeL1","BAA10YB_IndexMoMDifferenceL0",NA,"0",NA,"-3.50688022710145","0.531488680985587","-0.0460791524689717","6.62564810969749e-07","-0.0645777669602947","-0.564625930953593","0.0779506427241445","0.00237709648816309","0.306779187207085","0.286390339771999",NA,"205.519917859414","212.265403585562","3.88717567945118e-06","70","No gap","1.00738131368918","0.00503156213829892","0.00281218167714722","0.997187818322853","0.103822136230018","0.385928726710382","0.000754173770242338","1.40104970958177e-06","0.0295804674117216","0.0638447315722429","0.01","0.1","","","","1.16848983687376","","","","","","","","",""
"4693","CMRMTSPLMoMPercentChangeL1","BAA10YB_IndexMoMDifferenceL0",NA,"0",NA,"3.98762463351191","0.532642932613795","-0.0460532485865507","6.6526411233785e-07","0.0632127321379271","-0.564308520520815","0.337011719934887","0.00204400858785827","0.306756618107537","0.286367106875406",NA,"205.522196803183","212.267682529331","3.89148083690394e-06","70","No gap","1.00659718484161","0.00357636763805571","0.00185075966473128","0.998149240335269","0.143940143705762","0.137263194374091","0.000611649543408215","4.10197179556704e-07","0.0240986250174421","0.0702550163379855","0.01","0.1","","","","1.89733470690603","","","","","","","","",""
"24955","UEMP15OVMoMPercentChangeL0","BAA10YB_IndexMoMDifferenceL0",NA,"0",NA,"1.84036702709211","0.541345124593822","-0.0454253844985263","8.46962681576758e-07","0.0587422841454006","-0.556615055554161","0.474071814174117","0.00212233133490288","0.306589255511153","0.286194821849716",NA,"205.539094141287","212.284579867435","3.92355072720285e-06","70","No gap","1.00153419046531","0.00450805266539863","0.00307665738414182","0.996923342615858","0.131223711431648","0.209772111230977","0.000933987230614662","3.24483519109631e-06","0.0332014417723719","0.0677597363314407","0.01","0.1","","","","0.610528791894534","","","","","","","","",""
"28609","CES1021000001MoMDifferenceL1","BAA10YB_IndexMoMDifferenceL0",NA,"0",NA,"0.0078391871488997","0.542899407955704","-0.046087700268257","6.67292905678286e-07","0.062230447420186","-0.564730670491334","0.351612981038215","0.00188772501610738","0.306559875770941","0.286164577999498",NA,"205.542059971084","212.287545697232","3.92920685510223e-06","70","No gap","1.00810356323182","0.00578552912497874","0.00265442662297091","0.997345573377029","0.0923923083468994","0.171228512972512","0.000770770497787733","1.09392097447092e-06","0.0316828942244463","0.046916350754311","0.01","0.1","","","","0.610778615075912","","","","","","","","",""
"43459","DTCTHFNMMoMDifferenceL1","BAA10YB_IndexMoMDifferenceL0",NA,"0",NA,"-3.76697219996341e-06","0.546665576080871","-0.0460744348209954","6.69908659970273e-07","-0.0622206278855918","-0.564568123762319","0.058437681192969","0.000259128195930683","0.306489320951963","0.286091948038786",NA,"205.549181834846","212.294667560994","3.94282226756637e-06","70","No gap","1.00778797020568","0.00501355917069677","0.00279838122010764","0.997201618779892","0.102770517236698","0.381120029587696","0.000751540798878034","1.40849996199677e-06","0.0296594481421232","0.064131877617618","0.01","0.1","","","","1.17853092212676","","","","","","","","",""
"28241","USGOODMoMPercentChangeL1","BAA10YB_IndexMoMDifferenceL0",NA,"0",NA,"-24.3204104528817","0.548468062327473","-0.0453137963057599","9.15852815687851e-07","-0.0507520508630344","-0.55524772165481","0.57637788399481","0.00211622017795374","0.306455869169549","0.286057512380419",NA,"205.552558233172","212.298043959321","3.94929366265284e-06","70","No gap","1.00383922118323","0.00601751353264999","0.00326241504994594","0.996737584950054","0.126748459636625","0.407734082680341","0.000741845094322947","2.28984688765976e-06","0.0391726581421469","0.0651508147298072","0.01","0.1","","","","0.701889045276941","","","","","","","","",""
"1485","W875RX1MoMDifferenceL0","BAA10YB_IndexMoMDifferenceL0",NA,"0",NA,"0.000474496002878753","0.548963900237962","-0.0462109514761615","6.67837939661863e-07","0.0602677145069458","-0.566240915890294","0.398096794237714","0.000194338522480742","0.306446702689974","0.286048076298503",NA,"205.553483407652","212.2989691338","3.95106875739071e-06","70","No gap","1.01341433597287","0.00336070553292199","0.00172925820500379","0.998270741794996","0.144403035012433","0.103035734646829","0.000487767243302951","3.11140517905706e-07","0.0215746037673661","0.0714828960735294","0.01","0.1","","","","1.81298028593759","","","","","","","","",""
"38085","HOUSTSMoMPercentChangeL1","BAA10YB_IndexMoMDifferenceL0",NA,"0",NA,"0.626474350565168","0.549877676344345","-0.0459021635720812","6.90411148173178e-07","0.0615538120162198","-0.562457216571476","0.411821492997187","0.00250535721423806","0.306429849982152","0.286030727922804",NA,"205.555184322664","212.300670048812","3.95433431599201e-06","70","No gap","1.00299523467948","0.00265695027834914","0.00203151187297237","0.997968488127028","0.0953859013286099","0.302574839317529","0.000787480400373684","2.02258330728178e-06","0.0236404394332097","0.0584414857498849","0.01","0.1","","","","0.601913938034474","","","","","","","","",""
"33821","USGOVTMoMDifferenceL0","BAA10YB_IndexMoMDifferenceL0",NA,"0",NA,"-0.00229172367539067","0.554455027790002","-0.0466878654529843","7.49403949653497e-07","-0.0593177726616166","-0.57208472993027","0.489686433057264","0.00237723483693471","0.306346208566332","0.285944626465342",NA,"205.563625496348","212.309111222496","3.97058036294418e-06","70","No gap","1.04548977173573","0.00538667955886083","0.00303965283079043","0.99696034716921","0.0748789894715314","0.175049918129167","0.00108078937888925","5.09166465745281e-06","0.0329712013255531","0.0642699381744472","0.01","0.1","","","","0.61697324683938","","","","","","","","",""
"44151","ism_man_newordersMoMDifferenceL1","BAA10YB_IndexMoMDifferenceL0",NA,"0",NA,"-0.0182195995804548","0.554666024950093","-0.0460276363300199","6.76886789782775e-07","-0.0611051061244802","-0.563994683494466","0.324705802560037","0.00190985534981314","0.306342384146228","0.285940689562293",NA,"205.56401143624","212.309497162388","3.97132474394546e-06","70","No gap","1.00650009853197","0.00405844359310684","0.00240423447654156","0.997595765523458","0.107705448311506","0.289352755755918","0.000751012498019248","1.75415623326902e-06","0.0359383812814115","0.06415031588703","0.01","0.1","","","","0.631366295072053","","","","","","","","",""
"43523","DTCTHFNMMoMPercentChangeL0","BAA10YB_IndexMoMDifferenceL0",NA,"0",NA,"-3.30031896170194","0.555391312933424","-0.0453284790095026","9.09193255161064e-07","-0.0607404359533178","-0.555427634583445","0.194786581354331","0.00236515463939658","0.306329258761434","0.28592717813677",NA,"205.565335963243","212.310821689391","3.97388048467562e-06","70","No gap","1.00361064410147","0.00430020936909584","0.00239637972748535","0.997603620272515","0.094913879927967","0.0385382219410545","0.000927369597655522","1.81780594965542e-06","0.0309709781334869","0.0622381176134878","0.01","0.1","","","","3.48365048842086","","","","","","","","",""
"44813","USGG10YR_IndexMoMDifferenceL0","BAA10YB_IndexMoMDifferenceL0",NA,"0",NA,"0.481302591616505","0.555899155114967","-0.0421324296167236","0.000108094754969277","0.074316133716893","-0.516265187639858","0.33948349579872","0.00905016488566539","0.306320087594028","0.285917737229147",NA,"205.566261441913","212.311747168061","3.97566721788145e-06","70","No gap","1.49688421387146","0.00452870968658124","0.0027530696609433","0.997246930339057","0.0983096240931972","0.181959225636806","0.000767933781147645","7.04780062421584e-07","0.0334211730356272","0.0716512224787942","0.01","0.1","","","","0.609859691817985","","","","","","","","",""
"26547","UEMP27OVMoMPercentChangeL0","BAA10YB_IndexMoMDifferenceL0",NA,"0",NA,"1.36719881863775","0.555910686803851","-0.0457177446332973","7.32685099139561e-07","0.0577755449280139","-0.560197458971411","0.466683129939707","0.00195063824027062","0.306319879525111","0.285917523040556",NA,"205.566282438372","212.31176816452","3.97570776311529e-06","70","No gap","1.00033712040877","0.00480956314411803","0.00295924984820729","0.997040750151793","0.127612606588137","0.344022922584294","0.0006939239951992","1.1726683942781e-06","0.036756872162042","0.0718212206788222","0.01","0.1","","","","0.602628425537026","","","","","","","","",""
"11507","IPBUSEQMoMDifferenceL0","BAA10YB_IndexMoMDifferenceL0",NA,"0",NA,"-0.0310484771766944","0.557367244242932","-0.0451883411821525","1.01498162097178e-06","-0.0607548633508997","-0.5537104708122","0.42652720421336","0.0021510789116439","0.306293663690522","0.285890536152008",NA,"205.568927856182","212.31441358233","3.98081950181428e-06","70","No gap","1.00787909612472","0.00449273122656762","0.00286096549027204","0.997139034509728","0.158699317158184","0.312357560492769","0.000714516794863001","1.37341995254392e-06","0.0267534903878982","0.0727678092963885","0.01","0.1","","","","0.880385585079379","","","","","","","","",""
"34125","USGOVTMoMPercentChangeL0","BAA10YB_IndexMoMDifferenceL0",NA,"0",NA,"-50.3792745132476","0.557578482770819","-0.0466699948748125","7.49900034327168e-07","-0.0588227758368244","-0.571865754725729","0.497980908341669","0.00298416424930416","0.306289872434435","0.285886633388389",NA,"205.56931042037","212.314796146518","3.98155927405774e-06","70","No gap","1.04466957322019","0.00538366359350194","0.00303784357502852","0.996962156424971","0.0739722615610094","0.174902714278599","0.00108222551971796","5.10786019425336e-06","0.0330076298411984","0.0642841869144706","0.01","0.1","","","","0.61628537553576","","","","","","","","",""
"29337","USCONSMoMDifferenceL1","BAA10YB_IndexMoMDifferenceL0",NA,"0",NA,"-0.00175865746165315","0.559467534582926","-0.0457134430974663","7.34679133846466e-07","-0.0489399475227103","-0.560144750565483","0.477617367121715","0.00142348598605362","0.306256088488409","0.285851855796892",NA,"205.572719363882","212.31820509003","3.98815729163449e-06","70","No gap","1.00031156957939","0.00619564084606132","0.00330858006873312","0.996691419931267","0.107366580238381","0.271262033624427","0.000589475941221448","9.74243638873773e-07","0.0368376952616972","0.0589456129357023","0.01","0.1","","","","0.697641746165172","","","","","","","","",""
"21139","UNRATEMoMDifferenceL0","BAA10YB_IndexMoMDifferenceL0",NA,"0",NA,"0.509869838319032","0.565699706521829","-0.0462608493033142","6.82355683602887e-07","0.055536806681324","-0.566852333540121","0.60780368272465","0.00367164486340753","0.306146153666161","0.285738687597519",NA,"205.583811105029","212.329296831177","4.00970113922927e-06","70","No gap","1.01720072671455","0.00599860301771","0.00377067003509991","0.9962293299649","0.12593225362465","0.206833679039429","0.000947147982009399","4.85506625635956e-06","0.0314697644274871","0.0739673490139193","0.01","0.1","","","","0.604862268303838","","","","","","","","",""
"27873","USGOODMoMDifferenceL1","BAA10YB_IndexMoMDifferenceL0",NA,"0",NA,"-0.00117531563570724","0.567622890613458","-0.0453073043990283","9.28931906742338e-07","-0.0483046439284861","-0.555168173775009","0.57612815365717","0.0012866444342613","0.306112695871013","0.285704245749572",NA,"205.587186440062","212.33267216621","4.01628022905776e-06","70","No gap","1.00440796859288","0.00583960792068697","0.00311756569764474","0.996882434302355","0.126016158694041","0.412773619300842","0.000735900311677692","2.10924863752737e-06","0.0391780089419227","0.0653336206372156","0.01","0.1","","","","0.709902119287956","","","","","","","","",""
"2077","W875RX1MoMPercentChangeL0","BAA10YB_IndexMoMDifferenceL0",NA,"0",NA,"5.5019449642078","0.568791990369906","-0.0461812982551374","6.80480439970779e-07","0.0572125830237557","-0.565877563340834","0.455710304935593","0.00208178432939778","0.30609246360268","0.285683418414524",NA,"205.589227460452","212.3347131866","4.02026375379005e-06","70","No gap","1.0133668278633","0.00336376888152364","0.00173106839993946","0.998268931600061","0.14211313251722","0.0927227931960823","0.000492387665038516","3.10980988516008e-07","0.0218316866291237","0.0713493857530978","0.01","0.1","","","","1.70633143053458","","","","","","","","",""
"295","RPIMoMDifferenceL0","BAA10YB_IndexMoMDifferenceL0",NA,"0",NA,"0.000394865647524961","0.569085730760297","-0.0462367327382329","6.8338495767562e-07","0.0572036270278928","-0.566556823807828","0.434832515531567","0.000246112312607466","0.306087392810452","0.285678198481347",NA,"205.589738989929","212.335224716077","4.02126274123837e-06","70","No gap","1.01619722233155","0.00336640376308551","0.00172092714655136","0.998279072853449","0.14361740553368","0.0987772710580679","0.000510344748491357","3.37049916199206e-07","0.0218749491466027","0.071124112151563","0.01","0.1","","","","2.15449051467682","","","","","","","","",""
"43395","DTCTHFNMMoMDifferenceL0","BAA10YB_IndexMoMDifferenceL0",NA,"0",NA,"-3.54103252428215e-06","0.57039506692268","-0.0453292381816339","9.1509484364981e-07","-0.0584595371494988","-0.555436937017374","0.218685451764291","4.30655679226296e-05","0.306064851512808","0.285654994204362",NA,"205.592012857259","212.337498583407","4.02570647772826e-06","70","No gap","1.00387851991285","0.00427983498733274","0.00238556600409304","0.997614433995907","0.0947146969993438","0.0322834008866528","0.00091230698449941","1.75738469532227e-06","0.0314785092736853","0.0622964654211019","0.01","0.1","","","","3.53701488796496","","","","","","","","",""
"40423","AMBSLMoMDifferenceL0","BAA10YB_IndexMoMDifferenceL0",NA,"0",NA,"0.000822221981352397","0.574338374216658","-0.0455999334669051","7.75425423377536e-07","0.0579249274114802","-0.558753872535099","0.628709015017993","0.000119370406320738","0.305997568475802","0.285585732254502",NA,"205.598799635947","212.344285362095","4.03899885570436e-06","70","No gap","1.00003211897344","0.00543894085768561","0.00290047224910537","0.997099527750895","0.0834184123180583","0.218491344557791","0.00160288812492681","4.03303950036182e-06","0.0332614862836266","0.0695081446799772","0.01","0.1","","","","0.613558500108172","","","","","","","","",""
"45471","TED_G_IndexMoMDifferenceL0","BAA10YB_IndexMoMDifferenceL0",NA,"0",NA,"-0.00967536023368055","0.576639477174942","-0.0447990688624323","1.54103430258168e-06","-0.0584684003697204","-0.548940564376432","0.626000421076758","0.00342906074236512","0.305958721864599","0.285545743095911",NA,"205.602717758648","212.348203484797","4.04669274534086e-06","70","No gap","1.03101261627754","0.00449157796981702","0.00257386561480197","0.997426134385198","0.0618547114636376","0.355381576637327","0.000867113968176303","6.89108683227246e-07","0.0442165542091685","0.0621149472101664","0.01","0.1","","","","0.738696473311909","","","","","","","","",""
"35865","AWHMANMoMPercentChangeL0","BAA10YB_IndexMoMDifferenceL0",NA,"0",NA,"-16.7957751149903","0.582300430271558","-0.0458686392407172","7.05440548384644e-07","-0.0568048415602262","-0.562046429788478","0.4775193110519","0.00232826056230384","0.305864445981073","0.285448694392281",NA,"205.612225642232","212.35771136838","4.06542405573251e-06","70","No gap","1.00272945743247","0.00450818811822522","0.00287573170131288","0.997124268298687","0.114191578309536","0.204931436362783","0.000739858698975169","1.35623435704169e-06","0.0301548429273353","0.0688389127981216","0.01","0.1","","","","0.617228052910027","","","","","","","","",""
"35585","AWHMANMoMDifferenceL0","BAA10YB_IndexMoMDifferenceL0",NA,"0",NA,"-0.399498249013329","0.584467185030513","-0.0458686661616824","7.06061107751024e-07","-0.0564824920004998","-0.562046759661625","0.48098983811943","0.00233019024280498","0.305828842623268","0.285412043876893",NA,"205.615815965648","212.361301691796","4.07251981759948e-06","70","No gap","1.00276159914936","0.00451657419276036","0.00288011911197249","0.997119880888027","0.114234608501804","0.203597637720521","0.000742524754175549","1.36632976499573e-06","0.0300661053129373","0.0688546059097977","0.01","0.1","","","","0.617192738698963","","","","","","","","",""
"44847","USGG10YR_IndexMoMDifferenceL1","BAA10YB_IndexMoMDifferenceL0",NA,"0",NA,"0.367395401670987","0.584701657747084","-0.0467839940889664","8.64813567251317e-07","0.058120869224982","-0.573262631815926","0.623344566526722","0.00360715945346426","0.305825005702343","0.285408094105353",NA,"205.616202878471","212.361688604619","4.0732852344405e-06","70","No gap","1.06326510306603","0.00883944384430007","0.00534350790835686","0.994656492091643","0.0164593960592571","0.0674737879978877","0.0011586952943748","1.0904531161704e-05","0.0365449674186588","0.0596554506004796","0.01","0.1","","","","0.606025859316059","","","","","","","","",""
"30393","MANEMPMoMPercentChangeL1","BAA10YB_IndexMoMDifferenceL0",NA,"0",NA,"-30.9566836707411","0.587745481921596","-0.0449293675884414","1.34922632013207e-06","-0.0503862550375616","-0.5505371657793","0.612319014221629","0.0015991238059213","0.305775476000735","0.285357107647816",NA,"205.62119723214","212.366682958288","4.08317832223393e-06","70","No gap","1.02334855008602","0.00550828411242223","0.00316529757466433","0.996834702425336","0.104379903109362","0.164892537996758","0.00097165294551801","5.07110001946032e-06","0.0392468477042257","0.066599885624287","0.01","0.1","","","","0.675771124345726","","","","","","","","",""
"891","RPIMoMPercentChangeL0","BAA10YB_IndexMoMDifferenceL0",NA,"0",NA,"5.46446063263453","0.593315171880812","-0.0462024823250287","7.00122522896181e-07","0.0535653716813323","-0.566137140059217","0.497756725342241","0.00203877047643923","0.305686178166243","0.285265183406427",NA,"205.63020072627","212.375686452418","4.10107367510015e-06","70","No gap","1.01639875874242","0.00338449010636716","0.00173162749734462","0.998268372502655","0.141174340800644","0.0889578487025894","0.000517509715559553","3.42795056673673e-07","0.0221995390123699","0.0709433661074354","0.01","0.1","","","","2.02786546398713","","","","","","","","",""
"30045","MANEMPMoMDifferenceL1","BAA10YB_IndexMoMDifferenceL0",NA,"0",NA,"-0.00243065931261922","0.598690390254777","-0.0449357169480643","1.36199634295707e-06","-0.048953221472702","-0.550614966973462","0.61943916101764","0.00134178717829405","0.305601612688497","0.285178130708747",NA,"205.638726010934","212.384211737082","4.11809082501158e-06","70","No gap","1.02432135889329","0.00543517783548659","0.00310307770274607","0.996896922297254","0.105826472501048","0.180252909666389","0.000955808635544334","4.6847712746878e-06","0.0393572827584251","0.0666537335472152","0.01","0.1","","","","0.677713506326692","","","","","","","","",""
"2373","W875RX1MoMPercentChangeL1","BAA10YB_IndexMoMDifferenceL0",NA,"0",NA,"-3.3795036405978","0.60402876535594","-0.0465100257556432","7.8571907198393e-07","-0.0527266673445568","-0.569905590356482","0.549367421928052","0.00301613021201394","0.30551917371276","0.285093267057253",NA,"205.647035917587","212.392521643735","4.13474601901331e-06","70","No gap","1.04092160488721","0.00424346225713753","0.00184880862715738","0.998151191372843","0.130553725420827","0.331694778613189","0.000768933589353891","1.49911603519737e-06","0.0322745568235368","0.0677604978396959","0.01","0.1","","","","0.607604529393858","","","","","","","","",""
"1189","RPIMoMPercentChangeL1","BAA10YB_IndexMoMDifferenceL0",NA,"0",NA,"-3.56219495938906","0.604699806732279","-0.0465060582824835","7.85532191783046e-07","-0.05253311960544","-0.569856975351512","0.542079813524682","0.00295395524805342","0.305508918993694","0.285082710728803",NA,"205.648069531486","212.393555257634","4.13682235234081e-06","70","No gap","1.04070536593465","0.00428107080431935","0.00185911863000139","0.998140881369999","0.130319167831186","0.428544203137667","0.000757663343632623","1.38087053969116e-06","0.0326896829039353","0.0677653718456933","0.01","0.1","","","","0.608616820981575","","","","","","","","",""
"18415","CUMFNSMoMDifferenceL0","BAA10YB_IndexMoMDifferenceL0",NA,"0",NA,"-0.142707658545692","0.605583461986285","-0.0452712790565429","9.76371501463733e-07","-0.053450576187218","-0.554726741121653","0.677536742454552","0.00179052086127214","0.305495451717533","0.285068847356284",NA,"205.649426928603","212.394912654751","4.13955068834237e-06","70","No gap","1.00668390777401","0.00512988941048186","0.00317737486753673","0.996822625132463","0.0816244374540828","0.0324665690789508","0.00112809406390924","5.45226714043778e-06","0.0164348161217517","0.0714210536284799","0.01","0.1","","","","0.612674176696397","","","","","","","","",""
"5829","INDPROMoMPercentChangeL1","BAA10YB_IndexMoMDifferenceL0",NA,"0",NA,"-5.92339420979126","0.606052647137236","-0.0459023961248724","7.08216965534903e-07","-0.0527599150478559","-0.562460066132051","0.627135127962167","0.00365860974897812","0.305488318003684","0.285061503827322",NA,"205.650145941036","212.395631667184","4.14099661516509e-06","70","No gap","1.00403058299715","0.00530622596523716","0.00334097598268611","0.996659024017314","0.0526703746107575","0.0369607336817144","0.0012993113741316","8.43565486785547e-06","0.0282886521250908","0.07472781864391","0.01","0.1","","","","0.80630606513695","","","","","","","","",""
"35013","AWOTMANMoMDifferenceL0","BAA10YB_IndexMoMDifferenceL0",NA,"0",NA,"-0.481387065904777","0.608844138139871","-0.0460002374352022","7.02682191183487e-07","-0.0529924614221284","-0.563658954088333","0.482788277223261","0.00225767600760681","0.305446115821913","0.285018060404911",NA,"205.65439937989","212.399885106038","4.14956057537275e-06","70","No gap","1.00751512114128","0.00557691136071208","0.0039240056566634","0.996075994343337","0.0927109793741175","0.202978135982875","0.000802145775467857","3.58411692424898e-06","0.0325878781985691","0.0739750350626565","0.01","0.1","","","","0.604353841069031","","","","","","","","",""
"21579","UNRATEMoMPercentChangeL0","BAA10YB_IndexMoMDifferenceL0",NA,"0",NA,"2.3676504190889","0.608862375276173","-0.0461942496032383","7.12514547867244e-07","0.0502798050739099","-0.56603626128962","0.626335730000581","0.00363899936556862","0.305445841462893","0.285017777976507",NA,"205.654427030916","212.399912757064","4.14961630634814e-06","70","No gap","1.01735174461052","0.00548041527050734","0.00327107916392096","0.996728920836079","0.126745853677475","0.241766238680801","0.000924313371195904","3.79763703983738e-06","0.0300874402186815","0.0728281222345272","0.01","0.1","","","","0.604267023601011","","","","","","","","",""
"18879","CUMFNSMoMPercentChangeL0","BAA10YB_IndexMoMDifferenceL0",NA,"0",NA,"-10.6852146577011","0.612262597380961","-0.0452801382299826","9.72957180892009e-07","-0.0524635862790636","-0.554835296049052","0.681363347232256","0.00179840210488165","0.305394993835618","0.284965434830784",NA,"205.659551474538","212.405037200686","4.15995763003441e-06","70","No gap","1.00659592437527","0.00511203892730282","0.00316667673148661","0.996833323268513","0.0829083224404361","0.0353694358674711","0.00110699906438112","5.18504027824385e-06","0.0166145260164154","0.071280739105254","0.01","0.1","","","","0.613113104488026","","","","","","","","",""
"45311","AAIIBULL_IndexMoMPercentChangeL0","BAA10YB_IndexMoMDifferenceL0",NA,"0",NA,"0.234089596776076","0.61326023941914","-0.0449317668586665","1.40141005757354e-06","0.052438028595362","-0.550566564978545","0.490307213711","0.00370733425612885","0.305380189670508","0.284950195249052",NA,"205.661043373539","212.406529099687","4.16297318028835e-06","70","No gap","1.02666842742499","0.00221181143954047","0.00153653246985494","0.998463467530145","0.109651458144129","0.328971872053716","0.000651085124393958","4.82707849691622e-07","0.0345123979673241","0.0552967444019451","0.01","0.1","","","","0.637068634203122","","","","","","","","",""
"35301","AWOTMANMoMPercentChangeL0","BAA10YB_IndexMoMDifferenceL0",NA,"0",NA,"-2.07531072497969","0.614427939243607","-0.0459793457485811","7.05911248766538e-07","-0.0521482177109685","-0.563402960056854","0.494804829649849","0.00226124169658343","0.305362927826872","0.284932425704133",NA,"205.662782906479","212.408268632627","4.16649202938935e-06","70","No gap","1.00691089163972","0.0055625079700687","0.00391669677926351","0.996083303220736","0.0944287834431749","0.198346432030127","0.000792092858752066","3.40286986288962e-06","0.0329018311615976","0.0740036066634158","0.01","0.1","","","","0.604631291065695","","","","","","","","",""
"37077","HOUSTNEMoMPercentChangeL1","BAA10YB_IndexMoMDifferenceL0",NA,"0",NA,"0.177480417394423","0.617266424386713","-0.0455458014328343","8.06408108785499e-07","0.050736134488668","-0.558090571486925","0.516162789946576","0.00268629786004411","0.305321261980821","0.284889534392022",NA,"205.666981533174","212.412467259322","4.17499756377726e-06","70","No gap","1.00036991550949","0.00378895807930406","0.00279630144524158","0.997203698554758","0.106362144471328","0.440696447110215","0.000753609524369791","8.78565013628929e-07","0.0356711345032839","0.0780147580692491","0.01","0.1","","","","0.607571846538784","","","","","","","","",""
"40623","AMBSLMoMPercentChangeL0","BAA10YB_IndexMoMDifferenceL0",NA,"0",NA,"2.75486946410829","0.619309953272297","-0.0455708567907797","7.95789357868628e-07","0.0512341305177846","-0.55839758461645","0.612143787898623","0.00228609676774053","0.305291522583402","0.284858920306444",NA,"205.669978189249","212.415463915397","4.18107877520058e-06","70","No gap","1.00017838167174","0.00521141604997712","0.00277375052734022","0.99722624947266","0.0837388371462734","0.243864234078641","0.00144751769406832","3.28735981480754e-06","0.0336452760714008","0.0684363389733361","0.01","0.1","","","","0.612346326748051","","","","","","","","",""
"45395","AAIIBEAR_IndexMoMPercentChangeL1","BAA10YB_IndexMoMDifferenceL0",NA,"0",NA,"0.201755202338759","0.619521852538861","-0.0456100534743019","7.80068042215397e-07","0.0507886018537225","-0.558877876955569","0.53995743289927","0.00215053341740578","0.305288451098108","0.284855758483347",NA,"205.670287676612","212.41577340276","4.18170733240686e-06","70","No gap","1.00001590995527","0.00376434643228847","0.00249394652270423","0.997506053477296","0.112078329119681","0.411472735394201","0.000719235497140964","1.20240969814223e-06","0.0323853899078453","0.0681661394270518","0.01","0.1","","","","0.707344075874941","","","","","","","","",""
"5261","INDPROMoMDifferenceL1","BAA10YB_IndexMoMDifferenceL0",NA,"0",NA,"-0.0539034151408007","0.620062214576414","-0.045884235821802","7.1480691592641e-07","-0.0507709952115598","-0.562237540814677","0.636841053250866","0.00362282383922188","0.305280628954045","0.284847706276223",NA,"205.671075841143","212.416561567291","4.18330849161208e-06","70","No gap","1.00380526593068","0.00524262707654788","0.00331320640805218","0.996686793591948","0.0520096440083356","0.0377563414705937","0.00126831662893765","7.83151800809456e-06","0.0284756448762394","0.0743172857657842","0.01","0.1","","","","0.808177523988445","","","","","","","","",""
"24751","UEMP15OVMoMDifferenceL1","BAA10YB_IndexMoMDifferenceL0",NA,"0",NA,"-0.000447593478539998","0.625656156306138","-0.0467158124334451","9.64877543046587e-07","-0.0473045211220855","-0.572427175244789","0.579858231747241","4.65731886289025e-05","0.305200527292719","0.284765248683681",NA,"205.679146428058","212.424632154206","4.19973924148387e-06","70","No gap","1.07028797025384","0.00379869224376327","0.00196257683734479","0.998037423162655","0.108042898938308","0.186654739823625","0.000431843364751533","3.83239847634442e-07","0.030803694195478","0.072242484608518","0.01","0.1","","","","0.60737178063464","","","","","","","","",""
"26155","UEMP27OVMoMDifferenceL0","BAA10YB_IndexMoMDifferenceL0",NA,"0",NA,"0.000522044321822651","0.629936389697275","-0.0456271614557822","7.75495709591253e-07","0.0458204504593627","-0.559087507763701","0.612560250106465","0.000846086325366894","0.305140305419332","0.284703255578724",NA,"205.685213428138","212.430699154286","4.21213340595639e-06","70","No gap","1.00000001132278","0.00531333578565454","0.0031247044341235","0.996875295565877","0.112617797325815","0.315526808633653","0.000696486049265732","1.43936392704713e-06","0.0383938829388077","0.0699318667972662","0.01","0.1","","","","0.604705624709886","","","","","","","","",""
"45363","AAIIBEAR_IndexMoMDifferenceL1","BAA10YB_IndexMoMDifferenceL0",NA,"0",NA,"0.00718252518428591","0.633255713432219","-0.0457436327751112","7.41670855784322e-07","0.0492540198649279","-0.560514676528356","0.558032290118239","0.00207372052523487","0.305094234171292","0.284655829293977",NA,"205.689854480828","212.435340206976","4.2216392149852e-06","70","No gap","1.00084652789733","0.00421049766498488","0.0028791052652794","0.997120894734721","0.11097625642091","0.378601795886436","0.000740913255245541","1.43817926934187e-06","0.0336236938984484","0.0686734304045508","0.01","0.1","","","","0.759549648438139","","","","","","","","",""
"44881","USGG10YR_IndexMoMPercentChangeL0","BAA10YB_IndexMoMDifferenceL0",NA,"0",NA,"0.794555460964064","0.652077937554734","-0.0430357796061999","6.90743247973492e-05","0.0562741089996719","-0.527334289423543","0.482581133484021","0.0083743944750132","0.30484319483164","0.284397406444335",NA,"205.715137880774","212.460623606922","4.27380273315681e-06","70","No gap","1.46560888320963","0.00440308439928203","0.00243205110726703","0.997567948892733","0.103116237073417","0.233741006178409","0.000785685574576292","8.37442509227238e-07","0.0325784435152786","0.0719535434838525","0.01","0.1","","","","0.607584329131605","","","","","","","","",""
"25359","UEMP15T26MoMDifferenceL0","BAA10YB_IndexMoMDifferenceL0",NA,"0",NA,"0.000634114094362643","0.653502704596665","-0.0454503347451874","8.658365757773e-07","0.0457516842371558","-0.556920780713886","0.653512754412697","0.000238977018269719","0.304824885960603","0.284378559077091",NA,"205.716981499488","212.462467225637","4.27763151766847e-06","70","No gap","1.00217713145956","0.00404825974596688","0.00278343860681756","0.997216561393182","0.0522912237647206","0.117585030282776","0.00115866242180263","4.78140244686287e-06","0.0284677229154725","0.0654009108288972","0.01","0.1","","","","0.634868226348851","","","","","","","","",""
"26743","UEMP27OVMoMPercentChangeL1","BAA10YB_IndexMoMDifferenceL0",NA,"0",NA,"-1.01264194849197","0.672079468506243","-0.0465085206033079","9.77263941716013e-07","-0.0427715289724461","-0.569887147134482","0.691354936474485","0.00149068454349584","0.304594847361623","0.284141754636965",NA,"205.740141186795","212.485626912943","4.32602221900336e-06","70","No gap","1.06117665101937","0.00420476216807689","0.00236358518837565","0.997636414811624","0.105701696419665","0.188991210272139","0.000537280517579401","5.23433358878833e-07","0.0341302944534325","0.072678688615236","0.01","0.1","","","","0.71463109157947","","","","","","","","",""
"19339","CLF16OVMoMDifferenceL0","BAA10YB_IndexMoMDifferenceL0",NA,"0",NA,"4.64126043890447e-05","0.675568189094049","-0.0456775457677504","7.66019957810409e-07","0.0429996980507032","-0.559704886502809","0.407145217847938","0.000749350954606286","0.304553414319581","0.284099102976039",NA,"205.744311743388","212.489797469536","4.33479431938277e-06","70","No gap","1.00020782700376","0.00404396326562821","0.00268660370754101","0.997313396292459","0.131038526887212","0.26555587429338","0.000758473056111972","1.09318475560727e-06","0.0335804912857051","0.0711086015123599","0.01","0.1","","","","0.952056265900986","","","","","","","","",""
"35445","AWOTMANMoMPercentChangeL1","BAA10YB_IndexMoMDifferenceL0",NA,"0",NA,"-1.69413652879229","0.679506633023696","-0.0453550948999037","9.47466077272218e-07","-0.0427527559594919","-0.555753769529307","0.564827046971087","0.00247345257633955","0.304507299904011","0.284051632254129",NA,"205.748953224327","212.494438950475","4.3445778492579e-06","70","No gap","1.00609395030212","0.00388163424577909","0.00251485336523481","0.997485146634765","0.12389669764134","0.452868483220934","0.00068028980204648","9.46319704597798e-07","0.0363821112369023","0.0693627089674112","0.01","0.1","","","","0.640442084691083","","","","","","","","",""
"35157","AWOTMANMoMDifferenceL1","BAA10YB_IndexMoMDifferenceL0",NA,"0",NA,"-0.377330917398587","0.687046143189815","-0.0453567947195851","9.50276825660792e-07","-0.0417079159724413","-0.555774598086662","0.579139581147595","0.00247845205851357","0.304420953027373","0.283962745763473",NA,"205.757643331628","212.503129057776","4.36295467431957e-06","70","No gap","1.0063282457824","0.00386463583014801","0.00250295521318734","0.997497044786813","0.123489689400361","0.458126162176931","0.000678529171860372","9.4489562241229e-07","0.036352461209177","0.0695192582711807","0.01","0.1","","","","0.640690905017581","","","","","","","","",""
"19795","CLF16OVMoMPercentChangeL0","BAA10YB_IndexMoMDifferenceL0",NA,"0",NA,"7.01233435531743","0.691322749438308","-0.0456939274037078","7.63885564074979e-07","0.0407885409908438","-0.55990561711432","0.329886030717598","0.00244406279116374","0.304373090888573","0.283913475914707",NA,"205.762459799963","212.507945526111","4.37317343882082e-06","70","No gap","1.00040370845137","0.00404204003677687","0.0026869904845882","0.997313009515412","0.129165258990643","0.267771755571984","0.000761242021388617","1.12135861973783e-06","0.033403981243365","0.070905579832997","0.01","0.1","","","","0.941173737905457","","","","","","","","",""
"21359","UNRATEMoMDifferenceL1","BAA10YB_IndexMoMDifferenceL0",NA,"0",NA,"0.364806267420183","0.694992019034223","-0.0445014863813006","3.92696686299011e-06","0.0397359750022574","-0.545294169500623","0.696714598967335","0.00162268255014504","0.304332663169272","0.283871859144839",NA,"205.766527868756","212.512013594904","4.38182301842893e-06","70","No gap","1.11608677986626","0.00476234124817564","0.00255287057441269","0.997447129425587","0.118228649561565","0.378430102400415","0.000742816163544856","1.06082370632254e-06","0.0320762396513827","0.0722464852834846","0.01","0.1","","","","0.627642728802625","","","","","","","","",""
"45271","AAIIBULL_IndexMoMDifferenceL0","BAA10YB_IndexMoMDifferenceL0",NA,"0",NA,"0.00567880004001922","0.696605773995342","-0.0449018405325841","1.79028131842339e-06","0.041210932038085","-0.550199865965674","0.626545812314717","0.0045117005020843","0.304315068153178","0.283853746628272",NA,"205.768298306271","212.513784032419","4.38559268600702e-06","70","No gap","1.04871666512466","0.00260400209989647","0.00184396745106207","0.998156032548938","0.113109896947494","0.27562798404179","0.000589882522200357","4.47458541885659e-07","0.03606802818222","0.0583296601968668","0.01","0.1","","","","0.64162415632705","","","","","","","","",""
"32405","USWTRADEMoMPercentChangeL1","BAA10YB_IndexMoMDifferenceL0",NA,"0",NA,"-13.7263636851206","0.707856624612545","-0.0453375382293227","9.82959869876512e-07","-0.0385832181941156","-0.555538640757615","0.379749888715873","0.00208818077270215","0.304195509571632","0.283730671617857",NA,"205.780327288446","212.525813014594","4.41129116302008e-06","70","No gap","1.00839338740226","0.00438075900017376","0.00241141124508864","0.997588588754911","0.107982860611057","0.426367196701237","0.000877355163448363","1.31646271783747e-06","0.0366899748602799","0.0729057465032567","0.01","0.1","","","","0.797691696860296","","","","","","","","",""
"7765","IPFINALMoMPercentChangeL0","BAA10YB_IndexMoMDifferenceL0",NA,"0",NA,"-5.50028266607197","0.708113834652029","-0.0448335713885493","2.12225043699191e-06","-0.0396073319699588","-0.54936333736346","0.773970037625646","0.00116197560203841","0.304192839396987","0.283727922908663",NA,"205.780595915437","212.526081641585","4.41186676802818e-06","70","No gap","1.06325385978584","0.00486491251782657","0.00294415458719832","0.997055845412802","0.158135182115426","0.0269356740671344","0.000813100968728432","1.34896101333659e-06","0.0133825305654443","0.0746843508343767","0.01","0.1","","","","0.605961671367172","","","","","","","","",""
"32077","USWTRADEMoMDifferenceL1","BAA10YB_IndexMoMDifferenceL0",NA,"0",NA,"-0.00225880745139145","0.712360534271893","-0.0453421398528078","9.81593124673182e-07","-0.0379810343570074","-0.555595026255285","0.381979951458292","0.00208716527272518","0.304149156895121","0.28368295562733",NA,"205.784990350167","212.530476076315","4.42129368871669e-06","70","No gap","1.00839701290439","0.00438594433609424","0.00241756038205417","0.997582439617946","0.107776055154718","0.426492917649836","0.000873072947442135","1.31090322408323e-06","0.0366432329603837","0.0727317386981313","0.01","0.1","","","","0.805980769796906","","","","","","","","",""
"43195","DTCOLNVHFNMMoMDifferenceL1","BAA10YB_IndexMoMDifferenceL0",NA,"0",NA,"-9.50567472606891e-06","0.712447610520298","-0.0458735825888043","7.50761572434844e-07","-0.0381567404878654","-0.562107002571747","0.373641544189164","0.00153960008408682","0.304148269153176","0.283682041775329",NA,"205.785079653639","212.530565379787","4.42148547075139e-06","70","No gap","1.00632174764856","0.00528674060101916","0.00283589468635768","0.997164105313642","0.109470688773939","0.381898873558099","0.00072619109648398","1.26597142668938e-06","0.0327196189719271","0.0649943846442699","0.01","0.1","","","","0.604562517107998","","","","","","","","",""
"43331","DTCOLNVHFNMMoMPercentChangeL1","BAA10YB_IndexMoMDifferenceL0",NA,"0",NA,"-3.18356343599361","0.714674846102873","-0.0458609562415599","7.51156683704665e-07","-0.0378296455520506","-0.561952286985947","0.393705351460083","0.00253526388467228","0.304125670569692","0.283658778527624",NA,"205.787352947054","212.532838673202","4.42637024355985e-06","70","No gap","1.00578484064712","0.00531301852148528","0.00284934987783105","0.997150650122169","0.110139470286782","0.386553573875953","0.000726319925800914","1.26147375822949e-06","0.032966648503414","0.0650265225628999","0.01","0.1","","","","0.60471313514056","","","","","","","","",""
"43263","DTCOLNVHFNMMoMPercentChangeL0","BAA10YB_IndexMoMDifferenceL0",NA,"0",NA,"-3.16890410409375","0.717387970193006","-0.045249411006322","1.10110611789105e-06","-0.0376352296179125","-0.554458783323982","0.205810451099934","0.00258067382377161","0.304098422114006","0.283630728646771",NA,"205.790093893909","212.535579620057","4.43226707003141e-06","70","No gap","1.01531448145623","0.00415176467173751","0.00222617079143564","0.997773829208564","0.125412141162355","0.352739727171546","0.000710101148213018","7.78287404301636e-07","0.0351085730813657","0.0633130771376825","0.01","0.1","","","","0.606671247267687","","","","","","","","",""
"3541","DPCERA3M086SBEAMoMPercentChangeL1","BAA10YB_IndexMoMDifferenceL0",NA,"0",NA,"-6.00338575966945","0.718797005093038","-0.0451319861243267","1.3030523943226e-06","-0.0373043083516375","-0.553019930181917","0.77510199607374","0.00166298286642387","0.304084391840311","0.283616285717968",NA,"205.79150517","212.536990896148","4.43530632854294e-06","70","No gap","1.02660581658136","0.00562895571336767","0.00390273659654917","0.996097263403451","0.116894214642073","0.115538808352484","0.000808618319101618","3.0722448729481e-06","0.0300994921999656","0.0686943301814722","0.01","0.1","","","","0.979325682309731","","","","","","","","",""
"45347","AAIIBEAR_IndexMoMDifferenceL0","BAA10YB_IndexMoMDifferenceL0",NA,"0",NA,"0.00617303827748101","0.721678341997015","-0.0473526696388764","6.39880135333344e-06","0.0424028340170603","-0.580230836406813","0.775868507179777","0.0130774226862098","0.304055957672849","0.283587015251463",NA,"205.794365216588","212.539850942737","4.44147198463973e-06","70","No gap","1.33082400218514","0.00555334684617674","0.00370389660078776","0.996296103399212","0.0957266607016541","0.195324912217211","0.00094940509105039","3.41010366811112e-06","0.0259267000187092","0.0707839591855628","0.01","0.1","","","","0.63779101681204","","","","","","","","",""
"45155","VIX_IndexMoMPercentChangeL1","BAA10YB_IndexMoMDifferenceL0",NA,"0",NA,"-0.166656145460561","0.722863393886492","-0.0449003438946392","1.98583579637923e-06","-0.0374882933516992","-0.55018152707384","0.619865191248078","0.00351875631992549","0.304044362722001","0.283575079272648",NA,"205.795531459488","212.541017185637","4.44398861731976e-06","70","No gap","1.05912117953124","0.0042308078946104","0.00273592401657879","0.997264075983421","0.125733621102035","0.234117213263586","0.00070263854329026","5.57457418781659e-07","0.0331505489571491","0.07312793672643","0.01","0.1","","","","0.606586267519223","","","","","","","","",""
"12797","IPMATMoMDifferenceL1","BAA10YB_IndexMoMDifferenceL0",NA,"0",NA,"-0.0283747852158837","0.731327389957105","-0.0459683422976142","7.80831011108357e-07","-0.0355189032057357","-0.563268130455766","0.734648776248689","0.00416796062106837","0.303963223986616","0.283491554103869",NA,"205.80369200897","212.549177735118","4.46163819045609e-06","70","No gap","1.01394801736725","0.00457901629450944","0.00290504297285416","0.997094957027146","0.0756156616104301","0.068118873493608","0.000990009491307504","3.02232356697019e-06","0.0281369800255772","0.07186417168786","0.01","0.1","","","","0.899288777380208","","","","","","","","",""
"45405","SPX_Index_14DRSIMoMDifferenceL0","BAA10YB_IndexMoMDifferenceL0",NA,"0",NA,"0.00324645472429348","0.731351707095423","-0.0447262336124949","3.03297593018406e-06","0.0371034756019081","-0.548048085487419","0.685298421732438","0.00420363092667577","0.303962995086414","0.283491318471309",NA,"205.803715029322","212.54920075547","4.46168807766156e-06","70","No gap","1.09693714429826","0.00358176423026991","0.00241934533021739","0.997580654669783","0.0966524996989848","0.384310054612035","0.00052152382845421","7.58056731053891e-07","0.0344714196457669","0.0624952718343344","0.01","0.1","","","","0.61676154354073","","","","","","","","",""
"43127","DTCOLNVHFNMMoMDifferenceL0","BAA10YB_IndexMoMDifferenceL0",NA,"0",NA,"-8.70837429817061e-06","0.736907194747267","-0.0452764185723109","1.09063458194148e-06","-0.0349401780510451","-0.554789717624468","0.287801956976805","0.00043670009479959","0.303911328157507","0.283438131926846",NA,"205.808910946739","212.554396672887","4.47296240035921e-06","70","No gap","1.0153208486853","0.00417552174981397","0.0022450111262882","0.997754988873712","0.124794938088425","0.357850768741262","0.000707643948145252","8.08349664427332e-07","0.0351570347463163","0.063506243022828","0.01","0.1","","","","0.606549747031876","","","","","","","","",""
"7217","IPFINALMoMDifferenceL0","BAA10YB_IndexMoMDifferenceL0",NA,"0",NA,"-0.0477832494195903","0.74078073801553","-0.0449093795981606","2.11996774963169e-06","-0.0350739895195438","-0.550292245093579","0.800139920641488","0.00114301155723679","0.30387603911864","0.283401804975071",NA,"205.812459589616","212.557945315764","4.48067876523961e-06","70","No gap","1.06625180401445","0.00475241221253391","0.00288317147042406","0.997116828529576","0.152739747495938","0.0277779224960526","0.000800659053284667","1.30249560115203e-06","0.0131645708389579","0.0736571093913702","0.01","0.1","","","","0.606694767658987","","","","","","","","",""
"44779","USGG2YR_IndexMoMPercentChangeL1","BAA10YB_IndexMoMDifferenceL0",NA,"0",NA,"-0.268395388588045","0.746935272663673","-0.0447462980207677","3.23111976998223e-06","-0.0337959155916499","-0.548293942552774","0.754706593006886","0.004398770218864","0.303821201977507","0.283345354976846",NA,"205.817973620033","212.563459346181","4.49269519753326e-06","70","No gap","1.10489136241487","0.00349407429371889","0.00212501675596726","0.997874983244033","0.0169419134458073","0.0351153054531673","0.000488870229398151","2.34499445084246e-07","0.032291087444739","0.0672856338500109","0.01","0.1","","","","0.610331906672319","","","","","","","","",""
"44051","ism_man_emplMoMPercentChangeL1","BAA10YB_IndexMoMDifferenceL0",NA,"0",NA,"-0.821090689747863","0.749390130827314","-0.0459437703520808","7.91151901702687e-07","-0.0331202281904458","-0.562967040768158","0.631035579283627","0.00195002246703413","0.303799748281381","0.283323270289657",NA,"205.820130731962","212.56561645811","4.49740484120831e-06","70","No gap","1.01387827159271","0.00430562968720872","0.00284373489064923","0.997156265109351","0.113754074651626","0.348152171976815","0.000670837478150057","9.50217563966405e-07","0.0392486003882888","0.0686618816884166","0.01","0.1","","","","0.669980244860842","","","","","","","","",""
"36813","HOUSTNEMoMDifferenceL1","BAA10YB_IndexMoMDifferenceL0",NA,"0",NA,"0.0010815306216825","0.75229436727806","-0.0457458476297568","7.65431696945575e-07","0.0326069764964566","-0.560541816011164","0.744450569274525","0.00122267588261871","0.303774674161244","0.283297458695398",NA,"205.822651783626","212.568137509774","4.50291533515834e-06","70","No gap","1.00200688995689","0.00459149979849966","0.00336187450168981","0.99663812549831","0.106181033205748","0.418601432201555","0.000755793588842445","1.17150678036193e-06","0.0333764013240959","0.0720109762389021","0.01","0.1","","","","0.608599551867719","","","","","","","","",""
"13559","IPDMATMoMDifferenceL0","BAA10YB_IndexMoMDifferenceL0",NA,"0",NA,"0.0237010870968932","0.754929583874705","-0.0455100083449435","8.54120854152675e-07","0.0322498773849439","-0.557651984740226","0.774209081444443","0.00285638633998179","0.303752209231543","0.283274333032471",NA,"205.824910419804","212.570396145953","4.50785797745379e-06","70","No gap","1.00196999269761","0.00416121739577723","0.00244227838086278","0.997557721619137","0.125357464259196","0.439092728195955","0.000714903708675918","5.73328298170139e-07","0.0312642960200499","0.0664611418755552","0.01","0.1","","","","0.608917832882524","","","","","","","","",""
"13307","IPMATMoMPercentChangeL1","BAA10YB_IndexMoMDifferenceL0",NA,"0",NA,"-2.82727383166364","0.755459918590772","-0.0459387674905658","7.95812334049415e-07","-0.0322008736737006","-0.562905738743511","0.7545972589494","0.00413029646010766","0.303747721040628","0.283269712835941",NA,"205.825361656211","212.57084738236","4.50884608182989e-06","70","No gap","1.01414231291608","0.00456626434438102","0.00288631384599987","0.997113686154","0.0788611665456813","0.0775008187860381","0.000947992305150648","2.70678479463715e-06","0.0287600617529649","0.0713698601093521","0.01","0.1","","","","0.889173779097059","","","","","","","","",""
"45043","USGG30YR_IndexMoMPercentChangeL1","BAA10YB_IndexMoMDifferenceL0",NA,"0",NA,"0.653335004486361","0.756487616903314","-0.0462626953743122","1.08511349859151e-06","0.0329464452241933","-0.56687495417223","0.792967133790286","0.00397574964099297","0.303739054959012","0.283260791869571",NA,"205.826232923647","212.571718649796","4.51075457086336e-06","70","No gap","1.05925825017905","0.00619844077322722","0.00388205633965367","0.996117943660346","0.0296348971770001","0.104305323753059","0.000973155413470418","4.34600426790777e-06","0.0357219472422507","0.0662816236570436","0.01","0.1","","","","0.607930212000412","","","","","","","","",""
"44699","USGG2YR_IndexMoMDifferenceL1","BAA10YB_IndexMoMDifferenceL0",NA,"0",NA,"0.327824554956882","0.75966144344085","-0.0465368264575381","1.77716704320253e-06","0.032585480614811","-0.570233989870076","0.734989094235998","0.00425340603736831","0.30371255139349","0.283233508787416",NA,"205.82889746241","212.574383188558","4.51659618927458e-06","70","No gap","1.12468403085685","0.00564079419021742","0.00308094037613187","0.996919059623868","0.0314887464496428","0.0699289742844204","0.000914267528822311","2.92156475012462e-06","0.0308622058695743","0.0623493967864707","0.01","0.1","","","","0.606746418787276","","","","","","","","",""
"14063","IPDMATMoMPercentChangeL0","BAA10YB_IndexMoMDifferenceL0",NA,"0",NA,"2.51999599349992","0.764345336021004","-0.0455248100177031","8.46215115817888e-07","0.0309622103145772","-0.557833355442891","0.775961105227283","0.00279491362745154","0.303674151556565","0.283193979543523",NA,"205.832757814155","212.578243540303","4.52507287806991e-06","70","No gap","1.00162842339923","0.00419967914527202","0.00248084535123286","0.997519154648767","0.12570955907643","0.432055424202906","0.000728418208517075","6.23057548776451e-07","0.0310727028657649","0.0666872154220319","0.01","0.1","","","","0.609030104434122","","","","","","","","",""
"45071","VIX_IndexMoMDifferenceL0","BAA10YB_IndexMoMDifferenceL0",NA,"0",NA,"0.00995946045848584","0.770291263964244","-0.0467796785003405","3.56498646138719e-06","0.0332879661473322","-0.573209751215591","0.779382344196287","0.00446828027321775","0.30362662262719","0.28314505270446",NA,"205.837535622594","212.583021348742","4.53558618174199e-06","70","No gap","1.2196404674411","0.00412142692038533","0.00282064456290541","0.997179355437095","0.126808358681428","0.411186906006866","0.00082007868585414","8.77478320004954e-07","0.0327511430239221","0.0660215707756965","0.01","0.1","","","","0.615887327822866","","","","","","","","",""
"35725","AWHMANMoMDifferenceL1","BAA10YB_IndexMoMDifferenceL0",NA,"0",NA,"-0.21140348890792","0.772514533268507","-0.0454878120438738","8.76616901350877e-07","-0.0298889817429987","-0.55738000475614","0.73653708436598","0.00233172595341775","0.303609198520952","0.283127116124509",NA,"205.839287085556","212.584772811704","4.53944629452696e-06","70","No gap","1.00325305568705","0.00439243656632311","0.00285397964644627","0.997146020353554","0.0910914949569736","0.184333984037009","0.000780676877545953","1.63194867131011e-06","0.0359198709696637","0.0692365784248993","0.01","0.1","","","","0.725457540176778","","","","","","","","",""
"36005","AWHMANMoMPercentChangeL1","BAA10YB_IndexMoMDifferenceL0",NA,"0",NA,"-8.70026400281244","0.775940668749824","-0.0454907167786597","8.75456974722098e-07","-0.0294250854651424","-0.557415597610929","0.740230323518476","0.0023307550804913","0.303582715814004","0.283099854514416",NA,"205.841949030881","212.58743475703","4.54531934435121e-06","70","No gap","1.00321719558735","0.00439176294831332","0.00285500579634327","0.997144994203657","0.0916152825528108","0.18593953946962","0.000775779275358073","1.61667398035359e-06","0.035903861878512","0.0691709378283973","0.01","0.1","","","","0.72448557559748","","","","","","","","",""
"31915","USWTRADEMoMDifferenceL0","BAA10YB_IndexMoMDifferenceL0",NA,"0",NA,"-0.00173544114130266","0.777058478487807","-0.0454765673236692","8.8826512639618e-07","-0.0291365166768734","-0.557242218788438","0.609094458831985","0.00219138903405359","0.303574171955156","0.283091059365602",NA,"205.842807806883","212.588293533031","4.54721568232674e-06","70","No gap","1.00396186299712","0.00473725808237722","0.00262873014023924","0.997371269859761","0.0828043572995929","0.107415281488608","0.000813735639175513","1.80348951939191e-06","0.0374597415394586","0.0655231676968772","0.01","0.1","","","","0.612648496917728","","","","","","","","",""
"26351","UEMP27OVMoMDifferenceL1","BAA10YB_IndexMoMDifferenceL0",NA,"0",NA,"0.000309659830677261","0.779381226502437","-0.0451505964866034","1.4972930686983e-06","0.027148559311428","-0.553247970251294","0.809290408494576","0.000407710006090013","0.303556569435713","0.283072939124999",NA,"205.844577070371","212.590062796519","4.55112504149646e-06","70","No gap","1.04069770131146","0.00442375623241533","0.00232554879479486","0.997674451205205","0.110849276639374","0.198071760236313","0.000873505533740744","1.72286299648938e-06","0.032980773060926","0.0609693812152713","0.01","0.1","","","","0.656150998392899","","","","","","","","",""
"32241","USWTRADEMoMPercentChangeL0","BAA10YB_IndexMoMDifferenceL0",NA,"0",NA,"-10.2104231197067","0.780520499683854","-0.0454872405660896","8.80225848219703e-07","-0.0286531797705653","-0.557373002214672","0.620451787822648","0.00220833529345125","0.303548010107647","0.28306412805199",NA,"205.845437368934","212.590923095082","4.55302716884098e-06","70","No gap","1.00353026271739","0.00474365450844284","0.0026330352357989","0.997366964764201","0.0823345405596063","0.106257144228568","0.000814768214329288","1.81381557884386e-06","0.0374828712916194","0.0655960607318563","0.01","0.1","","","","0.612313950310818","","","","","","","","",""
"44979","USGG30YR_IndexMoMDifferenceL1","BAA10YB_IndexMoMDifferenceL0",NA,"0",NA,"0.206916496064443","0.781213596335197","-0.0462178457559501","1.16104173648294e-06","0.029551900181531","-0.566325394205005","0.824979051355578","0.00446953667149884","0.303542826816699","0.283058792311308",NA,"205.84595833667","212.591444062818","4.55417941924718e-06","70","No gap","1.06381005677836","0.00592552339310968","0.00374302706930016","0.9962569729307","0.0254010339059343","0.0885236738613871","0.000942295182063089","4.1074913048611e-06","0.0353106297461496","0.0650377161424438","0.01","0.1","","","","0.608412014653866","","","","","","","","",""
"22015","UEMPMEANMoMDifferenceL0","BAA10YB_IndexMoMDifferenceL0",NA,"0",NA,"0.0341950413928242","0.783384916947362","-0.0453679785436477","1.02136616772457e-06","0.0278770675266301","-0.555911637870048","0.711827771129592","0.00289531301477212","0.303526705650996","0.283042196993673",NA,"205.847578635207","212.593064361355","4.55776497898519e-06","70","No gap","1.01247930876779","0.00391225185363099","0.00225003299811704","0.997749967001883","0.0425396532885956","0.153865279334412","0.000541290914303148","5.54804078123361e-07","0.0341138429160347","0.0627611026500767","0.01","0.1","","","","0.62477312972982","","","","","","","","",""
"45475","TED_G_IndexMoMDifferenceL1","BAA10YB_IndexMoMDifferenceL0",NA,"0",NA,"-0.00467143405438235","0.785388155099359","-0.0456922921189142","7.78007486305027e-07","-0.0281240491854071","-0.559885579328261","0.679216542011934","0.00216414391876453","0.303511989335718","0.283027047845592",NA,"205.849057702954","212.594543429102","4.56104047352746e-06","70","No gap","1.00081659197478","0.00408936414797777","0.0023692120028858","0.997630787997114","0.116021555138027","0.163842991954908","0.000761753608027924","1.08309894686354e-06","0.0328564459656252","0.0701901775156327","0.01","0.1","","","","0.609055110763317","","","","","","","","",""
"45227","MOVE_IndexMoMPercentChangeL0","BAA10YB_IndexMoMDifferenceL0",NA,"0",NA,"-0.241434103940433","0.801540172110145","-0.0450806461988607","1.98264835399185e-06","-0.0267985457239656","-0.552390841935755","0.716467610725443","0.00252929178714949","0.303398785435219","0.282910514418607",NA,"205.860434250714","212.605919976862","4.58631341271332e-06","70","No gap","1.0664835657271","0.00436226782046738","0.00328227079963218","0.996717729200368","0.0592010344813681","0.169770819883742","0.00053935075500235","6.58672671072225e-07","0.0328383025779329","0.0649138755907622","0.01","0.1","","","","0.607832257726672","","","","","","","","",""
"2957","DPCERA3M086SBEAMoMDifferenceL1","BAA10YB_IndexMoMDifferenceL0",NA,"0",NA,"-0.0347522781624262","0.802869906669936","-0.0452874709984303","1.21912029977096e-06","-0.0258943396537563","-0.554925147337311","0.834438248378785","0.00171274892850258","0.303389894460597","0.282901361944732",NA,"205.861327680468","212.606813406616","4.5883040825645e-06","70","No gap","1.026014680236","0.00491518589873948","0.00335617579729411","0.996643824202706","0.117033012886038","0.127888719772321","0.000787737829887854","2.20876955459026e-06","0.0319154089104766","0.0679846338781829","0.01","0.1","","","","1.02013338021824","","","","","","","","",""
"4977","INDPROMoMDifferenceL0","BAA10YB_IndexMoMDifferenceL0",NA,"0",NA,"0.025526838635756","0.815383403436014","-0.0458405803542677","8.18171825172173e-07","0.0240391390893584","-0.561702613245981","0.804786248833593","0.00188547723910406","0.30330938090618","0.282818480344597",NA,"205.869417748485","212.614903474633","4.60636911703283e-06","70","No gap","1.01181509638273","0.00427148270697961","0.00270528219667116","0.997294717803329","0.114741470736342","0.304772570076031","0.000656297945829367","7.32653882451473e-07","0.0307888218174418","0.0649900788461217","0.01","0.1","","","","0.626766495668283","","","","","","","","",""
"43939","ism_man_emplMoMDifferenceL1","BAA10YB_IndexMoMDifferenceL0",NA,"0",NA,"-0.0107518180341106","0.822542603570459","-0.0458288652256406","8.19938153825753e-07","-0.0232628505703972","-0.561559063179348","0.733369818440877","0.00204166615523468","0.303265861857369","0.282773681323762",NA,"205.87379018898","212.619275915128","4.61616232028117e-06","70","No gap","1.01144055816019","0.00427898228381561","0.00282133548726464","0.997178664512735","0.115923215647827","0.350702902694933","0.000664869051211058","9.79682783452951e-07","0.0376779442346184","0.0678894726678469","0.01","0.1","","","","0.668500011488142","","","","","","","","",""
"36549","HOUSTMoMPercentChangeL1","BAA10YB_IndexMoMDifferenceL0",NA,"0",NA,"-0.287218176641201","0.823447971833299","-0.0456023306091264","8.08806945875984e-07","-0.0229665232731883","-0.558783245659078","0.711302230526075","0.0023382546866508","0.303260489208187","0.282768150655487",NA,"205.874329970185","212.619815696333","4.61737274182195e-06","70","No gap","1.00016843277932","0.00404611203482217","0.00309653312034234","0.996903466879658","0.11782776473325","0.300178448226563","0.000708113585484519","1.25260006245131e-06","0.0362029508648838","0.066271386280578","0.01","0.1","","","","0.629827687626771","","","","","","","","",""
"10983","IPNCONGDMoMPercentChangeL0","BAA10YB_IndexMoMDifferenceL0",NA,"0",NA,"-2.59667510222529","0.824391714335917","-0.0452606052182512","1.39820679234121e-06","-0.023203865312855","-0.554595950393973","0.847501718797197","0.00169912043460398","0.303254920011884","0.282762417659292",NA,"205.874889493762","212.62037521991","4.61862776923727e-06","70","No gap","1.0383413088681","0.00499242151568924","0.00296919137733163","0.997030808622668","0.123650255457842","0.0564062930176316","0.000784992708499866","1.03347760582739e-06","0.0284313502651967","0.0730832616898275","0.01","0.1","","","","0.608028466302676","","","","","","","","",""
"38205","HOUSTWMoMDifferenceL0","BAA10YB_IndexMoMDifferenceL0",NA,"0",NA,"0.000682534471163744","0.825870875589659","-0.0457920162731369","8.04257049339895e-07","0.0227915956954774","-0.561107538509357","0.835471943450171","0.000698051221088279","0.303246255156026","0.282753497954733",NA,"205.875760021816","212.621245747964","4.62058106698304e-06","70","No gap","1.00794967685161","0.00394909593299588","0.00266924134689372","0.997330758653106","0.0527075301888861","0.0279288108338137","0.000489157046189009","4.96761621948671e-07","0.0361197624705073","0.0634965147311402","0.01","0.1","","","","0.633817192216307","","","","","","","","",""
"9655","IPDCONGDMoMDifferenceL1","BAA10YB_IndexMoMDifferenceL0",NA,"0",NA,"-0.00924463413622551","0.827872719335624","-0.0456189514348372","8.01610557800002e-07","-0.0222817812053356","-0.558986907156466","0.843623351414977","0.00236041717448684","0.303234652584604","0.28274155413121",NA,"205.876925675023","212.622411401171","4.62319786243004e-06","70","No gap","1.00001802376569","0.00430479179260455","0.00313349840350989","0.99686650159649","0.0635047115095789","0.251818004533705","0.000810725324065793","1.95105906175552e-06","0.0369317892339252","0.0666406771832586","0.01","0.1","","","","0.607829735174261","","","","","","","","",""
"38445","HOUSTWMoMPercentChangeL0","BAA10YB_IndexMoMDifferenceL0",NA,"0",NA,"-0.169394742574272","0.834784846612449","-0.045497844775458","8.97843149485269e-07","-0.0214616982819046","-0.557502939751842","0.869378033492719","0.00202778073375912","0.30319568383258","0.282701439239421",NA,"205.880840531544","212.626326257692","4.63199724454189e-06","70","No gap","1.00537788110767","0.0051618717405382","0.0034534454362733","0.996546554563727","0.052411784371183","0.0233908630822294","0.00107157102745098","2.15753453525203e-06","0.0315372826767124","0.0682686733731073","0.01","0.1","","","","0.645132873477863","","","","","","","","",""
"5545","INDPROMoMPercentChangeL0","BAA10YB_IndexMoMDifferenceL0",NA,"0",NA,"2.34565797025811","0.839107537344371","-0.0458157634950735","8.32760478708956e-07","0.0208883565873761","-0.561398522535213","0.829904636217003","0.00188555742520736","0.303172171618973","0.282677235490119",NA,"205.883202496226","212.628688222374","4.63731430644376e-06","70","No gap","1.01220771383535","0.00427896666878537","0.00270164822783981","0.99729835177216","0.11506604074217","0.301513704161083","0.00066878837669298","7.78271567081212e-07","0.030607256277352","0.0651288023183995","0.01","0.1","","","","0.62757773953988","","","","","","","","",""
"10191","IPDCONGDMoMPercentChangeL1","BAA10YB_IndexMoMDifferenceL0",NA,"0",NA,"-0.943883677646682","0.840907870021501","-0.04560517851026","8.08888709431249e-07","-0.0205283283772369","-0.558818142108832","0.857895007548528","0.00234944535137161","0.303162573040446","0.28266735460046",NA,"205.884166717002","212.62965244315","4.63948663542713e-06","70","No gap","1.00016233211451","0.00422439132124084","0.00311005818794223","0.996889941812058","0.0651388774250883","0.250639995034355","0.000802414238924347","1.92184772129789e-06","0.0367882203240671","0.0666727048452988","0.01","0.1","","","","0.607996358951388","","","","","","","","",""
"22447","UEMPMEANMoMPercentChangeL0","BAA10YB_IndexMoMDifferenceL0",NA,"0",NA,"0.649244553311831","0.845878322096342","-0.0454492775320233","9.82007142677581e-07","0.0198022368419666","-0.556907826266267","0.793988097981048","0.00281439825559942","0.303136662550258","0.282640682037031",NA,"205.88676947702","212.632255203168","4.64535557287427e-06","70","No gap","1.01173671578125","0.00414378490377408","0.00241398828283547","0.997586011717165","0.0501020387192615","0.142414875291036","0.000606658595975697","7.26832014796841e-07","0.0328828227018921","0.0643184046292305","0.01","0.1","","","","0.633794842325587","","","","","","","","",""
"3829","CMRMTSPLMoMDifferenceL0","BAA10YB_IndexMoMDifferenceL0",NA,"0",NA,"9.6788624667686e-07","0.846561159207381","-0.0457140637747245","7.91682353540577e-07","0.0195547135534608","-0.560152355967405","0.62733353422363","0.00109934713206019","0.303133170471889","0.282637087250474",NA,"205.887120255803","212.632605981951","4.64614710793398e-06","70","No gap","1.00286850327999","0.00478391355660669","0.00261033818823199","0.997389661811768","0.122818791469525","0.109911991594811","0.000639199130587019","8.81344129344264e-07","0.0323414408311735","0.0665602162870625","0.01","0.1","","","","1.40292081398288","","","","","","","","",""
"25759","UEMP15T26MoMPercentChangeL0","BAA10YB_IndexMoMDifferenceL0",NA,"0",NA,"0.314087942918407","0.849009872734573","-0.0454967429150044","9.10568868486358e-07","0.0196148562712568","-0.55748943822347","0.833798670411622","0.00213908839112258","0.30312078128625","0.282624333677022",NA,"205.888364733584","212.633850459732","4.64895636986817e-06","70","No gap","1.00656491997822","0.00416185368305662","0.00292905180876917","0.997070948191231","0.0614109611541918","0.147692080872034","0.000856819719045334","1.87626155323528e-06","0.0322275892363344","0.0658062119489704","0.01","0.1","","","","0.641689787515071","","","","","","","","",""
"45459","SPX_Index_30DRSIMoMPercentChangeL0","BAA10YB_IndexMoMDifferenceL0",NA,"0",NA,"-0.173220356984629","0.855227877224631","-0.0463559553875464","4.45115799215994e-06","-0.0207494934750647","-0.568017705698065","0.85347938158397","0.00804781699512837","0.303090258449071","0.282592913109338",NA,"205.891430618971","212.636916345119","4.65588449416465e-06","70","No gap","1.2249564098755","0.00507383409954482","0.00336024016371654","0.996639759836284","0.0841077695686582","0.294593075632591","0.000888564732475066","1.63308165501697e-06","0.0338501180744461","0.0678028230166067","0.01","0.1","","","","0.60859924127907","","","","","","","","",""
"37461","HOUSTMWMoMPercentChangeL0","BAA10YB_IndexMoMDifferenceL0",NA,"0",NA,"0.0847879996240294","0.856791793407947","-0.0454833731079758","9.39235301121681e-07","0.0185373404145478","-0.557325612733293","0.731222727834182","0.00267328337518499","0.303082792461427","0.282585227533822",NA,"205.89218052431","212.637666250458","4.6575806611493e-06","70","No gap","1.00888681265046","0.00446111928345005","0.00275715544716933","0.997242844552831","0.115893998109691","0.349292239492155","0.000664003425436966","1.0140745824172e-06","0.0340601207527525","0.0685027066334055","0.01","0.1","","","","0.609833249891076","","","","","","","","",""
"19567","CLF16OVMoMDifferenceL1","BAA10YB_IndexMoMDifferenceL0",NA,"0",NA,"-1.91433857671074e-05","0.868344897053681","-0.046031418238095","1.54089476967619e-06","-0.0177350159338186","-0.564041024697662","0.8026220671741","0.00162809570177166","0.303030250725189","0.282531140452401",NA,"205.897457740687","212.642943466835","4.66953437561202e-06","70","No gap","1.08393246447969","0.00474126354270448","0.00316229712962102","0.996837702870379","0.0965583908986968","0.336550363230362","0.00084159309022066","1.58150848605931e-06","0.0324500612335484","0.0683302896973091","0.01","0.1","","","","1.11776548689947","","","","","","","","",""
"37589","HOUSTMWMoMPercentChangeL1","BAA10YB_IndexMoMDifferenceL0",NA,"0",NA,"-0.07735212168847","0.868777002652073","-0.0456923235106385","7.95514490568649e-07","-0.0169211419131795","-0.559885963983373","0.852811494391426","0.0025001678544683","0.303028374485991","0.282529209029697",NA,"205.897646180095","212.643131906243","4.66996178694057e-06","70","No gap","1.00221970162661","0.00442734124987855","0.00266461142522498","0.997335388574775","0.0863945485313636","0.233749778705961","0.000768653796265188","1.49473982058446e-06","0.0348184625187312","0.0652343701917592","0.01","0.1","","","","0.664958016513299","","","","","","","","",""
"20023","CLF16OVMoMPercentChangeL1","BAA10YB_IndexMoMDifferenceL0",NA,"0",NA,"-3.03098527843895","0.869133284348834","-0.046031204228817","1.55467350253827e-06","-0.01762953381301","-0.564038402358029","0.804361022734444","0.00456735683165869","0.303026832286437","0.282527621471333",NA,"205.897801069972","212.64328679612","4.67031313178268e-06","70","No gap","1.08486609087009","0.00474962168721923","0.00316012233697311","0.996839877663027","0.0969595654711207","0.337399640667008","0.000840780916954231","1.58271151584621e-06","0.032415583426876","0.0683019991956441","0.01","0.1","","","","1.09714060904577","","","","","","","","",""
"23299","UEMPLT5MoMPercentChangeL0","BAA10YB_IndexMoMDifferenceL0",NA,"0",NA,"-0.312763690269648","0.869891729396802","-0.0455732171792941","8.34502445609816e-07","-0.0169262316569426","-0.558426507382839","0.86980689915756","0.0025211186674316","0.303023563743448","0.282524256794726",NA,"205.898129342972","212.64361506912","4.67105785806332e-06","70","No gap","1.00150299164329","0.00437215385537615","0.00290883803953896","0.997091161960461","0.118434519664162","0.443532862492253","0.000719772007801871","8.28356402804431e-07","0.0321051723937634","0.0654736485225748","0.01","0.1","","","","0.611305418308881","","","","","","","","",""
"21799","UNRATEMoMPercentChangeL1","BAA10YB_IndexMoMDifferenceL0",NA,"0",NA,"0.790522236631575","0.872494386477007","-0.0451013848976743","4.15028848248182e-06","0.0167876573517648","-0.552644961347615","0.864417423930627","0.00187935071602876","0.303012496968735","0.282512864526639",NA,"205.899240812513","212.644726538661","4.67358024047737e-06","70","No gap","1.15088166290661","0.00462190531503286","0.00248760671188414","0.997512393288116","0.106721096984325","0.318973922990394","0.000711508264319548","1.04077853657625e-06","0.0317059055913649","0.0681426303056178","0.01","0.1","","","","0.636770038791994","","","","","","","","",""
"36277","HOUSTMoMDifferenceL1","BAA10YB_IndexMoMDifferenceL0",NA,"0",NA,"-0.000182903173956975","0.878416100413607","-0.0455922128619714","8.20754726239048e-07","-0.0157945283422503","-0.558659268934237","0.813058494098384","0.000553690658373578","0.302988177559239","0.282487829840393",NA,"205.90168322211","212.647168948258","4.67912786050739e-06","70","No gap","1.00071688446958","0.0040625689493254","0.00308603787984154","0.996913962120158","0.117371752649415","0.299105801128021","0.000717318767671253","1.21641241412895e-06","0.0355848192416191","0.0662889032248914","0.01","0.1","","","","0.63287409606116","","","","","","","","",""
"4405","CMRMTSPLMoMPercentChangeL0","BAA10YB_IndexMoMDifferenceL0",NA,"0",NA,"0.970527718244267","0.879930381726685","-0.0456933880650874","8.00095260440547e-07","0.0152467391410114","-0.559899008386635","0.743957597879666","0.00226952691609983","0.302982150100712","0.282481625103675",NA,"205.902288549392","212.647774275541","4.68050380175722e-06","70","No gap","1.00274197401274","0.00469836848199336","0.00255812643727688","0.997441873562723","0.122587810500245","0.104725862214887","0.000654655117221322","9.14405239527127e-07","0.0326532875871631","0.0665410260368299","0.01","0.1","","","","1.34728815828586","","","","","","","","",""
"22875","UEMPLT5MoMDifferenceL0","BAA10YB_IndexMoMDifferenceL0",NA,"0",NA,"-0.000119938139536198","0.880302693197719","-0.0455889279626726","8.23588486983437e-07","-0.015547563940207","-0.558619017774542","0.885246988831694","0.000206075323721166","0.302980680066148","0.282480111832799",NA,"205.902436181639","212.647921907787","4.68083943905295e-06","70","No gap","1.00088735302444","0.00435417498698943","0.00288216852999961","0.99711783147","0.119737804341914","0.455996526555229","0.000724140563129984","8.45562413420708e-07","0.0324329575661241","0.065525482023287","0.01","0.1","","","","0.609577352370701","","","","","","","","",""
"10455","IPNCONGDMoMDifferenceL0","BAA10YB_IndexMoMDifferenceL0",NA,"0",NA,"-0.0171379619521757","0.884850982798408","-0.0453847174440781","1.34044135877e-06","-0.0151627667454223","-0.556116746183293","0.900442284652508","0.00165780346125142","0.302963100717206","0.282462015444183",NA,"205.904201611769","212.649687337917","4.68485495519477e-06","70","No gap","1.03932198833799","0.00477002321118543","0.00283225611867383","0.997167743881326","0.11913558471935","0.065127568967151","0.000759592645276133","1.05571715591779e-06","0.0286333246655657","0.0707525549505932","0.01","0.1","","","","0.609543555927089","","","","","","","","",""
"34425","CES0600000007MoMDifferenceL0","BAA10YB_IndexMoMDifferenceL0",NA,"0",NA,"0.0692426047744259","0.897461421266804","-0.045563268007004","8.56825095277893e-07","0.0133236759995785","-0.558304596271947","0.86424625284584","0.00251694040269932","0.302918011132513","0.282415599695234",NA,"205.90872959135","212.654215317498","4.69516971557393e-06","70","No gap","1.00341465445437","0.00430339585146364","0.00280405267096993","0.99719594732903","0.116545844926138","0.263985248617228","0.000720778141459872","1.01727635637427e-06","0.0298124371740024","0.0668824011390426","0.01","0.1","","","","0.608644552905435","","","","","","","","",""
"23511","UEMPLT5MoMPercentChangeL1","BAA10YB_IndexMoMDifferenceL0",NA,"0",NA,"-0.240816066474875","0.902334767128865","-0.0458754505469289","1.28964176512895e-06","-0.0130331454788057","-0.562129891395403","0.862788124168429","0.00272617920185553","0.302902016461477","0.282399134592697",NA,"205.910335735456","212.655821461604","4.69883397402615e-06","70","No gap","1.05784429986712","0.00439299558768032","0.00293307703652116","0.997066922963479","0.0531309149012264","0.200875187248577","0.000779876578979772","1.44254330813887e-06","0.0348177508951989","0.0635282267524414","0.01","0.1","","","","0.608756900518142","","","","","","","","",""
"34721","CES0600000007MoMPercentChangeL0","BAA10YB_IndexMoMDifferenceL0",NA,"0",NA,"2.68504258249095","0.903166551087274","-0.0455670789395173","8.55284135300249e-07","0.0125774618172168","-0.55835129312297","0.871075047215344","0.00251640943853424","0.302899365841076","0.282396406012872",NA,"205.910601900442","212.65608762659","4.69944147918344e-06","70","No gap","1.00338480965765","0.00430967043035561","0.0028073891006287","0.997192610899371","0.116194016680103","0.265896568112932","0.000720297277689838","1.02392324741185e-06","0.0298635266991978","0.0668579435647032","0.01","0.1","","","","0.60864657921757","","","","","","","","",""
"45443","SPX_Index_30DRSIMoMDifferenceL0","BAA10YB_IndexMoMDifferenceL0",NA,"0",NA,"0.00206150480422271","0.907298310616316","-0.045166245534736","6.97581156176839e-06","0.0132772556854033","-0.55343972417681","0.902692143184219","0.00835963395154057","0.30288654155781","0.282383204544804",NA,"205.911889650772","212.65737537692","4.70238179939297e-06","70","No gap","1.22018217431175","0.00400795757294515","0.00259701582959294","0.997402984170407","0.0693282311016861","0.308036220769656","0.000618994035720198","8.19757764336515e-07","0.0352354339665577","0.0652838879209881","0.01","0.1","","","","0.60897806359666","","","","","","","","",""
"45425","SPX_Index_14DRSIMoMPercentChangeL0","BAA10YB_IndexMoMDifferenceL0",NA,"0",NA,"-0.0491230416007838","0.917756660675983","-0.0458788254092115","1.65233964032917e-06","-0.0109795726177484","-0.562171244906829","0.908732124056925","0.00442710818887499","0.302856619775946","0.282352402710533",NA,"205.914894154207","212.660379880355","4.70924913698045e-06","70","No gap","1.0839202388663","0.00465322638234118","0.00322886628461858","0.996771133715381","0.111826916762251","0.392375911658153","0.000783472923706742","1.2039736567715e-06","0.0339128479594979","0.0672593879314371","0.01","0.1","","","","0.610095147931757","","","","","","","","",""
"45251","MOVE_IndexMoMPercentChangeL1","BAA10YB_IndexMoMDifferenceL0",NA,"0",NA,"-0.0905107491776286","0.921372063857913","-0.0455994511468586","8.2287156287604e-07","-0.0101930744572475","-0.558747962478367","0.905324795857434","0.00234502733654866","0.302847119900895","0.282342623427392",NA,"205.915848027889","212.661333754037","4.71143148506048e-06","70","No gap","1.00107536891731","0.00470223043830304","0.00292620847429211","0.997073791525708","0.117322772070863","0.264423157281424","0.000765450376270023","1.20684784021829e-06","0.0287136121036028","0.0668476806426463","0.01","0.1","","","","0.610296732481158","","","","","","","","",""
"45483","TED_G_IndexMoMPercentChangeL1","BAA10YB_IndexMoMDifferenceL0",NA,"0",NA,"-0.0479312275087336","0.930727077831663","-0.0456025169342065","8.22129093992876e-07","-0.0089439684440659","-0.558785528773376","0.88926840407598","0.00227702376989721","0.302824543313744","0.282319382822972",NA,"205.918114870008","212.663600596156","4.71662180512311e-06","70","No gap","1.00109229398877","0.00429622309418615","0.0025604814430449","0.997439518556955","0.116511781774763","0.104251636286995","0.000724968259313686","1.06376650144124e-06","0.0319708826067485","0.0672996296175986","0.01","0.1","","","","0.618583362284088","","","","","","","","",""
"37205","HOUSTMWMoMDifferenceL0","BAA10YB_IndexMoMDifferenceL0",NA,"0",NA,"0.000260242764440593","0.932716772793821","-0.0455667823616525","8.90496572933017e-07","0.0087489517786886","-0.558347659038052","0.900373105323727","0.00168052796647842","0.302820113648117","0.282314822873062",NA,"205.918559629796","212.664045355944","4.7176408289884e-06","70","No gap","1.00709845463087","0.00447810706956889","0.00299295207609071","0.997007047923909","0.118294839943832","0.391684243508638","0.000704294584635899","1.09693677652345e-06","0.0325604778940005","0.0673970398461262","0.01","0.1","","","","0.615183133991981","","","","","","","","",""
"37333","HOUSTMWMoMDifferenceL1","BAA10YB_IndexMoMDifferenceL0",NA,"0",NA,"0.000212693729293065","0.944804152341226","-0.0456115293017724","8.15466573564548e-07","0.00715172589081896","-0.558895960848497","0.942280180513385","0.00125549031154765","0.302795999267699","0.282289999246161",NA,"205.920980780306","212.666466506454","4.72319197852844e-06","70","No gap","1.00067868225057","0.00446750368252328","0.0029416284951866","0.997058371504813","0.0777436201757451","0.218945833537098","0.000691952076099744","9.28579055536893e-07","0.0334718260249888","0.0666741728553009","0.01","0.1","","","","0.692970888648947","","","","","","","","",""
"45379","AAIIBEAR_IndexMoMPercentChangeL0","BAA10YB_IndexMoMDifferenceL0",NA,"0",NA,"0.0300124961886694","0.948224316999555","-0.0459254556473868","9.03177654189813e-06","0.00759381155280647","-0.56274262350712","0.959828057594243","0.0138312938986403","0.302790045589799","0.282283870460087",NA,"205.921578533149","212.667064259297","4.72456349542849e-06","70","No gap","1.29794970424449","0.00444971587026612","0.00303519625500578","0.996964803744994","0.0636413340145481","0.157891956506516","0.00076125482507808","1.39628874784581e-06","0.0288283269978481","0.0668201985749434","0.01","0.1","","","","0.665095087722812","","","","","","","","",""
"45203","MOVE_IndexMoMDifferenceL1","BAA10YB_IndexMoMDifferenceL0",NA,"0",NA,"0.000540661128461454","0.967386890131178","-0.0456441281193389","8.19671360477784e-07","0.00422534126163914","-0.559295406947878","0.963270838090302","0.00219487411561315","0.302763757024992","0.282256808702198",NA,"205.924217859844","212.669703585992","4.73062407446712e-06","70","No gap","1.00254942534797","0.00440662105527741","0.00274519023375522","0.997254809766245","0.113324137894783","0.34991275309654","0.000698278688303347","1.03262317963093e-06","0.0291119730824612","0.0661305565846626","0.01","0.1","","","","0.609128760677725","","","","","","","","",""
"23087","UEMPLT5MoMDifferenceL1","BAA10YB_IndexMoMDifferenceL0",NA,"0",NA,"-3.218031806148e-05","0.968534116456135","-0.0457010435416842","1.29421331179217e-06","-0.0041715882060329","-0.559992813944436","0.963642984745193","0.000253775257507634","0.302762562991428","0.282255579549999",NA,"205.924337736398","212.669823462546","4.73089952668371e-06","70","No gap","1.04996713468389","0.00440418271344013","0.00291677597885403","0.997083224021146","0.0522373381528973","0.207304772977104","0.000736732162842138","1.19051503633116e-06","0.0343143570090794","0.0653858515051158","0.01","0.1","","","","0.608845998141274","","","","","","","","",""
"45099","VIX_IndexMoMDifferenceL1","BAA10YB_IndexMoMDifferenceL0",NA,"0",NA,"0.000996760691611541","0.97475987156681","-0.0456799372691108","1.18203141204979e-06","0.00333162408377788","-0.559734190507107","0.966746740806864","0.00275125838457826","0.302756830043872","0.282249677986339",NA,"205.92491330027","212.670399026418","4.73222227992398e-06","70","No gap","1.03981685699675","0.00443704381354117","0.00300328885977779","0.996996711140222","0.11788545106178","0.237777536411279","0.000711916275557371","1.12383571726493e-06","0.0313069687917127","0.0657129388494254","0.01","0.1","","","","0.612160866971322","","","","","","","","",""
"45127","VIX_IndexMoMPercentChangeL0","BAA10YB_IndexMoMDifferenceL0",NA,"0",NA,"-0.0140772436083803","0.977259168928784","-0.045528054823462","4.03008118384772e-06","-0.00316807484046795","-0.557873115320716","0.980180158145138","0.00409915654115302","0.30275488316713","0.282247673848517",NA,"205.925108757447","212.670594483595","4.73267156109181e-06","70","No gap","1.16870632503122","0.00417682531520045","0.00292205005966132","0.997077949940339","0.11798590695071","0.410981338661287","0.000706613446911312","1.11535985269917e-06","0.0348746215649135","0.0664113500657187","0.01","0.1","","","","0.610169332373335","","","","","","","","",""
"45179","MOVE_IndexMoMDifferenceL0","BAA10YB_IndexMoMDifferenceL0",NA,"0",NA,"-0.000341058003010121","0.980510729707052","-0.0455760489795483","1.51783520819742e-06","-0.00258986933607562","-0.558461206542202","0.97529779683217","0.00232665372428867","0.302752654175815","0.282245379298633",NA,"205.925332536917","212.670818263065","4.73318599680805e-06","70","No gap","1.06059769314161","0.00397948293129933","0.00285303660787052","0.997146963392129","0.0670393783700882","0.202191561178909","0.000698423320536721","1.0422731999693e-06","0.0319514910699012","0.0661735294482194","0.01","0.1","","","","0.611784787717991","","","","","","","","",""
"30139","MANEMPMoMPercentChangeL0","WPSID61MoMDifferenceL0",NA,"0",NA,"-198.520743614195","0.000797825830393391","0.354402811286261","0.000145511445425151","-0.32277520595727","0.415911226718583","0.000770720932284551","0.00422720231873058","0.296932891083811","0.276254446703923",NA,"206.507181507508","213.252667233656","6.27900108640667e-06","70","No gap","1.00004397533611","0.153994354544989","0.0940062776670621","0.905993722332938","0.000101475511264776","0.000698303269242378","0.134259416292405","0.0794732710557836","0.022647055418268","0.0102471189875273","0.01","0.1","","","","0.83539539227448","","","","","","","","",""
"29791","MANEMPMoMDifferenceL0","WPSID61MoMDifferenceL0",NA,"0",NA,"-0.0160232626098098","0.000813548283998247","0.355665364720006","0.000139005430488774","-0.322375570763197","0.417392902740059","0.00120830358904184","0.00435279558210372","0.296555637463886","0.275866097389294",NA,"206.544732220125","213.290217946273","6.39457402840105e-06","70","No gap","1.00000650505881","0.157176235639101","0.0956632974120979","0.904336702587902","0.000106704430084696","0.000724644142034614","0.136706505170697","0.0782076651350998","0.0243164439658316","0.01","0.01","0.1","","","","0.83726816075955","","","","","","","","",""
"38881","ISRATIOMoMPercentChangeL0","USGG30YR_IndexMoMDifferenceL0",NA,"0",NA,"-60.1579801290265","0.000910412706029622","2.85283896492399","0.000219820882102502","-0.357524521819097","0.403695961420246","0.00573137141340594","0.000146442784716344","0.295499955978594","0.274779366448552",NA,"206.649704714031","213.395190440179","6.72906674126228e-06","70","No gap","1.00193274774214","0.0036541469772497","0.00339420425959612","0.996605795740404","0.0394591435133227","0.18406828734386","0.000586833636849043","0.000364485085029509","0.0753546848528427","0.0853207730654696","0.01","0.1","","","","0.778690825230092","","","","","","","","",""
"30141","MANEMPMoMPercentChangeL0","WPSID61MoMPercentChangeL0",NA,"0",NA,"-199.765058105698","0.000765195362397838","67.9812873958156","0.000174600338358947","-0.324798338950623","0.411434209537025","0.000853667274196337","0.00422530870516874","0.293352180336346","0.272568420934474",NA,"206.862785731149","213.608271457297","7.46281699826046e-06","70","No gap","1.00000138570443","0.137501789461861","0.0849219762818589","0.915078023718141","0.000144549412497985","0.00113736241582114","0.108120754012795","0.0606619611547168","0.025453568974782","0.0108854913454233","0.01","0.1","","","","0.831525896648143","","","","","","","","",""
"29793","MANEMPMoMDifferenceL0","WPSID61MoMPercentChangeL0",NA,"0",NA,"-0.0161218044415494","0.000781821946503121","68.2218914410862","0.000167111748740462","-0.32435815571014","0.412890385772714","0.00118946941604805","0.00416242698588406","0.292934326460453","0.272138277238702",NA,"206.904165787723","213.649651513871","7.61432880480584e-06","70","No gap","1.00000793368585","0.140276269000528","0.0864021268148168","0.913597873185183","0.000152088765952854","0.0011823849920415","0.110115208668848","0.0595080141347124","0.0272964695958969","0.0105780020732122","0.01","0.1","","","","0.833869035420817","","","","","","","","",""
"38649","ISRATIOMoMDifferenceL0","USGG30YR_IndexMoMDifferenceL0",NA,"0",NA,"-44.1550376392496","0.00105511719330656","2.86003180648545","0.000218102058185897","-0.353547130265266","0.404713797030737","0.00568337175458695","0.000158046328982572","0.292643646804512","0.271839048181115",NA,"206.93293736483","213.678423090978","7.72148426053665e-06","70","No gap","1.00173074274516","0.00338887227200459","0.00314519369163579","0.996854806308364","0.0445943281264159","0.209199937555348","0.000505734484002934","0.000277075761383472","0.0751921915932119","0.0846333500071308","0.01","0.1","","","","0.779538467578875","","","","","","","","",""
"38883","ISRATIOMoMPercentChangeL0","USGG30YR_IndexMoMPercentChangeL0",NA,"0",NA,"-61.1379337041244","0.000788998065065367","7.92015445302028","0.000287792264620803","-0.363348477885946","0.397101476370559","0.00602926540264467","0.000168832819237498","0.290207081334809","0.269330819021127",NA,"207.173645601192","213.91913132734","8.67913644986285e-06","70","No gap","1.00089883536604","0.00341376193449586","0.00284248925278423","0.997157510747216","0.0687924894230709","0.351373674753386","0.000382238755314059","0.000194619219255343","0.0698644311247451","0.0901218250848928","0.01","0.1","","","","0.777876808480237","","","","","","","","",""
"38651","ISRATIOMoMDifferenceL0","USGG30YR_IndexMoMPercentChangeL0",NA,"0",NA,"-44.8591094956417","0.000922286094612457","7.93619352817114","0.00028803733568206","-0.359184597644678","0.397905645084667","0.00620819267724446","0.000170236906448469","0.287156873577558","0.266190899271016",NA,"207.473813547757","214.219299273905","1.00414135495441e-05","70","No gap","1.00079021430525","0.00316047276610819","0.0026204405331254","0.997379559466875","0.0757575644232832","0.383649970915595","0.000335864627148555","0.000146108855640037","0.0668020052655533","0.0894960884934267","0.01","0.1","","","","0.778347775705849","","","","","","","","",""
"42195","WPSID61MoMDifferenceL0","USGG30YR_IndexMoMDifferenceL0",NA,"0",NA,"0.278511426207394","0.00405647104477392","2.32296519878925","0.00382361167393815","0.326848504696243","0.328715248494927","0.0391298702972316","0.000181490943756067","0.26628675585142","0.244706954552932",NA,"209.493796517681","216.23928224383","2.67852799635815e-05","70","No gap","1.08371430144631","0.0166062205423936","0.0218790630183704","0.97812093698163","0.00337937051942047","0.0141360636948786","0.00325657172120446","0.00869903691244367","0.00101851241543661","0.0349575559241723","0.01","0.1","","","","0.914003540690985","","","","","","","","",""
"15957","IPMANSICSMoMPercentChangeL0","WPSID61MoMDifferenceL0",NA,"0",NA,"-27.3464287363166","0.00406150925798627","0.373852425249428","9.63842015939116e-05","-0.31330580156424","0.438736420382439","0.00833251290591013","0.020045288199715","0.265094343890222","0.243479471651699",NA,"209.607466382084","216.352952108232","2.83057102107298e-05","70","No gap","1.00422417478546","0.529071063179402","0.298635850107487","0.701364149892513","0.00228233906040137","0.0587716618184948","0.066582590298185","0.0836890774576747","0.00201558873030026","0.0120789089663728","0.01","0.1","","","","0.967134209731985","","","","","","","","",""
"42355","WPSID61MoMPercentChangeL0","USGG30YR_IndexMoMDifferenceL0",NA,"0",NA,"53.0167612453944","0.00478270446673977","2.34340275243893","0.00357557866625083","0.320866375010054","0.331607300226949","0.0277823395914363","0.000635320138909896","0.263035092795094","0.241359654347891",NA,"209.803336418897","216.548822145045","3.11308856328907e-05","70","No gap","1.08122924424321","0.0141645836845228","0.0190060256751217","0.980993974324878","0.00431977946763665","0.0227012820757925","0.00248205921048039","0.00639378241318622","0.00122558581213301","0.0363330836299593","0.01","0.1","","","","0.901193260383962","","","","","","","","",""
"15471","IPMANSICSMoMDifferenceL0","WPSID61MoMDifferenceL0",NA,"0",NA,"-0.251098852410686","0.00512559730955218","0.374834628564098","9.75874266896476e-05","-0.30611456315556","0.439889090091826","0.0106648396230089","0.0191596573840548","0.260491432816923","0.23874118084095",NA,"210.044527849314","216.790013575462","3.50000873392542e-05","70","No gap","1.0049529939053","0.502204642631992","0.286957682189284","0.713042317810716","0.00214355614680417","0.0557422516868129","0.06961670760191","0.0796094184971743","0.00174540835885729","0.0116818609942838","0.01","0.1","","","","1.00072510222569","","","","","","","","",""
"42197","WPSID61MoMDifferenceL0","USGG30YR_IndexMoMPercentChangeL0",NA,"0",NA,"0.282741998569237","0.00364017373830826","6.33667619826491","0.00524870028305661","0.331813314468349","0.317708889206524","0.0373117677821688","0.000548398988825145","0.260021468212424","0.238257393748084",NA,"210.088999373864","216.834485100012","3.57643294166543e-05","70","No gap","1.08005460046644","0.0172078536711807","0.0211305497491326","0.978869450250867","0.00357748869728865","0.0118222943889338","0.00364089771873233","0.00885466776681065","0.000658382236006031","0.0377576614458692","0.01","0.1","","","","0.906431364837475","","","","","","","","",""
"15959","IPMANSICSMoMPercentChangeL0","WPSID61MoMPercentChangeL0",NA,"0",NA,"-27.3434088313782","0.00419203390279792","71.4699509039576","0.00012416892868838","-0.313271202759895","0.432548189101075","0.00826645049686122","0.0173507196777452","0.259873763057316","0.238105344323707",NA,"210.102970494166","216.848456220314","3.60078505096117e-05","70","No gap","1.00433577982541","0.464852393221212","0.268766372309907","0.731233627690093","0.00254485049800474","0.0638317192075355","0.0606552904186003","0.065688118562939","0.00185030873490128","0.0128978127573699","0.01","0.1","","","","0.956689340882266","","","","","","","","",""
"42213","WPSID61MoMDifferenceL0","AAIIBEAR_IndexMoMPercentChangeL0",NA,"0",NA,"0.382415380818212","7.62141419796088e-05","-1.20437497233353","0.00535444477570963","0.448785520563173","-0.304732952611589","0.0166929383940848","0.00109278992385459","0.259626426167552","0.237850732819539",NA,"210.126359328556","216.871845054705","3.64192425112986e-05","70","No gap","1.009975401972","0.0409034823551404","0.0458872546779334","0.954112745322067","0.000847597073736138","0.00256054720051473","0.014740188924659","0.000780634245608258","0.130429494131693","0.01","0.01","0.1","","","","0.949066838742493","","","","","","","","",""
"9809","IPDCONGDMoMPercentChangeL0","ISRATIOMoMPercentChangeL0",NA,"0",NA,"-16.3840092544863","0.00140316363574689","-73.9270732823242","0.00011563436298754","-0.356075746756248","-0.439355534678189","0.000325700449751522","0.00964234411256359","0.258543923120788","0.236736391447871",NA,"210.228631849175","216.974117575323","3.82740644991886e-05","70","No gap","1.03326343217844","0.0169018192068826","0.0122792790627919","0.987720720937208","0.0322430389060294","0.0612869189281097","0.0012813638570325","0.000757505736296626","0.13711439034914","0.0314661102756757","0.01","0.1","","","","0.939303940415295","","","","","","","","",""
"38877","ISRATIOMoMPercentChangeL0","USGG10YR_IndexMoMDifferenceL0",NA,"0",NA,"-60.0916259222217","0.00121951420206647","2.28834766639448","0.00142789297809887","-0.357130172540619","0.353335207681604","0.00775070866112102","8.52045163602359e-05","0.258190056340402","0.236372116821003",NA,"210.262032027908","217.007517754056","3.89000464082745e-05","70","No gap","1.00264488012161","0.00604686368392112","0.00642115622196396","0.993578843778036","0.0865057024500777","0.0717711768123625","0.000234698568511888","1.78085875648382e-05","0.0848059131365318","0.0683320563118014","0.01","0.1","","","","0.765195128997862","","","","","","","","",""
"42211","WPSID61MoMDifferenceL0","AAIIBEAR_IndexMoMDifferenceL0",NA,"0",NA,"0.388266295316971","6.49132536287353e-05","-0.0440984576912667","0.00609138528592483","0.455651891114164","-0.302913978147917","0.00591484885569162","0.00103593646671274","0.257071258382369","0.235220413040674",NA,"210.367526513451","217.1130122396","4.09452423791867e-05","70","No gap","1.01541504449432","0.0492628420185547","0.0520503633793035","0.947949636620697","0.00139880005642612","0.00574478998288011","0.0290459668370105","0.00281757548356232","0.0627669841646687","0.01","0.01","0.1","","","","0.927164704420278","","","","","","","","",""
"42357","WPSID61MoMPercentChangeL0","USGG30YR_IndexMoMPercentChangeL0",NA,"0",NA,"53.839416707239","0.00429446074030838","6.39505788530113","0.00491086229648331","0.325845224523372","0.32063603592476","0.0291906232528273","0.00110323199346962","0.256723700871311","0.234862633249879",NA,"210.400266311192","217.14575203734","4.16015659591151e-05","70","No gap","1.07754016324305","0.0146434038881698","0.0182544507130973","0.981745549286903","0.00457181628295338","0.0199414297636742","0.00287983005757135","0.00643613359015272","0.000786436079750504","0.0391979562585845","0.01","0.1","","","","0.893257005042126","","","","","","","","",""
"16005","IPMANSICSMoMPercentChangeL0","USGG30YR_IndexMoMDifferenceL0",NA,"0",NA,"-25.8688885667314","0.00660078697986305","3.02040325849519","0.000145009780261142","-0.296377744462565","0.42740743950388","0.00268718862057567","0.000899044904751974","0.256661953317987","0.234799069592046",NA,"210.406081307862","217.15156703401","4.17192326355176e-05","70","No gap","1.00071574996594","0.00116562958768782","0.000941561814012474","0.999058438185987","0.162299955591972","0.697608397565456","0.00300442308736294","1.21481878673224e-05","0.164022683073987","0.0683899662201337","0.01","0.1","","","","0.789438973482569","","","","","","","","",""
"9273","IPDCONGDMoMDifferenceL0","ISRATIOMoMPercentChangeL0",NA,"0",NA,"-0.146313501451403","0.00161802753002497","-73.7850289079626","0.000122053647206005","-0.352468228170999","-0.438511351630291","0.000430232266662687","0.00462588610089281","0.255655356191216","0.233762866667428",NA,"210.500808241337","217.246293967485","4.36835875924357e-05","70","No gap","1.03318639541862","0.0174157395228582","0.0127818950021483","0.987218104997852","0.0310667996871631","0.0679478164152476","0.00119587701422179","0.000766261013725456","0.141049949173719","0.0319514041430787","0.01","0.1","","","","0.955599202912826","","","","","","","","",""
"9807","IPDCONGDMoMPercentChangeL0","ISRATIOMoMDifferenceL0",NA,"0",NA,"-16.4337858843869","0.00140037129467297","-54.4669404788331","0.000134453009529637","-0.357157548553815","-0.43611400941267","0.000345912480645863","0.0111736948894314","0.255415753114354","0.233516216441247",NA,"210.523337477797","217.268823203945","4.4164232126942e-05","70","No gap","1.0347824791615","0.0156679576981541","0.0113408423569961","0.988659157643004","0.0355828137657578","0.0731583351309818","0.00122486905031069","0.000564671203291733","0.135735031713738","0.0303784181060897","0.01","0.1","","","","0.939301799647652","","","","","","","","",""
"15473","IPMANSICSMoMDifferenceL0","WPSID61MoMPercentChangeL0",NA,"0",NA,"-0.250929190934532","0.00530844942882092","71.6417569636697","0.000126118019496541","-0.305907728882291","0.433587988332292","0.0148450958760868","0.0100219380232797","0.255172682473517","0.233265996663915",NA,"210.546185353315","217.291671079463","4.46570760586074e-05","70","No gap","1.00503007315399","0.439025628761579","0.257228579904946","0.742771420095054","0.00240567298282243","0.0605682304673323","0.0631034656487475","0.0620758846147016","0.00156810156998518","0.0125297124888148","0.01","0.1","","","","0.991581089155763","","","","","","","","",""
"38645","ISRATIOMoMDifferenceL0","USGG10YR_IndexMoMDifferenceL0",NA,"0",NA,"-43.9839475587922","0.00145210062355508","2.28967565894087","0.00145463088160857","-0.352177220732931","0.353540258045702","0.0087602629395622","8.19146274190753e-05","0.254642373995886","0.232720090878118",NA,"210.596006813614","217.341492539762","4.57509139295542e-05","70","No gap","1.00266230888755","0.00559168952540529","0.00507757103879566","0.994922428961204","0.0960028920118474","0.086307224829223","0.000205593420009197","1.1631026563319e-05","0.0897289710298569","0.0674876235271191","0.01","0.1","","","","0.76484183848154","","","","","","","","",""
"30131","MANEMPMoMPercentChangeL0","WPSFD49207MoMDifferenceL0",NA,"0",NA,"-190.55686831459","0.00169626795277448","0.347020096247444","0.00121847240931578","-0.309826727912862","0.357122326924492","0.00346116216117202","0.00980757479474934","0.254382956726545","0.23245304368909",NA,"210.62036565674","217.365851382888","4.62954278749317e-05","70","No gap","1.00232199622718","0.0639163988664372","0.0615470207670425","0.938452979232957","0.00316093992173994","0.0072918907337211","0.0493626431803831","0.026000564817654","0.00874744015209112","0.0475918298969046","0.01","0.1","","","","0.89890133371945","","","","","","","","",""
"44455","ism_man_pricesMoMDifferenceL0","USGG30YR_IndexMoMDifferenceL0",NA,"0",NA,"0.0759661097043548","0.00745010664398674","2.56776082943425","0.00128996958240633","0.298855062089272","0.363355481848352","0.0521042234400716","0.000431854916061111","0.254264393671632","0.232330993485504",NA,"210.63149570551","217.376981431658","4.65463797694188e-05","70","No gap","1.03660576316878","0.00637683450498057","0.00449428807730085","0.995505711922699","0.0116398300372222","0.0167345114590905","0.0380127348035501","0.0102846473077542","0.00736959052855832","0.0817129559912616","0.01","0.1","","","","0.875224552786801","","","","","","","","",""
"41866","WPSFD49502MoMDifferenceL0","USGG30YR_IndexMoMDifferenceL0",NA,"0",NA,"0.20428075789662","0.00746209084355433","2.48114586931726","0.00198443757484976","0.300509588253888","0.351098880607372","0.0440844434822381","2.99069752520695e-05","0.254232546612105","0.232298209747755",NA,"210.634485031147","217.379970757295","4.66140122535874e-05","70","No gap","1.05437025099898","0.00425041816221155","0.00864236038425463","0.991357639615745","0.017925353421708","0.0818919373746778","0.0030514430343713","0.00324200040217204","0.000393368227880697","0.0707287376532482","0.01","0.1","","","","0.828779827901025","","","","","","","","",""
"30135","MANEMPMoMPercentChangeL0","WPSFD49502MoMDifferenceL0",NA,"0",NA,"-187.053471046836","0.00206904507138311","0.243068436176575","0.00127949245304906","-0.30413054849069","0.357568654165187","0.0034717703842642","0.00970438933031073","0.2533856711601","0.231426426194221",NA,"210.713930235732","217.45941596188","4.84478934654753e-05","70","No gap","1.00439205571036","0.0528556995758487","0.0538754769228825","0.946124523077117","0.00352976549535558","0.00679750898108441","0.0549908478674186","0.0252543911076625","0.0126570851813165","0.0474801402190019","0.01","0.1","","","","0.930316950206936","","","","","","","","",""
"42373","WPSID61MoMPercentChangeL0","AAIIBEAR_IndexMoMPercentChangeL0",NA,"0",NA,"72.9195316087389","0.000103030382489032","-1.19679599393579","0.00581547379598979","0.441321295852633","-0.302815306929823","0.00554980421328154","0.000761876817401364","0.253354118602571","0.231393945620294",NA,"210.716888432852","217.462374159001","4.851755530344e-05","70","No gap","1.00943754732428","0.0332386118912995","0.0383741096831779","0.961625890316822","0.00112539369129387","0.00375922404012324","0.0104603161195164","0.000382478970625488","0.135453777527489","0.0106178648406731","0.01","0.1","","","","0.933984340284538","","","","","","","","",""
"29783","MANEMPMoMDifferenceL0","WPSFD49207MoMDifferenceL0",NA,"0",NA,"-0.0153316765279482","0.00178809066138","0.347695011030889","0.00120182111427808","-0.308461397145677","0.357816889402418","0.00433685969541579","0.0111895793088269","0.253311500452798","0.231350073995528",NA,"210.720883881592","217.46636960774","4.86118021491011e-05","70","No gap","1.00215189777366","0.0641618309987476","0.0618380700875066","0.938161929912493","0.0032716383739783","0.00766196575294542","0.0483487249359875","0.0250612767016908","0.00985578642059945","0.0473140587877747","0.01","0.1","","","","0.904924140324966","","","","","","","","",""
"15519","IPMANSICSMoMDifferenceL0","USGG30YR_IndexMoMDifferenceL0",NA,"0",NA,"-0.237994685236829","0.00799413636788987","3.03515621710014","0.000140882979433758","-0.290139275449419","0.429495082683549","0.00538780321355278","0.000770616860719201","0.252867699231139","0.230893219796761",NA,"210.762476670263","217.507962396411","4.96038551565103e-05","70","No gap","1.00119340328174","0.00108228730192366","0.000876837727325339","0.999123162272675","0.165323806663043","0.715201100227728","0.00265244034163408","1.21296211634814e-05","0.149915305998682","0.0702475215757396","0.01","0.1","","","","0.814416954708442","","","","","","","","",""
"9271","IPDCONGDMoMDifferenceL0","ISRATIOMoMDifferenceL0",NA,"0",NA,"-0.146780016804284","0.00161237560010345","-54.3641708070844","0.000141716300077944","-0.353592060477747","-0.435291137902018","0.000424896353865235","0.0045535019705797","0.252545643669151","0.230561692012361",NA,"210.7926440608","217.538129786948","5.03360383213858e-05","70","No gap","1.03473837753738","0.0161499101755213","0.0118091169882223","0.988190883011778","0.0342850354648772","0.0807663422965493","0.00115198588204319","0.000568921826796021","0.139715642245436","0.0308575056492824","0.01","0.1","","","","0.955896511354257","","","","","","","","",""
"29787","MANEMPMoMDifferenceL0","WPSFD49502MoMDifferenceL0",NA,"0",NA,"-0.0150470818363215","0.00218041207350604","0.243545179125744","0.00126145256267235","-0.302735573486444","0.358269972433403","0.00471074122340163","0.0116314295907027","0.252321607617122","0.230331066664684",NA,"210.813622162942","217.559107889091","5.08515524533237e-05","70","No gap","1.00416229290077","0.0530871555812758","0.0541439849862281","0.945856015013772","0.00364173696135404","0.00714479985022644","0.0541017256464819","0.0243822003479995","0.0141642434962398","0.0471958489063204","0.01","0.1","","","","0.935947586414694","","","","","","","","",""
"9843","IPDCONGDMoMPercentChangeL0","WPSID61MoMDifferenceL0",NA,"0",NA,"-13.3434378157014","0.00774278262360265","0.363766376836535","0.000156071844331099","-0.289994622849743","0.426899886826385","0.00179698906287547","0.02967816198481","0.252312608116734","0.230321802473109",NA,"210.814464719371","217.559950445519","5.08723672876243e-05","70","No gap","1.00086152240965","0.0711207859966701","0.0614215999218544","0.938578400078146","0.00659505299202713","0.0422090635060684","0.0341617030395605","0.0312784667398951","0.0029237266105373","0.01","0.01","0.1","","","","0.898156810850515","","","","","","","","",""
"30133","MANEMPMoMPercentChangeL0","WPSFD49207MoMPercentChangeL0",NA,"0",NA,"-190.66131595656","0.00171039436265731","67.9427123458614","0.00134856112428195","-0.309996549506994","0.354118875964554","0.00366178849568554","0.0107550402165298","0.252311854470328","0.230321026660632",NA,"210.81453527723","217.560021003378","5.08741107624333e-05","70","No gap","1.00230934298167","0.0597652322560903","0.0583956365417989","0.941604363458201","0.00349086373483989","0.00812780318340577","0.0428180900286953","0.02228938746065","0.00874324752557817","0.0473801196353925","0.01","0.1","","","","0.896359938389393","","","","","","","","",""
"9307","IPDCONGDMoMDifferenceL0","WPSID61MoMDifferenceL0",NA,"0",NA,"-0.120438162467834","0.00785566960065132","0.365837432945632","0.000145296197773389","-0.290134712846771","0.429330385286066","0.00199384885472182","0.0262105336830459","0.252025301286258","0.230026045441736",NA,"210.841357797035","217.586843523183","5.15412390654779e-05","70","No gap","1.00142345580607","0.0728876055715562","0.0625818805381001","0.9374181194619","0.0077140358471944","0.0537396237635204","0.0339421362389383","0.0298661233427557","0.00311642021212582","0.01","0.01","0.1","","","","0.897044971459698","","","","","","","","",""
"41528","WPSFD49207MoMDifferenceL0","USGG30YR_IndexMoMDifferenceL0",NA,"0",NA,"0.286487178160717","0.00840945129589142","2.49236099790304","0.00191998674115148","0.294827212617201","0.352685896969862","0.0525052621244399","3.40725208278617e-05","0.251863778683472","0.229859772174163",NA,"210.856472428026","217.601958154174","5.19210158551608e-05","70","No gap","1.05339080219846","0.00420396064562603","0.00811384602796851","0.991886153972032","0.0189649254447997","0.0896124606407146","0.00268426456338281","0.0027968585115774","0.000247831130498289","0.0713271514408815","0.01","0.1","","","","0.808679928561332","","","","","","","","",""
"42032","WPSFD49502MoMPercentChangeL0","USGG30YR_IndexMoMDifferenceL0",NA,"0",NA,"42.0851737095052","0.008493269642584","2.48913531905594","0.00195469057657391","0.295783760265556","0.352229441649593","0.0314239173049199","0.00019577085971612","0.251667171542728","0.229657382470456",NA,"210.874865725145","217.620351451293","5.2386950557759e-05","70","No gap","1.05425492871075","0.00380965620984806","0.00779113413875759","0.992208865861242","0.0201990644618706","0.0972579289328698","0.00244506876507281","0.002548927699625","0.000442316791920227","0.0713245146191566","0.01","0.1","","","","0.821856880313647","","","","","","","","",""
"29785","MANEMPMoMDifferenceL0","WPSFD49207MoMPercentChangeL0",NA,"0",NA,"-0.0153396631080518","0.0018034117940709","68.0751079514133","0.0013304179966348","-0.308622080920389","0.354808924704174","0.00456037475972134","0.0121580542852525","0.251232678693245","0.229210110419517",NA,"210.915496941865","217.660982668013","5.34310847249975e-05","70","No gap","1.00214108383772","0.0599889621753296","0.0586702057436955","0.941329794256304","0.00361185040480358","0.00852469869301031","0.0421577799455318","0.0214577944266487","0.00983779476498091","0.0471053266728546","0.01","0.1","","","","0.902561088510201","","","","","","","","",""
"42371","WPSID61MoMPercentChangeL0","AAIIBEAR_IndexMoMDifferenceL0",NA,"0",NA,"74.0688683027963","8.75473099869863e-05","-0.0438179381056042","0.00660301691259193","0.448277275245287","-0.300987078476361","0.00452449386569445","0.00122709637792748","0.250820413328948","0.228785719603329",NA,"210.954027781744","217.699513507892","5.44404621511951e-05","70","No gap","1.01484320300931","0.0405912040938775","0.0439844991866647","0.956015500813335","0.00180339909329383","0.00762212979471589","0.0193836166443627","0.00142573916604516","0.0668645833851668","0.01","0.01","0.1","","","","0.912481610039483","","","","","","","","",""
"30137","MANEMPMoMPercentChangeL0","WPSFD49502MoMPercentChangeL0",NA,"0",NA,"-187.509105678774","0.00205494322320275","50.297224452867","0.00146283393303844","-0.304871365593667","0.353499840164129","0.0036967757285625","0.0104127732395549","0.250648899327033","0.228609161071946",NA,"210.970051451179","217.715537177327","5.48658213156417e-05","70","No gap","1.00418133625874","0.0480410208130088","0.0498727970021516","0.950127202997848","0.00400693369099561","0.00822538401710932","0.046621315869163","0.0204088039045754","0.0126884362794868","0.0474225110707188","0.01","0.1","","","","0.92512234256202","","","","","","","","",""
"41698","WPSFD49207MoMPercentChangeL0","USGG30YR_IndexMoMDifferenceL0",NA,"0",NA,"55.9408963343288","0.00919877780651842","2.49708016093096","0.00190779992521826","0.291565153147272","0.35335369037814","0.035273784442647","0.000204478114959818","0.250085101701308","0.228028781163111",NA,"211.022698327301","217.76818405345","5.62869059610449e-05","70","No gap","1.05350215176","0.00392194032212302","0.00759798459946157","0.992402015400538","0.020593115873404","0.100042837241534","0.0023033871979421","0.00239113481577202","0.000272847573530125","0.0714884111340587","0.01","0.1","","","","0.804819911339705","","","","","","","","",""
"33639","USFIREMoMPercentChangeL1","USGG30YR_IndexMoMPercentChangeL0",NA,"0",NA,"-186.390885275211","0.00598689986777436","8.80739255091803","0.000107412432677538","-0.224086014244342","0.441585906649952","0.0356868380045276","0.00151846995301429","0.250081003008447","0.22802456192046",NA,"211.023080914335","217.768566640483","5.62973666154987e-05","70","No gap","1.01227793186366","0.000561101048919235","0.000163334470129652","0.99983666552987","0.115009603509842","0.607861997849673","0.000281870118685186","1.14133168982455e-06","0.512264518093704","0.0487854210157296","0.01","0.1","","","","0.958009175847026","","","","","","","","",""
"29789","MANEMPMoMDifferenceL0","WPSFD49502MoMPercentChangeL0",NA,"0",NA,"-0.0150834907077903","0.00216617015050227","50.3963728182326","0.00144259256540576","-0.303468091638736","0.354196676454611","0.00503258042875655","0.0124087098046467","0.249575008208954","0.227503684920982",NA,"211.07029626971","217.815781995858","5.76033619112959e-05","70","No gap","1.00395869673703","0.04824747228841","0.0501220184835729","0.949877981516427","0.00413248151958319","0.00862667767709972","0.0458792338234502","0.0196660791591796","0.014184097999335","0.0471423327062608","0.01","0.1","","","","0.930992441053894","","","","","","","","",""
"33637","USFIREMoMPercentChangeL1","USGG30YR_IndexMoMDifferenceL0",NA,"0",NA,"-174.153392567115","0.00974428726997753","3.09537328783272","0.000113403675320214","-0.209373648018642","0.438016204472121","0.0397032752817842","0.00120920981933686","0.248942704417617","0.226852783959312",NA,"211.129253033146","217.874738759294","5.92767452478604e-05","70","No gap","1.0042822689388","0.000626917077384731","0.00023614412068948","0.99976385587931","0.106979514262109","0.547946976101473","0.000298609560154895","1.6027415423725e-06","0.661606891734958","0.0462204925699616","0.01","0.1","","","","0.954524305494111","","","","","","","","",""
"44543","ism_man_pricesMoMPercentChangeL0","USGG30YR_IndexMoMDifferenceL0",NA,"0",NA,"3.75607789985918","0.0097675026564608","2.61053505713189","0.00109473900037033","0.288140810953858","0.369408323661968","0.0822724810540684","0.000273811375051307","0.248895514443115","0.226804206044383",NA,"211.13365109234","217.879136818488","5.94035075883736e-05","70","No gap","1.03113531206709","0.00553241157621966","0.0037501700597625","0.996249829940237","0.0128525513657569","0.00277569424155037","0.0272650387599206","0.0124476527979954","0.00403992038384421","0.0875852755565746","0.01","0.1","","","","0.832867369775785","","","","","","","","",""
"38879","ISRATIOMoMPercentChangeL0","USGG10YR_IndexMoMPercentChangeL0",NA,"0",NA,"-60.8405603760869","0.00113870987864547","4.78052628555003","0.00228360119049613","-0.361581160288508","0.338579080360768","0.0135443635895906","0.000262534185363533","0.248646277123278","0.226547638215139",NA,"211.156875182635","217.902360908783","6.00773889744e-05","70","No gap","1.00163121918238","0.00490256708192212","0.00365403008107957","0.99634596991892","0.126929549825038","0.208390155693958","0.000160489160969708","1.33503149468694e-05","0.0782489563568542","0.0696811109914984","0.01","0.1","","","","0.782813471582966","","","","","","","","",""
"41884","WPSFD49502MoMDifferenceL0","AAIIBEAR_IndexMoMPercentChangeL0",NA,"0",NA,"0.29831244459947","0.000130710954069159","-1.32991135701095","0.002647716030256","0.438835996207554","-0.336496376828894","0.0141752458061209","0.000315243470091043","0.248374250841647","0.226267611160519",NA,"211.182213971722","217.92769969787","6.08213548995984e-05","70","No gap","1.03120871264777","0.0142355780648298","0.0276203333286911","0.972379666671309","0.0118886583690369","0.0639947628770988","0.00293516780200424","7.16928683981433e-05","0.0146306598727565","0.0396108978293176","0.01","0.1","","","","0.933362785601894","","","","","","","","",""
"9845","IPDCONGDMoMPercentChangeL0","WPSID61MoMPercentChangeL0",NA,"0",NA,"-13.356705238653","0.00788290546755131","69.5259830255631","0.000198542347267365","-0.290282965431929","0.420782967846059","0.00174378963596282","0.0202852031432689","0.247282999097277","0.225144263776609",NA,"211.283770130385","218.029255856533","6.38967331888507e-05","70","No gap","1.00092848314619","0.0609543141908402","0.0536792030813722","0.946320796918628","0.00710114621613457","0.0447438652325189","0.0311678472289042","0.0221912565494515","0.00343555907912827","0.010256347411136","0.01","0.1","","","","0.881720226063187","","","","","","","","",""
"33327","USFIREMoMDifferenceL1","USGG30YR_IndexMoMPercentChangeL0",NA,"0",NA,"-0.022335043325093","0.00697818383791819","8.79572591565574","0.000112681265147788","-0.219400374903289","0.441000963753394","0.0250645400376522","0.000491445259031559","0.247012623276761","0.224865935726078",NA,"211.308909603871","218.054395330019","6.46817336392713e-05","70","No gap","1.01227777032219","0.000534286601681785","0.00015892581587173","0.999841074184128","0.115442597788702","0.624434778086779","0.000260845078558258","1.01810042996142e-06","0.496044219785677","0.050322815540875","0.01","0.1","","","","0.967691953061058","","","","","","","","",""
"9309","IPDCONGDMoMDifferenceL0","WPSID61MoMPercentChangeL0",NA,"0",NA,"-0.120526747635435","0.00801492292939745","69.9243489836061","0.000185186833643181","-0.290348113911996","0.423193945768551","0.00215131007381982","0.0100153713630121","0.246951244265252","0.224802751449525",NA,"211.314615351184","218.060101077332","6.48612388235437e-05","70","No gap","1.00150431270072","0.0624435721636909","0.0546873648588043","0.945312635141196","0.00824665790860483","0.0564239835515742","0.0311019648578633","0.0210785766428107","0.00369109073229069","0.01","0.01","0.1","","","","0.880654308468325","","","","","","","","",""
"33325","USFIREMoMDifferenceL1","USGG30YR_IndexMoMDifferenceL0",NA,"0",NA,"-0.020867124618053","0.0111750860088581","3.09430862025865","0.000116974895792198","-0.204980796218599","0.43786554682716","0.0340687416312039","0.000296702524327138","0.246225540721316","0.224055703683707",NA,"211.382040980809","218.127526706957","6.70205837388638e-05","70","No gap","1.00436483592226","0.0005947240834996","0.000228198135866564","0.999771801864133","0.10813914976933","0.565549087641674","0.000283530689999677","1.41718440016536e-06","0.642804594130255","0.0475810167444189","0.01","0.1","","","","0.962956323244173","","","","","","","","",""
"41546","WPSFD49207MoMDifferenceL0","AAIIBEAR_IndexMoMPercentChangeL0",NA,"0",NA,"0.422421548735533","0.000145744640243221","-1.33890955930434","0.00254877619808439","0.434718819050504","-0.338773116894116","0.0133696626198858","0.00029582186877742","0.246087566776017","0.223913671681194",NA,"211.394852893211","218.140338619359","6.74389484418558e-05","70","No gap","1.03352559575193","0.0141007965612488","0.026448237559703","0.973551762440297","0.0121604753785376","0.0779212644367811","0.00251643446812829","4.37213010980875e-05","0.0103929870748525","0.0403185800794553","0.01","0.1","","","","0.90497369746956","","","","","","","","",""
"38647","ISRATIOMoMDifferenceL0","USGG10YR_IndexMoMPercentChangeL0",NA,"0",NA,"-44.536572872749","0.00135719592955127","4.78207266650266","0.00232924149791345","-0.356602063385261","0.338688602243832","0.0139470062123612","0.000264972046607053","0.245030032172849","0.22282503311911",NA,"211.492975098482","218.23846082463","7.07308676410889e-05","70","No gap","1.00165378942015","0.00452070260530917","0.00334225123632534","0.996657748763675","0.137970558188511","0.237191625532324","0.000144401146369806","8.77539247956527e-06","0.0793562664305217","0.0689237140241971","0.01","0.1","","","","0.782081585323752","","","","","","","","",""
"41868","WPSFD49502MoMDifferenceL0","USGG30YR_IndexMoMPercentChangeL0",NA,"0",NA,"0.204902225441888","0.00773765806842347","6.72839238490147","0.00313353674451477","0.301423805324866","0.337348793573831","0.047049209178161","8.31859851851827e-05","0.244942273899581","0.222734693720157",NA,"211.501111477915","218.246597204063","7.1010945962402e-05","70","No gap","1.05786470894274","0.00413117131136694","0.00769123398372684","0.992308766016273","0.0172641568788579","0.0747149753529543","0.00409386236948636","0.00318010055078988","0.00028333698279888","0.075169808431237","0.01","0.1","","","","0.825259275440816","","","","","","","","",""
"42050","WPSFD49502MoMPercentChangeL0","AAIIBEAR_IndexMoMPercentChangeL0",NA,"0",NA,"61.7470857013473","0.000157533916478246","-1.3260317627443","0.00278435423501692","0.433971956971134","-0.335514755454348","0.00514934385202672","0.000118385091857408","0.244450546045455","0.222228503282086",NA,"211.546683816586","218.292169542734","7.26003083864057e-05","70","No gap","1.03107913867176","0.0125013537919026","0.0248534995007208","0.975146500499279","0.0131236721376674","0.0748177447540347","0.00237937991927231","4.13586822823886e-05","0.0162164479624334","0.039686667409161","0.01","0.1","","","","0.921031995122809","","","","","","","","",""
"44457","ism_man_pricesMoMDifferenceL0","USGG30YR_IndexMoMPercentChangeL0",NA,"0",NA,"0.0757782687062753","0.00811122857287133","6.96127762838728","0.00213042416860578","0.298116084756322","0.34902521662362","0.0574386302792704","0.000671413478862881","0.243997071522489","0.22176169127315",NA,"211.588684633665","218.334170359813","7.40965940075888e-05","70","No gap","1.04078834908188","0.00585421390100122","0.00366797939449708","0.996332020605503","0.009173556130126","0.0118292705075602","0.0453457216554276","0.0113600202028127","0.0100378215280477","0.083835122292863","0.01","0.1","","","","0.852382533498921","","","","","","","","",""
"16007","IPMANSICSMoMPercentChangeL0","USGG30YR_IndexMoMPercentChangeL0",NA,"0",NA,"-25.3015999695985","0.0083299966997988","8.20764302544223","0.000272929646034272","-0.28987836531669","0.411515606451682","0.00406218287708344","0.0011024926646199","0.243463483559112","0.221212409546144",NA,"211.638073307939","218.383559034087","7.58955726302135e-05","70","No gap","1.00014251356053","0.00101835701474984","0.000696812889037177","0.999303187110963","0.17198811082957","0.772612837644448","0.00387521099896169","1.25258726126898e-05","0.10998371234557","0.0686618131042615","0.01","0.1","","","","0.787397659758198","","","","","","","","",""
"41716","WPSFD49207MoMPercentChangeL0","AAIIBEAR_IndexMoMPercentChangeL0",NA,"0",NA,"82.7725149856446","0.00016542954562496","-1.3359450255742","0.00264309561664036","0.431412125825458","-0.338023025653883","0.0049988736857251","0.0001118008350702","0.243419959419288","0.221167605284561",NA,"211.642100347065","218.387586073213","7.60441689232616e-05","70","No gap","1.0333827348368","0.0130473735871021","0.0248807707655964","0.975119229234404","0.0130270995715925","0.0856126638185214","0.00218078184169062","3.02259115266823e-05","0.0111804891413104","0.0401063268830887","0.01","0.1","","","","0.896302996900694","","","","","","","","",""
"42034","WPSFD49502MoMPercentChangeL0","USGG30YR_IndexMoMPercentChangeL0",NA,"0",NA,"42.2100548610934","0.00880318788615712","6.75142085678327","0.00308464199794418","0.296661452178105","0.33850339734287","0.0379238448917432","0.000342918476784089","0.242355588762807","0.220071929608772",NA,"211.740508424065","218.485994150213","7.97672125993909e-05","70","No gap","1.05777637364608","0.00369589633339614","0.00689842017474618","0.993101579825254","0.0195302071281398","0.0905752747745321","0.0033049341358463","0.00246628475620592","0.00031845113196895","0.075744321871422","0.01","0.1","","","","0.81755686734013","","","","","","","","",""
"41530","WPSFD49207MoMDifferenceL0","USGG30YR_IndexMoMPercentChangeL0",NA,"0",NA,"0.286648988300263","0.00892927368257994","6.74960961165904","0.00310203302517274","0.294993733271709","0.338412584958191","0.0557353038645677","8.98077688478229e-05","0.242070395588465","0.219778348399891",NA,"211.766852927511","218.512338653659","8.07944642980951e-05","70","No gap","1.0581318855945","0.00401609638250966","0.0070363828333527","0.992963617166647","0.0180969993925266","0.0808937903100412","0.00327220487085436","0.00265775207824537","0.000203537028066541","0.0760080635108445","0.01","0.1","","","","0.801896115157731","","","","","","","","",""
"21719","UNRATEMoMPercentChangeL1","WPSID61MoMDifferenceL0",NA,"0",NA,"12.2412644010861","0.0131995956870191","0.386176179767051","8.23879516207498e-05","0.259957459506058","0.453199025350498","0.0278551655326295","0.00909264710164506","0.241718334299892","0.219415932367536",NA,"211.799360654012","218.54484638016","8.20802903792606e-05","70","No gap","1.01631625347768","0.120154557706699","0.084655754566382","0.915344245433618","0.00264103194035697","0.0176569307249867","0.0981006965464686","0.0352671420067068","0.00527133528066906","0.011201783085994","0.01","0.1","","","","0.819324116372572","","","","","","","","",""
"41700","WPSFD49207MoMPercentChangeL0","USGG30YR_IndexMoMPercentChangeL0",NA,"0",NA,"55.9674006236358","0.0097627944768682","6.76330936311203","0.00308039793500009","0.291703294072377","0.339099464432595","0.0433105697903667","0.000350534512585162","0.240280462761648","0.217935770489932",NA,"211.931970611875","218.677456338023","8.75411063703257e-05","70","No gap","1.05828192639072","0.0037421954493431","0.00656615864651487","0.993433841353485","0.0197352399533246","0.0916589247968486","0.00283939574178837","0.00224738577348649","0.000223511071280911","0.0761470751646648","0.01","0.1","","","","0.797538584275753","","","","","","","","",""
"42219","WPSID61MoMDifferenceL0","SPX_Index_30DRSIMoMDifferenceL0",NA,"0",NA,"0.367812587693313","0.000151943231537606","0.0418600526766088","0.0145557320324971","0.431648338213938","0.269602390085792","0.00965759106948669","0.00551485430987216","0.239776045252986","0.217416517172191",NA,"211.978431848216","218.723917574364","8.95390959682052e-05","70","No gap","1.00244914579389","0.0278932183785995","0.030091897575469","0.969908102424531","0.00170602245053288","0.00520084680876814","0.000882351347151678","6.78740627547691e-05","0.12540662715913","0.01","0.01","0.1","","","","0.857504705823074","","","","","","","","",""
"15521","IPMANSICSMoMDifferenceL0","USGG30YR_IndexMoMPercentChangeL0",NA,"0",NA,"-0.232369823803863","0.0101109357295715","8.2474851316153","0.000265431232958622","-0.283282007947668","0.413513213856549","0.00832067239864228","0.00120953741755641","0.239577612815058","0.21721224848609",NA,"211.99670075184","218.742186477988","9.03371537573916e-05","70","No gap","1.00037084308202","0.000935337364982264","0.000638739290677375","0.999361260709323","0.175289789616274","0.786229318147291","0.00345559987109352","1.20187804343308e-05","0.100310125624691","0.0708300996339135","0.01","0.1","","","","0.814328041846561","","","","","","","","",""
"41882","WPSFD49502MoMDifferenceL0","AAIIBEAR_IndexMoMDifferenceL0",NA,"0",NA,"0.297103504436553","0.000151085045264492","-0.0471675609244745","0.00412821734622541","0.437057570699824","-0.323995764640911","0.0123886180128674","0.000670037325926681","0.239312640597942","0.21693948296847",NA,"212.021088282625","218.766574008773","9.14135937876148e-05","70","No gap","1.03204473426034","0.0157122308380393","0.0284010699026047","0.971598930097395","0.0155302700553034","0.113903140670974","0.00453560280342933","0.000310682170106547","0.0057244967152214","0.0328538135675557","0.01","0.1","","","","0.929503283605815","","","","","","","","",""
"44545","ism_man_pricesMoMPercentChangeL0","USGG30YR_IndexMoMPercentChangeL0",NA,"0",NA,"3.73947207721003","0.0107350592854929","7.08162936670207","0.00182168639622391","0.286866924913086","0.355059423816428","0.0856020296058099","0.000504128991646206","0.238376051332867","0.215975346960304",NA,"212.10722211935","218.852707845498","9.53191400917541e-05","70","No gap","1.03527045285082","0.00499913120970092","0.00299143260302998","0.99700856739697","0.0102251904117133","0.00191440918053402","0.0328483179345203","0.0129273864776875","0.00583219681625177","0.0895227990803835","0.01","0.1","","","","0.813045470175789","","","","","","","","",""
"30187","MANEMPMoMPercentChangeL0","USGG30YR_IndexMoMDifferenceL0",NA,"0",NA,"-149.721738220181","0.0167248021249405","2.45346969767876","0.00267741399324958","-0.24343282223553","0.347182515591537","0.0156695433469673","0.000273927468912953","0.238230987361994","0.215826016402052",NA,"212.120553516107","218.866039242255","9.59383579712814e-05","70","No gap","1.07520395588515","0.000308983678185","0.000149074393990632","0.999850925606009","0.0952775996217986","0.194735390692984","0.00033359012839602","5.07986872100297e-06","0.581081700323124","0.0844312729944233","0.01","0.1","","","","0.86326855410887","","","","","","","","",""
"29839","MANEMPMoMDifferenceL0","USGG30YR_IndexMoMDifferenceL0",NA,"0",NA,"-0.0120504430031725","0.0170880424821339","2.46358213739186","0.00255628530941947","-0.242445532829175","0.348613494038788","0.0349243876259496","0.00013550271366297","0.237805282172048","0.215387790471226",NA,"212.159661223824","218.905146949972","9.7778141800009e-05","70","No gap","1.0727143714066","0.000307211075628165","0.00014864872877486","0.999851351271225","0.0961142433267097","0.197283875119449","0.00032793939721937","4.75142414813057e-06","0.586666278789954","0.0839675266003617","0.01","0.1","","","","0.867186140073899","","","","","","","","",""
"40443","AMBSLMoMDifferenceL1","WPSID61MoMDifferenceL0",NA,"0",NA,"0.00368537826351664","0.0178668534513728","0.360028698406199","0.000207142333510019","0.261353074707827","0.422513515241468","0.0589817411321951","0.0118990747762819","0.235707794767962","0.213228612261138",NA,"212.352030000093","219.097515726241","0.000107354593767761","70","No gap","1.00025762049003","0.0432205490094685","0.0351615572528107","0.964838442747189","0.00240601094788872","0.0271814885952718","0.0606240736506468","0.042617782683021","0.0576160223398863","0.01","0.01","0.1","","","","1.10762545372931","","","","","","","","",""
"42191","WPSID61MoMDifferenceL0","USGG10YR_IndexMoMDifferenceL0",NA,"0",NA,"0.288686951311945","0.00367914938185796","1.76876238123599","0.017959204717918","0.338790044080142","0.273107986383085","0.0674578412803602","0.000202022150858477","0.235605520420627","0.213123329844763",NA,"212.361396477076","219.106882203224","0.000107844108820809","70","No gap","1.09264847784921","0.0224037958653863","0.0261193223067578","0.973880677693242","0.00147752024239702","0.000402447356777021","0.00256880759173185","0.00205090263535967","0.0299042711335107","0.0277986384848331","0.01","0.1","","","","0.890709036216519","","","","","","","","",""
"42048","WPSFD49502MoMPercentChangeL0","AAIIBEAR_IndexMoMDifferenceL0",NA,"0",NA,"61.5027940841238","0.00018120840122644","-0.047033156887982","0.00432024906835671","0.432255022317555","-0.323072538217481","0.00467870341778534","0.000604426489422085","0.235448867981739","0.212962069981202",NA,"212.37574057235","219.121226298498","0.000108598096477119","70","No gap","1.03196805668815","0.0139407120089448","0.0257815013268366","0.974218498673163","0.0168778296354726","0.124902617876251","0.00373149415200107","0.00018741178102688","0.00644033523873186","0.0328433543060167","0.01","0.1","","","","0.916683283888201","","","","","","","","",""
"21721","UNRATEMoMPercentChangeL1","WPSID61MoMPercentChangeL0",NA,"0",NA,"12.1318640957777","0.0143545665865601","73.6138405013618","0.000111340033419683","0.257634217028373","0.44552337029626","0.0265784553282228","0.00501727374986037","0.235304426442574","0.212813380161474",NA,"212.388963955778","219.134449681926","0.000109297843594036","70","No gap","1.01545441760787","0.100732468121724","0.0727400297695793","0.927259970230421","0.00331424192259208","0.0243323236588903","0.071175629079917","0.0230344955690276","0.00648817034797592","0.0124234589124821","0.01","0.1","","","","0.804911093615443","","","","","","","","",""
"41544","WPSFD49207MoMDifferenceL0","AAIIBEAR_IndexMoMDifferenceL0",NA,"0",NA,"0.417712331626172","0.000185213611105399","-0.0469602542151667","0.00438251685749447","0.429872510175964","-0.322571766993355","0.0102902893510124","0.000678798609556827","0.234983267857583","0.212482775735747",NA,"212.418356543124","219.163842269272","0.00011086941477767","70","No gap","1.03163319072821","0.014264108215835","0.0252510880885158","0.974748911911484","0.014633348892953","0.123899978070009","0.00352438319113379","0.000177454069369198","0.00435943245939695","0.0335737470215394","0.01","0.1","","","","0.901039532350274","","","","","","","","",""
"32853","USTRADEMoMPercentChangeL0","USGG30YR_IndexMoMDifferenceL0",NA,"0",NA,"-123.161435453654","0.0206483886848778","3.04394008987817","0.000161466977429211","-0.2468161490202","0.430738059945749","0.0598809841722549","0.000632156348879048","0.234058092796735","0.211530389643698",NA,"212.502960085608","219.248445811756","0.000115520293349269","70","No gap","1.00195524982399","0.0018243321850426","0.00117841455082763","0.998821585449172","0.105018591547745","0.518452193438155","0.000878745579511907","2.95199267418278e-05","0.314413207747605","0.0476454668025602","0.01","0.1","","","","0.783226492032206","","","","","","","","",""
"32533","USTRADEMoMDifferenceL0","USGG30YR_IndexMoMDifferenceL0",NA,"0",NA,"-0.00784746353812507","0.0210182156440105","3.03848144771633","0.00016569967918693","-0.246375012523674","0.429965625250813","0.0705837128825185","0.000675497883023727","0.233706895773555","0.211168863296307",NA,"212.535048886438","219.280534612586","0.000117334895820886","70","No gap","1.00170625218254","0.00176312992141421","0.00115195952813497","0.998848040471865","0.106449475382936","0.52534341305203","0.000855828178749165","2.72058408803399e-05","0.31422909875702","0.0476036486019944","0.01","0.1","","","","0.782610974698269","","","","","","","","",""
"37929","HOUSTSMoMPercentChangeL0","USGG30YR_IndexMoMDifferenceL0",NA,"0",NA,"-2.61295729038969","0.0212440708333788","3.10211152038252","0.000128382287865267","-0.253901377607355","0.43896970984025","0.002175729667439","0.000765777970708009","0.233495471911395","0.21095122108526",NA,"212.554359550981","219.299845277129","0.000118440611850623","70","No gap","1.00589985164896","7.87961425701563e-05","8.72230208204144e-05","0.99991277697918","0.18640241947633","0.766432582935572","0.000252669590042851","2.95204238831559e-09","0.313487944284162","0.0710966190117196","0.01","0.1","","","","0.80282802301238","","","","","","","","",""
"42379","WPSID61MoMPercentChangeL0","SPX_Index_30DRSIMoMDifferenceL0",NA,"0",NA,"70.0510060165629","0.000204208740153737","0.0415236833756572","0.0157193795928373","0.423960495479995","0.267435981739662","0.00855820082283481","0.00665007901867366","0.23348979445744","0.210945376647365",NA,"212.554878034943","219.300363761091","0.0001184704431062","70","No gap","1.00204836662391","0.0233328883338724","0.0256341812456749","0.974365818754325","0.00214134887259939","0.0077185535218363","0.000641372610629389","3.43339257726782e-05","0.12746954340309","0.01","0.01","0.1","","","","0.842584465468616","","","","","","","","",""
"38869","ISRATIOMoMPercentChangeL0","ism_man_pricesMoMDifferenceL0",NA,"0",NA,"-55.0285120964003","0.0036831082597271","0.0806035315265716","0.00497070590921053","-0.327039611893304","0.317098947316599","0.0277327112525089","0.0467732513237008","0.232717722018298","0.210150596195306",NA,"212.625350508743","219.370836234891","0.000122595827744321","70","No gap","1.02382592360282","0.264099293709654","0.143349306926656","0.856650693073344","0.00246697578651729","0.0005502471746229","0.0857454354312252","0.138243175149664","0.00100138907836634","0.0408301780789286","0.01","0.1","","","","0.850644940973659","","","","","","","","",""
"30189","MANEMPMoMPercentChangeL0","USGG30YR_IndexMoMPercentChangeL0",NA,"0",NA,"-153.466355916559","0.014312603746706","6.72773937884564","0.00351541832100199","-0.249521202352263","0.33731605309252","0.0183446038280307","0.000403921672979313","0.232606434799274","0.210036035822782",NA,"212.635502627029","219.380988353177","0.000123201844226095","70","No gap","1.06793616395693","0.00030991843183865","0.000125619950410406","0.99987438004959","0.104948986676234","0.222895435411799","0.000285196498177055","4.97612266958658e-06","0.453741064524227","0.0870666434385662","0.01","0.1","","","","0.865544787697956","","","","","","","","",""
"21279","UNRATEMoMDifferenceL1","WPSID61MoMDifferenceL0",NA,"0",NA,"2.18532875589797","0.0209473245833206","0.375040179328654","0.000128098815233829","0.238033653945035","0.440130315239925","0.0413704919964776","0.0108278951994149","0.232554093800802","0.209982155383178",NA,"212.640276898167","219.385762624315","0.000123487872399353","70","No gap","1.00730783267583","0.0854134899498792","0.0642292147405799","0.93577078525942","0.00217774237219936","0.00888427723811627","0.0823278533288252","0.0362354483312565","0.0137263874519671","0.0155417131489919","0.01","0.1","","","","0.84820043828834","","","","","","","","",""
"27977","USGOODMoMPercentChangeL0","WPSID61MoMDifferenceL0",NA,"0",NA,"-100.907111346631","0.0210804715069332","0.327131384259989","0.000764656230453656","-0.210858237867352","0.383906704441525","0.00653053295865715","0.0103588403708392","0.232428553929949","0.209852923163183",NA,"212.651726659261","219.397212385409","0.000124176540225118","70","No gap","1.01822083034492","0.0974214901246076","0.0668280896200205","0.93317191037998","0.000375989585870513","0.00133154564253304","0.00714576810258894","0.00512882880278454","0.250756189143868","0.0112363360572701","0.01","0.1","","","","0.921929573477162","","","","","","","","",""
"27234","PAYEMSMoMPercentChangeL0","WPSID61MoMDifferenceL0",NA,"0",NA,"-179.88383026158","0.0211054042036662","0.337984405288483","0.000492306736486556","-0.127549537881104","0.396643322622348","0.0526242597796143","0.00990533365345441","0.23240513467991","0.209828815111672",NA,"212.653862385521","219.399348111669","0.000124305421937643","70","No gap","1.00723125708083","0.150768368506176","0.0813319556058147","0.918668044394185","0.000392330414711275","0.00773633351504234","0.0119717291660152","0.0191268249514713","0.351994474076285","0.0104672068920924","0.01","0.1","","","","0.91139012546553","","","","","","","","",""
"41714","WPSFD49207MoMPercentChangeL0","AAIIBEAR_IndexMoMDifferenceL0",NA,"0",NA,"81.8599143427261","0.000209054022473477","-0.0468669664354918","0.00451881690254238","0.426655631674478","-0.321930969697184","0.00466529960944647","0.000628053652961424","0.232400759649155","0.209824311403542",NA,"212.654261360676","219.399747086824","0.000124329513162547","70","No gap","1.03156374489915","0.0133224175294074","0.0239475073828683","0.976052492617132","0.0155291364102374","0.130343324790712","0.0030843884043169","0.000126111597238743","0.00481046831712934","0.0332927231199337","0.01","0.1","","","","0.891805873433549","","","","","","","","",""
"29841","MANEMPMoMDifferenceL0","USGG30YR_IndexMoMPercentChangeL0",NA,"0",NA,"-0.0123482341912526","0.0146818937197261","6.75556188985819","0.00336901937366096","-0.248436859724534","0.33871102086303","0.0345384402988561","0.000159938612074906","0.232095576317459","0.209510152091502",NA,"212.68208654143","219.427572267578","0.000126021243640806","70","No gap","1.0657535671545","0.000308050007518428","0.000125173180960533","0.999874826819039","0.105961124646319","0.225730396278653","0.000281798297556612","4.63782375392796e-06","0.456599516757733","0.0865915521777961","0.01","0.1","","","","0.869985781629684","","","","","","","","",""
"44703","USGG2YR_IndexMoMPercentChangeL0","USGG10YR_IndexMoMDifferenceL0",NA,"0",NA,"-3.55739859235046","0.0044059947324889","4.54035912350335","2.62606054215644e-05","-0.443859975198771","0.701059877138254","0.0649029365991725","0.00391298573980126","0.231890448232126","0.209298990827188",NA,"212.700782941708","219.446268667856","0.000127170868286397","70","No gap","2.07140387945307","0.00215093842655429","0.00180355668242716","0.998196443317573","0.0502570028273656","0.0389591293991339","0.00556252809360052","0.00191602498591115","0.0458629023462409","0.0306896888577221","0.01","0.1","","","","0.863757956127427","","","","","","","","",""
"42351","WPSID61MoMPercentChangeL0","USGG10YR_IndexMoMDifferenceL0",NA,"0",NA,"54.8793432533957","0.00443040566610166","1.78570198045925","0.0171274304232506","0.332139035259896","0.275723566566766","0.0317344664062858","0.00132125094663589","0.23177649715345","0.209181688246198",NA,"212.711166856182","219.45665258233","0.000127813889474582","70","No gap","1.09123433383354","0.0190908301507745","0.0226584898174273","0.977341510182573","0.00191035922855633","0.000758319067646123","0.00211122765649515","0.00132224487541777","0.0345706834060017","0.0291935539228681","0.01","0.1","","","","0.874540257395415","","","","","","","","",""
"40445","AMBSLMoMDifferenceL1","WPSID61MoMPercentChangeL0",NA,"0",NA,"0.00369888343273724","0.017807284291106","68.8576368307523","0.000258355784920398","0.262310810182417","0.416738024025592","0.0591712045613605","0.0118587052936233","0.230999342009137","0.208381675597641",NA,"212.781944906805","219.527430632953","0.000132284264717897","70","No gap","1.00034498077748","0.0369811726076712","0.0302600433018005","0.9697399566982","0.00268828736652385","0.0290980520748151","0.0588891046615881","0.0395016697395051","0.0602563865525194","0.01","0.01","0.1","","","","1.09347059026522","","","","","","","","",""
"26853","PAYEMSMoMDifferenceL0","WPSID61MoMDifferenceL0",NA,"0",NA,"-0.00124619721206471","0.0227066250249041","0.33927735753192","0.000473337891686533","-0.125063145201026","0.39816067332198","0.0566375221513027","0.0119035424115345","0.230956809021004","0.208337891639269",NA,"212.785816459845","219.531302185993","0.000132533255162604","70","No gap","1.00640154243564","0.152609039654842","0.0825304357922927","0.917469564207707","0.000387709510261274","0.00767600518168908","0.012470125849631","0.0179695428008833","0.376526095947351","0.0101649236860824","0.01","0.1","","","","0.91629627573023","","","","","","","","",""
"42196","WPSID61MoMDifferenceL0","USGG30YR_IndexMoMDifferenceL1",NA,"0",NA,"0.424830975775339","4.07915162149049e-05","-1.83231000918381","0.0242176477938582","0.498562558354129","-0.261691278959971","0.00900531041407254","0.0515023888950308","0.229681769229231","0.207025350677149",NA,"212.901777279149","219.647263005297","0.000140212260775541","70","No gap","1.10361510959091","0.00506635102104938","0.00668406879080355","0.993315931209196","0.00433994734882753","0.0166094055559201","0.00449181408967877","0.000540634845933363","0.0900776264506879","0.01585587941741","0.01","0.1","","","","0.880860918130218","","","","","","","","",""
"42193","WPSID61MoMDifferenceL0","USGG10YR_IndexMoMPercentChangeL0",NA,"0",NA,"0.296474628239325","0.00284800063012509","3.65345577088107","0.0242446634567464","0.347929312057164","0.258754710497598","0.0592574521577344","0.00155534382388966","0.229659712108093","0.207002644817155",NA,"212.903781614907","219.649267341055","0.000140348828716275","70","No gap","1.07974928496135","0.0227608040924901","0.0246248379444697","0.97537516205553","0.00170392564149822","0.000539339794572338","0.0024402153503773","0.00273266256869942","0.0201739000275438","0.0293662134954473","0.01","0.1","","","","0.892135257542111","","","","","","","","",""
"40643","AMBSLMoMPercentChangeL1","WPSID61MoMDifferenceL0",NA,"0",NA,"13.2580232047226","0.0242738819807595","0.35988717486988","0.000219404179917138","0.248902893404116","0.42234742957362","0.0874676445792948","0.0217426336965907","0.229635884423369","0.206978116318174",NA,"212.905946777707","219.651432503856","0.000140496504270504","70","No gap","1.00026162276055","0.0400890203569906","0.0333219939163688","0.966678006083631","0.00190907836365235","0.0198771851027466","0.0622456022571932","0.0377349559300113","0.0492590501773963","0.01","0.01","0.1","","","","1.11884210063091","","","","","","","","",""
"27609","USGOODMoMDifferenceL0","WPSID61MoMDifferenceL0",NA,"0",NA,"-0.00499115893314718","0.0244971332248463","0.329136216984155","0.000722957001664373","-0.205398023980917","0.386259486110065","0.00829156962947377","0.00869183639693485","0.229454775643393","0.206791680809375",NA,"212.922401496137","219.667887222285","0.000141623892537579","70","No gap","1.01659855883134","0.0989729752259403","0.0675950439456447","0.932404956054355","0.000390164327584344","0.00146538003575897","0.00738548599044492","0.00500934843417666","0.275087432610344","0.0108301962650824","0.01","0.1","","","","0.930446156881733","","","","","","","","",""
"42221","WPSID61MoMDifferenceL0","SPX_Index_30DRSIMoMPercentChangeL0",NA,"0",NA,"0.369467873047826","0.000158226326432156","2.06978903106209","0.0245835069980589","0.433590906784051","0.24793318027046","0.0200336961774589","0.0113991118699636","0.229385154153149","0.206720011628242",NA,"212.928725958358","219.674211684506","0.00014205961327296","70","No gap","1.00377259632899","0.0278011145212319","0.0302936887824553","0.969706311217545","0.00211020533607386","0.00565618683374253","0.00126063979334039","0.00013707421688014","0.120417847706225","0.01","0.01","0.1","","","","0.86646859250689","","","","","","","","",""
"42188","WPSID61MoMDifferenceL0","USGG2YR_IndexMoMDifferenceL1",NA,"0",NA,"0.401145131680332","6.4912131221996e-05","-2.48315404832685","0.0248616715928681","0.470765915213332","-0.246823390383269","0.00522448004179001","0.0229117923631617","0.229162610875655","0.206490922960234",NA,"212.948938105292","219.69442383144","0.000143461127470768","70","No gap","1.04464961839109","0.0629892524202499","0.0509605680180467","0.949039431981953","0.00184060527237532","0.0013660952735962","0.0111766079546578","0.000719973041638067","0.0163739856442902","0.01","0.01","0.1","","","","0.84104341048034","","","","","","","","",""
"44451","ism_man_pricesMoMDifferenceL0","USGG10YR_IndexMoMDifferenceL0",NA,"0",NA,"0.0805828324165287","0.00510601127878157","2.08799538329856","0.00444091111916942","0.317017515822461","0.32239956070943","0.0555614139780346","5.82949580056315e-05","0.228847538504652","0.206166583754789",NA,"212.977544086412","219.72302981256","0.000145468336370747","70","No gap","1.02484516031299","0.0124410502505689","0.00838275182477273","0.991617248175227","0.0123342008261222","0.031562495968374","0.021279297698943","0.00109820982224951","0.0108261282058416","0.0727699635425412","0.01","0.1","","","","0.820331222000268","","","","","","","","",""
"14979","IPNMATMoMPercentChangeL0","WPSID61MoMDifferenceL0",NA,"0",NA,"-15.6009561743855","0.0253754617778771","0.355622892899322","0.000257818407185841","-0.245400894235203","0.417343059718279","0.00676199391586372","0.0335018960901078","0.228758107372112","0.206074522294821",NA,"212.985661568518","219.731147294666","0.000146043017760777","70","No gap","1.0000154915315","0.1113962581164","0.0853565037051158","0.914643496294884","0.00235948907005091","0.00355854382773738","0.0602654114270226","0.0272292785087757","0.0193441116147316","0.0181360420845777","0.01","0.1","","","","0.945701771626156","","","","","","","","",""
"38833","ISRATIOMoMPercentChangeL0","WPSID61MoMDifferenceL0",NA,"0",NA,"-44.1567103424503","0.0254238906839411","0.278631993111154","0.00603686837300134","-0.262427473735468","0.326989996601069","0.00710624764042678","0.0366409290456682","0.228720408256933","0.206035714382137",NA,"212.989083158544","219.734568884692","0.000146285930659795","70","No gap","1.13638469599263","0.127121707692095","0.0915724202013529","0.908427579798647","0.00212423875829943","0.031190506476371","0.0134329106910304","0.0188404860064754","0.0981169974990395","0.01","0.01","0.1","","","","0.867691124138426","","","","","","","","",""
"27979","USGOODMoMPercentChangeL0","WPSID61MoMPercentChangeL0",NA,"0",NA,"-101.790563734365","0.0202705703406714","62.4852757468638","0.000924524264210894","-0.212704323948217","0.378171420687105","0.0063648070555977","0.0105572995875927","0.228414134451625","0.205720432523731",NA,"213.016874521105","219.762360247253","0.000148273982800373","70","No gap","1.0171488557477","0.0857176306840371","0.0595153064004649","0.940484693599535","0.000510974151902841","0.00230342279582619","0.00552479439561958","0.00375049995513399","0.266537352136572","0.0119636360131621","0.01","0.1","","","","0.917056986301531","","","","","","","","",""
"38637","ISRATIOMoMDifferenceL0","ism_man_pricesMoMDifferenceL0",NA,"0",NA,"-40.0088862160522","0.00456136088094689","0.0803686080830331","0.00525419109423625","-0.320349107668322","0.31617474492453","0.0302296626095861","0.0485257067731238","0.228293445399325","0.205596193793423",NA,"213.027822846345","219.773308572494","0.000149064568162549","70","No gap","1.02583214382563","0.24828276498224","0.13513982040872","0.86486017959128","0.00255758315053683","0.000594968605104829","0.0802937428870544","0.122664992801743","0.00107592383623879","0.0405300448538953","0.01","0.1","","","","0.848280752350667","","","","","","","","",""
"27236","PAYEMSMoMPercentChangeL0","WPSID61MoMPercentChangeL0",NA,"0",NA,"-181.32355540259","0.0204172773356834","64.6139698223416","0.000598105210336824","-0.128570398267191","0.391054636022392","0.0548732211037944","0.0103657444075534","0.228270319827257","0.20557238805747",NA,"213.029920490561","219.775406216709","0.000149216520852424","70","No gap","1.0065562859547","0.134287328829007","0.0729726983855523","0.927027301614448","0.000481173330055135","0.00926286465146539","0.00950690863893439","0.0145869766970004","0.388764680350532","0.0112120933731777","0.01","0.1","","","","0.901238858112414","","","","","","","","",""
"14483","IPNMATMoMDifferenceL0","WPSID61MoMDifferenceL0",NA,"0",NA,"-0.163159262980839","0.0272946081864663","0.356122591107714","0.000256232057688014","-0.242577167729932","0.417929483099311","0.0103220639954299","0.0333066103783184","0.22731726925808","0.2045913065892",NA,"213.116313927753","219.861799653901","0.000155611254349042","70","No gap","1.00000251130426","0.110608078353361","0.0976449622634582","0.902355037736542","0.00226805782273663","0.00515042048405663","0.0651801258942201","0.0283663365214682","0.0202976359826275","0.0177020804917943","0.01","0.1","","","","0.950552391370643","","","","","","","","",""
"26855","PAYEMSMoMDifferenceL0","WPSID61MoMPercentChangeL0",NA,"0",NA,"-0.00125635039235172","0.0219647885615278","64.8679299321551","0.000575027677090395","-0.126082075951467","0.392591645411854","0.0586526525086564","0.0123660679101314","0.22681384571039","0.204073076466578",NA,"213.161905956838","219.907391682986","0.000159095657002783","70","No gap","1.00575455414578","0.135955482735974","0.0740818870756445","0.925918112924355","0.000476601259750418","0.00917692912060565","0.00992583067251399","0.0136876639027788","0.415228929338244","0.0109194454151826","0.01","0.1","","","","0.906532408517198","","","","","","","","",""
"21281","UNRATEMoMDifferenceL1","WPSID61MoMPercentChangeL0",NA,"0",NA,"2.17121829307251","0.022225449254652","71.5322883333381","0.000169167013667933","0.236496692965533","0.432925465730633","0.0421388775890451","0.00374515219791938","0.226578754849737","0.203831071168848",NA,"213.18318654864","219.928672274788","0.000160748643600384","70","No gap","1.00689865236767","0.071932104646625","0.0552763086141178","0.944723691385882","0.00272578837763508","0.0131644249473134","0.0630699544472796","0.0243795755839408","0.0164473941643058","0.0165646953053625","0.01","0.1","","","","0.833044127275988","","","","","","","","",""
"38601","ISRATIOMoMDifferenceL0","WPSID61MoMDifferenceL0",NA,"0",NA,"-31.9880766712414","0.0295615394028583","0.279988893570725","0.00594471964202472","-0.256126895468204","0.328582394055894","0.00763300453534922","0.038421930086304","0.22574223287655","0.202969945608214",NA,"213.258856688715","220.004342414864","0.000166766727261014","70","No gap","1.13864088207515","0.121655473407852","0.08823200119948","0.91176799880052","0.00208948762883741","0.0291795988728516","0.0131987785253305","0.0170219768988091","0.0979470987057853","0.01","0.01","0.1","","","","0.868767702586632","","","","","","","","",""
"42353","WPSID61MoMPercentChangeL0","USGG10YR_IndexMoMPercentChangeL0",NA,"0",NA,"56.3907779161703","0.00344974454035807","3.68750606129521","0.0232725687976881","0.341286492590688","0.261166310251642","0.0417469861540669","0.00302115073828124","0.2256616237818","0.202886965657736",NA,"213.266144110503","220.011629836651","0.000167358061508138","70","No gap","1.07862439669915","0.0192724285775486","0.0211374879548435","0.978862512045156","0.00218668189125129","0.00102728675436622","0.00201902561216317","0.00176840268036027","0.023537398743141","0.0308645471841749","0.01","0.1","","","","0.875943867880626","","","","","","","","",""
"9839","IPDCONGDMoMPercentChangeL0","WPSFD49502MoMDifferenceL0",NA,"0",NA,"-13.5078207068426","0.00808354130467438","0.2666221337752","0.000554786767816624","-0.293567177027899","0.392217595358177","0.000790025219862595","0.0360715839460949","0.225536849309211","0.202758521347717",NA,"213.277422783656","220.022908509804","0.000168277400429684","70","No gap","1.00168439599329","0.0426052991559464","0.0562271877442649","0.943772812255735","0.0247926534252991","0.0704784219560438","0.0477971403608529","0.0117059629196549","0.000523760282564521","0.0281358138714225","0.01","0.1","","","","0.878168223575852","","","","","","","","",""
"20215","CE16OVMoMDifferenceL0","USGG30YR_IndexMoMDifferenceL0",NA,"0",NA,"-0.000793306109593819","0.0319212885167955","2.92364873701084","0.000293008836031295","-0.204850050768735","0.413716021918582","0.0062115278405606","0.00013157378658503","0.225460934302109","0.202680373546289",NA,"213.284284039818","220.029769765966","0.000168839138907861","70","No gap","1.00058435604648","0.000848806441478938","0.000601189394227457","0.999398810605773","0.126403876582621","0.325469253615029","6.22314583841156e-05","1.08086486427794e-08","0.454787892134663","0.0706692275663204","0.01","0.1","","","","0.771520185123806","","","","","","","","",""
"27611","USGOODMoMDifferenceL0","WPSID61MoMPercentChangeL0",NA,"0",NA,"-0.00503556250207674","0.0235813413359414","62.8730134339414","0.000875063263521125","-0.207225336121843","0.380518074522323","0.00777588248625333","0.00868691830960426","0.225399135182056","0.202616756805058",NA,"213.289868994825","220.035354720973","0.000169297769342602","70","No gap","1.01557568287303","0.0870759907576384","0.060204649118661","0.939795350881339","0.000528806981015835","0.00249647464073251","0.0056817317823361","0.00367321929273057","0.291988102979204","0.0115746953582791","0.01","0.1","","","","0.926180335228632","","","","","","","","",""
"30178","MANEMPMoMPercentChangeL0","ism_man_pricesMoMPercentChangeL1",NA,"0",NA,"-206.812579156419","0.000875654384787035","4.11003052490927","0.00501934986245001","-0.336256915103527","0.314265541370726","0.00713623159620377","0.0140317768881309","0.225226989845806","0.202439548370683",NA,"213.305423889331","220.050909615479","0.000170581697768624","70","No gap","1.00155237960709","0.000761201615787616","0.000216780037671251","0.999783219962329","0.0621731293261194","0.0876120106433969","0.000232970916925704","0.00029322407809429","0.34494013967366","0.0784020682405632","0.01","0.1","","","","0.992010818492388","","","","","","","","",""
"30105","MANEMPMoMPercentChangeL0","ISRATIOMoMPercentChangeL0",NA,"0",NA,"-167.526769548742","0.0071537924921984","-53.6178216090685","0.00501998622212959","-0.272382052172531","-0.318655745931775","0.018499859686848","0.0122853501439321","0.225224358982769","0.202436840129321",NA,"213.305661584885","220.051147311033","0.00017060139292524","70","No gap","1.03565254627277","0.0156767248062954","0.00848588132168857","0.991514118678311","0.0892547766530685","0.107465735483758","0.000202643227541252","3.21383686996413e-05","0.731145590769689","0.0576531216027004","0.01","0.1","","","","0.936829105837029","","","","","","","","",""
"37681","HOUSTSMoMDifferenceL0","USGG30YR_IndexMoMDifferenceL0",NA,"0",NA,"-0.00470728071318884","0.0323892834844578","3.07934509050355","0.000152010725760909","-0.237263693823228","0.435748106409037","0.00673833165496775","0.000623678310738366","0.225174664609826","0.202385684157174",NA,"213.310151264693","220.055636990841","0.000170973829598409","70","No gap","1.00474245312979","7.15258705291922e-05","7.58035318089667e-05","0.999924196468191","0.186953107943269","0.73817020929341","0.000301669520138419","5.54266355035082e-09","0.27661707503026","0.0743377258221999","0.01","0.1","","","","0.798328992282779","","","","","","","","",""
"30143","MANEMPMoMPercentChangeL0","WPSID62MoMDifferenceL0",NA,"0",NA,"-207.516527040746","0.000845906265457883","0.0534059334664646","0.00505614821723971","-0.337401465134976","0.31272145983231","0.00576947902307755","0.051803858087754","0.22507539775942","0.20228349769352",NA,"213.319118749536","220.064604475684","0.000171720153456789","70","No gap","1.00189433975938","0.00730474317739164","0.00398182059793647","0.996018179402063","0.0116806924921768","0.0122866702089154","0.00559906743357566","0.000360409624149738","0.532176244049276","0.0400248676839486","0.01","0.1","","","","1.18057749712643","","","","","","","","",""
"30176","MANEMPMoMPercentChangeL0","ism_man_pricesMoMDifferenceL1",NA,"0",NA,"-211.007523013391","0.000710416124210178","0.0802872054823163","0.00506454060714989","-0.343077481270883","0.314850277160124","0.00721835176679341","0.0296017275189969","0.225040978341377","0.202248065939652",NA,"213.322227833632","220.06771355978","0.000171979668522559","70","No gap","1.00407442376493","0.00112202976416677","0.000396458236279853","0.99960354176372","0.0477581038017628","0.116562416503272","0.000233934197707481","0.000283402705114844","0.600071273395493","0.0786497874994704","0.01","0.0966123805956389","","Fail","","1.07698194684803","","","","","","","","",""
"11687","IPBUSEQMoMDifferenceL1","WPSID61MoMDifferenceL0",NA,"0",NA,"-0.122372231486306","0.0306356744865778","0.356640636216192","0.000256291991757694","-0.239485689061238","0.418537437578511","6.68932789897818e-07","0.0296921779924899","0.225038302443263","0.202245311338653",NA,"213.322469540019","220.067955266167","0.00017199986016303","70","No gap","1.00000084953218","0.0783837584090796","0.0691121363045165","0.930887863695483","0.00632123648814389","0.0818604318111179","0.0357914433381031","0.010457295574357","0.00140827579480757","0.01","0.01","0.1","","","","0.90420028386312","","","","","","","","",""
"29795","MANEMPMoMDifferenceL0","WPSID62MoMDifferenceL0",NA,"0",NA,"-0.0167774424356477","0.000847558231605492","0.0538509049424637","0.00473494453194491","-0.337549081784837","0.315327015442447","0.00993885444601805","0.051996801221321","0.225033859445032","0.202240737664003",NA,"213.322870861768","220.068356587917","0.000172033390969273","70","No gap","1.00254527995768","0.00736230073750846","0.00402330596234725","0.995976694037653","0.0115758743289306","0.012808322181466","0.00564804122080939","0.000349694346358009","0.552816604445434","0.0394488877845808","0.01","0.1","","","","1.17887468084756","","","","","","","","",""
"9891","IPDCONGDMoMPercentChangeL0","USGG30YR_IndexMoMDifferenceL0",NA,"0",NA,"-10.8473523413145","0.0327382322644952","2.78460426445621","0.000569858309268993","-0.23574688131991","0.394040290929818","0.000117391303584666","0.00226047871519584","0.224963942976398","0.202168764828645",NA,"213.329185888696","220.074671614844","0.000172561878882704","70","No gap","1.01157578251852","0.000166602960092473","0.000160032246860628","0.999839967753139","0.204083819013669","0.368352879084612","0.000569916688224456","5.35261294620781e-07","0.374716258362757","0.0385736145244735","0.01","0.1","","","","0.822359040913984","","","","","","","","",""
"40645","AMBSLMoMPercentChangeL1","WPSID61MoMPercentChangeL0",NA,"0",NA,"13.3119535696629","0.0241414640440012","68.8308841674471","0.00027314624059293","0.24991536891941","0.416576112398119","0.0745808241619387","0.0141821280288221","0.224931725428468","0.202135599705776",NA,"213.332095664908","220.077581391056","0.000172805936440756","70","No gap","1.0003547093151","0.0342914793799964","0.0286651493670127","0.971334850632987","0.00216515404715563","0.0218054185738313","0.0597585952310268","0.034789207172481","0.0523914633256081","0.01","0.01","0.1","","","","1.10440328762308","","","","","","","","",""
"20663","CE16OVMoMPercentChangeL0","USGG30YR_IndexMoMDifferenceL0",NA,"0",NA,"-118.205117932385","0.0330058240146048","2.91577302884176","0.000305353807334764","-0.203663877871026","0.412601556075865","0.00992569249809463","0.000336188475526328","0.224803895134941","0.202004009697733",NA,"213.343639657902","220.08912538405","0.000173777595089519","70","No gap","1.00084365291108","0.000850908521395071","0.000626243108746982","0.999373756891253","0.126911807635163","0.341756421307917","6.38578176660744e-05","1.22418400971824e-08","0.447672264194284","0.0707690915284499","0.01","0.1","","","","0.772102544124955","","","","","","","","",""
"9303","IPDCONGDMoMDifferenceL0","WPSFD49502MoMDifferenceL0",NA,"0",NA,"-0.121422720327827","0.00847945754074212","0.267777235009793","0.00053288104168244","-0.29250650602376","0.393916820483311","0.000878364648755582","0.0358235278101422","0.224554637998442","0.201747421468984",NA,"213.36614389254","220.111629618688","0.000175687512663503","70","No gap","1.00221590400348","0.0430471378422923","0.0567668809809746","0.943233119019025","0.0261883296331901","0.0833247941547266","0.0466706062691041","0.0114617874685382","0.000608196351885875","0.0278844280699666","0.01","0.1","","","","0.878498761376118","","","","","","","","",""
"42198","WPSID61MoMDifferenceL0","USGG30YR_IndexMoMPercentChangeL1",NA,"0",NA,"0.420188535206722","4.95173281796243e-05","-4.94086712699349","0.0319670754743869","0.493114398547344","-0.249158558843003","0.0106334575787412","0.0606734896311402","0.224199825654155","0.201382173467512",NA,"213.398165727835","220.143651453983","0.000178441422769127","70","No gap","1.09904320861597","0.00584575868477768","0.00756662603458059","0.992433373965419","0.00425631020610766","0.0202174562269322","0.00523139809760401","0.00107771759097408","0.058866831206517","0.0117371721992553","0.01","0.1","","","","0.890358877313233","","","","","","","","",""
"29757","MANEMPMoMDifferenceL0","ISRATIOMoMPercentChangeL0",NA,"0",NA,"-0.0134575965496408","0.00752363829011346","-53.7534559393378","0.00493217812535758","-0.27075636681728","-0.319461833486041","0.02756244662524","0.0159232685005945","0.224185655556953","0.201367586602745",NA,"213.399444275815","220.144930001963","0.000178552270917232","70","No gap","1.03505872867214","0.0158880732566063","0.00863892361983495","0.991361076380165","0.0905660133001181","0.109169637687864","0.000198635251024316","3.03678616071501e-05","0.732466080335942","0.0571593168740332","0.01","0.1","","","","0.944655483733298","","","","","","","","",""
"16679","IPB51222SMoMDifferenceL1","WPSID61MoMDifferenceL0",NA,"0",NA,"-0.0546772319099936","0.0320846782762904","0.409797174294501","5.89897823886215e-05","-0.245607272037384","0.480919563950542","0.0418104423290793","0.0128172880922287","0.224127478980754","0.201307698950777",NA,"213.404693221883","220.150178948031","0.000179008068583952","70","No gap","1.06947223703525","0.0661170397967467","0.0543651736792628","0.945634826320737","0.00901893886712835","0.0542171355030593","0.086025328350032","0.0760209033419132","0.0010255118313599","0.01","0.01","0.1","","","","0.964310792336211","","","","","","","","",""
"6586","IPFPNSSMoMPercentChangeL0","WPSID61MoMDifferenceL0",NA,"0",NA,"-28.5675965528864","0.0324816721722359","0.364618583203987","0.000195612958674823","-0.234510085874703","0.427899997955351","0.0337153463818968","0.029975756876821","0.223885236070153","0.201058331248688",NA,"213.426545210033","220.172030936181","0.000180918147193121","70","No gap","1.00163524290594","0.17516252814264","0.123546802062805","0.876453197937195","0.00149217766937331","0.0436609704128221","0.0719168381559481","0.0619497633547943","0.024157551082579","0.0207814890007354","0.01","0.1","","","","0.939346084939609","","","","","","","","",""
"38835","ISRATIOMoMPercentChangeL0","WPSID61MoMPercentChangeL0",NA,"0",NA,"-44.3688436084464","0.0254670839723674","52.6737297505147","0.00764055125356279","-0.263688201644293","0.318790290585227","0.00780408081468795","0.0380884435454667","0.223867861682684","0.201040445849822",NA,"213.42811223796","220.173597964108","0.000181055901451233","70","No gap","1.1408522246126","0.112464240296551","0.0821583999575381","0.917841600042462","0.00258068326464317","0.0372938636481466","0.0112250457234749","0.0141361681586265","0.103333761681133","0.0102939672234267","0.01","0.1","","","","0.854681939425471","","","","","","","","",""
"27282","PAYEMSMoMPercentChangeL0","USGG30YR_IndexMoMDifferenceL0",NA,"0",NA,"-166.144374085377","0.0346434205639066","2.73549678395864","0.000735844021661541","-0.117807354364865","0.387091251115044","0.131665487012807","0.000131331696680023","0.223852363721792","0.20102449206655",NA,"213.429509997926","220.174995724074","0.000181178864208098","70","No gap","1.0191659302663","0.0006823706827841","0.000325978945799747","0.9996740210542","0.0810786367376775","0.17565954440851","0.000456199147406717","4.48216411763624e-06","0.593252910911293","0.0784334463147975","0.01","0.1","","","","0.899932963184049","","","","","","","","",""
"44539","ism_man_pricesMoMPercentChangeL0","USGG10YR_IndexMoMDifferenceL0",NA,"0",NA,"4.00793449947387","0.00650628632964408","2.13625168059125","0.00366131509819482","0.307461540393409","0.32985063515771","0.0858775651923041","4.22037441490082e-05","0.223839022153734","0.201010758099432",NA,"213.430713250624","220.176198976772","0.000181284782792779","70","No gap","1.01890752114318","0.0117530966927447","0.00775903190594067","0.992240968094059","0.0129083945062676","0.00354862052068782","0.0182265764886602","0.00183648806939651","0.00738719641420481","0.0807511864306091","0.01","0.1","","","","0.766620974258059","","","","","","","","",""
"14981","IPNMATMoMPercentChangeL0","WPSID61MoMPercentChangeL0",NA,"0",NA,"-15.6174049229163","0.0256899049960531","67.9147307077173","0.000326385892243376","-0.245659630786565","0.411031397242552","0.00686422596603038","0.0346969503515277","0.223694559483627","0.200862046527263",NA,"213.443740761966","220.189226488114","0.000182435526062341","70","No gap","1.00001130177741","0.0962563296630725","0.0749122376015164","0.925087762398484","0.00271981718665453","0.00432142296819241","0.0569572581901774","0.0207947243295298","0.0226054566305425","0.0188649680113577","0.01","0.1","","","","0.931313963168688","","","","","","","","",""
"29830","MANEMPMoMDifferenceL0","ism_man_pricesMoMPercentChangeL1",NA,"0",NA,"-0.0166241520530445","0.000941506841819977","4.1108566397221","0.00505284606211825","-0.334464998612289","0.314328708643405","0.0116322441369884","0.0193946665838212","0.223683159255112","0.20085031099791",NA,"213.44476872093","220.190254447078","0.000182526637834357","70","No gap","1.00158331111944","0.00076877842223243","0.00022065746451319","0.999779342535487","0.0614470659779375","0.0881324251500005","0.000222763471053268","0.000283293368822379","0.356403020327719","0.0777677016924013","0.01","0.0990126225050809","","Fail","","1.00075333685654","","","","","","","","",""
"42356","WPSID61MoMPercentChangeL0","USGG30YR_IndexMoMDifferenceL1",NA,"0",NA,"81.2274130203048","5.40179711013732e-05","-1.81860801650714","0.0258359521342457","0.491601994445366","-0.259734354656831","0.00543196122279983","0.0463532600007937","0.223581793441848","0.200745963837197",NA,"213.453908215722","220.19939394187","0.000183338708146574","70","No gap","1.10388024478127","0.00400141007646182","0.00540284014120683","0.994597159858793","0.00511600133478014","0.0216638212395377","0.0036254467045962","0.000302360474880525","0.0934598793016646","0.0166333895179934","0.01","0.1","","","","0.862356272215953","","","","","","","","",""
"27284","PAYEMSMoMPercentChangeL0","USGG30YR_IndexMoMPercentChangeL0",NA,"0",NA,"-178.986943816907","0.0225359378733213","7.67839998938856","0.000747623087210463","-0.126913586048282","0.384980367496133","0.109136767302603","0.000155754084292117","0.223513176998889","0.200675329263562",NA,"213.460094236011","220.205579962159","0.000183890403080977","70","No gap","1.00827697655605","0.000746262000840021","0.000304297125575242","0.999695702874425","0.0875537617315279","0.215257540249496","0.000430556117290705","4.20085092078804e-06","0.563366276171523","0.0839203724099798","0.01","0.1","","","","0.902424809752447","","","","","","","","",""
"38871","ISRATIOMoMPercentChangeL0","ism_man_pricesMoMPercentChangeL0",NA,"0",NA,"-55.3131063819441","0.00372085319792791","3.92722514068687","0.00777748658987564","-0.328730982441871","0.301270066011761","0.024349269734457","0.0683654360866279","0.22350174298275","0.200663558952831",NA,"213.46112500075","220.206610726898","0.000183982492178214","70","No gap","1.02456108224868","0.238281644636158","0.12965051129405","0.87034948870595","0.00333152397201496","0.000193805269001293","0.0539056507590784","0.108763946376329","0.000722544621644781","0.0466676509486317","0.01","0.1","","","","0.817603432651438","","","","","","","","",""
"29828","MANEMPMoMDifferenceL0","ism_man_pricesMoMDifferenceL1",NA,"0",NA,"-0.0169582620605466","0.000767565921911805","0.0802572602066033","0.00512472285754641","-0.341187031882858","0.314732845269186","0.00950102554647479","0.0366442049621651","0.223389471679588","0.200547985552517",NA,"213.471245336568","220.216731062716","0.000184889101421559","70","No gap","1.00408256840549","0.00113224472942227","0.000402622135687878","0.999597377864312","0.0467425096519687","0.116187647495808","0.000229961911931583","0.000276710889872467","0.618161066042033","0.0779273275371642","0.01","0.0940633911355372","","Fail","","1.08584945433236","","","","","","","","",""
"42381","WPSID61MoMPercentChangeL0","SPX_Index_30DRSIMoMPercentChangeL0",NA,"0",NA,"70.3763634200315","0.000211614576316531","2.05059373370268","0.0264419938295428","0.425929613324642","0.245633839106151","0.00792254822245208","0.0205290374540361","0.223120657177388","0.200271264741429",NA,"213.495470811985","220.240956538133","0.000187077478214226","70","No gap","1.0032577385478","0.0232722510801992","0.0258208456022356","0.974179154397764","0.00259573118890892","0.00797759535282933","0.000910411869248668","7.06891685841038e-05","0.124640416072699","0.01","0.01","0.1","","","","0.851342783957813","","","","","","","","",""
"41862","WPSFD49502MoMDifferenceL0","USGG10YR_IndexMoMDifferenceL0",NA,"0",NA,"0.211434806224677","0.00675743830724331","1.94073437514759","0.00912127724286081","0.311033634373301","0.299661539008204","0.0664582258192829","4.57041875903661e-06","0.223055590792577","0.200204284639418",NA,"213.501333313357","220.246819039505","0.000187610940614924","70","No gap","1.05644872702147","0.00813565393438185","0.0147536240897458","0.985246375910254","0.00933739436407478","0.00659922386028065","0.0032689352138597","0.000570640173014558","0.0105674820859654","0.0553092723343548","0.01","0.1","","","","0.81394750710775","","","","","","","","",""
"30103","MANEMPMoMPercentChangeL0","ISRATIOMoMDifferenceL0",NA,"0",NA,"-168.737632784303","0.00679896925741254","-39.3109093563177","0.00559692261547991","-0.274350796713424","-0.314760442615723","0.018576115979583","0.0116741586070145","0.222965773016586","0.200111825164132",NA,"213.50942511614","220.254910842288","0.000188349759625117","70","No gap","1.03384331561373","0.0151083754434198","0.0081250894832988","0.991874910516701","0.0980108938535416","0.117996485653898","0.000185898879098669","2.4667834065295e-05","0.712963592247028","0.0563081764971184","0.01","0.1","","","","0.938516166220506","","","","","","","","",""
"11167","IPNCONGDMoMPercentChangeL1","WPSID61MoMDifferenceL0",NA,"0",NA,"-26.0990787748741","0.0340359849950904","0.362852441945478","0.000209452253017589","-0.23346614218489","0.425827333873714","0.0931334760748366","0.0256017154748132","0.222964983037189","0.200111011950047",NA,"213.509496282284","220.254982008432","0.000188356270313217","70","No gap","1.00102168101347","0.125187823836871","0.0827585174928132","0.917241482507187","0.00192314738536494","0.0301798860368434","0.0635848773095773","0.0925503656392512","0.0961480143138329","0.0165533536634161","0.01","0.1","","","","0.874975639184313","","","","","","","","",""
"42511","WPSID62MoMDifferenceL0","USGG30YR_IndexMoMDifferenceL0",NA,"0",NA,"0.0399386041114712","0.0362529776639232","2.69037690710403","0.000934158689371646","0.233862752146195","0.380706484119803","0.132635755488787","0.000579581736685587","0.222960825804852","0.200106732446171",NA,"213.50987078984","220.255356515988","0.000188390536126515","70","No gap","1.02794467429022","0.00268362719780833","0.00361238396540571","0.996387616034594","0.0179957187396481","0.0941226384433567","0.00169896949656752","0.000170313399201261","0.134700384500476","0.0657212781032762","0.01","0.1","","","","1.23470067446147","","","","","","","","",""
"10639","IPNCONGDMoMDifferenceL1","WPSID61MoMDifferenceL0",NA,"0",NA,"-0.263666774738531","0.0341723940595093","0.363616499270138","0.00020417873190883","-0.233499379484774","0.426723997243931","0.0900404200886035","0.0256525207293362","0.222886274945226","0.200029988914203",NA,"213.516586422749","220.262072148897","0.000189006046544704","70","No gap","1.00128207864248","0.12297814043939","0.0890017761152841","0.910998223884716","0.00197862698297029","0.0304547992555674","0.0668925211273412","0.0910121557176581","0.0931724568615814","0.0162438668056027","0.01","0.1","","","","0.874177660621778","","","","","","","","",""
"42348","WPSID61MoMPercentChangeL0","USGG2YR_IndexMoMDifferenceL1",NA,"0",NA,"76.548363149698","8.68224292918487e-05","-2.4587373336903","0.026794390635386","0.463283595976555","-0.244396389814104","0.0010310542555683","0.0221874549330029","0.222857419667232","0.200000284951562",NA,"213.519185568659","220.264671294807","0.000189244806451216","70","No gap","1.04373202673733","0.0515804166607591","0.0426895979501698","0.95731040204983","0.0022691034569808","0.00181879266307007","0.00827233809681096","0.000403078833497106","0.0204010257827759","0.0102467907611788","0.01","0.1","","","","0.824883340393163","","","","","","","","",""
