"","V1","V2","V3","Intercept","Intercept p-val","Var1","Var1 p_val","Var2","Var2 p_val","Var1 Beta","Var2 Beta","Var 1 rob p_val","Var 2 rob p_val","r2","r2adj","r2 ex dummy","aic","bic","F","Num_obs","Gap","Max VIF","BG_stat","DW_upper_stat","DW_lower_stat","BP_stat","White_stat","SW_stat","JB_stat","RESET_stat","ADF p (noconst)","PP p (noconst)","KPSS lag (const)","Criteria1","Criteria2","Criteria3","RMSE","V38","V39","V40","V41","V42","V43","V44","V45","V46"
"33823","USGOVTMoMDifferenceL0","BAA10YB_IndexMoMPercentChangeL0",NA,"0",NA,"-0.0273879812918271","0.00237000296711711","-20.7803470785093","2.40381762724216e-10","-0.275992040128417","-0.681188473657146","0.00147291809463309","8.80011189364925e-09","0.458882350697776","0.442967125718299",NA,"318.711947935753","325.457433661901","8.54904813607504e-10","70","No gap","1.04941902816489","0.770863431737682","0.629214721655989","0.370785278344011","0.509950042164959","0.94860660059778","0.865659203293492","0.814857436569902","0.456574886300305","0.01","0.01","0.1","","","","2.27032984399274","","","","","","","","",""
"34127","USGOVTMoMPercentChangeL0","BAA10YB_IndexMoMPercentChangeL0",NA,"0",NA,"-605.917996139898","0.00241091797504752","-20.7638838145963","2.45614022699297e-10","-0.275436447101363","-0.680648800976322","0.0022273225575672","4.85721623796932e-08","0.458631118415172","0.442708504250913",NA,"318.744440275558","325.489926001706","8.68503935436138e-10","70","No gap","1.04872832091256","0.76470084701547","0.589511178076745","0.410488821923255","0.510033566174514","0.947777330642322","0.873542487229747","0.81904579497339","0.455844241874968","0.01","0.01","0.1","","","","2.26936505862645","","","","","","","","",""
"43589","DTCTHFNMMoMPercentChangeL1","BAA10YB_IndexMoMPercentChangeL0",NA,"0",NA,"-31.4129966125732","0.017398641370884","-19.6356370917846","1.69928558348089e-09","-0.225208826677652","-0.643664401239535","6.1544413012792e-19","1.05155244782764e-08","0.429391125087788","0.412608511119781",NA,"322.426656887609","329.172142613757","5.19409337762511e-09","70","No gap","1.01277346115098","0.776281264584782","0.558560936258219","0.441439063741781","0.409479789304441","0.840407798570163","0.833448035443131","0.888161685491637","0.254638438008753","0.0257301015033166","0.01","0.1","","","","3.0741234556458","","","","","","","","",""
"43461","DTCTHFNMMoMDifferenceL1","BAA10YB_IndexMoMPercentChangeL0",NA,"0",NA,"-3.49158428889133e-05","0.0177847745652357","-19.6543521516911","1.68391787050023e-09","-0.224532108803368","-0.644277888735387","2.04849127167697e-19","1.98987546963478e-08","0.429065763629056","0.412273580206381",NA,"322.466559546567","329.212045272715","5.29574351038065e-09","70","No gap","1.01348766130072","0.783183088519469","0.55561558350974","0.44438441649026","0.403185222730143","0.851285052337245","0.840508679077863","0.890640467830108","0.25738145863576","0.0262424887804712","0.01","0.1","","","","3.07646642020993","","","","","","","","",""
"8041","IPFINALMoMPercentChangeL1","BAA10YB_IndexMoMPercentChangeL0",NA,"0",NA,"-76.2338645685851","0.0234908038852635","-18.1020177755961","1.77991002837154e-08","-0.214130491210618","-0.593391718246382","0.0535315134119068","5.45080896719008e-07","0.424945957139801","0.40803260293803",NA,"322.969859103539","329.715344829687","6.76230060836502e-09","70","No gap","1.0135947905787","0.48183914765364","0.702984860068311","0.297015139931689","0.31486843653502","0.686452978617828","0.658690899326086","0.807428519258129","0.34099357351979","0.0475794445229927","0.01","0.1","","","","2.47428427868156","","","","","","","","",""
"7493","IPFINALMoMDifferenceL1","BAA10YB_IndexMoMPercentChangeL0",NA,"0",NA,"-0.742511342320163","0.024717926410237","-18.0966336874251","1.83458790687153e-08","-0.212553578410988","-0.593215225582937","0.047821690585371","7.45903208552521e-08","0.424193295905726","0.407257804608836",NA,"323.061418910468","329.806904636616","7.06982039577753e-09","70","No gap","1.0140201989471","0.489317472384286","0.700153258144815","0.299846741855185","0.321819650603539","0.668921039735748","0.671651444047928","0.813506108443709","0.324617140233646","0.0470398026356333","0.01","0.1","","","","2.47176351556073","","","","","","","","",""
"16761","IPB51222SMoMDifferenceL1","BAA10YB_IndexMoMPercentChangeL0",NA,"0",NA,"-0.115552304187012","0.0333906988500319","-19.2984796392136","3.16520830290138e-09","-0.202081828092091","-0.632612238846325","0.0613110443622449","9.80864998952489e-07","0.419758833251892","0.40269291658283",NA,"323.598444955979","330.343930682127","9.17677922540605e-09","70","No gap","1.00503055308317","0.825789058096839","0.565534814890316","0.434465185109684","0.649208454874593","0.437782676261321","0.984499163085245","0.986054069901971","0.196672073286761","0.0271022881344093","0.01","0.1","","","","2.66586468629046","","","","","","","","",""
"38915","ISRATIOMoMPercentChangeL0","BAA10YB_IndexMoMPercentChangeL0",NA,"0",NA,"-89.1784112625465","0.0334920808726904","-17.3794530171091","9.49773335664469e-08","-0.206341351119621","-0.569705743075102","0.0346091974553932","1.37793857531617e-07","0.419714246551822","0.402647018509229",NA,"323.603823666204","330.349309392352","9.20078502275601e-09","70","No gap","1.05840388805466","0.533830674433419","0.69383576621182","0.30616423378818","0.4162877029213","0.835862493394303","0.588516701966136","0.933587819482237","0.279536270858636","0.0254508567322834","0.01","0.1","","","","2.29617536127531","","","","","","","","",""
"17241","IPB51222SMoMPercentChangeL1","BAA10YB_IndexMoMPercentChangeL0",NA,"0",NA,"-11.6958639312881","0.033905027111819","-19.2652885168196","3.30696769648379e-09","-0.201312197136387","-0.631524219964007","0.0576615957750597","1.26598441066055e-06","0.41953404784654","0.402461519842027",NA,"323.625557701847","330.371043427995","9.29842791652646e-09","70","No gap","1.00431726834407","0.818208886910356","0.569458122369555","0.430541877630445","0.629136332204842","0.471965129652551","0.981212701941691","0.984494318701935","0.217341533574791","0.0262599869080137","0.01","0.1","","","","2.65599724434517","","","","","","","","",""
"38683","ISRATIOMoMDifferenceL0","BAA10YB_IndexMoMPercentChangeL0",NA,"0",NA,"-64.8815729413099","0.0372764714534492","-17.4229692882311","9.12104146659018e-08","-0.202256448758928","-0.571132224653722","0.0375277220739734","1.50942591896885e-07","0.418141550728418","0.401028066926313",NA,"323.793281694879","330.538767421028","1.00876437203468e-08","70","No gap","1.05726862336724","0.538094743482529","0.690891388398526","0.309108611601474","0.408227884986558","0.840642923415771","0.582623231553303","0.9299149210165","0.268390166695012","0.0250167661287451","0.01","0.1","","","","2.30216951954221","","","","","","","","",""
"43197","DTCOLNVHFNMMoMDifferenceL1","BAA10YB_IndexMoMPercentChangeL0",NA,"0",NA,"-0.000121535145250244","0.0465309332528083","-19.4409181878084","3.10550064488096e-09","-0.189934629512549","-0.637281434078754","0.000689428618215091","1.13125261584493e-08","0.41489630364138","0.397687371395538",NA,"324.182613744001","330.928099470149","1.21875558534157e-08","70","No gap","1.010076074554","0.699347431829676","0.594999030749469","0.405000969250531","0.519637051325753","0.970355987812379","0.700518138567591","0.8732716467861","0.304948954657024","0.0259771276303678","0.01","0.1","","","","2.73163503781572","","","","","","","","",""
"9121","IPCONGDMoMPercentChangeL1","BAA10YB_IndexMoMPercentChangeL0",NA,"0",NA,"-47.9915655416646","0.0480606247045479","-18.3348640328392","1.51233590475477e-08","-0.186554267265635","-0.601024516003273","0.0641659153184417","4.39736543643917e-07","0.414424569918844","0.397201763151751",NA,"324.239027771755","330.984513497903","1.25261256922471e-08","70","No gap","1.00852094384499","0.577961770749258","0.656870524872835","0.343129475127165","0.142249162586636","0.358636213171371","0.884462791369221","0.886090058135908","0.277303808909983","0.0334314580245399","0.01","0.1","","","","2.43865897894426","","","","","","","","",""
"43333","DTCOLNVHFNMMoMPercentChangeL1","BAA10YB_IndexMoMPercentChangeL0",NA,"0",NA,"-40.4986670534184","0.0495263412008857","-19.4091355492406","3.28471744469513e-09","-0.18735851858736","-0.636239585885701","0.00127040404114708","2.00599224659517e-08","0.413986858416726","0.396751177781924",NA,"324.291332492567","331.036818218715","1.28484305417231e-08","70","No gap","1.00923597559424","0.684280397167826","0.601943410701811","0.398056589298189","0.541577012363322","0.971705536574127","0.696220376216816","0.871182228750273","0.303357842613686","0.0260358782466028","0.01","0.1","","","","2.72060298957066","","","","","","","","",""
"6945","IPFPNSSMoMPercentChangeL1","BAA10YB_IndexMoMPercentChangeL0",NA,"0",NA,"-57.4265936809454","0.0519100959995599","-18.2495403871164","1.82970521940057e-08","-0.183565223661278","-0.598227571189155","0.0618712116697057","3.21651446221829e-07","0.413302764483944","0.396046963439354",NA,"324.373000706069","331.118486432217","1.33683382141925e-08","70","No gap","1.01187916320105","0.480391384216875","0.710810755051147","0.289189244948853","0.235035947102287","0.12915031865184","0.876174456997026","0.931181129568191","0.322368630923395","0.0451075929030798","0.01","0.1","","","","2.46357871520835","","","","","","","","",""
"8581","IPCONGDMoMDifferenceL1","BAA10YB_IndexMoMPercentChangeL0",NA,"0",NA,"-0.468916805092966","0.0521867494128634","-18.3285900595575","1.5780145317632e-08","-0.183559844009371","-0.600818852533487","0.0625444585778558","3.69900718166417e-08","0.413225479197441","0.39596740505619",NA,"324.382221158174","331.127706884322","1.34283425490267e-08","70","No gap","1.00903507145679","0.582766989539277","0.65588880222347","0.34411119777653","0.1541423541242","0.343931977990306","0.89258655762188","0.897806482976853","0.283803332468743","0.03314998234415","0.01","0.1","","","","2.4389505950067","","","","","","","","",""
"43769","INVESTMoMPercentChangeL0","BAA10YB_IndexMoMPercentChangeL0",NA,"0",NA,"-80.5724696363155","0.0528191931606234","-18.7549391949706","7.65253113032269e-09","-0.154860489701204","-0.614794755616327","0.0931510244600942","7.52685881820909e-09","0.413050379856152","0.395787155734274",NA,"324.403106736912","331.14859246306","1.35652586941148e-08","70","No gap","1.00037066303413","0.537476505101672","0.686502957596106","0.313497042403894","0.230338737567346","0.51356818186176","0.814078284576738","0.915376796670484","0.826486819599199","0.01","0.01","0.1","","","","2.4803868693668","","","","","","","","",""
"6391","IPFPNSSMoMDifferenceL1","BAA10YB_IndexMoMPercentChangeL0",NA,"0",NA,"-0.561670400191491","0.0563812635798439","-18.2525762367032","1.87849074926017e-08","-0.180488039219361","-0.598327087609093","0.0582935243370154","2.92525172154916e-08","0.412103000561552","0.394811912342775",NA,"324.51600073327","331.261486459418","1.4329871067531e-08","70","No gap","1.01219501281429","0.491277572399829","0.706318838492085","0.293681161507915","0.247292551906172","0.12185213403919","0.870700641068829","0.937612392892204","0.3273946216289","0.0443638634312518","0.01","0.1","","","","2.463595728939","","","","","","","","",""
"43649","INVESTMoMDifferenceL0","BAA10YB_IndexMoMPercentChangeL0",NA,"0",NA,"-0.0247915744005467","0.0638566566427227","-18.7807109248436","7.84001224276537e-09","-0.148614359796875","-0.615639563706848","0.101530937774969","6.92422088445778e-09","0.410302021693283","0.392957963507791",NA,"324.730112752176","331.475598478325","1.59003880062514e-08","70","No gap","1.00023396941017","0.532472307649976","0.685650433843299","0.314349566156701","0.226052344217556","0.639195942204386","0.857580666451222","0.928825466137047","0.922444858687279","0.01","0.01","0.1","","","","2.49688903992539","","","","","","","","",""
"38327","HOUSTWMoMDifferenceL1","BAA10YB_IndexMoMPercentChangeL0",NA,"0",NA,"-0.0132919146098183","0.0686781696562455","-19.1630148706307","4.82376891864176e-09","-0.173513247064206","-0.62817164704116","0.0487615281572451","7.11837904908955e-08","0.409253353054741","0.391878451673998",NA,"324.854484234647","331.599969960795","1.68905199826597e-08","70","No gap","1.00323219754488","0.618785745709484","0.682288851192053","0.317711148807947","0.279127852090685","0.832006502049573","0.977861900556461","0.891250476959089","0.768787864191315","0.0230213021400026","0.01","0.1","","","","2.50207629260582","","","","","","","","",""
"16039","IPMANSICSMoMPercentChangeL0","BAA10YB_IndexMoMPercentChangeL0",NA,"0",NA,"-38.5809602597958","0.0735834410343624","-17.9594588098763","3.87332988462139e-08","-0.172089669983064","-0.588718575690202","0.0181431571126664","6.05455917682279e-08","0.408262647882728","0.390858608114573",NA,"324.971778639176","331.717264365324","1.78807386674862e-08","70","No gap","1.03029324915601","0.574978255556113","0.682665652898231","0.317334347101769","0.532105723846475","0.91114372614335","0.902666909821344","0.91951420490622","0.313763081040457","0.0357987858955168","0.01","0.1","","","","2.41934226982995","","","","","","","","",""
"35015","AWOTMANMoMDifferenceL0","BAA10YB_IndexMoMPercentChangeL0",NA,"0",NA,"-3.93176634875338","0.0795729715270962","-19.5434588680302","3.59053621176829e-09","-0.16850831145124","-0.64064276048895","0.023854698261724","1.17707397523945e-07","0.407142941411825","0.389705969100408",NA,"325.104109968106","331.849595694254","1.90677666989103e-08","70","No gap","1.01788929257559","0.579693965366599","0.696334245606835","0.303665754393165","0.336311949227515","0.290997725228865","0.920048811556868","0.97680906981932","0.739194266957695","0.0230493350754201","0.01","0.1","","","","2.45986168703766","","","","","","","","",""
"3251","DPCERA3M086SBEAMoMPercentChangeL0","BAA10YB_IndexMoMPercentChangeL0",NA,"0",NA,"-72.2731665956705","0.0796017781526695","-19.2879996108508","4.45819580407735e-09","-0.164745241666643","-0.632268699130776","0.0118313183480507","1.42663207662325e-08","0.407137772995485","0.389700648671823",NA,"325.104720212281","331.850205938429","1.90734192884179e-08","70","No gap","1.00698141775276","0.59407013594628","0.654539111170625","0.345460888829375","0.396588637138052","0.746520118243595","0.864078310160317","0.926369715114387","0.62598738298217","0.0299626008755462","0.01","0.1","","","","2.46558812714677","","","","","","","","",""
"35303","AWOTMANMoMPercentChangeL0","BAA10YB_IndexMoMPercentChangeL0",NA,"0",NA,"-17.1259574694552","0.081098038894202","-19.5122705916157","3.70442809219189e-09","-0.167542561554455","-0.639620395736017","0.0247969542157544","1.40838085696619e-07","0.406871993028776","0.38942705164727",NA,"325.136094160309","331.881579886457","1.93663006742284e-08","70","No gap","1.01644864883702","0.578984970084909","0.696694689236269","0.303305310763731","0.321729183536428","0.304025405311561","0.914153213276693","0.972006795288368","0.758320500162295","0.0230354787188278","0.01","0.1","","","","2.45780954297451","","","","","","","","",""
"40525","AMBSLMoMDifferenceL1","BAA10YB_IndexMoMPercentChangeL0",NA,"0",NA,"0.00611773347570661","0.0824599244472855","-17.8157274739175","5.71138594580603e-08","0.168907932795887","-0.584007002346956","0.201917558288506","1.12793045421362e-06","0.406634538870752","0.389182613543421",NA,"325.164112504666","331.909598230815","1.9631656522634e-08","70","No gap","1.04314343923929","0.893171662310283","0.406325109948633","0.593674890051367","0.176284700944394","0.229162908456357","0.940135656379741","0.752747504210895","0.375911241081135","0.01","0.01","0.0883046681965998","","Fail","","2.52987238051776","","","","","","","","",""
"15553","IPMANSICSMoMDifferenceL0","BAA10YB_IndexMoMPercentChangeL0",NA,"0",NA,"-0.351499818258891","0.0830953329419777","-18.0155140049485","3.62922963777649e-08","-0.166831601428479","-0.590556088443359","0.0249386768982738","2.64413218112318e-07","0.406525163164038","0.389070020904157",NA,"325.177014492415","331.922500218563","1.97550680258729e-08","70","No gap","1.0283655814938","0.59030541001472","0.675062071202605","0.324937928797395","0.523237698022141","0.91370621769943","0.904495981837373","0.92625742362928","0.324126508670676","0.0347044454408806","0.01","0.1","","","","2.42636267108846","","","","","","","","",""
"38567","HOUSTWMoMPercentChangeL1","BAA10YB_IndexMoMPercentChangeL0",NA,"0",NA,"-3.30997083417046","0.0831842806405955","-18.9867194202378","6.39137371275605e-09","-0.164361714881762","-0.622392608398919","0.0750436031416685","8.13132280996966e-08","0.406509922690334","0.389054332181226",NA,"325.178812074039","331.924297800187","1.97723240003e-08","70","No gap","1.00060625131403","0.591808250247861","0.694687330645899","0.305312669354101","0.232682244777207","0.739369581153307","0.979810336106676","0.865327664474085","0.862554600609731","0.0222390683166722","0.01","0.1","","","","2.49427892134682","","","","","","","","",""
"45365","AAIIBEAR_IndexMoMDifferenceL1","BAA10YB_IndexMoMPercentChangeL0",NA,"0",NA,"-0.0615324589540906","0.0849125782166447","-19.0219149254832","6.15102043344255e-09","-0.164279262625972","-0.623546331789927","0.0402528268778432","4.30685801879822e-07","0.40621716251472","0.388752961412212",NA,"325.213333560132","331.95881928628","2.01066531202443e-08","70","No gap","1.00101076348392","0.798795017183759","0.552642226676578","0.447357773323422","0.187435620000377","0.292339268927852","0.67033715972113","0.836597162514989","0.502813489801582","0.0130838193634627","0.01","0.1","","","","2.48472778920075","","","","","","","","",""
"2667","DPCERA3M086SBEAMoMDifferenceL0","BAA10YB_IndexMoMPercentChangeL0",NA,"0",NA,"-0.586454786978267","0.0862991343875006","-19.3023489943482","4.53605887863636e-09","-0.16175139880116","-0.632739077926932","0.0137773120644615","1.62392784420655e-08","0.405986809047164","0.388515832842669",NA,"325.240484253593","331.985969979741","2.03735652792858e-08","70","No gap","1.00778516546182","0.612165263842115","0.645710944251022","0.354289055748978","0.388266733390213","0.750729007688002","0.875051998500789","0.930556550624518","0.609925770449974","0.0297853808607628","0.01","0.1","","","","2.50540453109789","","","","","","","","",""
"16521","IPB51222SMoMDifferenceL0","BAA10YB_IndexMoMPercentChangeL0",NA,"0",NA,"0.0917495718230848","0.0939987229372049","-18.6559931402117","1.08546934609409e-08","0.159803063534036","-0.611551262533131","0.122103261424917","3.35022755143096e-08","0.404775087888118","0.387268472826004",NA,"325.383131062953","332.128616789101","2.18352106395869e-08","70","No gap","1.00180801865374","0.982732980899344","0.452306859382038","0.547693140617962","0.118621987201897","0.262021737008465","0.717599110484948","0.84555576680881","0.52510430555334","0.01","0.01","0.1","","","","2.50543932623565","","","","","","","","",""
"11249","IPNCONGDMoMPercentChangeL1","BAA10YB_IndexMoMPercentChangeL0",NA,"0",NA,"-45.971650143616","0.0942473433811303","-18.1645247687088","2.78002393699661e-08","-0.160104217440391","-0.595440723639338","0.0996597356729232","5.48039040738538e-07","0.404737738476158","0.387230024901928",NA,"325.387523313279","332.133009039427","2.18818431152457e-08","70","No gap","1.02063229117537","0.639364946353759","0.627059088776365","0.372940911223635","0.317021583922348","0.522323245896172","0.947307588129638","0.961284331463357","0.335557506926267","0.0328327076804199","0.01","0.1","","","","2.53711301765549","","","","","","","","",""
"40725","AMBSLMoMPercentChangeL1","BAA10YB_IndexMoMPercentChangeL0",NA,"0",NA,"21.8968136953215","0.0999023833263325","-17.8772976951884","5.506355146978e-08","0.160046449469105","-0.586025299966906","0.211391197392905","5.38139551957543e-07","0.40391544284457","0.386383544104705",NA,"325.484154625755","332.229640351904","2.29333554369049e-08","70","No gap","1.04247980287256","0.892315182783952","0.407199106723962","0.592800893276038","0.153952464290073","0.223160961344431","0.958712162012338","0.773713973168721","0.389350060110539","0.01","0.01","0.0872161552146136","","Fail","","2.52614666039872","","","","","","","","",""
"18417","CUMFNSMoMDifferenceL0","BAA10YB_IndexMoMPercentChangeL0",NA,"0",NA,"-1.06973685494365","0.102049588674519","-18.8890053882913","7.79463181106634e-09","-0.155989734733727","-0.619189501539106","0.136043073200247","1.12293355272746e-07","0.403616160111132","0.38607545893793",NA,"325.519291476061","332.264777202209","2.33281057804291e-08","70","No gap","1.00003023110973","0.452881913677368","0.753040629935381","0.246959370064619","0.683456144715997","0.997663862326557","0.924960968280828","0.976034500935484","0.268801506260221","0.0259432004159254","0.01","0.1","","","","2.4152594645633","","","","","","","","",""
"18881","CUMFNSMoMPercentChangeL0","BAA10YB_IndexMoMPercentChangeL0",NA,"0",NA,"-80.9614057655796","0.104836900651041","-18.8920094736626","7.82892764002475e-09","-0.154762848341789","-0.619287976714763","0.139788815774553","1.19756099549307e-07","0.403237556603663","0.385685720033183",NA,"325.563715612118","332.309201338266","2.38369364247148e-08","70","No gap","1.00003818177011","0.454309515353376","0.751468068904357","0.248531931095643","0.681174876513978","0.99732741509982","0.926152836436646","0.976640529622918","0.270374019198141","0.0259455900448413","0.01","0.1","","","","2.41648117070638","","","","","","","","",""
"10721","IPNCONGDMoMDifferenceL1","BAA10YB_IndexMoMPercentChangeL0",NA,"0",NA,"-0.450220521320697","0.105409873474762","-18.1666721876215","2.91151234413611e-08","-0.155227820918971","-0.595511116929975","0.106035010697334","3.73295967278604e-07","0.40316106620428","0.38560697991617",NA,"325.572687330929","332.318173057077","2.39410370417303e-08","70","No gap","1.02187343704989","0.641229012554543","0.627199366038774","0.372800633961226","0.315158949092832","0.500927636663901","0.952360257564945","0.967070757378118","0.329952891236313","0.0324598960555613","0.01","0.1","","","","2.5393476389899","","","","","","","","",""
"17001","IPB51222SMoMPercentChangeL0","BAA10YB_IndexMoMPercentChangeL0",NA,"0",NA,"8.96271282467545","0.107337553297805","-18.703738141558","1.04803545428169e-08","0.153582261182763","-0.613116363658197","0.142577760966191","1.72086152212748e-06","0.402906962888614","0.385345402973573",NA,"325.602483387653","332.347969113802","2.42900399793911e-08","70","No gap","1.00115526420532","0.994291245464661","0.458696244162472","0.541303755837528","0.107735174286528","0.253694028065647","0.756378927662072","0.85422409215338","0.518298273588421","0.01","0.01","0.1","","","","2.49830290591523","","","","","","","","",""
"9657","IPDCONGDMoMDifferenceL1","BAA10YB_IndexMoMPercentChangeL0",NA,"0",NA,"-0.162131720615497","0.108253610429131","-18.8362954273646","8.56479500625854e-09","-0.152139547129054","-0.617461646961192","0.0949298470322315","1.08358247507962e-07","0.402787922197903","0.385222861086077",NA,"325.616437691748","332.361923417896","2.44552323946934e-08","70","No gap","1.00003239313318","0.559018324662719","0.676615127947299","0.323384872052701","0.153492735592599","0.668195001982843","0.741415571400428","0.977665079601972","0.546340108440579","0.0246835574275255","0.01","0.1","","","","2.39415794396427","","","","","","","","",""
"10193","IPDCONGDMoMPercentChangeL1","BAA10YB_IndexMoMPercentChangeL0",NA,"0",NA,"-17.7245156216113","0.112447812888523","-18.7979762304936","9.17648688556497e-09","-0.15008021256357","-0.616205527651458","0.106258611337223","1.61908121236264e-07","0.402256383935906","0.384675689345786",NA,"325.678712269767","332.424197995915","2.52062466454817e-08","70","No gap","1.00019763680243","0.552466329648088","0.67803630323493","0.32196369676507","0.148392843465076","0.633778731807788","0.743992956554802","0.975052063996338","0.561478475359781","0.0248357602360298","0.01","0.1","","","","2.39698323706331","","","","","","","","",""
"45397","AAIIBEAR_IndexMoMPercentChangeL1","BAA10YB_IndexMoMPercentChangeL0",NA,"0",NA,"-1.49649413107308","0.12213761908064","-19.1489317857514","6.00855278805432e-09","-0.146666349902236","-0.627709997625149","0.081899564284459","1.52936589041872e-07","0.401106056135671","0.383491528374956",NA,"325.813294324546","332.558780050694","2.6908985706342e-08","70","No gap","1.004044380964","0.723698632352346","0.593893671501946","0.406106328498054","0.259285032632928","0.276656598343464","0.686048318612615","0.910705561291637","0.588320194007773","0.0131204590679359","0.01","0.1","","","","2.45431450178102","","","","","","","","",""
"22233","UEMPMEANMoMDifferenceL1","BAA10YB_IndexMoMPercentChangeL0",NA,"0",NA,"-0.4445691782429","0.12580088530062","-19.0054371646475","7.1456023508438e-09","-0.142282963291299","-0.623006183893911","0.1050031097013","7.70050472211825e-08","0.400696727373622","0.38307016053167",NA,"325.861121199894","332.606606926042","2.75414039352384e-08","70","No gap","1.00102393496527","0.731274085767111","0.61622380437772","0.38377619562228","0.317528356499966","0.947468530967051","0.982883380496963","0.994033270603853","0.532601029864138","0.0219921586520927","0.01","0.1","","","","2.45315815534989","","","","","","","","",""
"23929","UEMP5TO14MoMDifferenceL1","BAA10YB_IndexMoMPercentChangeL0",NA,"0",NA,"0.00466969726534882","0.126023377989379","-18.5897100334883","1.34112383100325e-08","0.145723879979472","-0.60937847455574","0.0992638183315745","7.02090122312753e-08","0.400672285228477","0.383044999499903",NA,"325.863976040422","332.60946176657","2.7579620365259e-08","70","No gap","1.00376370571534","0.56006051583541","0.710210144805338","0.289789855194662","0.106483433370432","0.600175231045987","0.957890201847237","0.857906505367173","0.707394589478908","0.0234604446930592","0.01","0.1","","","","2.47035738119159","","","","","","","","",""
"33821","USGOVTMoMDifferenceL0","BAA10YB_IndexMoMDifferenceL0",NA,"0",NA,"-0.0258919135431383","0.00593047654310777","-0.132824631955292","8.52765575584551e-09","-0.260915982286426","-0.633649225972567","0.00397360134469869","3.51186866683292e-06","0.40018345366181","0.382541790534217",NA,"325.92104709129","332.666532817439","2.83548284851776e-08","70","No gap","1.04548977173573","0.9256472983885","0.478246441054537","0.521753558945463","0.908785786478288","0.664766409465207","0.602557832633981","0.620482008075726","0.0457724488004382","0.0189655478646769","0.01","0.1","","","","2.09241798949783","","","","","","","","",""
"34125","USGOVTMoMPercentChangeL0","BAA10YB_IndexMoMDifferenceL0",NA,"0",NA,"-572.393974120741","0.00605087630830306","-0.132689172397946","8.73603485229342e-09","-0.260197194304236","-0.633003006650149","0.00546888703082174","8.87293152552526e-06","0.399861577706236","0.382210447638772",NA,"325.95860069625","332.704086422398","2.88767754152985e-08","70","No gap","1.04466957322019","0.919280827900172","0.481541693318793","0.518458306681207","0.910308364281473","0.671610300092922","0.60783742162395","0.625154508813719","0.0462662213099542","0.0189985224529107","0.01","0.1","","","","2.09103826830441","","","","","","","","",""
"44533","ism_man_pricesMoMDifferenceL1","BAA10YB_IndexMoMPercentChangeL0",NA,"0",NA,"0.0945238800368418","0.134917665448077","-18.2377501747607","2.79152854769695e-08","0.144315583212211","-0.597841083094018","0.18105399270904","7.694039607366e-08","0.399731958720173","0.38207701632959",NA,"325.973717790893","332.719203517041","2.90895860732832e-08","70","No gap","1.02062778472399","0.781974737221491","0.63066086673736","0.36933913326264","0.429753335725594","0.83336060372058","0.838474084722","0.900262228446022","0.482176488678426","0.023196902540263","0.01","0.1","","","","2.37849001672308","","","","","","","","",""
"20249","CE16OVMoMDifferenceL0","BAA10YB_IndexMoMPercentChangeL0",NA,"0",NA,"-0.00121342522848891","0.14389904190214","-18.1791383756116","3.29182071325979e-08","-0.121989442770005","-0.595919763789301","0.112678564274033","1.53241730310515e-07","0.398848956227415","0.38116804317528",NA,"326.076613085951","332.822098812099","3.05803595779253e-08","70","No gap","1.0258048591501","0.770035500308148","0.548968821974555","0.451031178025445","0.269392580577277","0.547380382592602","0.641912244694241","0.965698640956659","0.499722135403418","0.0137022285410061","0.01","0.1","","","","2.45805753297855","","","","","","","","",""
"36947","HOUSTNEMoMPercentChangeL0","BAA10YB_IndexMoMPercentChangeL0",NA,"0",NA,"-1.22402430190207","0.15054733848047","-19.0427163037365","7.24340450994376e-09","-0.135669648360648","-0.624228209674296","0.13009564195392","1.80254559016446e-07","0.398233595763732","0.380534583874431",NA,"326.14823102829","332.893716754438","3.16628420149456e-08","70","No gap","1.00184398453691","0.690050602563914","0.612036977680133","0.387963022319867","0.189508949068105","0.85929634717406","0.825432888436206","0.739683237797734","0.699715486517736","0.0125883897097627","0.01","0.1","","","","2.46520053201068","","","","","","","","",""
"20697","CE16OVMoMPercentChangeL0","BAA10YB_IndexMoMPercentChangeL0",NA,"0",NA,"-176.928275888399","0.155369891911129","-18.1936483506892","3.31091746272075e-08","-0.11868311158969","-0.596395406844663","0.137065624458946","2.48074289404553e-07","0.397805775736561","0.380094180905284",NA,"326.197979171964","332.943464898112","3.243724178148e-08","70","No gap","1.02613192625662","0.760296689825","0.554203014059059","0.445796985940941","0.273828862639667","0.555284563960329","0.642129305052881","0.967154266524974","0.491910181397135","0.0139848832845346","0.01","0.1","","","","2.45988369328697","","","","","","","","",""
"45349","AAIIBEAR_IndexMoMDifferenceL0","BAA10YB_IndexMoMPercentChangeL0",NA,"0",NA,"0.0591786133161108","0.155476905374411","-21.3395063492711","2.01700612868085e-08","0.158261270853886","-0.699517948556794","0.194538853778446","3.51959898300086e-08","0.397796450391345","0.380084581285209",NA,"326.199063156308","332.944548882456","3.24543246721376e-08","70","No gap","1.35807109592745","0.654479614454039","0.32983442826718","0.67016557173282","0.476203424407751","0.875404279484112","0.870185649104324","0.981910413719683","0.533270524088983","0.023279254690953","0.01","0.1","","","","2.44515344671138","","","","","","","","",""
"44741","USGG2YR_IndexMoMPercentChangeL0","BAA10YB_IndexMoMPercentChangeL0",NA,"0",NA,"-2.83989813125177","0.156436320245381","-20.1839608698895","5.51716639007428e-09","-0.13795268829162","-0.661638684155314","0.258259669460699","4.78174947107013e-07","0.397713163040252","0.379998844306142",NA,"326.208743789131","332.954229515279","3.26072849832215e-08","70","No gap","1.10235116372706","0.729260971805736","0.643199872661374","0.356800127338626","0.293112189544508","0.344327739735463","0.765503064236105","0.943800701053247","0.658433766980894","0.0195607852606905","0.01","0.1","","","","2.49885540449229","","","","","","","","",""
"22665","UEMPMEANMoMPercentChangeL1","BAA10YB_IndexMoMPercentChangeL0",NA,"0",NA,"-10.9336441128662","0.164190397232315","-19.0441587546939","7.4376831518175e-09","-0.130336710221168","-0.624275493820333","0.114798575287047","2.70719656335064e-07","0.397060253497212","0.379326731541248",NA,"326.284586245829","333.030071971977","3.38308629999062e-08","70","No gap","1.00199905615545","0.72245723375921","0.616167059341098","0.383832940658902","0.323047099223908","0.951768122133486","0.979733222513183","0.994592872873459","0.515137559722474","0.0211182444993032","0.01","0.1","","","","2.47973157465351","","","","","","","","",""
"5831","INDPROMoMPercentChangeL1","BAA10YB_IndexMoMPercentChangeL0",NA,"0",NA,"-37.3300943141683","0.172014926992305","-19.0289723392958","7.68064564315756e-09","-0.1294513216221","-0.623777676768179","0.0956534562557513","7.46148863183823e-07","0.396435524812953","0.378683628483922",NA,"326.357078344937","333.102564071085","3.50432824980373e-08","70","No gap","1.00174015261525","0.625339168380472","0.655368638159285","0.344631361840715","0.245907724143487","0.322465803473026","0.911153245698156","0.992829919898146","0.495536617468123","0.0390221598372753","0.01","0.1","","","","2.82913797963081","","","","","","","","",""
"44621","ism_man_pricesMoMPercentChangeL1","BAA10YB_IndexMoMPercentChangeL0",NA,"0",NA,"4.42658132847088","0.175010331405997","-18.1320690567829","4.11274397083243e-08","0.131775330737785","-0.59437681181993","0.231491899597155","2.24378536165851e-07","0.396204785405053","0.378446102622848",NA,"326.383833849343","333.129319575491","3.55016605002589e-08","70","No gap","1.03415331071655","0.815543000683854","0.539092425767891","0.460907574232109","0.45203079858577","0.885159763986953","0.85680073699851","0.914961944920577","0.374465373031895","0.0239949435803531","0.01","0.1","","","","2.39715457439845","","","","","","","","",""
"39255","M1SLMoMDifferenceL1","BAA10YB_IndexMoMPercentChangeL0",NA,"0",NA,"-0.0119891983222649","0.176881250172807","-18.9719303240526","8.29009112066926e-09","-0.110328044598343","-0.62190781563684","0.115184424987662","1.17868241827446e-07","0.396062918190569","0.378300062843233",NA,"326.400279058416","333.145764784564","3.57863717548312e-08","70","No gap","1.00076706436676","0.723185585239504","0.600050165745429","0.399949834254571","0.278935685093737","0.87053646861521","0.841360836924639","0.824772827235315","0.577872915886866","0.017559101543207","0.01","0.1","","","","2.41965464802712","","","","","","","","",""
"5263","INDPROMoMDifferenceL1","BAA10YB_IndexMoMPercentChangeL0",NA,"0",NA,"-0.34854441641704","0.17802019515147","-19.0186544427438","7.85692155278814e-09","-0.127811954246725","-0.623439451801241","0.0850686460025695","4.95874615564166e-08","0.395977383551001","0.378212012478972",NA,"326.410192344081","333.155678070229","3.59590995868686e-08","70","No gap","1.00157329581691","0.629597253802985","0.654033901223248","0.345966098776752","0.243401768839456","0.323791196895603","0.91385979453936","0.992709690219972","0.493771495639024","0.0384466207530534","0.01","0.1","","","","2.83581850172335","","","","","","","","",""
"9925","IPDCONGDMoMPercentChangeL0","BAA10YB_IndexMoMPercentChangeL0",NA,"0",NA,"-14.85881667409","0.188495915830236","-18.3959005200044","2.28881906864149e-08","-0.125724635164114","-0.603025317595873","0.0195690050868835","3.35242562734903e-07","0.395218655535322","0.37743096893342",NA,"326.49806592787","333.243551654018","3.75271107522224e-08","70","No gap","1.01482111874669","0.623145281580703","0.658659750240807","0.341340249759193","0.493458476856325","0.67680872230535","0.854978060429979","0.894932750218034","0.483407462961055","0.027094505159538","0.01","0.1","","","","2.44015042034112","","","","","","","","",""
"39479","M1SLMoMPercentChangeL1","BAA10YB_IndexMoMPercentChangeL0",NA,"0",NA,"-36.2888819525707","0.190767730504505","-18.9283235073351","8.96229377427503e-09","-0.106155328359933","-0.620478365935706","0.122494638490736","1.20237498709186e-07","0.395060452216087","0.377268112575384",NA,"326.516374667482","333.26186039363","3.78623207231144e-08","70","No gap","1.00029409933872","0.7050521859223","0.607713223012054","0.392286776987946","0.248616208656423","0.84298035232104","0.837459357008712","0.839740205112525","0.543143358350134","0.0175041934496002","0.01","0.1","","","","2.41580573509108","","","","","","","","",""
"24345","UEMP5TO14MoMPercentChangeL1","BAA10YB_IndexMoMPercentChangeL0",NA,"0",NA,"8.90660855958475","0.191020655060672","-18.6880679507129","1.29130823377283e-08","0.125000698116536","-0.612602688244434","0.150561856547855","1.68852876726989e-07","0.395042972607206","0.37725011886036",NA,"326.51839727445","333.263883000598","3.78995352878775e-08","70","No gap","1.00210039854607","0.59705593326352","0.686946363851678","0.313053636148322","0.126945237675506","0.654196239232593","0.969282658313067","0.906987685352599","0.527573076757961","0.0220499897323402","0.01","0.1","","","","2.50112569429056","","","","","","","","",""
"43525","DTCTHFNMMoMPercentChangeL0","BAA10YB_IndexMoMPercentChangeL0",NA,"0",NA,"-17.0950061801704","0.200721324657504","-18.5886094135059","1.57401798570421e-08","-0.122491288369837","-0.609342395772117","0.0042545506164131","9.19835932816661e-07","0.394391906670395","0.376579903925407",NA,"326.593692058994","333.339177785142","3.93112447039101e-08","70","No gap","1.00539685242631","0.543834153516567","0.679766048484076","0.320233951515924","0.259084472776939","0.788418884893742","0.856394229821331","0.954816965523679","0.402754222586082","0.0208133269732003","0.01","0.1","","","","6.14601982065235","","","","","","","","",""
"40821","BUSLOANSMoMDifferenceL0","BAA10YB_IndexMoMPercentChangeL0",NA,"0",NA,"-0.0229691788124225","0.201831271701988","-18.6180400452675","1.49125415576269e-08","-0.0883174342113321","-0.610307144197766","0.184106886791619","3.41628461865365e-08","0.394319728118582","0.37650560247501",NA,"326.60203441376","333.347520139908","3.94708570272684e-08","70","No gap","1.00432173720615","0.701419124965046","0.557861065972894","0.442138934027106","0.279129333143923","0.485681304501662","0.885541657981897","0.988078752208307","0.835203290784706","0.0105288698145793","0.01","0.1","","","","2.45097917070722","","","","","","","","",""
"12029","IPBUSEQMoMPercentChangeL0","BAA10YB_IndexMoMPercentChangeL0",NA,"0",NA,"-16.9777546134973","0.208428489200886","-18.6222815052337","1.49538981075422e-08","-0.120752159623041","-0.610446181030477","0.0584122971203603","7.33755183690947e-08","0.393899983866565","0.376073512803817",NA,"326.650528516374","333.396014242522","4.04116003993593e-08","70","No gap","1.00429515383662","0.633372527835258","0.652813600251897","0.347186399748103","0.537595268957315","0.879004910391549","0.967817510606082","0.985193867664862","0.359629267663772","0.0237744565061801","0.01","0.1","","","","2.3987662869071","","","","","","","","",""
"41013","BUSLOANSMoMPercentChangeL0","BAA10YB_IndexMoMPercentChangeL0",NA,"0",NA,"-43.7894324999945","0.209260175930969","-18.6828083833762","1.34087395938596e-08","-0.0857199005599383","-0.612430277426046","0.221905517298698","3.16318287259365e-08","0.393848163515802","0.37602016832509",NA,"326.656513121879","333.401998848027","4.05292400751378e-08","70","No gap","1.00241460329294","0.678625586236338","0.585611131018746","0.414388868981254","0.252303073177467","0.510881898242414","0.913617204713946","0.987967525887998","0.79309754734389","0.0112575523812365","0.01","0.1","","","","2.44783193687511","","","","","","","","",""
"6668","IPFPNSSMoMPercentChangeL0","BAA10YB_IndexMoMPercentChangeL0",NA,"0",NA,"-37.2729865160545","0.213870732083401","-18.3063248223939","2.99631943754823e-08","-0.119123093878265","-0.600088988741424","0.105133634270034","3.20375049207745e-07","0.393565172081157","0.375728853612956",NA,"326.689186086817","333.434671812965","4.11775586961483e-08","70","No gap","1.02353175740783","0.544347310836281","0.69757486081616","0.30242513918384","0.136705878763814","0.796149178043865","0.824494499058051","0.869292046501904","0.337880487311471","0.0448892137341873","0.01","0.1","","","","2.40811529782721","","","","","","","","",""
"43397","DTCTHFNMMoMDifferenceL0","BAA10YB_IndexMoMPercentChangeL0",NA,"0",NA,"-1.84346186915613e-05","0.216076799952636","-18.5875067607866","1.61832059761623e-08","-0.118487780966641","-0.609306250354526","0.00459495650981996","1.06306008831447e-07","0.393432271042533","0.375592043720255",NA,"326.704525003768","333.450010729916","4.14854908203921e-08","70","No gap","1.0058157253616","0.547699238389938","0.678110237926513","0.321889762073487","0.251165138317579","0.738579040103725","0.853078218412716","0.954678819858113","0.419203234167909","0.0206703888396001","0.01","0.1","","","","6.19063148347277","","","","","","","","",""
"25361","UEMP15T26MoMDifferenceL0","BAA10YB_IndexMoMPercentChangeL0",NA,"0",NA,"0.00416189888697603","0.216280305242287","-18.9416060853741","9.14317785570608e-09","0.116908248802644","-0.620913774402489","0.247653087570279","7.2651050730652e-08","0.393420091124856","0.375579505569705",NA,"326.705930594004","333.451416320152","4.15138232678913e-08","70","No gap","1.00047582680952","0.695632385538654","0.60436262097247","0.39563737902753","0.227908863695417","0.871001251201648","0.860222484719599","0.9800133085577","0.374136483642651","0.0178826274079884","0.01","0.1","","","","2.44617117586789","","","","","","","","",""
"45129","VIX_IndexMoMPercentChangeL0","BAA10YB_IndexMoMPercentChangeL0",NA,"0",NA,"-1.4494356699092","0.216660774545609","-17.4139769837556","4.39977478421221e-07","-0.12699619283564","-0.570837453149801","0.157352492173248","1.26260287296862e-06","0.393397355711167","0.375556101467378",NA,"326.708554237007","333.454039963155","4.15667597009062e-08","70","No gap","1.16141484242017","0.651863140191905","0.649861016730454","0.350138983269546","0.204456276619731","0.664802360944523","0.782570800865327","0.955140425917764","0.53128248605808","0.0225577254135562","0.01","0.1","","","","2.41769311460557","","","","","","","","",""
"25561","UEMP15T26MoMDifferenceL1","BAA10YB_IndexMoMPercentChangeL0",NA,"0",NA,"-0.00417093916755042","0.218963874878802","-19.3961322672718","6.44800559746088e-09","-0.117314456223296","-0.635813332860984","0.151863025144315","1.53020041933385e-08","0.393260721288998","0.375415448385733",NA,"326.724319635715","333.469805361863","4.1886278112635e-08","70","No gap","1.02208208290048","0.784980685043187","0.585782808399237","0.414217191600763","0.326741854648572","0.744008637347843","0.964674982514098","0.972005729279967","0.564249369958159","0.0196984523026877","0.01","0.1","","","","2.44970691270417","","","","","","","","",""
"11509","IPBUSEQMoMDifferenceL0","BAA10YB_IndexMoMPercentChangeL0",NA,"0",NA,"-0.15416537622939","0.221040204518039","-18.6638418786025","1.41143851390389e-08","-0.11744689552844","-0.611808547462219","0.066957373286358","4.72668299510011e-08","0.393138976351417","0.375290122714694",NA,"326.738364038378","333.483849764526","4.21729849930941e-08","70","No gap","1.00310372844589","0.643549353166856","0.648346657612667","0.351653342387333","0.529964731778269","0.885675429974321","0.965725204328769","0.986786087120761","0.377357951879169","0.023672836276053","0.01","0.1","","","","2.40060568894821","","","","","","","","",""
"25961","UEMP15T26MoMPercentChangeL1","BAA10YB_IndexMoMPercentChangeL0",NA,"0",NA,"-4.78458234129691","0.224920478883186","-19.2756436118637","6.87167122260922e-09","-0.116378865841029","-0.631863664313084","0.186512797580825","6.35286348191541e-07","0.392915018732508","0.375059578106993",NA,"326.764192260454","333.509677986602","4.27053833407243e-08","70","No gap","1.01357218937349","0.798159492049165","0.577822604079086","0.422177395920914","0.332850806808338","0.869975230301644","0.963478687709598","0.969578394121436","0.553779125688763","0.0193173824873327","0.01","0.1","","","","2.46346339737745","","","","","","","","",""
"9389","IPDCONGDMoMDifferenceL0","BAA10YB_IndexMoMPercentChangeL0",NA,"0",NA,"-0.124131992592233","0.225216886206786","-18.3980192853297","2.47165261454657e-08","-0.116421515673376","-0.603094771609924","0.0427848901888356","1.89110707228192e-07","0.392898098234729","0.375042159947515",NA,"326.766143253107","333.511628979256","4.27458711760309e-08","70","No gap","1.01723543102919","0.629823322031602","0.655401892605475","0.344598107394525","0.497747771422307","0.6834999919764","0.86316667443392","0.908134810723516","0.458932844288204","0.0257902484145821","0.01","0.1","","","","2.44050930206372","","","","","","","","",""
"25761","UEMP15T26MoMPercentChangeL0","BAA10YB_IndexMoMPercentChangeL0",NA,"0",NA,"4.73154400628213","0.227598236975252","-18.7741207757062","1.17858162012812e-08","0.115040483686317","-0.615423535860194","0.276152789525594","6.24771787891567e-07","0.392763104116421","0.374903195413963",NA,"326.781706600567","333.527192326715","4.30702261633442e-08","70","No gap","1.00063470248073","0.671515301018507","0.758006314274355","0.241993685725645","0.24071151517129","0.889707974920389","0.894197247204168","0.987140406625127","0.325025547626821","0.0163237555260794","0.01","0.1","","","","2.46724053936911","","","","","","","","",""
"44445","ism_man_pmiMoMPercentChangeL1","BAA10YB_IndexMoMPercentChangeL0",NA,"0",NA,"-12.0021529170761","0.228857299275634","-19.452341875386","6.54235954040213e-09","-0.11670279555964","-0.637655907338277","0.213653474206118","2.12735985117793e-07","0.392692402561761","0.374830414401813",NA,"326.789856337129","333.535342063277","4.32410550699203e-08","70","No gap","1.02814727551213","0.607916184219226","0.638681261089716","0.361318738910284","0.23635349316778","0.865678698887378","0.760154545900591","0.960405399343704","0.335871422081135","0.022551701373291","0.01","0.1","","","","2.61232073876676","","","","","","","","",""
"6111","IPFPNSSMoMDifferenceL0","BAA10YB_IndexMoMPercentChangeL0",NA,"0",NA,"-0.357332713428256","0.231698978703542","-18.3201637903556","3.02654822257975e-08","-0.114810029810159","-0.600542635902716","0.132301942574277","2.65966683000617e-07","0.392534507888451","0.374667875767523",NA,"326.808053360571","333.553539086719","4.36249375512787e-08","70","No gap","1.02414873362468","0.554890347004538","0.6919703905508","0.3080296094492","0.13859745625588","0.800095656881729","0.830881192567777","0.878927090541855","0.327432264431714","0.0439301417705157","0.01","0.1","","","","2.41044755855733","","","","","","","","",""
"33047","USTRADEMoMPercentChangeL1","BAA10YB_IndexMoMPercentChangeL0",NA,"0",NA,"-141.336035380192","0.234155166618015","-18.3734533247361","2.67103230635076e-08","-0.11071158758086","-0.60228948914099","0.200503160185023","4.26438581910859e-07","0.392399870949589","0.374529278918695",NA,"326.823566244147","333.569051970295","4.39548855091232e-08","70","No gap","1.01984454256026","0.616613360919186","0.624903574822705","0.375096425177295","0.0983850950332068","0.596017204595494","0.610065961365029","0.959479914717501","0.636673943434661","0.0201099237023875","0.01","0.1","","","","2.63857490514078","","","","","","","","",""
"32727","USTRADEMoMDifferenceL1","BAA10YB_IndexMoMPercentChangeL0",NA,"0",NA,"-0.0089575021002167","0.238265225782684","-18.3801644397925","2.65181991844631e-08","-0.109884893185116","-0.602509482301091","0.20038711999933","7.02927555732966e-08","0.392178289179183","0.374301180037395",NA,"326.849089438797","333.594575164945","4.45031849150013e-08","70","No gap","1.01964208678256","0.619895834126584","0.627038417546771","0.372961582453229","0.0998890026691821","0.595266456404684","0.614247256320818","0.960590521787244","0.636649701680928","0.0200406541514964","0.01","0.1","","","","2.65005217085813","","","","","","","","",""
"37079","HOUSTNEMoMPercentChangeL1","BAA10YB_IndexMoMPercentChangeL0",NA,"0",NA,"0.996810047492146","0.239799805976889","-18.7379266850332","1.27020758854587e-08","0.110941310515235","-0.614237078420968","0.262607416597084","2.69719075899148e-07","0.392096721832634","0.374217213651241",NA,"326.858482540557","333.603968266705","4.47066884623482e-08","70","No gap","1.00132459636579","0.583003473994335","0.682361222462682","0.317638777537318","0.270560835189126","0.896070281957743","0.986023941455051","0.895323063844221","0.680558723454793","0.0236982673249866","0.01","0.1","","","","2.48104780764551","","","","","","","","",""
"18649","CUMFNSMoMDifferenceL1","BAA10YB_IndexMoMPercentChangeL0",NA,"0",NA,"-0.77431257163396","0.242550867150955","-18.4187551236563","2.44023068425105e-08","-0.11298034493719","-0.603774501068065","0.26896500643872","1.32496973049074e-07","0.391952044447397","0.374068281048791",NA,"326.87514014447","333.620625870618","4.5069870280301e-08","70","No gap","1.01692972502681","0.521949778438151","0.694906354517416","0.305093645482584","0.042463922695779","0.10849548014472","0.84953211898154","0.948012752429624","0.630282382931924","0.0329519269775038","0.01","0.1","","","","2.60441290524885","","","","","","","","",""
"19113","CUMFNSMoMPercentChangeL1","BAA10YB_IndexMoMPercentChangeL0",NA,"0",NA,"-58.7526317105496","0.245109126941154","-18.4206975170229","2.44149689081589e-08","-0.112377872321858","-0.603838173535501","0.285094613920227","3.37242975114695e-07","0.391819258469351","0.373931589600802",NA,"326.890425129148","333.635910855296","4.54057201837443e-08","70","No gap","1.0169632149898","0.524462820392455","0.693719300461728","0.306280699538272","0.0426313314162064","0.108492130211817","0.849634690508388","0.949894586259479","0.625046720117501","0.0329493154328256","0.01","0.1","","","","2.60882402602789","","","","","","","","",""
"44661","USGG2YR_IndexMoMDifferenceL0","BAA10YB_IndexMoMPercentChangeL0",NA,"0",NA,"-2.97091569584813","0.245394782334424","-20.0466975601975","9.60245148522289e-09","-0.114928482808315","-0.657139135419916","0.239093217543986","2.12673029608788e-06","0.391804534796331","0.373916432878576",NA,"326.892119764584","333.637605490732","4.54431093865892e-08","70","No gap","1.12173305128409","0.830662351945059","0.545500581828496","0.454499418171504","0.22331030348744","0.386064446015942","0.942736345326722","0.979022985866691","0.526242233085668","0.029709634310717","0.01","0.1","","","","2.48189636606715","","","","","","","","",""
"45381","AAIIBEAR_IndexMoMPercentChangeL0","BAA10YB_IndexMoMPercentChangeL0",NA,"0",NA,"1.30169570986191","0.248332417870108","-20.881661087324","4.00342955946661e-08","0.128227484186905","-0.684509589265267","0.300418417137202","1.00808233771109e-07","0.391654303394986","0.373761782906603",NA,"326.909408449057","333.654894175205","4.5826318406661e-08","70","No gap","1.35839493364634","0.604375921971952","0.655744503550513","0.344255496449487","0.502327450844219","0.934355055103396","0.885608553822602","0.982556816102907","0.432659283547367","0.0224326888215864","0.01","0.1","","","","2.46987407673412","","","","","","","","",""
"44349","ism_man_pmiMoMDifferenceL1","BAA10YB_IndexMoMPercentChangeL0",NA,"0",NA,"-0.206249160923096","0.253722756158685","-19.3834506124007","7.05772052597942e-09","-0.110654830438339","-0.635397622907129","0.236859562118512","4.09549517681872e-08","0.391384129816174","0.373483663046061",NA,"326.94048938266","333.685975108808","4.65233815916122e-08","70","No gap","1.02437427684738","0.609546310132551","0.641295198089823","0.358704801910177","0.240509440095604","0.877980847931558","0.773277818974939","0.96297212699664","0.330290944397149","0.0226263125998009","0.01","0.1","","","","2.62356031422913","","","","","","","","",""
"31587","SRVPRDMoMPercentChangeL0","BAA10YB_IndexMoMPercentChangeL0",NA,"0",NA,"-203.869801783532","0.25921692172756","-18.5394278820609","1.91173378264295e-08","-0.0529483206941907","-0.607730204589237","0.228444584772785","6.13758541527803e-08","0.391115806706413","0.373207448080131",NA,"326.971343784316","333.716829510464","4.72258513406487e-08","70","No gap","1.00962741619255","0.529146894560006","0.64914256991689","0.35085743008311","0.276621326461857","0.74723406232798","0.837800916774244","0.952629200360018","0.689297933454066","0.0219554224920189","0.01","0.1","","","","2.46803944757731","","","","","","","","",""
"31251","SRVPRDMoMDifferenceL0","BAA10YB_IndexMoMPercentChangeL0",NA,"0",NA,"-0.00165297796655101","0.26110022390334","-18.547231132209","1.88517282565539e-08","-0.0522486977969296","-0.607985998394693","0.220750858161405","1.12203879085511e-07","0.391025416374021","0.373114399208551",NA,"326.981734682504","333.727220408652","4.74648029769043e-08","70","No gap","1.00924055228742","0.533338317189848","0.647372998745921","0.352627001254079","0.267128470664074","0.715050377086754","0.840995278871771","0.950837699588283","0.698391732493126","0.0218726272184287","0.01","0.1","","","","2.47187396963092","","","","","","","","",""
"41900","WPSFD49502MoMDifferenceL0","BAA10YB_IndexMoMPercentChangeL0",NA,"0",NA,"0.191458889415682","0.263017431380587","-18.1371649169392","5.44827353450646e-08","0.109652959789915","-0.594543856248434","0.223955934758369","3.62089107799507e-07","0.390934211140352","0.37302051146801",NA,"326.99221769524","333.737703421388","4.77070982718431e-08","70","No gap","1.04923652408749","0.292118924036781","0.773326976540269","0.226673023459731","0.367792821325732","0.960882974776122","0.854403931059316","0.997945708806229","0.397451759251786","0.0232220456115907","0.01","0.1","","","","2.41082609532168","","","","","","","","",""
"41562","WPSFD49207MoMDifferenceL0","BAA10YB_IndexMoMPercentChangeL0",NA,"0",NA,"0.271026662248295","0.264649297498001","-18.173251068513","4.92707338036873e-08","0.108589627634847","-0.595726775398813","0.2337664423718","3.48890097924499e-07","0.390857217175103","0.372941252974371",NA,"327.001066061111","333.746551787259","4.79125739083486e-08","70","No gap","1.04476374330454","0.286689899535682","0.774910915174224","0.225089084825776","0.341814461906258","0.945569473129912","0.849463143441021","0.995585574666128","0.39317475096978","0.0230498088406278","0.01","0.1","","","","2.41295327668107","","","","","","","","",""
"37963","HOUSTSMoMPercentChangeL0","BAA10YB_IndexMoMPercentChangeL0",NA,"0",NA,"-2.81454572590412","0.264762124609101","-18.7741619355061","1.23043554945477e-08","-0.106476803600997","-0.61542488509566","0.180234909295746","1.0562438222234e-07","0.390851915273032","0.372935795134004",NA,"327.001675329644","333.747161055792","4.79267548980644e-08","70","No gap","1.00074110597091","0.684692910541018","0.638070138363293","0.361929861636707","0.387799175795146","0.687631805637833","0.98239581437595","0.994233612070717","0.454100442606718","0.0225134173798278","0.01","0.1","","","","2.50297542777655","","","","","","","","",""
"27316","PAYEMSMoMPercentChangeL0","BAA10YB_IndexMoMPercentChangeL0",NA,"0",NA,"-193.971364866142","0.267784414717311","-18.3978972247577","2.70102400871432e-08","-0.0535473934277904","-0.603090770413292","0.246316718165643","6.24712914085482e-08","0.390710914347982","0.372790647122923",NA,"327.017876517588","333.763362243736","4.83053853583826e-08","70","No gap","1.02061623939505","0.539660530688155","0.643656121775781","0.356343878224219","0.298430892666456","0.786265696979241","0.867437483499769","0.963417041156313","0.643703072845286","0.0236500647613409","0.01","0.1","","","","2.47818408354316","","","","","","","","",""
"26935","PAYEMSMoMDifferenceL0","BAA10YB_IndexMoMPercentChangeL0",NA,"0",NA,"-0.00134854836334828","0.271741295165663","-18.4094273770313","2.64538807534453e-08","-0.0526893751039323","-0.603468733630105","0.241657730672436","1.15863668126469e-07","0.390529235019714","0.372603624284999",NA,"327.038746179591","333.784231905739","4.87975324592327e-08","70","No gap","1.01993016163076","0.545254267529087","0.641148294739081","0.358851705260919","0.289790251453358","0.767628940723828","0.86953569274416","0.96171003296259","0.652119118321965","0.0235886151264423","0.01","0.1","","","","2.48390233492008","","","","","","","","",""
"41732","WPSFD49207MoMPercentChangeL0","BAA10YB_IndexMoMPercentChangeL0",NA,"0",NA,"52.350820458147","0.275139630965462","-18.1910075286711","4.83392437827429e-08","0.106229133626407","-0.596308839593744","0.269022796515728","1.42170813494179e-07","0.390375781702921","0.37244565763536",NA,"327.05636864934","333.801854375489","4.92170068033815e-08","70","No gap","1.04437337858859","0.293904566888619","0.770773159292589","0.229226840707411","0.338548831591785","0.94497936082742","0.853023871000433","0.995708061370819","0.393670892489378","0.0230549874592412","0.01","0.1","","","","2.41500472569687","","","","","","","","",""
"42066","WPSFD49502MoMPercentChangeL0","BAA10YB_IndexMoMPercentChangeL0",NA,"0",NA,"39.0417425331422","0.275390035107866","-18.1601225396964","5.30180981457982e-08","0.106828798811715","-0.595296416730012","0.262606100044","1.44816663377364e-07","0.390364567214068","0.372434113308599",NA,"327.057656339324","333.803142065472","4.92477991720364e-08","70","No gap","1.04859695865012","0.300615865416411","0.768527048033128","0.231472951966872","0.366802467639641","0.961468988380134","0.858066371805341","0.997807388401174","0.397533029152341","0.0231926649036153","0.01","0.1","","","","2.4133039222368","","","","","","","","",""
"25161","UEMP15OVMoMPercentChangeL1","BAA10YB_IndexMoMPercentChangeL0",NA,"0",NA,"-8.09966690127655","0.290050948894586","-19.7203478527231","9.02791760037798e-09","-0.0987234721678366","-0.646441255433934","0.184716743530544","5.20681493607725e-07","0.389729204466653","0.371780063421555",NA,"327.130572429607","333.876058155755","5.10232324169024e-08","70","No gap","1.07685592263498","0.819133640078137","0.560008685331205","0.439991314668795","0.0845014184457176","0.356558365528009","0.852331110152338","0.851395836829659","0.566633895198013","0.0161735779971983","0.01","0.1","","","","2.42542340658597","","","","","","","","",""
"29159","USCONSMoMDifferenceL0","BAA10YB_IndexMoMPercentChangeL0",NA,"0",NA,"-0.00753485588024761","0.300105463077508","-18.4434104912225","2.56373617461351e-08","-0.0818012482388775","-0.604582714334976","0.25198217436877","1.02339715428422e-07","0.389316275730132","0.371354989722194",NA,"327.17792065133","333.923406377478","5.22102467925833e-08","70","No gap","1.01916754939676","0.63012949668531","0.619512668458683","0.380487331541317","0.269267921122316","0.89693511230783","0.862607338746609","0.976359345923776","0.489237621500259","0.0223044332386595","0.01","0.1","","","","2.41364058520659","","","","","","","","",""
"29519","USCONSMoMPercentChangeL0","BAA10YB_IndexMoMPercentChangeL0",NA,"0",NA,"-49.4155854323503","0.301678797239449","-18.3692469222012","3.12580024099514e-08","-0.0819223191977867","-0.602151601505547","0.255955050498716","2.06056780143755e-07","0.389253243113081","0.371290103204642",NA,"327.185145431234","333.930631157382","5.23937837559885e-08","70","No gap","1.02671656750918","0.617632394030186","0.625655972916089","0.374344027083911","0.280635051676895","0.909060817240742","0.866065990956746","0.981436500081851","0.462136047576227","0.0220526173931334","0.01","0.1","","","","2.41422127818615","","","","","","","","",""
"42229","WPSID61MoMDifferenceL0","BAA10YB_IndexMoMPercentChangeL0",NA,"0",NA,"0.220600375046078","0.303781922277983","-18.2406810020184","4.54389803455827e-08","0.100791447448011","-0.597937156838056","0.323589752605011","2.10299021725903e-07","0.389169634583918","0.371204035601092",NA,"327.19472746571","333.940213191858","5.26381996879266e-08","70","No gap","1.04281353990095","0.428719957000762","0.705452563451368","0.294547436548632","0.149026306538463","0.79735486199476","0.817068250116384","0.977234000550662","0.44679116069777","0.0222847725313011","0.01","0.1","","","","2.42141862393248","","","","","","","","",""
"43061","MZMSLMoMPercentChangeL1","BAA10YB_IndexMoMPercentChangeL0",NA,"0",NA,"-58.2255641304559","0.304934230609055","-19.048296711612","9.0406754716209e-09","-0.0559277186955382","-0.624411137779814","0.264177513878074","6.62253493851693e-08","0.389124136920676","0.371157199771284",NA,"327.199941217354","333.945426943502","5.27716692566571e-08","70","No gap","1.00382035836396","0.539650676045211","0.642225902884741","0.357774097115259","0.329664542800352","0.326788692542025","0.768535772109323","0.97988126614258","0.673869350158744","0.021346423556097","0.01","0.1","","","","2.44825711594815","","","","","","","","",""
"36683","HOUSTNEMoMDifferenceL0","BAA10YB_IndexMoMPercentChangeL0",NA,"0",NA,"-0.00830970944867993","0.311663659391966","-19.0297083138769","9.25471590134262e-09","-0.0972652457420771","-0.623801802322949","0.333030277341511","7.50063123386491e-08","0.388862747533428","0.370888122460882",NA,"327.229887307381","333.975373033529","5.35448554384033e-08","70","No gap","1.00317934953562","0.620268097406921","0.656623633060928","0.343376366939072","0.106930653499058","0.628936511189503","0.885015787039226","0.888331062707877","0.617822067683615","0.0184555875310103","0.01","0.1","","","","2.45920083326927","","","","","","","","",""
"42917","MZMSLMoMDifferenceL1","BAA10YB_IndexMoMPercentChangeL0",NA,"0",NA,"-0.00418989933654066","0.319761343097247","-19.0723428585669","9.01137455193904e-09","-0.0532816149142572","-0.625199380540133","0.230974967467267","1.60642897231164e-07","0.388557659617792","0.370574061371256",NA,"327.264823526933","334.010309253081","5.44612120956245e-08","70","No gap","1.00518123981876","0.555228447470505","0.639659935751935","0.360340064248065","0.312183106973723","0.372769220228526","0.785939916584166","0.978615558483254","0.688216138256783","0.0211545031362504","0.01","0.1","","","","2.4490406635036","","","","","","","","",""
"7767","IPFINALMoMPercentChangeL0","BAA10YB_IndexMoMPercentChangeL0",NA,"0",NA,"-33.867329964369","0.323264815286615","-18.5143844771226","2.23216293002983e-08","-0.0949479273703148","-0.606909271294876","0.29684409721024","1.31781219049619e-07","0.388428743056143","0.370441353146029",NA,"327.279580777987","334.025066504135","5.48529819344168e-08","70","No gap","1.01454868925399","0.527455766132353","0.706579416947059","0.293420583052941","0.193534218784336","0.860125893800207","0.926031667073058","0.899529088252715","0.285523328172808","0.0422200977260541","0.01","0.1","","","","2.42822285381529","","","","","","","","",""
"42773","WPSID62MoMPercentChangeL1","BAA10YB_IndexMoMPercentChangeL0",NA,"0",NA,"-8.40601687332331","0.325918247716817","-18.9995771181378","9.65071535040588e-09","-0.0939716718732707","-0.622814089116935","0.234613469200663","1.00057192091657e-06","0.388332308102376","0.370342081870093",NA,"327.290617782301","334.036103508449","5.51478290811147e-08","70","No gap","1.0022631928337","0.780306607894992","0.565094861845157","0.434905138154843","0.238610942540971","0.750797389582215","0.785959181724671","0.927309847810266","0.540499391154295","0.0294564326982357","0.01","0.1","","","","2.47711087378562","","","","","","","","",""
"40325","M2REALMoMPercentChangeL1","BAA10YB_IndexMoMPercentChangeL0",NA,"0",NA,"-58.6391776249611","0.328602314454569","-18.9592696516959","1.00842513216678e-08","-0.0696665943459506","-0.62149279349859","0.338067602368558","8.41373997514009e-08","0.388235796235509","0.370242731418906",NA,"327.301661847309","334.047147573458","5.54444512523844e-08","70","No gap","1.00113779002064","0.556170971154857","0.659767648603095","0.340232351396905","0.367689942513979","0.6756121073795","0.814706112717443","0.987221463519455","0.541106327315233","0.0167297307973054","0.01","0.1","","","","2.46465215532344","","","","","","","","",""
"42389","WPSID61MoMPercentChangeL0","BAA10YB_IndexMoMPercentChangeL0",NA,"0",NA,"40.631485627732","0.328993570028606","-18.2678831976729","4.49601282520122e-08","0.0957387310064639","-0.598828856195529","0.374429044074393","8.53042432033024e-08","0.388221813801462","0.3702283377368",NA,"327.303261743466","334.048747469614","5.54875535518917e-08","70","No gap","1.04341862633635","0.444029147260684","0.697461944796789","0.302538055203211","0.159213417064681","0.818349311225351","0.826564662684317","0.979670171740555","0.450287374509165","0.0219775955336035","0.01","0.1","","","","2.42695282513457","","","","","","","","",""
"7219","IPFINALMoMDifferenceL0","BAA10YB_IndexMoMPercentChangeL0",NA,"0",NA,"-0.322499377479762","0.338314450271009","-18.5139330494992","2.28676410820209e-08","-0.0921620908851998","-0.606894473308462","0.309988807983645","1.77703172910269e-07","0.387895031963368","0.369891944668173",NA,"327.340642320412","334.08612804656","5.65042024280871e-08","70","No gap","1.01551647850074","0.536708903836056","0.701566713527949","0.298433286472051","0.195504361153481","0.856496160263282","0.92689868705354","0.903688842552362","0.282037558745866","0.0415240811898145","0.01","0.1","","","","2.43081817328992","","","","","","","","",""
"44397","ism_man_pmiMoMPercentChangeL0","BAA10YB_IndexMoMPercentChangeL0",NA,"0",NA,"9.71046977197901","0.33838039073981","-18.2289199923586","5.23606803235309e-08","0.0942462845837279","-0.597551626019511","0.306912559810176","5.19211866699568e-07","0.387892762566357","0.369889608524191",NA,"327.340901846971","334.086387573119","5.65113255079908e-08","70","No gap","1.05122965271113","0.698225559835206","0.6168238567634","0.3831761432366","0.371793430448161","0.953666946015617","0.92330847648","0.956173280467339","0.319552459993643","0.0318793447136346","0.01","0.1","","","","2.4349443064012","","","","","","","","",""
"37715","HOUSTSMoMDifferenceL0","BAA10YB_IndexMoMPercentChangeL0",NA,"0",NA,"-0.00467186448225523","0.339880769480456","-18.726048612762","1.43649873298982e-08","-0.0916780519974049","-0.613847710241033","0.255156761077951","6.07914200077136e-08","0.387841283487512","0.369836615354792",NA,"327.346788697798","334.092274423946","5.66731411799637e-08","70","No gap","1.00240117799163","0.712394371199579","0.622467879837147","0.377532120162853","0.321403110002741","0.629770099114259","0.977152082935873","0.99060558570119","0.445526850944143","0.0228709361251032","0.01","0.1","","","","2.49921884607735","","","","","","","","",""
"44301","ism_man_pmiMoMDifferenceL0","BAA10YB_IndexMoMPercentChangeL0",NA,"0",NA,"0.167776481260416","0.359917891451382","-18.264381059804","4.98336798325099e-08","0.0901095194416516","-0.598714054650569","0.348824984299667","3.11710155602558e-07","0.387181627658019","0.369157557883255",NA,"327.422179352771","334.167665078919","5.87868809187597e-08","70","No gap","1.04989935115441","0.691198936571283","0.620493160710684","0.379506839289316","0.372676907835413","0.954829377348919","0.914062488325769","0.959714087987188","0.326998596246346","0.0308789971097696","0.01","0.1","","","","2.43874581704121","","","","","","","","",""
"40117","M2REALMoMDifferenceL1","BAA10YB_IndexMoMPercentChangeL0",NA,"0",NA,"-0.0107392382898484","0.362078683260501","-18.9777669748884","1.01653839582503e-08","-0.0650285515626505","-0.622099143493833","0.374267626373386","8.24036799512766e-08","0.387113453256297","0.369087378352071",NA,"327.429966232061","334.17545195821","5.90096455033162e-08","70","No gap","1.00185540514967","0.569826085450247","0.652605088612978","0.347394911387022","0.35804787479811","0.646922322975411","0.832677662082997","0.984686103423352","0.543271264665439","0.0166293995824819","0.01","0.1","","","","2.4681874790938","","","","","","","","",""
"44489","ism_man_pricesMoMDifferenceL0","BAA10YB_IndexMoMPercentChangeL0",NA,"0",NA,"0.0582773412109429","0.36321725332478","-18.3021247374176","4.4441195224444e-08","0.0892594918740368","-0.599951308198196","0.423385356308993","3.36309284855977e-07","0.387077753072455","0.369050628162821",NA,"327.434043561059","334.179529287207","5.91266250404843e-08","70","No gap","1.04440648931728","0.399199777981003","0.839180743563127","0.160819256436873","0.569305433437203","0.992334751727351","0.93285368772412","0.985671011148367","0.346789543617629","0.0293885582363865","0.01","0.1","","","","2.45782297641964","","","","","","","","",""
"43265","DTCOLNVHFNMMoMPercentChangeL0","BAA10YB_IndexMoMPercentChangeL0",NA,"0",NA,"-19.0115203039086","0.364329097318489","-18.5052892868517","2.43576366276266e-08","-0.0879055450768219","-0.606611127151526","0.0324431190062029","1.10774955621799e-06","0.387043037915286","0.369014891971618",NA,"327.438008162113","334.183493888261","5.92405927646311e-08","70","No gap","1.01814130498242","0.602164642796813","0.6429185699706","0.3570814300294","0.317330940124967","0.402948327911634","0.782500416610376","0.937156218746264","0.55958752378282","0.0216537082822889","0.01","0.1","","","","2.57864420502062","","","","","","","","",""
"33203","USFIREMoMDifferenceL0","BAA10YB_IndexMoMPercentChangeL0",NA,"0",NA,"-0.0168371258013871","0.370685717120631","-18.6055291253799","1.90893453298778e-08","-0.0641768483005253","-0.609897031008122","0.32493992660511","6.99911982724304e-08","0.386847313076842","0.368813410520278",NA,"327.460356471367","334.205842197515","5.98871457979655e-08","70","No gap","1.00964713934267","0.539837148764701","0.662745137309224","0.337254862690776","0.308881373514743","0.881223611848422","0.955662538522315","0.963257702681711","0.639070489688031","0.0202640003424584","0.01","0.1","","","","2.47419037471375","","","","","","","","",""
"42621","WPSID62MoMDifferenceL1","BAA10YB_IndexMoMPercentChangeL0",NA,"0",NA,"-0.0374559540027567","0.373255163341897","-18.9745121874164","1.02861819488116e-08","-0.0849631233756278","-0.621992450198398","0.276678757979005","9.52004630856302e-08","0.386769502900026","0.36873331180885",NA,"327.469239033449","334.214724759597","6.01460803384413e-08","70","No gap","1.00183493742522","0.797738402330946","0.555770376926189","0.444229623073811","0.23577881898357","0.742396604629709","0.78182503928061","0.924546210833312","0.543860613647169","0.0277397276391141","0.01","0.1","","","","2.4629265629324","","","","","","","","",""
"32407","USWTRADEMoMPercentChangeL1","BAA10YB_IndexMoMPercentChangeL0",NA,"0",NA,"-78.0268087037042","0.373869210725118","-18.5738308129105","2.06940288005787e-08","-0.0853887670082391","-0.608857947059863","0.123205701418901","4.07523470069745e-07","0.386751017205273","0.368714282417193",NA,"327.471349135826","334.216834861974","6.02077560030168e-08","70","No gap","1.01233223366094","0.70713300678366","0.596512923928378","0.403487076071622","0.301788497277081","0.670330407334125","0.834197209490251","0.962248617071781","0.648734356535644","0.0282013495184322","0.01","0.1","","","","2.57909478494473","","","","","","","","",""
"32079","USWTRADEMoMDifferenceL1","BAA10YB_IndexMoMPercentChangeL0",NA,"0",NA,"-0.0130445015684377","0.374057082519309","-18.5755519004731","2.06107823939143e-08","-0.0853943261668656","-0.608914365030427","0.132276104449987","9.68585544257692e-08","0.386745369771118","0.368708468882033",NA,"327.471993765628","334.217479491777","6.02266103655325e-08","70","No gap","1.01219533946187","0.70700957657032","0.596806612658509","0.403193387341491","0.301103432623646","0.676477424737448","0.834883936839407","0.962382135997239","0.649200165345392","0.028125661453663","0.01","0.1","","","","2.58590140917775","","","","","","","","",""
"45477","TED_G_IndexMoMDifferenceL1","BAA10YB_IndexMoMPercentChangeL0",NA,"0",NA,"-0.0363311253512974","0.375811524003711","-18.9677695643476","1.03743310107365e-08","-0.0851570144777795","-0.621771424192465","0.281848321311984","8.58872871966116e-07","0.386692820013254","0.368654373543056",NA,"327.477991805062","334.22347753121","6.04023264738629e-08","70","No gap","1.00163730961552","0.822333405168244","0.54380040276062","0.45619959723938","0.361005723937685","0.693208161809946","0.65381277130998","0.973845181005452","0.492328707251246","0.0245729412128632","0.01","0.1","","","","2.42892691713239","","","","","","","","",""
"33515","USFIREMoMPercentChangeL0","BAA10YB_IndexMoMPercentChangeL0",NA,"0",NA,"-136.599102138067","0.376490987558495","-18.6083191034098","1.90912294303007e-08","-0.063623875817846","-0.609988487655528","0.332268191253342","7.22197748173363e-08","0.386672559673812","0.368633517311277",NA,"327.480304186822","334.22578991297","6.04702058426554e-08","70","No gap","1.00966987063346","0.536627640366578","0.664384909149992","0.335615090850008","0.31273523580104","0.880804462104579","0.955743022123832","0.964953886472167","0.634376037458613","0.0202789657795793","0.01","0.1","","","","2.47118314457035","","","","","","","","",""
"43129","DTCOLNVHFNMMoMDifferenceL0","BAA10YB_IndexMoMPercentChangeL0",NA,"0",NA,"-5.41837995189703e-05","0.382593218397194","-18.5193510109136","2.41403478649372e-08","-0.084639177141674","-0.607072076351004","0.0358802364502113","1.70022810893875e-06","0.386492853191703","0.3684485253444",NA,"327.500811358644","334.246297084792","6.10755367391747e-08","70","No gap","1.01806454155557","0.603959012550305","0.642308638797502","0.357691361202498","0.312643850273569","0.429514507166406","0.78705786314178","0.93918771445566","0.55962493399647","0.0216181517902194","0.01","0.1","","","","2.59626715375429","","","","","","","","",""
"15061","IPNMATMoMPercentChangeL0","BAA10YB_IndexMoMPercentChangeL0",NA,"0",NA,"-13.6015770307526","0.384314330326974","-18.6214689196694","1.86698710021456e-08","-0.0832967659439572","-0.61041954413562","0.315191941334669","1.47969883250117e-07","0.386442889665003","0.368397092302209",NA,"327.506511870008","334.251997596156","6.12448781689423e-08","70","No gap","1.00898533975585","0.630798809976735","0.647720538753501","0.352279461246499","0.204802384838271","0.754162584925509","0.913773329583151","0.936679113484806","0.48398357243296","0.0329310618259158","0.01","0.1","","","","2.47630949749723","","","","","","","","",""
"44917","USGG10YR_IndexMoMPercentChangeL1","BAA10YB_IndexMoMPercentChangeL0",NA,"0",NA,"2.99601050196871","0.386036224534107","-19.3591783479234","9.77354595171381e-09","0.0847003878985007","-0.634601967919797","0.511976845931293","3.42294177625582e-07","0.386393216360589","0.368345958018253",NA,"327.512178808756","334.257664534904","6.14136876908589e-08","70","No gap","1.03825268908969","0.54240390646539","0.695654189197842","0.304345810802158","0.183863923245346","0.43510952596641","0.85907454789336","0.997412203484208","0.651195219405314","0.0219026015820256","0.01","0.1","","","","2.43907781779605","","","","","","","","",""
"14565","IPNMATMoMDifferenceL0","BAA10YB_IndexMoMPercentChangeL0",NA,"0",NA,"-0.140241691906376","0.396969273894421","-18.6267907709045","1.86912773501107e-08","-0.0811763049986641","-0.610593996646262","0.357774468530198","8.71442831026789e-08","0.386084954328204","0.368028629455504",NA,"327.547336379408","334.292822105557","6.24714262542625e-08","70","No gap","1.00906241965791","0.633391049201984","0.646469062887911","0.353530937112089","0.194811305811763","0.704180892671652","0.914439707428501","0.936910041940828","0.464935105830076","0.0322204686745434","0.01","0.1","","","","2.47623233798825","","","","","","","","",""
"3831","CMRMTSPLMoMDifferenceL0","BAA10YB_IndexMoMPercentChangeL0",NA,"0",NA,"1.00672775425478e-05","0.399989205764628","-19.0098623824642","1.01831181487672e-08","0.0791868617869072","-0.623151244385863","0.00485574177228493","6.22135737903789e-08","0.386001925220306","0.367943158315021",NA,"327.556802908375","334.302288634523","6.27593329527443e-08","70","No gap","1.00355796688854","0.643163396411534","0.63727746722116","0.36272253277884","0.359883594938397","0.39039992634816","0.888547215955708","0.960567238891148","0.434976523408724","0.0231645479365707","0.01","0.1","","","","2.67641281727485","","","","","","","","",""
"39909","M2SLMoMPercentChangeL1","BAA10YB_IndexMoMPercentChangeL0",NA,"0",NA,"-46.1830689032641","0.407988412694493","-18.8948076737211","1.14991755728763e-08","-0.0406731925861861","-0.619379702883708","0.314051155929416","1.46834854156406e-07","0.385786279631149","0.367721170208536",NA,"327.581383671165","334.326869397313","6.35131218729157e-08","70","No gap","1.00017370697403","0.595392965334606","0.608810282021321","0.391189717978679","0.334467752411674","0.827223838321159","0.815322495616365","0.964641109759176","0.587116238439708","0.0181830599419249","0.01","0.1","","","","2.47566587374221","","","","","","","","",""
"45073","VIX_IndexMoMDifferenceL0","BAA10YB_IndexMoMPercentChangeL0",NA,"0",NA,"-0.0662391706143452","0.409192343323697","-17.8348467884124","3.5821055982557e-07","-0.0861946450976516","-0.584633741477393","0.346478069752992","4.01007547068582e-07","0.38575435181633","0.36768830334034",NA,"327.585022288925","334.330508015073","6.36254696706473e-08","70","No gap","1.18095786817436","0.696897094553454","0.635628604954813","0.364371395045187","0.258146727309781","0.675418217560717","0.807668811175434","0.980447416234319","0.469039229915385","0.0220433749525581","0.01","0.1","","","","2.43891245963496","","","","","","","","",""
"42989","MZMSLMoMPercentChangeL0","BAA10YB_IndexMoMPercentChangeL0",NA,"0",NA,"-46.891626182665","0.411885568830764","-18.8904974143746","1.1588536743597e-08","-0.0456685125635243","-0.619238410778517","0.468670006545493","1.64568986256169e-07","0.385683419736951","0.367615285023332",NA,"327.593105307346","334.338591033494","6.3875756572962e-08","70","No gap","1.00013214887076","0.550263338538037","0.0440217531537053","0.955978246846295","0.23035123379338","0.564070788288328","0.797548004208913","0.979683830325535","0.523729341059914","0.0195247167059899","0.01","0.1","","","","2.61192106048792","","","","","","","","",""
"23721","UEMP5TO14MoMDifferenceL0","BAA10YB_IndexMoMPercentChangeL0",NA,"0",NA,"0.00260172956299595","0.412781025050922","-19.1078613364703","9.79573347475044e-09","0.0784498759480701","-0.62636369111003","0.334693204334629","1.03252363047167e-07","0.385659985241253","0.36759116127776",NA,"327.595775564773","334.341261290921","6.39586560380323e-08","70","No gap","1.01043470476213","0.562916136822906","0.692596124703184","0.307403875296816","0.366840283638559","0.889064712604172","0.873588818677979","0.990407806340055","0.644562754164545","0.0227314107591942","0.01","0.1","","","","2.43921838433875","","","","","","","","",""
"4407","CMRMTSPLMoMPercentChangeL0","BAA10YB_IndexMoMPercentChangeL0",NA,"0",NA,"12.4853475535831","0.416477137625306","-18.999603986918","1.03945034802557e-08","0.0763631110417694","-0.622814969886795","0.0067265009300506","3.26979619692826e-07","0.385564036347186","0.367492390357398",NA,"327.606707455885","334.352193182033","6.42991654364877e-08","70","No gap","1.00330189475835","0.649581231301464","0.634123193407045","0.365876806592955","0.362177590156221","0.366115368878502","0.891101124759599","0.96106531970331","0.435222594841496","0.0230292066452361","0.01","0.1","","","","2.68723071178325","","","","","","","","",""
"44577","ism_man_pricesMoMPercentChangeL0","BAA10YB_IndexMoMPercentChangeL0",NA,"0",NA,"2.59841292327715","0.43147377548598","-18.3256292333404","5.03327538964298e-08","0.0776054642463568","-0.600721795411006","0.49622657212591","3.06400290165761e-07","0.385187250687425","0.367104522766467",NA,"327.649619840874","334.395105567022","6.56534275833565e-08","70","No gap","1.05437080651741","0.448728896692304","0.705497183946727","0.294502816053273","0.532243545578411","0.977812418264468","0.920894860155914","0.994531539092204","0.323561636867242","0.0313853408957317","0.01","0.1","","","","2.44097121875743","","","","","","","","",""
"39693","M2SLMoMDifferenceL1","BAA10YB_IndexMoMPercentChangeL0",NA,"0",NA,"-0.00356112754987642","0.434603355471086","-18.9081108221113","1.14851171891184e-08","-0.0373521914622676","-0.61981578565521","0.323999752624883","2.08010340879243e-07","0.385111074864547","0.36702610647821",NA,"327.658292363193","334.403778089341","6.59305673389454e-08","70","No gap","1.00039072074292","0.60763314937463","0.611977354075794","0.388022645924206","0.324894797050626","0.845351493453591","0.835022255213277","0.963187174426324","0.601121706546518","0.0182029575669351","0.01","0.1","","","","2.48152930488668","","","","","","","","",""
"8851","IPCONGDMoMPercentChangeL0","BAA10YB_IndexMoMPercentChangeL0",NA,"0",NA,"-18.9479131880674","0.444053178114966","-18.5588905682245","2.37295118305011e-08","-0.0735597161189804","-0.608368199586673","0.270593181909211","2.59924765640799e-07","0.384886004164222","0.366794416051405",NA,"327.683910105931","334.429395832079","6.67560601241846e-08","70","No gap","1.01838503896984","0.580392577735457","0.676385326162779","0.323614673837221","0.157655977556385","0.684465273379082","0.860395639453479","0.898143601515934","0.459944737777711","0.0363850473481789","0.01","0.1","","","","2.43893453076248","","","","","","","","",""
"31755","SRVPRDMoMPercentChangeL1","BAA10YB_IndexMoMPercentChangeL0",NA,"0",NA,"-135.667760897146","0.446322557090526","-18.7671346842697","1.43575584759564e-08","-0.0346374301921611","-0.615194528859276","0.469290443590721","9.1929839632114e-08","0.38483303668113","0.366739890701163",NA,"327.689937548348","334.435423274496","6.69517825624411e-08","70","No gap","1.00184189033016","0.627368982186604","0.595598450908871","0.404401549091129","0.322282268594209","0.595457512925432","0.894068773299098","0.994923935982491","0.556513698311168","0.0206738074036268","0.01","0.1","","","","2.59630865948955","","","","","","","","",""
"24753","UEMP15OVMoMDifferenceL1","BAA10YB_IndexMoMPercentChangeL0",NA,"0",NA,"-0.00165578284945638","0.451758617505967","-19.4643885309786","1.38418873615363e-08","-0.0681296613825187","-0.638050801750041","0.380657405605228","1.29305388561586e-07","0.384707825042864","0.366610996367654",NA,"327.704183961636","334.449669687784","6.74166744651927e-08","70","No gap","1.07446147241771","0.776299757831404","0.571494680141547","0.428505319858453","0.153382106465174","0.58860503155545","0.892194235177109","0.926851474215151","0.55330500909783","0.0185785407253973","0.01","0.1","","","","2.44611148335304","","","","","","","","",""
"36815","HOUSTNEMoMDifferenceL1","BAA10YB_IndexMoMPercentChangeL0",NA,"0",NA,"0.00614850470710064","0.452840103370182","-18.8844384291419","1.19373880262843e-08","0.0721697449413302","-0.619039794706949","0.381258856514382","5.07281129397166e-08","0.38468319170871","0.366585638523672",NA,"327.706986368272","334.452472094421","6.75085024548494e-08","70","No gap","1.00009614898363","0.577428848555559","0.688301392215389","0.311698607784611","0.300333357371207","0.784261142042753","0.961237653520939","0.926753174571429","0.659991544921376","0.02133804987795","0.01","0.1","","","","2.49810761800943","","","","","","","","",""
"31419","SRVPRDMoMDifferenceL1","BAA10YB_IndexMoMPercentChangeL0",NA,"0",NA,"-0.00107870041379775","0.457680919746198","-18.7610881219435","1.46267546648051e-08","-0.0334417271354582","-0.614996320015782","0.484550742636971","4.63440760479118e-08","0.384574040923172","0.366473277420912",NA,"327.719402537126","334.464888263274","6.79168568051836e-08","70","No gap","1.00218867767852","0.631851373289054","0.59401260982517","0.40598739017483","0.323658172754432","0.602767087432074","0.896949968628464","0.994214442597075","0.560540783458788","0.0206565359281244","0.01","0.1","","","","2.60583365831559","","","","","","","","",""
"35159","AWOTMANMoMDifferenceL1","BAA10YB_IndexMoMPercentChangeL0",NA,"0",NA,"1.65257695027514","0.461377450907309","-19.0582154399567","1.04568171400321e-08","0.0711167235524882","-0.62473627784587","0.340836936043623","2.34284405552663e-07","0.384491897841508","0.366388718366259",NA,"327.728745061484","334.474230787632","6.82257500494998e-08","70","No gap","1.00819418310169","0.721101446974532","0.614929169825281","0.385070830174719","0.364245288349378","0.635255069967061","0.904756247976338","0.959330447617142","0.428399383298422","0.0160510001122317","0.01","0.1","","","","2.45774983579595","","","","","","","","",""
"35447","AWOTMANMoMPercentChangeL1","BAA10YB_IndexMoMPercentChangeL0",NA,"0",NA,"7.22243258685422","0.462137337319433","-19.0521415228632","1.04837857793612e-08","0.070959926389494","-0.624537172301653","0.339113236426083","2.36710508031512e-07","0.38447513976554","0.366371467405703",NA,"327.730650884242","334.47613661039","6.82889348402327e-08","70","No gap","1.00771856652507","0.724598593446793","0.613455717677739","0.386544282322261","0.355722159959483","0.604223259031406","0.904419855268305","0.959299948449328","0.429757673882398","0.0161949855346485","0.01","0.1","","","","2.45863293198753","","","","","","","","",""
"24957","UEMP15OVMoMPercentChangeL0","BAA10YB_IndexMoMPercentChangeL0",NA,"0",NA,"5.29039128671116","0.463456015091038","-18.7868145471193","1.39741544025719e-08","0.0657427900168449","-0.615839642999367","0.384155267490528","2.60016670790512e-07","0.384446161158247","0.366341636486431",NA,"327.733946372195","334.479432098343","6.83983301108526e-08","70","No gap","1.00125388278803","0.651505959272725","0.621962760560432","0.378037239439568","0.376677790356518","0.834419421977283","0.811920414953028","0.982755050536589","0.502323344823351","0.024489186648289","0.01","0.1","","","","2.43982982684989","","","","","","","","",""
"24137","UEMP5TO14MoMPercentChangeL0","BAA10YB_IndexMoMPercentChangeL0",NA,"0",NA,"5.14424311988282","0.463939661251669","-19.1055307928313","1.04122202508654e-08","0.0705319995319843","-0.626287294914228","0.408902075466096","3.21892762622765e-07","0.384435565347671","0.366330729034367",NA,"327.735151303933","334.480637030081","6.84383721916149e-08","70","No gap","1.01278957798967","0.597483959351257","0.675052778359024","0.324947221640976","0.359581763000532","0.912737319802968","0.892051110621037","0.989356073966233","0.629861467958862","0.0217943607540599","0.01","0.1","","","","2.43936470157465","","","","","","","","",""
"42845","MZMSLMoMDifferenceL0","BAA10YB_IndexMoMPercentChangeL0",NA,"0",NA,"-0.00309823460073903","0.463949733640009","-18.8645470233471","1.23260377192807e-08","-0.0400106505557364","-0.618387746100586","0.503364148112754","4.50565946938445e-08","0.384435344865201","0.366330502067119",NA,"327.735176376483","334.480662102631","6.84392056360394e-08","70","No gap","1.00000060725201","0.56653563504617","0.615120569879081","0.384879430120919","0.244646915685589","0.618942197347832","0.814191607970055","0.981467054806859","0.530058716759208","0.0194626182749309","0.01","0.1","","","","2.64278811074858","","","","","","","","",""
"8311","IPCONGDMoMDifferenceL0","BAA10YB_IndexMoMPercentChangeL0",NA,"0",NA,"-0.180004315991941","0.464670561193818","-18.5647015983592","2.4068412866726e-08","-0.0703857947027952","-0.608558687586361","0.301703908874692","3.64369070354099e-07","0.384419585701508","0.366314279398611",NA,"327.736968434114","334.482454160263","6.84988029631128e-08","70","No gap","1.01937440230335","0.589238701232726","0.67187367956561","0.32812632043439","0.163368823044732","0.687385297628927","0.868682722892827","0.906202197321643","0.44854872079959","0.0356227985972458","0.01","0.1","","","","2.4414120251608","","","","","","","","",""
"44153","ism_man_newordersMoMDifferenceL1","BAA10YB_IndexMoMPercentChangeL0",NA,"0",NA,"-0.0535611437902318","0.467864000333601","-19.0022058997","1.07738368092124e-08","-0.0699362703142817","-0.622900261676671","0.422031791863551","3.51865100255277e-08","0.384350231501699","0.366242885369396",NA,"327.744854520826","334.490340246974","6.87616829031512e-08","70","No gap","1.00429123938141","0.659699999598179","0.626348888073391","0.373651111926609","0.418332923135715","0.894602284415802","0.928217739870796","0.982034904824132","0.411180747733491","0.0206952635815711","0.01","0.1","","","","2.58482350577305","","","","","","","","",""
"14065","IPDMATMoMPercentChangeL0","BAA10YB_IndexMoMPercentChangeL0",NA,"0",NA,"-14.6123353878954","0.468826736399808","-19.0461127172335","1.05691011798934e-08","-0.0698981510897996","-0.624339545530099","0.509765262309238","3.04976615068294e-07","0.384329470251465","0.366221513494155",NA,"327.747215056129","334.492700782277","6.88405664694969e-08","70","No gap","1.00745401393746","0.686702381007193","0.625812150449677","0.374187849550323","0.212012815806422","0.833877552628255","0.881068413963382","0.979166270517005","0.514361426444392","0.0202114364262313","0.01","0.1","","","","2.47346198963557","","","","","","","","",""
"13561","IPDMATMoMDifferenceL0","BAA10YB_IndexMoMPercentChangeL0",NA,"0",NA,"-0.13161257109546","0.470105504740315","-19.0496441244537","1.05699349715377e-08","-0.0697222068946481","-0.624455306536648","0.517119202435244","2.05710967775787e-07","0.384301998512908","0.366193233763288",NA,"327.750338445513","334.495824171661","6.8945082087879e-08","70","No gap","1.00778862724895","0.688225667546769","0.624130310331051","0.375869689668949","0.205215716460917","0.828516896254512","0.879808243167369","0.978867963374048","0.521857624456252","0.0201372629149737","0.01","0.1","","","","2.46909146071908","","","","","","","","",""
"44849","USGG10YR_IndexMoMDifferenceL1","BAA10YB_IndexMoMPercentChangeL0",NA,"0",NA,"1.15364903852729","0.472461963114136","-19.3693763499816","1.29547952868683e-08","0.0710535928803216","-0.634936262695056","0.558361654292159","2.84794925379785e-07","0.384251685855799","0.366141441322147",NA,"327.756058363556","334.501544089704","6.91368947647319e-08","70","No gap","1.05789088602108","0.562614063234268","0.682788659858488","0.317211340141512","0.212982458464296","0.577842643849473","0.872580028518436","0.9994157596925","0.61444826514034","0.020734728066324","0.01","0.1","","","","2.442295966232","","","","","","","","",""
"43709","INVESTMoMDifferenceL1","BAA10YB_IndexMoMPercentChangeL0",NA,"0",NA,"-0.00964353997146598","0.4739073855295","-18.9095195498933","1.17010070998736e-08","-0.0586409295036638","-0.619861964341446","0.373759759516797","6.91726352204865e-08","0.384221022957173","0.36610987657356",NA,"327.759544121313","334.505029847461","6.92540483848703e-08","70","No gap","1.00049417056195","0.638667309094673","0.612713057397405","0.387286942602595","0.0952892971293134","0.489667702208359","0.954881381526715","0.946792213396884","0.640106247268912","0.0158850231839846","0.01","0.1","","","","2.44793048417779","","","","","","","","",""
"45013","USGG30YR_IndexMoMPercentChangeL0","BAA10YB_IndexMoMPercentChangeL0",NA,"0",NA,"4.16076848636576","0.475794987149091","-17.5369100401071","3.1331000164568e-06","0.0812185726023363","-0.574867250183591","0.442632963562499","2.38125751019527e-05","0.384181205114137","0.366068887617494",NA,"327.764070353947","334.509556080095","6.94064677952966e-08","70","No gap","1.4027517880941","0.596967567885462","0.651310360109731","0.348689639890269","0.238140080900828","0.83741435296438","0.96574967438126","0.983128131841403","0.537280965343635","0.025466627284955","0.01","0.1","","","","2.52108785700631","","","","","","","","",""
"35867","AWHMANMoMPercentChangeL0","BAA10YB_IndexMoMPercentChangeL0",NA,"0",NA,"-52.025752064525","0.477690915630254","-19.0336019411728","1.06975173567845e-08","-0.0685042662742106","-0.623929437055162","0.45292879001061","5.71865549958674e-07","0.384141466879373","0.366027980611119",NA,"327.768587245459","334.514072971607","6.9558907078715e-08","70","No gap","1.00673441080513","0.68660610195506","0.632554868749291","0.367445131250709","0.291550364878092","0.580357305012409","0.891757129152528","0.936840458239937","0.485121890991306","0.0240083238957157","0.01","0.1","","","","2.62036247980312","","","","","","","","",""
"24549","UEMP15OVMoMDifferenceL0","BAA10YB_IndexMoMPercentChangeL0",NA,"0",NA,"0.00149409384849135","0.477900441936446","-18.8576730998854","1.25267712585523e-08","0.0618196718943458","-0.618162416012827","0.415838044113195","1.37907617707502e-07","0.384137090874677","0.366023475900403",NA,"327.76908463118","334.514570357328","6.95757137458841e-08","70","No gap","1.00000625798794","0.642343465470825","0.617246909849811","0.382753090150189","0.365635409230734","0.85607870951629","0.814177023767854","0.987823997279612","0.502195337299014","0.0247446588961268","0.01","0.1","","","","2.44349904047874","","","","","","","","",""
"35587","AWHMANMoMDifferenceL0","BAA10YB_IndexMoMPercentChangeL0",NA,"0",NA,"-1.23382246790541","0.481542465269152","-19.0336201893504","1.07328571093618e-08","-0.067914982671367","-0.62393003523806","0.476928661113629","1.24626107586147e-06","0.384061519504805","0.365945681843182",NA,"327.777673671495","334.523159397643","6.98665773013474e-08","70","No gap","1.00685455152058","0.68630612998138","0.632628966065826","0.367371033934174","0.293269480514874","0.578155556289579","0.89193699633983","0.93722655891381","0.484845462724218","0.0240009203681087","0.01","0.1","","","","2.62134001390905","","","","","","","","",""
"44253","ism_man_newordersMoMPercentChangeL1","BAA10YB_IndexMoMPercentChangeL0",NA,"0",NA,"-3.01495984137462","0.488142735944506","-19.0196871422042","1.08469057933066e-08","-0.0667358856193449","-0.623473304121729","0.457143418160912","3.20636818854026e-07","0.383926911007881","0.365807114272818",NA,"327.792969948016","334.538455674164","7.03875925323061e-08","70","No gap","1.005958300318","0.657672900008254","0.626221179048299","0.373778820951701","0.424629392573848","0.888892498969153","0.928931129732953","0.981647817627902","0.409552340109104","0.0204588421931301","0.01","0.1","","","","2.58835870535899","","","","","","","","",""
"28059","USGOODMoMPercentChangeL0","BAA10YB_IndexMoMPercentChangeL0",NA,"0",NA,"-68.9220721942392","0.490870313385822","-18.3460046743153","5.72791548372241e-08","-0.0560713581626425","-0.601389710893137","0.464300141536782","1.54036304635688e-07","0.38387215273921","0.365750745466834",NA,"327.799191463837","334.544677189985","7.06006170192452e-08","70","No gap","1.06554845514694","0.634975204444914","0.611870691100714","0.388129308899286","0.319856799867924","0.696310086244919","0.942704443129123","0.985825056989749","0.474267864078397","0.0268014894895258","0.01","0.1","","","","2.48416543272358","","","","","","","","",""
"45313","AAIIBULL_IndexMoMPercentChangeL0","BAA10YB_IndexMoMPercentChangeL0",NA,"0",NA,"-0.769426619303889","0.492905981532458","-19.3162417569971","1.2878118234975e-08","-0.0671035351229479","-0.633194488500585","0.39709443441572","1.69810101453093e-08","0.383831611747043","0.365709012092544",NA,"327.803797287292","334.54928301344","7.07587354265016e-08","70","No gap","1.05090583020791","0.566859737428208","0.670254759479111","0.329745240520889","0.26416677042706","0.477371997952705","0.781909883215029","0.96978662589697","0.491829132714173","0.0205221858383374","0.01","0.1","","","","2.45210304036887","","","","","","","","",""
"42545","WPSID62MoMDifferenceL0","BAA10YB_IndexMoMPercentChangeL0",NA,"0",NA,"0.0293546996630423","0.492959251520101","-18.4504919544632","3.77397479490213e-08","0.0669205907587193","-0.604814847663549","0.378335541305803","1.43849482003613e-07","0.383830554584991","0.365707923837491",NA,"327.80391738641","334.549403112558","7.07628632357071e-08","70","No gap","1.04212854673449","0.5830637432939","0.658257632747287","0.341742367252713","0.21288792949636","0.706137704270985","0.902195718956841","0.994350715801998","0.499368683677222","0.0225185801146074","0.01","0.1","","","","2.53319137107112","","","","","","","","",""
"34575","CES0600000007MoMDifferenceL1","BAA10YB_IndexMoMPercentChangeL0",NA,"0",NA,"-0.867432029501426","0.498949387113213","-18.7755859355483","1.45510925709589e-08","-0.0650829829866302","-0.615471564412976","0.444519234551845","2.31259997447075e-07","0.383712879051942","0.365586787259352",NA,"327.817284652346","334.562770378494","7.12237979705321e-08","70","No gap","1.00194056904836","0.724264079799209","0.612497226488906","0.387502773511094","0.252957513194398","0.617475416444758","0.891940455809148","0.970788993192556","0.595113010916103","0.0244378363176584","0.01","0.1","","","","2.59432090857908","","","","","","","","",""
"34871","CES0600000007MoMPercentChangeL1","BAA10YB_IndexMoMPercentChangeL0",NA,"0",NA,"-35.2136145934308","0.503978357255109","-18.7784180122893","1.45080806033174e-08","-0.0643181864105493","-0.615564401073749","0.46035105665134","3.43783323618651e-07","0.383615899855333","0.365486955733431",NA,"327.828299014749","334.573784740898","7.1605854468082e-08","70","No gap","1.00185975351508","0.72319559331478","0.613043443537978","0.386956556462022","0.253208363272085","0.619504594555466","0.891743895993171","0.970837961039185","0.593346962108804","0.0243928692837496","0.01","0.1","","","","2.59165463327","","","","","","","","",""
"27691","USGOODMoMDifferenceL0","BAA10YB_IndexMoMPercentChangeL0",NA,"0",NA,"-0.0033723727519726","0.505823201026247","-18.3728894220758","5.40392550484415e-08","-0.0540311714931831","-0.602271004175797","0.47785341256613","5.77722215767753e-08","0.383580732667291","0.365450754216329",NA,"327.832292681913","334.577778408061","7.17448890297234e-08","70","No gap","1.06313933185453","0.640651399395785","0.609221243836176","0.390778756163824","0.321952598984255","0.695461282461087","0.939224940940617","0.984526966572062","0.482718282946877","0.0265565990811914","0.01","0.1","","","","2.48811065455465","","","","","","","","",""
"43829","INVESTMoMPercentChangeL1","BAA10YB_IndexMoMPercentChangeL0",NA,"0",NA,"-27.5732220491633","0.510303508863812","-18.8473857386246","1.28952086953252e-08","-0.0539126953179743","-0.61782519200551","0.417592676089281","1.23340942908423e-07","0.383496229161044","0.36536376531284",NA,"327.841888163972","334.58737389012","7.20800481524009e-08","70","No gap","1.00006443766235","0.642728894641854","0.610052864616196","0.389947135383804","0.0904300612176996","0.495981946756898","0.952325883141379","0.951552513683258","0.628126055686543","0.0162686422086921","0.01","0.1","","","","2.45373021383222","","","","","","","","",""
"45273","AAIIBULL_IndexMoMDifferenceL0","BAA10YB_IndexMoMPercentChangeL0",NA,"0",NA,"-0.0234150621161839","0.510984882805482","-19.4553089074039","1.83371828615133e-08","-0.0661553733408458","-0.637753167889508","0.444151311366576","9.7784779848691e-09","0.38348348875193","0.36535065018581",NA,"327.843334739751","334.5888204659","7.21307110707059e-08","70","No gap","1.0945698086092","0.570460936556181","0.68098571157653","0.31901428842347","0.327514319199069","0.702066506382098","0.83414805210228","0.976792392201798","0.485194215399925","0.0216287453015697","0.01","0.1","","","","2.45311814264431","","","","","","","","",""
"44701","USGG2YR_IndexMoMDifferenceL1","BAA10YB_IndexMoMPercentChangeL0",NA,"0",NA,"1.67369001112521","0.51285718220459","-19.5224636840093","2.2152365705979e-08","0.0647696611865867","-0.639954529570416","0.506111915166738","5.47305957549392e-07","0.383448630038226","0.36531476621582",NA,"327.847292526662","334.59277825281","7.22695051580402e-08","70","No gap","1.11826609532768","0.61335502593313","0.647780616916917","0.352219383083083","0.109371077388529","0.72425211771416","0.879748558727344","0.972181481339909","0.493293145360114","0.0193520127595748","0.01","0.1","","","","2.49410447689647","","","","","","","","",""
"45485","TED_G_IndexMoMPercentChangeL1","BAA10YB_IndexMoMPercentChangeL0",NA,"0",NA,"-0.86106644853163","0.5137657772864","-18.8529033271751","1.28070901439632e-08","-0.0625550426640079","-0.618006060867266","0.408986934932243","9.18232163690877e-07","0.383431792528105","0.365297433484814",NA,"327.849204142908","334.594689869056","7.23366384569601e-08","70","No gap","1.00002714683751","0.767488674311547","0.572214654389385","0.427785345610615","0.327294056186101","0.650084577191225","0.723085484527399","0.975333039431843","0.498625528645633","0.0225656482246609","0.01","0.1","","","","2.46116211828991","","","","","","","","",""
"36143","HOUSTMoMDifferenceL0","BAA10YB_IndexMoMPercentChangeL0",NA,"0",NA,"-0.00187656077814124","0.515125705723832","-19.0312208442303","1.10582859720176e-08","-0.0628045331995635","-0.623851383700914","0.51513309449917","2.5704933796827e-07","0.383406686994234","0.365271589552888",NA,"327.852054357323","334.597540083471","7.24368499627204e-08","70","No gap","1.00778728171807","0.643697222723571","0.655541401286283","0.344458598713717","0.0748552437309359","0.122595677015326","0.808696914529051","0.926917778890244","0.461873894847711","0.0224023457707825","0.01","0.1","","","","2.4594995981452","","","","","","","","",""
"21581","UNRATEMoMPercentChangeL0","BAA10YB_IndexMoMPercentChangeL0",NA,"0",NA,"7.24033331662535","0.515825066014828","-19.1838650018362","1.17087823922833e-08","0.0598616269196252","-0.628855123067703","0.485174881967144","1.77203472264089e-07","0.383393820731345","0.365258344870502",NA,"327.853515010539","334.599000736687","7.24882591729425e-08","70","No gap","1.02840573137251","0.663700788653817","0.619403159575656","0.380596840424344","0.438389457758005","0.852875733820326","0.777868605171737","0.993618025143908","0.487222711784809","0.0246018742039883","0.01","0.1","","","","2.44157743248897","","","","","","","","",""
"36415","HOUSTMoMPercentChangeL0","BAA10YB_IndexMoMPercentChangeL0",NA,"0",NA,"-2.00228132114681","0.520408370933814","-19.059491057171","1.10973314795808e-08","-0.0619052261898035","-0.62477809311199","0.5498738476247","3.87838544062417e-07","0.383310244613976","0.365172310632035",NA,"327.863002316968","334.608488043116","7.28230646895867e-08","70","No gap","1.01089293848139","0.640407625283919","0.654325811859031","0.345674188140969","0.074200135043114","0.128132224748976","0.80009404308355","0.921475513048619","0.476901261090449","0.0216422668132784","0.01","0.1","","","","2.46181633537084","","","","","","","","",""
"33671","USFIREMoMPercentChangeL1","BAA10YB_IndexMoMPercentChangeL0",NA,"0",NA,"-94.8222491650341","0.532500946992979","-18.6864739553991","1.83751861381968e-08","-0.044382757745594","-0.612550436410973","0.606248550891213","2.99219879998834e-07","0.383095815029527","0.364951574295102",NA,"327.887337830578","334.632823556727","7.36889483876624e-08","70","No gap","1.00929468707205","0.640021032800262","0.607679381815672","0.392320618184328","0.163657496419933","0.577832474633707","0.708979794195707","0.99485596539168","0.406840829409524","0.0200528534990855","0.01","0.1","","","","2.45616341660762","","","","","","","","",""
"33359","USFIREMoMDifferenceL1","BAA10YB_IndexMoMPercentChangeL0",NA,"0",NA,"-0.0115290136724328","0.533737746659867","-18.6873920046624","1.83503153480627e-08","-0.0440916824278538","-0.61258053045002","0.61283892862405","1.15511924927127e-07","0.383074370895838","0.364929499451598",NA,"327.889771050041","334.635256776189","7.37760891267314e-08","70","No gap","1.00925376288249","0.641565287005959","0.607204030800587","0.392795969199413","0.170868859987229","0.605342775540416","0.711478009449143","0.994770497244781","0.410059000263272","0.0201302993786015","0.01","0.1","","","","2.45756999765561","","","","","","","","",""
"45205","MOVE_IndexMoMDifferenceL1","BAA10YB_IndexMoMPercentChangeL0",NA,"0",NA,"0.0196206529526867","0.537211149226364","-19.0623126171769","1.13111073962071e-08","0.0596985868215276","-0.624870585029786","0.54238319092693","1.72164326968238e-07","0.383014622463232","0.364867993712151",NA,"327.896550129347","334.642035855496","7.40194117110349e-08","70","No gap","1.0121572339979","0.716258656347343","0.627237047099277","0.372762952900723","0.166619157279251","0.50411673722851","0.936979601841957","0.943584170307025","0.546386947748745","0.0212600723239392","0.01","0.1","","","","2.5081174662231","","","","","","","","",""
"41385","REALLNMoMPercentChangeL0","BAA10YB_IndexMoMPercentChangeL0",NA,"0",NA,"-42.7224697160002","0.539416949918346","-18.7665680836617","1.51517545861527e-08","-0.0386921111814628","-0.615175955454227","0.46503320995417","1.91434347825789e-07","0.38297703985843","0.364829305736619",NA,"327.900813929286","334.646299655434","7.41728638509187e-08","70","No gap","1.00286574937655","0.696340746925708","0.572820299550219","0.427179700449781","0.311195491639175","0.875203406104788","0.850037469192483","0.982623137485933","0.565852657631087","0.0164997250796542","0.01","0.1","","","","2.52515827732645","","","","","","","","",""
"27507","PAYEMSMoMPercentChangeL1","BAA10YB_IndexMoMPercentChangeL0",NA,"0",NA,"-104.423204651612","0.544768666895415","-18.7680570749284","1.5146524711088e-08","-0.0282520434294228","-0.615224765211083","0.564354120620654","1.13809643706249e-07","0.382887008728257","0.364736626632029",NA,"327.91102703282","334.656512758968","7.45417236824863e-08","70","No gap","1.0028522029927","0.643229049571407","0.591189430524877","0.408810569475123","0.310280736345232","0.602759826819907","0.890738288295242","0.993660687644043","0.494080448465366","0.0212013797034557","0.01","0.1","","","","2.57690375329299","","","","","","","","",""
"1487","W875RX1MoMDifferenceL0","BAA10YB_IndexMoMPercentChangeL0",NA,"0",NA,"0.00114323866811672","0.548324721352433","-19.1179581575533","1.17998775999831e-08","0.0565331285090957","-0.626694669130578","0.184588223128043","9.97845999175148e-08","0.382828077495049","0.364675962127256",NA,"327.917711366852","334.663197093","7.4784129777683e-08","70","No gap","1.02101079404242","0.737261695400468","0.586390158223521","0.413609841776479","0.324148293612307","0.878296152279384","0.882340457490369","0.946777290567915","0.395179528107816","0.0228474139395245","0.01","0.1","","","","3.50209777518526","","","","","","","","",""
"297","RPIMoMDifferenceL0","BAA10YB_IndexMoMPercentChangeL0",NA,"0",NA,"0.000994046358385098","0.551451889375026","-19.1393502082353","1.20877719374996e-08","0.0560653842164716","-0.627395909504349","0.180928467730452","7.91034439074016e-08","0.382776834899856","0.364623212396911",NA,"327.92352309067","334.669008816818","7.49955314516271e-08","70","No gap","1.02507154774371","0.739336578575782","0.610364300895514","0.389635699104486","0.332265785143068","0.876048392456147","0.881173419591985","0.943840905739711","0.401723909928547","0.0229622221261254","0.01","0.1","","","","3.81265926402528","","","","","","","","",""
"12799","IPMATMoMDifferenceL1","BAA10YB_IndexMoMPercentChangeL0",NA,"0",NA,"-0.116985063051021","0.553132339570596","-19.0139816006617","1.14545547834103e-08","-0.0570126631085231","-0.623286274082239","0.372866972394398","2.20221237159738e-07","0.382749521322045","0.364595095478576",NA,"327.926620686891","334.672106413039","7.51084506811495e-08","70","No gap","1.00755263650098","0.696396929544863","0.624392718667468","0.375607281332532","0.216209724071789","0.170908258399236","0.900148771374398","0.985255352984444","0.50426840662117","0.0264428580676788","0.01","0.1","","","","2.66296934631503","","","","","","","","",""
"13309","IPMATMoMPercentChangeL1","BAA10YB_IndexMoMPercentChangeL0",NA,"0",NA,"-12.8398220446537","0.553453405420538","-19.0163777440934","1.14558475324822e-08","-0.0569341362884634","-0.623364820666698","0.391969749305512","7.72094100000642e-07","0.382744320429209","0.364589741618304",NA,"327.927210497636","334.672696223784","7.51299708001696e-08","70","No gap","1.00780665530666","0.696258913439581","0.62406891055148","0.37593108944852","0.223549464409972","0.182894167341129","0.899651963749571","0.98463377361605","0.504356392075546","0.0265294880430555","0.01","0.1","","","","2.67251328190967","","","","","","","","",""
"27125","PAYEMSMoMDifferenceL1","BAA10YB_IndexMoMPercentChangeL0",NA,"0",NA,"-0.000713008157239382","0.555849140005876","-18.7623174653091","1.54360809806004e-08","-0.0272670675812826","-0.615036618405776","0.586128804540493","4.90167142627061e-08","0.382705690029979","0.364549975030861",NA,"327.931591248469","334.677076974617","7.5290002010675e-08","70","No gap","1.00339082016742","0.647655732199946","0.589386122424256","0.410613877575744","0.312430364825152","0.626564167674056","0.892669096297216","0.992833700632981","0.497912014835891","0.0211983577779216","0.01","0.1","","","","2.58614692079777","","","","","","","","",""
"26745","UEMP27OVMoMPercentChangeL1","BAA10YB_IndexMoMPercentChangeL0",NA,"0",NA,"-3.33720992317448","0.55937386244001","-19.2689571492406","1.5071967106547e-08","-0.054877755213895","-0.631644479270062","0.572540028799601","6.83959517422866e-07","0.382649421303809","0.364492051342156",NA,"327.937971724135","334.683457450283","7.55236942984183e-08","70","No gap","1.05629299667436","0.714676343982677","0.606928136871635","0.393071863128365","0.168477849425659","0.545171351047296","0.847226129603491","0.916368141715655","0.491421554066991","0.0191333470078027","0.01","0.1","","","","2.46179864374203","","","","","","","","",""
"2079","W875RX1MoMPercentChangeL0","BAA10YB_IndexMoMPercentChangeL0",NA,"0",NA,"13.5495900747259","0.559654545102309","-19.1115281097943","1.19723202879705e-08","0.0548548991083181","-0.626483889474109","0.212895272911629","3.48285104478068e-07","0.382644969283613","0.36448746838019",NA,"327.938476526918","334.683962253066","7.5542214261759e-08","70","No gap","1.02113652394168","0.739211252058801","0.585331780774304","0.414668219225696","0.32933239768228","0.882695550642529","0.883943341188423","0.946979735711672","0.396944255640943","0.0227728161617471","0.01","0.1","","","","3.38931512175244","","","","","","","","",""
"32887","USTRADEMoMPercentChangeL0","BAA10YB_IndexMoMPercentChangeL0",NA,"0",NA,"-69.0581654243211","0.561850888098937","-18.9012380381318","1.2257970277654e-08","-0.0538800285485293","-0.619590492920152","0.522073416856308","1.64309693456781e-07","0.382610278040111","0.364451756805997",NA,"327.942409950471","334.687895676619","7.5686677147857e-08","70","No gap","1.00050877654392","0.627750846220917","0.629510750757277","0.370489249242723","0.425010261538658","0.529198223610934","0.843772847936499","0.964906334041292","0.54013117897701","0.0233939324035274","0.01","0.1","","","","2.52878347592262","","","","","","","","",""
"893","RPIMoMPercentChangeL0","BAA10YB_IndexMoMPercentChangeL0",NA,"0",NA,"14.1977392419613","0.564308022297136","-19.1334910482469","1.23299630112503e-08","0.0541838633360009","-0.627203843787914","0.20996566357843","3.33181841357166e-07","0.38257177261279","0.364412118866107",NA,"327.94677558172","334.692261307868","7.58473371886836e-08","70","No gap","1.02563672082966","0.740660112973805","0.597656254171968","0.402343745828032","0.338173903459592","0.874371604898165","0.882107146482391","0.943973327872679","0.403798869925889","0.0228921660722792","0.01","0.1","","","","3.67043111736409","","","","","","","","",""
"42697","WPSID62MoMPercentChangeL0","BAA10YB_IndexMoMPercentChangeL0",NA,"0",NA,"4.97757347983041","0.567041601229963","-18.5335742570661","3.31124185176474e-08","0.0559438402019387","-0.607538320312207","0.439562270568734","1.70644671838855e-07","0.382529310829793","0.364368408207139",NA,"327.951589457206","334.697075183354","7.60248884956738e-08","70","No gap","1.03849777991238","0.610159066348291","0.646059930260793","0.353940069739207","0.244793306728965","0.756157352419836","0.879542329128429","0.989894741111743","0.493934848459391","0.0223001524032247","0.01","0.1","","","","2.52810229320845","","","","","","","","",""
"32567","USTRADEMoMDifferenceL0","BAA10YB_IndexMoMPercentChangeL0",NA,"0",NA,"-0.00425767036158302","0.575693738446414","-18.8916693262096","1.24473427436499e-08","-0.0520419232185431","-0.619276826538904","0.532735475726559","4.71553008358151e-07","0.382397487835096","0.36423270806554",NA,"327.966532068953","334.712017795101","7.65786721812489e-08","70","No gap","1.00030785682315","0.631182898944657","0.629160564544766","0.370839435455234","0.419269437705383","0.52448376480317","0.847283470145902","0.965582340858797","0.539179204020994","0.0232312341498283","0.01","0.1","","","","2.52802114874643","","","","","","","","",""
"21141","UNRATEMoMDifferenceL0","BAA10YB_IndexMoMPercentChangeL0",NA,"0",NA,"1.16976278101501","0.584656300138553","-19.1366868824548","1.29347016325109e-08","0.0496058998673158","-0.627308604570683","0.560785486001648","1.23993425665903e-07","0.382264981391091","0.364096304373182",NA,"327.981548938246","334.727034664394","7.71392719700614e-08","70","No gap","1.02918429157197","0.640102947180749","0.627612141503307","0.372387858496693","0.433033183967923","0.897064597354291","0.780816661333932","0.994707342778667","0.4872163625779","0.0244329489333597","0.01","0.1","","","","2.4472995007482","","","","","","","","",""
"38207","HOUSTWMoMDifferenceL0","BAA10YB_IndexMoMPercentChangeL0",NA,"0",NA,"0.00401954957467567","0.587012560572943","-18.8907360212741","1.25079786835257e-08","0.052256639984387","-0.619246232412539","0.623966358897893","2.62538754490477e-07","0.382230816231614","0.364061134356073",NA,"327.985420331252","334.7309060574","7.72844603869061e-08","70","No gap","1.0003059757437","0.797064039205191","0.58699801054856","0.41300198945144","0.151600539561277","0.621742221732937","0.945312249351581","0.9672996364382","0.476854002447598","0.0181789878285211","0.01","0.1","","","","2.46240957759808","","","","","","","","",""
"41201","REALLNMoMDifferenceL0","BAA10YB_IndexMoMPercentChangeL0",NA,"0",NA,"-0.00965773869623376","0.587028875311339","-18.7841675726669","1.49366707207566e-08","-0.0337745599088378","-0.615752874069076","0.520164053711852","2.18997815976816e-07","0.382230580635625","0.36406089183079",NA,"327.985447026847","334.730932752995","7.72854624742081e-08","70","No gap","1.00244209755351","0.691870937330799","0.574798172839567","0.425201827160433","0.310085683941571","0.85780933887506","0.850690389728515","0.98088194589132","0.554471366296443","0.0172527278937709","0.01","0.1","","","","2.53891958382619","","","","","","","","",""
"44103","ism_man_newordersMoMDifferenceL0","BAA10YB_IndexMoMPercentChangeL0",NA,"0",NA,"0.0417018770423425","0.588274321117692","-18.3910829207337","7.22322278267262e-08","0.054351490978613","-0.602867394675649","0.589577672474822","2.4209398413485e-07","0.382212634530106","0.364042417898638",NA,"327.987480486421","334.732966212569","7.73618334948267e-08","70","No gap","1.08833295064714","0.688516474314813","0.621396974033653","0.378603025966347","0.363961391476271","0.893636165491039","0.872423136943779","0.994197730849228","0.348099675978286","0.0244648046800487","0.01","0.1","","","","2.48675095199141","","","","","","","","",""
"40221","M2REALMoMPercentChangeL0","BAA10YB_IndexMoMPercentChangeL0",NA,"0",NA,"-32.8097638541499","0.589324386135993","-18.6347021300446","2.32921618573205e-08","-0.0388056720267473","-0.61085333430972","0.639064972208147","2.05082807033597e-07","0.382197563412832","0.36402690351321",NA,"327.989188137629","334.734673863777","7.74260264790883e-08","70","No gap","1.02077741451346","0.483465155298166","0.674302417453543","0.325697582546457","0.372674757338753","0.66904679982558","0.778438653137752","0.996408804483629","0.465857243128352","0.0196181168123433","0.01","0.1","","","","2.55896246504558","","","","","","","","",""
"31917","USWTRADEMoMDifferenceL0","BAA10YB_IndexMoMPercentChangeL0",NA,"0",NA,"0.00783546077268145","0.59313735642136","-18.9377719574278","1.20432534405112e-08","0.0512160678456514","-0.620788090083853","0.438481588036635","7.68257763995301e-08","0.38214329403596","0.363971037978194",NA,"327.99533685009","334.740822576238","7.76576062344603e-08","70","No gap","1.0022850750219","0.762019755391647","0.579761741059711","0.420238258940289","0.156286185933045","0.32307478138065","0.866680861135542","0.947795543935104","0.474848956351857","0.0210053490601831","0.01","0.1","","","","2.46200914364866","","","","","","","","",""
"28795","CES1021000001MoMPercentChangeL0","BAA10YB_IndexMoMPercentChangeL0",NA,"0",NA,"11.8765881083871","0.59681754021113","-18.9417946936804","1.20370723974798e-08","0.0504309901773424","-0.620919957061697","0.521700264512164","1.48014504490956e-07","0.382091588267697","0.363917811452041",NA,"328.001194603685","334.746680329833","7.78788719069112e-08","70","No gap","1.00258823937454","0.659949359480011","0.608568011372593","0.391431988627407","0.2464548481297","0.532694136535401","0.835973604614508","0.949503053683669","0.536015369669611","0.0187027988523597","0.01","0.1","","","","2.45816536908291","","","","","","","","",""
"44949","USGG30YR_IndexMoMDifferenceL0","BAA10YB_IndexMoMPercentChangeL0",NA,"0",NA,"1.1164256492506","0.597895206553328","-17.8011597973352","3.83937760329299e-06","0.0615064842466374","-0.583529467812121","0.544862145460284","1.55234730587664e-05","0.382076571596348","0.363902353113888",NA,"328.002895752596","334.748381478744","7.79432476338826e-08","70","No gap","1.47119232223892","0.617610972150031","0.638664125194871","0.361335874805129","0.253573595406363","0.779708587940493","0.954199583666504","0.98193962887764","0.522195699340497","0.0233037368680438","0.01","0.1","","","","2.52337354928316","","","","","","","","",""
"32243","USWTRADEMoMPercentChangeL0","BAA10YB_IndexMoMPercentChangeL0",NA,"0",NA,"46.1100990243717","0.598990638907432","-18.9313877229171","1.21228427227221e-08","0.0503777875104279","-0.620578812204837","0.426949549629814","3.14948906024396e-07","0.382061364775742","0.363886699033852",NA,"328.00461840025","334.750104126398","7.800849111117e-08","70","No gap","1.00197387735294","0.761407969243574","0.58012032909486","0.41987967090514","0.155109800032612","0.322236297874289","0.867564578116607","0.948066396442235","0.475237157951293","0.0209958195741893","0.01","0.1","","","","2.46357696654984","","","","","","","","",""
"37207","HOUSTMWMoMDifferenceL0","BAA10YB_IndexMoMPercentChangeL0",NA,"0",NA,"0.00389889152062492","0.59917825066685","-18.6585500687682","2.17039878985839e-08","0.0510308099682105","-0.61163507972127","0.580424902415361","3.00558636649914e-07","0.38205876613757","0.363884023965146",NA,"328.004912772991","334.750398499139","7.8019645743943e-08","70","No gap","1.01757380940708","0.723444362092559","0.618701093422097","0.381298906577903","0.272171816049886","0.679732507724059","0.959970003247406","0.987768707300772","0.588931251836922","0.0221404579327307","0.01","0.1","","","","2.45092305633397","","","","","","","","",""
"44203","ism_man_newordersMoMPercentChangeL0","BAA10YB_IndexMoMPercentChangeL0",NA,"0",NA,"2.37666987674312","0.602094439156704","-18.4160704790974","6.78680868254592e-08","0.0522780660782486","-0.60368649729592","0.563205719776851","6.29663973775366e-07","0.38201859060937","0.363842666803763",NA,"328.009463683989","334.754949410137","7.81922944170788e-08","70","No gap","1.08538843930299","0.691590324386908","0.621021321216349","0.378978678783651","0.365327541736676","0.885880860607474","0.87469503971227","0.99370497340936","0.341195747888965","0.0246097441987089","0.01","0.1","","","","2.49163536546085","","","","","","","","",""
"45293","AAIIBULL_IndexMoMDifferenceL1","BAA10YB_IndexMoMPercentChangeL0",NA,"0",NA,"0.0177089026285157","0.602429425654791","-18.9287391935834","1.2161782315388e-08","0.0501883404112037","-0.620491992304889","0.545218695146868","1.91255148621973e-07","0.382014001627739","0.363837942852085",NA,"328.009983485259","334.755469211407","7.82120385123264e-08","70","No gap","1.00185892696742","0.793732338847836","0.572170057299937","0.427829942700063","0.322704166265578","0.73010207874247","0.746415003831309","0.954184432746026","0.434839098821166","0.0171954408676613","0.01","0.1","","","","2.57706262693906","","","","","","","","",""
"31083","DMANEMPMoMPercentChangeL1","BAA10YB_IndexMoMPercentChangeL0",NA,"0",NA,"-60.543153435975","0.604717364524892","-18.7342416904501","1.71258081402076e-08","-0.0457823585598657","-0.614116282756392","0.658008716101429","1.4785224225253e-07","0.381982801907324","0.363805825492833",NA,"328.013517425035","334.759003151183","7.83464035869486e-08","70","No gap","1.00718040105631","0.735701268597885","0.575989927991433","0.424010072008567","0.0511849501470473","0.18835979573526","0.89969729340516","0.98961299214648","0.484852141465419","0.0255075047257962","0.01","0.1","","","","2.46640851801146","","","","","","","","",""
"30739","DMANEMPMoMDifferenceL1","BAA10YB_IndexMoMPercentChangeL0",NA,"0",NA,"-0.00772666234491193","0.607750958349799","-18.7313848935433","1.73096346016968e-08","-0.045427059611953","-0.614022635758239","0.659596855850955","3.47353656425567e-08","0.381941816149878","0.363763634271934",NA,"328.018159541631","334.763645267779","7.85232537880987e-08","70","No gap","1.00763010687575","0.736827399868198","0.575906204917945","0.424093795082055","0.0509446209470612","0.191595681172815","0.899936892264952","0.989461826165221","0.486348810035346","0.0253946020193903","0.01","0.1","","","","2.46639177763291","","","","","","","","",""
"1191","RPIMoMPercentChangeL1","BAA10YB_IndexMoMPercentChangeL0",NA,"0",NA,"8.42426239622812","0.609470901978962","-18.5610343977654","3.3130673052419e-08","0.0483683578369313","-0.608438475216198","0.702976148066043","5.06216626349744e-07","0.381918771004767","0.363739911328436",NA,"328.020769538758","334.766255264906","7.8622861887645e-08","70","No gap","1.04059386220346","0.698509216609102","0.619191940507726","0.380808059492274","0.133219522197019","0.39572328462455","0.905861675546542","0.958356652410471","0.59226448662186","0.0218857481914423","0.01","0.1","","","","2.57686958249459","","","","","","","","",""
"2375","W875RX1MoMPercentChangeL1","BAA10YB_IndexMoMPercentChangeL0",NA,"0",NA,"7.88473378916972","0.613708056315749","-18.5623771006382","3.33532143841122e-08","0.0478936999172435","-0.608482489578283","0.708444065134637","5.60143889070536e-07","0.381862587663918","0.363682075536387",NA,"328.027132222074","334.772617948222","7.88662174455723e-08","70","No gap","1.04120042996182","0.696891989201369","0.620135682493815","0.379864317506185","0.124073933318611","0.12600048948931","0.90208539066829","0.956983148452935","0.595544033235782","0.0218676564048138","0.01","0.1","","","","2.5604366038905","","","","","","","","",""
"40625","AMBSLMoMPercentChangeL0","BAA10YB_IndexMoMPercentChangeL0",NA,"0",NA,"-6.61788802357595","0.618480398272417","-18.8830709856521","1.27409569077788e-08","-0.0479172306188993","-0.618994969337086","0.642487963428245","5.8101836024788e-07","0.381800302735663","0.363617958698476",NA,"328.034185225575","334.779670951724","7.91368562902406e-08","70","No gap","1.00019119466194","0.704685603583777","0.588322688552582","0.411677311447418","0.272878427818889","0.789119560964997","0.886045911499793","0.958500674936417","0.398853231700086","0.0217456124333096","0.01","0.1","","","","2.51161067050337","","","","","","","","",""
"40425","AMBSLMoMDifferenceL0","BAA10YB_IndexMoMPercentChangeL0",NA,"0",NA,"-0.00169139833795451","0.629830553000486","-18.8714356115921","1.29639260255682e-08","-0.0463912703428049","-0.618613556906082","0.648738166901225","1.58485907072774e-07","0.381656332090007","0.363469753622066",NA,"328.050485414514","334.795971140662","7.97658881168672e-08","70","No gap","1.00003667241823","0.708035883439006","0.588939781681466","0.411060218318534","0.279494945058563","0.784851023555125","0.891455741339301","0.960345166703984","0.411190194237642","0.0216084658864211","0.01","0.1","","","","2.50837012847594","","","","","","","","",""
"20025","CLF16OVMoMPercentChangeL1","BAA10YB_IndexMoMPercentChangeL0",NA,"0",NA,"-20.7207604030563","0.632966010585404","-19.1831960153034","1.64774265286988e-08","-0.0469220135442733","-0.628833193409192","0.328178699581654","9.9426914252342e-07","0.38161757752749","0.363429859219475",NA,"328.054872512673","334.800358238821","7.99360405645544e-08","70","No gap","1.0522963721428","0.721835676667625","0.618649185677686","0.381350814322314","0.276922074120116","0.800571232353918","0.842373956772305","0.967637637807169","0.525685855890302","0.0207125045393169","0.01","0.1","","","","2.45137215306691","","","","","","","","",""
"19569","CLF16OVMoMDifferenceL1","BAA10YB_IndexMoMPercentChangeL0",NA,"0",NA,"-0.000129829067370016","0.633651961803458","-19.1803472305184","1.63973296055084e-08","-0.0468272570847915","-0.628739809051745","0.320039903196421","6.6392918257543e-07","0.381609157085119","0.363421191117034",NA,"328.055825688137","334.801311414286","7.99730571765522e-08","70","No gap","1.05157783657907","0.722324033677045","0.618630971650823","0.381369028349177","0.272760170202269","0.80300369099484","0.843235655649499","0.967589130343717","0.525283216319229","0.0207384163511715","0.01","0.1","","","","2.45404596444489","","","","","","","","",""
"45253","MOVE_IndexMoMPercentChangeL1","BAA10YB_IndexMoMPercentChangeL0",NA,"0",NA,"1.03649181305681","0.638243325310805","-18.9937969667149","1.23238724835698e-08","0.0454448697929209","-0.622624613334341","0.635071224203244","3.65024689581102e-07","0.381553327868636","0.363363719864772",NA,"328.062145103758","334.807630829906","8.02189060733483e-08","70","No gap","1.00901296591885","0.727479967621872","0.578782527673657","0.421217472326343","0.25278555276012","0.50115343275361","0.93356375764851","0.961218517220947","0.497117250556001","0.0209544126105004","0.01","0.1","","","","2.53539570052733","","","","","","","","",""
"29339","USCONSMoMDifferenceL1","BAA10YB_IndexMoMPercentChangeL0",NA,"0",NA,"0.00336020555347779","0.641823880485044","-18.8713374295222","1.30065415795859e-08","0.0364050838749301","-0.618610338456741","0.546338195320607","2.57381195466626e-07","0.381510428139019","0.363319558378402",NA,"328.067000618485","334.812486344633","8.04083170047321e-08","70","No gap","1.00003846927354","0.734760562443049","0.565008130591851","0.434991869408149","0.212271021084295","0.684094547736643","0.874229092256634","0.968567591522986","0.429924906839459","0.0223886773848254","0.01","0.1","","","","2.44833903080376","","","","","","","","",""
"40013","M2REALMoMDifferenceL0","BAA10YB_IndexMoMPercentChangeL0",NA,"0",NA,"-0.00554399864844069","0.642445634897247","-18.6534498812032","2.38750587761116e-08","-0.033438109515349","-0.611467893438498","0.676095006000179","9.53432845377126e-08","0.381503035329045","0.36331194813284",NA,"328.067837323951","334.813323050099","8.04410016375101e-08","70","No gap","1.02364849185568","0.507000903502643","0.659229864753084","0.340770135246916","0.384470309183466","0.731820855593466","0.786748098093137","0.993948314046027","0.468643769270494","0.019610332531746","0.01","0.1","","","","2.57759393415541","","","","","","","","",""
"44981","USGG30YR_IndexMoMDifferenceL1","BAA10YB_IndexMoMPercentChangeL0",NA,"0",NA,"0.824301462787871","0.642708380576508","-19.1809475920656","1.70573873082446e-08","0.0458342697805627","-0.628759489154509","0.71498798462956","6.28380926187321e-07","0.381499916238264","0.363308737304095",NA,"328.068190334259","334.813676060407","8.0454795381435e-08","70","No gap","1.05463658711794","0.605719919263604","0.651627614740267","0.348372385259733","0.2735163347108","0.639591021916338","0.837036712550272","0.998832290944814","0.524718413102734","0.0216635189687726","0.01","0.1","","","","2.44920466613486","","","","","","","","",""
"29699","USCONSMoMPercentChangeL1","BAA10YB_IndexMoMPercentChangeL0",NA,"0",NA,"21.6014055094959","0.648257185953448","-18.8548213736758","1.33322578120004e-08","0.0357311304890591","-0.61806893523425","0.534968011734667","5.39747182800356e-07","0.381434738548618","0.363241642623577",NA,"328.075566562681","334.821052288829","8.07435609484486e-08","70","No gap","1.00003622341792","0.73946383674917","0.562657586432648","0.437342413567352","0.21312806428282","0.685889610275311","0.870264093507135","0.96738314825789","0.434647221018633","0.0224386861863351","0.01","0.1","","","","2.44843934819113","","","","","","","","",""
"14317","IPDMATMoMPercentChangeL1","BAA10YB_IndexMoMPercentChangeL0",NA,"0",NA,"-9.20214673292358","0.649574837646723","-19.0203332891377","1.27073817212715e-08","-0.0440308195879752","-0.623494485088617","0.586586828628253","5.19375124286543e-07","0.381419454441023","0.363225908983406",NA,"328.077296168885","334.822781895033","8.08114216654943e-08","70","No gap","1.01395804811191","0.660019956969696","0.635172120311885","0.364827879688115","0.197277146225914","0.419374836713628","0.843331662393452","0.994278886561645","0.536187084616005","0.0230710122010853","0.01","0.1","","","","2.45239079081804","","","","","","","","",""
"44053","ism_man_emplMoMPercentChangeL1","BAA10YB_IndexMoMPercentChangeL0",NA,"0",NA,"-2.76881036199277","0.651486007427708","-18.9535375453383","1.23556498877555e-08","-0.043481984267296","-0.621304892653343","0.603118373586255","2.4677611351437e-07","0.381397416825185","0.363203223202397",NA,"328.079789951855","334.825275678004","8.09093650966375e-08","70","No gap","1.00468198969779","0.713850929146398","0.605378491488318","0.394621508511682","0.269748133695165","0.883286561744295","0.831126442639305","0.979506429942041","0.507102288878914","0.0223585566670703","0.01","0.1","","","","2.44885579464593","","","","","","","","",""
"39801","M2SLMoMPercentChangeL0","BAA10YB_IndexMoMPercentChangeL0",NA,"0",NA,"-24.768123577452","0.659369596031716","-18.8386992070814","1.37303719445545e-08","-0.0222422355298001","-0.617540443866275","0.675089087581251","2.20242484674492e-07","0.381308137292572","0.363111317801178",NA,"328.089891940617","334.835377666766","8.13073369743122e-08","70","No gap","1.00034958467105","0.604100279918424","0.561143021392188","0.438856978607812","0.345733872671961","0.794657628525676","0.810477802246316","0.983563085275658","0.472539932500194","0.019791740778373","0.01","0.1","","","","2.56120740323918","","","","","","","","",""
"37591","HOUSTMWMoMPercentChangeL1","BAA10YB_IndexMoMPercentChangeL0",NA,"0",NA,"-0.492414168389961","0.660777543806861","-18.9386751681312","1.24425124249e-08","-0.0419374411706719","-0.620817697708698","0.650569543152934","7.72559074471726e-07","0.381292465818567","0.363095185401466",NA,"328.091665019194","334.837150745342","8.137738982672e-08","70","No gap","1.00346707837279","0.7214591662453","0.60705778181211","0.39294221818789","0.343670656426375","0.628218985567425","0.934735858667686","0.984520633260499","0.626437859143183","0.0222840049250749","0.01","0.1","","","","2.6453894253091","","","","","","","","",""
"34723","CES0600000007MoMPercentChangeL0","BAA10YB_IndexMoMPercentChangeL0",NA,"0",NA,"-23.202158056892","0.660967008391253","-18.955184699181","1.24316931036682e-08","-0.0423140077528345","-0.621358887045628","0.583851867311025","5.73927122134606e-07","0.381290363216757","0.363093020958426",NA,"328.09190290522","334.837388631368","8.13867930826717e-08","70","No gap","1.0051479571522","0.692480296123647","0.629365151299441","0.370634848700559","0.364428280628295","0.478467848356262","0.807715660301768","0.961085576953147","0.446970364036617","0.0219671527124997","0.01","0.1","","","","2.50743797847102","","","","","","","","",""
"43941","ism_man_emplMoMDifferenceL1","BAA10YB_IndexMoMPercentChangeL0",NA,"0",NA,"-0.0501270643943505","0.661284200368913","-18.9441875910437","1.24359804239502e-08","-0.042224765598381","-0.620998397238677","0.630565087963991","9.42011327777857e-08","0.38128684647536","0.363089400783459",NA,"328.092300783616","334.837786509764","8.14025230555515e-08","70","No gap","1.00400241151557","0.714866986325981","0.60601653016393","0.39398346983607","0.263934561518875","0.900522220743384","0.830189354791799","0.979698845702466","0.502579311715372","0.0222920640954595","0.01","0.1","","","","2.44870628629618","","","","","","","","",""
"30047","MANEMPMoMDifferenceL1","BAA10YB_IndexMoMPercentChangeL0",NA,"0",NA,"-0.00484804084079332","0.661447091179119","-18.6636121260001","2.37725745862627e-08","-0.0380134604007697","-0.611801016075764","0.717436985023464","4.58553388584627e-08","0.381285042106001","0.363087543344413",NA,"328.09250492615","334.837990652298","8.1410594932052e-08","70","No gap","1.02406047330751","0.703589524750686","0.569037735764943","0.430962264235057","0.113047631064464","0.34196496111868","0.840610661155363","0.990586538175559","0.500695959969846","0.0234632753825715","0.01","0.1","","","","2.45444883336846","","","","","","","","",""
"34427","CES0600000007MoMDifferenceL0","BAA10YB_IndexMoMPercentChangeL0",NA,"0",NA,"-0.557026365166324","0.665411383119811","-18.9546988739855","1.24681309425459e-08","-0.041729229742783","-0.621342961492405","0.593523887203146","7.7859335416377e-07","0.381241466500657","0.363042686103618",NA,"328.097434797208","334.842920523356","8.16057668107106e-08","70","No gap","1.00523900478016","0.692660048708072","0.629207767573373","0.370792232426627","0.365912684672071","0.473607030178808","0.809007818811276","0.961376969945678","0.447083469811364","0.0219624577434164","0.01","0.1","","","","2.50748982821707","","","","","","","","",""
"45045","USGG30YR_IndexMoMPercentChangeL1","BAA10YB_IndexMoMPercentChangeL0",NA,"0",NA,"2.16883115584935","0.665838889064444","-19.1420140300144","1.67696075621701e-08","0.0425806541719308","-0.627483230697057","0.753206759875915","4.99726193315668e-07","0.381236805949777","0.363037888477712",NA,"328.097962042192","334.84344776834","8.16266679803945e-08","70","No gap","1.04854667465189","0.60440464848474","0.651678698878956","0.348321301121044","0.255968835243249","0.5463257135129","0.835649644199096","0.998366641036465","0.522495724492875","0.022210304639018","0.01","0.1","","","","2.45181437793741","","","","","","","","",""
"30395","MANEMPMoMPercentChangeL1","BAA10YB_IndexMoMPercentChangeL0",NA,"0",NA,"-59.0308787910936","0.666272570987192","-18.6715837329181","2.31864881373934e-08","-0.0374068251983482","-0.612062328686595","0.71774068308266","2.43999513601642e-07","0.381232085723158","0.363033029420897",NA,"328.098496034205","334.843981760353","8.16478420428979e-08","70","No gap","1.02286166483878","0.701638806769076","0.583180865084765","0.416819134915235","0.113140456410968","0.334191490414081","0.842545019655948","0.990975760368247","0.499191190748154","0.0234120576385989","0.01","0.1","","","","2.45444517485347","","","","","","","","",""
"44781","USGG2YR_IndexMoMPercentChangeL1","BAA10YB_IndexMoMPercentChangeL0",NA,"0",NA,"0.838784315219572","0.676544612298337","-19.2949607399753","3.37233031664239e-08","0.041120029561468","-0.63249688785666","0.725348826181506","1.43617831877727e-06","0.38112251975993","0.362920240929339",NA,"328.110889919367","334.856375645515","8.2140835244715e-08","70","No gap","1.12464155521939","0.637376392645275","0.654019761849833","0.345980238150167","0.124614129069081","0.36118404542199","0.88167935499021","0.978747370621578","0.553399404505308","0.0218831142542413","0.01","0.1","","","","2.48622214720602","","","","","","","","",""
"13813","IPDMATMoMDifferenceL1","BAA10YB_IndexMoMPercentChangeL0",NA,"0",NA,"-0.0759462946702911","0.677917745825168","-19.0024764663181","1.29729622376756e-08","-0.0402438961667785","-0.622909130963642","0.619123580224787","6.31649295619638e-08","0.3811081956772","0.362905495550059",NA,"328.112510069105","334.857995795254","8.22054997406951e-08","70","No gap","1.01312846692129","0.662308619386045","0.633255817964672","0.366744182035328","0.189252035028652","0.394805001447883","0.853350934082613","0.994119193027613","0.53411299475807","0.0228239297982961","0.01","0.1","","","","2.45280563620732","","","","","","","","",""
"45229","MOVE_IndexMoMPercentChangeL0","BAA10YB_IndexMoMPercentChangeL0",NA,"0",NA,"-0.913894015398938","0.686552299534793","-18.6478700035601","2.72988891808519e-08","-0.0394932063083761","-0.611284982714216","0.667849001763999","3.61192632918068e-07","0.381019840560754","0.362814541753718",NA,"328.122502795886","334.867988522034","8.26054630254092e-08","70","No gap","1.03298130193061","0.721152102682286","0.615587862022558","0.384412137977442","0.115002023856329","0.646605300799113","0.893758746410446","0.965700529342004","0.510168381292483","0.0199989473100007","0.01","0.1","","","","2.46295590010878","","","","","","","","",""
"5547","INDPROMoMPercentChangeL0","BAA10YB_IndexMoMPercentChangeL0",NA,"0",NA,"-11.0131846025178","0.688996357436074","-18.8310331767869","1.40425671422125e-08","-0.0381826842307676","-0.617289148185042","0.643398427988657","3.44811004750196e-07","0.380995364892662","0.362789346213034",NA,"328.125270676032","334.87075640218","8.27165924643936e-08","70","No gap","1.00073542056004","0.656517665508897","0.646537388174017","0.353462611825983","0.195004355087345","0.814600587489126","0.874911419774629","0.97708318277253","0.460482091491323","0.0242922314453051","0.01","0.1","","","","2.48707598033413","","","","","","","","",""
"38799","ISRATIOMoMDifferenceL1","BAA10YB_IndexMoMPercentChangeL0",NA,"0",NA,"12.6046040574387","0.689149314800493","-19.1224395526231","1.73929326392156e-08","0.0392925500893143","-0.626841571136396","0.664701712387975","4.88940070125269e-07","0.380993840894523","0.362787777391421",NA,"328.125443016807","334.870928742955","8.27235168143758e-08","70","No gap","1.04891931724663","0.754292487978733","0.570727716943663","0.429272283056337","0.275231825172643","0.929035198355233","0.932807814475233","0.958294602493065","0.507345498165136","0.0236385998783285","0.01","0.1","","","","2.50692958409774","","","","","","","","",""
"37335","HOUSTMWMoMDifferenceL1","BAA10YB_IndexMoMPercentChangeL0",NA,"0",NA,"-0.00288442743820024","0.695221420753289","-18.9105583604964","1.27442096958822e-08","-0.0377598050206833","-0.61989601698775","0.708884710025206","9.10562924285835e-07","0.380934076470338","0.362726255190054",NA,"328.132201120401","334.87768684655","8.2995503469796e-08","70","No gap","1.00172092003393","0.724534864461381","0.615567797000233","0.384432202999767","0.33243111219601","0.620684548789352","0.945651521029502","0.98757935163089","0.591615019849684","0.0219130978729757","0.01","0.1","","","","2.7959621270471","","","","","","","","",""
"45333","AAIIBULL_IndexMoMPercentChangeL1","BAA10YB_IndexMoMPercentChangeL0",NA,"0",NA,"0.425770451747743","0.69698074682408","-18.8852514406702","1.29773260125902e-08","0.0372651435889709","-0.619066445565087","0.665862418288198","9.86645020735067e-08","0.380917027011804","0.362708704276857",NA,"328.134128937162","334.87961466331","8.30732542755896e-08","70","No gap","1.00038361424427","0.784426399883926","0.57663254002836","0.42336745997164","0.355048435594989","0.947115427810548","0.802154729716098","0.957586373247248","0.450649645552385","0.0184685928952934","0.01","0.1","","","","2.58594330014144","","","","","","","","",""
"39031","ISRATIOMoMPercentChangeL1","BAA10YB_IndexMoMPercentChangeL0",NA,"0",NA,"16.0549030372321","0.705382097828911","-19.1120358616094","1.80406565218944e-08","0.0371478964235405","-0.626500533791097","0.681078706645179","4.84146331883572e-07","0.38083724509783","0.362626575836002",NA,"328.1431493341","334.888635060248","8.34380246006461e-08","70","No gap","1.05045473280899","0.751421007936293","0.57184285970025","0.42815714029975","0.269203102480706","0.92492889542205","0.92995604594633","0.958011561127255","0.507721311641622","0.0234946332091695","0.01","0.1","","","","2.50325185112938","","","","","","","","",""
"23089","UEMPLT5MoMDifferenceL1","BAA10YB_IndexMoMPercentChangeL0",NA,"0",NA,"0.000730976882064198","0.707282014951992","-18.6371611985867","3.10613730660519e-08","0.0368917019474044","-0.610933943605633","0.663828976363538","2.13965891946957e-07","0.380819574835439","0.362608385860011",NA,"328.14514703294","334.890632759088","8.35190246961659e-08","70","No gap","1.04197063296915","0.691810559677635","0.627645839450456","0.372354160549544","0.187151332768117","0.797908286081964","0.887233085413856","0.942974565850909","0.490293066739969","0.0223587254306186","0.01","0.1","","","","2.45452153153556","","","","","","","","",""
"39586","M2SLMoMDifferenceL0","BAA10YB_IndexMoMPercentChangeL0",NA,"0",NA,"-0.00171779964615607","0.707853615851847","-18.8240268233409","1.43320918320797e-08","-0.0183886241473004","-0.617059476986975","0.711775249791663","3.6809295779219e-08","0.380814285302788","0.36260294075287",NA,"328.145745026173","334.891230752321","8.35432866219676e-08","70","No gap","1.00124838568721","0.61910232565908","0.603787501045514","0.396212498954486","0.356653729410183","0.784540013183767","0.830545640883952","0.982325966927386","0.474686062312983","0.0198564347214924","0.01","0.1","","","","2.58477924445253","","","","","","","","",""
"4119","CMRMTSPLMoMDifferenceL1","BAA10YB_IndexMoMPercentChangeL0",NA,"0",NA,"4.48034085842664e-06","0.707883542683714","-18.9621802704115","1.2939353585989e-08","0.0355054956689826","-0.621588204798159","0.508896101528728","4.57537255185349e-08","0.380814008702412","0.362602656017189",NA,"328.14577629631","334.891262022458","8.35445554958625e-08","70","No gap","1.00815914510116","0.695729311024504","0.604442758087166","0.395557241912834","0.351103553412336","0.186833527906065","0.83683491328828","0.959679999946769","0.411563794189594","0.0217436347790992","0.01","0.1","","","","5.11326391768316","","","","","","","","",""
"4979","INDPROMoMDifferenceL0","BAA10YB_IndexMoMPercentChangeL0",NA,"0",NA,"-0.0974070770494515","0.708443427470282","-18.8347098058207","1.40119601549433e-08","-0.0357130004332591","-0.617409669623414","0.66377079450771","1.87742537935985e-07","0.380808840155973","0.362597335454678",NA,"328.146360606591","334.891846332739","8.35682695266016e-08","70","No gap","1.00065897805664","0.661227116325913","0.644473308029262","0.355526691970738","0.19804039538851","0.809162685206655","0.874616903063268","0.977748299981204","0.461223469496425","0.0240520331235499","0.01","0.1","","","","2.48452408467121","","","","","","","","",""
"17949","IPFUELSMoMPercentChangeL0","BAA10YB_IndexMoMPercentChangeL0",NA,"0",NA,"6.29088736943034","0.711309632120499","-18.8279937874306","1.42218165884347e-08","0.0355920356542704","-0.617189515729982","0.694450510060575","4.42199428998283e-07","0.380782565488561","0.36257028800293",NA,"328.149330913366","334.894816639514","8.36889221256243e-08","70","No gap","1.0010318282105","0.743272625648762","0.599727008808628","0.400272991191372","0.323164524282902","0.796623073227622","0.91015384287811","0.971164657034821","0.618860765732465","0.0203199194652034","0.01","0.1","","","","2.50261034972095","","","","","","","","",""
"38447","HOUSTWMoMPercentChangeL0","BAA10YB_IndexMoMPercentChangeL0",NA,"0",NA,"0.666477113088679","0.731297562996992","-18.8744654196012","1.32181439971032e-08","0.0328748173461501","-0.618712875280572","0.777575664708685","3.36466276373731e-07","0.380607799991244","0.362390382343928",NA,"328.169084651029","334.914570377177","8.44957543932878e-08","70","No gap","1.00013230969901","0.771778175227703","0.595916517386681","0.404083482613319","0.142467387211203","0.638003242544661","0.935246406341577","0.97525362987096","0.48053566758554","0.0200450507219972","0.01","0.1","","","","2.4604202651021","","","","","","","","",""
"40917","BUSLOANSMoMDifferenceL1","BAA10YB_IndexMoMPercentChangeL0",NA,"0",NA,"-0.00616975805977493","0.732262163657018","-18.8298387952837","1.42500058901352e-08","-0.023575399009531","-0.617249995859527","0.617543843782606","2.34725078880461e-07","0.38059973526704","0.362382080421953",NA,"328.169996071965","334.915481798113","8.45331681320616e-08","70","No gap","1.00108298334022","0.687154627141567","0.578299625931436","0.421700374068564","0.196216343802592","0.681801048842641","0.864670633261982","0.97460419067685","0.552242069945268","0.0192511713502072","0.01","0.1","","","","2.46625791741649","","","","","","","","",""
"41817","WPSFD49207MoMPercentChangeL1","BAA10YB_IndexMoMPercentChangeL0",NA,"0",NA,"-16.0542208574919","0.73397006367687","-18.8577194656527","1.35193151203817e-08","-0.0325202759669842","-0.618163935902082","0.731232301359843","4.53975329367237e-07","0.380585538373136","0.362367465972346",NA,"328.171600480683","334.917086206831","8.45990691944465e-08","70","No gap","1.00002672794982","0.730719502703091","0.573357966090648","0.426642033909352","0.238124617915192","0.638119738914124","0.876123282492308","0.958433447299512","0.540205877946639","0.0229421130201445","0.01","0.1","","","","2.47122727250367","","","","","","","","",""
"19341","CLF16OVMoMDifferenceL0","BAA10YB_IndexMoMPercentChangeL0",NA,"0",NA,"9.03262414440428e-05","0.734009732371969","-18.8750401347837","1.32167679566646e-08","0.0325804708590232","-0.618731714684769","0.418559739783805","2.74307801433642e-07","0.380585209876121","0.362367127813654",NA,"328.171637604106","334.917123330254","8.46005946408823e-08","70","No gap","1.00014886134862","0.690367024025853","0.63376350428054","0.36623649571946","0.397314363960701","0.702723184093102","0.885324643241186","0.972298854835393","0.497963892256112","0.0225200772624724","0.01","0.1","","","","2.63602662212546","","","","","","","","",""
"19797","CLF16OVMoMPercentChangeL0","BAA10YB_IndexMoMPercentChangeL0",NA,"0",NA,"14.2955127679669","0.735577378621723","-18.880649157226","1.31469804480236e-08","0.0323734693339968","-0.618915580787763","0.417348847005588","3.08493607872837e-07","0.380572273468361","0.362353810923312",NA,"328.173099530914","334.918585257062","8.46606890148038e-08","70","No gap","1.00032170461691","0.691376843354001","0.633151320668177","0.366848679331823","0.393775138847051","0.711038122132867","0.885613142980115","0.972610751203614","0.497326400835031","0.0225233191302735","0.01","0.1","","","","2.6342403008722","","","","","","","","",""
"41109","BUSLOANSMoMPercentChangeL1","BAA10YB_IndexMoMPercentChangeL0",NA,"0",NA,"-11.7844294451325","0.735960117349039","-18.823847027755","1.44689394575332e-08","-0.0229068890041501","-0.617053583212426","0.640586382518622","2.15054130243693e-07","0.380569128465316","0.362350573420179",NA,"328.173454939051","334.918940665199","8.46753049899007e-08","70","No gap","1.0015557454444","0.683631342370086","0.579679323400112","0.420320676599888","0.214320928416968","0.735755156310416","0.853655223756642","0.976355083818198","0.535140620109278","0.0194802797434543","0.01","0.1","","","","2.46114534571105","","","","","","","","",""
"4695","CMRMTSPLMoMPercentChangeL1","BAA10YB_IndexMoMPercentChangeL0",NA,"0",NA,"4.94151501453666","0.747411746506651","-18.9482105704197","1.32881367632331e-08","0.0304975085000326","-0.621130272186211","0.589875422350895","2.81527077757168e-07","0.380477444813101","0.362256193189956",NA,"328.183815063215","334.929300789363","8.51024700709857e-08","70","No gap","1.00815365100655","0.696415940428655","0.604194051593613","0.395805948406387","0.35246618386795","0.190855135462957","0.838401279285666","0.962140892699003","0.417688860928227","0.0216358162949887","0.01","0.1","","","","4.8875272914593","","","","","","","","",""
"14813","IPNMATMoMDifferenceL1","BAA10YB_IndexMoMPercentChangeL0",NA,"0",NA,"0.0552709753685457","0.7481960240895","-19.1395457280224","2.69964803452463e-08","0.0319924929824782","-0.627402318724795","0.668155391777833","4.36816714944109e-08","0.38047133563591","0.362249904331084",NA,"328.184505337187","334.929991063335","8.51310076876999e-08","70","No gap","1.08626060910976","0.737009476288387","0.594726441726431","0.405273558273569","0.342821236732555","0.394215297304758","0.87617894683672","0.983077722963454","0.464087919545104","0.018893909743961","0.01","0.1","","","","2.51352411259556","","","","","","","","",""
"17477","IPFUELSMoMDifferenceL0","BAA10YB_IndexMoMPercentChangeL0",NA,"0",NA,"0.0496591902009169","0.748536167583242","-18.832767165752","1.42203794505737e-08","0.0308472408622322","-0.617345989068982","0.733499144779211","3.23239156904687e-08","0.380468692792986","0.362247183757485",NA,"328.184803949052","334.9302896752","8.5143356032269e-08","70","No gap","1.00102437754387","0.735555097658849","0.60331130414716","0.39668869585284","0.32350949449898","0.788624311337997","0.906903020178114","0.971507154843844","0.604679216050405","0.0205413072082518","0.01","0.1","","","","2.49628786308526","","","","","","","","",""
"41647","WPSFD49207MoMDifferenceL1","BAA10YB_IndexMoMPercentChangeL0",NA,"0",NA,"-0.0765822871521327","0.748987536905688","-18.8580294964657","1.35481325481405e-08","-0.0306237605938397","-0.618174098841876","0.759903086183082","7.77264199829154e-08","0.380465192025783","0.362243580026541",NA,"328.185199494861","334.930685221009","8.51597155016037e-08","70","No gap","1.00002663149319","0.729543162682512","0.57410869013867","0.42589130986133","0.229680819606093","0.632066318238629","0.877954775422139","0.959100954962204","0.53783212801543","0.0228390810012819","0.01","0.1","","","","2.47146583787228","","","","","","","","",""
"28979","CES1021000001MoMPercentChangeL1","BAA10YB_IndexMoMPercentChangeL0",NA,"0",NA,"7.10436177603057","0.752039312801646","-18.9198572808512","1.30621370771183e-08","0.0301776912499273","-0.620200839488511","0.678961967963264","3.34431882414692e-07","0.380441710263103","0.362219407623782",NA,"328.187852602026","334.933338328174","8.52695274389248e-08","70","No gap","1.00377724896134","0.680343070669858","0.594581306085423","0.405418693914577","0.348702732488012","0.563031242992205","0.81385481916325","0.964333344847514","0.528660177318892","0.0176904904572655","0.01","0.1","","","","2.48477501835479","","","","","","","","",""
"37463","HOUSTMWMoMPercentChangeL0","BAA10YB_IndexMoMPercentChangeL0",NA,"0",NA,"0.352754042855029","0.755706028002741","-18.7232811316711","2.21052051259185e-08","0.0300261041232009","-0.613756991052704","0.730983054968077","9.41685300185126e-07","0.380413927209915","0.362190807421972",NA,"328.190991564332","334.936477290481","8.53996319216677e-08","70","No gap","1.02337717077734","0.712977479888476","0.612658165920156","0.387341834079844","0.300261929070575","0.589728749759872","0.934849133820145","0.986511587044077","0.547013487450108","0.0220591438109393","0.01","0.1","","","","2.45519302378901","","","","","","","","",""
"39143","M1SLMoMDifferenceL0","BAA10YB_IndexMoMPercentChangeL0",NA,"0",NA,"0.00268248227005098","0.764234571313349","-18.8401570172279","1.40429963507433e-08","0.0245547884615042","-0.617588231492961","0.770099023715621","3.78873276272136e-07","0.380351108370247","0.362126140969371",NA,"328.198088392467","334.943574118615","8.56945149285693e-08","70","No gap","1.00066622522254","0.775025688697427","0.570035139425642","0.429964860574358","0.29737196479055","0.648604121842924","0.886826770416164","0.95859240112738","0.448318990587349","0.0201722819817312","0.01","0.1","","","","2.75318137564977","","","","","","","","",""
"45473","TED_G_IndexMoMDifferenceL0","BAA10YB_IndexMoMPercentChangeL0",NA,"0",NA,"0.0124277388375417","0.768355388805925","-19.0788133699588","2.20955372097224e-08","0.0292388398906218","-0.62541148661142","0.774956104562138","6.80428932422487e-08","0.380321651721838","0.36209581794895",NA,"328.201415948455","334.946901674603","8.5833130047952e-08","70","No gap","1.06241729342747","0.708371599598907","0.604360130390605","0.395639869609395","0.0456214661334432","0.529389932639415","0.915094657685263","0.971551408378911","0.464504352833089","0.0208090301848816","0.01","0.1","","","","2.48248487979494","","","","","","","","",""
"45445","SPX_Index_30DRSIMoMDifferenceL0","BAA10YB_IndexMoMPercentChangeL0",NA,"0",NA,"0.0123990821655662","0.772345242803427","-18.4420288109792","3.39776604185627e-07","0.0310904820598123","-0.604537422278378","0.742875939562974","4.92280539476661e-07","0.380293683041769","0.362067026660644",NA,"328.204575270432","334.95006099658","8.59649443851751e-08","70","No gap","1.24570239543835","0.744461137623864","0.602375406965888","0.397624593034112","0.30561372161096","0.48941424045403","0.88369136452483","0.977722065765044","0.463212684051186","0.0208894878934868","0.01","0.1","","","","2.45884520695247","","","","","","","","",""
"595","RPIMoMDifferenceL1","BAA10YB_IndexMoMPercentChangeL0",NA,"0",NA,"0.000356834206314966","0.77523696161966","-18.6991388514146","2.75566212683739e-08","0.0269712402417987","-0.612965597002526","0.837944712151455","4.40436939045793e-08","0.380273749776057","0.362046507122412",NA,"328.206826830762","334.95231255691","8.60590083640034e-08","70","No gap","1.0381820589419","0.695237324002224","0.610413281244987","0.389586718755013","0.12972503536479","0.679310633684754","0.91519058215064","0.971760132291246","0.542463949391618","0.0216175091396845","0.01","0.1","","","","2.62055080218062","","","","","","","","",""
"28427","CES1021000001MoMDifferenceL0","BAA10YB_IndexMoMPercentChangeL0",NA,"0",NA,"0.00868265893673693","0.777943175263167","-18.8835335403283","1.32354185676597e-08","0.0268226497630002","-0.619010132072948","0.747266517990059","1.13999375679238e-07","0.380255351042376","0.362027567249504",NA,"328.208904993885","334.954390720033","8.61459196199732e-08","70","No gap","1.00062311847896","0.677390833752989","0.596633822910638","0.403366177089362","0.234650264030011","0.518893061835237","0.860435672351051","0.961373854723148","0.520017970895604","0.019545433103629","0.01","0.1","","","","2.48330952537649","","","","","","","","",""
"1783","W875RX1MoMDifferenceL1","BAA10YB_IndexMoMPercentChangeL0",NA,"0",NA,"0.000400914896691707","0.779903815650199","-18.7013929830988","2.76901399781972e-08","0.0264536218131765","-0.613039488382472","0.841919653559604","5.03687166618495e-08","0.380242175197781","0.362014003880068",NA,"328.210393186352","334.9558789125","8.62082115693497e-08","70","No gap","1.03877258902792","0.694413287518549","0.611032670259666","0.388967329740334","0.120372937356034","0.49509553272963","0.913153112726645","0.971187608790809","0.543299867796296","0.0216018939101134","0.01","0.1","","","","2.59792519113169","","","","","","","","",""
"23513","UEMPLT5MoMPercentChangeL1","BAA10YB_IndexMoMPercentChangeL0",NA,"0",NA,"1.30076123044569","0.781210682886124","-18.681621987197","3.24021942524477e-08","0.0274078721187811","-0.612391386862794","0.741565686579198","7.41818202281964e-07","0.380233464476265","0.362005036960862",NA,"328.211377032294","334.956862758442","8.62494176079309e-08","70","No gap","1.04944844085808","0.695245958769739","0.626884060627972","0.373115939372028","0.196043215096169","0.823700514646986","0.887996063022048","0.953377802719283","0.487850446325247","0.0220007649514473","0.01","0.1","","","","2.45828367406528","","","","","","","","",""
"42149","WPSFD49502MoMPercentChangeL1","BAA10YB_IndexMoMPercentChangeL0",NA,"0",NA,"-9.44276175907687","0.787912256168092","-18.8551605164483","1.36951341287573e-08","-0.0258384749224927","-0.618080052476259","0.781728914101604","4.58636872381529e-07","0.380189692675064","0.361959977753742",NA,"328.216320696905","334.961806423053","8.64567692993035e-08","70","No gap","1.00009547440555","0.724553705342442","0.576131457731904","0.423868542268096","0.234861704966565","0.72774088284137","0.879993590847356","0.964048405809707","0.520998388900702","0.0226175807625837","0.01","0.1","","","","2.47337929089008","","","","","","","","",""
"45453","SPX_Index_30DRSIMoMDifferenceL1","BAA10YB_IndexMoMPercentChangeL0",NA,"0",NA,"-0.0100556205858086","0.794589557095749","-18.9307733075079","1.36650516419544e-08","-0.0251791526791491","-0.620558671410595","0.825512572399867","1.42814396191851e-06","0.380147561954885","0.361916607894734",NA,"328.221078685196","334.966564411344","8.66568038437876e-08","70","No gap","1.00789619829148","0.67688501184544","0.641243680767021","0.358756319232979","0.132211395413889","0.646838911560367","0.950442294142455","0.976424472485058","0.530348038864594","0.0213514283318477","0.01","0.1","","","","2.65880881966806","","","","","","","","",""
"44815","USGG10YR_IndexMoMDifferenceL0","BAA10YB_IndexMoMPercentChangeL0",NA,"0",NA,"-0.51524868504775","0.797955886400755","-19.4338518864721","1.39218131023554e-06","-0.0309738898671508","-0.637049797763755","0.763476619680908","2.05354445511427e-05","0.380126878967619","0.361895316584314",NA,"328.223414378121","334.968900104269","8.67551700478586e-08","70","No gap","1.57757179434667","0.729620158394523","0.586290210599621","0.413709789400379","0.317977047944635","0.539099255355759","0.868192485952097","0.982874115242583","0.494872094532912","0.0209718476790194","0.01","0.1","","","","2.45750917019314","","","","","","","","",""
"36007","AWHMANMoMPercentChangeL1","BAA10YB_IndexMoMPercentChangeL0",NA,"0",NA,"18.1999111730459","0.804229213825381","-18.9260288016258","1.37079906370686e-08","0.0239645081846969","-0.620403144522238","0.781686720375457","2.39010963398115e-07","0.380089324575295","0.361856657651039",NA,"328.227655129567","334.973140855715","8.69340519571438e-08","70","No gap","1.0075359524611","0.694562110087284","0.623499834602197","0.376500165397803","0.395809845093946","0.37589322230656","0.878876146510791","0.969599916253648","0.475283503357207","0.0197912928742714","0.01","0.1","","","","2.62513119167279","","","","","","","","",""
"41983","WPSFD49502MoMDifferenceL1","BAA10YB_IndexMoMPercentChangeL0",NA,"0",NA,"-0.0407772348524452","0.807929812601875","-18.855895908671","1.37166342108745e-08","-0.0233540709823675","-0.618104158941077","0.813531642482943","9.11187356323186e-08","0.38006777203679","0.361834471214342",NA,"328.230088789011","334.975574515159","8.70368742633687e-08","70","No gap","1.00009568523468","0.722585403985646","0.577378651445235","0.422621348554765","0.224165634344164","0.716331735228485","0.8795529123236","0.964756086379434","0.518309151042131","0.0224687471103865","0.01","0.1","","","","2.47324385068798","","","","","","","","",""
"35727","AWHMANMoMDifferenceL1","BAA10YB_IndexMoMPercentChangeL0",NA,"0",NA,"0.424970438585222","0.808830276884646","-18.9249096295645","1.37546066206087e-08","0.0233922308298987","-0.620366457593704","0.789406048033857","1.60627138768569e-07","0.380062594789968","0.361829141695556",NA,"328.230673378338","334.976159104486","8.70615912695882e-08","70","No gap","1.00763262089423","0.694517203796407","0.623472016861181","0.376527983138819","0.394255845166683","0.374078289448917","0.878340984386791","0.969706954247282","0.476010849839504","0.0198232981495874","0.01","0.1","","","","2.62660944025721","","","","","","","","",""
"22449","UEMPMEANMoMPercentChangeL0","BAA10YB_IndexMoMPercentChangeL0",NA,"0",NA,"-1.91052012899873","0.813413567947675","-18.9919403582484","1.77609075750227e-08","-0.0226867091733665","-0.622563752931833","0.824747807665666","1.84099040947183e-07","0.380036648704045","0.361802432489458",NA,"328.23360300961","334.979088735758","8.71855649897668e-08","70","No gap","1.03471360365787","0.67697798629184","0.624600682239255","0.375399317760745","0.101707492316838","0.725487324698527","0.854551100238996","0.977512492604394","0.465930858085389","0.0205773705538816","0.01","0.1","","","","2.46421002199968","","","","","","","","",""
"16281","IPMANSICSMoMPercentChangeL1","BAA10YB_IndexMoMPercentChangeL0",NA,"0",NA,"-5.13208834727208","0.819965922148406","-18.6499488390916","6.218496220081e-08","-0.0228924985676602","-0.611353127812918","0.751531181443393","1.04444317125457e-06","0.380000727963799","0.361765455256852",NA,"328.237658699307","334.983144425455","8.73574816928624e-08","70","No gap","1.10161054639927","0.642924738031218","0.646818866746167","0.353181133253833","0.357058420647276","0.243560871341178","0.854305028023327","0.985389307298096","0.496778411860135","0.021919961895639","0.01","0.1","","","","2.84234881354484","","","","","","","","",""
"15309","IPNMATMoMPercentChangeL1","BAA10YB_IndexMoMPercentChangeL0",NA,"0",NA,"3.65659315605294","0.821853136266613","-19.0532119145269","2.94310901966556e-08","0.0223930993944936","-0.624572260188341","0.739119651841721","2.44185968860989e-07","0.379990636664032","0.36175506715415",NA,"328.238798031669","334.984283757817","8.74058377897668e-08","70","No gap","1.08295338674578","0.724967203387029","0.599699480644775","0.400300519355225","0.335757155882248","0.393231418848582","0.875019087755943","0.980692573523423","0.467753521028298","0.0195422454712378","0.01","0.1","","","","2.51040095460646","","","","","","","","",""
"28611","CES1021000001MoMDifferenceL1","BAA10YB_IndexMoMPercentChangeL0",NA,"0",NA,"0.00693936057686852","0.822096187526049","-18.9081075489635","1.35703152492959e-08","0.0214469379681162","-0.619815678360055","0.768247345434994","1.48936158523267e-07","0.379989345272155","0.36175373778016",NA,"328.238943831623","334.984429557771","8.74120278382406e-08","70","No gap","1.00469781083118","0.690058940413365","0.588453860761329","0.411546139238671","0.374819098932633","0.580155215017413","0.83282005472405","0.968898407420279","0.507955719113544","0.0186043808776629","0.01","0.1","","","","2.47627114833472","","","","","","","","",""
"37839","HOUSTSMoMDifferenceL1","BAA10YB_IndexMoMPercentChangeL0",NA,"0",NA,"0.00108837425157805","0.823103644690454","-18.8941109841847","1.3404092833348e-08","0.0215534203977224","-0.619356865109145","0.826966274525326","1.46474425492957e-07","0.37998401245298","0.361748248113361",NA,"328.239545911175","334.985031637323","8.74375942760963e-08","70","No gap","1.00226630302748","0.706029630244708","0.61648004194331","0.38351995805669","0.0272730198690802","0.29250381489281","0.875993188650158","0.989371490734977","0.388165194225896","0.0200296710472306","0.01","0.1","","","","2.46241298114368","","","","","","","","",""
"45407","SPX_Index_14DRSIMoMDifferenceL0","BAA10YB_IndexMoMPercentChangeL0",NA,"0",NA,"0.00496222521491064","0.828360499246137","-18.6439381185818","7.54336855001682e-08","0.0220798269048615","-0.611156093879164","0.807441444660387","9.4992236303451e-08","0.37995670899014","0.361720141607497",NA,"328.242628412846","334.988114138994","8.75686051449165e-08","70","No gap","1.11837699647545","0.721363880715933","0.620160387301428","0.379839612698572","0.335931473304379","0.607205319067636","0.90021459620348","0.982892660494641","0.46716550138334","0.0210119641953047","0.01","0.1","","","","2.45902143370507","","","","","","","","",""
"36551","HOUSTMoMPercentChangeL1","BAA10YB_IndexMoMPercentChangeL0",NA,"0",NA,"-0.650408953576955","0.833019088471449","-18.8645598503513","1.35743716417021e-08","-0.0202480775911136","-0.618388166575151","0.812129736027971","3.37754882707059e-07","0.37993324343626","0.361695985890268",NA,"328.245277514472","334.99076324062","8.76813527339593e-08","70","No gap","1.00000741313866","0.705017898847533","0.631315443279532","0.368684556720468","0.155015199239111","0.673534462891066","0.922679169803789","0.97611276550735","0.560951795854813","0.022054412052223","0.01","0.1","","","","2.54100925079936","","","","","","","","",""
"21361","UNRATEMoMDifferenceL1","BAA10YB_IndexMoMPercentChangeL0",NA,"0",NA,"0.470492512652962","0.833448305307808","-18.6465620261865","7.89338889279018e-08","0.0199520833196052","-0.611242106668533","0.813735564657516","3.68611225408349e-07","0.379931115862643","0.361693795740956",NA,"328.245517698123","334.991003424271","8.76915823289082e-08","70","No gap","1.12283521519426","0.67798288848535","0.607718149090674","0.392281850909326","0.13320969849653","0.780937375996597","0.905060514182767","0.963689304410077","0.478650945021874","0.0218814047362631","0.01","0.1","","","","2.47981613162354","","","","","","","","",""
"21801","UNRATEMoMPercentChangeL1","BAA10YB_IndexMoMPercentChangeL0",NA,"0",NA,"-2.440535152646","0.836255777278946","-19.0991333280783","5.99195702908832e-08","-0.0201778562399139","-0.626077583342333","0.82747237898845","1.66010011112617e-07","0.379917342387826","0.361679617163938",NA,"328.247072577837","334.992558303985","8.77578344438135e-08","70","No gap","1.15167324277067","0.724299187449139","0.594417209206582","0.405582790793418","0.151832719066723","0.830623459011583","0.868479549490728","0.983145598078063","0.460801924199379","0.0207033056964709","0.01","0.1","","","","2.47873954956326","","","","","","","","",""
"10985","IPNCONGDMoMPercentChangeL0","BAA10YB_IndexMoMPercentChangeL0",NA,"0",NA,"-5.4673679520325","0.843765485567646","-18.7897770987887","1.85581417755236e-08","-0.0190210713775808","-0.615936756682894","0.821254931248428","4.04179221705737e-07","0.379881712959958","0.361642939811722",NA,"328.2510946034","334.996580329548","8.79294417277521e-08","70","No gap","1.0159686711997","0.660142945839468","0.632138027114977","0.367861972885023","0.104243166601065","0.191238785222287","0.873340160768918","0.962037020439443","0.487148549583548","0.0243179376516877","0.01","0.1","","","","2.4893121100625","","","","","","","","",""
"3543","DPCERA3M086SBEAMoMPercentChangeL1","BAA10YB_IndexMoMPercentChangeL0",NA,"0",NA,"-7.79569288604726","0.845060929509934","-18.7768674781866","2.05291119268535e-08","-0.0188595538024153","-0.615513573916976","0.875518239750059","7.04997612210772e-08","0.379875744722908","0.361636796038287",NA,"328.251768304841","334.997254030989","8.79582192636619e-08","70","No gap","1.02248305598591","0.652378792562874","0.627978802828821","0.372021197171179","0.359159647721125","0.0415110669482055","0.897976646124264","0.986201394581337","0.516223996464105","0.0216290889810935","0.01","0.1","","","","3.33271685060354","","","","","","","","",""
"36279","HOUSTMoMDifferenceL1","BAA10YB_IndexMoMPercentChangeL0",NA,"0",NA,"-0.000551096210009602","0.847433341230229","-18.8564003347476","1.3772731425566e-08","-0.0185279254357713","-0.618120694238965","0.832004590101259","4.49428184956304e-07","0.379864950036159","0.361625683860752",NA,"328.252986804987","334.998472531135","8.80102921652082e-08","70","No gap","1.00013145818397","0.705635985819423","0.629017563701263","0.370982436298737","0.171197504416541","0.620096191823869","0.91924191036557","0.977028455813952","0.5481665430101","0.0219728688669284","0.01","0.1","","","","2.56274062357025","","","","","","","","",""
"45481","TED_G_IndexMoMPercentChangeL0","BAA10YB_IndexMoMPercentChangeL0",NA,"0",NA,"0.256488077102418","0.852174150018937","-19.0397039419326","3.85664327579231e-08","0.0188113256489975","-0.624129463193713","0.85159004215382","7.49181590619849e-08","0.379843901675127","0.361604016430278",NA,"328.255362674998","335.000848401147","8.81119140982989e-08","70","No gap","1.10451970379114","0.700553052849401","0.610861802506934","0.389138197493066","0.0974764623528444","0.580615730742407","0.897035126303029","0.98088585257416","0.461914047169663","0.0212917714944247","0.01","0.1","","","","2.4656879349693","","","","","","","","",""
"10457","IPNCONGDMoMDifferenceL0","BAA10YB_IndexMoMPercentChangeL0",NA,"0",NA,"-0.0513788019165801","0.854605051541586","-18.7949901522735","1.84340723380468e-08","-0.0176977152463531","-0.616107642757753","0.83375290865812","3.98271467965483e-07","0.379833378347742","0.361593183593264",NA,"328.25655048347","335.002036209618","8.81627637561166e-08","70","No gap","1.01592945891485","0.664164318208433","0.630166739507833","0.369833260492167","0.106961173382738","0.206730746231776","0.87332586250553","0.96354877316516","0.485668977012454","0.0241069921131738","0.01","0.1","","","","2.4941750780377","","","","","","","","",""
"45469","SPX_Index_30DRSIMoMPercentChangeL1","BAA10YB_IndexMoMPercentChangeL0",NA,"0",NA,"-0.372314098303232","0.85681314920218","-18.9000725327473","1.38143691909634e-08","-0.0173777191398739","-0.619552287165893","0.875528472583267","1.62970234496477e-06","0.379823977401875","0.361583506148989",NA,"328.257611587373","335.003097313521","8.82082139552764e-08","70","No gap","1.00493309446207","0.679841764685399","0.638662792849143","0.361337207150857","0.133669100313427","0.641832551145949","0.935549500018283","0.976988112007761","0.522127721047533","0.0212046863868658","0.01","0.1","","","","2.6696415035274","","","","","","","","",""
"15797","IPMANSICSMoMDifferenceL1","BAA10YB_IndexMoMPercentChangeL0",NA,"0",NA,"-0.0355197001107457","0.867081206331331","-18.7059339743086","5.83083176440498e-08","-0.0168592899418036","-0.613188343974703","0.801985758037351","2.88703478920821e-07","0.379782227009428","0.361540527803823",NA,"328.262323844856","335.007809571004","8.84103370513145e-08","70","No gap","1.10205604420664","0.657622343578936","0.640813034517764","0.359186965482236","0.358384258864697","0.269965741315697","0.860972233080394","0.982912758450003","0.496459520621582","0.0216855799909953","0.01","0.1","","","","2.86313994874914","","","","","","","","",""
"45437","SPX_Index_14DRSIMoMPercentChangeL1","BAA10YB_IndexMoMPercentChangeL0",NA,"0",NA,"-0.15976185235612","0.88452881294084","-18.8612085916569","1.3702017522811e-08","-0.0138680576295497","-0.618278310912672","0.879390400929203","5.49144093451882e-07","0.379718643342148","0.361475074028682",NA,"328.26949975753","335.014985483678","8.87190239051705e-08","70","No gap","1.00001528060044","0.674322961520335","0.643586243946935","0.356413756053065","0.131517614696454","0.626468394414717","0.917639437568386","0.973161619127475","0.514540424150835","0.0213110506391725","0.01","0.1","","","","2.59185798875239","","","","","","","","",""
"43997","ism_man_emplMoMPercentChangeL0","BAA10YB_IndexMoMPercentChangeL0",NA,"0",NA,"0.821071149387415","0.890935869675305","-18.8474459767698","1.42447721302921e-08","0.0132115942567013","-0.61782716663712","0.891712901491616","3.56424374725208e-07","0.379697599907716","0.361453411669707",NA,"328.271874511193","335.017360237342","8.88214161109957e-08","70","No gap","1.00146944034092","0.689294324405376","0.625244815506426","0.374755184493574","0.149558180629243","0.651676062333971","0.857890244461645","0.9728182106965","0.492370307344801","0.0223736559686499","0.01","0.1","","","","2.56149741384054","","","","","","","","",""
"45181","MOVE_IndexMoMDifferenceL0","BAA10YB_IndexMoMPercentChangeL0",NA,"0",NA,"-0.00439619026693195","0.893720198775871","-18.7997263848671","2.08595063866911e-08","-0.0129969078469728","-0.616262898444248","0.896408728448171","1.18617264734326e-07","0.379688838621966","0.361444392699082",NA,"328.272863199406","335.018348925555","8.88640800944529e-08","70","No gap","1.02592978690963","0.70928504948237","0.617227611575856","0.382772388424144","0.0656011167219811","0.524342554862028","0.894995638340739","0.974323927923197","0.503738436263511","0.0208063780812053","0.01","0.1","","","","2.47181297614189","","","","","","","","",""
"41293","REALLNMoMDifferenceL1","BAA10YB_IndexMoMPercentChangeL0",NA,"0",NA,"-0.00236117254787728","0.894527830163946","-18.8389663568878","1.4860700861371e-08","-0.00828162658339927","-0.61754920114873","0.890529484279588","1.94712549083263e-07","0.379686340682086","0.361441821290383",NA,"328.273145082839","335.018630808987","8.88762478057359e-08","70","No gap","1.00377438045306","0.699752940293328","0.568592482816688","0.431407517183312","0.357363954215405","0.830211514127096","0.865899251193946","0.966807393747467","0.507343394717817","0.0198325578970429","0.01","0.1","","","","2.46392281866521","","","","","","","","",""
"45157","VIX_IndexMoMPercentChangeL1","BAA10YB_IndexMoMPercentChangeL0",NA,"0",NA,"-0.144715995294433","0.89783185211864","-18.7706932509819","3.29055413768652e-08","-0.0126737408641462","-0.615311180165337","0.877137570153176","6.90651731246892e-07","0.379676324475009","0.36143151048898",NA,"328.274275363987","335.019761090135","8.89250536539876e-08","70","No gap","1.05981688795938","0.690770120053117","0.629325886890889","0.370674113109111","0.356975078120938","0.57709139312382","0.849181810206678","0.970854458840401","0.508250267708257","0.022059681509381","0.01","0.1","","","","2.48907705308835","","","","","","","","",""
"27875","USGOODMoMDifferenceL1","BAA10YB_IndexMoMPercentChangeL0",NA,"0",NA,"0.000582725120736553","0.9060649017786","-18.8900720543213","1.42882730623306e-08","0.00932421034583198","-0.619224467297959","0.909698596420695","5.23303529742285e-08","0.379652780621805","0.361407274169505",NA,"328.276932103548","335.022417829696","8.90398781372426e-08","70","No gap","1.00616472888931","0.702035632512511","0.583013631093225","0.416986368906775","0.373500094941291","0.907755678454543","0.873663702113619","0.971259786449961","0.441674533501368","0.0208903041648007","0.01","0.1","","","","2.4547649433873","","","","","","","","",""
"28243","USGOODMoMPercentChangeL1","BAA10YB_IndexMoMPercentChangeL0",NA,"0",NA,"11.2939447283188","0.907617129741391","-18.8874383419324","1.41620140389957e-08","0.00917576547346723","-0.619138133103662","0.906359524911131","3.39278924716674e-07","0.379648567393295","0.36140293702251",NA,"328.277407522773","335.022893248921","8.90604413550378e-08","70","No gap","1.00519975331593","0.702786725047242","0.582730646768674","0.417269353231326","0.372971027097035","0.907718808025837","0.874119250943646","0.971130823658219","0.442411427407692","0.0209032924840392","0.01","0.1","","","","2.454866554003","","","","","","","","",""
"22017","UEMPMEANMoMDifferenceL0","BAA10YB_IndexMoMPercentChangeL0",NA,"0",NA,"-0.0348834189724163","0.908093090026598","-18.9304940222074","2.07645545383083e-08","-0.0110717672591111","-0.620549516321567","0.9092850708879","3.89163713367671e-07","0.379647289801213","0.36140162185419",NA,"328.277551685177","335.023037411325","8.90666776998117e-08","70","No gap","1.03981550794194","0.686436932809203","0.618795172389808","0.381204827610192","0.0908528383467356","0.675635656098774","0.869436115060046","0.977352184179906","0.483640675796104","0.0209022750585641","0.01","0.1","","","","2.46440498469555","","","","","","","","",""
"39367","M1SLMoMPercentChangeL0","BAA10YB_IndexMoMPercentChangeL0",NA,"0",NA,"3.14200331776942","0.9105723427597","-18.8493504391021","1.42640207872875e-08","0.00912601488584786","-0.617889595709377","0.914121169704666","4.95782380684693e-07","0.379640743421497","0.361394882933894",NA,"328.278290368437","335.023776094585","8.90986395774007e-08","70","No gap","1.00168273455377","0.722872787921655","0.592355520241303","0.407644479758697","0.27230553273029","0.71326666829265","0.883053053731713","0.969564059665236","0.452303563615434","0.0207900906893093","0.01","0.1","","","","2.69219520485041","","","","","","","","",""
"17713","IPFUELSMoMDifferenceL1","BAA10YB_IndexMoMPercentChangeL0",NA,"0",NA,"-0.0169259420276594","0.912917997920258","-18.8745807260763","1.37076859591277e-08","-0.010531719902832","-0.618716655075082","0.895884837769715","2.67827281265133e-07","0.379634717286141","0.361388679559263",NA,"328.278970341245","335.024456067393","8.91280713677389e-08","70","No gap","1.00132966679206","0.700954014560067","0.621417575914632","0.378582424085368","0.336630883778915","0.858829891955178","0.899118222527186","0.981056006392186","0.524855773366227","0.0211287664965243","0.01","0.1","","","","2.49661309252583","","","","","","","","",""
"18185","IPFUELSMoMPercentChangeL1","BAA10YB_IndexMoMPercentChangeL0",NA,"0",NA,"-1.82417463536381","0.914459322708405","-18.8731804784303","1.36884319077686e-08","-0.0103389914977874","-0.618670754371252","0.894825880093725","3.95324881804058e-07","0.37963084608366","0.361384694497885",NA,"328.279407153775","335.024892879923","8.91469832398073e-08","70","No gap","1.00106820153067","0.70114391815294","0.620810760550464","0.379189239449536","0.349965961258847","0.872809406598882","0.899113760046429","0.980824864609381","0.524369824875801","0.0211624559390063","0.01","0.1","","","","2.50145940109404","","","","","","","","",""
"43885","ism_man_emplMoMDifferenceL0","BAA10YB_IndexMoMPercentChangeL0",NA,"0",NA,"0.0116498348866301","0.916692273900399","-18.851721908793","1.41536663599263e-08","0.0100843283654716","-0.617967333478285","0.918383167314033","1.24482695557766e-07","0.379625362227748","0.361379049352094",NA,"328.280025927636","335.025511653785","8.91737801378412e-08","70","No gap","1.00131937939415","0.691729841838952","0.623587727647055","0.376412272352945","0.137195385434283","0.631999509520569","0.860884662154293","0.973548856875186","0.492251905320311","0.0221164230702356","0.01","0.1","","","","2.58737701110406","","","","","","","","",""
"41477","REALLNMoMPercentChangeL1","BAA10YB_IndexMoMPercentChangeL0",NA,"0",NA,"-7.19430488380584","0.917868307319587","-18.8421115601735","1.49972146633539e-08","-0.00653612283060486","-0.617652302228678","0.913118223133486","3.09237480685901e-07","0.379622533178374","0.361376137095385",NA,"328.280345142821","335.025830868969","8.91876074105014e-08","70","No gap","1.00470510816458","0.698422446483507","0.56910564770172","0.43089435229828","0.358258347659393","0.783256619632535","0.868279017474641","0.968851238274443","0.496915118892382","0.0200635102036966","0.01","0.1","","","","2.46102736257569","","","","","","","","",""
"30567","DMANEMPMoMDifferenceL0","BAA10YB_IndexMoMPercentChangeL0",NA,"0",NA,"0.00143971589528993","0.925482148866635","-18.9252620674613","2.42155365252797e-08","0.00846446458769872","-0.620378010655454","0.93567178089394","2.28607955727599e-07","0.37960520294364","0.361358297147864",NA,"328.282300564403","335.027786290551","8.92723559520192e-08","70","No gap","1.05163289862674","0.705176723272797","0.591382750628167","0.408617249371833","0.215746962778132","0.522929261972383","0.865444831473136","0.973914358336165","0.491987313907678","0.020286629876541","0.01","0.1","","","","2.59931195247401","","","","","","","","",""
"12289","IPBUSEQMoMPercentChangeL1","BAA10YB_IndexMoMPercentChangeL0",NA,"0",NA,"-1.17814608394858","0.932155059064033","-18.8105338708847","2.57439257518978e-08","-0.00838042079290544","-0.616617172358758","0.899851209173666","9.53542226443203e-07","0.379591414851871","0.361344103523985",NA,"328.283856276513","335.029342002661","8.93398384160804e-08","70","No gap","1.04386538587682","0.681857296494275","0.628512832251854","0.371487167748146","0.360814792147846","0.809257823253959","0.875694369383245","0.979984496455075","0.503487568159802","0.0213455967620556","0.01","0.1","","","","2.83871879424237","","","","","","","","",""
"30911","DMANEMPMoMPercentChangeL0","BAA10YB_IndexMoMPercentChangeL0",NA,"0",NA,"10.0918450108273","0.93276631353082","-18.9190529626083","2.43757944925696e-08","0.00763139084429896","-0.620174473599908","0.940865008388467","8.05090009433737e-08","0.379590217090335","0.361342870534168",NA,"328.283991418464","335.029477144612","8.93457029471634e-08","70","No gap","1.05145725773241","0.704549030441057","0.591393584626771","0.408606415373229","0.213293778759202","0.523501094696862","0.86712037365137","0.974094490684362","0.492275137095977","0.0203684358654971","0.01","0.1","","","","2.59892940761696","","","","","","","","",""
"2959","DPCERA3M086SBEAMoMDifferenceL1","BAA10YB_IndexMoMPercentChangeL0",NA,"0",NA,"-0.0233847756533906","0.944025432319794","-18.8322518027084","1.90420811093535e-08","-0.00678373257030345","-0.617329095252736","0.951810734283917","2.96062133980705e-08","0.379570108677165","0.361322170697081",NA,"328.286260186865","335.031745913013","8.94442138132945e-08","70","No gap","1.02207589704748","0.679054606452698","0.611926787604902","0.388073212395098","0.366608426845474","0.0341355337224903","0.88909575963049","0.980164294866493","0.505972744155043","0.0213387675569758","0.01","0.1","","","","3.43875178126556","","","","","","","","",""
"38087","HOUSTSMoMPercentChangeL1","BAA10YB_IndexMoMPercentChangeL0",NA,"0",NA,"0.171592228144189","0.945563624178325","-18.8720965157692","1.39184746061432e-08","0.00656391915413363","-0.618635221621589","0.947279759818096","4.26061965526836e-07","0.3795676488263","0.361319638497662",NA,"328.286537718979","335.032023445127","8.94562717235203e-08","70","No gap","1.00211670564482","0.700846988918644","0.62286088106235","0.37713911893765","0.0251735191750132","0.294951783862644","0.878846153792789","0.981173707528085","0.42598162846601","0.0208365081197463","0.01","0.1","","","","2.46431006883479","","","","","","","","",""
"45427","SPX_Index_14DRSIMoMPercentChangeL0","BAA10YB_IndexMoMPercentChangeL0",NA,"0",NA,"-0.0769431809550893","0.946205740150555","-18.9204086755055","3.60381335477102e-08","-0.00669551940423569","-0.620218914436034","0.941660068397222","2.0783093412079e-07","0.37956664236644","0.361318602436041",NA,"328.286651272266","335.032136998415","8.94612057766864e-08","70","No gap","1.08437691695169","0.685537499723799","0.537823306789199","0.462176693210801","0.372357961326564","0.655403435981621","0.87589924709706","0.973599185494335","0.500630410959964","0.021117934382118","0.01","0.1","","","","2.45856783218579","","","","","","","","",""
"26157","UEMP27OVMoMDifferenceL0","BAA10YB_IndexMoMPercentChangeL0",NA,"0",NA,"-0.000144035210874362","0.955834307056363","-18.869088036404","1.38612279299143e-08","-0.00492192057499243","-0.618536602408974","0.940003289408679","6.6886908194201e-08","0.379552989706692","0.361304548227477",NA,"328.288191607994","335.033677334143","8.95281624391231e-08","70","No gap","1.00146048358443","0.701016778824525","0.603681967577569","0.396318032422431","0.321751136308981","0.758101756198502","0.885672897543647","0.976564566742471","0.482388599552009","0.0207519620833656","0.01","0.1","","","","2.46442263722839","","","","","","","","",""
"42469","WPSID61MoMPercentChangeL1","BAA10YB_IndexMoMPercentChangeL0",NA,"0",NA,"-2.1934527837393","0.95729283293223","-18.8538650489583","1.45033142096582e-08","-0.00516829329022763","-0.618037586509794","0.958171054173856","4.95129483530162e-07","0.37955115668806","0.361302661296533",NA,"328.288398412303","335.033884138451","8.95371558007341e-08","70","No gap","1.00328499833819","0.701607971890689","0.57542618055485","0.42457381944515","0.299602645551073","0.937060674103613","0.87689278079262","0.9739309442426","0.496807922241389","0.0215366226541033","0.01","0.1","","","","2.46883678161717","","","","","","","","",""
"23301","UEMPLT5MoMPercentChangeL0","BAA10YB_IndexMoMPercentChangeL0",NA,"0",NA,"0.245440206481299","0.957504725063449","-18.8817042405267","1.61423849050752e-08","0.00517134616252365","-0.618950166859904","0.957777152432539","4.5492750628847e-07","0.379550895530113","0.361302392457469",NA,"328.288427876541","335.033913602689","8.95384372201491e-08","70","No gap","1.01449029976062","0.698061821891085","0.625148076922776","0.374851923077224","0.368761443514511","0.945815309312056","0.878857928584031","0.980529617276297","0.49561247189192","0.0215347098516351","0.01","0.1","","","","2.51286641389147","","","","","","","","",""
"45417","SPX_Index_14DRSIMoMDifferenceL1","BAA10YB_IndexMoMPercentChangeL0",NA,"0",NA,"-0.00116037184765038","0.957557071417904","-18.8683471781895","1.38336011184507e-08","-0.00513080827482005","-0.618512316766658","0.958604219626109","5.82924968833125e-07","0.379550831213838","0.36130232624954",NA,"328.288435132799","335.033920858947","8.95387527455327e-08","70","No gap","1.00122687865963","0.69201004357743","0.636479013980112","0.363520986019888","0.159764342072018","0.614921571793958","0.894167274370726","0.975573869754885","0.505201358091803","0.0212574788634686","0.01","0.1","","","","2.60027556074424","","","","","","","","",""
"44883","USGG10YR_IndexMoMPercentChangeL0","BAA10YB_IndexMoMPercentChangeL0",NA,"0",NA,"-0.225889512827636","0.957700275773781","-18.9716605894932","1.26562034553874e-06","-0.0062286572001656","-0.621898973625102","0.951694879073165","2.30562093086835e-05","0.379550655669853","0.361302145542496",NA,"328.28845493793","335.033940664078","8.95396140565552e-08","70","No gap","1.48816333353669","0.699231884090932","0.601924923036988","0.398075076963012","0.306588631770753","0.739580114940901","0.87572052619582","0.977333998345459","0.498895465499901","0.0209936613330167","0.01","0.1","","","","2.45768839330658","","","","","","","","",""
"12544","IPMATMoMDifferenceL0","BAA10YB_IndexMoMPercentChangeL0",NA,"0",NA,"0.00978559517819146","0.960382732511145","-18.8565940198484","1.41805189622002e-08","0.00476903211900931","-0.618127043317624","0.944497210529122","1.37573437534357e-07","0.379547477458673","0.361298873854516",NA,"328.288813507433","335.034299233581","8.95552099144936e-08","70","No gap","1.00185538945058","0.700509021569801","0.623165898308021","0.376834101691979","0.217387317962409","0.760196112433086","0.882931924383721","0.973061996173561","0.505114673398763","0.0210123163840094","0.01","0.1","","","","2.47165500404425","","","","","","","","",""
"11769","IPBUSEQMoMDifferenceL1","BAA10YB_IndexMoMPercentChangeL0",NA,"0",NA,"-0.00575502616747627","0.964495034078189","-18.8351074337678","2.53192813103803e-08","-0.00438488229467984","-0.617422704033924","0.945880862099633","4.49724167599497e-07","0.379543010501842","0.361294275516603",NA,"328.289317471622","335.03480319777","8.95771341546947e-08","70","No gap","1.04515578339428","0.688899212242576","0.625809045711101","0.374190954288899","0.355814130305007","0.812133078073078","0.878326486995523","0.978119739125168","0.50189812680771","0.0212636551076468","0.01","0.1","","","","2.83694646566513","","","","","","","","",""
"13054","IPMATMoMPercentChangeL0","BAA10YB_IndexMoMPercentChangeL0",NA,"0",NA,"0.811412676189557","0.970080604112854","-18.8585922149419","1.40803577274231e-08","0.00359799337784373","-0.61819254498902","0.958273669729494","3.55600069249195e-07","0.379537728297639","0.361288837953452",NA,"328.289913407725","335.035399133873","8.9603066411037e-08","70","No gap","1.00151303001998","0.70004795946656","0.623051644355927","0.376948355644073","0.210167758858729","0.76904717272621","0.882593209299223","0.973828500663482","0.504066182268297","0.021048953587118","0.01","0.1","","","","2.47284782775147","","","","","","","","",""
"33975","USGOVTMoMDifferenceL1","BAA10YB_IndexMoMPercentChangeL0",NA,"0",NA,"0.000304986056453348","0.973415113061367","-18.8658559406596","1.38320515444964e-08","0.00306673174192717","-0.618430652957864","0.973164950239157","8.75637305699184e-08","0.379535005607708","0.361286035184406",NA,"328.2902205785","335.035706304648","8.96164359387441e-08","70","No gap","1.00092847432947","0.684585644932335","0.608496764945593","0.391503235054407","0.336324864079103","0.429182172073783","0.879074597747532","0.975230799143558","0.496023539514893","0.0211753344622523","0.01","0.1","","","","2.65862631731172","","","","","","","","",""
"26353","UEMP27OVMoMDifferenceL1","BAA10YB_IndexMoMPercentChangeL0",NA,"0",NA,"-8.66253024347773e-05","0.973945920458739","-18.882650200873","2.29835253718422e-08","-0.00295679101754976","-0.618981175835932","0.973722750820544","9.00330893092979e-08","0.379534601886922","0.361285619589479",NA,"328.290266125705","335.035751851853","8.96184185750215e-08","70","No gap","1.04254360344814","0.698841985621716","0.607580922771417","0.392419077228583","0.231005433672097","0.800461216727734","0.880733009368302","0.974681999078788","0.495429886345846","0.0210926402106153","0.01","0.1","","","","2.46010759599937","","","","","","","","",""
"22877","UEMPLT5MoMDifferenceL0","BAA10YB_IndexMoMPercentChangeL0",NA,"0",NA,"6.05155195105422e-05","0.974847014204761","-18.8729121737534","1.57792831727445e-08","0.00305411763055777","-0.618661959231661","0.9746868436332","6.35782171234047e-08","0.37953393520271","0.361284933296908",NA,"328.290341340003","335.035827066151","8.96216926227211e-08","70","No gap","1.0117597247872","0.697702153221974","0.624820168659151","0.375179831340849","0.367694566462446","0.950528837034842","0.879633387738288","0.978657564734356","0.497898709279155","0.0214014500452323","0.01","0.1","","","","2.51275259066549","","","","","","","","",""
"20473","CE16OVMoMDifferenceL1","BAA10YB_IndexMoMPercentChangeL0",NA,"0",NA,"2.61201304140832e-05","0.974866981195351","-18.8719715260321","1.5378034536555e-08","0.00261946202460614","-0.6186311244057","0.973769771738752","4.82802368273343e-08","0.379533920695979","0.361284918363508",NA,"328.29034297663","335.035828702778","8.9621763788017e-08","70","No gap","1.00967420383811","0.699785693378769","0.601484630065023","0.398515369934977","0.355738631328882","0.948224268019067","0.881728650839185","0.977056477948539","0.405454680854934","0.0213143198662043","0.01","0.1","","","","2.51367039494239","","","","","","","","",""
"29873","MANEMPMoMDifferenceL0","BAA10YB_IndexMoMPercentChangeL0",NA,"0",NA,"0.000350926942698423","0.975854382188498","-18.89384127074","5.68007244705419e-08","0.00274879173767456","-0.619348023789556","0.980667833856066","6.14912949158149e-07","0.379533217702958","0.361284194694222",NA,"328.290422287143","335.035908013292","8.9625216359579e-08","70","No gap","1.12146935500546","0.698614949714868","0.347138539277804","0.652861460722196","0.301940958798911","0.825892489788634","0.875182137941158","0.975731254508844","0.483390211447024","0.020865550598161","0.01","0.1","","","","2.58909451249845","","","","","","","","",""
"45461","SPX_Index_30DRSIMoMPercentChangeL0","BAA10YB_IndexMoMPercentChangeL0",NA,"0",NA,"0.0512551640918492","0.982001502179827","-18.8317364151149","1.70306638168587e-07","0.00239034258547541","-0.617312200631734","0.979815211856146","8.72672383755956e-07","0.379529475399905","0.361280342323432",NA,"328.290844486093","335.036330212241","8.96435974340193e-08","70","No gap","1.22108002098566","0.698399637379791","0.622471912162478","0.377528087837522","0.354124130011382","0.500811177169842","0.879433999652922","0.976149393706063","0.494439384229022","0.0211870083872866","0.01","0.1","","","","2.46054850799219","","","","","","","","",""
"20921","CE16OVMoMPercentChangeL1","BAA10YB_IndexMoMPercentChangeL0",NA,"0",NA,"2.77486471242741","0.982173939659264","-18.8689728301041","1.52380173333389e-08","0.00185674949906446","-0.618532825898248","0.981639010476352","2.02409173052448e-07","0.379529386175466","0.361280250474744",NA,"328.29085455218","335.036340278328","8.96440357500694e-08","70","No gap","1.00864295413567","0.698418982266903","0.602199102128516","0.397800897871484","0.356609441053719","0.947159194554773","0.881059125218615","0.976691361954925","0.406482302714301","0.0212776707782947","0.01","0.1","","","","2.51088543854968","","","","","","","","",""
"42309","WPSID61MoMDifferenceL1","BAA10YB_IndexMoMPercentChangeL0",NA,"0",NA,"-0.00354994273065502","0.986593264981175","-18.8599569615196","1.44282795299426e-08","-0.00162195493142534","-0.618237281952973","0.987379436892267","8.36595073988233e-08","0.379527392722111","0.361278198390409",NA,"328.291079448424","335.036565174572","8.96538285832804e-08","70","No gap","1.00349943233003","0.697470104089569","0.577693729116361","0.422306270883639","0.289221165672421","0.928927043061022","0.879165964921962","0.975195855616335","0.492654565415408","0.0212909683606171","0.01","0.1","","","","2.46726363751009","","","","","","","","",""
"30221","MANEMPMoMPercentChangeL0","BAA10YB_IndexMoMPercentChangeL0",NA,"0",NA,"1.75088659825851","0.990255039787122","-18.875304816908","5.738227495878e-08","0.00110832273641144","-0.618740391075572","0.991679820874604","1.45038830205171e-07","0.379526168488973","0.361276938150414",NA,"328.291217562878","335.036703289026","8.9659843105494e-08","70","No gap","1.12018287850929","0.696387939182547","0.471560569710949","0.528439430289051","0.299798491678291","0.822903061148755","0.878263516655568","0.975791722584116","0.483667029988587","0.0210565179427427","0.01","0.1","","","","2.58569186408414","","","","","","","","",""
"34279","USGOVTMoMPercentChangeL1","BAA10YB_IndexMoMPercentChangeL0",NA,"0",NA,"2.09624274888392","0.991753962857968","-18.8638236460855","1.38831191266508e-08","0.000950955913217366","-0.618364033491223","0.991913060038937","2.6520135165474e-07","0.379525779085843","0.36127653729425",NA,"328.291261494159","335.036747220307","8.96617563528324e-08","70","No gap","1.0009776436567","0.67993235439978","0.610612978864615","0.389387021135385","0.335580207146491","0.436069223080739","0.87998654138164","0.975655907771153","0.49773620135439","0.0211829114991086","0.01","0.1","","","","2.65599326719519","","","","","","","","",""
"45101","VIX_IndexMoMDifferenceL1","BAA10YB_IndexMoMPercentChangeL0",NA,"0",NA,"-0.000679088287746184","0.992817063835801","-18.8577299361443","2.24546981496553e-08","-0.000883700866352785","-0.618164279129177","0.99205971094675","1.49716230779795e-06","0.37952554223946","0.361276293481797",NA,"328.291288214437","335.036773940585","8.96629199775845e-08","70","No gap","1.03790226111383","0.697426141150736","0.628373085876074","0.371626914123926","0.298044085632497","0.631545064273137","0.877846508260832","0.975589534824144","0.497066641242908","0.0212510060526523","0.01","0.1","","","","2.52204780660152","","","","","","","","",""
"26549","UEMP27OVMoMPercentChangeL0","BAA10YB_IndexMoMPercentChangeL0",NA,"0",NA,"-0.0153689302074343","0.997798610188548","-18.862985223232","1.37552319442112e-08","-0.000252854079422404","-0.618336549639213","0.997144999858529","3.43451434834987e-07","0.379524867232221","0.361275598621404",NA,"328.291364366615","335.036850092763","8.96662365468259e-08","70","No gap","1.0001851368251","0.694581113823983","0.611963659803037","0.388036340196963","0.342398730782386","0.847548242631161","0.88075316339969","0.975901896578485","0.497368824101238","0.0211632755596254","0.01","0.1","","","","2.50402883770523","","","","","","","","",""
"38913","ISRATIOMoMPercentChangeL0","BAA10YB_IndexMoMDifferenceL0",NA,"0",NA,"-98.4179247411728","0.0230094413164459","-0.110610159755032","1.05023070898897e-06","-0.227719772958231","-0.527673527731434","0.0200421422736274","1.64747882674304e-05","0.378443785796444","0.360162720672811",NA,"328.413222353211","335.158708079359","9.51336227572597e-08","70","No gap","1.04764369592239","0.699599352860294","0.602835668283112","0.397164331716888","0.703211597249763","0.80174575735514","0.282423564311747","0.670358259000363","0.0531582832574966","0.0393237979713553","0.01","0.1","","","","2.12620594070874","","","","","","","","",""
"38681","ISRATIOMoMDifferenceL0","BAA10YB_IndexMoMDifferenceL0",NA,"0",NA,"-71.3222884862198","0.0266807349317293","-0.110841391686075","1.04772490661012e-06","-0.222334202649979","-0.528776635882148","0.0223354993344701","1.75861572967782e-05","0.376078223646395","0.357727583165407",NA,"328.679127573337","335.424613299485","1.08249248342851e-07","70","No gap","1.04779991210681","0.708872711259994","0.599206688800941","0.400793311199059","0.705870721014878","0.810414515703037","0.289134594372724","0.671074726585258","0.0504133773057034","0.0388404848137327","0.01","0.1","","","","2.13030418540762","","","","","","","","",""
"8039","IPFINALMoMPercentChangeL1","BAA10YB_IndexMoMDifferenceL0",NA,"0",NA,"-74.5167030775282","0.0340638205889462","-0.114897384684218","3.8015923946335e-07","-0.209307219615392","-0.548126035056003","0.071403103748276","6.72435958530666e-05","0.372185730779637","0.353720605214332",NA,"329.114483541434","335.859969267582","1.33739654906151e-07","70","No gap","1.01839645426196","0.80992282495505","0.530019670577834","0.469980329422166","0.457285918719065","0.580181436001873","0.32337509923549","0.668650761937217","0.0343167931583371","0.060174094121676","0.01","0.1","","","","2.26715365797915","","","","","","","","",""
"7491","IPFINALMoMDifferenceL1","BAA10YB_IndexMoMDifferenceL0",NA,"0",NA,"-0.725325655553654","0.0357695377163531","-0.114857215534181","3.90924427373344e-07","-0.207633950909733","-0.547934405307407","0.0750040366987981","6.71981536942304e-05","0.371409266858645","0.352921304119193",NA,"329.201004179743","335.946489905891","1.39479738425763e-07","70","No gap","1.01898749710055","0.81795335126676","0.527144474867762","0.472855525132238","0.46969557863148","0.564411127016131","0.32819746664491","0.670697822468079","0.0324420366158783","0.0590285326834319","0.01","0.1","","","","2.26479181706877","","","","","","","","",""
"43587","DTCTHFNMMoMPercentChangeL1","BAA10YB_IndexMoMDifferenceL0",NA,"0",NA,"-28.4170776338414","0.0390448432926114","-0.124501999732006","5.29548149379996e-08","-0.203730220025034","-0.593945525019611","8.27634768404903e-15","6.73291019237331e-06","0.370018994941673","0.351490141851722",NA,"329.355654202174","336.101139928322","1.50360398909477e-07","70","No gap","1.00738131368918","0.957301290355175","0.464142565360609","0.535857434639391","0.346346222115917","0.77608443133026","0.651581653221705","0.62872264318229","0.0425367188378399","0.0340984702731317","0.01","0.1","","","","2.04204209264008","","","","","","","","",""
"43459","DTCTHFNMMoMDifferenceL1","BAA10YB_IndexMoMDifferenceL0",NA,"0",NA,"-3.14771857463819e-05","0.0403867513369058","-0.124576978810095","5.29869688835113e-08","-0.202419254700983","-0.594303217972309","5.81461110894095e-15","3.61047592960259e-06","0.369483545934181","0.35093894434401",NA,"329.415125060299","336.160610786447","1.54767024196367e-07","70","No gap","1.00778797020568","0.962834773368825","0.461820371824385","0.538179628175615","0.349318207687696","0.77856986335195","0.663982139761163","0.628413968687193","0.0426409183888918","0.0344771754859835","0.01","0.1","","","","2.04484048313904","","","","","","","","",""
"38325","HOUSTWMoMDifferenceL1","BAA10YB_IndexMoMDifferenceL0",NA,"0",NA,"-0.0151430381375906","0.0463314708814672","-0.124997734798702","5.23802225210849e-08","-0.197677896285129","-0.596310463937003","0.0328211155907738","2.69457777072202e-06","0.367312365046577","0.348703905195006",NA,"329.655755712333","336.401241438481","1.739553509017e-07","70","No gap","1.01018440011222","0.842045779729669","0.56791960761767","0.43208039238233","0.877771011280945","0.990180613442444","0.423274000382918","0.560704442385065","0.152156675471429","0.0393641801105321","0.01","0.1","","","","2.38960098715589","","","","","","","","",""
"38565","HOUSTWMoMPercentChangeL1","BAA10YB_IndexMoMDifferenceL0",NA,"0",NA,"-3.93803791491334","0.047331533888282","-0.124083546120874","6.0225512398173e-08","-0.195549355989045","-0.591949262708201","0.0453437887411749","3.75367422631356e-06","0.366975456078638","0.348357087139774",NA,"329.693021101268","336.438506827416","1.77132668977009e-07","70","No gap","1.00625658994371","0.774168874898996","0.601488045720833","0.398511954279167","0.812237127702239","0.979460295028121","0.422670744873721","0.503340941090633","0.209486558253918","0.03874143896984","0.01","0.1","","","","2.36239532863491","","","","","","","","",""
"43767","INVESTMoMPercentChangeL0","BAA10YB_IndexMoMDifferenceL0",NA,"0",NA,"-83.9095879518396","0.0524316743625043","-0.120540585945366","1.16055666302144e-07","-0.161274439513907","-0.575047322610088","0.0981189961272851","1.00844576041296e-06","0.365364063048306","0.346698300196785",NA,"329.870982905046","336.616468631195","1.93124987779569e-07","70","No gap","1.00005402969622","0.66610031970739","0.608360521810445","0.391639478189555","0.443053499089656","0.460290005512172","0.592620459326269","0.695022233038911","0.276144407860669","0.014793013623765","0.01","0.1","","","","2.30714608850711","","","","","","","","",""
"33045","USTRADEMoMPercentChangeL1","BAA10YB_IndexMoMDifferenceL0",NA,"0",NA,"-227.021116603003","0.0615582273210078","-0.119865693120537","1.39806581403696e-07","-0.17783057353978","-0.57182769903747","0.0582555799442483","1.91025793370882e-06","0.362848575554479","0.344108827776669",NA,"330.147891387605","336.893377113753","2.20927808602944e-07","70","No gap","1.00062646159103","0.782251773898062","0.524094691269816","0.475905308730184","0.0778043137047285","0.553816181460019","0.580270621621593","0.983111252881224","0.241717962804839","0.0281713980108844","0.01","0.1","","","","2.56415957459496","","","","","","","","",""
"43647","INVESTMoMDifferenceL0","BAA10YB_IndexMoMDifferenceL0",NA,"0",NA,"-0.0259248604314928","0.0623240911627878","-0.120744153231724","1.1721310049382e-07","-0.155407900829593","-0.576018454632327","0.103911961388008","1.07696826231439e-06","0.362655392478568","0.343909962845585",NA,"330.169112034948","336.914597761096","2.23216725214748e-07","70","No gap","1.00000563549479","0.667859068037","0.609198684985215","0.390801315014785","0.437465897538081","0.599235139520657","0.59779647967132","0.711492058394652","0.24241674609452","0.0153822174798517","0.01","0.1","","","","2.33050983962993","","","","","","","","",""
"32725","USTRADEMoMDifferenceL1","BAA10YB_IndexMoMDifferenceL0",NA,"0",NA,"-0.0144397859088834","0.062945260838316","-0.119900742971277","1.39680104624312e-07","-0.177138036303136","-0.571994906809592","0.0575953408293574","9.84653017756772e-07","0.362500513246274","0.343750528341753",NA,"330.186120461881","336.931606188029","2.25068409354101e-07","70","No gap","1.00058806203472","0.785342751180294","0.523863956910414","0.476136043089586","0.0811616271765627","0.561593797412577","0.581000109936758","0.98256194254349","0.242360196166807","0.0280247360389496","0.01","0.1","","","","2.58329329340311","","","","","","","","",""
"6943","IPFPNSSMoMPercentChangeL1","BAA10YB_IndexMoMDifferenceL0",NA,"0",NA,"-55.9531292900976","0.0696374797984976","-0.116060734908532","3.6102338816878e-07","-0.17885526607672","-0.553675878923964","0.0842129803193817","4.8197154722185e-05","0.360926351574583","0.342130067797365",NA,"330.358756670231","337.104242396379","2.4475464754925e-07","70","No gap","1.01608864424427","0.787760821515905","0.548924141797245","0.451075858202755","0.428091728683057","0.160492188072924","0.475454296885872","0.695682394850419","0.0353997927878239","0.0610440573164397","0.01","0.1","","","","2.25667122332828","","","","","","","","",""
"17239","IPB51222SMoMPercentChangeL1","BAA10YB_IndexMoMDifferenceL0",NA,"0",NA,"-10.3580371283336","0.0716852381288513","-0.122019128924717","9.61530684670612e-08","-0.178285180519834","-0.582100815630479","0.100788827960971","7.71851417106282e-05","0.360476130588714","0.341666605017794",NA,"330.408053606716","337.153539332864","2.50685833647069e-07","70","No gap","1.00100192692502","0.993196985965554","0.4759346606587","0.5240653393413","0.467605193539195","0.184934913028446","0.745500263113929","0.737956501614287","0.0261272405283258","0.0403267820739964","0.01","0.1","","","","2.4708965868837","","","","","","","","",""
"16759","IPB51222SMoMDifferenceL1","BAA10YB_IndexMoMDifferenceL0",NA,"0",NA,"-0.101969186684723","0.0718528640788406","-0.122186500955772","9.34448080959684e-08","-0.178327206880818","-0.582899275647768","0.10489998514154","7.79878594811371e-05","0.360439874384024","0.341629282454142",NA,"330.41202196898","337.157507695128","2.51169494092096e-07","70","No gap","1.00130693524277","0.9960170367449","0.470526380460455","0.529473619539545","0.460662400906507","0.173547257177989","0.768836828977179","0.733679681150283","0.0243847778176078","0.041304396361813","0.01","0.1","","","","2.48462006533302","","","","","","","","",""
"6389","IPFPNSSMoMDifferenceL1","BAA10YB_IndexMoMDifferenceL0",NA,"0",NA,"-0.547198233158872","0.0749581448861132","-0.116094085695851","3.67393821597436e-07","-0.175837530575711","-0.553834981194829","0.0852964134919437","4.94586669030312e-05","0.359783810962538","0.340953923049671",NA,"330.483791454008","337.229277180156","2.60079525360446e-07","70","No gap","1.01645336825372","0.799368874105515","0.544397856480364","0.455602143519636","0.460520357406383","0.155913264016916","0.473738451036684","0.699522205792837","0.0362560010293686","0.0595389818218084","0.01","0.1","","","","2.25630233985823","","","","","","","","",""
"9119","IPCONGDMoMPercentChangeL1","BAA10YB_IndexMoMDifferenceL0",NA,"0",NA,"-44.8808373774196","0.0772447568651211","-0.116337930507254","3.47977165376344e-07","-0.174462150519839","-0.554998259976244","0.09374321562368","5.44193491847407e-05","0.359318697268983","0.3404751295416",NA,"330.534627621912","337.28011334806","2.66581310914837e-07","70","No gap","1.01503173300758","0.856673685068942","0.51082370399114","0.48917629600886","0.21455239443923","0.293683954059661","0.356731636021388","0.749300280102732","0.0371021949714047","0.0477838833020661","0.01","0.1","","","","2.23776155636002","","","","","","","","",""
"43195","DTCOLNVHFNMMoMDifferenceL1","BAA10YB_IndexMoMDifferenceL0",NA,"0",NA,"-0.000110686147672619","0.0817661730099345","-0.123710320018894","7.64055378695155e-08","-0.172979860328328","-0.590168761402451","0.000462913670096334","4.50259150364071e-06","0.358440207178931","0.339570801507723",NA,"330.630544553819","337.376030279968","2.79294708693811e-07","70","No gap","1.00632174764856","0.890044646451889","0.493855953451541","0.506144046548459","0.407935210591","0.85633776191971","0.607416171068065","0.620171469179131","0.0537006311044985","0.0357619213636206","0.01","0.1","","","","2.34394409707888","","","","","","","","",""
"8579","IPCONGDMoMDifferenceL1","BAA10YB_IndexMoMDifferenceL0",NA,"0",NA,"-0.437990062297275","0.0830549972549579","-0.116313778404093","3.59396678170595e-07","-0.171453414848298","-0.554883040673558","0.0916286693224786","5.62886345520239e-05","0.358199156196736","0.339322660790758",NA,"330.65684046546","337.402326191608","2.82884822677687e-07","70","No gap","1.01577598709311","0.862999710579803","0.509208240496668","0.490791759503332","0.237487614619139","0.282686937529901","0.36028334231168","0.754035342778643","0.0377623400200082","0.0472639059609704","0.01","0.1","","","","2.23789557141513","","","","","","","","",""
"43331","DTCOLNVHFNMMoMPercentChangeL1","BAA10YB_IndexMoMDifferenceL0",NA,"0",NA,"-36.9891450803862","0.0850204804649554","-0.123557339464483","7.91192805258229e-08","-0.17112245736219","-0.589438956934222","0.000798498642267411","1.09638776810783e-05","0.357839051348511","0.338951964623468",NA,"330.696105403381","337.441591129529","2.88331646780549e-07","70","No gap","1.00578484064712","0.876685295295988","0.499662007917024","0.500337992082976","0.414438449079534","0.861063745010158","0.610416539557387","0.619265378307202","0.054322602581347","0.0358931795989548","0.01","0.1","","","","2.33578147956562","","","","","","","","",""
"36945","HOUSTNEMoMPercentChangeL0","BAA10YB_IndexMoMDifferenceL0",NA,"0",NA,"-1.51979912594257","0.086393489979136","-0.124458689626961","7.03758365260777e-08","-0.168453038616177","-0.593738911124774","0.0757049149434406","1.243377474308e-06","0.357592679399733","0.338698346440902",NA,"330.722956505092","337.46844223124","2.92116686173571e-07","70","No gap","1.01033966151121","0.943585804913547","0.478384934581946","0.521615065418054","0.240624989546194","0.839949331349542","0.811246175297652","0.796751033294231","0.2289448795147","0.020585031432482","0.01","0.1","","","","2.33670445023055","","","","","","","","",""
"3249","DPCERA3M086SBEAMoMPercentChangeL0","BAA10YB_IndexMoMDifferenceL0",NA,"0",NA,"-71.8050593117268","0.0944266267804426","-0.123884913619541","7.82613604389633e-08","-0.16367820044994","-0.591001672424157","0.0313745248790948","1.9399427643652e-06","0.356229624431657","0.337295201620823",NA,"330.871324625251","337.616810351399","3.13945011654049e-07","70","No gap","1.00769034264859","0.794238640660956","0.538362317041027","0.461637682958973","0.875260737883822","0.772354193092143","0.811509070231019","0.793947118647213","0.0875297362687049","0.0495990323412379","0.01","0.1","","","","2.4130218816117","","","","","","","","",""
"2665","DPCERA3M086SBEAMoMDifferenceL0","BAA10YB_IndexMoMDifferenceL0",NA,"0",NA,"-0.579997846797703","0.1033057672441","-0.1239364710257","8.0153317200443e-08","-0.159970495772705","-0.591247630647606","0.0349305801340131","2.01936661656902e-06","0.354859771018689","0.335885058401592",NA,"331.020116596817","337.765602322965","3.37473920364317e-07","70","No gap","1.00837376769425","0.814907379255037","0.53601677041749","0.46398322958251","0.869697966566394","0.774963887931198","0.815920609529464","0.79893182566562","0.0857689752309804","0.0491810577346454","0.01","0.1","","","","2.47936787492113","","","","","","","","",""
"31585","SRVPRDMoMPercentChangeL0","BAA10YB_IndexMoMDifferenceL0",NA,"0",NA,"-295.524299028196","0.112454820538312","-0.12022854189716","1.53768882347786e-07","-0.0767524921345895","-0.573558694584516","0.107023840767004","1.42592521202557e-06","0.353574299959889","0.334561779370474",NA,"331.159455986013","337.904941712161","3.61104491419795e-07","70","No gap","1.00033813013499","0.631004537252391","0.584129735448709","0.415870264551291","0.71265199225796","0.930014828396611","0.6453993649132","0.699720062788545","0.198297558926932","0.0336163187044157","0.01","0.1","","","","2.31525437734932","","","","","","","","",""
"27314","PAYEMSMoMPercentChangeL0","BAA10YB_IndexMoMDifferenceL0",NA,"0",NA,"-285.01849012175","0.112667504304961","-0.118768049032875","2.12890380810805e-07","-0.0786817025042655","-0.566591310904473","0.112472321619542","1.76452541799602e-06","0.353545770868101","0.334532411187751",NA,"331.162545269682","337.90803099583","3.61646738777921e-07","70","No gap","1.0039239663737","0.654211310126753","0.573389711060281","0.426610288939719","0.811720185327663","0.849370115003818","0.698062393960481","0.722091635566641","0.179311579148049","0.0372190819341101","0.01","0.1","","","","2.33931009215495","","","","","","","","",""
"31249","SRVPRDMoMDifferenceL0","BAA10YB_IndexMoMDifferenceL0",NA,"0",NA,"-0.00239192270826677","0.114600582599497","-0.120272130253596","1.5318143637084e-07","-0.0756058757386874","-0.573766635897134","0.107898183969649","2.61793419596009e-06","0.353289103307125","0.334268194580864",NA,"331.190332485939","337.935818212087","3.66560844788921e-07","70","No gap","1.00029475903361","0.635709560729522","0.582373816571025","0.417626183428975","0.702204167697434","0.92400335649978","0.646782572595726","0.694890737260647","0.201210688057082","0.0334170539847067","0.01","0.1","","","","2.32238201806759","","","","","","","","",""
"26933","PAYEMSMoMDifferenceL0","BAA10YB_IndexMoMDifferenceL0",NA,"0",NA,"-0.00197961580368438","0.116138596027295","-0.118833769375645","2.11491594329588e-07","-0.0773459243115489","-0.566904834410725","0.115353868043415","3.36295867769434e-06","0.353088207583702","0.334061390159694",NA,"331.212074066187","337.957559792335","3.70452310383129e-07","70","No gap","1.00374836097209","0.660755337369214","0.570619326767547","0.429380673232453","0.800936776900764","0.850096573411062","0.696986673407665","0.717363188699484","0.181244534475735","0.0370725334123288","0.01","0.1","","","","2.34960179184652","","","","","","","","",""
"23927","UEMP5TO14MoMDifferenceL1","BAA10YB_IndexMoMDifferenceL0",NA,"0",NA,"0.00496533496341214","0.117336389691246","-0.119223852835088","1.93731393772081e-07","0.154949632738579","-0.568765754922996","0.0903296186496646","5.57112041837354e-06","0.35293373290257","0.333902372105586",NA,"331.228787220867","337.974272947015","3.73471814141269e-07","70","No gap","1.00244571841895","0.796392889520136","0.590100768058507","0.409899231941493","0.344470356325692","0.822349373196882","0.600418269245619","0.564849034625869","0.0942920432375593","0.0346838503436758","0.01","0.1","","","","2.33474873095544","","","","","","","","",""
"20247","CE16OVMoMDifferenceL0","BAA10YB_IndexMoMDifferenceL0",NA,"0",NA,"-0.00134268256061516","0.118679352834418","-0.116121817184387","4.3359644458636e-07","-0.134984087639599","-0.553967276206583","0.0994561251603057","9.28127318944912e-06","0.352762552015364","0.333726156486404",NA,"331.247303218364","337.992788944512","3.76845776250967e-07","70","No gap","1.02106481375644","0.981764834782912","0.435728410629004","0.564271589370996","0.886569124327188","0.642430705874217","0.7602905329741","0.764435172202609","0.0725332697454301","0.0214882014538038","0.01","0.1","","","","2.19652537498455","","","","","","","","",""
"9655","IPDCONGDMoMDifferenceL1","BAA10YB_IndexMoMDifferenceL0",NA,"0",NA,"-0.163268028579309","0.120105515009416","-0.12069854026079","1.42337342761792e-07","-0.15320582446428","-0.575800854754195","0.114111128498988","1.5315895284804e-05","0.352583047563921","0.333541372492272",NA,"331.266714285406","338.012200011554","3.80415567824421e-07","70","No gap","1.00001802376569","0.843260046441941","0.529815280553877","0.470184719446123","0.408524075900435","0.773195943731293","0.458953433724998","0.771079580814065","0.0772903902305153","0.0391145927204333","0.01","0.1","","","","2.19990375748766","","","","","","","","",""
"10191","IPDCONGDMoMPercentChangeL1","BAA10YB_IndexMoMDifferenceL0",NA,"0",NA,"-17.8829016670424","0.123764868912041","-0.120427600229252","1.51523945402911e-07","-0.151421327428025","-0.574508316324074","0.122676469605726","1.46249707443129e-05","0.352132836492793","0.333077919919051",NA,"331.315375078602","338.06086080475","3.89513878817915e-07","70","No gap","1.00016233211451","0.831331504074671","0.533481789025882","0.466518210974118","0.38311600152448","0.746274923151221","0.475684664645955","0.773018085849659","0.0792885158436324","0.0398561255523675","0.01","0.1","","","","2.20284098229069","","","","","","","","",""
"39253","M1SLMoMDifferenceL1","BAA10YB_IndexMoMDifferenceL0",NA,"0",NA,"-0.0141376169347704","0.125727994011699","-0.123036202855883","9.670048158288e-08","-0.130098409398819","-0.586952838178958","0.0644432541720724","4.40281504435934e-06","0.351897234352009","0.332835388303539",NA,"331.340826517969","338.086312244117","3.94358985356114e-07","70","No gap","1.00476240342876","0.947625256754538","0.665314538658506","0.334685461341494","0.546305152674309","0.805834962421742","0.53834455799736","0.596300646390615","0.14017037341903","0.0278131292919942","0.01","0.1","","","","2.18192856039878","","","","","","","","",""
"20695","CE16OVMoMPercentChangeL0","BAA10YB_IndexMoMDifferenceL0",NA,"0",NA,"-197.025998100006","0.126763747944754","-0.116219110116381","4.32955013468593e-07","-0.13216462095252","-0.554431418964918","0.110304664166805","1.64551020712221e-05","0.35177453726919","0.33270908248299",NA,"331.354077476538","338.099563202686","3.9690533626402e-07","70","No gap","1.0210805013479","0.974194164301849","0.439452837340884","0.560547162659116","0.900122503436558","0.652744484877988","0.755244935566518","0.766481066550345","0.0723640440215802","0.0217885337735802","0.01","0.1","","","","2.20016564147824","","","","","","","","",""
"40523","AMBSLMoMDifferenceL1","BAA10YB_IndexMoMDifferenceL0",NA,"0",NA,"0.00559025781177073","0.132161692241938","-0.112805230321092","1.30067978986235e-06","0.154344561516419","-0.538145265877166","0.258282153829441","6.3923879613771e-05","0.351152293424445","0.332068537348694",NA,"331.421239566548","338.166725292696","4.10066520295516e-07","70","No gap","1.06557376008886","0.751274916218589","0.33220042195857","0.66779957804143","0.476761830945071","0.150269260838328","0.463299898880173","0.47231917941558","0.061181856631834","0.0146670086322577","0.01","0.1","","","","2.40017397905911","","","","","","","","",""
"16037","IPMANSICSMoMPercentChangeL0","BAA10YB_IndexMoMDifferenceL0",NA,"0",NA,"-34.0398887497671","0.134555270249897","-0.113673761501429","9.82709765221022e-07","-0.151834303287469","-0.54228865481077","0.0344101713518767","1.23900442097296e-05","0.350885206709629","0.331793595142265",NA,"331.450047903157","338.195533629305","4.1584475762857e-07","70","No gap","1.05279324525487","0.825048237317378","0.550468039242242","0.449531960757758","0.442915676792234","0.614113328604021","0.742212308842016","0.709303540094014","0.0338262012565878","0.0439671342757312","0.01","0.1","","","","2.17359022963316","","","","","","","","",""
"39477","M1SLMoMPercentChangeL1","BAA10YB_IndexMoMDifferenceL0",NA,"0",NA,"-43.0592416451925","0.135345839006519","-0.122648188324861","1.0470785491045e-07","-0.125960561191974","-0.585101787634876","0.0768030515957678","3.02620747213525e-06","0.350798132634015","0.331703960064427",NA,"331.459437269383","338.204922995531","4.17745569247785e-07","70","No gap","1.00339368316882","0.934902828441066","0.613456722209943","0.386543277790057","0.487545042609929","0.808677355767788","0.570716633185679","0.597234659273115","0.134850354231655","0.0272374526123456","0.01","0.1","","","","2.18493148883921","","","","","","","","",""
"16519","IPB51222SMoMDifferenceL0","BAA10YB_IndexMoMDifferenceL0",NA,"0",NA,"0.0851870649185253","0.136207787498392","-0.118779987107444","2.24543093545992e-07","0.148372942532119","-0.566648262326805","0.167078723942608","3.64394729999001e-05","0.350703829704395","0.33160688351923",NA,"331.469604716532","338.21509044268","4.19813697472016e-07","70","No gap","1.00438650735434","0.76941645091159","0.344163026423693","0.655836973576307","0.240433304442138","0.522529257554012","0.435787642242341","0.946168294493197","0.106088476122141","0.01","0.01","0.1","","","","2.27295847523184","","","","","","","","",""
"15551","IPMANSICSMoMDifferenceL0","BAA10YB_IndexMoMDifferenceL0",NA,"0",NA,"-0.309972589952079","0.147045723107527","-0.114126799318959","8.91449157961961e-07","-0.147121622528266","-0.544449903505292","0.0396736834986211","1.22094468699059e-05","0.349571187300333","0.330440928103285",NA,"331.591607431555","338.337093157703","4.45443091079412e-07","70","No gap","1.04928369441447","0.841626043744732","0.542555477526611","0.457444522473389","0.45369132881034","0.62646072152036","0.743462524606413","0.716125305552468","0.0348916632578545","0.0432396057593506","0.01","0.1","","","","2.17608888316027","","","","","","","","",""
"40723","AMBSLMoMPercentChangeL1","BAA10YB_IndexMoMDifferenceL0",NA,"0",NA,"20.1623908364372","0.149961648060088","-0.113332815840942","1.18129203341369e-06","0.147369343826935","-0.540662149616019","0.265739316210694","2.80982203096032e-05","0.349282138211579","0.330143377570743",NA,"331.622708362668","338.368194088816","4.52223109737027e-07","70","No gap","1.06251690027856","0.751099773072139","0.33273561895109","0.667264381048911","0.422796911634907","0.158719759589011","0.513867086029497","0.481615046818598","0.0657302452969109","0.0148810469784854","0.01","0.1","","","","2.3954088824642","","","","","","","","",""
"29517","USCONSMoMPercentChangeL0","BAA10YB_IndexMoMDifferenceL0",NA,"0",NA,"-70.3916615886611","0.152151220842354","-0.117923651778633","2.88634271048841e-07","-0.116696951358057","-0.562563054558587","0.133340825610615","3.4596418079613e-06","0.349069154382466","0.329924129511362",NA,"331.645616030591","338.391101756739","4.57282903987277e-07","70","No gap","1.00951830521902","0.810699525805281","0.523837047078436","0.476162952921564","0.771277666069524","0.894782419188158","0.774766326293282","0.762457492607866","0.0977031319186223","0.0319370304053038","0.01","0.1","","","","2.22884020089204","","","","","","","","",""
"40819","BUSLOANSMoMDifferenceL0","BAA10YB_IndexMoMDifferenceL0",NA,"0",NA,"-0.0266460071533748","0.153251456226371","-0.119768238528721","1.84650632354673e-07","-0.102454989922849","-0.571362785069612","0.163697195807221","1.49777181581757e-06","0.348963412546342","0.329815277621234",NA,"331.656986404929","338.402472131077","4.59815351128157e-07","70","No gap","1.00128608417359","0.815219903004347","0.492912235144982","0.507087764855018","0.280846444432647","0.524085034412792","0.867881140175977","0.897046858929234","0.188049531437256","0.016657180164256","0.01","0.1","","","","2.23652144659359","","","","","","","","",""
"5829","INDPROMoMPercentChangeL1","BAA10YB_IndexMoMDifferenceL0",NA,"0",NA,"-40.4866545195702","0.154562573307738","-0.122720103255634","1.07847488868117e-07","-0.140397473724746","-0.585444862857819","0.100654713854754","8.89654663405875e-05","0.348838499122625","0.329686690273291",NA,"331.670415912721","338.415901638869","4.62824485958357e-07","70","No gap","1.00403058299715","0.881307640900682","0.52098056006737","0.47901943993263","0.671550465575557","0.37739799436631","0.618560743350933","0.784652221449246","0.0620448935716372","0.0517202598468056","0.01","0.1","","","","2.53988221338023","","","","","","","","",""
"16999","IPB51222SMoMPercentChangeL0","BAA10YB_IndexMoMDifferenceL0",NA,"0",NA,"8.22894123479907","0.156489110120577","-0.119093888217202","2.16860020681408e-07","0.141008579288747","-0.568145749594807","0.185900532618563","3.68454651181028e-05","0.34865707519729","0.329499930350152",NA,"331.689916306893","338.435402033041","4.67229009704084e-07","70","No gap","1.00347707504182","0.779493693053097","0.349690681709354","0.650309318290646","0.22033289878827","0.506579634535971","0.484779622290175","0.941883777862875","0.101193861431083","0.01","0.01","0.1","","","","2.26973479912859","","","","","","","","",""
"5261","INDPROMoMDifferenceL1","BAA10YB_IndexMoMDifferenceL0",NA,"0",NA,"-0.379025448464901","0.159208827688763","-0.122646582783882","1.09974953776634e-07","-0.138989411379858","-0.585094128288989","0.102073616529318","8.76876406425044e-05","0.348405148115095","0.329240593647892",NA,"331.716985743805","338.462471469953","4.73412704926623e-07","70","No gap","1.00380526593068","0.885698451876501","0.519639307628401","0.480360692371599","0.669472008504971","0.387452520209517","0.626811782501793","0.787301616202082","0.0624547880089933","0.050756394855761","0.01","0.1","","","","2.54802890622965","","","","","","","","",""
"29157","USCONSMoMDifferenceL0","BAA10YB_IndexMoMDifferenceL0",NA,"0",NA,"-0.0105221800804955","0.159927644483539","-0.118590936650471","2.46860881490548e-07","-0.114232770799924","-0.565746383857671","0.119359577092562","3.82226037085282e-06","0.348339365687978","0.329172876443507",NA,"331.724052308958","338.469538035106","4.75040406233695e-07","70","No gap","1.00586952560437","0.826654451762425","0.515533755348452","0.484466244651548","0.825289611008466","0.875377737378716","0.759774342278951","0.7485400647078","0.102617377100528","0.032731159468373","0.01","0.1","","","","2.23268550809565","","","","","","","","",""
"22231","UEMPMEANMoMDifferenceL1","BAA10YB_IndexMoMDifferenceL0",NA,"0",NA,"-0.423769708008642","0.161026960063475","-0.121496973241345","1.32623810491877e-07","-0.135626158445952","-0.579609835307513","0.127686003739016","1.98451082824146e-05","0.348239397890348","0.329069968416535",NA,"331.734789813692","338.48027553984","4.77524384479011e-07","70","No gap","1.00051158022242","0.993387208801658","0.471876313976437","0.528123686023563","0.66500777586988","0.939798163821439","0.609321031805947","0.770248893539782","0.0888873954260859","0.0341870886634976","0.01","0.1","","","","2.267488148372","","","","","","","","",""
"11247","IPNCONGDMoMPercentChangeL1","BAA10YB_IndexMoMDifferenceL0",NA,"0",NA,"-40.0481290804876","0.165952125001876","-0.115180980244845","6.74721690112155e-07","-0.139474531506972","-0.549478947575582","0.171564857818173","4.46958957457292e-05","0.347800704612489","0.32861837239521",NA,"331.781890235519","338.527375961667","4.88574795953767e-07","70","No gap","1.03830873922366","0.885571496933849","0.498600329231767","0.501399670768233","0.300637499534197","0.494375558511993","0.577459081005703","0.810959447624367","0.0465809654595357","0.0464570052716822","0.01","0.1","","","","2.3182259412049","","","","","","","","",""
"41011","BUSLOANSMoMPercentChangeL0","BAA10YB_IndexMoMDifferenceL0",NA,"0",NA,"-50.0513748473409","0.1666368614889","-0.120187944128788","1.72433071261337e-07","-0.0979779510685096","-0.573365020082079","0.201140280459493","1.68811177416614e-06","0.34774087080092","0.328556778765653",NA,"331.788311853462","338.53379757961","4.90101074723803e-07","70","No gap","1.00050458392388","0.791336844650914","0.502280246643358","0.497719753356642","0.206729977953336","0.520102560202343","0.872558583702608","0.910457999903646","0.166906464645541","0.0174503330617567","0.01","0.1","","","","2.23315764117273","","","","","","","","",""
"18647","CUMFNSMoMDifferenceL1","BAA10YB_IndexMoMDifferenceL0",NA,"0",NA,"-0.941561616758389","0.169310876306353","-0.118095955248467","2.85691549667396e-07","-0.137383738993804","-0.563385040350573","0.1991812184836","2.37003911702606e-05","0.347509825802954","0.32831893832657",NA,"331.81310305279","338.558588778938","4.96038271791122e-07","70","No gap","1.00913480956594","0.754456965087169","0.572583298919433","0.427416701080567","0.114827658005788","0.291216296751733","0.423748122158571","0.810963721909201","0.127501545898495","0.0449535084252628","0.01","0.1","","","","2.38737358356272","","","","","","","","",""
"19111","CUMFNSMoMPercentChangeL1","BAA10YB_IndexMoMDifferenceL0",NA,"0",NA,"-71.6062610820971","0.170633704736179","-0.118109663876301","2.8538594056944e-07","-0.136963384125049","-0.563450438321479","0.198541591645205","2.36701633929625e-05","0.347397040459228","0.328202835766852",NA,"331.825201766478","338.570687492626","4.9896183140774e-07","70","No gap","1.00909905124036","0.757225144496207","0.571343718419011","0.428656281580989","0.114775879090334","0.292631639478061","0.425699403480624","0.81219803169139","0.126721406056143","0.0449868161769194","0.01","0.1","","","","2.39167116706865","","","","","","","","",""
"35301","AWOTMANMoMPercentChangeL0","BAA10YB_IndexMoMDifferenceL0",NA,"0",NA,"-13.7744419862436","0.177206554644242","-0.123176326836787","1.05923729580787e-07","-0.134754818729087","-0.587621309461224","0.0734993207421073","1.67806537114041e-05","0.34685088139002","0.327640613195609",NA,"331.883759800141","338.629245526289","5.1335729078783e-07","70","No gap","1.00691089163972","0.876758786865643","0.540428942477301","0.459571057522699","0.747927958744377","0.380927622654249","0.499772207170683","0.667150280448926","0.0697479638336439","0.0360339187677157","0.01","0.1","","","","2.24138560399783","","","","","","","","",""
"35013","AWOTMANMoMDifferenceL0","BAA10YB_IndexMoMDifferenceL0",NA,"0",NA,"-3.13251496171711","0.179024973442204","-0.123266426556936","1.05120971721718e-07","-0.134253859454811","-0.588051136497764","0.0768010801135745","1.72023524652243e-05","0.346703819831889","0.327489226297533",NA,"331.899519065565","338.645004791713","5.17301862013042e-07","70","No gap","1.00751512114128","0.876505763414168","0.540451584572046","0.459548415427954","0.785070760190212","0.380164582929314","0.506825669904256","0.675248215649217","0.0696577712762599","0.036107956039109","0.01","0.1","","","","2.2412571567279","","","","","","","","",""
"43523","DTCTHFNMMoMPercentChangeL0","BAA10YB_IndexMoMDifferenceL0",NA,"0",NA,"-18.5707119159272","0.180720029640605","-0.119157671305226","2.22563670209578e-07","-0.133065200711401","-0.568450031291367","0.00298324845954606","1.95429633988854e-05","0.346568251770883","0.327349670940615",NA,"331.914043534045","338.659529260193","5.20964196337736e-07","70","No gap","1.00361064410147","0.762583156169836","0.562607442077191","0.437392557922809","0.391618018262184","0.600737909336096","0.703135810341407","0.863048742601164","0.0670137821232457","0.0323839600353639","0.01","0.1","","","","6.91523640241377","","","","","","","","",""
"10719","IPNCONGDMoMDifferenceL1","BAA10YB_IndexMoMDifferenceL0",NA,"0",NA,"-0.390000485678429","0.182652042275658","-0.115258324745264","6.94008173743352e-07","-0.134465051418837","-0.549847924941469","0.183150971447232","4.30933494573976e-05","0.346415481499365","0.327192407425817",NA,"331.930407399327","338.675893125475","5.25121403915918e-07","70","No gap","1.04023096737716","0.888072701287985","0.498484124452047","0.501515875547953","0.310587560252676","0.480624640736739","0.580119481948639","0.813152498744483","0.0464990471250514","0.045927012149952","0.01","0.1","","","","2.32017725957492","","","","","","","","",""
"45127","VIX_IndexMoMPercentChangeL0","BAA10YB_IndexMoMDifferenceL0",NA,"0",NA,"-1.61524180471692","0.186549290611228","-0.109513819835731","6.14772092661365e-06","-0.141523741940798","-0.522443361225106","0.148660126055689","4.52161616853347e-05","0.346112831897642","0.32688085636522",NA,"331.962814177564","338.708299903712","5.33452438333804e-07","70","No gap","1.16870632503122","0.852435437355188","0.543602211215195","0.456397788784805","0.497208071191152","0.484099924678068","0.565603791263952","0.65752647862526","0.0859583900597599","0.0375411090720151","0.01","0.1","","","","2.21593505599767","","","","","","","","",""
"24343","UEMP5TO14MoMPercentChangeL1","BAA10YB_IndexMoMDifferenceL0",NA,"0",NA,"9.29805673403259","0.189166215934243","-0.119752157030651","1.96134380988706e-07","0.130494517088716","-0.571286067154759","0.156359994144595","8.0243250037754e-06","0.345913625711741","0.326675791173851",NA,"331.984136372041","338.729622098189","5.39005842847828e-07","70","No gap","1.001563949789","0.833870195465316","0.564984402921623","0.435015597078377","0.373746405977537","0.843412497200402","0.640231130975607","0.61485629826764","0.0690394600404409","0.0326199945744796","0.01","0.1","","","","2.38110094265654","","","","","","","","",""
"43395","DTCTHFNMMoMDifferenceL0","BAA10YB_IndexMoMDifferenceL0",NA,"0",NA,"-2.01504601178944e-05","0.192811609550548","-0.119143017902088","2.27538248047621e-07","-0.129516283725417","-0.568380126203585","0.00287281477914356","5.33739258395366e-06","0.345641320142961","0.326395476617753",NA,"332.013272314783","338.758758040932","5.46687944691371e-07","70","No gap","1.00387851991285","0.765389872181283","0.561496311857496","0.438503688142504","0.385011274509241","0.564676601027056","0.703428577691796","0.861610019128311","0.0701615104992856","0.0321531584132226","0.01","0.1","","","","6.99328906093556","","","","","","","","",""
"44443","ism_man_pmiMoMPercentChangeL1","BAA10YB_IndexMoMDifferenceL0",NA,"0",NA,"-13.4080606161516","0.198544898415382","-0.126261481500147","8.97443583929131e-08","-0.130373122867959","-0.602339256243127","0.203311731452515","6.73100229926278e-06","0.34522478125409","0.325966686585092",NA,"332.057817373522","338.80330309967","5.58645065540375e-07","70","No gap","1.04086026434702","0.829892118397469","0.517329828169611","0.482670171830389","0.691695744250034","0.916548176951342","0.504438814378677","0.803625335728465","0.0512607243141577","0.0394682574797877","0.01","0.1","","","","2.54588559299337","","","","","","","","",""
"45363","AAIIBEAR_IndexMoMDifferenceL1","BAA10YB_IndexMoMDifferenceL0",NA,"0",NA,"-0.0478622251583426","0.199669442661914","-0.120056904314914","1.85926358594575e-07","-0.12778249383008","-0.572739885455991","0.171118768542566","4.07305411274351e-05","0.345144703284982","0.3258842533816",NA,"332.066377738874","338.811863465022","5.60972686858285e-07","70","No gap","1.00084652789733","0.946621539560689","0.451715049926146","0.548284950073854","0.438694567496729","0.416267841635547","0.730209467819788","0.851815248166818","0.0740044312483123","0.0247946004197433","0.01","0.1","","","","2.48602239849676","","","","","","","","",""
"44531","ism_man_pricesMoMDifferenceL1","BAA10YB_IndexMoMDifferenceL0",NA,"0",NA,"0.0845167663716666","0.202615158798506","-0.115925638630443","5.89070231703179e-07","0.129037090155242","-0.553031392650732","0.243964378041264","2.62853581904394e-05","0.344937383220066","0.325670835667715",NA,"332.088535470311","338.834021196459","5.67042663157658e-07","70","No gap","1.03407060707458","0.975988811314213","0.43234862814982","0.56765137185018","0.784022903565636","0.755241238821478","0.53877579980296","0.63915982675062","0.0612813648119204","0.028974004106313","0.01","0.1","","","","2.19623005946271","","","","","","","","",""
"22663","UEMPMEANMoMPercentChangeL1","BAA10YB_IndexMoMDifferenceL0",NA,"0",NA,"-10.3378896180192","0.206336579247365","-0.121774992315016","1.35193934527505e-07","-0.12323489858762","-0.580936144804811","0.15314214199436","1.97348852350476e-05","0.344680395535973","0.325406289522325",NA,"332.115991792329","338.861477518477","5.7465535141521e-07","70","No gap","1.00126657530548","0.987001674188523","0.478007767804389","0.521992232195611","0.524057782764786","0.916667969765874","0.685694176628758","0.799444338922706","0.0821625752700172","0.0324208996885294","0.01","0.1","","","","2.29299393415081","","","","","","","","",""
"43059","MZMSLMoMPercentChangeL1","BAA10YB_IndexMoMDifferenceL0",NA,"0",NA,"-74.2123229794473","0.209700753748046","-0.123767025277587","1.0548606991688e-07","-0.0712835673697826","-0.590439277817592","0.192668844027791","1.60260142953895e-06","0.344452660138436","0.325171856024861",NA,"332.140313830591","338.885799556739","5.8148433568217e-07","70","No gap","1.01252106156054","0.686341632111446","0.576328532509555","0.423671467490445","0.708517284058842","0.228157792853809","0.54870622049111","0.816292706448242","0.150771882328704","0.0347779236951638","0.01","0.1","","","","2.25839570562521","","","","","","","","",""
"40323","M2REALMoMPercentChangeL1","BAA10YB_IndexMoMDifferenceL0",NA,"0",NA,"-77.9220027184149","0.212416114159242","-0.123142978063234","1.1297964790718e-07","-0.0925756597189569","-0.58746221679718","0.233851322361914","2.61648877002512e-06","0.344271921559542","0.324985801605411",NA,"332.159610616646","338.905096342794","5.86960049342444e-07","70","No gap","1.00784879643879","0.712386181660541","0.571899977774113","0.428100022225887","0.853062714230737","0.881451141039456","0.518642698960726","0.761073372234277","0.120436765229353","0.023757883289768","0.01","0.1","","","","2.27952325780128","","","","","","","","",""
"37077","HOUSTNEMoMPercentChangeL1","BAA10YB_IndexMoMDifferenceL0",NA,"0",NA,"1.09697230894887","0.21301722368118","-0.120335709346487","1.78075360173039e-07","0.122089003677172","-0.574069944420602","0.240101906347288","1.61318445180229e-05","0.344232274493384","0.324944988449072",NA,"332.163842875145","338.909328601294","5.88167885617885e-07","70","No gap","1.00036991550949","0.833455281594699","0.553793623280316","0.446206376719684","0.781222716572373","0.995337734402742","0.791357935575301","0.679882501321496","0.126643330770533","0.0401449317260812","0.01","0.1","","","","2.30149021590121","","","","","","","","",""
"36681","HOUSTNEMoMDifferenceL0","BAA10YB_IndexMoMDifferenceL0",NA,"0",NA,"-0.0106360903724296","0.214004134153747","-0.123597708467427","1.08021444939992e-07","-0.124495561511317","-0.589631540095133","0.231978574465859","1.56484239288966e-06","0.34416746347731","0.324878271226643",NA,"332.170760792533","338.916246518681","5.90147530954432e-07","70","No gap","1.01132519141779","0.85256826275408","0.535082832400656","0.464917167599344","0.115024122556238","0.557102232818116","0.877610717420171","0.91364317137754","0.143831009843755","0.0282181841809844","0.01","0.1","","","","2.31128864464023","","","","","","","","",""
"42915","MZMSLMoMDifferenceL1","BAA10YB_IndexMoMDifferenceL0",NA,"0",NA,"-0.00540082764176432","0.21889505995471","-0.124012283304951","1.05105876884071e-07","-0.0686806043565601","-0.591609298444906","0.152773884395976","3.73442726287051e-06","0.343851346538815","0.324552856731134",NA,"332.204493267193","338.949978993341","5.9989635758928e-07","70","No gap","1.01529914622419","0.700791780692806","0.56255884840328","0.43744115159672","0.739743101455038","0.276577638702331","0.562886290669723","0.81169143471792","0.156846354380467","0.0345332686075069","0.01","0.1","","","","2.26138768363008","","","","","","","","",""
"44739","USGG2YR_IndexMoMPercentChangeL0","BAA10YB_IndexMoMDifferenceL0",NA,"0",NA,"-2.52880341295176","0.225605118494007","-0.128883752209757","1.11137389433093e-07","-0.122840754440706","-0.614848982646843","0.320896245488507","0.000106182478915762","0.343430877924041","0.324120021392396",NA,"332.249335813838","338.994821539986","6.13105832880656e-07","70","No gap","1.10107176887292","0.90324913774642","0.52505693611294","0.47494306388706","0.571491535267016","0.0414202369881185","0.351606873815195","0.697475722966784","0.0588219043649904","0.0266133860398417","0.01","0.1","","","","2.26422539775411","","","","","","","","",""
"44395","ism_man_pmiMoMPercentChangeL0","BAA10YB_IndexMoMDifferenceL0",NA,"0",NA,"12.5679808497233","0.229323730496402","-0.116014322452992","6.13794645432444e-07","0.121980246849012","-0.553454465048425","0.214962587617672","8.79595695540829e-06","0.34320415545999","0.323886630620578",NA,"332.273503616459","339.018989342607","6.20345273261158e-07","70","No gap","1.03685744346676","0.920693888345691","0.501124134883187","0.498875865116813","0.712717311457758","0.79054022751596","0.684298312060279","0.641762283880128","0.0648646307398229","0.0478561335340176","0.01","0.1","","","","2.35638153688906","","","","","","","","",""
"44347","ism_man_pmiMoMDifferenceL1","BAA10YB_IndexMoMDifferenceL0",NA,"0",NA,"-0.225252805560917","0.232608465355611","-0.125427867599184","1.01088672371926e-07","-0.120850484402199","-0.598362442640643","0.235732178984567","8.45516361644913e-06","0.343007473941619","0.323684164351666",NA,"332.294462405099","339.039948131247","6.26692630900649e-07","70","No gap","1.03389944211019","0.83577063813256","0.515449021931128","0.484550978068872","0.748151491409598","0.929393514612477","0.492672646149363","0.794852938795487","0.0505699026965169","0.0389882006785984","0.01","0.1","","","","2.56800374323774","","","","","","","","",""
"40115","M2REALMoMDifferenceL1","BAA10YB_IndexMoMDifferenceL0",NA,"0",NA,"-0.0145757807855523","0.235094877529386","-0.123299045214582","1.15158657611288e-07","-0.0882596965256984","-0.588206746092651","0.254560855741649","2.5247936976039e-06","0.342860771905607","0.32353314754989",NA,"332.310091191986","339.055576918134","6.31468035416916e-07","70","No gap","1.00985695911283","0.724680075918128","0.56570540930386","0.43429459069614","0.884044120366835","0.876921638705573","0.533329522122954","0.763959761741357","0.122057668956249","0.0236852184167237","0.01","0.1","","","","2.28546976857919","","","","","","","","",""
"42987","MZMSLMoMPercentChangeL0","BAA10YB_IndexMoMDifferenceL0",NA,"0",NA,"-70.3066017146931","0.236964722393214","-0.122804114188714","1.21797987729202e-07","-0.0684727356479084","-0.585845642908444","0.323443965061169","2.27422390718083e-06","0.34275165820619","0.323420824624019",NA,"332.32171327234","339.067198998488","6.35042759267179e-07","70","No gap","1.00634361850694","0.62213207485741","0.635964711155858","0.364035288844142","0.238556287135045","0.431776561687606","0.55140697888277","0.903443483344693","0.108877635388468","0.0293854338524791","0.01","0.1","","","","2.44853310452708","","","","","","","","",""
"44299","ism_man_pmiMoMDifferenceL0","BAA10YB_IndexMoMDifferenceL0",NA,"0",NA,"0.221015972912066","0.241877670129217","-0.116255033512694","5.8312362603586e-07","0.118703425881981","-0.55460279404748","0.231548901360923","8.4274148632928e-06","0.342469790137239","0.323130666317747",NA,"332.351727094978","339.097212821126","6.4436831248571e-07","70","No gap","1.03508198289812","0.90595088894053","0.508513480035192","0.491486519964808","0.735818449719231","0.810372465391934","0.68264219511772","0.650170411088631","0.067508336759354","0.0473516346838665","0.01","0.1","","","","2.37759756164012","","","","","","","","",""
"25959","UEMP15T26MoMPercentChangeL1","BAA10YB_IndexMoMDifferenceL0",NA,"0",NA,"-4.68153926545892","0.254058198395008","-0.123712359154642","1.14562491044485e-07","-0.113872474385438","-0.590178489242602","0.18922912013444","1.74543730374152e-05","0.341799600067629","0.3224407647755",NA,"332.423038514779","339.168524240927","6.67078314364744e-07","70","No gap","1.01455630391537","0.981718516793936","0.454105513087676","0.545894486912324","0.94272215598471","0.731362381353066","0.725927109918136","0.733830203113249","0.0803105757494558","0.0323776090524853","0.01","0.1","","","","2.22979819838327","","","","","","","","",""
"41898","WPSFD49502MoMDifferenceL0","BAA10YB_IndexMoMDifferenceL0",NA,"0",NA,"0.201921865855465","0.25699853754509","-0.115406966966268","8.26630409915836e-07","0.115645349792468","-0.550557033085788","0.238375746318409","1.67930934270335e-05","0.341643616315085","0.322280193265529",NA,"332.439625513327","339.185111239475","6.72474366414377e-07","70","No gap","1.05249173443654","0.447037093718167","0.685484910503183","0.314515089496817","0.21551743762453","0.804947482557529","0.618040046900874","0.865352173656445","0.087730324193343","0.0359093360317661","0.01","0.1","","","","2.21953517281841","","","","","","","","",""
"42843","MZMSLMoMDifferenceL0","BAA10YB_IndexMoMDifferenceL0",NA,"0",NA,"-0.00490373651076041","0.264964747079882","-0.1224962111162","1.30857859324962e-07","-0.0633269307310169","-0.584376769697947","0.32717599931836","8.93365426675798e-07","0.341231685669352","0.321856147012568",NA,"332.483410503746","339.228896229894","6.86929034543482e-07","70","No gap","1.00507468549471","0.639876604461822","0.572565132275035","0.427434867724965","0.305416002087735","0.591704936728936","0.577822150824672","0.882684798789121","0.111907888197192","0.0291299754718763","0.01","0.1","","","","2.49267621569248","","","","","","","","",""
"44659","USGG2YR_IndexMoMDifferenceL0","BAA10YB_IndexMoMDifferenceL0",NA,"0",NA,"-2.97839322886657","0.267007840529314","-0.129542234783805","1.55895505541377e-07","-0.115217747672397","-0.617990319966734","0.273613722576881","0.000145855518618323","0.341128469556469","0.32174989513166",NA,"332.494377275805","339.239863001953","6.90597874442034e-07","70","No gap","1.14072907325132","0.983043123470142","0.44736372866026","0.55263627133974","0.632428210116083","0.122213025077052","0.655758887466562","0.720730024088968","0.0535161538435795","0.0393360788396657","0.01","0.1","","","","2.26423388836763","","","","","","","","",""
"45395","AAIIBEAR_IndexMoMPercentChangeL1","BAA10YB_IndexMoMDifferenceL0",NA,"0",NA,"-1.11624919217035","0.268611435169417","-0.12092817622166","1.67373794153448e-07","-0.109399824027075","-0.576896349217224","0.254170048802029","2.65150885789754e-05","0.341048132293139","0.321667195007643",NA,"332.502911967855","339.248397694003","6.9346663600367e-07","70","No gap","1.00001590995527","0.874834729139569","0.519871412698562","0.480128587301438","0.544264907675572","0.476895897123074","0.720041268701332","0.834316314339701","0.0834308382449053","0.0253490566975059","0.01","0.1","","","","2.38972879646842","","","","","","","","",""
"33201","USFIREMoMDifferenceL0","BAA10YB_IndexMoMDifferenceL0",NA,"0",NA,"-0.021541315325798","0.268640375164052","-0.119389312894093","2.35208382630024e-07","-0.0821074655000575","-0.569555093743474","0.233437293175788","2.61872538539685e-06","0.34104668785962","0.321665708090785",NA,"332.503065408858","339.248551135006","6.93518320882269e-07","70","No gap","1.00391153215165","0.632604210218535","0.604048762597251","0.395951237402749","0.865614960046441","0.913763594752506","0.626081387042366","0.766826207096759","0.121809742912276","0.0288166604559928","0.01","0.1","","","","2.27269695993365","","","","","","","","",""
"42064","WPSFD49502MoMPercentChangeL0","BAA10YB_IndexMoMDifferenceL0",NA,"0",NA,"40.9339788119942","0.272325987276866","-0.115577025646466","8.11303059845675e-07","0.112006470596373","-0.551368309951315","0.249463470871342","1.790196677731e-05","0.340864281391389","0.32147793672643",NA,"332.522439597642","339.26792532379","7.00075353909924e-07","70","No gap","1.05248802654552","0.462550572237069","0.678005381644021","0.321994618355979","0.218527843217268","0.807083283547496","0.615843363846362","0.862061467822966","0.0870326549333199","0.035777229114109","0.01","0.1","","","","2.22091072579861","","","","","","","","",""
"31753","SRVPRDMoMPercentChangeL1","BAA10YB_IndexMoMDifferenceL0",NA,"0",NA,"-202.271225396548","0.273426463142746","-0.121214892557428","1.59529488384295e-07","-0.0516420069383132","-0.57826414961357","0.34217573486161","2.27850058903998e-06","0.340810405599729","0.321422476352662",NA,"332.52816095546","339.273646681608","7.02023530640972e-07","70","No gap","1.0002738311337","0.752812908049713","0.517896487131291","0.482103512868709","0.354575520355536","0.4885408072709","0.749053846610982","0.844448933530602","0.119807175529099","0.0305507766681833","0.01","0.1","","","","2.38011020973633","","","","","","","","",""
"41560","WPSFD49207MoMDifferenceL0","BAA10YB_IndexMoMDifferenceL0",NA,"0",NA,"0.277437681500481","0.273564445459081","-0.115696497456763","7.77785034862901e-07","0.111158268622341","-0.551938258604708","0.258311265912839","1.78963669697906e-05","0.340803669290884","0.321415541917087",NA,"332.528876287155","339.274362013303","7.02267488938979e-07","70","No gap","1.05038751494831","0.455840235834032","0.680599553970916","0.319400446029084","0.197296057089714","0.738698110885407","0.604798181846423","0.872253895546729","0.0864520197579092","0.035721826675837","0.01","0.1","","","","2.22003813958845","","","","","","","","",""
"28057","USGOODMoMPercentChangeL0","BAA10YB_IndexMoMDifferenceL0",NA,"0",NA,"-111.813090588332","0.275018205000085","-0.116361036443074","6.09189165371584e-07","-0.090965225653421","-0.555108488464228","0.240495567388089","6.30955294601054e-06","0.34073295045078","0.321342743111097",NA,"332.536385511736","339.281871237884","7.04833572395813e-07","70","No gap","1.03842958195949","0.81903946765599","0.532372870796704","0.467627129203296","0.835465305661085","0.400959328522255","0.747239295745933","0.792017928458077","0.0897595609723316","0.0432806731030972","0.01","0.1","","","","2.33884617830706","","","","","","","","",""
"33513","USFIREMoMPercentChangeL0","BAA10YB_IndexMoMDifferenceL0",NA,"0",NA,"-174.510895308422","0.275206228514097","-0.119387581385667","2.36921993779212e-07","-0.081282082811509","-0.569546833461042","0.243937296480506","2.67706983044282e-06","0.340723837673549","0.321333362311007",NA,"332.537353086254","339.282838812402","7.05164897252253e-07","70","No gap","1.00402880476431","0.627737718605603","0.606394712726653","0.393605287273347","0.879902698380474","0.915324933697919","0.636101694571349","0.770814695181267","0.11993003790216","0.0287356516370416","0.01","0.1","","","","2.26986982117583","","","","","","","","",""
"31417","SRVPRDMoMDifferenceL1","BAA10YB_IndexMoMDifferenceL0",NA,"0",NA,"-0.00163955578476929","0.276108436853592","-0.121166672742252","1.61270787104625e-07","-0.0508292909470381","-0.578034113602076","0.338945677352061","1.19910864005088e-06","0.340680217893271","0.321288459596015",NA,"332.541984352766","339.287470078914","7.067529315119e-07","70","No gap","1.00021090542261","0.758657968245772","0.515804753753907","0.484195246246093","0.378652875549038","0.534753314193979","0.749531847231399","0.841215647406274","0.122436176730782","0.0305040345979719","0.01","0.1","","","","2.39023508579646","","","","","","","","",""
"39907","M2SLMoMPercentChangeL1","BAA10YB_IndexMoMDifferenceL0",NA,"0",NA,"-63.0819720009164","0.277176201757205","-0.122290904775795","1.36045591413864e-07","-0.0555559701171857","-0.583397341396363","0.200942481141577","4.43938981890474e-06","0.340628821029159","0.321235551059429",NA,"332.547440946609","339.292926672758","7.08628555501356e-07","70","No gap","1.00409915868847","0.765546475448018","0.521665733183132","0.478334266816868","0.814065478702662","0.753937126856167","0.497382027434874","0.738622510308598","0.135445463943896","0.02686942602735","0.01","0.1","","","","2.2822107767185","","","","","","","","",""
"25559","UEMP15T26MoMDifferenceL1","BAA10YB_IndexMoMDifferenceL0",NA,"0",NA,"-0.00381499270859453","0.279784587696732","-0.124054055498171","1.17407601558218e-07","-0.107302882426706","-0.591808575623476","0.194553517786666","4.93953934908017e-06","0.340504291023324","0.321107358406363",NA,"332.560660022036","339.306145748184","7.13193080481567e-07","70","No gap","1.02027012764902","0.995192066333657","0.270790803096939","0.729209196903061","0.936220513785441","0.637784506309676","0.730831266134574","0.744521144387701","0.0786113874236933","0.0329227468078313","0.01","0.1","","","","2.22710348512954","","","","","","","","",""
"42771","WPSID62MoMPercentChangeL1","BAA10YB_IndexMoMDifferenceL0",NA,"0",NA,"-9.57352548375019","0.282399574606081","-0.122485131476761","1.33628216775101e-07","-0.107023363025168","-0.584323913500638","0.181161665273972","1.78237074559231e-05","0.340380884153666","0.320980321922891",NA,"332.573757412405","339.319243138553","7.17744584211033e-07","70","No gap","1.00538125301582","0.94581480946024","0.424162893074907","0.575837106925093","0.578667926795187","0.664685850964692","0.489663267053483","0.66928869399249","0.116610014482969","0.0474596577223583","0.01","0.1","","","","2.23531007815111","","","","","","","","",""
"41730","WPSFD49207MoMPercentChangeL0","BAA10YB_IndexMoMDifferenceL0",NA,"0",NA,"53.3529565559203","0.28632684339384","-0.115829829766947","7.66422833587014e-07","0.108262646158027","-0.552574329745288","0.268715700367407","1.86609540452073e-05","0.340198196602679","0.32079226120864",NA,"332.593141868819","339.338627594967","7.24534283569334e-07","70","No gap","1.05039011555311","0.468145747953246","0.674604937706682","0.325395062293318","0.19715336576595","0.737167707971007","0.603138130222075","0.869631964896985","0.0859302903137694","0.0356489016724595","0.01","0.1","","","","2.22165061493565","","","","","","","","",""
"45011","USGG30YR_IndexMoMPercentChangeL0","BAA10YB_IndexMoMDifferenceL0",NA,"0",NA,"6.35283079146816","0.287973369381139","-0.107351370662036","3.60811081576291e-05","0.124007824650174","-0.512127245720427","0.289692454823917","0.00065877161990095","0.340122532470854","0.320714371661173",NA,"332.601168802864","339.346654529012","7.27364609098835e-07","70","No gap","1.36809861773352","0.754781719410888","0.56385281885604","0.43614718114396","0.597810842570132","0.977222754477456","0.753880362464778","0.765230484961818","0.155341362968231","0.0413665886399984","0.01","0.1","","","","2.43902814108531","","","","","","","","",""
"18415","CUMFNSMoMDifferenceL0","BAA10YB_IndexMoMDifferenceL0",NA,"0",NA,"-0.729093258374305","0.288257869410388","-0.119019914516215","2.64701313284376e-07","-0.106316860491777","-0.567792852864109","0.365619309006285","2.52245980933706e-05","0.340109513455752","0.320700969733863",NA,"332.602549850273","339.348035576421","7.27852684900832e-07","70","No gap","1.00668390777401","0.734920379270611","0.600047450425965","0.399952549574035","0.6541984861797","0.651958948897695","0.907941149605686","0.783140422680658","0.0344483695349663","0.0360735277761732","0.01","0.1","","","","2.22595348094107","","","","","","","","",""
"27689","USGOODMoMDifferenceL0","BAA10YB_IndexMoMDifferenceL0",NA,"0",NA,"-0.00550928393369188","0.288709131654331","-0.116562486614482","5.84780718264694e-07","-0.0882681384647728","-0.556069520641058","0.253673546009265","3.58266114401519e-06","0.340088896196387","0.320679746084516",NA,"332.604736858027","339.350222584175","7.28626265211751e-07","70","No gap","1.03708160184918","0.825419268634051","0.523175470892619","0.476824529107381","0.864570510153008","0.415279094522559","0.742325776992324","0.788657380232355","0.0918295967790161","0.0430772210190764","0.01","0.1","","","","2.34438702711142","","","","","","","","",""
"39691","M2SLMoMDifferenceL1","BAA10YB_IndexMoMDifferenceL0",NA,"0",NA,"-0.00497285004289385","0.29437583470921","-0.122419365163103","1.36386656002968e-07","-0.0521595602274237","-0.584010170687042","0.194907498292867","6.42945097652952e-06","0.339833389300044","0.320416724279457",NA,"332.631834479282","339.37732020543","7.38279614664883e-07","70","No gap","1.00521115369744","0.775852101677794","0.502308426892457","0.497691573107543","0.793226251979228","0.801132319948227","0.516335640832258","0.737326891850173","0.140419476665752","0.0269343730136976","0.01","0.1","","","","2.28959196993818","","","","","","","","",""
"18879","CUMFNSMoMPercentChangeL0","BAA10YB_IndexMoMDifferenceL0",NA,"0",NA,"-54.9059767115948","0.294512505282597","-0.11905495112391","2.63955995568498e-07","-0.104956247566628","-0.567959997459358","0.372205238480872","2.50007953647419e-05","0.339827303493863","0.320410459478976",NA,"332.632479777699","339.377965503847","7.38511050424329e-07","70","No gap","1.00659592437527","0.736623905795498","0.599250767672517","0.400749232327483","0.655845297499231","0.648684168019743","0.906356102253277","0.782848001714546","0.0347165496996028","0.0360529380431081","0.01","0.1","","","","2.2266273644741","","","","","","","","",""
"12027","IPBUSEQMoMPercentChangeL0","BAA10YB_IndexMoMDifferenceL0",NA,"0",NA,"-14.6199687516763","0.299898347665435","-0.118650736743908","2.97864628865874e-07","-0.103982702104953","-0.566031664399104","0.110248976098473","1.13159618675599e-05","0.339590278000202","0.320166462647267",NA,"332.657607758357","339.403093484505","7.47579821602784e-07","70","No gap","1.01015185924652","0.86281263366034","0.531664777389363","0.468335222610637","0.645067413598045","0.68345330595558","0.796490322049677","0.777147428572271","0.0431048638283867","0.0353043098745395","0.01","0.1","","","","2.27707171946636","","","","","","","","",""
"44619","ism_man_pricesMoMPercentChangeL1","BAA10YB_IndexMoMDifferenceL0",NA,"0",NA,"3.55972990026855","0.302287619567706","-0.115420726588206","9.47423988063047e-07","0.105969946136088","-0.550622674327647","0.351845060729631","3.39679769735365e-05","0.339486847937633","0.320059990524034",NA,"332.668569949317","339.414055675465","7.51570920831668e-07","70","No gap","1.06295918455764","0.955261868392408","0.418486395237651","0.581513604762349","0.758395512940558","0.810878732891531","0.499664273434799","0.661119813718292","0.0468127938058594","0.0303255883964364","0.01","0.1","","","","2.22170246823457","","","","","","","","",""
"42227","WPSID61MoMDifferenceL0","BAA10YB_IndexMoMDifferenceL0",NA,"0",NA,"0.226544118474057","0.31110825477143","-0.116193653002953","7.11773008530902e-07","0.103507120543492","-0.554309974019188","0.357105039327439","1.16441610809758e-05","0.339113839901811","0.319676011663629",NA,"332.708089514615","339.453575240763","7.66136838858955e-07","70","No gap","1.04797427166037","0.611392622176628","0.603850064181065","0.396149935818935","0.0920186664556097","0.62344991198339","0.765401718182246","0.909089478605239","0.0871261764422207","0.031138570809869","0.01","0.1","","","","2.21874989449343","","","","","","","","",""
"32405","USWTRADEMoMPercentChangeL1","BAA10YB_IndexMoMDifferenceL0",NA,"0",NA,"-92.13480034873","0.311265469322572","-0.118894785594391","2.81135261836504e-07","-0.100827870971927","-0.567195916563267","0.0629014217689974","1.16577387303746e-05","0.339107314661963","0.319669294504962",NA,"332.708780654122","339.45426638027","7.66394071316512e-07","70","No gap","1.00839338740226","0.946213251488178","0.469198429115245","0.530801570884755","0.681851577315329","0.881986771922908","0.63170589503224","0.802651487158944","0.124172784550777","0.0419967208870969","0.01","0.1","","","","2.58122836432038","","","","","","","","",""
"11507","IPBUSEQMoMDifferenceL0","BAA10YB_IndexMoMDifferenceL0",NA,"0",NA,"-0.133032588803778","0.311878838437532","-0.118957559776911","2.7631948879e-07","-0.101347429242913","-0.567495385205334","0.120468164448974","1.16527319504045e-05","0.339081896970521","0.31964312923436",NA,"332.711472776802","339.45695850295","7.67396865608561e-07","70","No gap","1.00787909612472","0.873506156044309","0.527057715171236","0.472942284828764","0.652634480685662","0.705555050460686","0.805722528998755","0.780966084464118","0.0447118134489933","0.0351650669540056","0.01","0.1","","","","2.27776950558684","","","","","","","","",""
"32077","USWTRADEMoMDifferenceL1","BAA10YB_IndexMoMDifferenceL0",NA,"0",NA,"-0.0153467392586415","0.313276341757785","-0.118902357372361","2.81141449720529e-07","-0.100465659877814","-0.56723203826132","0.0608061499848806","1.12737091055906e-05","0.339024224228915","0.319583760235647",NA,"332.717580819179","339.463066545327","7.69676931078322e-07","70","No gap","1.00839701290439","0.945883957484936","0.469689360597098","0.530310639402902","0.676385274781514","0.884862879170009","0.634578529253139","0.803000777781085","0.123944955536775","0.0418856526745088","0.01","0.1","","","","2.59539120948315","","","","","","","","",""
"44947","USGG30YR_IndexMoMDifferenceL0","BAA10YB_IndexMoMDifferenceL0",NA,"0",NA,"2.14690857554182","0.315727007398816","-0.107593242497017","4.18595524590095e-05","0.118278184104039","-0.513281112279397","0.308252614319322","0.000711670271532861","0.338923884031546","0.319480468856004",NA,"332.728206444199","339.473692170347","7.73659515673764e-07","70","No gap","1.39785874029743","0.75879723911245","0.620386749534371","0.379613250465629","0.641438107434449","0.968803136481539","0.798518220698713","0.762931500851395","0.149137216920033","0.0379075219342703","0.01","0.1","","","","2.4744698186825","","","","","","","","",""
"45347","AAIIBEAR_IndexMoMDifferenceL0","BAA10YB_IndexMoMDifferenceL0",NA,"0",NA,"0.0428149001336015","0.319979334910304","-0.132806669167766","5.27327049252544e-07","0.114499818886112","-0.633563533234372","0.366201456222179","4.53864805044473e-05","0.338752139441859","0.319303672954855",NA,"332.746389766228","339.491875492376","7.80522661281147e-07","70","No gap","1.33082400218514","0.836778747817744","0.532630906301523","0.467369093698477","0.643118888744412","0.890527378096398","0.712640796072039","0.717510357751296","0.0669118497779596","0.0361594062941169","0.01","0.1","","","","2.35662061735307","","","","","","","","",""
"43263","DTCOLNVHFNMMoMPercentChangeL0","BAA10YB_IndexMoMDifferenceL0",NA,"0",NA,"-21.5598704742505","0.321583153915783","-0.118268796085697","3.44304866297434e-07","-0.0996886169821477","-0.564209589691421","0.0117711301777886","2.55488114474086e-05","0.338688129378732","0.319237780242812",NA,"332.753165572744","339.498651298892","7.83095675860324e-07","70","No gap","1.01531448145623","0.80929148135225","0.532221505333257","0.467778494666743","0.550671703745064","0.855103128621889","0.646040670380184","0.797173209982789","0.0908825205839346","0.0331589289027877","0.01","0.1","","","","2.32411651574953","","","","","","","","",""
"25159","UEMP15OVMoMPercentChangeL1","BAA10YB_IndexMoMDifferenceL0",NA,"0",NA,"-7.81388263759051","0.328441940341897","-0.126795602119456","1.50133763717164e-07","-0.0952401666015832","-0.604887316132467","0.208744620038582","1.23609681865563e-05","0.33841900032807","0.318960735631836",NA,"332.781647144048","339.527132870196","7.94004227810952e-07","70","No gap","1.08489541197958","0.931353092832328","0.43020348512202","0.56979651487798","0.366700696672528","0.687226142622682","0.744221395815565","0.821824823929542","0.0901393495965907","0.0278153953903239","0.01","0.1","","","","2.22555746198611","","","","","","","","",""
"42619","WPSID62MoMDifferenceL1","BAA10YB_IndexMoMDifferenceL0",NA,"0",NA,"-0.0419629368756706","0.337746185389861","-0.122111545922761","1.47287248023775e-07","-0.0951865271595774","-0.582541697403801","0.242524762990751","1.8069242232238e-05","0.338065455133076","0.318596792048754",NA,"332.81904476184","339.564530487988","8.08558751175248e-07","70","No gap","1.00404101682609","0.922451291920704","0.412327768838188","0.587672231161812","0.566125875083224","0.68436989524486","0.516105668517243","0.675279873224993","0.120915438762769","0.0451883971081906","0.01","0.1","","","","2.23132624784913","","","","","","","","",""
"43127","DTCOLNVHFNMMoMDifferenceL0","BAA10YB_IndexMoMDifferenceL0",NA,"0",NA,"-6.16174310150143e-05","0.338756093191315","-0.118357231528918","3.42421649442676e-07","-0.0962510696000336","-0.564631477178106","0.0115617560451212","3.91958670289246e-05","0.338027853457886","0.318558084441941",NA,"332.82302105002","339.568506776168","8.10121861927193e-07","70","No gap","1.0153208486853","0.811436784667792","0.53222145267381","0.46777854732619","0.549983260180378","0.868211952541176","0.645627306689817","0.797199925577573","0.0917146294682993","0.0331668867253166","0.01","0.1","","","","2.34228861028144","","","","","","","","",""
"42387","WPSID61MoMPercentChangeL0","BAA10YB_IndexMoMDifferenceL0",NA,"0",NA,"41.4012509880152","0.340307226365506","-0.116398337634717","7.0863817085121e-07","0.0975525056599792","-0.555286436416083","0.378946106669123","1.37815519189197e-05","0.337970388658969","0.31849892950188",NA,"332.82909738021","339.574583106358","8.12516355308546e-07","70","No gap","1.0494201397014","0.634078284340813","0.592998498568527","0.407001501431473","0.0983374909079319","0.639547942568795","0.752456384111609","0.901339864331569","0.0866515031588397","0.0307644002389879","0.01","0.1","","","","2.22316527481023","","","","","","","","",""
"42543","WPSID62MoMDifferenceL0","BAA10YB_IndexMoMDifferenceL0",NA,"0",NA,"0.0419281573061727","0.342354405770569","-0.117494119002981","4.64403547976188e-07","0.0955845942408388","-0.560513938315503","0.229483444302856","9.8272701646455e-06","0.337895076644056","0.318421402427704",NA,"332.837060077219","339.582545803367","8.15664924824766e-07","70","No gap","1.0282637759375","0.753642238697549","0.569450873748029","0.430549126251971","0.42779405703083","0.772183194916145","0.682063844212294","0.818903477302997","0.101192307811223","0.0316155194816025","0.01","0.1","","","","2.41384718975721","","","","","","","","",""
"37961","HOUSTSMoMPercentChangeL0","BAA10YB_IndexMoMDifferenceL0",NA,"0",NA,"-2.48096798362064","0.345603656319415","-0.119817190219446","2.26108497816656e-07","-0.0938572567150168","-0.571596312544761","0.303277689265333","1.33744691246132e-05","0.337776764556333","0.318299610572696",NA,"332.849567318883","339.595053045032","8.20635126741465e-07","70","No gap","1.0026619032765","0.904603106711432","0.522589032986574","0.477410967013426","0.533359890521757","0.69960589570385","0.907894775832312","0.826120757865648","0.0794951277874375","0.0359635080580992","0.01","0.1","","","","2.28626296549313","","","","","","","","",""
"38205","HOUSTWMoMDifferenceL0","BAA10YB_IndexMoMDifferenceL0",NA,"0",NA,"0.00717795629538192","0.351770262924966","-0.122574167468682","1.4234537235743e-07","0.0933178882317188","-0.584748665947029","0.385344175309842","3.37568297085749e-06","0.337556261557194","0.318072622191229",NA,"332.872871606507","339.618357332655","8.29976851468572e-07","70","No gap","1.00794967685161","0.928343883471676","0.448539544109814","0.551460455890186","0.313201078327742","0.640158912546254","0.787390059666182","0.656682200186653","0.0959390825322299","0.0233661688471279","0.01","0.1","","","","2.2688590859938","","","","","","","","",""
"36813","HOUSTNEMoMDifferenceL1","BAA10YB_IndexMoMDifferenceL0",NA,"0",NA,"0.00784394578873381","0.357042680087121","-0.121699830105368","1.57582974838074e-07","0.0920704453967126","-0.58057757821016","0.314218052421138","2.21871279619426e-06","0.337371813932081","0.317882749635966",NA,"332.892359354458","339.637845080606","8.37870277381469e-07","70","No gap","1.00200688995689","0.774891809217371","0.586199499940156","0.413800500059844","0.836500961987915","0.934503273851549","0.78761049389925","0.751437567028591","0.124905827904854","0.0362960769583402","0.01","0.1","","","","2.31680517191781","","","","","","","","",""
"27505","PAYEMSMoMPercentChangeL1","BAA10YB_IndexMoMDifferenceL0",NA,"0",NA,"-161.893596810172","0.365102762198975","-0.120811728356142","1.83435172959289e-07","-0.0438008481284036","-0.576340826504563","0.42426266904481","4.43876362110541e-06","0.337096865762811","0.317599714755835",NA,"332.921398837464","339.666884563612","8.49772086475298e-07","70","No gap","1.00000162591164","0.776542315464943","0.51114882194134","0.48885117805866","0.419929738149816","0.708234825481773","0.710925527085252","0.82090285648524","0.105147936153988","0.0312845593907035","0.01","0.1","","","","2.34889224324055","","","","","","","","",""
"27123","PAYEMSMoMDifferenceL1","BAA10YB_IndexMoMDifferenceL0",NA,"0",NA,"-0.00113222750240255","0.366788834605985","-0.12075661030361","1.85601258066641e-07","-0.0432989770340483","-0.576077881967771","0.420764119149745","2.71120104425039e-06","0.337040395490923","0.317541583593597",NA,"332.927361625194","339.672847351342","8.52236773263293e-07","70","No gap","1.0000176061591","0.782528345607431","0.508656309260094","0.491343690739906","0.445846138003941","0.743105606922314","0.711193561248748","0.818476755112805","0.107199720033054","0.0313008710958273","0.01","0.1","","","","2.3578918680749","","","","","","","","",""
"33669","USFIREMoMPercentChangeL1","BAA10YB_IndexMoMDifferenceL0",NA,"0",NA,"-141.544639905858","0.367921930923493","-0.119874211509874","2.26513868166223e-07","-0.0662517659984553","-0.571868336611472","0.462661821223725","1.03123326164898e-05","0.337002645024285","0.317502722819117",NA,"332.93134747503","339.676833201179","8.53888288299132e-07","70","No gap","1.00260150760438","0.781496438595642","0.522030329302659","0.477969670697341","0.227663152339699","0.612774578839385","0.476159425946503","0.857588091846402","0.079476999049178","0.0311078602539266","0.01","0.1","","","","2.26679049430821","","","","","","","","",""
"33357","USFIREMoMDifferenceL1","BAA10YB_IndexMoMDifferenceL0",NA,"0",NA,"-0.0171323934584563","0.371567828454214","-0.119869332878122","2.27369363889058e-07","-0.0655213076384441","-0.571845062756405","0.471663205442272","7.11356137880147e-06","0.336882253244102","0.317378790104223",NA,"332.944057419476","339.689543145624","8.59175988465744e-07","70","No gap","1.00266806919857","0.783916973885325","0.521461490852494","0.478538509147506","0.250269191984424","0.652908664927618","0.477326898639563","0.853213854654214","0.0803547094363087","0.0313251267845803","0.01","0.1","","","","2.26900937713841","","","","","","","","",""
"44915","USGG10YR_IndexMoMPercentChangeL1","BAA10YB_IndexMoMDifferenceL0",NA,"0",NA,"3.15074465994884","0.382718798712103","-0.124806286981312","1.48533349269405e-07","0.0890748863167983","-0.5953971486918","0.510153693586239","8.23508816961564e-06","0.336523950474848","0.317009949018226",NA,"332.981870342359","339.727356068507","8.75101652364485e-07","70","No gap","1.04715960682304","0.716334136554795","0.6024316088912","0.3975683911088","0.334609627189758","0.419605628219638","0.538118984725044","0.81527774719024","0.121764257262233","0.0326416963597596","0.01","0.1","","","","2.24488708930401","","","","","","","","",""
"25759","UEMP15T26MoMPercentChangeL0","BAA10YB_IndexMoMDifferenceL0",NA,"0",NA,"3.48481670290399","0.395491533839323","-0.119393703293443","2.63566435242019e-07","0.0847281560792751","-0.569576038451613","0.401932697197619","3.4568646135862e-05","0.336131079140534","0.316605522644668",NA,"333.023307941203","339.768793667351","8.92893120219007e-07","70","No gap","1.00656491997822","0.921618525511942","0.490781266177355","0.509218733822645","0.332839332600976","0.847030636079434","0.88244652366051","0.842114461483632","0.0560292011241808","0.025735190270798","0.01","0.1","","","","2.23931979119954","","","","","","","","",""
"44101","ism_man_newordersMoMDifferenceL0","BAA10YB_IndexMoMDifferenceL0",NA,"0",NA,"0.0667642449101629","0.399307132569295","-0.116253649811859","8.98658466530185e-07","0.0870161372171365","-0.554596193005568","0.401279271724195","1.56516032153698e-05","0.336017189612454","0.316488283424585",NA,"333.03531570803","339.780801434178","8.98115995906501e-07","70","No gap","1.06734692004268","0.888925652160879","0.51497480590243","0.48502519409757","0.720757029603688","0.613376226621025","0.61369103577271","0.713274547941164","0.0684930246184808","0.0418815655438547","0.01","0.1","","","","2.41112688949629","","","","","","","","",""
"37205","HOUSTMWMoMDifferenceL0","BAA10YB_IndexMoMDifferenceL0",NA,"0",NA,"0.00639547269062561","0.403925931717971","-0.119362703331455","2.67862393768403e-07","0.0837074203798019","-0.569428150957931","0.369574855109009","7.70885330430381e-06","0.335881392451178","0.316348492229154",NA,"333.049630580666","339.795116306814","9.0438230027079e-07","70","No gap","1.00709845463087","0.938462553334086","0.507742393302221","0.492257606697779","0.755096612616176","0.821617636564522","0.680984718326785","0.709270791181904","0.104940829514752","0.0357396137770039","0.01","0.1","","","","2.29528694856022","","","","","","","","",""
"9923","IPDCONGDMoMPercentChangeL0","BAA10YB_IndexMoMDifferenceL0",NA,"0",NA,"-9.87742223095831","0.409173227651434","-0.117184736751045","6.04993707938559e-07","-0.0835756530003221","-0.559038008575792","0.206529116454722","2.71685528226594e-05","0.335729805479229","0.316192446816853",NA,"333.065606457707","339.811092183855","9.11427344596483e-07","70","No gap","1.04458243013196","0.881677096087899","0.522963415971942","0.477036584028058","0.705871210629833","0.549666304501","0.777155198029752","0.760810547431864","0.0666383245676779","0.0354706815569386","0.01","0.1","","","","2.24981449219295","","","","","","","","",""
"43707","INVESTMoMDifferenceL1","BAA10YB_IndexMoMDifferenceL0",NA,"0",NA,"-0.0111652755928978","0.425365988893148","-0.121547097116982","1.67962098621798e-07","-0.0678943770513105","-0.579848954773027","0.29572602328596","6.74649230170346e-06","0.335279351861309","0.315728744563112",NA,"333.113058634878","339.858544361026","9.3267805922892e-07","70","No gap","1.0018126611259","0.822527142893756","0.515063095018151","0.484936904981849","0.2042407043922","0.509534218173754","0.626280151929345","0.637045942506762","0.112404478679083","0.0226696131402002","0.01","0.1","","","","2.23064568779493","","","","","","","","",""
"23719","UEMP5TO14MoMDifferenceL0","BAA10YB_IndexMoMDifferenceL0",NA,"0",NA,"0.00259367208706087","0.43281095913336","-0.122630504140405","1.54047749590116e-07","0.0782069191102218","-0.585017423992174","0.364782964524195","9.78045482214604e-06","0.335080663613549","0.31552421254336",NA,"333.133978850287","339.879464576435","9.42203545295506e-07","70","No gap","1.01191870684249","0.790816472112648","0.572089018475646","0.427910981524354","0.816763559247992","0.753122762186326","0.626104877068711","0.755434230404333","0.0933739367750442","0.0365116344176142","0.01","0.1","","","","2.23948027685223","","","","","","","","",""
"37713","HOUSTSMoMDifferenceL0","BAA10YB_IndexMoMDifferenceL0",NA,"0",NA,"-0.00399295603831484","0.434102927876732","-0.119584728484288","2.56771762639939e-07","-0.0783555329343092","-0.570487337527228","0.381052956045281","6.04415651988481e-06","0.335046704720357","0.315489254859191",NA,"333.137553812983","339.883039539131","9.43841018563596e-07","70","No gap","1.00582597140612","0.928120010649714","0.509251431256019","0.490748568743981","0.482657120711138","0.679099210963422","0.877657401515728","0.826934821711342","0.0807303307557588","0.0360616784959921","0.01","0.1","","","","2.28088597030222","","","","","","","","",""
"25359","UEMP15T26MoMDifferenceL0","BAA10YB_IndexMoMDifferenceL0",NA,"0",NA,"0.00274798814216293","0.434363722399163","-0.12007148870361","2.24561698228465e-07","0.0771913230367118","-0.572809461305532","0.450632215236724","6.44698512081863e-06","0.335039868277352","0.315482217344333",NA,"333.138273485407","339.883759211556","9.44171000827332e-07","70","No gap","1.00217713145956","0.930874617947693","0.467737352030308","0.532262647969692","0.305607427635142","0.799236059372251","0.857123543041124","0.84552162597623","0.0577985259223342","0.0277853800884382","0.01","0.1","","","","2.23857598151378","","","","","","","","",""
"45071","VIX_IndexMoMDifferenceL0","BAA10YB_IndexMoMDifferenceL0",NA,"0",NA,"-0.0662852183599058","0.434636492598612","-0.113162457728436","5.81166914039134e-06","-0.0862545653691365","-0.539849444287657","0.380476206391502","4.17261910200718e-05","0.335032724514998","0.315474863471321",NA,"333.139025501438","339.884511227586","9.4451593635192e-07","70","No gap","1.2196404674411","0.920250031941508","0.512003075237048","0.487996924762952","0.601052604685026","0.507296940082356","0.661095233115629","0.713225518085699","0.0742474015602094","0.0346470499660368","0.01","0.1","","","","2.24254793060248","","","","","","","","",""
"42695","WPSID62MoMPercentChangeL0","BAA10YB_IndexMoMDifferenceL0",NA,"0",NA,"6.99506261768036","0.43660219481311","-0.118064972126151","4.41024866967851e-07","0.0786187621080379","-0.563237233191729","0.294382952090892","1.19597156679495e-05","0.334981442553006","0.31542207321633",NA,"333.144423660204","339.889909386352","9.46995671435857e-07","70","No gap","1.02888600727091","0.801557216930545","0.547338005548626","0.452661994451374","0.519927634917343","0.80861373913293","0.657881309744307","0.806416409636454","0.0978371821172198","0.0320368501236015","0.01","0.1","","","","2.39068100691115","","","","","","","","",""
"43827","INVESTMoMPercentChangeL1","BAA10YB_IndexMoMDifferenceL0",NA,"0",NA,"-33.515897317731","0.441342886246006","-0.12107856153987","1.81704688247488e-07","-0.0655321440917411","-0.577613772929066","0.329083467417415","6.97382408105915e-06","0.334859190482949","0.315296225497154",NA,"333.157290757396","339.902776483544","9.52932674547213e-07","70","No gap","1.000226126002","0.825332354282773","0.301859712511839","0.698140287488161","0.199842240740978","0.538217976639633","0.635984375586138","0.6408777749861","0.112829608825217","0.0227010931260265","0.01","0.1","","","","2.2335493072205","","","","","","","","",""
"45475","TED_G_IndexMoMDifferenceL1","BAA10YB_IndexMoMDifferenceL0",NA,"0",NA,"-0.032643724656869","0.444299986955972","-0.121294057947546","1.75789496260925e-07","-0.0765140662815822","-0.578641813661524","0.320875098625467","7.29019686623537e-06","0.334783939826089","0.31521876158568",NA,"333.16520975433","339.910695480478","9.56605064272864e-07","70","No gap","1.00081659197478","0.990676709236152","0.455262905893151","0.544737094106849","0.797737374580428","0.645671593183504","0.719617848467101","0.770548228434774","0.0761872263986684","0.0376456773621885","0.01","0.1","","","","2.23308032782384","","","","","","","","",""
"44201","ism_man_newordersMoMPercentChangeL0","BAA10YB_IndexMoMDifferenceL0",NA,"0",NA,"3.58148840862961","0.446342013510602","-0.116588203524445","8.93360524477355e-07","0.0787796780347955","-0.556192204964383","0.443609147445381","1.53142888721797e-05","0.33473242080409","0.315165727298328",NA,"333.170630837964","339.916116564112","9.59127217980971e-07","70","No gap","1.07082499696602","0.899041268995026","0.510158790946348","0.489841209053652","0.664113658371368","0.602969320061103","0.632293075214861","0.710565315625347","0.0640099806678537","0.0413905595785978","0.01","0.1","","","","2.40510841918128","","","","","","","","",""
"44151","ism_man_newordersMoMDifferenceL1","BAA10YB_IndexMoMDifferenceL0",NA,"0",NA,"-0.0581891859166062","0.448626090091164","-0.122116314527411","1.60746633914434e-07","-0.075979233221191","-0.582564446366861","0.432929456467254","1.56105306407527e-05","0.334675221794958","0.315106845965398",NA,"333.176649105873","339.922134832021","9.61935000876046e-07","70","No gap","1.00650009853197","0.873623430441508","0.503346988687078","0.496653011312922","0.799710382663026","0.949642419841515","0.663726180060735","0.74792771327025","0.0587611242583704","0.0338211651390761","0.01","0.1","","","","2.5114968654278","","","","","","","","",""
"41383","REALLNMoMPercentChangeL0","BAA10YB_IndexMoMDifferenceL0",NA,"0",NA,"-54.5144000427301","0.450657654488833","-0.120378527890249","2.10051009677945e-07","-0.0493716126774876","-0.574274213287848","0.373408081615792","8.0185508774802e-06","0.334624721741406","0.315054860616154",NA,"333.181962104445","339.927447830593","9.64420575400027e-07","70","No gap","1.00083688273322","0.872950934565988","0.474802644810404","0.525197355189596","0.890921092688022","0.941920753130848","0.682329728260923","0.769690063655866","0.119933949343498","0.0230359339817103","0.01","0.1","","","","2.33388944425456","","","","","","","","",""
"3829","CMRMTSPLMoMDifferenceL0","BAA10YB_IndexMoMDifferenceL0",NA,"0",NA,"9.30828807613769e-06","0.454365032973886","-0.121675814438668","1.68075504491962e-07","0.0732168273142983","-0.580463009787184","0.0178697677750153","7.1581151542983e-06","0.334533465992816","0.314960920874958",NA,"333.191561896626","339.937047622774","9.68927933664432e-07","70","No gap","1.00286850327999","0.874659715239878","0.730480637221765","0.269519362778235","0.783166221695649","0.522520097645417","0.702943613652459","0.772951365240516","0.0765655335921794","0.0378391457882961","0.01","0.1","","","","2.29080710907471","","","","","","","","",""
"40219","M2REALMoMPercentChangeL0","BAA10YB_IndexMoMDifferenceL0",NA,"0",NA,"-46.2124951515351","0.462710285833881","-0.119039504095883","3.14436298254831e-07","-0.0546577213527034","-0.56788630632836","0.547840847851005","1.10099357900596e-05","0.334332231857548","0.314753768088653",NA,"333.21272638702","339.958212113168","9.7893978356911e-07","70","No gap","1.01361672357414","0.567886400135748","0.562660237148884","0.437339762851116","0.395600400345956","0.436722321205013","0.610607235781316","0.813399442149849","0.0805132212508148","0.0286697122551947","0.01","0.1","","","","2.38421780452248","","","","","","","","",""
"44251","ism_man_newordersMoMPercentChangeL1","BAA10YB_IndexMoMDifferenceL0",NA,"0",NA,"-3.32128670802888","0.463276447710202","-0.122287703738313","1.60986737164454e-07","-0.0735164053644605","-0.583382070622461","0.461384514235866","1.48795777356608e-05","0.334318785911712","0.314739926673821",NA,"333.214140315631","339.959626041779","9.79612316376333e-07","70","No gap","1.00891593115529","0.865004564338847","0.511637683298207","0.488362316701793","0.804105248344602","0.947723107288395","0.657461153437243","0.752956186441377","0.0597559027092337","0.033574218171372","0.01","0.1","","","","2.50536709881121","","","","","","","","",""
"4405","CMRMTSPLMoMPercentChangeL0","BAA10YB_IndexMoMDifferenceL0",NA,"0",NA,"11.61824921602","0.467264368658762","-0.121633882723778","1.70095744142216e-07","0.0710597483318974","-0.580262971599291","0.0226289246342476","1.60303865288179e-05","0.334224805629688","0.314643182265856",NA,"333.224022155864","339.969507882012","9.84325513653239e-07","70","No gap","1.00274197401274","0.879683198753686","0.645974252883069","0.354025747116931","0.812103630361022","0.485115325535786","0.696963378680077","0.769042663085073","0.077091301442663","0.0375966523618447","0.01","0.1","","","","2.29823558722676","","","","","","","","",""
"6666","IPFPNSSMoMPercentChangeL0","BAA10YB_IndexMoMDifferenceL0",NA,"0",NA,"-23.1603942803431","0.467984696251413","-0.116991567602825","7.81303364631446e-07","-0.0740197682020085","-0.558116481601091","0.418250010751726","1.7983902122184e-05","0.334207965620843","0.314625846962633",NA,"333.22579270202","339.971278428168","9.85172377565569e-07","70","No gap","1.06384596701117","0.822974059444031","0.548896231245545","0.451103768754455","0.15684916914062","0.655446665393642","0.718437222963483","0.666907867874078","0.041519367825837","0.0472610690142809","0.01","0.1","","","","2.23875705038686","","","","","","","","",""
"12797","IPMATMoMDifferenceL1","BAA10YB_IndexMoMDifferenceL0",NA,"0",NA,"-0.146726421671574","0.475567343048472","-0.122602395076229","1.61483408834473e-07","-0.071507112358714","-0.584883327729333","0.358117516239251","5.19602259414858e-05","0.334033170778772","0.314445911095794",NA,"333.244167858889","339.989653585037","9.94004470955545e-07","70","No gap","1.01394801736725","0.916536374777957","0.508005223410698","0.491994776589302","0.670689247941339","0.272251756393897","0.742262524861778","0.802616339858347","0.0794659437795702","0.0397485438232859","0.01","0.1","","","","2.36219925032167","","","","","","","","",""
"9387","IPDCONGDMoMDifferenceL0","BAA10YB_IndexMoMDifferenceL0",NA,"0",NA,"-0.0773815543366505","0.475915855342124","-0.1174809813299","6.25289168759699e-07","-0.0725749877441204","-0.560451264124304","0.301778214185154","2.6104502474089e-05","0.334025244330494","0.314437751516685",NA,"333.245001005606","339.990486731754","9.94406797460989e-07","70","No gap","1.05038993242186","0.888152468157491","0.520264883135272","0.479735116864728","0.728554406392393","0.56019609311692","0.768971802124536","0.765270529876026","0.0645611521616253","0.0347248204215868","0.01","0.1","","","","2.25064009874374","","","","","","","","",""
"24135","UEMP5TO14MoMPercentChangeL0","BAA10YB_IndexMoMDifferenceL0",NA,"0",NA,"5.20724345335426","0.476465299436508","-0.122669271096462","1.61598104770972e-07","0.071395788312446","-0.585202364476006","0.421577437691247","1.52490492728547e-05","0.334012766928879","0.314424907132669",NA,"333.24631248164","339.991798207788","9.95040439044637e-07","70","No gap","1.01508516485853","0.825033963011255","0.554838431505307","0.445161568494693","0.823977586363625","0.802721610211823","0.640713024681377","0.756228275039964","0.0924700380164845","0.0346908711395274","0.01","0.1","","","","2.24005455690025","","","","","","","","",""
"13307","IPMATMoMPercentChangeL1","BAA10YB_IndexMoMDifferenceL0",NA,"0",NA,"-16.009585921976","0.478514673645979","-0.122602841719172","1.62020201620102e-07","-0.0709894532520546","-0.584885458470835","0.362673810583034","5.25063725891589e-05","0.33396643146504","0.31437720886107",NA,"333.251182499385","339.996668225533","9.97396930602079e-07","70","No gap","1.01414231291608","0.916713710701268","0.507491383073108","0.492508616926892","0.698734186249141","0.288730566180656","0.738290742633292","0.799938144811587","0.0794366334328957","0.0398434308955458","0.01","0.1","","","","2.3655795301373","","","","","","","","",""
"20023","CLF16OVMoMPercentChangeL1","BAA10YB_IndexMoMDifferenceL0",NA,"0",NA,"-32.4217276926051","0.478700478766408","-0.125162478938877","2.19096698077222e-07","-0.0734187701768304","-0.59709638741647","0.149812005864047","3.20281512491744e-05","0.333962246348387","0.314372900652751",NA,"333.251622352959","339.997108079107","9.97610040465169e-07","70","No gap","1.08486609087009","0.935564053303902","0.507389395213629","0.492610604786371","0.672604023034031","0.744158765266648","0.719381708837985","0.811222609557267","0.0956898638253555","0.0318893175590114","0.01","0.1","","","","2.2390262983494","","","","","","","","",""
"19567","CLF16OVMoMDifferenceL1","BAA10YB_IndexMoMDifferenceL0",NA,"0",NA,"-0.000203475640882784","0.478829368334852","-0.125137358251689","2.17955847592599e-07","-0.0733903919909952","-0.596976547415723","0.144378849651597","2.85596516418947e-05","0.333959344754603","0.314369913717974",NA,"333.251927307327","339.997413033475","9.97757818033129e-07","70","No gap","1.08393246447969","0.936912456898228","0.506969568438552","0.493030431561448","0.660376733636347","0.756917986528768","0.721098076212114","0.812447559191867","0.0957173870286255","0.0319345016869521","0.01","0.1","","","","2.23578698291348","","","","","","","","",""
"24955","UEMP15OVMoMPercentChangeL0","BAA10YB_IndexMoMDifferenceL0",NA,"0",NA,"5.242950298417","0.484881850905528","-0.120262306973062","2.19494533181195e-07","0.0651532489484085","-0.573719773248129","0.396154340624528","1.41228259699513e-05","0.333824502815288","0.314231105839267",NA,"333.266097584075","340.011583310223","1.00464877861306e-06","70","No gap","1.00153419046531","0.869833704581257","0.474407818068725","0.525592181931275","0.742784683407354","0.727231791698229","0.717343730914052","0.77538086983389","0.0784333755722755","0.0379372535139194","0.01","0.1","","","","2.24239121249866","","","","","","","","",""
"41199","REALLNMoMDifferenceL0","BAA10YB_IndexMoMDifferenceL0",NA,"0",NA,"-0.0128520696698623","0.486302738331795","-0.120502690725682","2.07342673733798e-07","-0.0449456141515401","-0.574866540805785","0.412651480632403","8.85147126005525e-06","0.333793244495038","0.314198928156656",NA,"333.269382050546","340.014867776695","1.0062527863175e-06","70","No gap","1.00052111900215","0.869928664791908","0.476044836630123","0.523955163369877","0.892750679824323","0.925725845186191","0.675467350500271","0.771448007730893","0.117340955195079","0.0239061389686585","0.01","0.1","","","","2.34824628158576","","","","","","","","",""
"37461","HOUSTMWMoMPercentChangeL0","BAA10YB_IndexMoMDifferenceL0",NA,"0",NA,"0.81116566493146","0.487755985530585","-0.119464420661276","2.77930187713013e-07","0.0690456855413196","-0.569913400616524","0.424258999762929","2.28098881902593e-05","0.333761428866995","0.314166176774848",NA,"333.272724917858","340.018210644006","1.00788794432649e-06","70","No gap","1.00888681265046","0.942451845683226","0.495083696862413","0.504916303137587","0.759317455213664","0.709104228796382","0.594707891903278","0.720175940596227","0.102371273301557","0.0362419871172373","0.01","0.1","","","","2.25862412347042","","","","","","","","",""
"44051","ism_man_emplMoMPercentChangeL1","BAA10YB_IndexMoMDifferenceL0",NA,"0",NA,"-4.41550284308842","0.490049357367701","-0.122540831376196","1.64176532706676e-07","-0.0693419917054877","-0.5845896337789","0.383379394671676","7.19937191995161e-06","0.333711536574339","0.314114817061819",NA,"333.277966778469","340.023452504617","1.01045734357541e-06","70","No gap","1.01387827159271","0.934886554522161","0.486631846744739","0.513368153255261","0.914355163384205","0.9013475125664","0.597873029836633","0.762194226307289","0.101882295863406","0.0369590057408531","0.01","0.1","","","","2.27012851039461","","","","","","","","",""
"38445","HOUSTWMoMPercentChangeL0","BAA10YB_IndexMoMDifferenceL0",NA,"0",NA,"1.37980110001497","0.494772050080536","-0.121885741192621","1.68934778740056e-07","0.0680604153483868","-0.58146448009578","0.574920166676874","7.57021436930392e-06","0.333610000628","0.314010294764118",NA,"333.288633291744","340.034119017892","1.01570598420864e-06","70","No gap","1.00537788110767","0.937133717380341","0.450508935588333","0.549491064411667","0.262481018880312","0.550240763391251","0.778000308579705","0.670911896766963","0.0961821601458922","0.027035653640604","0.01","0.1","","","","2.26583326444556","","","","","","","","",""
"40011","M2REALMoMDifferenceL0","BAA10YB_IndexMoMDifferenceL0",NA,"0",NA,"-0.00831452318933575","0.501075935486586","-0.119072319205921","3.24160981461919e-07","-0.050148269255281","-0.568042853113166","0.570417698156306","9.68378328480577e-06","0.333476960166163","0.313873341347521",NA,"333.302606945066","340.048092671215","1.02262323475877e-06","70","No gap","1.01562666973486","0.593507292909277","0.601091373518667","0.398908626481333","0.488385255669965","0.445158920668585","0.605276369727757","0.801119933987189","0.0803126087780053","0.0286062599523687","0.01","0.1","","","","2.40855097311555","","","","","","","","",""
"6109","IPFPNSSMoMDifferenceL0","BAA10YB_IndexMoMDifferenceL0",NA,"0",NA,"-0.211026797070327","0.507278548394931","-0.117245563797758","7.78021608568646e-07","-0.0678023364554082","-0.559328188269876","0.47187055569317","1.66739310542693e-05","0.333348780498175","0.313741391689298",NA,"333.316067416155","340.061553142303","1.02933099088709e-06","70","No gap","1.06667100044099","0.834724945063683","0.543050512562068","0.456949487437932","0.16173516719658","0.677695561969229","0.721554722167825","0.677544122266697","0.0406020720587076","0.0460428258294547","0.01","0.1","","","","2.24157827011558","","","","","","","","",""
"30737","DMANEMPMoMDifferenceL1","BAA10YB_IndexMoMDifferenceL0",NA,"0",NA,"-0.0101810040583003","0.514524767903164","-0.119932107967669","2.44011144352793e-07","-0.0598567735486072","-0.572144535725508","0.56816905482087","1.06482370139779e-05","0.333202378291743","0.313590683535618",NA,"333.331438316297","340.076924042445","1.03704459641918e-06","70","No gap","1.00437177613574","0.932564114271295","0.588158387865974","0.411841612134026","0.260109127310218","0.410826663615223","0.817646061971219","0.833255097066464","0.0827534966077031","0.0380503355403301","0.01","0.1","","","","2.24862099639662","","","","","","","","",""
"31081","DMANEMPMoMPercentChangeL1","BAA10YB_IndexMoMDifferenceL0",NA,"0",NA,"-78.98736220708","0.515203171624301","-0.119959217024007","2.42138364582114e-07","-0.059729755274256","-0.572273861380792","0.564843156048476","1.36010675790361e-05","0.333188853380827","0.313576760833204",NA,"333.332858138642","340.07834386479","1.03776001803002e-06","70","No gap","1.00412670885813","0.93052732394966","0.515917254629227","0.484082745370773","0.262054616285155","0.40503855902841","0.817002144671147","0.832549638939049","0.0822689487983532","0.0380882300089947","0.01","0.1","","","","2.24879197657703","","","","","","","","",""
"44847","USGG10YR_IndexMoMDifferenceL1","BAA10YB_IndexMoMDifferenceL0",NA,"0",NA,"1.08662469539674","0.516415324164508","-0.12425868724029","2.08249529027829e-07","0.0669255433342064","-0.592784785706612","0.603438399713623","1.20606128343919e-05","0.333164764032594","0.313551962974729",NA,"333.33538692648","340.080872652628","1.03903544901307e-06","70","No gap","1.06326510306603","0.755472369188637","0.579216706319737","0.420783293680263","0.413996017738467","0.571892528438141","0.624321144950791","0.792642668606588","0.109319727209543","0.0309305615907563","0.01","0.1","","","","2.24915997644921","","","","","","","","",""
"43939","ism_man_emplMoMDifferenceL1","BAA10YB_IndexMoMDifferenceL0",NA,"0",NA,"-0.0771447634797035","0.517918156418514","-0.122286242572851","1.69256757343423e-07","-0.06498324995549","-0.583375100030106","0.421498283275443","8.12564681726917e-06","0.333135033776754","0.313521358299599",NA,"333.338507744645","340.083993470794","1.04061164019065e-06","70","No gap","1.01144055816019","0.937153456248363","0.487196042589526","0.512803957410474","0.922974855924728","0.923117680356279","0.609962901701154","0.764179299635349","0.0996106971708091","0.0365323774440935","0.01","0.1","","","","2.26611252050496","","","","","","","","",""
"24547","UEMP15OVMoMDifferenceL0","BAA10YB_IndexMoMDifferenceL0",NA,"0",NA,"0.00136116174874297","0.534338323236135","-0.120663339402008","2.03676256328253e-07","0.0563194693475185","-0.575632926587617","0.489562600456647","5.91370690866413e-06","0.332819789435713","0.313196842066175",NA,"333.371590738636","340.117076464784","1.05746817680163e-06","70","No gap","1.00017531871045","0.862694298278708","0.501709245994459","0.498290754005541","0.704598442798153","0.819745627274729","0.697817455254745","0.782075582431057","0.0765883223615021","0.0374633759521494","0.01","0.1","","","","2.24656071007268","","","","","","","","",""
"17947","IPFUELSMoMPercentChangeL0","BAA10YB_IndexMoMDifferenceL0",NA,"0",NA,"10.8313489734485","0.539491831877117","-0.120967439715242","1.92346870263973e-07","0.0612806645879803","-0.577083658468159","0.509710861408944","7.19956978210591e-06","0.332724383502111","0.313098630075703",NA,"333.381599935236","340.127085661384","1.06262169152771e-06","70","No gap","1.00010444470282","0.994735175523395","0.47779618773313","0.52220381226687","0.88320702885554","0.817678066622123","0.732430828032879","0.763069549730516","0.114456204135096","0.0308722196068996","0.01","0.1","","","","2.2676145081179","","","","","","","","",""
"35445","AWOTMANMoMPercentChangeL1","BAA10YB_IndexMoMDifferenceL0",NA,"0",NA,"6.2564397477764","0.540110027780839","-0.121839058033274","1.74571322844468e-07","0.0614691101126477","-0.581241774808735","0.440873350098036","1.49973392230427e-05","0.332713049710028","0.313086962936794",NA,"333.38278888728","340.128274613428","1.06323552317988e-06","70","No gap","1.00609395030212","0.944682280829982","0.499483914380026","0.500516085619974","0.785749328401141","0.678628112429803","0.871560305790127","0.746377183445633","0.069136595311431","0.026365242342598","0.01","0.1","","","","2.25699109507446","","","","","","","","",""
"45443","SPX_Index_30DRSIMoMDifferenceL0","BAA10YB_IndexMoMDifferenceL0",NA,"0",NA,"0.0267851793651377","0.543265374093763","-0.114852829789835","4.57386824356882e-06","0.0671633696269354","-0.547913482806292","0.499255287251194","6.35931430434366e-05","0.332655566808722","0.31302778936192",NA,"333.388818721651","340.134304447799","1.06635406715849e-06","70","No gap","1.22018217431175","0.979630552233566","0.463168120511785","0.536831879488215","0.643748821585114","0.613261811164419","0.670725147610163","0.744053763703563","0.0868381501964735","0.0314736339647832","0.01","0.1","","","","2.25066396964597","","","","","","","","",""
"39799","M2SLMoMPercentChangeL0","BAA10YB_IndexMoMDifferenceL0",NA,"0",NA,"-35.4340839312598","0.543953073446376","-0.120984137112038","1.92073479845048e-07","-0.0318204662584644","-0.577163314571093","0.580808697889729","7.62217533372143e-06","0.332643119454302","0.313014975908841",NA,"333.390124354305","340.135610080453","1.06703052549229e-06","70","No gap","1.00013559894372","0.740962263054059","0.527779510451944","0.472220489548056","0.547423824106404","0.585092468345907","0.630431224757122","0.812125382605579","0.0846781672043571","0.0293562149665823","0.01","0.1","","","","2.36187795207744","","","","","","","","",""
"35157","AWOTMANMoMDifferenceL1","BAA10YB_IndexMoMDifferenceL0",NA,"0",NA,"1.41322720842809","0.544592174614439","-0.121846906191227","1.75030355827829e-07","0.0608165862908245","-0.581279214996889","0.44976327904149","1.5164449975884e-05","0.332631577559992","0.313003094547051",NA,"333.391334989332","340.13682071548","1.06765814811283e-06","70","No gap","1.0063282457824","0.940336902224656","0.501364187115574","0.498635812884426","0.790134939907023","0.706142990027144","0.868022038737686","0.747180873299573","0.0690454946375598","0.0261476413104149","0.01","0.1","","","","2.25723125612124","","","","","","","","",""
"45379","AAIIBEAR_IndexMoMPercentChangeL0","BAA10YB_IndexMoMDifferenceL0",NA,"0",NA,"0.695882560225635","0.545216063493022","-0.12776229823185","1.01842747590485e-06","0.0685500223372032","-0.609499007761886","0.586405506044669","6.52648823210077e-05","0.332620334350206","0.312991520654624",NA,"333.39251427506","340.138000001208","1.0682698735609e-06","70","No gap","1.29794970424449","0.844142091181912","0.560366540133275","0.439633459866725","0.772570640055537","0.94604767556443","0.735494753298221","0.743545665054811","0.0655599929667664","0.0337109818045448","0.01","0.1","","","","2.38558286152101","","","","","","","","",""
"40915","BUSLOANSMoMDifferenceL1","BAA10YB_IndexMoMDifferenceL0",NA,"0",NA,"-0.0109669764407117","0.558169576828866","-0.120948869683081","1.94098482243408e-07","-0.0419061562889446","-0.576995068826825","0.427475700405979","6.65792288046819e-06","0.33239216701506","0.312756642515503",NA,"333.416442159975","340.161927886124","1.08075785731909e-06","70","No gap","1.00008456174417","0.885099287694467","0.724998775410535","0.275001224589465","0.465378170989927","0.663479449197081","0.624304449007875","0.724424869444898","0.107354197486977","0.0263175669276944","0.01","0.1","","","","2.28374654428101","","","","","","","","",""
"31915","USWTRADEMoMDifferenceL0","BAA10YB_IndexMoMDifferenceL0",NA,"0",NA,"0.00886451770111838","0.561317290709759","-0.121602931214017","1.79335598072738e-07","0.0579424431020522","-0.580115315250361","0.407454824935612","1.42114419345964e-05","0.332338215414667","0.312701104103334",NA,"333.422098863281","340.167584589429","1.08373136753492e-06","70","No gap","1.00396186299712","0.99390550243854","0.451210020965105","0.548789979034895","0.286648886188501","0.372262365025219","0.646846628086006","0.699246083608951","0.0855888000603836","0.0341506568928448","0.01","0.1","","","","2.26287987151029","","","","","","","","",""
"14315","IPDMATMoMPercentChangeL1","BAA10YB_IndexMoMDifferenceL0",NA,"0",NA,"-12.2083561242399","0.563694676864824","-0.122670505930511","1.82075237325796e-07","-0.0584150570050056","-0.585208255338473","0.514343676299199","3.33182131006286e-05","0.332297847091597","0.312659548476644",NA,"333.426331091719","340.171816817867","1.08596143533202e-06","70","No gap","1.02294237229446","0.874322056880387","0.522348787950608","0.477651212049392","0.536113013098459","0.412695620313867","0.718709704122857","0.798880633224434","0.0868402621067971","0.0343703291886702","0.01","0.1","","","","2.24444329478262","","","","","","","","",""
"41107","BUSLOANSMoMPercentChangeL1","BAA10YB_IndexMoMDifferenceL0",NA,"0",NA,"-20.9235901428082","0.564175051406291","-0.120853870301421","1.97812944518127e-07","-0.0406718338975339","-0.576541867611278","0.457064174813404","6.64376120141298e-06","0.332289729741226","0.312651192380674",NA,"333.427182086537","340.172667812685","1.08641039986423e-06","70","No gap","1.00000220381468","0.882139353830548","0.601355774275546","0.398644225724454","0.510551329945167","0.740712477062702","0.613994496278792","0.729798737710934","0.101748427801894","0.0268825441893779","0.01","0.1","","","","2.27276399541341","","","","","","","","",""
"2373","W875RX1MoMPercentChangeL1","BAA10YB_IndexMoMDifferenceL0",NA,"0",NA,"9.35006881096179","0.564710048945161","-0.118392097542827","4.92990854354922e-07","0.0567944843556902","-0.564797807943724","0.66704917990241","2.19917852682e-05","0.332280704940639","0.312641902144776",NA,"333.428128203138","340.173613929287","1.0869097661903e-06","70","No gap","1.04092160488721","0.919174761228383","0.507507139710357","0.492492860289643","0.368480816801155","0.216844202335333","0.691858063419841","0.677442434573367","0.118745503978574","0.0336454417105065","0.01","0.1","","","","2.41870537079589","","","","","","","","",""
"1189","RPIMoMPercentChangeL1","BAA10YB_IndexMoMDifferenceL0",NA,"0",NA,"9.87260964184315","0.564756960541471","-0.118398855930369","4.91264032713276e-07","0.0566841218235098","-0.564830049305674","0.664951251464512","2.0708582743769e-05","0.332279914376787","0.312641088329045",NA,"333.428211081434","340.173696807582","1.08695352074584e-06","70","No gap","1.04070536593465","0.921359106959079","0.505987661684304","0.494012338315696","0.386055313595685","0.627417681619286","0.688058126800568","0.678646879651995","0.117154044145106","0.0336625714453715","0.01","0.1","","","","2.43835417246042","","","","","","","","",""
"32241","USWTRADEMoMPercentChangeL0","BAA10YB_IndexMoMDifferenceL0",NA,"0",NA,"52.3096952923741","0.566429427532448","-0.12155053782837","1.80506627798103e-07","0.0571511831449674","-0.579865368928113","0.416133032199382","1.59515951347068e-05","0.3322518117594","0.312612159164088",NA,"333.431157139017","340.176642865165","1.08851000180099e-06","70","No gap","1.00353026271739","0.994425769394893","0.452143864061124","0.547856135938876","0.285282164136533","0.371398291930993","0.648875389938536","0.699883340199481","0.0859447639250983","0.0341030782079485","0.01","0.1","","","","2.26355600236792","","","","","","","","",""
"17475","IPFUELSMoMDifferenceL0","BAA10YB_IndexMoMDifferenceL0",NA,"0",NA,"0.0921547103723871","0.566786804498193","-0.120974628324787","1.93744623379052e-07","0.0572445610962417","-0.577117952234359","0.539728334756362","7.31756951490835e-06","0.332245827400492","0.312605998794624",NA,"333.431784476168","340.177270202316","1.08884172855817e-06","70","No gap","1.00013326152701","0.986293910192625","0.480967990419323","0.519032009580677","0.859127118519704","0.803929593561593","0.72849326210331","0.761790226164192","0.11276260247948","0.0313610948624198","0.01","0.1","","","","2.26506993995382","","","","","","","","",""
"34573","CES0600000007MoMDifferenceL1","BAA10YB_IndexMoMDifferenceL0",NA,"0",NA,"-0.754967869625972","0.572035723521178","-0.120098666015779","2.3928817844646e-07","-0.0566448544015158","-0.572939112580049","0.532718807438898","1.8701006474799e-05","0.332158766029084","0.312516376794646",NA,"333.440910437484","340.186396163632","1.09367885170464e-06","70","No gap","1.0038676883874","0.94001391418938","0.499242985520004","0.500757014479996","0.537492914440769","0.847154517354165","0.565137356382998","0.708134754471882","0.0996777837571455","0.034976291844802","0.01","0.1","","","","2.36819857012301","","","","","","","","",""
"24751","UEMP15OVMoMDifferenceL1","BAA10YB_IndexMoMDifferenceL0",NA,"0",NA,"-0.00128865046104363","0.572935091118249","-0.123971450867162","2.4097101907809e-07","-0.0530234502550585","-0.591414504435553","0.500974781772581","8.07733802105777e-06","0.332144004183965","0.312501180777611",NA,"333.442457688067","340.187943414215","1.0945010839869e-06","70","No gap","1.07028797025384","0.991612293911804","0.456516488042203","0.543483511957797","0.66603883303957","0.91702398918754","0.682753404629149","0.783201387173495","0.0876499659893559","0.0314927114776984","0.01","0.1","","","","2.25296589887731","","","","","","","","",""
"39584","M2SLMoMDifferenceL0","BAA10YB_IndexMoMDifferenceL0",NA,"0",NA,"-0.00267844962745281","0.573713709110885","-0.120802686712546","2.00315287290149e-07","-0.0286721467238162","-0.576297692709409","0.588753380815658","3.19527647762812e-06","0.332131260781127","0.312488062568807",NA,"333.443793349787","340.189279075935","1.09521137192647e-06","70","No gap","1.00000792398425","0.756302915247918","0.508285468495821","0.491714531504179","0.656533863799623","0.536115079950345","0.637845042558706","0.800310446836901","0.0856265737867143","0.0293332427210617","0.01","0.1","","","","2.38987756856588","","","","","","","","",""
"34869","CES0600000007MoMPercentChangeL1","BAA10YB_IndexMoMDifferenceL0",NA,"0",NA,"-30.5315174784682","0.57798130453629","-0.12011938770894","2.38472990627329e-07","-0.0557662669751431","-0.573037966871145","0.537159377246893","1.86082237450701e-05","0.332062012734274","0.312416777814694",NA,"333.451050931573","340.196536657721","1.09907892653638e-06","70","No gap","1.00376847660097","0.938937315277041","0.499789698778433","0.500210301221567","0.534637183828038","0.847152244773556","0.567134793916771","0.709110246131033","0.0994950274821418","0.0349245955345856","0.01","0.1","","","","2.36527407977225","","","","","","","","",""
"44487","ism_man_pricesMoMDifferenceL0","BAA10YB_IndexMoMDifferenceL0",NA,"0",NA,"0.0373799851885053","0.582691071467727","-0.117498376394541","8.99277926959543e-07","0.057252414314991","-0.560534248500643","0.653725703768942","1.4207695210634e-05","0.331986753896368","0.312339305481555",NA,"333.458937624631","340.204423350779","1.10329721991764e-06","70","No gap","1.08381784343468","0.707841869209506","0.56963120642181","0.43036879357819","0.737136314821297","0.850232874298356","0.588085341063938","0.778324307784084","0.0603211046745391","0.0380172177205827","0.01","0.1","","","","2.24994875038601","","","","","","","","",""
"15059","IPNMATMoMPercentChangeL0","BAA10YB_IndexMoMDifferenceL0",NA,"0",NA,"-9.0042783051925","0.58304046530118","-0.119070574316379","3.62442358968331e-07","-0.0551426691762353","-0.568034528995182","0.524837292827714","1.23205590756271e-05","0.331981219066755","0.312333607862836",NA,"333.459517607843","340.205003333991","1.10360806926391e-06","70","No gap","1.0234932799673","0.873729933810801","0.519417987149311","0.480582012850689","0.372275252118731","0.800809879470894","0.76840451638011","0.717333750830424","0.0804317912043859","0.0406764517362999","0.01","0.1","","","","2.28689844014804","","","","","","","","",""
"13811","IPDMATMoMDifferenceL1","BAA10YB_IndexMoMDifferenceL0",NA,"0",NA,"-0.102866837681463","0.589975769902694","-0.122503463475607","1.86768317286046e-07","-0.0545090758229849","-0.584411367587339","0.546399777747616","3.21552965959372e-05","0.331872718950685","0.312221916566881",NA,"333.470886137613","340.216371863761","1.10971889166755e-06","70","No gap","1.02175232971494","0.874640222119988","0.521332679819335","0.478667320180665","0.50286732631562","0.386476195308807","0.717782571453021","0.799190161245202","0.0871022679764994","0.0340268719508317","0.01","0.1","","","","2.24641036638928","","","","","","","","",""
"44699","USGG2YR_IndexMoMDifferenceL1","BAA10YB_IndexMoMDifferenceL0",NA,"0",NA,"1.41712189489223","0.595420260686817","-0.124770083023268","3.6672651896094e-07","0.0548408034834095","-0.595224435169813","0.603494733446233","4.33501163190345e-05","0.33178934032971","0.312136085633525",NA,"333.479621208733","340.225106934881","1.11443715222759e-06","70","No gap","1.12468403085685","0.838843009810981","0.528498535583372","0.471501464416628","0.296822746298935","0.780672638367515","0.621407307701602","0.826756600785264","0.0840723590545202","0.0316499395909846","0.01","0.1","","","","2.28226755266393","","","","","","","","",""
"45405","SPX_Index_14DRSIMoMDifferenceL0","BAA10YB_IndexMoMDifferenceL0",NA,"0",NA,"0.0122771759794836","0.602185754588779","-0.117430489297153","1.03756865989107e-06","0.0546282985490015","-0.560210388339469","0.572275990200763","1.91183745889847e-05","0.331687897779067","0.312031659478452",NA,"333.490247258301","340.235732984449","1.12020388098877e-06","70","No gap","1.09693714429826","0.975736051104346","0.49089551972668","0.50910448027332","0.748719096447025","0.60091078768884","0.689197155226923","0.74717577391138","0.085996154009408","0.0317932652714983","0.01","0.1","","","","2.28431211043844","","","","","","","","",""
"26743","UEMP27OVMoMPercentChangeL1","BAA10YB_IndexMoMDifferenceL0",NA,"0",NA,"-3.07526153271482","0.605880327019424","-0.123513795480997","2.39905639710043e-07","-0.0505702228796256","-0.589231227305874","0.591492926787833","1.73004187778108e-05","0.331633500253356","0.311975662025514",NA,"333.495944703889","340.241430430037","1.12330814894257e-06","70","No gap","1.06117665101937","0.949110331645627","0.483119106190831","0.516880893809169","0.517694337970893","0.906563995220068","0.681054440455858","0.80850052866144","0.088416842260744","0.0304830666339121","0.01","0.1","","","","2.28453192680529","","","","","","","","",""
"14563","IPNMATMoMDifferenceL0","BAA10YB_IndexMoMDifferenceL0",NA,"0",NA,"-0.0892103911074816","0.607682992018628","-0.119153795641954","3.62562326346307e-07","-0.0516377820258013","-0.568431542167804","0.565686822410522","1.20003272492139e-05","0.331607211989661","0.311948600577592",NA,"333.498697897341","340.244183623489","1.12481131486764e-06","70","No gap","1.02438138910078","0.877858195678811","0.517760041142549","0.482239958857451","0.358962316161443","0.797782470910607","0.771392743077842","0.718934436799458","0.0781554800872791","0.0399541844421083","0.01","0.1","","","","2.28549891968857","","","","","","","","",""
"30045","MANEMPMoMDifferenceL1","BAA10YB_IndexMoMDifferenceL0",NA,"0",NA,"-0.00555654342404597","0.629339119348834","-0.119256240396515","3.57251293151301e-07","-0.0435688250886443","-0.568920262057156","0.682128162751154","7.50419001032089e-06","0.33130410140145","0.311636574972081",NA,"333.530435121283","340.275920847431","1.14228486547407e-06","70","No gap","1.02432135889329","0.898556740102331","0.501994134481834","0.498005865518166","0.475308178635223","0.631054962993027","0.686919177453073","0.800940658998175","0.0882007242979359","0.035071543177879","0.01","0.1","","","","2.27380837196674","","","","","","","","",""
"35865","AWHMANMoMPercentChangeL0","BAA10YB_IndexMoMDifferenceL0",NA,"0",NA,"-36.1618751744442","0.634766437149853","-0.121356751009777","1.88886753497898e-07","-0.0476157023708661","-0.578940895313561","0.603911205528741","2.293006225384e-05","0.331231725554702","0.311562070423958",NA,"333.538011113791","340.283496839939","1.14649595173155e-06","70","No gap","1.00272945743247","0.919235809558138","0.508976087694043","0.491023912305957","0.448731984439235","0.624406950785032","0.589088927067399","0.731829326473345","0.0733866951102486","0.0361114135538834","0.01","0.1","","","","2.33318058351788","","","","","","","","",""
"30393","MANEMPMoMPercentChangeL1","BAA10YB_IndexMoMDifferenceL0",NA,"0",NA,"-66.9557635420217","0.638114300005896","-0.119327597110395","3.49474387838742e-07","-0.0424286846838578","-0.569260674267244","0.68219612447223","1.8128255507598e-05","0.331187779766021","0.31151683211208",NA,"333.542610769992","340.28809649614","1.14906022319339e-06","70","No gap","1.02334855008602","0.896599648386569","0.510121104837478","0.489878895162522","0.474111783419506","0.613858147109326","0.687308539957305","0.799995850844184","0.0877204176221016","0.0349897058732477","0.01","0.1","","","","2.27278210571096","","","","","","","","",""
"40623","AMBSLMoMPercentChangeL0","BAA10YB_IndexMoMDifferenceL0",NA,"0",NA,"-6.49881921849905","0.638193383714118","-0.120967717561901","1.97684127230099e-07","-0.0470551055161383","-0.577084983955136","0.649820837937154","1.87152797066176e-05","0.331186748080438","0.311515770082804",NA,"333.542718749382","340.28820447553","1.14912048965188e-06","70","No gap","1.00017838167174","0.928464994674232","0.471604632017429","0.528395367982571","0.677547786378908","0.919947374856134","0.71508442148245","0.796441794835271","0.0791271615039882","0.0344335150876152","0.01","0.1","","","","2.29674292961577","","","","","","","","",""
"45483","TED_G_IndexMoMPercentChangeL1","BAA10YB_IndexMoMDifferenceL0",NA,"0",NA,"-0.644966514032708","0.638554255492723","-0.120510102174958","2.1799116990765e-07","-0.0468557425167059","-0.574901897644559","0.538420231292309","1.13318454011365e-05","0.331182044074888","0.31151092772415",NA,"333.543211082973","340.288696809121","1.14939531570268e-06","70","No gap","1.00109229398877","0.940324648453224","0.493982894927469","0.506017105072531","0.897521740474688","0.569040681386289","0.724788189990552","0.755166709544976","0.0816588859741651","0.0343770703897523","0.01","0.1","","","","2.26039569909361","","","","","","","","",""
"35585","AWHMANMoMDifferenceL0","BAA10YB_IndexMoMDifferenceL0",NA,"0",NA,"-0.849318237737525","0.640960630773948","-0.121350259349917","1.89455457162263e-07","-0.046750188863348","-0.578909926394729","0.611794643505308","2.29419122257498e-05","0.331150833333518","0.311478799019798",NA,"333.546477593541","340.29196331969","1.15122038324422e-06","70","No gap","1.00276159914936","0.918744662756329","0.509056151773107","0.490943848226893","0.45295473198812","0.623736878133436","0.592130699480649","0.732931764308797","0.0734161104125665","0.0360697561134772","0.01","0.1","","","","2.33324981007111","","","","","","","","",""
"23299","UEMPLT5MoMPercentChangeL0","BAA10YB_IndexMoMDifferenceL0",NA,"0",NA,"-2.21346623946874","0.641608658609413","-0.120457196818249","2.21385686458707e-07","-0.046637021323662","-0.574649508928437","0.643758290789868","1.39112641725337e-05","0.331142474834086","0.311470194682148",NA,"333.547352366709","340.292838092857","1.15170962899924e-06","70","No gap","1.00150299164329","0.903789340911598","0.521458310919058","0.478541689080942","0.796793599142009","0.988968762466195","0.733479929736325","0.773343354525628","0.100922590748824","0.0271042766067817","0.01","0.1","","","","2.26744218896879","","","","","","","","",""
"22875","UEMPLT5MoMDifferenceL0","BAA10YB_IndexMoMDifferenceL0",NA,"0",NA,"-0.000922960195113501","0.641719603213837","-0.120545015556951","2.16190747014002e-07","-0.046580266136658","-0.575068454382944","0.636299136231735","2.35100684046883e-06","0.331141045800711","0.31146872361838",NA,"333.547501923566","340.292987649715","1.15179329440718e-06","70","No gap","1.00088735302444","0.90579713078211","0.520332817826787","0.479667182173213","0.748830834808968","0.98797890500116","0.749397430086047","0.776194909125782","0.100148507584637","0.026703823672678","0.01","0.1","","","","2.26775903435074","","","","","","","","",""
"22015","UEMPMEANMoMDifferenceL0","BAA10YB_IndexMoMDifferenceL0",NA,"0",NA,"0.144011588058259","0.642079217921191","-0.119746187241112","2.86787392249569e-07","0.0457083288440515","-0.571257587854911","0.662865912382634","1.11397621711676e-05","0.331136417703322","0.311463959400479",NA,"333.54798627934","340.293472005488","1.1520642954066e-06","70","No gap","1.01247930876779","0.956860195722138","0.4824006077956","0.5175993922044","0.228017330849247","0.668146352567087","0.695961164221488","0.706322236516362","0.097617136783138","0.0346828589729238","0.01","0.1","","","","2.30568201631314","","","","","","","","",""
"41291","REALLNMoMDifferenceL1","BAA10YB_IndexMoMDifferenceL0",NA,"0",NA,"-0.00857313480437758","0.642582136961462","-0.120764079390499","2.05417947383209e-07","-0.0300695945168549","-0.576113513770824","0.640597755463499","8.01566092424491e-06","0.33112995547186","0.311457307103385",NA,"333.548662581697","340.294148307845","1.1524427988574e-06","70","No gap","1.00005438846575","0.908697312596566","0.469967977971499","0.530032022028501","0.899465803308263","0.412840781161852","0.718543985085172","0.772679381720781","0.104752547617162","0.024824946326812","0.01","0.1","","","","2.26975420078349","","","","","","","","",""
"18183","IPFUELSMoMPercentChangeL1","BAA10YB_IndexMoMDifferenceL0",NA,"0",NA,"-8.138744706744","0.646034117756951","-0.121770855879382","1.88980582671793e-07","-0.0461284850114726","-0.580916411648398","0.58796255402882","1.11640465637519e-05","0.33108591735345","0.311411973746199",NA,"333.553271200124","340.298756926272","1.15502539910217e-06","70","No gap","1.00940763033458","0.929860178134873","0.495634540884135","0.504365459115865","0.400529339928063","0.908686910628112","0.755843051075852","0.798229858715335","0.10124861795663","0.0302598922522802","0.01","0.1","","","","2.29778600657941","","","","","","","","",""
"40423","AMBSLMoMDifferenceL0","BAA10YB_IndexMoMDifferenceL0",NA,"0",NA,"-0.00167380533009035","0.64651769787169","-0.12089046104498","2.00649559213592e-07","-0.0459087335177089","-0.576716426320702","0.65619020995679","4.15998201154999e-06","0.33107979232276","0.311405668567547",NA,"333.553912164631","340.299397890779","1.15538504397161e-06","70","No gap","1.00003211897344","0.931145841721837","0.472740045635969","0.527259954364031","0.713915698968963","0.922065083132978","0.721548677360497","0.793318896951451","0.0810455692382167","0.0341850185176221","0.01","0.1","","","","2.29436624607124","","","","","","","","",""
"17711","IPFUELSMoMDifferenceL1","BAA10YB_IndexMoMDifferenceL0",NA,"0",NA,"-0.0736764092894895","0.648316320656594","-0.121795081428369","1.89573999475353e-07","-0.0458431976675399","-0.581031981329552","0.593131976113241","1.13139698386742e-05","0.331057105797003","0.311382314791033",NA,"333.556286184516","340.301771910664","1.15671808154083e-06","70","No gap","1.01003963851655","0.928884528225137","0.503360631062128","0.496639368937872","0.362625476026885","0.898199830809387","0.758184836114354","0.801896598428929","0.101087635944879","0.0299673867570106","0.01","0.1","","","","2.29277035963428","","","","","","","","",""
"44979","USGG30YR_IndexMoMDifferenceL1","BAA10YB_IndexMoMDifferenceL0",NA,"0",NA,"0.836407518219062","0.652219673161142","-0.123225348382704","2.63039195041088e-07","0.0465074121146002","-0.587855170185468","0.728937580947255","1.29628483767539e-05","0.331008383611298","0.311332159599866",NA,"333.561384420601","340.306870146749","1.15958599589128e-06","70","No gap","1.06381005677836","0.795576675003794","0.549622562624055","0.450377437375945","0.449542252761315","0.662709349169495","0.646501233593115","0.781813178327302","0.0930601655479712","0.032647786626573","0.01","0.1","","","","2.24944280580478","","","","","","","","",""
"45043","USGG30YR_IndexMoMPercentChangeL1","BAA10YB_IndexMoMDifferenceL0",NA,"0",NA,"2.35943279467176","0.653057903569221","-0.123132617246982","2.54900024147067e-07","0.0463227354517074","-0.587412789796314","0.740309757579234","1.18311582737274e-05","0.330998011662879","0.31132148259414",NA,"333.562469681976","340.307955408124","1.16019740603601e-06","70","No gap","1.05925825017905","0.792009909147415","0.550858143546963","0.449141856453037","0.42594540958447","0.598708215200721","0.618871981012923","0.787548668240627","0.0922993005754017","0.0339237869879591","0.01","0.1","","","","2.24983519850149","","","","","","","","",""
"28977","CES1021000001MoMPercentChangeL1","BAA10YB_IndexMoMDifferenceL0",NA,"0",NA,"10.1782670196825","0.663898446709426","-0.121645162200005","1.90892937410737e-07","0.0432349321814681","-0.580316781132021","0.607027460965134","7.12012537113055e-06","0.330866738934786","0.311186348903456",NA,"333.576203855707","340.321689581855","1.16796282112475e-06","70","No gap","1.00787231204682","0.879735378898995","0.487878456008265","0.512121543991735","0.943652529399742","0.474394360605544","0.617917583077982","0.778083012732828","0.0786144620454897","0.0251786862030669","0.01","0.1","","","","2.28430768380761","","","","","","","","",""
"41475","REALLNMoMPercentChangeL1","BAA10YB_IndexMoMDifferenceL0",NA,"0",NA,"-31.4021411352539","0.664234951943779","-0.120696450988637","2.09473763894253e-07","-0.0285292679305289","-0.575790887734803","0.66362979979652","9.39046021163715e-06","0.330862748389203","0.311182240988886",NA,"333.576621317182","340.32210704333","1.16819966944348e-06","70","No gap","1.00023429611844","0.90593235174082","0.462647322229299","0.537352677770701","0.908180556641632","0.323087825841783","0.721658149592937","0.773653074265619","0.10035989510277","0.0247821024897725","0.01","0.1","","","","2.26648124739799","","","","","","","","",""
"36141","HOUSTMoMDifferenceL0","BAA10YB_IndexMoMDifferenceL0",NA,"0",NA,"-0.00122153496613476","0.683311279561536","-0.121324499158831","1.93154578416604e-07","-0.0408822001550243","-0.578787035595769","0.684089914992577","1.54172263019217e-05","0.330644652809885","0.310957730833705",NA,"333.599433084241","340.34491881039","1.18121529657511e-06","70","No gap","1.00325530288456","0.892552191799096","0.527080764109076","0.472919235890924","0.139049771960674","0.154294997486133","0.841219875601675","0.840296026539253","0.0825880737267467","0.0348646148903463","0.01","0.1","","","","2.25435621856932","","","","","","","","",""
"13559","IPDMATMoMDifferenceL0","BAA10YB_IndexMoMDifferenceL0",NA,"0",NA,"-0.0762584952924439","0.686889744091453","-0.121211463913017","1.94589047483641e-07","-0.0403981970870997","-0.578247793024844","0.703127382747385","2.22642467761368e-05","0.330605491832429","0.310917418062794",NA,"333.603528350301","340.34901407645","1.18356722478286e-06","70","No gap","1.00196999269761","0.917164695574558","0.501925426877355","0.498074573122645","0.590725014767843","0.821965196907298","0.735306298245008","0.742428183697175","0.0684529877254155","0.0312236194877056","0.01","0.1","","","","2.26316954123322","","","","","","","","",""
"21359","UNRATEMoMDifferenceL1","BAA10YB_IndexMoMDifferenceL0",NA,"0",NA,"0.929302032082115","0.688586698587038","-0.117969483516526","1.14891327394459e-06","0.0394087282465579","-0.562781698079849","0.658239095458125","1.76148853964947e-05","0.330587111338218","0.310898496965813",NA,"333.605450411082","340.35093613723","1.18467268639399e-06","70","No gap","1.11608677986626","0.865729422841344","0.511087442670193","0.488912557329807","0.375756261593631","0.8663323409976","0.734123607598426","0.735005653904624","0.0817681200351849","0.0347781963295252","0.01","0.1","","","","2.30195680466328","","","","","","","","",""
"14063","IPDMATMoMPercentChangeL0","BAA10YB_IndexMoMDifferenceL0",NA,"0",NA,"-8.24541276396716","0.693827839633178","-0.121169392365067","1.95635111742707e-07","-0.0394419572145168","-0.57804708775353","0.704326083250848","2.21688803123171e-05","0.33053110915738","0.310840847662009",NA,"333.611306271877","340.356791998025","1.18804701809694e-06","70","No gap","1.00162842339923","0.916680922856343","0.503036436690813","0.496963563309187","0.589911690135223","0.815731215667254","0.737383231885799","0.742735706715641","0.0683816416128131","0.0313267852667582","0.01","0.1","","","","2.26449964669101","","","","","","","","",""
"36413","HOUSTMoMPercentChangeL0","BAA10YB_IndexMoMDifferenceL0",NA,"0",NA,"-1.2648002822603","0.695714043956904","-0.121433340702049","1.94130962765199e-07","-0.0391042690811329","-0.579306271814222","0.719940063854977","2.07118489366869e-05","0.330511236786321","0.310820390809448",NA,"333.613384106034","340.358869832182","1.18924664049835e-06","70","No gap","1.0052947298471","0.890798424994624","0.525184730187741","0.474815269812259","0.130509924342194","0.13636050930629","0.84449375673805","0.839837695973169","0.0834273043265698","0.0340557009985334","0.01","0.1","","","","2.25523555323783","","","","","","","","",""
"45479","TED_G_IndexMoMPercentChangeL0","BAA10YB_IndexMoMDifferenceL0",NA,"0",NA,"-0.542903311963608","0.698318571410734","-0.118865883071667","5.59182222899874e-07","-0.0398175662301397","-0.567058035050756","0.689816532839703","3.29432784823524e-05","0.330484040163508","0.310792394285964",NA,"333.616227656268","340.361713382417","1.19089030681252e-06","70","No gap","1.05862231285275","0.90490662274257","0.50621832235257","0.49378167764743","0.115878844571635","0.519632954485105","0.625672317696988","0.841904405482603","0.0898397737959674","0.0321598558919547","0.01","0.1","","","","2.33793282012754","","","","","","","","",""
"12542","IPMATMoMDifferenceL0","BAA10YB_IndexMoMDifferenceL0",NA,"0",NA,"0.07641019995756","0.708779670387883","-0.120917222054683","2.02232277299467e-07","0.0372386851470873","-0.576844091595093","0.599412944059188","1.1109642504403e-05","0.33037762613313","0.310682850431164",NA,"333.627352693846","340.372838419994","1.19734280701334e-06","70","No gap","1.00010753578025","0.92858826095654","0.503105474924517","0.496894525075483","0.466088450288737","0.762276676299139","0.683198100247853","0.805583620113727","0.0970682907715276","0.0309836720298591","0.01","0.1","","","","2.2528839283647","","","","","","","","",""
"13052","IPMATMoMPercentChangeL0","BAA10YB_IndexMoMDifferenceL0",NA,"0",NA,"8.28052211577774","0.712512736885789","-0.120959700768895","2.01073141925395e-07","0.036717769652759","-0.577046739281631","0.601803095968882","1.10193529306077e-05","0.330340734361509","0.310644873607436",NA,"333.63120912544","340.376694851589","1.1995876803006e-06","70","No gap","1.00025606386477","0.929244221595463","0.502433877666922","0.497566122333078","0.444382945808076","0.767167539237758","0.684710119446511","0.806507557912792","0.0966326690525851","0.0309004354980424","0.01","0.1","","","","2.25293315469374","","","","","","","","",""
"1781","W875RX1MoMDifferenceL1","BAA10YB_IndexMoMDifferenceL0",NA,"0",NA,"0.000522607029157587","0.726105809273052","-0.11938452080814","4.15734317315422e-07","0.0344832502367041","-0.569532232761212","0.800498059599477","4.05587173090873e-06","0.330211131560116","0.310511458958943",NA,"333.644755295531","340.390241021679","1.20750647192303e-06","70","No gap","1.03894395181946","0.914219329810473","0.49876800195182","0.50123199804818","0.329520450408317","0.653276944627019","0.744951914999125","0.716653490755516","0.103444479634048","0.0336390045836353","0.01","0.1","","","","2.46936997455841","","","","","","","","",""
"593","RPIMoMDifferenceL1","BAA10YB_IndexMoMDifferenceL0",NA,"0",NA,"0.00045473263069084","0.726447888258859","-0.119389866134401","4.14525408884654e-07","0.0343708725539673","-0.569557733015177","0.800026326547965","3.53417405877724e-06","0.330207964750179","0.310508199007538",NA,"333.645086259782","340.390571985931","1.20770059908182e-06","70","No gap","1.03875833488781","0.915511957796992","0.497596590283307","0.502403409716693","0.344797473977482","0.84425622148245","0.743053920101194","0.717279712248207","0.102835454950818","0.0336452862624328","0.01","0.1","","","","2.49565250870452","","","","","","","","",""
"1485","W875RX1MoMDifferenceL0","BAA10YB_IndexMoMDifferenceL0",NA,"0",NA,"0.000688190132705","0.727493189854939","-0.121683243595558","2.04233850092784e-07","0.0340309878382555","-0.580498451101374","0.493343690692401","6.98678555178331e-06","0.330198316398134","0.310498266880432",NA,"333.646094602288","340.391580328436","1.20829223515528e-06","70","No gap","1.01341433597287","0.946491052769604","0.475596651972569","0.524403348027431","0.754536685356492","0.842631392753014","0.686250402732475","0.775876953081949","0.0715380776746545","0.0359909355657215","0.01","0.1","","","","3.79421115092829","","","","","","","","",""
"23087","UEMPLT5MoMDifferenceL1","BAA10YB_IndexMoMDifferenceL0",NA,"0",NA,"0.000705573906008467","0.728450183382166","-0.119206534248002","4.82675646050171e-07","0.0356096381171795","-0.568683135388196","0.673972935161504","9.29148666725546e-06","0.330189520845872","0.310489212635457",NA,"333.64701380663","340.392499532778","1.20883182264109e-06","70","No gap","1.04996713468389","0.911227517900234","0.497502613946231","0.502497386053769","0.350174635878339","0.712930650965882","0.638197874271043","0.732870952873235","0.084250566096239","0.0355147675523388","0.01","0.1","","","","2.25530696916624","","","","","","","","",""
"21579","UNRATEMoMPercentChangeL0","BAA10YB_IndexMoMDifferenceL0",NA,"0",NA,"3.95379647419586","0.731840667975921","-0.121783626715542","2.09680889799641e-07","0.0326891980112259","-0.580977335818325","0.715429817709091","2.55023055855844e-05","0.330158648618834","0.310457432401741",NA,"333.650240101468","340.395725827616","1.21072761660734e-06","70","No gap","1.01735174461052","0.889420441750099","0.502043075328422","0.497956924671578","0.693442035574255","0.882165741004329","0.684150321029823","0.752046292837426","0.068663149858484","0.0365743458430689","0.01","0.1","","","","2.25925651572219","","","","","","","","",""
"44575","ism_man_pricesMoMPercentChangeL0","BAA10YB_IndexMoMDifferenceL0",NA,"0",NA,"1.1931370163332","0.735538795066021","-0.118474066952743","1.00878647984717e-06","0.0356348104770317","-0.565188848764861","0.791972078173027","7.88707676399373e-06","0.330125486948364","0.310423295388022",NA,"333.653705488413","340.399191214561","1.21276721476438e-06","70","No gap","1.11092199567445","0.792067339716302","0.529544755557344","0.470455244442656","0.726012909033768","0.605434478910707","0.646906212833503","0.778918759816538","0.0520778755549648","0.0374257105118945","0.01","0.1","","","","2.2545355007606","","","","","","","","",""
"19339","CLF16OVMoMDifferenceL0","BAA10YB_IndexMoMDifferenceL0",NA,"0",NA,"9.24180454864795e-05","0.738150186861854","-0.120937097887293","2.02657871828576e-07","0.0333349798428783","-0.576938910649085","0.502163266070193","1.06646632370877e-05","0.330102390144411","0.310399519266305",NA,"333.656118997769","340.401604723918","1.21418974630139e-06","70","No gap","1.00020782700376","0.910924891573762","0.518499753910581","0.481500246089419","0.849293960115642","0.640259890412397","0.710756485573113","0.775744059443813","0.0839257689412387","0.035236464604826","0.01","0.1","","","","2.26763493898586","","","","","","","","",""
"29697","USCONSMoMPercentChangeL1","BAA10YB_IndexMoMDifferenceL0",NA,"0",NA,"16.284715944234","0.741035957637133","-0.120660641151232","2.14762913710466e-07","0.0269367338215514","-0.575620054392973","0.653399101228399","1.79962055492533e-05","0.33007717303687","0.310373560479131",NA,"333.658753974039","340.404239700187","1.21574471656505e-06","70","No gap","1.00063805212579","0.971696775355245","0.441458953537713","0.558541046462287","0.362103928292155","0.687345151811136","0.700017362132531","0.796725721359237","0.0775106640396575","0.0354208878738684","0.01","0.1","","","","2.25774967523699","","","","","","","","",""
"19795","CLF16OVMoMPercentChangeL0","BAA10YB_IndexMoMDifferenceL0",NA,"0",NA,"14.5062877954377","0.74176382166595","-0.120974922202817","2.01766741384506e-07","0.0328507882660947","-0.577119354200117","0.501525478559315","1.44823435201975e-05","0.330070863289854","0.31036706515132",NA,"333.659413274175","340.404899000323","1.21613409864718e-06","70","No gap","1.00040370845137","0.912055149639884","0.517781320370425","0.482218679629575","0.84213059059243","0.646127742131313","0.711503001329461","0.776259593091806","0.08359921375172","0.0352093522105824","0.01","0.1","","","","2.26703134830743","","","","","","","","",""
"37589","HOUSTMWMoMPercentChangeL1","BAA10YB_IndexMoMDifferenceL0",NA,"0",NA,"-0.383784449048801","0.742155772753357","-0.121161356738069","1.98854999460694e-07","-0.0326857730491959","-0.578008753231143","0.718081358384472","1.4665590029537e-05","0.330067473955479","0.310363576130641",NA,"333.659767420297","340.405253146445","1.21634330851883e-06","70","No gap","1.00221970162661","0.945738084983929","0.488723067298874","0.511276932701126","0.96808709349107","0.862093688916582","0.689336518409513","0.765272461032584","0.096300224206976","0.0334883421111587","0.01","0.1","","","","2.37714728729323","","","","","","","","",""
"2077","W875RX1MoMPercentChangeL0","BAA10YB_IndexMoMDifferenceL0",NA,"0",NA,"7.91063646473063","0.742553328602641","-0.121633264185732","2.06539227921699e-07","0.0320258519085979","-0.580260020820146","0.534457473178285","1.86149954597409e-05","0.330064042179998","0.310360043420586",NA,"333.660125999198","340.405611725346","1.21655517371089e-06","70","No gap","1.0133668278633","0.946457323798524","0.475557760278777","0.524442239721223","0.777694310741648","0.839576623089081","0.686416350620219","0.774636626230406","0.0720483803729459","0.0358157119716933","0.01","0.1","","","","3.63713475120967","","","","","","","","",""
"295","RPIMoMDifferenceL0","BAA10YB_IndexMoMDifferenceL0",NA,"0",NA,"0.000566740304753844","0.74317623623055","-0.121711432923027","2.10162863339654e-07","0.0319648200196664","-0.580632930265879","0.524614851121969","6.38511895644607e-06","0.330058677319218","0.310354520769783",NA,"333.660686558377","340.406172284525","1.21688645216e-06","70","No gap","1.01619722233155","0.94616610073351","0.475689027698301","0.524310972301699","0.776396042116079","0.805670285909108","0.686557662404606","0.774657577413798","0.0719355913127977","0.0358742260759085","0.01","0.1","","","","4.36778126121674","","","","","","","","",""
"45451","SPX_Index_30DRSIMoMDifferenceL1","BAA10YB_IndexMoMDifferenceL0",NA,"0",NA,"-0.0128880313661128","0.748715076686722","-0.121560214772182","2.05429268770374e-07","-0.0322714751150213","-0.579911533467521","0.77935015243758","2.32283122934953e-05","0.330011625793431","0.310306085375591",NA,"333.665602647354","340.411088373502","1.21979562339725e-06","70","No gap","1.01159703221721","0.900163508020339","0.525475329560229","0.474524670439771","0.241838116642071","0.503502269217123","0.656492722414316","0.717729782208966","0.0882855177843267","0.0332681812524387","0.01","0.1","","","","2.5222270893636","","","","","","","","",""
"34721","CES0600000007MoMPercentChangeL0","BAA10YB_IndexMoMDifferenceL0",NA,"0",NA,"-17.2072197874442","0.754328296145613","-0.121218186511715","1.99720635194204e-07","-0.0313809788600404","-0.578279863653607","0.709417545546457","2.38363934827995e-05","0.32996513153075","0.310258223634596",NA,"333.670460172635","340.415945898783","1.22267696966993e-06","70","No gap","1.00338480965765","0.922557203707312","0.508139772573135","0.491860227426865","0.627824236586445","0.518549195290249","0.643155218858191","0.756354640212013","0.0705817588900128","0.034226510472381","0.01","0.1","","","","2.27899327468878","","","","","","","","",""
"28793","CES1021000001MoMPercentChangeL0","BAA10YB_IndexMoMDifferenceL0",NA,"0",NA,"7.2639986380482","0.75561563192116","-0.120969440809453","2.02413685270036e-07","0.0308447712946227","-0.57709320482849","0.707526131190472","1.0998625307281e-05","0.329954636186384","0.31024741960363",NA,"333.6715566355","340.417042361648","1.22332830132521e-06","70","No gap","1.0004174901671","0.888202971536631","0.484812208901536","0.515187791098464","0.710613769487731","0.374226695700711","0.678256687462541","0.758065077567794","0.088103551440644","0.029373563644981","0.01","0.1","","","","2.25332886085891","","","","","","","","",""
"28609","CES1021000001MoMDifferenceL1","BAA10YB_IndexMoMDifferenceL0",NA,"0",NA,"0.00997416063840187","0.756330254657228","-0.121422425760883","2.0284992105061e-07","0.0308263567120132","-0.579254201321579","0.714551073899635","7.92482878126529e-06","0.329948836930063","0.310241449780947",NA,"333.672162484309","340.417648210458","1.22368834232223e-06","70","No gap","1.00810356323182","0.895686498528142","0.47847806584635","0.52152193415365","0.819888229635545","0.460731679763875","0.641794243752571","0.78198282058894","0.0741384427455268","0.0270325264170707","0.01","0.1","","","","2.27296961160678","","","","","","","","",""
"44881","USGG10YR_IndexMoMPercentChangeL0","BAA10YB_IndexMoMDifferenceL0",NA,"0",NA,"1.35447598088397","0.757872422158722","-0.116419127778913","1.90701572288644e-05","0.0373481994147369","-0.555385617257649","0.738528637810899","0.000832897065833424","0.329936387347631","0.310228634034326",NA,"333.673463075551","340.4189488017","1.2244616097723e-06","70","No gap","1.46560888320963","0.864510301106536","0.511397852713121","0.488602147286879","0.861433438584538","0.820591578412106","0.664449167568758","0.777659629254124","0.0914030655647051","0.0347265274564734","0.01","0.1","","","","2.29907757201902","","","","","","","","",""
"29337","USCONSMoMDifferenceL1","BAA10YB_IndexMoMDifferenceL0",NA,"0",NA,"0.00230934554967074","0.758670723826699","-0.120722045717294","2.12007783298782e-07","0.025019873663665","-0.575912989183633","0.677015263148038","1.49133052509142e-05","0.329929977837433","0.310222036009123",NA,"333.674132659095","340.419618385243","1.22485990161625e-06","70","No gap","1.00031156957939","0.962921393747294","0.445542184669232","0.554457815330768","0.357038076131694","0.676168656413005","0.705972930727844","0.795719168308463","0.0762500333462582","0.0350901659621518","0.01","0.1","","","","2.25763223119683","","","","","","","","",""
"34425","CES0600000007MoMDifferenceL0","BAA10YB_IndexMoMDifferenceL0",NA,"0",NA,"-0.407819103153939","0.760647731895895","-0.12120968301985","2.00287898366563e-07","-0.0305514749628144","-0.578239297149042","0.718189558247828","2.38529695555522e-05","0.329914207147148","0.310205801475005",NA,"333.675780151584","340.421265877732","1.22584043982243e-06","70","No gap","1.00341465445437","0.922356854450681","0.508161304755715","0.491838695244285","0.635779007571132","0.516105859619865","0.645655828778987","0.757140914124992","0.0705686758910753","0.0341947037963707","0.01","0.1","","","","2.2787664621378","","","","","","","","",""
"45435","SPX_Index_14DRSIMoMPercentChangeL1","BAA10YB_IndexMoMDifferenceL0",NA,"0",NA,"-0.347571686673737","0.761264389568449","-0.120991015006055","2.02144619954912e-07","-0.0301708080502645","-0.577196126047068","0.750711349908568","1.52945452321371e-05","0.329909317888074","0.310200768414194",NA,"333.676290902432","340.42177662858","1.22614458286652e-06","70","No gap","1.00059113506013","0.866223280586927","0.543316966987883","0.456683033012117","0.227839333545933","0.599756104549992","0.631715610508634","0.72623543933732","0.0911078166652141","0.0338277727298862","0.01","0.1","","","","2.43913631981976","","","","","","","","",""
"891","RPIMoMPercentChangeL0","BAA10YB_IndexMoMDifferenceL0",NA,"0",NA,"7.7344181694693","0.761832946686623","-0.121650834001047","2.13629679050333e-07","0.0295174217483456","-0.580343838856839","0.572059744407928","1.85897566046123e-05","0.329904822557471","0.310196140867985",NA,"333.676760498704","340.422246224853","1.22642428557196e-06","70","No gap","1.01639875874242","0.945288716750166","0.476338120217608","0.523661879782392","0.803775474115176","0.796398812670093","0.687775737341134","0.773375993669321","0.0725495461550921","0.0356612575961275","0.01","0.1","","","","4.17078603313073","","","","","","","","",""
"22447","UEMPMEANMoMPercentChangeL0","BAA10YB_IndexMoMDifferenceL0",NA,"0",NA,"2.42064243601278","0.771171898144988","-0.120174299080731","2.68193104533961e-07","0.0287442200293969","-0.573299925422962","0.790777151585352","1.18535435879566e-05","0.329832698729327","0.310121895750778",NA,"333.684294348313","340.429780074461","1.23092035919647e-06","70","No gap","1.01173671578125","0.936717247365042","0.492175968833727","0.507824031166273","0.272237051019888","0.711339235351075","0.691931442261551","0.735216118200003","0.0899008447312173","0.0341992186111602","0.01","0.1","","","","2.31404549793055","","","","","","","","",""
"8849","IPCONGDMoMPercentChangeL0","BAA10YB_IndexMoMDifferenceL0",NA,"0",NA,"-7.61381030534465","0.771444459530792","-0.119449874265874","4.72445722022634e-07","-0.0295583856167142","-0.569844006016657","0.733968227265736","1.27869426220059e-05","0.329830642085245","0.310119778617165",NA,"333.684509167604","340.429994893752","1.23104880112024e-06","70","No gap","1.05163607202054","0.872491973288341","0.522615201935319","0.477384798064681","0.266506370681293","0.802136734842176","0.719403379756291","0.739157147991754","0.0670709877695629","0.039568342176753","0.01","0.1","","","","2.26007321524984","","","","","","","","",""
"30909","DMANEMPMoMPercentChangeL0","BAA10YB_IndexMoMDifferenceL0",NA,"0",NA,"-35.7303446528387","0.771736351476682","-0.119758212748297","3.59621291709766e-07","-0.0270190658650402","-0.571314956380673","0.796560999065742","6.0587612341831e-06","0.329828442604685","0.310117514446",NA,"333.684738905632","340.43022463178","1.23118617789686e-06","70","No gap","1.03129962835227","0.885426129539938","0.492434378697669","0.507565621302331","0.473623389465943","0.379909871731462","0.764096271836128","0.798778585938293","0.0878471168914555","0.0373371770235765","0.01","0.1","","","","2.42839878090347","","","","","","","","",""
"7765","IPFINALMoMPercentChangeL0","BAA10YB_IndexMoMDifferenceL0",NA,"0",NA,"-10.439504752855","0.775599767805756","-0.119330501651606","5.44701613856427e-07","-0.0292674190761114","-0.569274530584881","0.787495125467715","5.7013743589005e-06","0.329799624858156","0.31008784911869",NA,"333.687748879518","340.433234605666","1.23298747289891e-06","70","No gap","1.06325385978584","0.865882024197607","0.52914363695571","0.47085636304429","0.274775261891598","0.780991313083487","0.728937157409149","0.74080384931275","0.0355797091774016","0.0395897037089063","0.01","0.1","","","","2.27443936129388","","","","","","","","",""
"30565","DMANEMPMoMDifferenceL0","BAA10YB_IndexMoMDifferenceL0",NA,"0",NA,"-0.00446573116551899","0.77811939355289","-0.119787166584078","3.58430357974052e-07","-0.026255196203905","-0.571453082685721","0.806969713416938","1.04631394503568e-05","0.329781124323989","0.310068804451165",NA,"333.689681166586","340.435166892734","1.23414522346099e-06","70","No gap","1.03141854538582","0.886488460956027","0.493012219524207","0.506987780475793","0.478861617268346","0.383447084319548","0.762587546500748","0.797744024300557","0.0881657663606586","0.0371654728256075","0.01","0.1","","","","2.42901703591909","","","","","","","","",""
"44813","USGG10YR_IndexMoMDifferenceL0","BAA10YB_IndexMoMDifferenceL0",NA,"0",NA,"0.569523244712696","0.779979282596107","-0.116701121618944","2.18951837035209e-05","0.0342365750179035","-0.556730888656739","0.760460348849368","0.000952624244166774","0.329767616130793","0.310054898958169",NA,"333.69109199524","340.436577721389","1.23499122317572e-06","70","No gap","1.49688421387146","0.864388663722635","0.413243763185891","0.586756236814109","0.840894719992488","0.663763190838298","0.672768499717437","0.779157726303701","0.0855144612148887","0.0333080825856592","0.01","0.1","","","","2.3278122511996","","","","","","","","",""
"45291","AAIIBULL_IndexMoMDifferenceL1","BAA10YB_IndexMoMDifferenceL0",NA,"0",NA,"0.00972616229853105","0.783191871632149","-0.120877386037132","2.05869054165882e-07","0.0275646636368798","-0.576654051078397","0.767934710585007","1.49038894649271e-05","0.329744578819906","0.310031184079315",NA,"333.6934980026","340.438983728748","1.23643531724227e-06","70","No gap","1.00005152404227","0.958802904315968","0.487758707811546","0.512241292188454","0.546034709225125","0.834371593165844","0.796367181398181","0.792383931664766","0.0811588850232779","0.0290342174388054","0.01","0.1","","","","2.4781824108739","","","","","","","","",""
"45179","MOVE_IndexMoMDifferenceL0","BAA10YB_IndexMoMDifferenceL0",NA,"0",NA,"0.00953067352074954","0.78409834163614","-0.122252156776256","3.10659841728746e-07","0.0281765069179349","-0.583212491345927","0.787083746776584","1.23330945170171e-05","0.329738146072717","0.31002456213368",NA,"333.694169821325","340.439655547473","1.23683884667436e-06","70","No gap","1.06059769314161","0.890656260713883","0.512988004805732","0.487011995194268","0.0704807192577813","0.36445408557764","0.754546873295022","0.832211189742621","0.0916867246994639","0.0349134531499158","0.01","0.1","","","","2.29074751502039","","","","","","","","",""
"45467","SPX_Index_30DRSIMoMPercentChangeL1","BAA10YB_IndexMoMDifferenceL0",NA,"0",NA,"-0.587909864169942","0.784455526912965","-0.121369454256625","2.06888676646895e-07","-0.0274406275391317","-0.57900149704393","0.8032753132874","2.05783511661387e-05","0.329735619457714","0.31002196120647",NA,"333.694433692401","340.43991941855","1.23699737752947e-06","70","No gap","1.00862961268423","0.892233992999285","0.528756122877767","0.471243877122233","0.238274890468316","0.529832354897796","0.667393173258585","0.726941738473913","0.0893398059631547","0.0329527377336494","0.01","0.1","","","","2.53475585555365","","","","","","","","",""
"41815","WPSFD49207MoMPercentChangeL1","BAA10YB_IndexMoMDifferenceL0",NA,"0",NA,"-13.3708185461593","0.785537972095083","-0.120749890737874","2.11412359692107e-07","-0.0270846348063448","-0.57604582580797","0.784826779479815","1.78338942446143e-05","0.329727990670951","0.310014108043626",NA,"333.695230410905","340.440716137053","1.23747616032066e-06","70","No gap","1.00022664252988","0.949474440711908","0.459429299100458","0.540570700899542","0.406967681882001","0.889799145097952","0.712410872390404","0.74548449498697","0.0875695638237614","0.0358432294145528","0.01","0.1","","","","2.26825971300971","","","","","","","","",""
"37333","HOUSTMWMoMDifferenceL1","BAA10YB_IndexMoMDifferenceL0",NA,"0",NA,"-0.00206735346555484","0.787099266333376","-0.120983657726074","2.03302772391616e-07","-0.0270635560923982","-0.577161027626719","0.770404517328013","6.94365265839586e-06","0.329717061377224","0.310002857300084",NA,"333.696371804717","340.441857530865","1.23816239649965e-06","70","No gap","1.00067868225057","0.942868218384665","0.500739339778934","0.499260660221066","0.82622858955116","0.851493088112213","0.703503502311161","0.771804048128183","0.0925847043304269","0.0332331301940439","0.01","0.1","","","","2.47921319978874","","","","","","","","",""
"4117","CMRMTSPLMoMDifferenceL1","BAA10YB_IndexMoMDifferenceL0",NA,"0",NA,"3.32056394945969e-06","0.789321725323194","-0.121289383050562","2.05202877117061e-07","0.0263145757547391","-0.578619511737461","0.607211789740887","4.22114175744279e-06","0.329701654863774","0.309986997653885",NA,"333.697980742503","340.443466468651","1.23913037897161e-06","70","No gap","1.0065323060071","0.918106089571368","0.487924655966068","0.512075344033932","0.580342333155059","0.110566986315036","0.675540775833758","0.784845463172108","0.0776855223102477","0.0347034233154212","0.01","0.1","","","","4.847293020506","","","","","","","","",""
"23511","UEMPLT5MoMPercentChangeL1","BAA10YB_IndexMoMDifferenceL0",NA,"0",NA,"1.29099484945464","0.791770456648791","-0.119502540093358","5.0024209902205e-07","0.0272020882170159","-0.570095252041803","0.737600555645591","2.55683490337211e-05","0.3296848846637","0.309969734212633",NA,"333.699732051199","340.445217777347","1.2401848757948e-06","70","No gap","1.05784429986712","0.915145591240278","0.51421616602116","0.48578383397884","0.376150417593347","0.734374540216166","0.662669826770336","0.744280925787467","0.0843854135010552","0.0347242412936809","0.01","0.1","","","","2.25861058203962","","","","","","","","",""
"41645","WPSFD49207MoMDifferenceL1","BAA10YB_IndexMoMDifferenceL0",NA,"0",NA,"-0.0634319632769129","0.798880836009547","-0.120757081405009","2.11428089889249e-07","-0.025365202968286","-0.576080129390051","0.79806798281295","1.77263620947178e-05","0.329637400262357","0.30992085321125",NA,"333.704690600234","340.450176326382","1.24317538408025e-06","70","No gap","1.00021706610317","0.948080406705718","0.460272665592061","0.539727334407939","0.391807596582906","0.881479626815871","0.71318710399","0.746491305061775","0.0875810673383428","0.0356381753478243","0.01","0.1","","","","2.26816075319394","","","","","","","","",""
"7217","IPFINALMoMDifferenceL0","BAA10YB_IndexMoMDifferenceL0",NA,"0",NA,"-0.0893728421424904","0.803957264608645","-0.119494194144694","5.46867060036971e-07","-0.0255404772082753","-0.570055437108137","0.815361903195197","5.33691299229088e-06","0.329604594592669","0.309887082668924",NA,"333.708116120529","340.453601846677","1.24524553102301e-06","70","No gap","1.06625180401445","0.873606762022132","0.525282108719213","0.474717891280787","0.2815552315578","0.788238660186705","0.727537298473473","0.744976597272779","0.0353864912784001","0.0387256668366636","0.01","0.1","","","","2.27861081033866","","","","","","","","",""
"37837","HOUSTSMoMDifferenceL1","BAA10YB_IndexMoMDifferenceL0",NA,"0",NA,"0.00123722770229419","0.807019242234504","-0.121124342851625","2.04124900330142e-07","0.024501212479614","-0.577832175888897","0.807864235052002","7.01296522913978e-06","0.329585245562729","0.309867164549868",NA,"333.710136439492","340.45562216564","1.24646808752349e-06","70","No gap","1.00316160138006","0.926283791803897","0.503660452733105","0.496339547266895","0.0246605922935902","0.171692818507085","0.805877250497504","0.829787654193557","0.0714846222184929","0.0306325119532184","0.01","0.1","","","","2.2561745764659","","","","","","","","",""
"30219","MANEMPMoMPercentChangeL0","BAA10YB_IndexMoMDifferenceL0",NA,"0",NA,"-35.8385849232931","0.808805723650146","-0.119179711900469","8.59062476435827e-07","-0.022686060051408","-0.568555177497384","0.82700761590853","8.16074607305441e-06","0.329574108378055","0.309855699800939",NA,"333.711299296435","340.456785022583","1.24717231175797e-06","70","No gap","1.10623891706291","0.881481934223657","0.489086209926997","0.510913790073003","0.625831790484849","0.642831006164884","0.738908678370126","0.788503992166915","0.0868167008094204","0.0365167304213783","0.01","0.1","","","","2.42730280367738","","","","","","","","",""
"8309","IPCONGDMoMDifferenceL0","BAA10YB_IndexMoMDifferenceL0",NA,"0",NA,"-0.062234158319789","0.811480730295797","-0.119660135563261","4.7338729062937e-07","-0.0243349758968782","-0.570847072288174","0.786057954579794","1.21291223968311e-05","0.329557640558602","0.309838747633855",NA,"333.713018700799","340.458504426948","1.24821430935729e-06","70","No gap","1.05510342155313","0.881481684073717","0.518396998048714","0.481603001951286","0.276102570507095","0.818473978404801","0.717177289842798","0.745510811880141","0.066261191963539","0.0383803750200238","0.01","0.1","","","","2.26393328218993","","","","","","","","",""
"45155","VIX_IndexMoMPercentChangeL1","BAA10YB_IndexMoMDifferenceL0",NA,"0",NA,"-0.275750102797119","0.813913459002125","-0.119634029923029","4.95987898214203e-07","-0.0241492679437544","-0.570722533499825","0.778886851216946","5.6416085578879e-05","0.32954288080284","0.309823553767629",NA,"333.714559730414","340.460045456562","1.24914894761297e-06","70","No gap","1.05912117953124","0.891538320427232","0.522638505391061","0.477361494608939","0.74100773315709","0.529195439550515","0.693080201620078","0.783445910672299","0.0927939415519639","0.0360986405368726","0.01","0.1","","","","2.30025083070932","","","","","","","","",""
"34277","USGOVTMoMPercentChangeL1","BAA10YB_IndexMoMDifferenceL0",NA,"0",NA,"-48.2868746876625","0.818808987198025","-0.120874256940376","2.06837945165322e-07","-0.0219052345151661","-0.576639123502778","0.820292960214987","1.3907455108606e-05","0.329513801679313","0.309793619375764",NA,"333.717595710564","340.463081436712","1.25099232506365e-06","70","No gap","1.00006353491016","0.854587026929823","0.521813806983944","0.478186193016056","0.794140664982434","0.706368986514865","0.691704445998116","0.762904966312725","0.0940456383680513","0.033774620698379","0.01","0.1","","","","2.48703513044229","","","","","","","","",""
"45471","TED_G_IndexMoMDifferenceL0","BAA10YB_IndexMoMDifferenceL0",NA,"0",NA,"-0.00988935758337429","0.819063921371335","-0.119989944734432","3.45178839383872e-07","-0.0232667701487187","-0.572420450079287","0.810260044045267","2.56989112456378e-05","0.329512310116125","0.30979208394307",NA,"333.717751432348","340.463237158496","1.25108694914999e-06","70","No gap","1.03101261627754","0.902933724817387","0.792497373174565","0.207502626825435","0.0480912931248637","0.436470573483655","0.656171346402892","0.824812330552947","0.0796572862348075","0.0331134454719289","0.01","0.1","","","","2.37767165012693","","","","","","","","",""
"21139","UNRATEMoMDifferenceL0","BAA10YB_IndexMoMDifferenceL0",NA,"0",NA,"0.502924221845597","0.820346838715101","-0.121461392996919","2.24949827289769e-07","0.0213274084238454","-0.579440097255104","0.814934881877501","2.6570105884441e-05","0.329504838122109","0.309784392184524",NA,"333.71853151627","340.464017242418","1.25156107311231e-06","70","No gap","1.01720072671455","0.886077598794086","0.501598934854027","0.498401065145973","0.765539949447116","0.929586372196724","0.681015278200881","0.762228504708087","0.0752052135366278","0.0356368256364909","0.01","0.1","","","","2.26062196320152","","","","","","","","",""
"43995","ism_man_emplMoMPercentChangeL0","BAA10YB_IndexMoMDifferenceL0",NA,"0",NA,"1.40468625514951","0.82143344436644","-0.120718184610686","2.14488490279451e-07","0.0226023589732101","-0.57589456950366","0.820637355538233","1.44979821243816e-05","0.329498553909897","0.309777923142541",NA,"333.71918758781","340.464673313958","1.25195996336647e-06","70","No gap","1.00061691969929","0.903819221598599","0.514573445742917","0.485426554257083","0.290700535038872","0.71046049784197","0.709599719692503","0.740976696863918","0.0888880500886473","0.035967117106167","0.01","0.1","","","","2.27091919606421","","","","","","","","",""
"29871","MANEMPMoMDifferenceL0","BAA10YB_IndexMoMDifferenceL0",NA,"0",NA,"-0.00267085371367224","0.823599162437682","-0.119299150414778","8.54563407604641e-07","-0.0209206524988561","-0.569124967309931","0.849749533237831","2.117713334949e-05","0.329486150133455","0.309765154549145",NA,"333.7204825236","340.465968249749","1.25274765483407e-06","70","No gap","1.10776151961303","0.884368630829987","0.488066432928132","0.511933567071868","0.632374896098595","0.655544561033751","0.735491861813714","0.787017757214836","0.0870379246552931","0.0362069311644034","0.01","0.1","","","","2.43097181675388","","","","","","","","",""
"4693","CMRMTSPLMoMPercentChangeL1","BAA10YB_IndexMoMDifferenceL0",NA,"0",NA,"3.49447643226738","0.826551443973652","-0.121209683024554","2.09316699044866e-07","0.0215668321117569","-0.578239297171485","0.688028018812037","1.41586364019335e-05","0.329469501095426","0.309748015833527",NA,"333.722220620723","340.467706346871","1.2538056941569e-06","70","No gap","1.00659718484161","0.917693502926884","0.488262805905776","0.511737194094224","0.588146594551812","0.103413720405165","0.681125099976794","0.782869487668646","0.0789401393274256","0.0343575847090815","0.01","0.1","","","","4.6147390613546","","","","","","","","",""
"42147","WPSFD49502MoMPercentChangeL1","BAA10YB_IndexMoMDifferenceL0",NA,"0",NA,"-7.85184392871837","0.829717447135882","-0.12075425517022","2.12482935435333e-07","-0.021485205030456","-0.576066646638692","0.825347989572798","1.77279046080097e-05","0.329451978666331","0.30972997803887",NA,"333.724049849986","340.469535576134","1.25492017399864e-06","70","No gap","1.00032687116435","0.944139795478698","0.461691031027776","0.538308968972224","0.395758166471831","0.90970554114114","0.708413537041321","0.750604270327489","0.0857052814654124","0.0352741214401037","0.01","0.1","","","","2.27068933778984","","","","","","","","",""
"20471","CE16OVMoMDifferenceL1","BAA10YB_IndexMoMDifferenceL0",NA,"0",NA,"-0.000184068675685896","0.830442580998238","-0.120553163493689","2.30123589375523e-07","-0.0184593605864534","-0.575107324686827","0.830433833639994","6.01371712503997e-06","0.32944801359404","0.309725896346806",NA,"333.724463771482","340.46994949763","1.25517249804918e-06","70","No gap","1.00395328356553","0.853340771669071","0.516057556985051","0.483942443014949","0.581657087325807","0.918856341317115","0.710276500092395","0.789143911702009","0.0710606146590546","0.0311916244445923","0.01","0.1","","","","2.29966392936562","","","","","","","","",""
"45311","AAIIBULL_IndexMoMPercentChangeL0","BAA10YB_IndexMoMDifferenceL0",NA,"0",NA,"-0.245081571705281","0.831985483418465","-0.121563507361332","2.45578770521506e-07","-0.0213741498439336","-0.579927240995072","0.787955388997709","1.57196972658593e-05","0.329439636610349","0.309717272981241",NA,"333.725338252816","340.470823978964","1.25570574338596e-06","70","No gap","1.02666842742499","0.867725094165918","0.525063461774105","0.474936538225895","0.335134100780879","0.476902587842499","0.668323146050661","0.74612040551594","0.0764239477526786","0.0327928008973764","0.01","0.1","","","","2.2891644326404","","","","","","","","",""
"20919","CE16OVMoMPercentChangeL1","BAA10YB_IndexMoMDifferenceL0",NA,"0",NA,"-27.3131615846149","0.83205767336265","-0.120573085297706","2.28063437241658e-07","-0.0182760978807276","-0.575202363050644","0.836046987083982","1.28379131677184e-05","0.329439246651881","0.309716871553407",NA,"333.725378960687","340.470864686835","1.25573057196959e-06","70","No gap","1.00348284076841","0.853565187097734","0.515962151367832","0.484037848632168","0.587719865975376","0.917552157315837","0.710390048791051","0.78873561066974","0.0712741742549029","0.0311903341508839","0.01","0.1","","","","2.29689544136582","","","","","","","","",""
"33973","USGOVTMoMDifferenceL1","BAA10YB_IndexMoMDifferenceL0",NA,"0",NA,"-0.00197413642013735","0.835580400722783","-0.1208748183561","2.07185897795239e-07","-0.0198505692126806","-0.576641801775881","0.833702425985622","7.89889761814081e-06","0.329420432908305","0.309697504464431",NA,"333.7273429044","340.472828630548","1.25692900432295e-06","70","No gap","1.00007967557141","0.859416810738244","0.519672915955048","0.480327084044952","0.795991494540724","0.701118201472588","0.693042135205978","0.763863807664286","0.0932912698071114","0.0336849020068284","0.01","0.1","","","","2.49021226440911","","","","","","","","",""
"45459","SPX_Index_30DRSIMoMPercentChangeL0","BAA10YB_IndexMoMDifferenceL0",NA,"0",NA,"0.480493902298903","0.839075445077664","-0.118813121196245","2.59194055746101e-06","0.0224083769328714","-0.566806330822179","0.826704833223772","4.33579835205109e-05","0.329402183309815","0.309678718113045",NA,"333.729247905051","340.474733631199","1.25809256135145e-06","70","No gap","1.2249564098755","0.952875520899178","0.493104288491245","0.506895711508755","0.817680167879782","0.625201706235187","0.694810427094294","0.764951974518188","0.0860283513018839","0.0326773127745089","0.01","0.1","","","","2.25761737956385","","","","","","","","",""
"45203","MOVE_IndexMoMDifferenceL1","BAA10YB_IndexMoMDifferenceL0",NA,"0",NA,"0.00666118413696372","0.839800520509065","-0.1210502673895","2.06230764722649e-07","0.0202675864301579","-0.577478793699553","0.831174479186569","1.8980637387704e-05","0.329398449081535","0.309674874054522",NA,"333.729637699418","340.475123425566","1.25833077702087e-06","70","No gap","1.00254942534797","0.928309275579448","0.50526698975641","0.49473301024359","0.155985588832576","0.442112311229775","0.713528504944304","0.736017782103339","0.0769863575119068","0.0326818405832544","0.01","0.1","","","","2.28467163143095","","","","","","","","",""
"43883","ism_man_emplMoMDifferenceL0","BAA10YB_IndexMoMDifferenceL0",NA,"0",NA,"0.0233211963418425","0.840334767235465","-0.120745122247826","2.13384769821338e-07","0.0201872905560814","-0.57602307739163","0.839634210734129","1.46112542947177e-05","0.32939570901601","0.309672053398833",NA,"333.729923717538","340.475409443687","1.25850560028784e-06","70","No gap","1.0004604497517","0.905050153005727","0.513840618515837","0.486159381484163","0.261274266350556","0.68909065920206","0.706257670848996","0.743033820588621","0.0885179599086295","0.0357393960354095","0.01","0.1","","","","2.27594739576898","","","","","","","","",""
"45331","AAIIBULL_IndexMoMPercentChangeL1","BAA10YB_IndexMoMDifferenceL0",NA,"0",NA,"0.219508969895768","0.846962974888099","-0.120793487316732","2.10699448690433e-07","0.0192123085306994","-0.576253806346231","0.841561148055888","1.57539867507249e-05","0.329362514334978","0.309637882403654",NA,"333.733388607632","340.47887433378","1.26062538130522e-06","70","No gap","1.00010955690165","0.956123065547087","0.480904356403291","0.519095643596709","0.696503600582147","0.965780259078227","0.760708114884226","0.781178891198186","0.0826407851549417","0.0303126676291023","0.01","0.1","","","","2.45756401986035","","","","","","","","",""
"41981","WPSFD49502MoMDifferenceL1","BAA10YB_IndexMoMDifferenceL0",NA,"0",NA,"-0.0335195489933271","0.84764696308213","-0.12076430859559","2.12385193613127e-07","-0.0191974254585869","-0.576114607209787","0.843882171551698","1.75848757369696e-05","0.329359172960794","0.309634442753759",NA,"333.733737373717","340.479223099865","1.26083895013451e-06","70","No gap","1.00031492796105","0.941762406146279","0.463084404163337","0.536915595836663","0.377986652850299","0.899506868644075","0.710232551816281","0.752274802949332","0.0857836047729028","0.0349913923991326","0.01","0.1","","","","2.27021098672925","","","","","","","","",""
"26547","UEMP27OVMoMPercentChangeL0","BAA10YB_IndexMoMDifferenceL0",NA,"0",NA,"1.08365235768243","0.851598497122324","-0.120908050728759","2.06774590128521e-07","0.0178285616251393","-0.576800339141294","0.795975585298521","1.43736796419657e-05","0.329340176108443","0.309614887170456",NA,"333.73572019489","340.481205921038","1.26205382966482e-06","70","No gap","1.00033712040877","0.89507047045667","0.505909837051141","0.494090162948859","0.638201022184757","0.619123311039649","0.664025205511279","0.762596697904824","0.0906320393669137","0.0356726967812528","0.01","0.1","","","","2.28697653812985","","","","","","","","",""
"26155","UEMP27OVMoMDifferenceL0","BAA10YB_IndexMoMDifferenceL0",NA,"0",NA,"0.000495559370036447","0.854497679444987","-0.120836321434488","2.08854442609516e-07","0.0169340805259087","-0.57645814951031","0.826407177767803","1.82576035259359e-05","0.329326570417805","0.309600881312447",NA,"333.737140272029","340.482625998177","1.26292463376032e-06","70","No gap","1.00000001132278","0.886752506504224","0.549433827949923","0.450566172050077","0.551887828190188","0.647134749881978","0.664097521226134","0.760504044973395","0.0900431736913703","0.0352578926818875","0.01","0.1","","","","2.25907241124568","","","","","","","","",""
"14811","IPNMATMoMDifferenceL1","BAA10YB_IndexMoMDifferenceL0",NA,"0",NA,"0.0326420848701203","0.85536801665065","-0.121959363153499","4.3003980442276e-07","0.0188942146248985","-0.581815698825603","0.769775647914404","1.93784681379519e-05","0.329322540691744","0.30959673306503",NA,"333.737560864175","340.483046590323","1.26318265991632e-06","70","No gap","1.08612914573774","0.931894988437153","0.492044815905645","0.507955184094355","0.677721734975615","0.681316595436233","0.75874876155086","0.779337728207879","0.0766470453884009","0.0303155957042718","0.01","0.1","","","","2.31838496826043","","","","","","","","",""
"3541","DPCERA3M086SBEAMoMPercentChangeL1","BAA10YB_IndexMoMDifferenceL0",NA,"0",NA,"-7.41080318760277","0.858502930186218","-0.120225181658884","3.15958547942723e-07","-0.0179284180994169","-0.573542664332057","0.882337346398224","7.29813456465777e-06","0.329308234781756","0.309582006392984",NA,"333.739053985801","340.484539711949","1.26409909084746e-06","70","No gap","1.02660581658136","0.871051509945342","0.514751466250601","0.485248533749399","0.928367979609942","0.0227790757945294","0.735076233960804","0.764981910678402","0.0892971223060092","0.0339843425933239","0.01","0.1","","","","3.16714405252329","","","","","","","","",""
"10455","IPNCONGDMoMDifferenceL0","BAA10YB_IndexMoMDifferenceL0",NA,"0",NA,"0.051261674502336","0.862009063095855","-0.121559799053983","2.83102814294954e-07","0.0176573700544158","-0.579909550254681","0.859080338410928","8.86615694343223e-06","0.329292621515976","0.309565933913504",NA,"333.740683521066","340.486169247214","1.26510000686419e-06","70","No gap","1.03932198833799","0.943932717735344","0.485016409359885","0.514983590640115","0.199493527538025","0.45856237824179","0.720668451997258","0.794494391702063","0.0827147571923918","0.0273778097883594","0.01","0.1","","","","2.31602212524664","","","","","","","","",""
"45415","SPX_Index_14DRSIMoMDifferenceL1","BAA10YB_IndexMoMDifferenceL0",NA,"0",NA,"-0.00372296290563991","0.869698296655857","-0.121033208146191","2.09136870881343e-07","-0.0164617996565362","-0.577397411382437","0.873257612099123","1.77171594962693e-05","0.329259804073219","0.309532151251843",NA,"333.744108509172","340.48959423532","1.26720633530919e-06","70","No gap","1.00327943395493","0.900515938397892","0.527832849178228","0.472167150821772","0.269868600576652","0.58825671766425","0.656023964564874","0.748044291100885","0.0891643115265608","0.0334552055051631","0.01","0.1","","","","2.4371698174368","","","","","","","","",""
"39141","M1SLMoMDifferenceL0","BAA10YB_IndexMoMDifferenceL0",NA,"0",NA,"0.0015239919283755","0.869990992541648","-0.120665891904241","2.22128081562687e-07","0.0139502504214461","-0.575645103478605","0.870961990782437","1.78969872442597e-05","0.329258593370835","0.309530904940565",NA,"333.744234860762","340.48972058691","1.2672841070982e-06","70","No gap","1.00244640886728","0.96862097442156","0.467824929169802","0.532175070830198","0.634466505369256","0.653538207051698","0.714217686039662","0.760010996689143","0.0737797136326717","0.0318540795414771","0.01","0.1","","","","2.6037668637549","","","","","","","","",""
"32885","USTRADEMoMPercentChangeL0","BAA10YB_IndexMoMDifferenceL0",NA,"0",NA,"-20.0203059441453","0.871770093308042","-0.120684664364921","2.20213887086996e-07","-0.0156200885035521","-0.575734658819393","0.868344303425495","1.58810453477591e-05","0.329251294933701","0.309523391843516",NA,"333.744996537043","340.490482263191","1.26775303455062e-06","70","No gap","1.00199056926596","0.883813680634861","0.499478359304697","0.500521640695303","0.826600624594768","0.655763654946975","0.67175832765745","0.776077654312312","0.0784096265668312","0.0328925578837431","0.01","0.1","","","","2.28722959012046","","","","","","","","",""
"32565","USTRADEMoMDifferenceL0","BAA10YB_IndexMoMDifferenceL0",NA,"0",NA,"-0.0011871655544781","0.880961688524006","-0.12068290892011","2.21373139832016e-07","-0.0145108412317005","-0.575726284346754","0.877795964346243","1.61069611949143e-05","0.329215241242274","0.3094862777494",NA,"333.748759034914","340.494244761062","1.27007197014972e-06","70","No gap","1.00236655975792","0.886343245433656","0.498763079932501","0.501236920067499","0.827572358049778","0.649625733949469","0.674600889751512","0.775670505464094","0.0783345287234733","0.0328510241413517","0.01","0.1","","","","2.28747135199839","","","","","","","","",""
"10983","IPNCONGDMoMPercentChangeL0","BAA10YB_IndexMoMDifferenceL0",NA,"0",NA,"4.24550302130574","0.884271405715169","-0.121434516635772","2.87135653922163e-07","0.0147701813213378","-0.579311881688554","0.881332271234723","9.20819702533215e-06","0.329202934868341","0.309473609423292",NA,"333.750043259491","340.495528985639","1.2708644453463e-06","70","No gap","1.0383413088681","0.940312867032528","0.486647282293931","0.513352717706069","0.196149868509251","0.419548761262685","0.720424841156686","0.790885777583976","0.0825166450676608","0.0282762819111103","0.01","0.1","","","","2.30859043016507","","","","","","","","",""
"36549","HOUSTMoMPercentChangeL1","BAA10YB_IndexMoMDifferenceL0",NA,"0",NA,"-0.356938719460546","0.911427523307274","-0.120805589744051","2.11249792768229e-07","-0.0111119670895717","-0.576311541824885","0.891540556304713","1.56514691504244e-05","0.329115352179389","0.309383450772901",NA,"333.759182220209","340.504667946357","1.27651825487796e-06","70","No gap","1.00016843277932","0.91860675296511","0.515357510527136","0.484642489472864","0.223358540858588","0.528829348745562","0.684390282891028","0.753687728043015","0.0897110085604843","0.033435507721397","0.01","0.1","","","","2.31980503420071","","","","","","","","",""
"4977","INDPROMoMDifferenceL0","BAA10YB_IndexMoMDifferenceL0",NA,"0",NA,"0.0284584907583735","0.916830027462104","-0.121074322096844","2.2931066862638e-07","0.0104339245521937","-0.57759354836866","0.900084701633794","1.042666427633e-05","0.329100753998064","0.309368423233301",NA,"333.76070537561","340.506191101759","1.27746299583009e-06","70","No gap","1.01181509638273","0.923342631883444","0.507720707272942","0.492279292727058","0.388042543103144","0.824328104984906","0.69780994206511","0.782605459856539","0.0806053433137723","0.0314965427309103","0.01","0.1","","","","2.26256014006367","","","","","","","","",""
"36277","HOUSTMoMDifferenceL1","BAA10YB_IndexMoMDifferenceL0",NA,"0",NA,"-0.00030357798713441","0.918856639581688","-0.120778621396695","2.13750308490056e-07","-0.0102063309589262","-0.576182887431676","0.903200404213152","1.26243114416827e-05","0.329095518149328","0.309363033389014",NA,"333.761251669236","340.506737395384","1.27780200620542e-06","70","No gap","1.00071688446958","0.919451575890203","0.519463137301735","0.480536862698265","0.281472239415992","0.480371051007892","0.688294084597403","0.756743918557961","0.0889983485424136","0.0333860217170303","0.01","0.1","","","","2.33989583528053","","","","","","","","",""
"44779","USGG2YR_IndexMoMPercentChangeL1","BAA10YB_IndexMoMDifferenceL0",NA,"0",NA,"0.203951559023123","0.921652577757454","-0.121504944799864","5.64931583194638e-07","0.00999839170090222","-0.579647864186731","0.935393014253673","6.07720275531085e-05","0.329088509529743","0.309355818633559",NA,"333.761982922077","340.507468648225","1.27825593654318e-06","70","No gap","1.10489136241487","0.898301748987208","0.570166478865379","0.429833521134621","0.418079704680376","0.343445238182387","0.701541364404044","0.779046536475138","0.0831956359750217","0.0332264151053749","0.01","0.1","","","","2.26061473961755","","","","","","","","",""
"38085","HOUSTSMoMPercentChangeL1","BAA10YB_IndexMoMDifferenceL0",NA,"0",NA,"0.251347045025257","0.923413934565792","-0.120946418106123","2.12561185861541e-07","0.00961478093162716","-0.576983373406937","0.920083158430591","2.01441641086474e-05","0.329084222059074","0.309351405060812",NA,"333.762430256773","340.507915982921","1.27853370213149e-06","70","No gap","1.00299523467948","0.922944123590889","0.507865613745238","0.492134386254762","0.02030817118822","0.164707845638961","0.751564017857906","0.796121183438532","0.0777589249524852","0.0319772212520199","0.01","0.1","","","","2.25903303956363","","","","","","","","",""
"16279","IPMANSICSMoMPercentChangeL1","BAA10YB_IndexMoMDifferenceL0",NA,"0",NA,"-2.24814264200412","0.924828892669351","-0.120102549783458","9.81761930838269e-07","-0.0100281988012407","-0.57295764036625","0.905175939540697","5.55898331723352e-05","0.32908084924598","0.309347933047332",NA,"333.762782158354","340.508267884503","1.27875225242047e-06","70","No gap","1.13694226254762","0.893125873635597","0.51995694457421","0.48004305542579","0.733601571966695","0.488232995119784","0.684578170881453","0.773497412508259","0.0846131600236026","0.0333045594142307","0.01","0.1","","","","2.70059278024263","","","","","","","","",""
"28425","CES1021000001MoMDifferenceL0","BAA10YB_IndexMoMDifferenceL0",NA,"0",NA,"0.00290881787750423","0.927611248516225","-0.120827297467941","2.10168812409951e-07","0.00898598041465528","-0.576415100044761","0.916429416873697","1.49755270106732e-05","0.329074402499794","0.309341296690964",NA,"333.763454773027","340.508940499175","1.27917008718725e-06","70","No gap","1.00002037873023","0.906759891071946","0.472669653206379","0.527330346793621","0.655271716165832","0.353851141790133","0.707118569019544","0.767468250782978","0.0826930891520654","0.0316492431322855","0.01","0.1","","","","2.26429090131825","","","","","","","","",""
"15307","IPNMATMoMPercentChangeL1","BAA10YB_IndexMoMDifferenceL0",NA,"0",NA,"1.51032285107348","0.928735474767022","-0.121375419960789","4.6250184084034e-07","0.00924926790553064","-0.579029956854214","0.878576504847524","2.02319912190121e-05","0.329071867364993","0.309338686993375",NA,"333.763719271954","340.509204998102","1.27933443383466e-06","70","No gap","1.08248596997921","0.922944382511839","0.495322176556654","0.504677823443346","0.670475344452173","0.636239266268575","0.734544248186511","0.775472582342472","0.0789433578133904","0.0315700757411708","0.01","0.1","","","","2.31600295684918","","","","","","","","",""
"26351","UEMP27OVMoMDifferenceL1","BAA10YB_IndexMoMDifferenceL0",NA,"0",NA,"0.000224314152603961","0.935124947239475","-0.120491005963428","3.51765087794964e-07","0.00765653975093547","-0.574810797827627","0.934911507087971","6.03827120479329e-06","0.329058219937419","0.309324638170872",NA,"333.765143135655","340.510628861804","1.28021951595336e-06","70","No gap","1.04069770131146","0.909018612244609","0.494640390862331","0.50535960913767","0.650104789601713","0.975285003968693","0.728750751993432","0.767656279819823","0.0869552043124367","0.0330345842657344","0.01","0.1","","","","2.27245834972441","","","","","","","","",""
"5545","INDPROMoMPercentChangeL0","BAA10YB_IndexMoMDifferenceL0",NA,"0",NA,"2.31198662888243","0.936009147923032","-0.121022231843307","2.32783708341818e-07","0.0080156520191438","-0.577345048159411","0.923305487414158","1.07455572321929e-05","0.329056433159631","0.309322798840797",NA,"333.765329551649","340.510815277797","1.28033543855821e-06","70","No gap","1.01220771383535","0.921749723078056","0.508116043789872","0.491883956210128","0.376382449681099","0.82155345575306","0.698458006483224","0.78017480281697","0.0796880027533414","0.0317924882521751","0.01","0.1","","","","2.26407231328247","","","","","","","","",""
"45099","VIX_IndexMoMDifferenceL1","BAA10YB_IndexMoMDifferenceL0",NA,"0",NA,"-0.00508614994924653","0.948349795212736","-0.120564410651363","3.43884462103246e-07","-0.0066186314764263","-0.575160980041635","0.94215843604854","4.31968545646129e-05","0.329034072334531","0.30929978034437",NA,"333.767662432911","340.513148159059","1.28178702651915e-06","70","No gap","1.03981685699675","0.910729054025962","0.516373927373434","0.483626072626566","0.510316027430681","0.562571214247193","0.707518894329764","0.77708789627029","0.0867565220363344","0.0337621268771819","0.01","0.1","","","","2.34780158232918","","","","","","","","",""
"45425","SPX_Index_14DRSIMoMPercentChangeL0","BAA10YB_IndexMoMDifferenceL0",NA,"0",NA,"0.0747422426496784","0.949735334247828","-0.120452340174214","5.54743001823318e-07","0.00650399593264948","-0.574626339967316","0.946401368259958","1.8250878200686e-05","0.329031861560513","0.309297504547587",NA,"333.767893076405","340.513378802553","1.28193062909343e-06","70","No gap","1.0839202388663","0.925050475916324","0.509602736509354","0.490397263490646","0.930795954051244","0.660527930531203","0.704924643298086","0.769999495153492","0.0875846092315797","0.0328802791317311","0.01","0.1","","","","2.27095485816664","","","","","","","","",""
"2957","DPCERA3M086SBEAMoMDifferenceL1","BAA10YB_IndexMoMDifferenceL0",NA,"0",NA,"-0.0206787261065225","0.952483754168378","-0.120634041728912","2.9219044172808e-07","-0.00599872968124293","-0.575493159982532","0.958054146850704","7.62976536059966e-06","0.329027654935237","0.309293174198038",NA,"333.768331939042","340.51381766519","1.28220391693024e-06","70","No gap","1.026014680236","0.899380296048529","0.497894496923029","0.502105503076971","0.918601901891986","0.019168522752872","0.718870385364907","0.770215818073617","0.0881010735100535","0.0332279407425497","0.01","0.1","","","","3.27397762037466","","","","","","","","",""
"45251","MOVE_IndexMoMPercentChangeL1","BAA10YB_IndexMoMDifferenceL0",NA,"0",NA,"0.124129228015322","0.956684894030806","-0.120873322314711","2.1106766530833e-07","0.00544243237967854","-0.576634664805469","0.954949647352208","1.8030384479891e-05","0.329021683830859","0.309287027472943",NA,"333.768954878943","340.514440605091","1.28259193310498e-06","70","No gap","1.00107536891731","0.920162577430949","0.507108498485862","0.492891501514138","0.30407157334382","0.555172191828756","0.708508487077051","0.764505252095643","0.0772491498478077","0.0327457976425021","0.01","0.1","","","","2.30356466816605","","","","","","","","",""
"45227","MOVE_IndexMoMPercentChangeL0","BAA10YB_IndexMoMDifferenceL0",NA,"0",NA,"-0.121861071851793","0.959410277172224","-0.120560282267227","4.55761994297504e-07","-0.00526612973770469","-0.575141285295459","0.955526865170591","1.82308864726039e-05","0.329018106737138","0.309283345170584",NA,"333.769328059249","340.514813785397","1.28282443556671e-06","70","No gap","1.0664835657271","0.916734602370274","0.507562689924498","0.492437310075502","0.152544567657402","0.563691313452914","0.700762972163597","0.762014008315159","0.0857401731813664","0.0324875407121653","0.01","0.1","","","","2.28630307383174","","","","","","","","",""
"42467","WPSID61MoMPercentChangeL1","BAA10YB_IndexMoMDifferenceL0",NA,"0",NA,"-2.11413336165784","0.960425664472728","-0.120771393669869","2.22112618329178e-07","-0.00498139798071042","-0.576148407053738","0.960926569997677","1.87928595663741e-05","0.329016833649903","0.309282034639606",NA,"333.769460873596","340.514946599744","1.28290719303426e-06","70","No gap","1.00383219410062","0.920616867372275","0.460041886244276","0.539958113755724","0.393771300177035","0.935210916314702","0.702709867703978","0.766850935701777","0.0844499176574175","0.0335180982944403","0.01","0.1","","","","2.26052031993399","","","","","","","","",""
"38797","ISRATIOMoMDifferenceL1","BAA10YB_IndexMoMDifferenceL0",NA,"0",NA,"1.45924374745725","0.964200867135588","-0.121002868705567","2.89297076930928e-07","0.00454892575587447","-0.577252674952266","0.963275407534182","2.57955184044294e-05","0.329012384018585","0.309277454136779",NA,"333.769925077729","340.515410803878","1.28319648340369e-06","70","No gap","1.03136474239862","0.92128143300174","0.480432238784149","0.519567761215851","0.304154983908123","0.900604586953192","0.698911373115951","0.76607400220163","0.0712664883701426","0.0333318420846396","0.01","0.1","","","","2.28167727454472","","","","","","","","",""
"11767","IPBUSEQMoMDifferenceL1","BAA10YB_IndexMoMDifferenceL0",NA,"0",NA,"0.00596644469246981","0.964852819220519","-0.121062676017465","3.88849329705336e-07","0.00454596676589399","-0.577537989929872","0.952796113150808","3.61087245698615e-05","0.329011660854051","0.309276709702699",NA,"333.770000520985","340.515486247133","1.28324350556763e-06","70","No gap","1.06002830365629","0.920932579671672","0.505593584715679","0.494406415284321","0.653511131593846","0.770859086319728","0.709745568684422","0.76970937877726","0.0878223548206978","0.032847645975265","0.01","0.1","","","","2.85241974178308","","","","","","","","",""
"36005","AWHMANMoMPercentChangeL1","BAA10YB_IndexMoMDifferenceL0",NA,"0",NA,"2.19934080453751","0.976976371671296","-0.120870294349647","2.16514814984098e-07","0.00289595483242438","-0.576620219685683","0.974115455044483","1.48753671858138e-05","0.329000638880531","0.309265363553487",NA,"333.771150364827","340.516636090975","1.28396039156264e-06","70","No gap","1.00321719558735","0.913845517595954","0.506568674394597","0.493431325605403","0.931965237391457","0.576036360314897","0.715198325839218","0.771726130327037","0.0845638599893788","0.0326518287738609","0.01","0.1","","","","2.41798885635223","","","","","","","","",""
"21799","UNRATEMoMPercentChangeL1","BAA10YB_IndexMoMDifferenceL0",NA,"0",NA,"-0.340087881215524","0.977900621726993","-0.121061918432625","9.45309932990273e-07","-0.00281177854318705","-0.577534375818238","0.976950467868696","1.63122189262844e-05","0.328999987333647","0.30926469284346",NA,"333.771218335472","340.51670406162","1.28400278132101e-06","70","No gap","1.15088166290661","0.918468334919526","0.488832248327489","0.511167751672511","0.447003283445977","0.881211022788775","0.702850908439848","0.773404340014445","0.0782983303842735","0.0327637989767873","0.01","0.1","","","","2.30346013505071","","","","","","","","",""
"45271","AAIIBULL_IndexMoMDifferenceL0","BAA10YB_IndexMoMDifferenceL0",NA,"0",NA,"-0.00100009797180657","0.978031711698025","-0.120963572429077","3.51506424647292e-07","-0.00282561089840359","-0.577065209308169","0.973604993065708","2.09273408603893e-05","0.328999897085744","0.309264599941207",NA,"333.771227750305","340.516713476453","1.28400865295752e-06","70","No gap","1.04871666512466","0.905657305932196","0.512810159584327","0.487189840415673","0.45211877708333","0.569377381286309","0.70432745732822","0.768688300928795","0.0793761575028167","0.0328887013524526","0.01","0.1","","","","2.31436073552214","","","","","","","","",""
"15795","IPMANSICSMoMDifferenceL1","BAA10YB_IndexMoMDifferenceL0",NA,"0",NA,"-0.00555012567199227","0.980267971612973","-0.120642148216644","9.12804659297166e-07","-0.00263434594396412","-0.575531832551022","0.974461967638495","5.58991181077614e-05","0.328998440328456","0.309263100338117",NA,"333.771379721816","340.516865447964","1.28410343525065e-06","70","No gap","1.13911551307543","0.908336356813967","0.513786085839357","0.486213914160643","0.729363968211058","0.529138357760683","0.700899129591793","0.772030688751077","0.085045976585359","0.0329577064965323","0.01","0.1","","","","2.72268462849889","","","","","","","","",""
"28241","USGOODMoMPercentChangeL1","BAA10YB_IndexMoMDifferenceL0",NA,"0",NA,"2.29692401448304","0.981882399384737","-0.12086546639458","2.18271816894073e-07","0.00186613593162224","-0.576597187587295","0.98106889058281","1.43360396870253e-05","0.328997485838241","0.30926211777466",NA,"333.771479295753","340.516965021901","1.28416554179278e-06","70","No gap","1.00383922118323","0.916330636683409","0.468296466061537","0.531703533938463","0.740218355596341","0.859558458412755","0.70656346671238","0.772038149860274","0.0863793667544145","0.032848337368035","0.01","0.1","","","","2.27391718077999","","","","","","","","",""
"35725","AWHMANMoMDifferenceL1","BAA10YB_IndexMoMDifferenceL0",NA,"0",NA,"0.0393105828089949","0.982796876996216","-0.120861743430684","2.16969198842635e-07","0.00216382633622044","-0.576579426926819","0.980701467302121","1.48777468047848e-05","0.328996981324349","0.309261598422124",NA,"333.771531927388","340.517017653536","1.28419837053251e-06","70","No gap","1.00325305568705","0.913931901904781","0.506640161037572","0.493359838962428","0.931751681830414","0.574684655966764","0.713008791788474","0.771636411384811","0.0847614257875984","0.0327016801720935","0.01","0.1","","","","2.42017729830755","","","","","","","","",""
"39029","ISRATIOMoMPercentChangeL1","BAA10YB_IndexMoMDifferenceL0",NA,"0",NA,"0.802112110965077","0.985389545307044","-0.120905044410882","2.97747174358819e-07","0.00185593008871483","-0.576785997290931","0.984984467180969","2.53826661700034e-05","0.328995693061736","0.309260272269434",NA,"333.771666320668","340.517152046816","1.2842822014747e-06","70","No gap","1.03230393238373","0.915526550957294","0.482874136218283","0.517125863781717","0.283680164840728","0.892749915957712","0.703336194474642","0.769148075065243","0.0716350230292604","0.0330467325334967","0.01","0.1","","","","2.27843414233076","","","","","","","","",""
"39365","M1SLMoMPercentChangeL0","BAA10YB_IndexMoMDifferenceL0",NA,"0",NA,"-0.473644849096021","0.987027655914329","-0.120858362988843","2.19783935167121e-07","-0.00137571145103822","-0.576563300291838","0.987323333033649","1.73017857514721e-05","0.328994987397521","0.309259545850389",NA,"333.771739936393","340.517225662542","1.28432812340762e-06","70","No gap","1.00432188814016","0.906309082956577","0.494107588641666","0.505892411358334","0.557506106427833","0.70831425949093","0.706739122016419","0.772596904120382","0.0760564931334154","0.0329532866898231","0.01","0.1","","","","2.52546668696645","","","","","","","","",""
"42307","WPSID61MoMDifferenceL1","BAA10YB_IndexMoMDifferenceL0",NA,"0",NA,"-0.0031625208738393","0.988518103821678","-0.120816607564961","2.20919736890245e-07","-0.00144494340225955","-0.576364103112571","0.988818835797191","1.8668646465469e-05","0.328994418191658","0.309258959903177",NA,"333.771799316566","340.517285042714","1.28436516622088e-06","70","No gap","1.00407851950792","0.915719253917554","0.462745964281356","0.537254035718644","0.366243016582761","0.927144760658372","0.705515276760273","0.770027621849753","0.0841505383023554","0.0330377833406241","0.01","0.1","","","","2.25969989910806","","","","","","","","",""
"27873","USGOODMoMDifferenceL1","BAA10YB_IndexMoMDifferenceL0",NA,"0",NA,"5.43754339182401e-05","0.991544847493318","-0.120850689682807","2.20326248375873e-07","0.000870063715219124","-0.57652669424702","0.991423183141453","4.49037997559703e-06","0.328993475839178","0.309257989834449",NA,"333.771897623688","340.517383349836","1.28442649505178e-06","70","No gap","1.00440796859288","0.914868310400705","0.468818518817698","0.531181481182302","0.740867979675152","0.866021488421633","0.706664638398784","0.771697524943419","0.0862203496042776","0.0328488629440397","0.01","0.1","","","","2.27494612705044","","","","","","","","",""
"12287","IPBUSEQMoMPercentChangeL1","BAA10YB_IndexMoMDifferenceL0",NA,"0",NA,"-0.0588338371431521","0.996759496456761","-0.120815434118126","3.96884667616587e-07","-0.000418498451795052","-0.57635850510211","0.995676894978663","3.60473223085151e-05","0.328992523482674","0.309257009467458",NA,"333.771996974298","340.517482700447","1.28448847791507e-06","70","No gap","1.05762203782833","0.913259573228418","0.508554376734403","0.491445623265597","0.692003612024445","0.765428465788078","0.706338075092797","0.771526201503783","0.087237630678141","0.0328540229434139","0.01","0.1","","","","2.84917985531218","","","","","","","","",""
"44921","USGG30YR_IndexMoMDifferenceL0","VIX_IndexMoMPercentChangeL0",NA,"0",NA,"7.16437314517438","0.000318424677694537","-3.90857006124523","0.00153095019132407","0.394701970781922","-0.342459846624723","0.000209225370326544","0.00329372423235397","0.269480950984296","0.247995096601481",NA,"339.720248953322","346.46573467947","2.3092584037876e-05","70","No gap","1.00007171485467","0.914362752937016","0.409837820576731","0.590162179423269","0.336692291145332","0.941423646907808","0.283003123961322","0.325180555846254","0.145907926936721","0.0425676820110311","0.01","0.1","","","","2.6037275297018","","","","","","","","",""
"44985","USGG30YR_IndexMoMPercentChangeL0","VIX_IndexMoMPercentChangeL0",NA,"0",NA,"19.9894163081496","0.000384556299775932","-3.87786852831068","0.00170068547425636","0.390195192311657","-0.339769849491459","0.000309934058444634","0.0031489845327201","0.265651575938687","0.24405309287806",NA,"340.086229997658","346.831715723806","2.75850442318371e-05","70","No gap","1.00000272512669","0.898701563204139","0.394529308248361","0.605470691751639","0.32418969661771","0.938816884421238","0.321635851394007","0.356688205287337","0.184383621990582","0.0532350650941208","0.01","0.1","","","","2.54002425888524","","","","","","","","",""
"38883","ISRATIOMoMPercentChangeL0","USGG30YR_IndexMoMPercentChangeL0",NA,"0",NA,"-141.934946943184","0.00249300687205616","19.4541313367929","0.000569883403644536","-0.328409626373871","0.379746381845145","0.00160611420290963","0.000236424364916918","0.25797914927634","0.236155006607997",NA,"340.813791469558","347.559277195706","3.92778501602242e-05","70","No gap","1.00089883536604","0.589438295553009","0.242640548115697","0.757359451884303","0.657314608322932","0.294231865615978","0.0870430456339231","0.373032351446669","0.0152047328544002","0.0315038149560327","0.01","0.1","","","","2.67859025865822","","","","","","","","",""
"38881","ISRATIOMoMPercentChangeL0","USGG30YR_IndexMoMDifferenceL0",NA,"0",NA,"-139.688783276158","0.00292861841436296","6.85301972258222","0.000612702752456068","-0.323212444238328","0.377548786962959","0.00200459092732381","0.000133432543088952","0.256495289040303","0.234627503423841",NA,"340.953634571215","347.699120297363","4.20384444250743e-05","70","No gap","1.00193274774214","0.603617411637278","0.255242254511699","0.744757745488301","0.582436103314226","0.531420854810831","0.0775323087036328","0.379368410567705","0.0229603732543553","0.0246218526285038","0.01","0.1","","","","2.70812880222834","","","","","","","","",""
"38651","ISRATIOMoMDifferenceL0","USGG30YR_IndexMoMPercentChangeL0",NA,"0",NA,"-103.990048140005","0.00287296441716119","19.4920550612648","0.000569340313038927","-0.324169974456276","0.380486656335174","0.00181378130507805","0.000235548469447951","0.255123986388963","0.23321586834158",NA,"341.082622015315","347.828107741463","4.47564508473386e-05","70","No gap","1.00079021430525","0.585213181533116","0.239706572356266","0.760293427643734","0.679370432045301","0.310979919371512","0.0918430532516744","0.37298311089249","0.0144696865942414","0.0311086000118982","0.01","0.1","","","","2.68432299907205","","","","","","","","",""
"38649","ISRATIOMoMDifferenceL0","USGG30YR_IndexMoMDifferenceL0",NA,"0",NA,"-102.373896040951","0.00334842274501714","6.87008859597147","0.000607194010059414","-0.319131915583927","0.378489150876067","0.0022193561554808","0.000132002646082407","0.253800589674291","0.231853548194123",NA,"341.206878364611","347.952364090759","4.75408181398462e-05","70","No gap","1.00173074274516","0.599872238915841","0.252504925010451","0.747495074989549","0.604788214615594","0.550393960654426","0.0774475597880207","0.378539583332312","0.0220316781459804","0.0243654520005855","0.01","0.1","","","","2.71440613584443","","","","","","","","",""
"44919","USGG30YR_IndexMoMDifferenceL0","VIX_IndexMoMDifferenceL0",NA,"0",NA,"6.9037703760712","0.000628217449164094","-0.231177284521752","0.00606546716574035","0.380344758438016","-0.300822667451634","0.000437385178769213","0.00648445959862003","0.241807701381168","0.219507927892379",NA,"342.322970616484","349.068456342632","8.17520284405182e-05","70","No gap","1.00145335794795","0.672520947141542","0.304025127945413","0.695974872054587","0.383818029566892","0.964870017239672","0.314493336899831","0.351463814839409","0.288811514365125","0.0465118150760627","0.01","0.1","","","","2.66146456546437","","","","","","","","",""
"44787","USGG10YR_IndexMoMDifferenceL0","VIX_IndexMoMPercentChangeL0",NA,"0",NA,"5.95317817269106","0.00123511040093672","-3.90458331851823","0.00186321365737152","0.35787201487641","-0.34211053747037","0.000266883956979392","0.0047909643897707","0.241680379650011","0.219376861404423",NA,"342.33472459097","349.080210317118","8.2220091597307e-05","70","No gap","1.00007006370002","0.989516000335439","0.8557819245605","0.1442180754395","0.413313395085262","0.901355604556453","0.707156479713769","0.503449035852107","0.115277134449355","0.0297495023007089","0.01","0.1","","","","2.46484234122159","","","","","","","","",""
"44983","USGG30YR_IndexMoMPercentChangeL0","VIX_IndexMoMDifferenceL0",NA,"0",NA,"19.1945753682514","0.000786104331050092","-0.227800908144297","0.00699787378155153","0.3746798261489","-0.296429110574765","0.000531851493930529","0.00664613687689583","0.237113870996909","0.214676043673289",NA,"342.754991955908","349.500477682056","0.000100839440961731","70","No gap","1.00255066221301","0.644850515675498","0.284167990657818","0.715832009342182","0.359215400058473","0.960849734013331","0.345388444273209","0.384665778222848","0.365178979365209","0.0574789583497641","0.01","0.1","","","","2.59587877698871","","","","","","","","",""
"44855","USGG10YR_IndexMoMPercentChangeL0","VIX_IndexMoMPercentChangeL0",NA,"0",NA,"12.640069639327","0.00167208317649412","-3.85232392575646","0.00220898108870961","0.348536148420771","-0.337531690641616","0.000993457371553987","0.00451515291339353","0.235382117786858","0.212893356545295",NA,"342.913712032254","349.659197758403","0.000108920925736333","70","No gap","1.00002114225972","0.944384522051367","0.411190200928259","0.588809799071741","0.531014997419408","0.973879571361108","0.659780055252056","0.466763839137138","0.137770752344206","0.036998319710703","0.01","0.1","","","","2.39042993339469","","","","","","","","",""
"16005","IPMANSICSMoMPercentChangeL0","USGG30YR_IndexMoMDifferenceL0",NA,"0",NA,"-63.5176200072235","0.0095922258021454","7.24960588823006","0.000375266250413955","-0.283319186239731","0.399397640727853","0.000837129936746797","0.000142122918886428","0.232523585944267","0.209950750236746",NA,"343.174919794276","349.920405520424","0.000123654886075242","70","No gap","1.00071574996594","0.961775127923461","0.41357053673131","0.58642946326869","0.753027165844978","0.838546871795613","0.748665890399715","0.530131745360501","0.966452335330761","0.0296166199700092","0.01","0.1","","","","2.67937246594071","","","","","","","","",""
"15519","IPMANSICSMoMDifferenceL0","USGG30YR_IndexMoMDifferenceL0",NA,"0",NA,"-0.586756625918388","0.0110756124188374","7.2865432549715","0.000361827003717555","-0.278491033183514","0.40143260612579","0.00128726171637702","0.000138716183513178","0.229608305922888","0.206949726685326",NA,"343.440312964031","350.185798690179","0.00014066761435072","70","No gap","1.00119340328174","0.924795472021982","0.397212054510244","0.602787945489756","0.788481384033819","0.844134302518092","0.748800239824693","0.528028971328428","0.946347931428771","0.0286253129006744","0.01","0.1","","","","2.71107291613677","","","","","","","","",""
"38877","ISRATIOMoMPercentChangeL0","USGG10YR_IndexMoMDifferenceL0",NA,"0",NA,"-139.354605201973","0.00354328931206773","5.6285919961246","0.00238152966519234","-0.322439221724429","0.338359696306519","0.00541233006169341","0.000677485693087438","0.228361962047289","0.205666725636915",NA,"343.553467838386","350.298953564534","0.000148615242553496","70","No gap","1.00264488012161","0.653065173027254","0.266645382955347","0.733354617044653","0.75054399153629","0.893503117771333","0.273084573876756","0.572475031173743","0.00661437877018819","0.019440150747422","0.01","0.1","","","","2.66352735221866","","","","","","","","",""
"38879","ISRATIOMoMPercentChangeL0","USGG10YR_IndexMoMPercentChangeL0",NA,"0",NA,"-140.976841075791","0.00319553536418933","12.2174377823981","0.00245804967117362","-0.326192757331301","0.336882535441012","0.00533023332563064","0.00159374464404406","0.227700008736763","0.204985303111374",NA,"343.613491924456","350.358977650604","0.000153011832881855","70","No gap","1.00163121918238","0.635661098092774","0.382569718506543","0.617430281493457","0.862770235604143","0.856180668878323","0.296859257860237","0.505516827946521","0.00316011544270181","0.022234629504328","0.01","0.1","","","","2.65029379852236","","","","","","","","",""
"16007","IPMANSICSMoMPercentChangeL0","USGG30YR_IndexMoMPercentChangeL0",NA,"0",NA,"-62.1784093162595","0.0113903071232828","20.1309782498352","0.000481416492938517","-0.277345661363888","0.392958494061369","0.00177080326990404","0.00020701539515513","0.227217496088644","0.204488598914781",NA,"343.65721242038","350.402698146528","0.000156295887726143","70","No gap","1.00014251356053","0.91738127220706","0.385588392946675","0.614411607053325","0.887689455589058","0.826628719418803","0.89436136317235","0.588516223413015","0.916578303124654","0.037264013568824","0.01","0.1","","","","2.63963563163209","","","","","","","","",""
"38645","ISRATIOMoMDifferenceL0","USGG10YR_IndexMoMDifferenceL0",NA,"0",NA,"-101.832194454677","0.00414958931070505","5.63212274866966","0.00241555721830156","-0.317443259866129","0.338571945543931","0.00597974824090185","0.000654121839599789","0.225074395910089","0.202282466378033",NA,"343.851069527677","350.596555253825","0.000171727701813396","70","No gap","1.00266230888755","0.647000061314535","0.263011687993767","0.736988312006233","0.769389210806958","0.910543159658643","0.287463732622512","0.573556348868768","0.00682934624310846","0.01913729010741","0.01","0.1","","","","2.6680549708538","","","","","","","","",""
"38647","ISRATIOMoMDifferenceL0","USGG10YR_IndexMoMPercentChangeL0",NA,"0",NA,"-103.027107170531","0.00375191609540925","12.2218085441338","0.00250021764049176","-0.321168181928426","0.337003054433747","0.00595314311397425","0.00157083610776293","0.224350430020507","0.201537207374052",NA,"343.916435743776","350.661921469924","0.000177267412636573","70","No gap","1.00165378942015","0.628622523703771","0.367854821280565","0.632145178719435","0.87655323986225","0.876261007273275","0.306020560407144","0.508524499758172","0.00320396247471234","0.0219878190744424","0.01","0.1","","","","2.65408050004557","","","","","","","","",""
"15521","IPMANSICSMoMDifferenceL0","USGG30YR_IndexMoMPercentChangeL0",NA,"0",NA,"-0.57359234950979","0.0131900523783137","20.2300861678082","0.00046513273318924","-0.272242901034336","0.394893089475109","0.00201169812473137","0.000210082515458337","0.224236175694625","0.20141959262682",NA,"343.926746087693","350.672231813841","0.000178157373351917","70","No gap","1.00037084308202","0.878471626443853","0.368432960282258","0.631567039717742","0.933337071983123","0.831446307166174","0.896787066292113","0.585193537342697","0.889762428045422","0.0363378062582685","0.01","0.1","","","","2.67474087489377","","","","","","","","",""
