Date,CO_oil1_Close,CO_oil1_Volume,CO_gold_Close,CO_gold_Volume,CO_grains_Close,CO_grains_Volume,CO_silver_Close,CO_silver_Volume,CO_gasoline_Close,CO_gasoline_Volume,CO_nat_gas_Close,CO_nat_gas_Volume,CO_oil2_Close,CO_oil2_Volume,EQ_mid_cap_Close,EQ_mid_cap_Volume,EQ_small_cap_Close,EQ_small_cap_Volume,EQ_deved_intl_Close,EQ_deved_intl_Volume,EQ_deving_intl_Close,EQ_deving_intl_Volume,EQ_large_cap_Close,EQ_large_cap_Volume,FI_deved_intl_Close,FI_deved_intl_Volume,FI_deving_intl_Close,FI_deving_intl_Volume,FI_HY_Close,FI_HY_Volume,FI_IG_mid_Close,FI_IG_mid_Volume,FI_IG_long_Close,FI_IG_long_Volume,FI_IG_short_Close,FI_IG_short_Volume,FI_treas_long_Close,FI_treas_long_Volume,FI_treas_short_Close,FI_treas_short_Volume
2013-06-04,25.860001,126100.0,135.229996,5505200.0,52.439999,18400.0,21.77,6749800.0,56.220001,19800.0,85.239998,467700.0,33.200001,3633700.0,213.669998,2944500.0,43.645,22200.0,26.629998999999998,63800.0,32.049999,62800.0,163.559998,157631500.0,50.299999,44300.0,31.25,105800.0,120.839996,1773300.0,34.279999,106700.0,26.053333,214900.0,30.719998999999998,490300.0,33.169998,7800.0,30.18,0.0
2013-06-05,25.85,33200.0,135.520004,7444900.0,52.200001,11800.0,21.780001000000002,8279000.0,56.259997999999996,26700.0,85.400002,652300.0,33.259997999999996,4373900.0,210.580002,3626800.0,43.195,14200.0,26.139999,23600.0,31.504998999999998,34000.0,161.270004,211737800.0,50.360001000000004,62500.0,31.02,76200.0,119.910004,3838500.0,34.23,48300.0,26.1,205900.0,30.719998999999998,269700.0,33.514998999999996,231600.0,30.049999,2600.0
2013-06-06,26.09,100500.0,136.529999,9847700.0,52.220001,9600.0,21.93,10292800.0,56.759997999999996,22100.0,82.360001,2321500.0,33.619999,5936200.0,213.330002,2548300.0,43.43,19400.0,26.24,57400.0,31.635,7600.0,162.729996,200225500.0,50.290001000000004,106800.0,31.030001000000002,93200.0,120.75,5187000.0,34.200001,60400.0,26.16,96600.0,30.74,893200.0,33.5,134400.0,30.110001,24200.0
2013-06-07,26.43,66200.0,133.279999,11054400.0,52.200001,11500.0,20.860001,22059900.0,57.240002000000004,13200.0,81.720001,521400.0,34.16,6812500.0,215.27999900000003,1818100.0,43.915001000000004,13600.0,26.49,59700.0,31.635,16400.0,164.800003,188337800.0,50.189999,70800.0,30.860001,92000.0,120.720001,2812200.0,34.150002,42400.0,26.059998999999998,36100.0,30.74,415100.0,33.0,68000.0,30.049999,200.0
2013-06-10,26.360001,148300.0,133.940002,6142800.0,51.389998999999996,24700.0,21.16,10495300.0,56.700001,8100.0,81.120003,839900.0,34.0,2473600.0,215.44999700000002,1557300.0,44.060001,20000.0,26.549999,44000.0,31.26,14800.0,164.800003,105667100.0,49.830002,128800.0,30.459999,72300.0,120.779999,2673900.0,34.080002,76000.0,25.813334,101100.0,30.73,596700.0,32.810001,102800.0,30.18,2700.0
2013-06-11,26.209999,167900.0,133.25,7199300.0,52.060001,15400.0,20.91,9870300.0,56.139998999999996,25900.0,79.599998,789400.0,33.790001000000004,4317000.0,212.63999900000002,1460600.0,43.695,67800.0,26.129998999999998,531600.0,30.645,367800.0,163.100006,159505400.0,49.82,50800.0,30.129998999999998,188500.0,120.089996,3938400.0,34.02,137600.0,25.906666,210100.0,30.709999,1922200.0,33.130001,69600.0,30.17,600.0
2013-06-12,26.33,147000.0,134.25,6550600.0,51.34,24400.0,21.02,8216300.0,55.900002,6700.0,80.519997,500700.0,34.029999,5527100.0,210.830002,1496100.0,43.285,46800.0,26.1,39600.0,30.434998999999998,36400.0,161.75,177361500.0,50.02,196200.0,30.190001000000002,231000.0,119.66999799999999,4074900.0,33.91,48100.0,25.719998999999998,298200.0,30.73,1245600.0,32.805,35600.0,30.190001000000002,1000.0
2013-06-13,26.5,480500.0,133.740005,7161800.0,51.07,31100.0,21.040001,10104400.0,57.009997999999996,8500.0,81.400002,1066700.0,34.330002,2741700.0,214.690002,2204400.0,44.005001,17800.0,26.57,59700.0,30.825001,88600.0,164.21000700000002,163587800.0,49.849998,105400.0,30.68,121200.0,120.93,4025100.0,34.099998,72200.0,25.82,198100.0,30.719998999999998,282100.0,33.195,43000.0,30.190001000000002,0.0
2013-06-14,26.73,262000.0,134.429993,4278700.0,50.889998999999996,16000.0,21.33,8687700.0,57.630001,23600.0,79.879997,737800.0,34.740002000000004,6256300.0,213.82000699999998,725300.0,43.73,11000.0,26.219998999999998,49600.0,30.49,38000.0,163.179993,141197500.0,49.970001,99900.0,30.74,65600.0,120.660004,1583700.0,34.150002,36900.0,25.92,123700.0,30.700001,634100.0,33.224998,15600.0,30.120001000000002,3100.0
2013-06-17,26.809998999999998,149900.0,133.770004,4072300.0,51.09,16500.0,21.1,6447600.0,57.040001000000004,12400.0,82.800003,1286700.0,34.759997999999996,4296100.0,215.13000499999998,1258500.0,43.91,6400.0,26.6,448400.0,30.805,197000.0,164.440002,136295600.0,50.009997999999996,99400.0,30.66,131100.0,120.959999,1423500.0,34.139998999999996,37500.0,25.746666,11800.0,30.719998999999998,293900.0,33.040001000000004,29400.0,30.07,100.0
2013-06-18,26.9,167500.0,132.130005,7379300.0,51.52,40100.0,20.879998999999998,11002100.0,57.529999,31800.0,83.279999,1200400.0,34.959998999999996,2554600.0,217.039993,1786000.0,44.48,14200.0,26.77,34800.0,30.764999,80800.0,165.740005,114695600.0,49.93,138400.0,30.450001,56300.0,121.260002,1792200.0,34.119999,83800.0,25.773332999999997,205000.0,30.709999,292600.0,33.035,5600.0,30.120001000000002,200.0
2013-06-19,26.790001,202500.0,130.58999599999999,13017800.0,52.669998,35300.0,20.6,15248400.0,57.529999,13600.0,84.199997,599900.0,34.779999,3543400.0,213.42999300000002,1598700.0,43.965,17200.0,26.309998999999998,36200.0,30.105,55000.0,163.449997,206149500.0,49.810001,86100.0,29.879998999999998,97500.0,119.730003,5448600.0,33.889998999999996,72200.0,25.346666,20800.0,30.65,385600.0,32.900002,14600.0,30.120001000000002,0.0
2013-06-20,25.799999,326700.0,123.599998,28872100.0,51.970001,74100.0,18.969998999999998,36200700.0,55.41,47100.0,82.800003,1245100.0,33.630001,9095000.0,207.71000700000002,5070500.0,42.73,26800.0,25.379998999999998,131600.0,28.665001,76600.0,159.399994,321255900.0,49.650002,125300.0,29.08,237400.0,118.470001,5138400.0,33.599998,52200.0,24.866667,136000.0,30.59,1097000.0,32.209998999999996,17800.0,29.92,3000.0
2013-06-21,25.43,179100.0,125.050003,16600000.0,51.509997999999996,23200.0,19.389999,14606100.0,54.919998,28600.0,80.879997,838700.0,33.23,10381300.0,206.850006,2406500.0,42.799999,27000.0,25.040001,89300.0,28.844998999999998,43200.0,159.070007,271956800.0,49.549999,217900.0,29.129998999999998,152300.0,117.41999799999999,7220400.0,33.5,79800.0,24.58,96400.0,30.629998999999998,1214100.0,31.709999,43200.0,29.959999,200.0
2013-06-24,25.49,517000.0,123.93,12749300.0,50.759997999999996,30500.0,18.969998999999998,17632300.0,54.48,28500.0,79.879997,824700.0,33.639998999999996,6734700.0,204.520004,2523500.0,42.310001,81200.0,24.559998999999998,356000.0,28.174999,66400.0,157.059998,222329000.0,49.529999,312900.0,28.790001,170800.0,116.099998,7002300.0,33.290001000000004,136500.0,24.48,300400.0,30.66,2281200.0,31.790001,37200.0,29.959999,0.0
2013-06-25,25.66,59400.0,123.470001,9369200.0,50.650002,35700.0,18.91,7847800.0,54.43,21600.0,78.199997,1045100.0,33.740002000000004,4527600.0,207.08999599999999,1291900.0,42.759997999999996,17400.0,24.879998999999998,79100.0,28.785,201000.0,158.570007,162262200.0,49.369999,262900.0,29.25,217200.0,117.540001,2784600.0,33.380001,103100.0,24.473333,76200.0,30.65,19776000.0,31.530001000000002,92800.0,29.959999,0.0
2013-06-26,25.690001000000002,75600.0,118.279999,24748800.0,50.380001,16500.0,17.889999,22854200.0,54.34,73600.0,79.32,965200.0,33.799999,4648800.0,208.380005,1770900.0,42.849998,41400.0,24.91,120400.0,29.115,11800.0,160.139999,134848000.0,49.349998,1223000.0,29.4,62100.0,118.139999,2805900.0,33.52,105500.0,24.673334,11700.0,30.620001000000002,588700.0,31.700001,21600.0,29.959999,0.0
2013-06-27,26.030001000000002,66400.0,115.940002,30001900.0,50.169998,10400.0,17.889999,18114700.0,54.380001,25200.0,76.199997,2984500.0,34.330002,6759900.0,211.38000499999998,1522900.0,43.610001000000004,20800.0,25.219998999999998,104900.0,29.709999,194400.0,161.080002,129483700.0,49.470001,2004500.0,29.780001000000002,94200.0,118.860001,2695500.0,33.610001000000004,115800.0,24.92,9600.0,30.639999,433700.0,32.035,3600.0,29.959999,0.0
2013-06-28,25.92,65700.0,119.110001,32981900.0,48.669998,73500.0,18.969998999999998,27265300.0,54.259997999999996,27900.0,75.800003,1254100.0,34.18,4738800.0,210.100006,1862300.0,43.41,15800.0,25.129998999999998,660100.0,29.805,27600.0,160.419998,160402900.0,49.41,2443200.0,29.65,207600.0,118.470001,4160100.0,33.59,64300.0,25.166666,30600.0,30.59,563600.0,32.080002,9400.0,29.889999,500.0
2013-07-01,26.139999,166700.0,121.129997,15945200.0,48.049999,42200.0,18.93,14504100.0,54.91,37800.0,75.91999799999999,1305900.0,34.669998,4710100.0,213.17999300000002,2189700.0,43.939999,47400.0,25.309998999999998,66300.0,30.01,41000.0,161.360001,131954800.0,49.459998999999996,2231000.0,29.799999,58600.0,118.349998,2109000.0,33.610001000000004,26300.0,25.253334,69400.0,30.610001,2066700.0,32.220001,2600.0,29.99,1200.0
2013-07-02,26.33,109000.0,120.050003,10550300.0,48.060001,34500.0,18.68,7787200.0,55.59,16500.0,77.360001,1155500.0,35.209998999999996,8762200.0,212.91000400000001,1654500.0,44.105,22600.0,25.26,85000.0,29.51,23600.0,161.21000700000002,154863700.0,49.419998,90000.0,29.809998999999998,769000.0,118.050003,2287500.0,33.650002,101800.0,25.166666,66000.0,30.6,505700.0,32.259997999999996,2600.0,29.91,3900.0
2013-07-03,25.709999,202300.0,120.739998,6750300.0,48.330002,19500.0,19.02,6634900.0,56.779999,42700.0,76.959999,969100.0,35.84,12203200.0,212.979996,1530500.0,44.32,7000.0,25.23,39100.0,29.424999,51200.0,161.279999,75216400.0,49.580002,37200.0,29.780001000000002,289600.0,118.5,654300.0,33.619999,39600.0,25.153334,4800.0,30.58,201400.0,32.145,10400.0,29.91,0.0
2013-07-05,26.83,225800.0,118.089996,11592500.0,47.610001000000004,15400.0,18.209999,11091400.0,57.900002,20700.0,76.599998,638900.0,36.560001,7227600.0,215.82000699999998,2755300.0,44.790001000000004,12600.0,25.379998999999998,131400.0,29.155001000000002,34600.0,163.020004,122416900.0,49.34,139400.0,29.469998999999998,63000.0,116.970001,2336700.0,33.360001000000004,77600.0,24.453332999999997,86800.0,30.52,427900.0,31.084999,11800.0,29.83,200.0
2013-07-08,26.82,148800.0,119.510002,8652200.0,48.240002000000004,16900.0,18.42,4945200.0,57.470001,46300.0,78.879997,1901100.0,36.41,4212300.0,216.169998,1385900.0,44.985001000000004,19400.0,25.48,275800.0,29.145,41800.0,163.949997,108092500.0,49.490002000000004,202800.0,29.370001000000002,194700.0,118.470001,2247600.0,33.419998,36900.0,24.66,87100.0,30.59,391900.0,31.405001000000002,46000.0,29.99,600.0
2013-07-09,26.91,207300.0,120.620003,8201400.0,49.619999,50600.0,18.57,6416600.0,58.610001000000004,30500.0,77.639999,1838000.0,36.77,5712400.0,218.479996,4124900.0,45.384997999999996,28400.0,25.639999,39400.0,29.370001000000002,11600.0,165.130005,119298000.0,49.529999,62400.0,29.700001,227900.0,118.440002,2573100.0,33.459998999999996,77200.0,24.886667000000003,12700.0,30.58,295800.0,31.375,11600.0,29.870001000000002,336000.0
2013-07-10,26.940001000000002,161200.0,120.949997,14697100.0,49.75,6400.0,18.48,8788800.0,60.0,52700.0,77.720001,1194700.0,37.43,11033400.0,218.58999599999999,2117400.0,45.564999,105400.0,25.709999,279600.0,29.445,1383800.0,165.190002,121410100.0,49.549999,57000.0,29.6,70400.0,119.040001,3719100.0,33.490002000000004,115300.0,24.719998999999998,99300.0,30.58,321700.0,31.174999,87800.0,29.99,2600.0
2013-07-11,27.040001,216700.0,124.239998,11279400.0,50.150002,18000.0,19.49,12504900.0,60.759997999999996,32400.0,76.639999,2557800.0,37.009997999999996,8150900.0,221.41000400000001,2116600.0,45.994999,42800.0,26.4,54000.0,30.48,41200.0,167.440002,135592200.0,49.619999,89000.0,29.969998999999998,47700.0,120.389999,3438600.0,33.630001,91500.0,25.013334,58200.0,30.6,471800.0,31.514999,10200.0,29.99,0.0
2013-07-12,27.33,103800.0,124.129997,6583800.0,49.139998999999996,30100.0,19.209999,6784800.0,62.380001,50200.0,77.120003,1173700.0,37.560001,5606200.0,221.77999900000003,2466600.0,46.095001,36600.0,26.27,59200.0,30.275,27000.0,167.509995,104212700.0,49.57,423300.0,29.860001,124600.0,120.41999799999999,4129500.0,33.599998,95200.0,24.993334,38700.0,30.610001,205300.0,31.389999,54000.0,30.030001000000002,800.0
2013-07-15,27.290001,172700.0,124.18,4133200.0,48.669998,36800.0,19.280001000000002,4270500.0,62.200001,27100.0,77.760002,1590800.0,37.669998,4741900.0,223.0,1120200.0,46.314999,59800.0,26.389999,27900.0,30.68,17400.0,168.149994,69450600.0,49.549999,1037900.0,30.08,55900.0,120.900002,1344300.0,33.689999,44100.0,25.193333,30600.0,30.549999,2275700.0,31.620001000000002,5400.0,30.27,1900.0
2013-07-16,27.27,56400.0,124.889999,5577300.0,49.34,14000.0,19.33,6558700.0,62.599998,30100.0,77.91999799999999,963800.0,37.48,3229900.0,221.229996,2304500.0,46.014998999999996,12400.0,26.43,141500.0,30.66,31200.0,167.520004,88702100.0,49.650002,586200.0,30.200001,100800.0,120.599998,1633800.0,33.73,62100.0,25.133333,16600.0,30.58,331700.0,31.74,13600.0,29.92,400.0
2013-07-17,27.41,111600.0,123.32,10882400.0,48.98,8200.0,18.66,15555000.0,62.099998,28600.0,76.91999799999999,656400.0,37.799999,3291000.0,222.25999500000003,1828700.0,46.209998999999996,31400.0,26.5,60400.0,30.915001,23000.0,167.949997,92873900.0,49.700001,230000.0,30.450001,43100.0,121.379997,2597400.0,33.779999,31000.0,25.233334,27900.0,30.58,438700.0,31.825001,5000.0,30.049999,400.0
2013-07-18,27.469998999999998,239700.0,124.010002,6150900.0,48.689999,6700.0,18.719998999999998,6631400.0,62.419998,23500.0,80.519997,2283000.0,38.34,4838600.0,224.25,2157200.0,46.59,19000.0,26.65,38200.0,30.715,19200.0,168.869995,103620100.0,49.68,161500.0,30.379998999999998,31200.0,122.190002,4591200.0,33.73,99800.0,25.1,26400.0,30.610001,370100.0,31.525,35000.0,29.959999,500.0
2013-07-19,27.299999,322400.0,125.110001,5767800.0,49.02,9500.0,18.879998999999998,5429600.0,62.720001,44700.0,80.160004,1532900.0,38.450001,6041100.0,224.559998,1929800.0,46.615002000000004,54400.0,26.629998999999998,46600.0,30.594998999999998,30200.0,169.169998,103831700.0,49.5,91100.0,30.4,23500.0,122.129997,924300.0,33.84,39000.0,25.266666,19600.0,30.620001000000002,343100.0,31.889999,108200.0,30.02,1200.0
2013-07-22,27.24,52200.0,128.83999599999999,10851900.0,49.0,17700.0,19.77,15285000.0,61.740002000000004,34000.0,78.199997,1920200.0,37.919998,6416600.0,225.32000699999998,1541200.0,46.755001,40800.0,26.77,20900.0,30.855,33400.0,169.5,79428600.0,49.650002,54000.0,30.440001000000002,5500.0,122.400002,1839000.0,33.889998999999996,28300.0,25.4,19900.0,30.65,419500.0,31.92,5800.0,30.08,4100.0
2013-07-23,27.33,130400.0,129.71000700000002,8820100.0,47.900002,59900.0,19.77,9840700.0,61.98,19800.0,79.160004,687600.0,38.09,4616400.0,225.33999599999999,1633300.0,46.665001000000004,20000.0,26.85,27700.0,31.184998999999998,9200.0,169.139999,80829700.0,49.740002000000004,88100.0,30.48,20400.0,122.040001,779700.0,33.880001,58300.0,25.346666,18400.0,30.65,290400.0,31.795,1400.0,30.049999,7700.0
2013-07-24,27.120001000000002,76900.0,127.480003,9979100.0,47.290001000000004,16900.0,19.469998999999998,7076900.0,61.799999,30600.0,78.559998,687800.0,37.400002,7193900.0,223.63000499999998,1823200.0,46.34,40600.0,26.780001000000002,37200.0,30.84,7600.0,168.520004,112914000.0,49.619999,98000.0,30.33,16300.0,121.16999799999999,2410500.0,33.779999,48900.0,25.186666,33300.0,30.620001000000002,624000.0,31.459999,62400.0,30.02,1600.0
2013-07-25,27.4,154000.0,128.669998,4702400.0,46.259997999999996,64100.0,19.5,4426700.0,61.369999,31800.0,77.480003,1534900.0,37.580002,5201600.0,224.50999500000003,1751000.0,46.66,25800.0,26.82,45100.0,31.045,11200.0,168.929993,111088600.0,49.560001,108900.0,30.299999,19900.0,120.959999,2200500.0,33.790001000000004,27100.0,25.113332999999997,20100.0,30.66,946200.0,31.495001000000002,14200.0,30.040001,3000.0
2013-07-26,27.209999,69600.0,128.779999,6148500.0,46.23,28700.0,19.32,8979700.0,61.52,6900.0,75.760002,1452700.0,37.209998999999996,3200300.0,223.289993,1310900.0,46.455002,27000.0,26.629998999999998,39400.0,30.955,9600.0,169.110001,107814600.0,49.700001,53000.0,30.15,10700.0,121.16999799999999,1668000.0,33.779999,21200.0,25.173334,27100.0,30.66,660200.0,31.584999,11800.0,30.040001,0.0
2013-07-29,27.280001000000002,48200.0,128.470001,3554100.0,46.049999,16200.0,19.139999,4200600.0,60.98,17900.0,73.800003,2732800.0,37.130001,2720400.0,222.669998,1198000.0,46.134997999999996,15000.0,26.459999,16800.0,30.645,38800.0,168.58999599999999,79695000.0,49.619999,635200.0,30.18,13500.0,120.629997,1791300.0,33.790001000000004,48100.0,25.106667,39900.0,30.66,289700.0,31.35,1800.0,30.040001,7800.0
2013-07-30,27.15,84700.0,128.119995,4487700.0,46.25,9800.0,19.030001000000002,4078200.0,60.82,9100.0,72.959999,1068300.0,36.669998,5248200.0,223.13000499999998,1531800.0,46.27,57800.0,26.389999,24100.0,30.475,5000.0,168.58999599999999,85209600.0,49.599998,80100.0,30.1,19400.0,120.449997,2863800.0,33.790001000000004,182000.0,25.093334,17100.0,30.65,351600.0,31.360001,2200.0,30.040001,3600.0
2013-07-31,27.280001000000002,94900.0,127.959999,16015300.0,46.5,11800.0,19.139999,11248600.0,61.299999,25500.0,72.839996,989700.0,37.360001000000004,6265400.0,224.11000099999998,2858300.0,46.41,21400.0,26.459999,786700.0,30.504998999999998,36600.0,168.71000700000002,142388700.0,49.490002000000004,76500.0,29.93,88500.0,120.839996,1617600.0,33.669998,225300.0,25.093334,30700.0,30.67,880200.0,31.525,8000.0,29.950001,10500.0
2013-08-01,27.5,123900.0,126.610001,10564300.0,45.810001,29900.0,18.969998999999998,5804400.0,61.84,19800.0,71.68,4196800.0,38.27,8851800.0,228.80000299999998,8423500.0,46.955002,32600.0,26.77,28800.0,31.055,801400.0,170.66000400000001,110438400.0,49.450001,65600.0,29.82,37900.0,119.43,2810400.0,33.5,42800.0,24.76,10900.0,30.639999,298600.0,30.889999,15000.0,29.940001000000002,3000.0
2013-08-02,27.52,145100.0,126.360001,6466300.0,45.310001,23600.0,19.120001000000002,6144100.0,61.25,11900.0,70.879997,1263500.0,37.939999,4404700.0,227.97000099999997,4591300.0,46.98,32800.0,26.940001000000002,92100.0,30.950001,12000.0,170.949997,91116700.0,49.639998999999996,57100.0,30.0,31700.0,120.089996,1534200.0,33.639998999999996,92900.0,24.92,3600.0,30.68,388800.0,31.165001,29800.0,30.15,200.0
2013-08-05,27.530001000000002,60700.0,125.699997,4003900.0,44.799999,15700.0,19.01,4490100.0,60.299999,10400.0,70.720001,794100.0,37.830002,2727400.0,228.020004,1362300.0,47.169998,10000.0,26.940001000000002,23900.0,30.805,10200.0,170.699997,54072700.0,49.560001,71400.0,30.049999,20100.0,119.459999,821700.0,33.68,42800.0,24.713333,12600.0,30.66,282900.0,30.975,3200.0,30.15,0.0
2013-08-06,27.33,90500.0,123.970001,6016200.0,44.759997999999996,25700.0,18.83,6055400.0,59.599998,12600.0,70.239998,971200.0,37.459998999999996,6090600.0,225.580002,1561700.0,46.810001,42400.0,26.9,52200.0,30.475,31000.0,169.729996,87495000.0,49.540001000000004,86100.0,30.030001000000002,22700.0,119.400002,1119300.0,33.610001000000004,42800.0,24.746666,15400.0,30.68,403500.0,31.025,5400.0,30.049999,18700.0
2013-08-07,27.15,48100.0,124.150002,5304700.0,44.48,8800.0,18.83,5181100.0,58.73,9100.0,68.839996,1350400.0,37.009997999999996,5931300.0,223.940002,1611900.0,46.505001,32200.0,26.75,118500.0,30.200001,48200.0,169.179993,84854700.0,49.549999,65500.0,30.08,38400.0,119.220001,1489500.0,33.619999,47100.0,24.806667,6100.0,30.690001000000002,721300.0,31.26,5200.0,30.040001,1800.0
2013-08-08,27.030001000000002,57700.0,126.860001,8653600.0,44.849998,5700.0,19.6,11020700.0,58.720001,36300.0,70.120003,2421300.0,36.84,10858100.0,224.86000099999998,1335900.0,46.755001,24200.0,27.049999,32200.0,30.705,24400.0,169.800003,102181300.0,49.57,45800.0,30.299999,29400.0,119.43,1064700.0,33.639998999999996,71700.0,24.866667,5100.0,30.68,202200.0,31.355,22600.0,30.040001,1500.0
2013-08-09,27.280001000000002,73200.0,126.860001,6192000.0,44.490002000000004,14300.0,19.76,8197000.0,59.41,10500.0,68.360001,1609800.0,37.59,7252100.0,225.13000499999998,1407200.0,46.84,10800.0,27.02,443100.0,30.834999,24400.0,169.309998,91757700.0,49.630001,43100.0,30.33,15400.0,119.489998,1482300.0,33.689999,1029400.0,24.853333,86500.0,30.68,428300.0,31.379998999999998,69600.0,30.040001,6100.0
2013-08-12,27.52,34100.0,129.130005,7414300.0,45.549999,45000.0,20.620001000000002,12515000.0,59.459998999999996,10100.0,69.91999799999999,2063000.0,37.759997999999996,4306400.0,225.88999900000002,1559800.0,46.91,16600.0,27.040001,73000.0,30.985001,5200.0,169.110001,68593300.0,49.639998999999996,47500.0,30.24,17700.0,119.43,1164900.0,33.630001,89200.0,24.753334,5700.0,30.709999,263700.0,31.525,6600.0,30.049999,102300.0
2013-08-13,27.58,45500.0,127.739998,7336100.0,44.740002000000004,19600.0,20.709999,8791400.0,60.25,14800.0,70.08000200000001,1095100.0,37.900002,4470300.0,225.63999900000002,1079500.0,46.950001,32200.0,27.209999,127900.0,31.254998999999998,346800.0,169.610001,80806000.0,49.490002000000004,56600.0,29.879998999999998,22900.0,119.279999,1695300.0,33.540001000000004,151400.0,24.453332999999997,12700.0,30.700001,450500.0,30.809998999999998,71200.0,29.99,13200.0
2013-08-14,27.690001000000002,58800.0,129.0,8713200.0,45.200001,20500.0,21.09,13607800.0,61.119999,13300.0,70.760002,814500.0,38.09,5099900.0,224.0,2324200.0,46.834998999999996,12200.0,27.200001,32300.0,31.219998999999998,11800.0,168.740005,79829200.0,49.450001,64200.0,29.91,31400.0,119.190002,1450800.0,33.5,34000.0,24.473333,17700.0,30.68,227700.0,30.865,82600.0,30.0,1300.0
2013-08-15,27.799999,43100.0,131.690002,17226300.0,46.360001000000004,35400.0,22.15,34670100.0,61.02,11900.0,72.239998,1166500.0,38.240002000000004,4559700.0,219.940002,4802700.0,45.860001000000004,28000.0,27.049999,20600.0,30.924999,22200.0,166.380005,152931800.0,49.360001000000004,54800.0,29.73,75900.0,118.650002,2495700.0,33.48,231100.0,24.193333,11800.0,30.66,359800.0,30.485001,19800.0,29.93,2800.0
2013-08-16,27.99,36900.0,132.580002,14447100.0,45.790001000000004,42300.0,22.34,18914900.0,60.82,12800.0,71.440002,669900.0,38.400002,5340900.0,219.50999500000003,1731800.0,45.805,24400.0,27.1,39800.0,30.59,12000.0,165.830002,130868200.0,49.34,57400.0,29.49,74300.0,118.260002,3129300.0,33.389998999999996,131600.0,24.053333,109600.0,30.629998999999998,398200.0,30.34,157200.0,29.98,8300.0
2013-08-19,27.82,93200.0,132.009995,8118400.0,47.32,19600.0,22.34,9789900.0,59.939999,27200.0,72.91999799999999,1521500.0,38.169998,3401200.0,217.86999500000002,1420500.0,45.41,11200.0,26.91,42500.0,30.15,14600.0,164.770004,96437600.0,49.150002,94100.0,29.16,53200.0,117.449997,1958100.0,33.259997999999996,28400.0,23.9,150600.0,30.65,455300.0,30.129998999999998,23800.0,29.959999,200.0
2013-08-20,27.719998999999998,50800.0,132.449997,7809100.0,46.560001,18900.0,22.190001000000002,9334200.0,60.16,6600.0,72.91999799999999,529600.0,37.52,6767200.0,220.919998,1130100.0,46.110001000000004,22000.0,26.879998999999998,41000.0,30.1,24600.0,165.580002,89294400.0,49.310001,71800.0,29.209999,34000.0,118.410004,2055600.0,33.310001,49300.0,23.993334,133800.0,30.65,392200.0,30.325001,39200.0,29.98,500.0
2013-08-21,27.58,65200.0,132.070007,10720200.0,47.130001,49000.0,22.139999,14433300.0,60.119999,6200.0,73.400002,756800.0,37.169998,5484900.0,218.99000499999997,2005900.0,45.814999,27000.0,26.559998999999998,744000.0,29.455,15200.0,164.559998,159530500.0,49.18,63200.0,28.940001000000002,95700.0,117.959999,968100.0,33.220001,147600.0,23.780001000000002,37900.0,30.59,461300.0,30.065001000000002,64800.0,29.91,200.0
2013-08-22,27.610001,41000.0,132.809998,5741800.0,46.16,61200.0,22.27,7009400.0,60.540001000000004,5500.0,74.800003,1236600.0,37.540001000000004,4511400.0,221.419998,898600.0,46.415001000000004,17400.0,26.83,110300.0,29.844998999999998,19400.0,166.059998,101471400.0,49.09,131200.0,28.940001000000002,30400.0,118.620003,1973700.0,33.200001,105300.0,23.973333,85900.0,30.6,483400.0,30.32,20000.0,29.92,24600.0
2013-08-23,27.799999,54800.0,134.899994,11623400.0,46.849998,36700.0,23.15,19823200.0,61.16,12100.0,74.0,561600.0,37.950001,5943300.0,221.77999900000003,2003000.0,46.445,48200.0,27.049999,33000.0,30.125,11600.0,166.619995,90888900.0,49.07,118300.0,29.35,187000.0,118.949997,1890900.0,33.240002000000004,154900.0,24.293332999999997,12900.0,30.57,419100.0,30.615,86600.0,29.93,1300.0
2013-08-26,27.809998999999998,32900.0,135.449997,7692100.0,49.279999,129900.0,23.459999,14034200.0,60.5,15400.0,74.32,504700.0,37.959998999999996,5700600.0,221.99000499999997,2440500.0,46.48,261000.0,26.889999,387600.0,29.844998999999998,35400.0,166.0,89702100.0,49.060001,58900.0,29.26,14900.0,118.860001,1502100.0,33.349998,211400.0,24.32,63000.0,30.549999,562800.0,30.74,5400.0,29.889999,1400.0
2013-08-27,28.15,189700.0,136.75,11283300.0,48.529999,62500.0,23.59,14726600.0,62.18,40000.0,75.040001,726900.0,38.869999,14494400.0,217.289993,2387000.0,45.384997999999996,38600.0,26.43,30000.0,29.094998999999998,29600.0,163.330002,158619400.0,49.130001,38400.0,29.139999,24500.0,118.290001,1878900.0,33.470001,463000.0,24.533333,64000.0,30.530001000000002,314800.0,31.059998999999998,3400.0,29.950001,2300.0
2013-08-28,28.190001000000002,253400.0,136.71000700000002,13650400.0,48.240002000000004,12600.0,23.43,17024400.0,62.869999,35600.0,75.120003,674800.0,39.080002,12930500.0,217.899994,1909500.0,45.57,15000.0,26.389999,1140300.0,28.915001,937200.0,163.91000400000001,108113000.0,49.099998,52400.0,29.02,15000.0,118.739998,1023900.0,33.400002,56700.0,24.453332999999997,24600.0,30.559998999999998,240500.0,30.885,5600.0,29.969998999999998,1100.0
2013-08-29,27.879998999999998,96600.0,135.869995,7939400.0,48.049999,9700.0,23.0,14289600.0,61.98,28000.0,75.91999799999999,2213200.0,38.580002,8141800.0,218.919998,969400.0,45.900002,30800.0,26.4,237100.0,29.165001,76600.0,164.169998,119200500.0,49.25,75300.0,28.969998999999998,39300.0,119.07,1348200.0,33.48,76500.0,24.633333,40800.0,30.59,702100.0,31.084999,4800.0,29.98,1000.0
2013-08-30,27.52,153900.0,134.619995,7680000.0,48.150002,12200.0,22.6,9885200.0,61.59,40700.0,75.800003,682600.0,38.48,10364900.0,215.44999700000002,2408800.0,45.235001000000004,23600.0,26.16,41500.0,29.41,9600.0,163.649994,134928900.0,49.330002,79700.0,28.959999,77300.0,119.010002,2283300.0,33.439999,31500.0,24.693333,14400.0,30.559998999999998,206200.0,31.059998999999998,121000.0,29.879998999999998,3300.0
2013-09-03,28.07,1578600.0,136.419998,8100700.0,47.970001,47200.0,23.389999,12919300.0,61.0,20000.0,77.0,1003500.0,38.759997999999996,7917800.0,215.100006,18087100.0,45.564999,87200.0,26.549999,1620700.0,29.459999,367400.0,164.389999,142375100.0,49.02,152700.0,28.870001000000002,42200.0,118.019997,1887000.0,33.330002,42000.0,24.366667,23400.0,30.559998999999998,319700.0,30.58,70200.0,29.85,2300.0
2013-09-04,27.91,247500.0,134.66000400000001,7785400.0,47.23,17700.0,22.690001000000002,10712600.0,60.93,23200.0,77.199997,573000.0,38.34,4293200.0,217.61000099999998,2711200.0,45.73,22600.0,26.76,52000.0,29.879998999999998,29800.0,165.75,97389400.0,49.259997999999996,84300.0,29.0,51100.0,118.230003,2838900.0,33.18,54700.0,24.24,50500.0,30.549999,455900.0,30.545,61600.0,29.85,400.0
2013-09-05,28.02,944500.0,132.199997,11118600.0,47.009997999999996,27100.0,22.379998999999998,8786400.0,60.41,23600.0,75.120003,1570700.0,38.689999,4415300.0,217.94999700000002,2151100.0,45.985001000000004,10000.0,26.77,142300.0,30.23,44800.0,165.96000700000002,63090500.0,48.849998,35500.0,28.92,67900.0,117.75,1569000.0,33.060001,102400.0,24.006666,28200.0,30.57,774300.0,30.195,107800.0,29.83,2000.0
2013-09-06,28.16,80900.0,134.149994,8448700.0,47.5,15300.0,22.969998999999998,7696100.0,60.490002000000004,23000.0,74.160004,738900.0,39.360001000000004,10433100.0,218.559998,2268800.0,46.0,15600.0,26.92,55100.0,30.74,8400.0,166.03999299999998,159756500.0,49.119999,66000.0,29.129998999999998,49400.0,118.110001,1713000.0,33.25,488900.0,24.046667000000003,63000.0,30.530001000000002,660700.0,30.245001000000002,21600.0,29.76,1500.0
2013-09-09,28.040001,688400.0,133.91000400000001,5090500.0,46.919998,9400.0,22.84,5616800.0,59.41,20300.0,75.800003,876500.0,38.939999,7909900.0,221.75999500000003,1963100.0,46.584998999999996,14800.0,27.290001,26300.0,31.355,25600.0,167.630005,87559300.0,49.07,51800.0,29.459999,473300.0,118.529999,1780500.0,33.279999,39400.0,24.1,25500.0,30.58,553700.0,30.385,19800.0,29.879998999999998,2800.0
2013-09-10,27.77,248700.0,131.740005,8433100.0,47.27,17500.0,22.129998999999998,10296300.0,58.369999,34700.0,75.199997,1319800.0,38.34,10700900.0,224.100006,1504000.0,46.965,32600.0,27.58,45000.0,31.684998999999998,35800.0,168.869995,105847200.0,48.950001,540400.0,29.5,78500.0,118.739998,2340300.0,33.189999,58600.0,23.940001000000002,38200.0,30.549999,297900.0,30.15,3600.0,29.799999,4000.0
2013-09-11,27.709999,101000.0,131.699997,5046600.0,47.5,14100.0,22.290001,4810500.0,57.939999,45000.0,74.800003,951000.0,38.48,5546400.0,224.32000699999998,1652200.0,47.084998999999996,51200.0,27.59,702200.0,31.629998999999998,848600.0,169.399994,94545900.0,49.09,85000.0,29.700001,62800.0,118.949997,1159200.0,33.220001,85300.0,24.02,49000.0,30.629998999999998,1930800.0,30.344998999999998,24400.0,29.82,3500.0
2013-09-12,27.950001,128900.0,127.66999799999999,12944000.0,47.91,36800.0,21.059998999999998,15273600.0,58.900002,6800.0,76.480003,1380000.0,38.869999,4897300.0,223.66000400000001,2500300.0,46.794998,29800.0,27.469998999999998,116500.0,31.34,15400.0,168.949997,83209000.0,49.16,137400.0,29.690001000000002,50800.0,118.83000200000001,1043700.0,33.200001,62500.0,24.059998999999998,85300.0,30.66,715500.0,30.280001000000002,9000.0,29.82,0.0
2013-09-13,27.940001000000002,62300.0,127.82,12060400.0,47.220001,33300.0,21.42,11714000.0,59.0,8100.0,77.0,904300.0,38.849998,3234200.0,224.07000699999998,1107900.0,47.064999,13800.0,27.610001,60400.0,31.530001000000002,417800.0,169.330002,72727800.0,49.150002,87300.0,29.75,40000.0,118.769997,1209000.0,33.32,83500.0,24.033333,96000.0,30.610001,698100.0,30.365,154600.0,29.82,0.0
2013-09-16,27.690001000000002,151800.0,126.449997,9829100.0,46.540001000000004,42100.0,20.940001000000002,7495800.0,57.810001,12400.0,78.360001,1059900.0,38.110001000000004,6052600.0,225.330002,1179600.0,47.185001,23400.0,27.82,89200.0,31.83,31600.0,170.309998,106299200.0,49.209998999999996,43100.0,29.98,62300.0,119.339996,1791300.0,33.279999,79200.0,23.986666,33400.0,30.67,784000.0,30.215,31800.0,29.9,1500.0
2013-09-17,27.459999,298200.0,126.5,8135500.0,46.380001,32800.0,20.959999,6441000.0,56.5,19700.0,78.279999,692500.0,37.740002000000004,6761700.0,227.11000099999998,2109300.0,47.560001,12800.0,27.879998999999998,40100.0,31.83,45600.0,171.070007,82523300.0,49.23,77500.0,30.049999,78300.0,119.699997,1608300.0,33.34,83400.0,24.066668,28200.0,30.65,596900.0,30.424999,4600.0,29.969998999999998,19200.0
2013-09-18,27.93,92000.0,132.009995,24780000.0,46.900002,6100.0,22.309998999999998,30629700.0,58.200001,43600.0,78.040001,599000.0,38.68,7837200.0,229.17999300000002,4632800.0,48.035,30600.0,28.540001,155700.0,33.099998,174200.0,173.050003,203460600.0,49.610001000000004,116900.0,30.67,139900.0,120.779999,3323100.0,33.57,71800.0,24.426666,24600.0,30.74,403500.0,30.885,4000.0,29.950001,200.0
2013-09-19,27.68,242800.0,131.75,14353900.0,46.689999,92400.0,22.200001,16262300.0,57.32,26300.0,77.839996,1370000.0,38.080002,6891700.0,228.63999900000002,1617200.0,47.889998999999996,83400.0,28.440001000000002,33100.0,32.82,21000.0,172.759995,146616900.0,49.549999,75500.0,30.790001,59600.0,120.41999799999999,1494600.0,33.700001,366200.0,24.4,53200.0,30.75,688500.0,30.639999,12400.0,30.030001000000002,900.0
2013-09-20,27.75,74400.0,127.959999,19558200.0,46.009997999999996,44700.0,21.0,18493200.0,57.040001000000004,16000.0,77.440002,499800.0,37.77,5630500.0,226.27999900000003,2880300.0,47.755001,59200.0,28.219998999999998,41500.0,32.200001,21600.0,170.720001,132867100.0,49.43,101100.0,30.5,25000.0,120.150002,2178300.0,33.689999,82400.0,24.393333,40000.0,30.73,301300.0,30.77,17000.0,30.040001,4600.0
2013-09-23,27.530001000000002,424100.0,127.550003,7421800.0,46.09,13400.0,20.780001000000002,7765000.0,55.919998,39600.0,75.68,1357500.0,37.27,5853200.0,225.32000699999998,1654400.0,47.775002,30000.0,28.190001000000002,64900.0,32.345001,94200.0,169.929993,104616500.0,49.630001,76700.0,30.629998999999998,16200.0,120.33000200000001,1585500.0,33.700001,171400.0,24.493334,23200.0,30.73,818000.0,30.969998999999998,5000.0,30.040001,0.0
2013-09-24,27.51,101800.0,127.660004,7349700.0,46.189999,8900.0,20.889999,7313400.0,56.470001,12400.0,73.559998,1786600.0,37.220001,5837700.0,225.63999900000002,1437800.0,48.099998,31600.0,28.15,40500.0,32.32,1019000.0,169.529999,106333100.0,49.669998,115500.0,30.58,31500.0,120.0,1554600.0,33.75,145100.0,24.653334,85500.0,30.719998999999998,534800.0,31.27,27600.0,30.18,2100.0
2013-09-25,27.34,191300.0,128.78999299999998,7519100.0,46.68,13200.0,20.98,6590600.0,56.59,11900.0,73.120003,833800.0,36.880001,4913600.0,225.770004,1651900.0,47.830002,28600.0,28.139999,30800.0,32.200001,352400.0,169.03999299999998,117306500.0,49.700001,40600.0,30.43,33900.0,119.910004,1075800.0,33.700001,212600.0,24.793332999999997,13000.0,30.73,413900.0,31.275,5000.0,30.040001,100.0
2013-09-26,27.58,105700.0,127.790001,9491300.0,46.98,12700.0,20.92,6606300.0,57.490002000000004,6900.0,73.440002,1628600.0,37.080002,2942700.0,227.100006,1235500.0,47.950001,33600.0,28.27,56800.0,32.185001,27600.0,169.690002,77146900.0,49.650002,256700.0,30.299999,17400.0,119.879997,1478700.0,33.779999,245400.0,24.68,11400.0,30.66,533900.0,31.23,400.0,29.98,100.0
2013-09-27,27.41,44400.0,128.970001,7430200.0,46.880001,44300.0,20.959999,5318200.0,56.650002,16400.0,73.91999799999999,1005500.0,36.959998999999996,4181700.0,226.19999700000002,1585900.0,47.945,18000.0,28.200001,22300.0,31.82,6000.0,168.91000400000001,99141800.0,49.720001,66700.0,30.219998999999998,17900.0,119.730003,1732500.0,33.75,53800.0,24.666666,18100.0,30.66,328400.0,31.325001,6800.0,29.98,0.0
2013-09-30,27.440001000000002,176300.0,128.179993,8979000.0,45.799999,104100.0,20.9,7988800.0,56.09,10600.0,73.120003,723400.0,36.849998,5326500.0,226.330002,3820700.0,47.919998,37600.0,28.01,46000.0,31.565001000000002,10200.0,168.009995,143937000.0,49.650002,86700.0,30.23,13200.0,119.519997,1385400.0,33.740002000000004,149400.0,24.639999,11200.0,30.74,1715400.0,31.25,31200.0,30.030001000000002,1500.0
2013-10-01,27.35,275500.0,124.589996,16721100.0,45.759997999999996,11400.0,20.41,21004200.0,55.740002000000004,38300.0,74.160004,980900.0,36.68,6338200.0,229.42999300000002,24684700.0,48.395,29600.0,28.15,1213400.0,32.095001,47600.0,169.33999599999999,127160000.0,49.650002,91200.0,30.16,34400.0,119.190002,1368300.0,33.59,96100.0,24.466667,21400.0,30.690001000000002,1267700.0,31.059998999999998,71400.0,30.02,2700.0
2013-10-02,27.73,143300.0,127.059998,11994200.0,45.990002000000004,22200.0,20.92,12456700.0,56.279999,20500.0,72.879997,851700.0,37.419998,11026400.0,228.97000099999997,3177500.0,48.185001,145400.0,28.120001000000002,66000.0,32.150002,9800.0,169.179993,113350000.0,49.75,208500.0,30.26,21800.0,119.309998,960000.0,33.599998,64300.0,24.633333,6600.0,30.68,750600.0,31.08,2000.0,30.049999,17000.0
2013-10-03,27.6,84900.0,127.18,11632900.0,46.200001,25700.0,20.92,7947300.0,56.279999,14400.0,72.120003,1172900.0,37.139998999999996,4842500.0,227.13999900000002,3718300.0,47.724998,53800.0,27.959999,34900.0,32.154999,50000.0,167.619995,176698000.0,49.669998,112900.0,30.34,29900.0,119.43,1251900.0,33.630001,150600.0,24.593334,3400.0,30.700001,576800.0,31.094998999999998,1800.0,30.0,27300.0
2013-10-04,27.889999,43600.0,126.529999,6923700.0,46.490002000000004,16200.0,20.93,4907200.0,55.759997999999996,15700.0,72.239998,569800.0,37.310001,2772300.0,228.460007,3202700.0,47.955002,12600.0,27.99,46400.0,32.540001000000004,38000.0,168.889999,96878000.0,49.650002,228000.0,30.4,27800.0,119.790001,1810200.0,33.630001,125900.0,24.559998999999998,6700.0,30.65,591700.0,30.969998999999998,3600.0,30.0,0.0
2013-10-07,27.98,30300.0,127.639999,6732800.0,46.830002,14900.0,21.530001000000002,12252300.0,56.200001,25100.0,74.639999,1574600.0,37.139998999999996,4606500.0,225.830002,2145400.0,47.439999,26800.0,27.76,793000.0,32.255001,18200.0,167.429993,96295000.0,49.740002000000004,82100.0,30.379998999999998,10300.0,119.400002,501600.0,33.639998999999996,73900.0,24.620001000000002,4900.0,30.66,747500.0,31.16,800.0,30.0,0.0
2013-10-08,28.059998999999998,136700.0,127.400002,6999700.0,46.450001,15900.0,21.49,6884500.0,56.240002000000004,18800.0,76.400002,1243400.0,37.310001,3451300.0,223.17999300000002,4887900.0,46.849998,19400.0,27.530001000000002,87200.0,32.035,39600.0,165.479996,178015000.0,49.66,53500.0,30.379998999999998,11800.0,119.43,1581300.0,33.619999,58000.0,24.633333,4800.0,30.610001,1198000.0,31.120001000000002,72800.0,29.950001,400.0
2013-10-09,27.68,48200.0,126.110001,10705100.0,46.419998,29800.0,21.049999,10156700.0,56.049999,16200.0,75.760002,725300.0,36.549999,10998900.0,222.399994,3662000.0,46.830002,42200.0,27.690001000000002,514600.0,32.264998999999996,865000.0,165.600006,168973000.0,49.66,100500.0,30.23,133000.0,119.550003,1277400.0,33.59,150200.0,24.553333,41100.0,30.6,18332400.0,31.02,15400.0,30.040001,2800.0
2013-10-10,28.139999,170700.0,124.269997,10523600.0,46.110001000000004,39400.0,20.83,6379200.0,57.59,40100.0,76.720001,1414200.0,37.099998,6817800.0,227.350006,2558700.0,47.834998999999996,30800.0,28.18,101200.0,32.91,10000.0,169.169998,195955000.0,49.66,40600.0,30.32,99300.0,120.059998,1131300.0,33.630001,56500.0,24.593334,53800.0,30.66,1011600.0,30.870001000000002,1400.0,30.040001,0.0
2013-10-11,28.030001000000002,77000.0,122.599998,15972600.0,45.84,24300.0,20.52,11028700.0,56.98,11900.0,77.68,797000.0,36.75,6146800.0,229.539993,2903200.0,48.505001,15000.0,28.290001,97400.0,33.080002,19200.0,170.259995,105040000.0,49.470001,52600.0,30.459999,30200.0,120.239998,1571700.0,33.610001000000004,89000.0,24.52,10600.0,30.65,282600.0,30.940001000000002,103400.0,30.049999,4500.0
2013-10-14,28.09,24200.0,122.83000200000001,6118200.0,45.959998999999996,18900.0,20.5,4813500.0,57.009997999999996,7700.0,78.32,763400.0,36.869999,2665400.0,230.41000400000001,1509900.0,48.860001000000004,20800.0,28.35,57900.0,33.119999,8600.0,170.940002,112106000.0,49.580002,54200.0,30.41,13300.0,120.360001,448500.0,33.599998,51300.0,24.413334,6600.0,30.639999,274700.0,30.665001,41800.0,30.0,3700.0
2013-10-15,27.93,137600.0,123.730003,8384200.0,46.060001,24100.0,20.559998999999998,8037700.0,56.740002000000004,12100.0,78.160004,782700.0,36.470001,5475100.0,227.979996,2686500.0,48.455002,73200.0,28.25,46800.0,32.919998,27000.0,169.699997,155485000.0,49.5,64400.0,30.309998999999998,92100.0,120.300003,1017000.0,33.59,100400.0,24.446667,33900.0,30.66,219100.0,30.705,10200.0,30.15,600.0
2013-10-16,28.209999,80500.0,123.540001,8523400.0,46.029999,10700.0,20.5,6581200.0,57.709998999999996,111700.0,77.360001,1039200.0,36.919998,4902600.0,230.960007,2216200.0,48.875,213000.0,28.459999,146000.0,33.060001,36600.0,172.070007,161676000.0,49.709998999999996,90300.0,30.459999,52800.0,120.690002,3021600.0,33.610001000000004,84400.0,24.646667,23700.0,30.709999,499700.0,31.055,303200.0,30.15,0.0
2013-10-17,27.75,359200.0,127.41999799999999,11785100.0,46.27,16500.0,21.049999,9380400.0,56.400002,23700.0,77.32,547900.0,36.380001,9756900.0,232.63999900000002,3542900.0,49.334998999999996,56200.0,28.82,88500.0,33.325001,9800.0,173.220001,129389000.0,49.700001,53900.0,30.93,57000.0,121.290001,2157900.0,33.799999,1475300.0,25.046667000000003,47200.0,30.73,359900.0,31.360001,3000.0,30.15,2900.0
2013-10-18,27.98,26700.0,126.849998,5350500.0,46.669998,29000.0,21.110001,5164500.0,57.18,22100.0,77.279999,788200.0,36.450001,4157200.0,234.600006,3097400.0,50.005001,23200.0,28.98,137700.0,33.439999,31200.0,174.389999,138316000.0,49.77,93300.0,30.93,44400.0,121.620003,1805700.0,33.869999,77500.0,25.059998999999998,33100.0,30.780001000000002,301400.0,31.4,6200.0,30.129998999999998,4300.0
2013-10-21,27.68,98500.0,126.980003,3395200.0,46.790001000000004,19400.0,21.41,5255900.0,56.779999,18500.0,75.32,1115200.0,35.939999,4922200.0,234.82000699999998,3910500.0,49.915001000000004,66800.0,29.0,116800.0,33.439999,90000.0,174.399994,104104000.0,49.73,64200.0,30.790001,23200.0,121.5,2359200.0,33.91,52600.0,25.013334,12100.0,30.74,295000.0,31.275,18400.0,30.280001000000002,3800.0
2013-10-22,27.469998999999998,86600.0,129.33999599999999,8849000.0,46.580002,9600.0,21.870001000000002,10330000.0,56.16,23400.0,73.720001,1404000.0,35.41,10216300.0,235.99000499999997,2704300.0,50.110001000000004,22600.0,29.290001,114500.0,33.68,23000.0,175.41000400000001,126663000.0,49.91,54500.0,31.059998999999998,55200.0,121.800003,2433000.0,33.959998999999996,123500.0,25.200001,81600.0,30.75,353500.0,31.620001000000002,7400.0,30.309998999999998,1400.0
2013-10-23,27.0,134300.0,128.690002,5092200.0,46.889998999999996,10000.0,21.75,5488600.0,54.630001,112100.0,74.040001,485600.0,34.950001,12477900.0,234.440002,1490000.0,49.93,34800.0,29.0,70300.0,32.965,14800.0,174.570007,105484000.0,49.93,68500.0,31.02,28000.0,121.949997,1422600.0,34.0,100900.0,25.286667,10900.0,30.76,287400.0,31.725,5200.0,30.25,1600.0
2013-10-24,26.98,126000.0,129.899994,10221400.0,46.720001,16900.0,21.870001000000002,7494700.0,55.150002,11900.0,74.440002,849800.0,34.990002000000004,5583100.0,234.86999500000002,1314900.0,50.23,40000.0,29.17,60300.0,32.970001,46000.0,175.149994,70350000.0,49.970001,107600.0,31.040001,21000.0,121.889999,847200.0,34.029999,76000.0,25.213333,12100.0,30.76,262100.0,31.684998999999998,200.0,30.129998999999998,11700.0
2013-10-25,27.219998999999998,36500.0,130.46000700000002,8767900.0,46.389998999999996,2700.0,21.709999,7511200.0,55.200001,8200.0,75.720001,750500.0,35.32,3832900.0,235.61999500000002,1084400.0,50.185001,35600.0,29.129998999999998,78000.0,33.125,15600.0,175.949997,93625000.0,49.990002000000004,43400.0,31.139999,8200.0,122.010002,931800.0,34.0,47700.0,25.246666,5700.0,30.76,587800.0,31.719998999999998,400.0,30.129998999999998,0.0
2013-10-28,27.360001,66300.0,130.559998,6807800.0,45.439999,9100.0,21.68,6094100.0,56.049999,36500.0,72.760002,1826600.0,35.549999,4293400.0,235.32000699999998,1149400.0,50.349998,20000.0,29.040001,42500.0,33.215,89400.0,176.229996,84979000.0,49.970001,49200.0,31.049999,33000.0,122.099998,601500.0,34.0,28400.0,25.26,16500.0,30.76,2354100.0,31.65,1800.0,30.33,3300.0
2013-10-29,27.360001,133600.0,129.770004,5328500.0,45.599998,11800.0,21.690001000000002,5163400.0,55.57,8400.0,72.199997,1162800.0,35.41,2333100.0,236.49000499999997,2173100.0,50.5,16400.0,29.110001,44900.0,33.294998,22600.0,177.169998,87401000.0,50.040001000000004,89800.0,31.01,14300.0,122.190002,762300.0,34.09,26800.0,25.266666,19000.0,30.75,385800.0,31.65,5600.0,30.120001000000002,200.0
2013-10-30,27.16,87600.0,129.600006,8896000.0,45.470001,346300.0,21.879998999999998,11297700.0,56.169998,7200.0,72.0,737500.0,34.849998,5929200.0,234.729996,1500900.0,50.0,218600.0,29.02,61300.0,33.215,33600.0,176.28999299999998,140002000.0,50.080002,69300.0,30.9,7400.0,121.949997,1076100.0,34.029999,31900.0,25.073334,10600.0,30.77,297700.0,31.530001000000002,8600.0,30.26,8800.0
2013-10-31,27.049999,56800.0,127.739998,7753300.0,45.080002,14900.0,21.1,10355700.0,55.549999,14400.0,71.08000200000001,1593700.0,34.689999,5100200.0,234.520004,2926700.0,49.895,18600.0,28.91,77500.0,32.959998999999996,50000.0,175.78999299999998,133795000.0,50.09,454300.0,30.68,500500.0,121.889999,1800600.0,34.07,89000.0,25.333334,305200.0,30.77,418400.0,31.555,16000.0,30.26,0.0
2013-11-01,26.77,126400.0,126.949997,9566200.0,44.849998,52100.0,21.08,5967500.0,54.689999,48100.0,69.800003,1328300.0,34.130001,9774900.0,234.729996,2770200.0,49.474998,38800.0,28.75,70300.0,32.93,16600.0,176.21000700000002,142805000.0,50.080002,99900.0,30.32,50300.0,121.290001,1495500.0,33.959998999999996,37500.0,25.033333,21000.0,30.74,828600.0,31.15,31600.0,30.299999,300.0
2013-11-04,26.73,34800.0,126.809998,3819300.0,44.68,45300.0,20.85,4672800.0,54.27,22000.0,68.360001,1637900.0,34.040001000000004,4571600.0,236.479996,1273400.0,50.055,15000.0,28.879998999999998,115200.0,33.044998,9000.0,176.830002,85677000.0,50.049999,71100.0,30.25,32200.0,121.470001,681600.0,33.919998,32000.0,24.92,108000.0,30.76,285300.0,31.174999,5600.0,30.27,14800.0
2013-11-05,26.620001000000002,63700.0,126.559998,4941200.0,44.540001000000004,15700.0,20.9,3342700.0,54.150002,17000.0,69.040001,1056300.0,33.669998,6565300.0,234.979996,1280200.0,50.0,27400.0,28.65,51700.0,32.43,24600.0,176.270004,85825000.0,49.950001,120300.0,30.129998999999998,40800.0,121.110001,868500.0,33.869999,45600.0,24.726667000000003,13300.0,30.77,509100.0,30.9,10800.0,30.25,3100.0
2013-11-06,26.82,81400.0,127.199997,3544900.0,44.389998999999996,16800.0,21.0,3433000.0,54.57,40800.0,69.400002,1015800.0,34.189999,9995400.0,234.75,1265300.0,49.884997999999996,13600.0,28.940001000000002,29400.0,32.560001,26200.0,177.169998,87348000.0,49.900002,68100.0,30.129998999999998,56900.0,121.349998,1607400.0,33.860001000000004,76600.0,24.693333,27300.0,30.75,337100.0,30.85,6200.0,30.32,5000.0
2013-11-07,26.74,142600.0,126.160004,7700100.0,44.419998,11400.0,20.83,5058700.0,53.700001,41200.0,69.800003,1393800.0,33.970001,4754500.0,230.600006,1769800.0,49.185001,15200.0,28.49,49000.0,31.885,20400.0,174.929993,157000000.0,49.959998999999996,85400.0,29.950001,18800.0,121.589996,1390200.0,33.939999,67200.0,24.866667,6400.0,30.74,271500.0,31.110001,5800.0,30.370001000000002,9900.0
2013-11-08,26.780001000000002,70000.0,124.279999,8427300.0,44.939999,19800.0,20.690001000000002,7047800.0,54.720001,26300.0,70.68,705100.0,34.009997999999996,3722200.0,234.169998,2358100.0,49.91,24600.0,28.620001000000002,113300.0,31.855,52600.0,177.28999299999998,136713000.0,49.900002,79700.0,29.76,82500.0,121.290001,4373700.0,33.810001,121000.0,24.433332,10300.0,30.74,154800.0,30.4,109400.0,30.370001000000002,0.0
2013-11-11,26.940001000000002,15800.0,123.870003,3277700.0,45.290001000000004,16800.0,20.6,3481500.0,55.919998,25900.0,70.800003,579600.0,34.259997999999996,2533500.0,235.020004,582800.0,49.990002000000004,1116200.0,28.67,685500.0,31.879998999999998,119800.0,177.320007,62614000.0,49.93,79200.0,29.48,95000.0,120.809998,2178900.0,33.759997999999996,473900.0,24.386667000000003,152700.0,30.719998999999998,223800.0,30.334999,134600.0,30.049999,2200.0
2013-11-12,26.67,30500.0,122.449997,7705600.0,45.330002,17800.0,20.0,11482400.0,55.509997999999996,25500.0,72.160004,1122100.0,33.639998999999996,7539200.0,234.690002,1726500.0,49.93,37000.0,28.59,36100.0,31.48,14800.0,176.96000700000002,83990000.0,49.93,88500.0,29.6,68000.0,120.660004,1265100.0,33.68,38800.0,24.406666,5400.0,30.75,193000.0,30.41,1000.0,30.299999,3700.0
2013-11-13,26.950001,28000.0,122.849998,5967000.0,45.18,1700.0,19.780001000000002,9050200.0,56.34,15600.0,70.720001,955200.0,33.900002,3965600.0,237.039993,1813000.0,50.290001000000004,210600.0,28.67,36300.0,31.695,10800.0,178.380005,103844000.0,49.970001,112700.0,29.73,68500.0,121.08000200000001,1341600.0,33.689999,54500.0,24.506666,3100.0,30.76,193000.0,30.545,6000.0,30.370001000000002,1000.0
2013-11-14,27.040001,98200.0,124.269997,7669700.0,45.009997999999996,8600.0,20.049999,6518700.0,57.580002,41000.0,71.559998,1377700.0,33.93,6325300.0,238.02999900000003,937800.0,50.439999,19200.0,28.799999,50600.0,32.055,12200.0,179.270004,103435000.0,49.970001,72800.0,29.91,40100.0,121.290001,1662300.0,33.759997999999996,68300.0,24.713333,11100.0,30.780001000000002,225500.0,30.754998999999998,4800.0,30.4,3000.0
2013-11-15,27.02,58400.0,124.32,4660700.0,44.27,22900.0,20.0,3932000.0,57.07,18300.0,72.32,907900.0,33.880001,3964500.0,238.789993,1124500.0,50.59,8000.0,29.01,53700.0,32.66,7400.0,180.050003,102818000.0,49.98,163700.0,29.84,25800.0,121.589996,1637100.0,33.799999,28700.0,24.793332999999997,10500.0,30.780001000000002,303300.0,30.695,1000.0,30.41,6300.0
2013-11-18,26.76,32500.0,122.900002,6241300.0,44.009997999999996,20600.0,19.67,6569200.0,56.799999,31700.0,71.68,835100.0,33.619999,5333000.0,237.05000299999998,969400.0,50.424999,34800.0,29.01,79200.0,32.900002,73800.0,179.419998,104796000.0,50.0,133400.0,30.0,56700.0,121.440002,1938600.0,33.900002,105400.0,24.966667,8200.0,30.77,332300.0,30.855,400.0,30.42,2800.0
2013-11-19,26.690001000000002,16200.0,122.949997,3666500.0,44.240002000000004,34500.0,19.610001,4345200.0,56.66,14200.0,70.360001,988000.0,33.720001,3968700.0,235.42999300000002,1095600.0,50.099998,28000.0,28.969998999999998,94500.0,32.560001,16400.0,179.029999,93891000.0,49.950001,130800.0,30.18,145800.0,121.379997,726900.0,33.830002,37900.0,24.906666,11100.0,30.780001000000002,277500.0,30.74,16600.0,30.32,4800.0
2013-11-20,26.68,13200.0,120.120003,14281000.0,44.0,26500.0,19.139999,15251300.0,57.119999,10400.0,72.519997,1055500.0,33.630001,5168000.0,234.88999900000002,1030800.0,50.075001,34200.0,28.799999,70000.0,32.205002,19200.0,178.470001,124909000.0,49.91,73200.0,29.98,33000.0,121.260002,1046100.0,33.810001,241600.0,24.553333,5500.0,30.790001,376000.0,30.254998999999998,1600.0,30.33,4800.0
2013-11-21,27.07,58400.0,119.940002,7557500.0,44.369999,14600.0,19.24,6999200.0,58.639998999999996,79000.0,73.08000200000001,1210700.0,34.169998,5488600.0,237.789993,1078700.0,50.875,20000.0,28.92,81200.0,32.23,17600.0,179.91000400000001,92841000.0,49.889998999999996,88800.0,29.9,45000.0,121.620003,1271100.0,33.82,54100.0,24.620001000000002,4900.0,30.799999,279000.0,30.32,28200.0,30.25,6300.0
2013-11-22,27.030001000000002,79100.0,119.91999799999999,6774400.0,44.849998,18500.0,19.129998999999998,3976000.0,58.720001,18200.0,74.639999,1066100.0,34.040001000000004,5740000.0,238.19999700000002,847000.0,51.244999,21000.0,29.02,93100.0,32.455002,12000.0,180.809998,81296000.0,49.900002,86500.0,29.790001,146900.0,121.739998,948600.0,33.82,941700.0,24.68,310800.0,30.780001000000002,582300.0,30.530001000000002,3200.0,30.25,200.0
2013-11-25,26.93,78300.0,120.459999,7266300.0,45.080002,13800.0,19.27,6150800.0,57.869999,24800.0,75.120003,1203500.0,33.82,5226600.0,237.86999500000002,1843900.0,51.174999,40400.0,28.93,102000.0,31.99,15200.0,180.630005,79486000.0,49.970001,102900.0,29.83,82400.0,121.949997,1213500.0,33.869999,55000.0,24.753334,11500.0,30.809998999999998,295500.0,30.575001,3400.0,30.27,6700.0
2013-11-26,26.9,32000.0,119.82,9053300.0,44.810001,45200.0,19.129998999999998,4938700.0,58.139998999999996,10300.0,75.519997,1359200.0,33.689999,3262700.0,237.86000099999998,2693400.0,51.564999,20000.0,28.92,40400.0,32.095001,8600.0,180.679993,86994000.0,50.040001000000004,78000.0,29.860001,32100.0,122.010002,561000.0,33.950001,64200.0,24.82,7500.0,30.84,1048800.0,30.805,3000.0,30.34,1500.0
2013-11-27,26.57,286900.0,119.459999,6144600.0,44.950001,28000.0,18.959999,6647000.0,58.57,44000.0,76.32,1393100.0,33.189999,7847400.0,238.47000099999997,1467800.0,51.889998999999996,18400.0,28.98,405400.0,32.200001,30200.0,181.119995,58800000.0,49.990002000000004,70700.0,29.75,54100.0,122.010002,723300.0,33.919998,62200.0,24.799999,7500.0,30.82,492100.0,30.674999,8000.0,30.26,5700.0
2013-11-29,26.73,58400.0,120.699997,2364700.0,45.150002,11100.0,19.24,2745300.0,58.099998,8700.0,76.599998,836400.0,33.459998999999996,3870000.0,237.42999300000002,1054800.0,51.955002,15800.0,29.049999,69400.0,32.525002,33200.0,181.0,55870900.0,50.02,56900.0,29.84,26200.0,122.25,540900.0,33.880001,28900.0,24.813334,7300.0,30.82,383500.0,30.645,1200.0,30.26,0.0
2013-12-02,26.860001,24300.0,117.58000200000001,10297100.0,44.830002,37500.0,18.459999,11111500.0,57.880001,10100.0,77.400002,1244600.0,33.68,4298200.0,237.50999500000003,5674600.0,51.259997999999996,106800.0,28.84,56800.0,31.969998999999998,12400.0,180.529999,99726000.0,49.880001,295200.0,29.530001000000002,16300.0,121.470001,1393200.0,33.830002,54700.0,24.673334,16500.0,30.780001000000002,270800.0,30.389999,11800.0,30.129998999999998,300.0
2013-12-03,27.1,37700.0,117.959999,7004800.0,45.18,6600.0,18.42,6912500.0,58.970001,9500.0,77.519997,1013000.0,34.509997999999996,14014800.0,236.690002,3330000.0,51.09,16400.0,28.610001,51600.0,31.834999,22000.0,179.75,116563000.0,49.939999,105300.0,29.57,40600.0,121.440002,760500.0,33.75,56000.0,24.706667000000003,8400.0,30.790001,314500.0,30.469998999999998,10400.0,30.110001,4600.0
2013-12-04,27.379998999999998,82300.0,119.959999,9110700.0,45.32,64900.0,19.0,11379500.0,58.59,5300.0,77.440002,947600.0,34.880001,9551500.0,236.289993,1872500.0,50.865002000000004,34200.0,28.43,44800.0,31.799999,28400.0,179.729996,123033000.0,49.790001000000004,717900.0,29.530001000000002,100000.0,121.110001,1548300.0,33.84,49900.0,24.613332999999997,9600.0,30.77,214100.0,30.205,6800.0,30.129998999999998,51600.0
2013-12-05,27.48,28100.0,118.300003,10254700.0,45.029999,17500.0,18.690001000000002,7908800.0,58.599998,3300.0,80.760002,2626800.0,34.93,4896500.0,236.77999900000003,1245300.0,50.985001000000004,19000.0,28.35,78400.0,31.754998999999998,4600.0,178.940002,106934000.0,49.709998999999996,71000.0,29.639999,102700.0,121.050003,2465100.0,33.799999,51100.0,24.540001,14400.0,30.77,244400.0,30.18,200.0,30.120001000000002,2800.0
2013-12-06,27.540001,40900.0,118.550003,7909500.0,45.009997999999996,14500.0,18.76,7466700.0,58.98,3300.0,80.68,1298600.0,35.049999,2713800.0,238.55000299999998,1729800.0,51.424999,23400.0,28.67,37300.0,32.34,92000.0,180.940002,127728000.0,49.759997999999996,77400.0,29.950001,219500.0,121.440002,1133100.0,33.73,22700.0,24.559998999999998,8200.0,30.780001000000002,283600.0,30.184998999999998,204000.0,30.120001000000002,0.0
2013-12-09,27.4,51300.0,119.720001,5510400.0,45.369999,16700.0,19.120001000000002,6407700.0,57.669998,16900.0,82.800003,1190800.0,34.91,5699700.0,238.88999900000002,2422700.0,51.294998,59600.0,28.620001000000002,37000.0,32.375,9200.0,181.399994,70124000.0,49.790001000000004,184800.0,29.860001,130800.0,121.83000200000001,1740600.0,33.720001,91300.0,24.613332999999997,10500.0,30.77,261100.0,30.290001,600.0,30.09,300.0
2013-12-10,27.6,59200.0,121.82,9155600.0,44.959998999999996,6200.0,19.66,8026400.0,58.060001,15700.0,83.040001,1364200.0,35.310001,5743300.0,238.11000099999998,869700.0,50.799999,81600.0,28.610001,97700.0,32.400002,31000.0,180.75,80976000.0,49.830002,80200.0,29.959999,146700.0,121.769997,892500.0,33.830002,481200.0,24.786667,216300.0,30.780001000000002,287600.0,30.535,104200.0,30.110001,6500.0
2013-12-11,27.440001000000002,127000.0,120.860001,9934900.0,45.150002,12900.0,19.549999,5904400.0,57.48,30500.0,84.839996,1542800.0,34.98,7297700.0,234.210007,4294000.0,50.02,40400.0,28.35,99900.0,31.74,9800.0,178.720001,130591000.0,49.849998,99700.0,29.780001000000002,255100.0,121.559998,1449900.0,33.869999,119500.0,24.74,45400.0,30.780001000000002,689500.0,30.375,7400.0,30.120001000000002,1300.0
2013-12-12,27.389999,36600.0,118.290001,8810800.0,44.709998999999996,7400.0,18.809998999999998,9660900.0,56.93,9800.0,85.480003,3426200.0,34.970001,4328100.0,234.44999700000002,2121200.0,50.139998999999996,23200.0,28.129998999999998,78100.0,31.530001000000002,37000.0,178.130005,115565000.0,49.82,234900.0,29.889999,122300.0,121.470001,1771200.0,33.830002,52800.0,24.6,13500.0,30.76,265500.0,30.254998999999998,3600.0,30.059998999999998,900.0
2013-12-13,27.08,53000.0,119.379997,6482100.0,44.189999,12900.0,18.950001,5508000.0,56.720001,7600.0,85.639999,1416500.0,34.639998999999996,6217500.0,235.169998,2564200.0,50.369999,46800.0,28.120001000000002,127400.0,31.575001,18400.0,178.110001,107808000.0,49.860001000000004,69300.0,29.950001,318900.0,121.470001,1738500.0,33.790001000000004,277000.0,24.706667000000003,8100.0,30.77,474200.0,30.334999,1800.0,30.08,1700.0
2013-12-16,27.27,47200.0,119.690002,8189500.0,44.119999,30200.0,19.219998999999998,8855400.0,57.02,11400.0,83.279999,2041400.0,34.939999,3975900.0,236.83999599999999,1011400.0,50.915001000000004,34600.0,28.290001,149300.0,31.84,41200.0,179.220001,96195000.0,49.849998,189200.0,29.83,197400.0,121.709999,1968900.0,33.84,327400.0,24.706667000000003,9100.0,30.76,293900.0,30.245001000000002,3000.0,30.059998999999998,4000.0
2013-12-17,27.110001,100400.0,118.650002,8589100.0,44.23,10200.0,19.139999,7266900.0,57.150002,2800.0,83.68,2062100.0,34.869999,2228700.0,236.729996,1198900.0,50.814999,23000.0,28.209999,75700.0,31.530001000000002,46600.0,178.649994,89886000.0,49.84,96900.0,29.91,47100.0,121.889999,1897200.0,33.82,70100.0,24.76,22200.0,30.780001000000002,301900.0,30.385,6600.0,30.059998999999998,1300.0
2013-12-18,27.16,92200.0,117.610001,16265000.0,43.880001,16600.0,19.09,12289200.0,58.060001,6100.0,83.639999,823800.0,35.029999,4361000.0,239.67999300000002,4149900.0,51.549999,68400.0,28.620001000000002,140800.0,31.99,24800.0,181.699997,234906000.0,49.84,626400.0,29.98,57200.0,121.889999,2210400.0,33.900002,123200.0,24.82,38800.0,30.76,824300.0,30.26,19800.0,30.059998999999998,3300.0
2013-12-19,27.35,55800.0,114.82,15955400.0,44.029999,5400.0,18.49,11953300.0,59.040001000000004,14400.0,87.0,3069600.0,35.32,6204600.0,237.710007,2015400.0,51.060001,34400.0,28.639999,60100.0,31.74,13800.0,181.490005,136531200.0,49.740002000000004,222000.0,29.75,82200.0,121.739998,1406400.0,33.830002,80300.0,24.733334,123300.0,30.76,848600.0,30.200001,15800.0,30.02,1900.0
2013-12-20,27.450001,48200.0,115.940002,14693700.0,44.43,7800.0,18.620001000000002,11204000.0,59.959998999999996,35700.0,87.160004,1153000.0,35.48,3228600.0,239.669998,3582900.0,50.799999,46000.0,28.48,79800.0,31.355,18200.0,181.559998,197087000.0,49.740002000000004,86400.0,29.610001,105800.0,121.83000200000001,2458800.0,33.830002,47800.0,25.093334,16200.0,30.74,1140800.0,30.594998999999998,14200.0,30.0,2100.0
2013-12-23,27.5,175900.0,115.57,6237300.0,44.18,111200.0,18.719998999999998,6126800.0,59.720001,13600.0,88.199997,1232100.0,35.360001000000004,2273900.0,241.57000699999998,1797400.0,51.165001000000004,37200.0,28.75,92300.0,31.549999,84600.0,182.529999,85598000.0,49.779999,239000.0,29.83,183900.0,121.949997,1383600.0,33.799999,60000.0,25.02,19900.0,30.74,331400.0,30.465,13000.0,29.950001,6400.0
2013-12-24,27.67,31500.0,116.099998,3353900.0,44.16,7900.0,18.76,2795700.0,60.43,5800.0,87.120003,567300.0,35.490002000000004,919800.0,242.69999700000002,1163700.0,51.48,21200.0,28.82,74600.0,31.775,9000.0,182.929993,45368800.0,49.709998999999996,55300.0,30.030001000000002,70900.0,122.040001,579300.0,33.790001000000004,42500.0,24.886667000000003,31000.0,30.73,199300.0,30.235001,7600.0,29.969998999999998,16100.0
2013-12-26,27.76,21200.0,116.739998,3868400.0,43.599998,18100.0,19.02,6502400.0,60.540001000000004,20800.0,87.239998,644300.0,35.650002,2859700.0,242.77999900000003,2114300.0,51.395,24000.0,28.99,156800.0,31.84,13800.0,183.860001,63365000.0,49.709998999999996,103400.0,30.01,66400.0,122.099998,333900.0,33.830002,109000.0,24.9,11200.0,30.719998999999998,439300.0,30.120001000000002,12600.0,29.92,1600.0
2013-12-27,27.870001000000002,82700.0,117.120003,4206200.0,43.73,59200.0,19.27,7362000.0,60.389998999999996,11700.0,84.720001,1896100.0,35.84,3793000.0,242.979996,885200.0,51.299999,106200.0,29.110001,127200.0,31.889999,7400.0,183.850006,61814000.0,49.57,111300.0,29.77,44900.0,121.5,570900.0,33.669998,65000.0,24.706667000000003,7000.0,30.66,545500.0,29.940001000000002,11000.0,29.959999,1500.0
2013-12-30,27.77,34300.0,115.389999,6703200.0,43.400002,11400.0,18.85,8198100.0,59.919998,16700.0,86.279999,1998500.0,35.529999,3041900.0,243.25,2044500.0,51.375,34400.0,29.23,44900.0,32.075001,16400.0,183.820007,56857000.0,49.599998,122600.0,29.610001,145300.0,121.529999,783000.0,33.66,81100.0,24.806667,12100.0,30.67,353600.0,30.135,17800.0,29.98,1400.0
2013-12-31,27.700001,100100.0,116.120003,12835900.0,43.130001,9000.0,18.709999,22884700.0,59.93,11600.0,82.760002,2614500.0,35.32,5399100.0,244.19999700000002,1806000.0,51.345001,126000.0,29.34,86800.0,32.330002,49600.0,184.690002,86119900.0,49.619999,93300.0,29.75,135600.0,121.68,938100.0,33.599998,47500.0,24.746666,7900.0,30.690001000000002,399900.0,29.92,14800.0,29.93,600.0
2014-01-02,26.950001,26200.0,118.0,7551000.0,42.700001,10300.0,19.23,12013800.0,58.040001000000004,31100.0,83.720001,1219500.0,34.23,10740700.0,241.399994,2963300.0,50.75,131600.0,28.82,256500.0,31.495001000000002,59400.0,182.919998,119636900.0,49.639998999999996,123600.0,29.389999,79500.0,121.589996,1422300.0,33.66,59700.0,24.9,5100.0,30.700001,500900.0,30.055,25400.0,29.950001,600.0
2014-01-03,26.629998999999998,89900.0,119.290001,5874400.0,43.060001,8500.0,19.42,5904600.0,57.130001,26300.0,84.239998,2221600.0,33.75,9658500.0,242.460007,1284400.0,51.040001000000004,47400.0,28.85,61900.0,31.24,15400.0,182.889999,81390600.0,49.599998,82400.0,29.299999,45600.0,121.68,763800.0,33.700001,41600.0,24.906666,2100.0,30.68,590600.0,30.035,22000.0,30.030001000000002,63000.0
2014-01-06,26.52,56800.0,119.5,10106500.0,43.34,8000.0,19.42,11875800.0,57.099998,14600.0,83.839996,871100.0,33.57,4544600.0,240.92999300000002,1328800.0,50.529999,72200.0,28.85,177500.0,31.045,8200.0,182.360001,108028200.0,49.720001,134300.0,29.299999,40100.0,121.91999799999999,1097700.0,33.740002000000004,208500.0,24.92,14200.0,30.67,209800.0,30.16,3200.0,29.959999,200.0
2014-01-07,26.450001,107500.0,118.82,6433700.0,43.18,8700.0,19.129998999999998,7573900.0,57.599998,11400.0,84.160004,1526100.0,33.580002,3126800.0,242.92999300000002,1643400.0,51.02,55800.0,28.969998999999998,68500.0,31.18,24000.0,183.479996,86144200.0,49.84,148400.0,29.360001,43500.0,121.949997,1112400.0,33.709998999999996,63200.0,25.026667,10900.0,30.690001000000002,410700.0,30.26,3800.0,30.01,47200.0
2014-01-08,26.139999,51500.0,118.120003,7428500.0,42.41,23700.0,18.83,10310300.0,57.23,14400.0,81.959999,1667000.0,33.16,5741500.0,243.399994,1158400.0,50.834998999999996,83600.0,28.91,89600.0,31.094998999999998,26200.0,183.520004,96582300.0,49.720001,139800.0,29.17,55000.0,121.91999799999999,1368900.0,33.66,73600.0,24.926666,13300.0,30.66,471000.0,30.15,14800.0,29.92,56400.0
2014-01-09,26.139999,47300.0,118.459999,3972800.0,42.310001,26300.0,18.84,4530000.0,56.91,21000.0,78.760002,2990600.0,33.080002,6525000.0,243.63999900000002,1118900.0,50.724998,30200.0,28.969998999999998,55800.0,30.865,16800.0,183.639999,90683400.0,49.759997999999996,154600.0,29.139999,125800.0,122.07,1103400.0,33.68,68000.0,24.940001000000002,18400.0,30.690001000000002,361000.0,30.325001,15800.0,29.940001000000002,3600.0
2014-01-10,26.27,158500.0,120.260002,7993200.0,42.860001000000004,15600.0,19.379998999999998,8445000.0,57.52,18800.0,79.239998,1249800.0,33.189999,5452000.0,245.440002,2134100.0,50.994999,315600.0,29.16,352900.0,31.174999,683000.0,184.139999,102026400.0,49.889998999999996,73100.0,29.33,116700.0,122.370003,1480800.0,33.830002,141600.0,25.18,53700.0,30.73,284100.0,30.690001000000002,5800.0,30.08,19900.0
2014-01-13,25.940001000000002,43800.0,121.019997,5872700.0,43.110001000000004,39800.0,19.68,7256600.0,56.34,30300.0,83.800003,2447200.0,32.810001,6247500.0,241.960007,2654200.0,50.330002,30600.0,28.98,171300.0,30.76,324200.0,181.690002,149892000.0,49.93,103700.0,29.309998999999998,24400.0,122.339996,1244700.0,33.889998999999996,77500.0,25.286667,64200.0,30.73,485200.0,30.795,29200.0,30.07,8100.0
2014-01-14,26.07,83400.0,119.889999,7505400.0,43.34,16200.0,19.42,10997000.0,56.23,13800.0,84.879997,1474900.0,33.040001000000004,3967300.0,244.789993,1756900.0,50.884997999999996,71000.0,29.18,50600.0,31.34,265600.0,183.669998,105016100.0,49.91,135400.0,29.389999,170900.0,122.459999,1516200.0,33.869999,37500.0,25.233334,13300.0,30.700001,305600.0,30.695,11000.0,30.120001000000002,3500.0
2014-01-15,26.52,69400.0,119.660004,5474300.0,42.970001,20000.0,19.4,5188500.0,56.32,13000.0,84.32,1355100.0,33.77,7292600.0,246.19999700000002,1594700.0,51.259997999999996,75800.0,29.51,152400.0,31.264999,96400.0,184.66000400000001,98525800.0,49.889998999999996,109200.0,29.15,50200.0,122.66999799999999,1231800.0,33.810001,67000.0,25.213333,39400.0,30.709999,655000.0,30.665001,5400.0,29.950001,192100.0
2014-01-16,26.440001000000002,29300.0,119.790001,3949500.0,43.07,8000.0,19.35,6129800.0,55.709998999999996,35900.0,85.08000200000001,2834800.0,33.650002,4317400.0,245.86999500000002,1028400.0,51.27,18600.0,29.299999,156900.0,31.030001000000002,18000.0,184.419998,72290600.0,50.02,108300.0,29.110001,35000.0,122.699997,886800.0,33.720001,168700.0,25.280001000000002,48900.0,30.709999,281000.0,30.815001000000002,3400.0,29.99,27800.0
2014-01-17,26.469998999999998,35500.0,120.93,7923400.0,42.799999,4200.0,19.51,6550700.0,56.299999,23200.0,83.519997,1446800.0,33.689999,6876800.0,245.13999900000002,1646300.0,51.005001,24400.0,29.17,89600.0,30.780001000000002,21600.0,183.639999,107848700.0,50.060001,106500.0,29.07,31700.0,122.82,932400.0,33.849998,79800.0,25.366667,6400.0,30.709999,193000.0,30.950001,134200.0,29.969998999999998,22300.0
2014-01-21,26.74,44800.0,119.699997,6763500.0,42.41,42900.0,19.17,8955800.0,56.470001,44100.0,86.160004,1116100.0,33.990002000000004,3925900.0,246.039993,1028300.0,51.279999,37200.0,29.290001,103200.0,30.865,78400.0,184.179993,88621200.0,50.07,112500.0,29.040001,57800.0,122.849998,636300.0,33.889998999999996,67800.0,25.393333,8700.0,30.73,242400.0,30.985001,55800.0,29.99,1100.0
2014-01-22,27.08,68400.0,119.190002,4891800.0,42.450001,152800.0,19.030001000000002,4960800.0,57.48,32600.0,90.0,3140200.0,34.560001,4995700.0,247.24000499999997,1246400.0,51.514998999999996,142200.0,29.25,293700.0,31.334999,26400.0,184.300003,61270900.0,49.990002000000004,220800.0,28.969998999999998,35600.0,122.760002,1499700.0,33.84,57100.0,25.32,65500.0,30.73,654900.0,30.915001,9000.0,29.969998999999998,5100.0
2014-01-23,26.950001,70300.0,121.790001,11028200.0,42.700001,84400.0,19.26,9113900.0,57.139998999999996,5700.0,91.239998,3189900.0,34.720001,5677200.0,245.289993,1202400.0,51.07,32400.0,29.1,62000.0,30.6,26800.0,182.78999299999998,132496900.0,50.110001000000004,112300.0,28.790001,71000.0,122.66999799999999,1062600.0,33.82,70600.0,25.466667,38100.0,30.75,815600.0,31.280001000000002,20400.0,30.02,10800.0
2014-01-24,26.9,191400.0,122.290001,8515700.0,42.77,163200.0,19.16,8368700.0,57.209998999999996,12300.0,98.440002,6550600.0,34.580002,4915700.0,238.899994,4229400.0,50.0,66600.0,28.370001000000002,104100.0,29.98,33800.0,178.889999,208677100.0,50.209998999999996,194100.0,28.530001000000002,94900.0,121.769997,2431200.0,33.77,207000.0,25.426666,26500.0,30.73,519500.0,31.469998999999998,30800.0,30.0,43500.0
2014-01-27,26.709999,54500.0,120.959999,7528600.0,42.860001000000004,69800.0,18.889999,7749900.0,56.540001000000004,14200.0,93.480003,7018600.0,34.23,5524600.0,236.649994,2550200.0,49.294998,68400.0,28.16,194200.0,29.565001000000002,115000.0,178.009995,180843100.0,50.130001,146400.0,28.540001,98800.0,121.709999,2334600.0,33.91,69500.0,25.32,12400.0,30.74,390000.0,31.275,58200.0,30.030001000000002,1800.0
2014-01-28,27.059998999999998,74900.0,120.949997,5149500.0,42.849998,126400.0,18.85,6394800.0,56.5,9500.0,96.720001,4651200.0,34.689999,4313100.0,239.07000699999998,2864400.0,49.705002,58400.0,28.389999,102400.0,29.879998999999998,30000.0,179.070007,110463200.0,50.169998,90000.0,28.639999,833100.0,122.400002,2061900.0,33.82,244500.0,25.4,8700.0,30.75,677900.0,31.344998999999998,40800.0,30.030001000000002,9100.0
2014-01-29,27.049999,75200.0,122.470001,12257500.0,42.189999,55200.0,19.02,8699100.0,57.009997999999996,10200.0,106.91999799999999,9845000.0,34.73,4952900.0,236.440002,2878100.0,49.080002,65600.0,28.040001,768700.0,29.450001,23800.0,177.350006,216597300.0,50.220001,132000.0,28.42,250500.0,122.160004,1862700.0,33.93,43300.0,25.573334,9900.0,30.74,298500.0,31.59,72600.0,30.07,5100.0
2014-01-30,27.110001,91800.0,119.769997,8746500.0,42.52,56400.0,18.49,13004900.0,57.279999,15600.0,97.0,13649700.0,34.950001,3274800.0,239.75999500000003,2154200.0,49.669998,27200.0,28.209999,103200.0,29.73,49000.0,179.229996,118938100.0,50.259997999999996,86100.0,28.450001,52600.0,122.43,2334300.0,33.950001,80900.0,25.546667000000003,18000.0,30.74,403900.0,31.459999,15200.0,30.030001000000002,4200.0
2014-01-31,26.879998999999998,62800.0,120.089996,7983100.0,42.740002000000004,17700.0,18.450001,6774000.0,56.34,15300.0,96.720001,7743100.0,34.799999,4948300.0,238.77999900000003,2605200.0,49.494999,58200.0,27.82,1659300.0,29.74,47000.0,178.179993,194677900.0,50.330002,85600.0,28.290001,52000.0,122.370003,2819400.0,34.0,274100.0,25.526667,33300.0,30.74,612700.0,31.709999,18600.0,30.030001000000002,38400.0
2014-02-03,26.709999,116800.0,121.32,9267300.0,43.049999,57800.0,18.610001,9628300.0,55.880001,19600.0,97.239998,3385800.0,34.52,12222700.0,230.30000299999998,25643200.0,47.785,130600.0,27.26,1392900.0,28.719998999999998,112400.0,174.169998,254837100.0,50.34,139900.0,28.049999,117100.0,121.260002,2397300.0,33.970001,130600.0,25.76,50500.0,30.77,480100.0,31.98,257800.0,30.17,58100.0
2014-02-04,26.92,43500.0,120.989998,7027400.0,44.130001,101000.0,18.75,3967700.0,55.779999,3400.0,104.599998,10370200.0,34.740002000000004,2633800.0,233.289993,10705900.0,48.209998999999996,63400.0,27.5,95200.0,29.299999,27000.0,175.389999,165012400.0,50.290001000000004,152900.0,28.360001,177600.0,121.230003,2060700.0,33.959998999999996,73600.0,25.58,40900.0,30.76,538700.0,31.709999,114400.0,30.129998999999998,29200.0
2014-02-05,26.98,37600.0,121.290001,6800000.0,44.25,34500.0,19.07,11851000.0,56.48,6400.0,101.239998,10043000.0,34.709998999999996,3671700.0,232.25999500000003,5160900.0,47.895,31400.0,27.42,498300.0,29.41,74400.0,175.169998,164230500.0,50.290001000000004,67700.0,28.379998999999998,142000.0,121.260002,2247300.0,33.91,81600.0,25.453332999999997,21700.0,30.77,603700.0,31.415001,19600.0,30.059998999999998,13000.0
2014-02-06,27.309998999999998,32300.0,121.239998,4745800.0,44.110001000000004,40700.0,19.17,5657900.0,57.380001,12200.0,99.0,6321800.0,34.900002,2205900.0,235.82000699999998,2119000.0,48.490002000000004,48800.0,28.040001,67100.0,29.75,27600.0,177.479996,132877600.0,50.220001,99600.0,28.620001000000002,84800.0,121.650002,954000.0,33.950001,53400.0,25.446667,9600.0,30.75,2639800.0,31.299999,27200.0,30.059998999999998,10000.0
2014-02-07,27.780001000000002,100700.0,122.16999799999999,6674700.0,44.279999,14400.0,19.27,7106000.0,58.740002000000004,22500.0,94.480003,5735700.0,35.639998999999996,6344500.0,237.979996,1333600.0,48.735001000000004,46200.0,28.379998999999998,109200.0,30.084999,18400.0,179.679993,170787200.0,50.299999,128200.0,28.52,134000.0,122.190002,2503200.0,33.919998,111400.0,25.459999,4800.0,30.77,598200.0,31.325001,15000.0,30.110001,900.0
2014-02-10,27.73,260500.0,122.91999799999999,7931200.0,44.360001000000004,48000.0,19.290001,6642100.0,58.279999,16900.0,90.599998,6013500.0,35.630001,2941200.0,238.61000099999998,1339000.0,48.785,30400.0,28.290001,30100.0,29.695,26000.0,180.009995,92218800.0,50.23,127300.0,28.57,28300.0,122.220001,1717800.0,33.970001,35600.0,25.566668,8500.0,30.75,255100.0,31.389999,8200.0,30.08,4400.0
2014-02-11,27.799999,201300.0,124.360001,11546000.0,44.43,120000.0,19.450001,9246700.0,58.849998,18200.0,96.639999,6497400.0,35.639998999999996,2084800.0,240.88000499999998,2073800.0,49.145,68400.0,28.77,903200.0,30.305,927000.0,181.979996,117814100.0,50.259997999999996,108100.0,28.66,11700.0,122.519997,1982700.0,33.939999,81600.0,25.440001000000002,34500.0,30.75,659700.0,31.23,36000.0,30.049999,12600.0
2014-02-12,27.940001000000002,91700.0,124.43,6651900.0,44.130001,94100.0,19.43,6410500.0,58.970001,27500.0,95.0,5430000.0,35.799999,4408000.0,242.350006,1856200.0,49.435001,26200.0,28.809998999999998,221700.0,30.264999,23400.0,182.070007,94717700.0,50.18,153700.0,28.629998999999998,31600.0,122.43,743700.0,33.939999,38300.0,25.386667000000003,17500.0,30.75,351900.0,31.065001000000002,18000.0,30.02,4600.0
2014-02-13,28.02,65900.0,125.489998,9167900.0,44.599998,76000.0,19.74,10507100.0,59.259997999999996,12400.0,100.800003,7949000.0,35.869999,2185000.0,243.99000499999997,1936800.0,50.009997999999996,27200.0,28.799999,47200.0,30.355,10800.0,183.009995,100542200.0,50.32,131400.0,28.799999,40900.0,122.639999,1018200.0,33.950001,54900.0,25.533333,7900.0,30.76,335300.0,31.26,4800.0,30.040001,27400.0
2014-02-14,28.07,33800.0,127.150002,11147900.0,44.860001000000004,45900.0,20.65,17140300.0,59.82,24200.0,99.91999799999999,3352300.0,35.91,1751700.0,245.19999700000002,2023100.0,50.185001,12800.0,29.0,35800.0,30.754998999999998,15200.0,184.020004,96498400.0,50.259997999999996,92700.0,28.879998999999998,10700.0,122.879997,667200.0,34.02,41600.0,25.559998999999998,15400.0,30.73,830900.0,31.225,114400.0,30.049999,2700.0
2014-02-18,28.48,152300.0,127.400002,7685800.0,45.610001000000004,98300.0,21.129998999999998,12694000.0,60.599998,27700.0,104.800003,5787900.0,36.66,4759600.0,246.520004,2356000.0,50.575001,40200.0,29.190001000000002,21200.0,30.684998999999998,6200.0,184.240005,80460900.0,50.32,119500.0,28.91,27700.0,123.0,2012100.0,34.040001000000004,48900.0,25.633333,13900.0,30.77,321000.0,31.334999,7400.0,30.08,15700.0
2014-02-19,28.6,90400.0,126.269997,9384100.0,45.77,65600.0,20.629998999999998,11974900.0,60.419998,20300.0,107.800003,11048300.0,36.900002,4682800.0,244.919998,2690800.0,50.095001,45000.0,29.0,3529800.0,30.424999,14200.0,183.020004,126524300.0,50.32,134500.0,28.719998999999998,119300.0,122.879997,1633500.0,34.029999,74700.0,25.58,18100.0,30.76,535700.0,31.205,33800.0,30.02,49500.0
2014-02-20,28.690001000000002,97400.0,127.599998,10572900.0,45.990002000000004,181200.0,21.0,7854100.0,61.16,49200.0,107.160004,6361300.0,36.880001,2738100.0,246.38000499999998,1442900.0,50.689999,23200.0,29.120001000000002,51200.0,30.545,9600.0,184.100006,104998100.0,50.099998,343400.0,28.780001000000002,40500.0,123.239998,1313100.0,34.029999,35300.0,25.52,7200.0,30.77,507900.0,31.165001,21600.0,30.059998999999998,10600.0
2014-02-21,28.559998999999998,153000.0,127.58000200000001,7298200.0,45.75,15500.0,20.969998999999998,7865000.0,60.57,18000.0,110.760002,5251700.0,36.689999,4283000.0,246.979996,1684600.0,50.599998,24000.0,29.219998999999998,43100.0,30.690001000000002,12000.0,183.889999,118116400.0,50.27,83000.0,28.870001000000002,262300.0,123.449997,726000.0,34.029999,74800.0,25.646667,5800.0,30.790001,283400.0,31.280001000000002,7400.0,30.030001000000002,8400.0
2014-02-24,28.68,132700.0,128.990005,12114200.0,46.169998,69700.0,21.18,8128500.0,60.610001000000004,15900.0,104.480003,11648000.0,36.790001000000004,3499200.0,247.88000499999998,2066100.0,51.110001000000004,31400.0,29.43,132500.0,30.790001,19400.0,184.91000400000001,114063900.0,50.279999,104200.0,28.969998999999998,64900.0,123.660004,966900.0,34.060001,35400.0,25.653334,7300.0,30.799999,527400.0,31.205,18200.0,30.049999,5300.0
2014-02-25,28.5,196700.0,129.21000700000002,5786000.0,46.549999,91000.0,21.02,5564200.0,59.939999,14900.0,103.199997,7085700.0,36.59,3379200.0,247.899994,1583600.0,51.005001,21000.0,29.379998999999998,94500.0,30.219998999999998,52000.0,184.83999599999999,117085000.0,50.389998999999996,80900.0,28.93,142600.0,123.93,1886400.0,34.0,77100.0,25.753334,7300.0,30.790001,546200.0,31.475,12200.0,30.049999,3300.0
2014-02-26,28.59,42700.0,128.110001,7052900.0,46.23,24000.0,20.42,15136800.0,60.259997999999996,8300.0,100.440002,5616900.0,36.75,2029100.0,248.91000400000001,1777500.0,51.470001,40000.0,29.290001,101200.0,30.360001,8400.0,184.850006,98677200.0,50.459998999999996,103400.0,28.85,100100.0,124.050003,1035600.0,34.130001,145900.0,25.866667,6400.0,30.790001,716700.0,31.610001,31800.0,30.049999,7200.0
2014-02-27,28.540001,82700.0,128.199997,5066500.0,45.68,23200.0,20.459999,5613300.0,59.68,11600.0,99.160004,3348100.0,36.689999,2687600.0,250.080002,1645500.0,51.605,37200.0,29.389999,45900.0,30.73,15800.0,185.820007,93880800.0,50.57,103500.0,29.049999,72800.0,124.290001,580200.0,34.150002,50300.0,25.98,29200.0,30.82,338300.0,31.77,84200.0,30.1,4700.0
2014-02-28,28.65,43700.0,127.620003,10584100.0,46.759997999999996,76800.0,20.35,5648100.0,60.02,9400.0,102.040001,4426500.0,36.740002000000004,2525100.0,250.38999900000002,2819700.0,51.369999,16400.0,29.49,1320900.0,30.565001000000002,4800.0,186.28999299999998,150842000.0,50.509997999999996,133900.0,29.1,57000.0,124.589996,864900.0,34.18,72700.0,26.013334,10500.0,30.809998999999998,1984300.0,31.780001000000002,20800.0,30.09,500.0
2014-03-03,29.200001,130600.0,130.28999299999998,11741100.0,47.599998,78500.0,20.620001000000002,6922800.0,60.869999,33700.0,99.519997,2937100.0,37.52,7476300.0,248.919998,3443100.0,51.325001,52600.0,28.9,54500.0,30.325001,14600.0,184.979996,167748500.0,50.59,106800.0,28.809998999999998,64400.0,123.75,1441500.0,34.099998,61800.0,26.013334,11100.0,30.75,1789400.0,31.915001,607200.0,30.110001,159100.0
2014-03-04,28.85,116900.0,128.679993,6341700.0,48.32,35700.0,20.370001000000002,6841000.0,60.18,13500.0,102.32,4470000.0,37.060001,3726700.0,252.99000499999997,2959000.0,52.790001000000004,30400.0,29.469998999999998,122800.0,30.695,35600.0,187.580002,167545900.0,50.490002000000004,99400.0,29.049999,35200.0,124.050003,1034100.0,34.060001,35600.0,25.786667,7800.0,30.75,355500.0,31.495001000000002,161600.0,30.059998999999998,239200.0
2014-03-05,28.309998999999998,489100.0,128.889999,4878500.0,48.200001,25700.0,20.360001,4295800.0,59.25,10900.0,101.199997,3715800.0,36.240002000000004,5500600.0,252.38999900000002,1444400.0,52.580002,23800.0,29.35,558200.0,30.690001000000002,6800.0,187.75,88376900.0,50.5,85700.0,29.040001,37800.0,123.959999,1251900.0,34.07,96400.0,25.84,9700.0,30.75,405000.0,31.540001,157600.0,30.07,2300.0
2014-03-06,28.57,127700.0,130.169998,5408900.0,48.959998999999996,35300.0,20.66,5444300.0,59.419998,8900.0,102.800003,4342900.0,36.57,3648500.0,252.50999500000003,1588000.0,52.625,27400.0,29.709999,53600.0,31.004998999999998,7800.0,188.179993,82516500.0,50.439999,111700.0,29.219998999999998,821700.0,123.660004,582600.0,34.040001000000004,44200.0,25.646667,28200.0,30.77,891000.0,31.275,69400.0,30.040001,700.0
2014-03-07,28.73,48500.0,129.08999599999999,7575000.0,49.119999,36200.0,20.08,11099000.0,59.889998999999996,8300.0,102.199997,1552200.0,36.779999,2217700.0,253.0,1036600.0,52.52,33800.0,29.559998999999998,37200.0,30.76,14400.0,188.259995,114513500.0,50.389998999999996,98000.0,29.129998999999998,18500.0,123.300003,2553300.0,33.98,30900.0,25.459999,39000.0,30.73,358000.0,31.09,17400.0,29.98,9100.0
2014-03-10,28.360001,44100.0,129.130005,4169900.0,47.830002,58800.0,20.01,4167600.0,59.540001000000004,13100.0,102.879997,1559600.0,36.299999,3210900.0,251.61999500000002,1480000.0,52.575001,32200.0,29.4,39500.0,30.495001000000002,16800.0,188.16000400000001,74939200.0,50.419998,77300.0,29.1,17500.0,123.239998,1316400.0,33.970001,73600.0,25.446667,10000.0,30.75,316800.0,31.105,12400.0,30.02,1800.0
2014-03-11,28.040001,46400.0,129.860001,7289800.0,48.41,34400.0,20.040001,6705500.0,59.82,2500.0,101.800003,1738800.0,35.810001,3580900.0,250.22000099999997,1100300.0,52.119999,252400.0,29.209999,57300.0,30.205,77000.0,187.229996,99009100.0,50.439999,232400.0,28.99,164900.0,123.300003,854100.0,33.950001,81700.0,25.453332999999997,32400.0,30.75,1659300.0,31.18,31000.0,30.02,1000.0
2014-03-12,27.74,45900.0,131.759995,11094200.0,48.779999,17200.0,20.469998999999998,7763000.0,59.599998,12800.0,99.879997,2556700.0,35.349998,6572600.0,250.5,1107000.0,52.049999,11600.0,29.059998999999998,110900.0,30.355,23200.0,187.279999,104824400.0,50.509997999999996,76700.0,28.99,44100.0,123.33000200000001,1236900.0,33.970001,59700.0,25.626667,33300.0,30.75,452700.0,31.415001,9000.0,30.040001,3100.0
2014-03-13,27.719998999999998,71700.0,132.21000700000002,8007700.0,48.450001,81500.0,20.360001,5911200.0,59.139998999999996,17200.0,97.239998,3256200.0,35.34,2211300.0,247.789993,1746000.0,51.665001000000004,30200.0,28.59,115400.0,29.85,34400.0,185.179993,155014300.0,50.529999,145600.0,28.91,46200.0,123.150002,1971000.0,34.040001000000004,59300.0,25.753334,6600.0,30.780001000000002,4250900.0,31.795,54000.0,30.040001,21400.0
2014-03-14,27.91,59100.0,133.100006,11939600.0,48.599998,20700.0,20.620001000000002,8092600.0,59.66,18500.0,97.839996,1780700.0,35.529999,3605100.0,248.669998,1306100.0,51.794998,19400.0,28.549999,56200.0,29.99,3600.0,184.66000400000001,153919600.0,50.549999,67800.0,29.040001,31300.0,122.970001,933000.0,34.07,51900.0,25.700001,10500.0,30.76,847800.0,31.805,85800.0,30.0,3000.0
2014-03-17,27.549999,47700.0,131.639999,14626800.0,48.16,18000.0,20.33,6946500.0,58.169998,21000.0,99.639999,2351000.0,35.150002,2552500.0,250.419998,953400.0,52.16,21600.0,28.84,33300.0,30.25,8600.0,186.330002,98359500.0,50.549999,134000.0,29.16,259500.0,123.089996,933900.0,34.049999,31800.0,25.639999,9400.0,30.75,541400.0,31.59,35000.0,30.02,700.0
2014-03-18,27.809998999999998,47900.0,130.619995,6424400.0,49.259997999999996,17900.0,20.01,7658800.0,58.52,14100.0,98.68,1320200.0,35.580002,2586000.0,252.649994,1509800.0,52.849998,48600.0,29.09,86300.0,30.695,14600.0,187.66000400000001,101804600.0,50.57,114200.0,29.200001,45300.0,123.480003,1085400.0,34.049999,240200.0,25.693333,4500.0,30.74,820800.0,31.665001,20200.0,30.02,1300.0
2014-03-19,27.780001000000002,590800.0,128.08999599999999,12932900.0,49.860001000000004,34700.0,19.790001,12320600.0,57.990002000000004,14200.0,98.91999799999999,763500.0,35.709998999999996,2333400.0,250.979996,1734800.0,52.275002,32600.0,28.690001000000002,50700.0,30.195,23200.0,186.66000400000001,176267300.0,50.439999,139000.0,29.09,56200.0,123.059998,2661600.0,33.98,61700.0,25.6,11100.0,30.700001,921300.0,31.440001000000002,46600.0,30.01,1500.0
2014-03-20,27.790001,33500.0,127.860001,7690800.0,49.32,21400.0,19.52,8526500.0,58.27,12700.0,97.199997,2512100.0,35.580002,2295800.0,251.710007,1457400.0,52.630001,34600.0,28.639999,36700.0,30.219998999999998,20600.0,187.75,117241000.0,50.419998,70800.0,29.0,50800.0,123.480003,1118100.0,33.959998999999996,50400.0,25.706667000000003,7800.0,30.709999,673900.0,31.379998999999998,44600.0,29.940001000000002,1100.0
2014-03-21,28.059998999999998,32600.0,128.470001,7237300.0,48.759997999999996,24200.0,19.52,5384800.0,58.759997999999996,8900.0,95.91999799999999,2226400.0,35.84,2708000.0,250.69999700000002,2595400.0,52.299999,21400.0,28.58,44000.0,30.365,4200.0,186.199997,163128000.0,50.5,98500.0,28.99,13900.0,123.360001,1118700.0,33.970001,61100.0,25.886667000000003,111300.0,30.73,269300.0,31.665001,10800.0,29.93,1100.0
2014-03-24,28.01,30300.0,126.18,13076500.0,49.779999,24700.0,19.209999,7227000.0,58.290001000000004,32800.0,95.720001,1043400.0,35.82,1648400.0,248.789993,1907400.0,51.93,31000.0,28.639999,66400.0,30.605,8000.0,185.429993,121411000.0,50.540001000000004,90600.0,29.139999,24300.0,123.629997,997800.0,33.98,67400.0,26.066668,46600.0,30.74,473300.0,31.870001000000002,13000.0,29.940001000000002,700.0
2014-03-25,28.02,31300.0,126.410004,6566900.0,49.639998999999996,16700.0,19.219998999999998,4809600.0,58.27,4200.0,98.239998,2726900.0,35.77,2183900.0,249.460007,1203000.0,51.855,33600.0,28.91,75100.0,30.879998999999998,22800.0,186.309998,103852000.0,50.549999,87200.0,29.219998999999998,26900.0,123.690002,832500.0,33.91,515700.0,26.046667000000003,10900.0,30.75,540500.0,31.790001,38000.0,29.93,800.0
2014-03-26,28.23,36000.0,125.410004,8575400.0,49.5,21700.0,19.02,6822000.0,58.610001000000004,6900.0,97.800003,1562800.0,36.09,1941100.0,246.22000099999997,1571000.0,51.240002000000004,18200.0,28.870001000000002,64700.0,30.82,15200.0,184.970001,119843000.0,50.599998,164100.0,29.290001,13000.0,123.599998,1134900.0,33.959998999999996,72600.0,26.173334,12300.0,30.74,301900.0,32.009997999999996,15000.0,29.950001,400.0
2014-03-27,28.559998999999998,82600.0,124.589996,7312300.0,50.130001,18500.0,19.0,4668200.0,59.240002000000004,11200.0,100.400002,3705000.0,36.5,2081900.0,245.600006,1352200.0,50.830002,14800.0,29.030001000000002,38800.0,31.184998999999998,5200.0,184.580002,142383000.0,50.650002,93000.0,29.51,17400.0,123.660004,967800.0,33.990002000000004,61300.0,26.200001,20400.0,30.74,454200.0,32.125,4400.0,29.950001,0.0
2014-03-28,28.639999,94600.0,124.559998,7253700.0,49.610001000000004,13100.0,19.059998999999998,5094400.0,59.259997999999996,20500.0,100.0,1541400.0,36.619999,2000500.0,246.86999500000002,1369400.0,50.82,24200.0,29.27,39700.0,31.405001000000002,12400.0,185.490005,101642000.0,50.599998,96500.0,29.52,17000.0,123.809998,588600.0,34.009997999999996,187100.0,26.120001000000002,4600.0,30.75,346700.0,32.025002,12400.0,29.959999,700.0
2014-03-31,28.620001000000002,67100.0,123.610001,12379200.0,50.439999,59200.0,19.040001,4527200.0,58.98,18500.0,97.68,3006500.0,36.59,2124000.0,250.57000699999998,1766200.0,51.919998,19000.0,29.389999,35800.0,31.684998999999998,13800.0,187.009995,99745000.0,50.610001000000004,128300.0,29.65,28100.0,123.959999,799200.0,34.0,113900.0,26.173334,3600.0,30.76,747400.0,31.9,60800.0,29.959999,3700.0
2014-04-01,28.049999,94000.0,123.389999,5992000.0,50.84,30900.0,19.059998999999998,3793200.0,57.900002,20100.0,95.360001,2431500.0,35.830002,4688600.0,252.86000099999998,2001900.0,52.450001,16200.0,29.629998999999998,107600.0,31.950001,37600.0,188.25,89193000.0,50.509997999999996,484700.0,29.77,6900.0,123.41999799999999,2212200.0,33.900002,45100.0,26.046667000000003,65800.0,30.719998999999998,1026600.0,31.59,440800.0,29.940001000000002,24700.0
2014-04-02,28.01,43000.0,124.32,4907800.0,49.619999,15400.0,19.190001000000002,6296100.0,58.040001000000004,28000.0,97.239998,2979400.0,35.799999,3366200.0,253.63000499999998,1995600.0,52.799999,26600.0,29.700001,184600.0,32.130001,64200.0,188.880005,78774000.0,50.450001,155000.0,29.67,19700.0,123.41999799999999,879600.0,33.900002,98600.0,25.886667000000003,6000.0,30.700001,311500.0,31.389999,16200.0,29.93,2200.0
2014-04-03,28.34,19900.0,123.91999799999999,3658800.0,50.139998999999996,60100.0,19.059998999999998,3238300.0,58.77,9500.0,98.839996,2965800.0,36.139998999999996,1867800.0,252.42999300000002,1223300.0,52.43,17400.0,29.620001000000002,24500.0,31.885,13400.0,188.630005,77435000.0,50.52,100000.0,29.6,31400.0,123.449997,686700.0,33.880001,48000.0,26.006666,13600.0,30.709999,301300.0,31.540001,6800.0,29.940001000000002,5100.0
2014-04-04,28.57,22500.0,125.57,7278400.0,50.07,33300.0,19.16,6120900.0,59.27,18100.0,98.760002,801300.0,36.43,2427600.0,248.57000699999998,3254300.0,51.314999,28400.0,29.49,41700.0,31.889999,20000.0,186.399994,169381000.0,50.599998,224300.0,29.76,4800.0,123.660004,1863600.0,33.970001,47000.0,26.186666,3900.0,30.74,564600.0,31.74,13200.0,29.950001,300.0
2014-04-07,28.440001000000002,24800.0,124.910004,3967200.0,49.939999,10300.0,19.129998999999998,3888800.0,59.18,4300.0,99.68,2035400.0,36.279999,2030200.0,244.330002,2459900.0,50.514998999999996,40600.0,29.35,65800.0,31.895,10200.0,184.33999599999999,140803000.0,50.650002,128200.0,29.83,21100.0,123.510002,1090800.0,34.009997999999996,89800.0,26.293333,278500.0,30.76,361300.0,31.915001,31600.0,29.98,300.0
2014-04-08,28.9,48800.0,126.089996,6939100.0,50.509997999999996,37700.0,19.23,3885300.0,60.16,18800.0,101.040001,1945200.0,36.900002,4498000.0,245.75999500000003,2056500.0,50.91,20400.0,29.379998999999998,56200.0,32.290001000000004,24800.0,185.100006,112660000.0,50.610001000000004,100900.0,30.110001,60200.0,123.779999,1446300.0,34.060001,52900.0,26.299999,7300.0,30.77,515900.0,31.99,71200.0,29.98,2000.0
2014-04-09,29.110001,59200.0,126.32,5305600.0,50.27,23500.0,19.110001,6503700.0,60.59,17800.0,101.800003,1658700.0,37.220001,4467200.0,248.149994,2204300.0,51.314999,347400.0,29.709999,137900.0,32.529999,98600.0,187.08999599999999,100254000.0,50.599998,1055500.0,30.16,40100.0,123.900002,1395900.0,34.080002,637600.0,26.34,43000.0,30.77,594600.0,31.85,72600.0,29.99,400.0
2014-04-10,29.059998999999998,37400.0,127.010002,5003200.0,49.919998,9500.0,19.27,6834700.0,60.779999,4600.0,103.160004,3640100.0,37.200001,2969100.0,242.74000499999997,3007800.0,50.389998999999996,26000.0,29.200001,141600.0,32.384997999999996,339600.0,183.16000400000001,172959000.0,50.700001,120500.0,30.200001,89100.0,123.599998,1491300.0,34.119999,57700.0,26.466666999999998,67000.0,30.809998999999998,499400.0,32.139998999999996,24200.0,29.99,2700.0
2014-04-11,29.02,38200.0,126.93,4697200.0,49.450001,9400.0,19.190001000000002,4251500.0,60.639998999999996,15900.0,102.959999,820100.0,37.18,2638300.0,239.770004,2981700.0,49.75,36000.0,29.120001000000002,42400.0,32.264998999999996,68400.0,181.509995,167251000.0,50.77,102900.0,30.190001000000002,37500.0,123.150002,4524300.0,34.110001000000004,43600.0,26.493334,4300.0,30.799999,388700.0,32.325001,72200.0,29.99,0.0
2014-04-14,29.24,20700.0,127.849998,6677400.0,50.34,10700.0,19.209999,3229000.0,61.240002000000004,12400.0,101.519997,1593100.0,37.380001,1348400.0,240.83999599999999,1326100.0,49.735001000000004,18000.0,29.139999,104700.0,32.200001,95000.0,182.940002,132382000.0,50.689999,112800.0,30.190001000000002,17300.0,123.660004,1991400.0,34.150002,60300.0,26.66,114900.0,30.780001000000002,589200.0,32.325001,22800.0,30.049999,1900.0
2014-04-15,29.24,45400.0,125.489998,9967600.0,50.970001,26100.0,18.879998999999998,10556100.0,61.439999,6200.0,101.760002,1266900.0,37.389998999999996,2715200.0,242.440002,2401700.0,50.064999,45600.0,29.01,611900.0,31.98,121000.0,184.199997,157093000.0,50.82,83900.0,29.959999,9000.0,123.720001,2748300.0,34.119999,79600.0,26.68,18400.0,30.799999,290200.0,32.43,18200.0,30.049999,400.0
2014-04-16,29.32,105300.0,125.540001,4071300.0,50.830002,25300.0,18.879998999999998,4458600.0,61.389998999999996,13500.0,100.91999799999999,864700.0,37.48,4669400.0,245.25,1511200.0,50.465,29200.0,29.34,399600.0,32.264998999999996,42800.0,186.130005,105197000.0,50.77,90400.0,30.110001,12400.0,123.870003,1059300.0,34.119999,134200.0,26.719998999999998,18900.0,30.790001,661500.0,32.48,26400.0,30.040001,1400.0
2014-04-17,29.469998999999998,56300.0,124.75,5901900.0,50.59,31300.0,18.879998999999998,4413800.0,61.700001,51100.0,105.199997,4751200.0,37.66,3083900.0,245.74000499999997,1097600.0,50.779999,19400.0,29.540001,42600.0,32.57,9600.0,186.389999,105255000.0,50.689999,126400.0,30.17,43600.0,123.660004,795300.0,34.049999,78100.0,26.553333000000002,59800.0,30.780001000000002,686400.0,32.080002,5800.0,29.99,400.0
2014-04-21,29.43,118700.0,124.239998,6579200.0,49.73,10800.0,18.67,5293400.0,62.099998,27600.0,104.519997,844100.0,37.639998999999996,1353600.0,246.440002,1303900.0,50.93,32400.0,29.59,27500.0,32.419998,9600.0,187.03999299999998,68329000.0,50.73,164200.0,30.17,29800.0,123.720001,840000.0,34.060001,46300.0,26.513334000000004,31500.0,30.780001000000002,371300.0,32.139998999999996,17400.0,30.0,200.0
2014-04-22,29.0,163300.0,123.779999,6898100.0,50.029999,9900.0,18.709999,4477300.0,61.98,11100.0,105.599998,692600.0,37.0,3118600.0,248.22000099999997,1341200.0,51.375,18000.0,29.700001,48600.0,32.279999,26600.0,187.889999,85790000.0,50.73,102200.0,30.1,11600.0,123.809998,1566600.0,34.029999,43500.0,26.566668,29400.0,30.790001,905300.0,32.220001,14000.0,29.969998999999998,4000.0
2014-04-23,28.92,125100.0,123.760002,3736600.0,50.369999,15500.0,18.690001000000002,3649100.0,62.02,15000.0,105.360001,555200.0,36.91,2389600.0,247.899994,839500.0,51.264998999999996,20600.0,29.610001,193300.0,32.130001,30400.0,187.449997,73869000.0,50.740002000000004,178900.0,30.040001,24400.0,123.839996,1287000.0,34.080002,75200.0,26.673334000000004,30900.0,30.780001000000002,389600.0,32.360001000000004,2400.0,30.02,1100.0
2014-04-24,29.08,31400.0,124.559998,8754200.0,50.549999,16200.0,18.92,11804800.0,62.099998,21600.0,104.360001,1093900.0,37.049999,1377300.0,248.11000099999998,1317600.0,50.855,16800.0,29.610001,59500.0,32.080002,35800.0,187.830002,88170000.0,50.740002000000004,389300.0,30.02,6300.0,123.779999,1789500.0,34.09,76000.0,26.746665999999998,18400.0,30.780001000000002,318300.0,32.419998,9400.0,29.969998999999998,1100.0
2014-04-25,28.700001,92500.0,125.43,7023700.0,51.400002,36900.0,18.940001000000002,4998300.0,61.630001,8600.0,103.279999,1577300.0,36.599998,1991400.0,245.16000400000001,1427600.0,50.195,56800.0,29.450001,49800.0,31.68,10800.0,186.28999299999998,100380000.0,50.799999,192700.0,29.940001000000002,35100.0,123.809998,987000.0,34.07,48400.0,26.753334000000002,17100.0,30.77,579400.0,32.540001000000004,11400.0,30.02,1000.0
2014-04-28,28.76,17300.0,124.879997,4897900.0,51.599998,77900.0,18.85,4133200.0,60.939999,13200.0,105.800003,2891100.0,36.709998999999996,1391500.0,244.330002,2003400.0,50.005001,24600.0,29.549999,83200.0,31.825001,8000.0,186.880005,135121000.0,50.75,247800.0,30.120001000000002,22100.0,123.989998,885000.0,34.110001000000004,49700.0,26.633333,18900.0,30.790001,287000.0,32.404999,11400.0,29.99,600.0
2014-04-29,28.76,18600.0,124.860001,5241600.0,52.189999,69900.0,18.76,4405100.0,61.310001,33100.0,107.32,1846100.0,36.720001,1398800.0,245.17999300000002,1030700.0,50.044998,26000.0,29.719998999999998,86600.0,32.224998,6800.0,187.75,84098000.0,50.77,199300.0,30.07,8400.0,123.959999,837000.0,34.110001000000004,42500.0,26.673334000000004,5700.0,30.790001,443200.0,32.325001,6000.0,29.99,5600.0
2014-04-30,28.459999,76900.0,124.220001,10352900.0,52.279999,19700.0,18.459999,20032600.0,60.529999,11900.0,106.199997,1406000.0,36.32,3611700.0,246.83999599999999,1347800.0,50.389998999999996,14600.0,29.82,133900.0,31.91,8600.0,188.309998,101508000.0,50.849998,235200.0,30.120001000000002,11400.0,124.050003,1284000.0,34.130001,76300.0,26.766665999999997,29400.0,30.790001,880900.0,32.439999,6400.0,30.01,600.0
2014-05-01,28.309998999999998,37800.0,123.800003,6687300.0,50.880001,25200.0,18.35,8519400.0,59.919998,30400.0,104.440002,1576500.0,36.16,2539800.0,247.080002,1204800.0,50.294998,15600.0,29.93,543300.0,31.99,8800.0,188.330002,93019000.0,50.82,118800.0,30.17,12000.0,123.540001,1805400.0,34.139998999999996,43000.0,26.860001,14700.0,30.77,777700.0,32.625,286000.0,30.02,600.0
2014-05-02,28.4,20200.0,125.059998,9912900.0,50.82,10000.0,18.690001000000002,12806500.0,60.07,8400.0,103.959999,766300.0,36.290001000000004,1846200.0,247.52999900000003,1552200.0,50.490002000000004,16000.0,29.9,473500.0,32.279999,4600.0,188.059998,98122000.0,50.830002,100400.0,30.299999,4300.0,123.660004,844500.0,34.169998,31000.0,26.993334,34500.0,30.75,834800.0,32.865002000000004,185400.0,29.99,200.0
2014-05-05,28.280001000000002,33300.0,126.220001,5196500.0,51.34,10700.0,18.84,3557200.0,59.400002,15400.0,104.120003,731100.0,36.139998999999996,2344000.0,247.69999700000002,791600.0,50.235001000000004,20000.0,29.889999,106200.0,32.080002,6400.0,188.419998,75883000.0,50.810001,4175100.0,30.25,20900.0,123.480003,1581000.0,34.130001,176700.0,26.853333000000003,21100.0,30.75,675000.0,32.654999,24200.0,30.0,1500.0
2014-05-06,28.299999,28700.0,125.980003,3488000.0,51.950001,11000.0,18.799999,2817500.0,58.82,8900.0,106.519997,1686700.0,36.189999,1642300.0,245.86999500000002,1173000.0,49.5,13000.0,29.860001,36800.0,32.264998999999996,11400.0,186.779999,85454000.0,50.84,158400.0,30.43,18800.0,123.720001,540300.0,34.139998999999996,29900.0,26.946666999999998,8700.0,30.77,634800.0,32.805,41800.0,29.99,3700.0
2014-05-07,28.65,35700.0,124.16999799999999,8469900.0,51.689999,3700.0,18.57,7200400.0,59.700001,31400.0,105.199997,1463700.0,36.599998,1938300.0,247.05000299999998,1072600.0,49.625,48000.0,29.889999,73900.0,32.360001000000004,9400.0,187.880005,106500000.0,50.84,145300.0,30.48,6500.0,123.839996,441900.0,34.169998,342600.0,26.873333000000002,17100.0,30.780001000000002,1240300.0,32.669998,22600.0,29.959999,400.0
2014-05-08,28.530001000000002,34500.0,124.16999799999999,3695500.0,51.830002,7300.0,18.440001000000002,4809100.0,59.279999,3100.0,101.480003,3335100.0,36.490002000000004,1303500.0,245.80000299999998,1130800.0,49.209998999999996,7800.0,29.860001,85800.0,32.299999,4400.0,187.679993,93618000.0,50.91,221800.0,30.790001,18100.0,123.720001,933000.0,34.189999,80700.0,26.813334,39400.0,30.76,1054300.0,32.549999,29600.0,30.01,800.0
2014-05-09,28.48,29600.0,124.099998,3120000.0,51.52,21700.0,18.42,3546000.0,59.060001,7900.0,100.440002,1402000.0,36.400002,1552300.0,246.52999900000003,1464400.0,49.619999,21400.0,29.809998999999998,138200.0,32.330002,7400.0,187.96000700000002,83679000.0,50.880001,158800.0,30.719998999999998,4400.0,123.870003,642900.0,34.169998,334200.0,26.753334000000002,25800.0,30.790001,521600.0,32.465,18400.0,30.01,0.0
2014-05-12,28.67,34800.0,124.940002,4025500.0,50.720001,10600.0,18.780001000000002,7863900.0,59.529999,10600.0,98.040001,1481300.0,36.59,1498300.0,250.229996,1837700.0,50.779999,49800.0,29.969998999999998,241300.0,32.764998999999996,26800.0,189.78999299999998,86940000.0,50.860001000000004,102800.0,30.610001,34100.0,124.08000200000001,2370300.0,34.169998,37200.0,26.620001000000002,1165200.0,30.790001,386000.0,32.349998,35400.0,30.07,2200.0
2014-05-13,29.01,21900.0,124.599998,2643500.0,50.959998999999996,28800.0,18.77,3211900.0,59.720001,8700.0,96.839996,1542000.0,37.040001000000004,2221900.0,249.0,929000.0,50.23,14600.0,30.08,64900.0,32.830002,19200.0,189.96000700000002,66454000.0,51.0,332300.0,30.77,3600.0,124.139999,1020900.0,34.200001,67800.0,26.766665999999997,95500.0,30.790001,460600.0,32.544998,17600.0,30.07,900.0
2014-05-14,29.129998999999998,58300.0,125.809998,4015900.0,50.43,14900.0,19.0,5195000.0,60.580002,11400.0,97.120003,809800.0,37.18,2575000.0,247.00999500000003,1143000.0,49.215,25200.0,29.98,103200.0,33.005001,6600.0,189.059998,72367000.0,51.040001000000004,128800.0,30.790001,25300.0,124.199997,489000.0,34.240002000000004,78500.0,27.026667,48700.0,30.82,606200.0,32.965,9400.0,30.1,700.0
2014-05-15,28.98,87800.0,124.769997,5861100.0,49.279999,84000.0,18.74,4752000.0,60.419998,11600.0,98.519997,2470900.0,37.040001000000004,1339000.0,244.92999300000002,2696400.0,49.0,42200.0,29.860001,64300.0,32.779999,8200.0,187.399994,154956000.0,51.130001,139900.0,30.620001000000002,42800.0,124.110001,636600.0,34.310001,61200.0,27.166665999999996,58300.0,30.799999,502200.0,33.200001,67000.0,30.09,300.0
2014-05-16,29.139999,203500.0,124.5,4052100.0,49.07,64200.0,18.610001,4479700.0,60.669998,6900.0,97.760002,462900.0,37.23,1574900.0,246.24000499999997,1125600.0,49.34,13800.0,29.9,145600.0,33.145,9400.0,188.050003,97458000.0,51.040001000000004,247600.0,30.719998999999998,10300.0,124.290001,872100.0,34.299999,31900.0,27.120001000000002,19000.0,30.799999,415200.0,33.110001000000004,107800.0,30.08,1400.0
2014-05-19,29.299999,21600.0,124.58000200000001,3902600.0,49.080002,67900.0,18.629998999999998,3373800.0,60.490002000000004,11700.0,99.040001,2340800.0,37.380001,1644800.0,247.47000099999997,813500.0,49.610001000000004,18400.0,29.870001000000002,57500.0,33.165001000000004,11800.0,188.740005,63839000.0,51.049999,116600.0,30.809998999999998,51600.0,124.32,1225200.0,34.34,53500.0,26.98,15000.0,30.83,340300.0,32.869999,50000.0,30.09,400.0
2014-05-20,29.440001000000002,26500.0,124.690002,3770800.0,48.610001000000004,21600.0,18.65,3761800.0,60.549999,3700.0,100.559998,1100300.0,37.52,1348600.0,244.86999500000002,1675200.0,49.09,23800.0,29.690001000000002,46300.0,32.93,14000.0,187.550003,111644000.0,51.0,172600.0,30.700001,48600.0,124.260002,836100.0,34.349998,97400.0,27.006666,32100.0,30.809998999999998,236300.0,32.965,28800.0,30.129998999999998,200.0
2014-05-21,29.75,102700.0,124.389999,6846500.0,49.0,16400.0,18.639999,4141700.0,61.029999,4400.0,99.120003,746300.0,37.98,4562600.0,246.22000099999997,1302300.0,49.415001000000004,15400.0,29.940001000000002,46300.0,33.220001,21600.0,189.130005,89093000.0,50.98,100600.0,30.799999,19000.0,124.290001,1680000.0,34.34,57000.0,26.84,41700.0,30.809998999999998,347900.0,32.805,95200.0,30.120001000000002,1700.0
2014-05-22,29.790001,89400.0,124.66999799999999,3458800.0,49.189999,12100.0,18.73,3616900.0,61.380001,9200.0,96.720001,2581200.0,38.009997999999996,3436500.0,247.729996,652900.0,49.674999,23800.0,30.02,53300.0,33.375,21200.0,189.58999599999999,61549000.0,50.959998999999996,96400.0,30.84,25600.0,124.16999799999999,1214100.0,34.299999,38300.0,26.833334000000004,22300.0,30.83,521200.0,32.735001000000004,15800.0,30.120001000000002,300.0
2014-05-23,29.92,45900.0,124.510002,2205900.0,48.970001,9900.0,18.66,2433900.0,61.66,12200.0,97.440002,809100.0,38.18,2545800.0,249.38999900000002,1273300.0,50.215,18200.0,30.1,102400.0,33.435001,3400.0,190.350006,61092800.0,50.98,78300.0,30.83,21100.0,124.32,786600.0,34.32,44200.0,26.9,23400.0,30.83,643700.0,32.935001,10400.0,30.139999,3400.0
2014-05-27,29.860001,102600.0,121.849998,10895800.0,48.099998,24800.0,18.360001,7890200.0,61.060001,4900.0,99.32,1876500.0,38.139998999999996,1155500.0,251.05000299999998,1333400.0,50.825001,392200.0,30.25,1083600.0,33.110001000000004,30600.0,191.520004,72010000.0,51.080002,134600.0,30.860001,31200.0,124.349998,1040700.0,34.330002,45000.0,27.093334000000002,9400.0,30.799999,517200.0,33.075001,42400.0,30.08,4000.0
2014-05-28,29.49,82300.0,121.199997,6736800.0,48.27,93500.0,18.280001000000002,4609900.0,61.27,10400.0,101.879997,2001200.0,37.68,1885000.0,250.11000099999998,1108900.0,50.650002,21400.0,30.190001000000002,44200.0,33.334998999999996,11000.0,191.380005,66723000.0,51.380001,147100.0,30.870001000000002,71700.0,124.32,534900.0,34.400002,115300.0,27.200001,196300.0,30.84,223200.0,33.455002,13600.0,30.139999,2800.0
2014-05-29,29.68,51700.0,120.940002,5551900.0,48.07,25100.0,18.299999,4887000.0,61.459998999999996,6700.0,101.199997,1565000.0,37.91,1189600.0,251.52999900000003,2101400.0,50.615002000000004,42600.0,30.360001,40600.0,33.380001,8400.0,192.369995,64377000.0,51.189999,116900.0,30.99,24500.0,124.529999,417600.0,34.439999,147700.0,27.200001,12600.0,30.84,506500.0,33.279999,23400.0,30.139999,500.0
2014-05-30,29.469998999999998,70300.0,120.43,8749600.0,47.779999,22700.0,18.08,12710700.0,61.0,5200.0,100.800003,1251500.0,37.68,1311000.0,250.88000499999998,1797200.0,50.380001,15400.0,30.360001,262100.0,32.945,4600.0,192.679993,76316000.0,51.16,306400.0,30.870001000000002,15400.0,124.589996,1309200.0,34.419998,42200.0,27.1,88800.0,30.85,390600.0,33.275002,172600.0,30.1,1600.0
2014-06-02,29.360001,46900.0,119.699997,5916100.0,47.610001000000004,79400.0,18.02,5567700.0,60.57,23800.0,102.08000200000001,1368600.0,37.529999,3111500.0,251.69999700000002,1206000.0,50.41,26400.0,30.41,42900.0,33.080002,5800.0,192.899994,64656000.0,51.09,132400.0,30.82,142100.0,123.93,1868100.0,34.290001000000004,57600.0,26.826665999999996,47100.0,30.780001000000002,322800.0,32.965,310400.0,30.1,0.0
2014-06-03,29.48,50500.0,120.010002,5008300.0,46.959998999999996,51900.0,18.1,4375000.0,60.529999,5400.0,101.800003,983700.0,37.639998999999996,1160100.0,251.77999900000003,1190100.0,50.134997999999996,15800.0,30.370001000000002,43300.0,33.334998999999996,107400.0,192.800003,65047000.0,51.029999,162800.0,30.790001,93000.0,123.870003,993600.0,34.259997999999996,84600.0,26.613333,108600.0,30.790001,392700.0,32.575001,61600.0,30.08,1000.0
2014-06-04,29.379998999999998,39200.0,119.760002,3859500.0,46.959998999999996,13200.0,18.059998999999998,3355700.0,60.189999,3300.0,102.800003,798200.0,37.509997999999996,1711300.0,252.940002,838400.0,50.490002000000004,14400.0,30.33,81300.0,33.145,10800.0,193.190002,55529000.0,50.93,186800.0,30.76,6400.0,123.959999,1418400.0,34.189999,84000.0,26.559998999999998,20200.0,30.780001000000002,443800.0,32.544998,23200.0,30.09,200.0
2014-06-05,29.41,22100.0,120.660004,4180400.0,46.240002000000004,39400.0,18.26,6119200.0,60.66,12900.0,103.559998,1643200.0,37.549999,1268400.0,255.49000499999997,1380600.0,51.445,18000.0,30.530001000000002,43000.0,33.395,4600.0,194.449997,92103000.0,51.09,113000.0,30.950001,33200.0,124.230003,1762200.0,34.23,54900.0,26.686666,15600.0,30.77,1338500.0,32.584998999999996,32600.0,30.09,0.0
2014-06-06,29.450001,48100.0,120.610001,4807700.0,47.119999,19100.0,18.280001000000002,4461600.0,60.43,9300.0,104.519997,967600.0,37.610001000000004,1035100.0,256.929993,1081000.0,51.955002,29200.0,30.709999,90100.0,33.73,11200.0,195.380005,78696000.0,51.200001,126900.0,31.040001,22200.0,124.5,2072100.0,34.259997999999996,72400.0,26.773333,15300.0,30.77,3529900.0,32.584998999999996,28600.0,30.059998999999998,12100.0
2014-06-09,29.790001,26300.0,120.650002,2788000.0,46.599998,12800.0,18.32,3327000.0,61.139998999999996,35400.0,102.839996,1017000.0,38.18,3071300.0,257.769989,1637900.0,52.224998,27200.0,30.66,35700.0,34.025002,10800.0,195.580002,65119000.0,51.189999,149400.0,31.1,7500.0,124.620003,557100.0,34.220001,41400.0,26.726667,12900.0,30.77,601100.0,32.549999,22400.0,30.030001000000002,600.0
2014-06-10,29.85,81500.0,121.389999,3556600.0,46.099998,4700.0,18.459999,4366900.0,61.099998,3700.0,100.32,1558100.0,38.279999,1764300.0,257.040009,760200.0,52.025002,87800.0,30.610001,141400.0,34.055,520600.0,195.600006,57129000.0,51.16,168200.0,31.07,36300.0,124.709999,1116300.0,34.209998999999996,43700.0,26.76,1015800.0,30.74,461400.0,32.485001000000004,32200.0,30.040001,3200.0
2014-06-11,29.879998999999998,36200.0,121.410004,3572300.0,45.490002000000004,22500.0,18.459999,4049100.0,61.5,4100.0,99.91999799999999,624600.0,38.25,1171000.0,256.200012,1311300.0,51.810001,14200.0,30.52,62900.0,34.07,19400.0,194.919998,68772000.0,51.110001000000004,291500.0,31.0,7900.0,124.589996,797700.0,34.220001,227600.0,26.706667,30600.0,30.76,896400.0,32.435001,31600.0,29.99,600.0
2014-06-12,30.43,69500.0,122.639999,7388500.0,45.439999,34500.0,18.76,9205400.0,63.18,20600.0,104.91999799999999,4181800.0,39.080002,5809900.0,254.88999900000002,1767700.0,51.455002,9000.0,30.540001,46300.0,33.845001,21600.0,193.53999299999998,106350000.0,51.18,139800.0,31.02,17200.0,124.589996,468300.0,34.220001,202300.0,26.866667,155800.0,30.790001,1259000.0,32.77,18400.0,30.049999,900.0
2014-06-13,30.35,80500.0,122.959999,4026600.0,45.75,36300.0,18.92,6062900.0,62.759997999999996,11100.0,105.0,841600.0,39.119999,2955100.0,255.55000299999998,1181200.0,51.575001,15000.0,30.559998999999998,43600.0,33.895,11800.0,194.130005,82017000.0,51.200001,103100.0,31.059998999999998,6600.0,124.800003,595800.0,34.240002000000004,80600.0,26.893333000000002,19500.0,30.77,206200.0,32.705002,15000.0,30.049999,600.0
2014-06-16,30.530001000000002,54500.0,122.41999799999999,5832800.0,45.220001,5100.0,18.85,5375500.0,63.049999,11100.0,104.239998,1445300.0,39.169998,1819600.0,255.61000099999998,1326600.0,51.669998,11000.0,30.540001,41100.0,33.790001000000004,15600.0,194.28999299999998,87424000.0,51.18,134900.0,30.940001000000002,7600.0,124.769997,786900.0,34.220001,42300.0,26.860001,13500.0,30.77,261500.0,32.84,11000.0,30.030001000000002,7300.0
2014-06-17,30.450001,58400.0,122.279999,4032800.0,45.150002,15900.0,18.940001000000002,4603700.0,63.200001,9000.0,104.120003,593300.0,38.990002000000004,2166500.0,257.730011,11137200.0,52.139998999999996,6600.0,30.540001,44800.0,33.715,10800.0,194.830002,84834000.0,51.139998999999996,137900.0,30.790001,7800.0,124.769997,714000.0,34.139998999999996,103600.0,26.76,22800.0,30.74,353500.0,32.544998,8800.0,30.0,2400.0
2014-06-18,30.6,72600.0,122.66999799999999,4601700.0,45.23,8900.0,19.049999,6176600.0,63.509997999999996,18500.0,103.199997,884500.0,39.009997999999996,2240300.0,259.019989,3750600.0,52.195,9600.0,30.790001,31600.0,34.07,34200.0,196.259995,105267000.0,51.189999,802100.0,30.969998999999998,10000.0,125.190002,1545600.0,34.259997999999996,91900.0,26.860001,16300.0,30.76,296900.0,32.779999,18600.0,30.030001000000002,2600.0
2014-06-19,30.690001000000002,60500.0,126.940002,24374800.0,46.07,10200.0,19.92,24175600.0,64.029999,14200.0,101.639999,1541000.0,39.130001,2359800.0,259.109985,1595400.0,52.445,9400.0,30.92,108700.0,33.970001,8000.0,196.479996,85929000.0,51.279999,189900.0,30.940001000000002,8600.0,125.129997,738600.0,34.279999,70800.0,26.719998999999998,36100.0,30.77,361400.0,32.439999,13400.0,30.030001000000002,200.0
2014-06-20,30.82,53000.0,126.5,9954700.0,46.049999,5700.0,20.030001000000002,10843200.0,64.120003,10100.0,101.120003,1403800.0,39.32,2688000.0,259.170013,2108600.0,52.395,7600.0,30.35,42000.0,33.674999,13600.0,195.940002,100587000.0,51.18,160200.0,31.040001,7200.0,125.279999,665100.0,34.32,44300.0,26.813334,18400.0,30.77,420100.0,32.59,9400.0,30.01,300.0
2014-06-23,30.780001000000002,38600.0,126.849998,5142800.0,45.52,59200.0,20.049999,7685200.0,63.799999,21800.0,98.760002,1605600.0,39.16,2178300.0,258.890015,1461700.0,52.345001,7400.0,30.27,57100.0,33.639998999999996,13800.0,195.880005,70611000.0,51.259997999999996,172600.0,31.07,10300.0,125.339996,561300.0,34.32,24700.0,26.793333,137700.0,30.74,508100.0,32.549999,27400.0,30.049999,600.0
2014-06-24,30.82,36200.0,126.980003,6350200.0,45.119999,6200.0,20.08,6529600.0,64.08000200000001,7000.0,100.239998,1846600.0,39.09,1909600.0,256.820007,1873000.0,51.919998,63800.0,30.07,50600.0,33.674999,7200.0,194.699997,96237000.0,51.290001000000004,123000.0,31.1,6600.0,125.400002,1060800.0,34.290001000000004,61700.0,26.879998999999998,39400.0,30.780001000000002,601300.0,32.794998,13400.0,30.049999,0.0
2014-06-25,30.940001000000002,192600.0,126.989998,6692300.0,45.330002,2100.0,20.190001000000002,6677500.0,63.529999,7100.0,100.800003,587600.0,39.290001000000004,2059500.0,258.549988,2334500.0,52.330002,17600.0,30.120001000000002,77200.0,33.619999,5200.0,195.580002,82782000.0,51.380001,157600.0,31.17,11200.0,125.279999,663000.0,34.419998,69500.0,26.959999,31800.0,30.790001,432600.0,32.93,16200.0,30.059998999999998,700.0
2014-06-26,30.75,36800.0,126.730003,5529800.0,45.669998,16300.0,20.24,5475400.0,63.360001000000004,6400.0,98.040001,3316400.0,38.970001,2015600.0,258.0,1247000.0,52.189999,14600.0,30.16,86400.0,33.779999,5000.0,195.440002,84312000.0,51.419998,141000.0,31.190001000000002,13300.0,125.220001,1058100.0,34.450001,108300.0,27.113333,17500.0,30.780001000000002,335800.0,33.07,36800.0,30.09,7700.0
2014-06-27,30.790001,54100.0,126.660004,4200300.0,45.619999,8900.0,20.17,5746200.0,63.630001,6000.0,97.599998,1394300.0,38.98,1627400.0,259.450012,1185700.0,52.360001000000004,9000.0,30.209999,51900.0,33.735001000000004,7400.0,195.820007,71445100.0,51.389998999999996,139800.0,31.25,16400.0,125.25,416100.0,34.450001,23100.0,27.053333000000002,21000.0,30.799999,457800.0,33.009997999999996,24400.0,30.08,400.0
2014-06-30,30.76,96800.0,128.03999299999998,18123400.0,43.299999,67000.0,20.25,7486900.0,63.040001000000004,7000.0,98.400002,937600.0,38.880001,1829500.0,260.559998,2250400.0,52.57,26800.0,30.26,88700.0,33.82,16200.0,195.720001,70201200.0,51.41,290200.0,31.219998999999998,15900.0,125.190002,2274000.0,34.459998999999996,36200.0,27.066668,17400.0,30.809998999999998,340400.0,33.150002,34200.0,30.07,36300.0
2014-07-01,30.75,2083600.0,127.699997,8145900.0,43.02,39000.0,20.209999,5612300.0,62.849998,5900.0,97.879997,780700.0,38.860001000000004,2373700.0,262.600006,6456600.0,53.290001000000004,26600.0,30.5,183800.0,34.0,35200.0,197.029999,90470000.0,51.32,92000.0,31.290001,46200.0,124.709999,1035300.0,34.349998,42400.0,26.826665999999996,14500.0,30.75,660300.0,32.744999,384200.0,30.059998999999998,1900.0
2014-07-02,30.43,47500.0,127.699997,5738900.0,42.970001,119700.0,20.299999,5684800.0,62.470001,27300.0,96.040001,2094400.0,38.400002,2655400.0,261.339996,2118900.0,53.044998,16200.0,30.58,146000.0,34.195,14800.0,197.229996,52475000.0,51.27,179100.0,31.129998999999998,15900.0,124.709999,1188600.0,34.27,47000.0,26.533333000000002,24900.0,30.77,341800.0,32.435001,43800.0,30.01,700.0
2014-07-03,30.35,31100.0,127.160004,4922500.0,42.669998,114000.0,20.290001,3317900.0,62.560001,4400.0,96.400002,1007600.0,38.25,1447500.0,262.140015,621500.0,53.529999,12600.0,30.65,124400.0,34.474998,9600.0,198.199997,52938800.0,51.240002000000004,97800.0,31.280001000000002,8600.0,124.739998,528300.0,34.25,39900.0,26.606666999999998,9900.0,30.75,269700.0,32.32,83600.0,30.01,400.0
2014-07-07,30.280001000000002,27100.0,127.019997,4630200.0,41.82,139800.0,20.17,3967600.0,61.82,54800.0,93.400002,2185100.0,38.169998,1428400.0,260.140015,1116100.0,52.735001000000004,12000.0,30.379998999999998,75200.0,34.48,21400.0,197.509995,61696000.0,51.32,177600.0,31.25,12600.0,124.620003,739800.0,34.25,51400.0,26.719998999999998,44100.0,30.75,309000.0,32.575001,63800.0,30.0,52700.0
2014-07-08,30.209999,32800.0,127.07,6216600.0,41.450001,18900.0,20.209999,4515600.0,61.509997999999996,5600.0,93.199997,2223800.0,38.18,2418100.0,258.130005,1326200.0,52.16,29000.0,30.120001000000002,56600.0,34.299999,24800.0,196.240005,108143000.0,51.380001,113800.0,31.35,5700.0,124.589996,868200.0,34.330002,44300.0,26.92,49300.0,30.75,1861800.0,32.869999,13200.0,30.0,0.0
2014-07-09,29.91,143600.0,127.839996,8362700.0,40.869999,29800.0,20.27,5290200.0,60.889998999999996,8100.0,91.959999,1269300.0,37.689999,5838100.0,258.77999900000003,1386200.0,52.224998,9200.0,30.200001,175300.0,34.580002,5800.0,197.119995,72992000.0,51.369999,99700.0,31.370001000000002,33900.0,124.559998,1581000.0,34.299999,111700.0,26.959999,18900.0,30.76,389200.0,32.965,58800.0,30.02,3100.0
2014-07-10,30.15,73000.0,128.53999299999998,6313300.0,40.419998,56200.0,20.52,6629200.0,61.259997999999996,9900.0,90.760002,992000.0,37.900002,3672300.0,256.950012,1401900.0,51.695,16400.0,29.85,517200.0,34.355,175200.0,196.33999599999999,99040000.0,51.419998,66500.0,31.389999,15200.0,124.08000200000001,2456100.0,34.360001000000004,134900.0,26.886667,32400.0,30.74,282500.0,32.959998999999996,35400.0,30.07,1000.0
2014-07-11,29.610001,33400.0,128.779999,4322100.0,39.400002,180000.0,20.57,4507200.0,60.240002000000004,19000.0,91.400002,756100.0,37.16,4947100.0,256.679993,993300.0,51.535,8000.0,29.889999,51500.0,34.294998,6400.0,196.610001,64243000.0,51.459998999999996,131100.0,31.370001000000002,7400.0,124.16999799999999,910500.0,34.369999,82300.0,26.986665999999996,14400.0,30.76,351500.0,33.055,21200.0,30.08,700.0
2014-07-14,29.82,34400.0,125.720001,11465500.0,40.02,94300.0,20.1,8942300.0,60.619999,5900.0,91.559998,752100.0,37.32,6182100.0,257.76001,2218900.0,51.709998999999996,18000.0,30.09,59700.0,34.535,9800.0,197.600006,58658000.0,51.43,148100.0,31.389999,16400.0,124.260002,604800.0,34.32,77400.0,26.886667,210000.0,30.77,221800.0,32.939999,13800.0,30.030001000000002,7100.0
2014-07-15,29.440001000000002,106700.0,124.529999,10541700.0,39.560001,47100.0,19.879998999999998,12137200.0,59.939999,21900.0,90.120003,926900.0,36.880001,4427000.0,256.869995,1616100.0,51.32,28600.0,29.99,77800.0,34.599998,20800.0,197.229996,111307000.0,51.450001,141400.0,31.280001000000002,12900.0,124.139999,850500.0,34.330002,60000.0,26.879998999999998,35500.0,30.75,249400.0,32.970001,16600.0,30.049999,700.0
2014-07-16,29.629998999999998,226300.0,124.970001,4099800.0,39.970001,85500.0,19.91,4038300.0,59.700001,13500.0,90.639999,814500.0,37.310001,4183900.0,256.52999900000003,6144600.0,51.209998999999996,12000.0,30.190001000000002,55400.0,34.619999,11800.0,197.96000700000002,79986400.0,51.490002000000004,148400.0,31.4,85000.0,123.93,1106100.0,34.290001000000004,140100.0,26.946666999999998,19800.0,30.75,276200.0,33.049999,29800.0,30.040001,5700.0
2014-07-17,29.799999,28300.0,127.089996,11423900.0,40.209998999999996,51000.0,20.290001,10098500.0,59.610001000000004,62700.0,87.480003,3978000.0,37.830002,6476600.0,253.82000699999998,2795100.0,50.584998999999996,41800.0,29.84,46400.0,33.990002000000004,10800.0,195.71000700000002,145398000.0,51.59,243300.0,31.24,8000.0,123.0,2410500.0,34.419998,143700.0,27.16,64000.0,30.77,295300.0,33.455002,39200.0,30.059998999999998,900.0
2014-07-18,29.68,48600.0,126.129997,6460900.0,39.279999,74100.0,20.02,8499500.0,59.299999,24300.0,87.08000200000001,584900.0,37.720001,3368400.0,256.910004,2349600.0,51.314999,12400.0,30.1,66800.0,34.615002000000004,11800.0,197.71000700000002,124330000.0,51.580002,128000.0,31.33,12700.0,123.41999799999999,1085700.0,34.360001000000004,123700.0,27.146666999999997,49000.0,30.76,230600.0,33.349998,26600.0,30.049999,1600.0
2014-07-21,29.969998999999998,64200.0,126.339996,3296300.0,38.860001000000004,585400.0,20.1,3999400.0,59.91,15100.0,85.239998,1343700.0,38.099998,3468600.0,256.059998,1506000.0,51.044998,19200.0,29.99,46900.0,34.580002,45200.0,197.33999599999999,67592000.0,51.599998,142800.0,31.389999,11600.0,123.269997,1646700.0,34.389998999999996,64300.0,27.166665999999996,43500.0,30.75,254500.0,33.52,27000.0,30.059998999999998,400.0
2014-07-22,29.879998999999998,57300.0,125.739998,3882000.0,38.439999,274000.0,20.1,4043100.0,59.599998,21200.0,83.32,1104400.0,37.950001,1485900.0,257.130005,1081300.0,51.445,11000.0,30.120001000000002,105100.0,34.945,10800.0,198.199997,67678000.0,51.610001000000004,358400.0,31.58,21800.0,123.449997,1036500.0,34.400002,112200.0,27.233334000000003,19300.0,30.76,261800.0,33.555,14600.0,30.02,600.0
2014-07-23,29.959999,25300.0,125.620003,3041400.0,38.810001,159500.0,20.08,2766600.0,59.400002,15600.0,83.08000200000001,1125000.0,38.16,2257500.0,256.97000099999997,1321200.0,51.360001000000004,11800.0,30.219998999999998,83000.0,35.055,18800.0,198.639999,65612000.0,51.650002,342300.0,31.559998999999998,28900.0,123.839996,1334100.0,34.419998,83400.0,27.299999,274000.0,30.77,260200.0,33.610001000000004,9200.0,30.07,21700.0
2014-07-24,29.83,13500.0,124.349998,8111600.0,38.799999,175300.0,19.58,12425600.0,58.91,14500.0,84.720001,2381700.0,37.82,2746500.0,257.22000099999997,1789500.0,51.490002000000004,8400.0,30.23,44200.0,35.134997999999996,25800.0,198.649994,56888000.0,51.59,147900.0,31.57,9500.0,123.870003,1762200.0,34.299999,160700.0,27.16,63300.0,30.74,223200.0,33.330002,16200.0,30.049999,17700.0
2014-07-25,29.860001,11400.0,125.790001,5638800.0,39.060001,115600.0,19.870001000000002,6115500.0,59.360001000000004,28600.0,83.32,900900.0,37.77,2727700.0,255.539993,1400800.0,51.035,12200.0,30.16,87800.0,35.009997999999996,8800.0,197.720001,76837000.0,51.68,307100.0,31.52,12100.0,123.540001,984000.0,34.380001,80500.0,27.360001,211200.0,30.74,287500.0,33.645,13400.0,30.030001000000002,400.0
2014-07-28,29.67,18500.0,125.58000200000001,3212900.0,39.5,129100.0,19.809998999999998,3646300.0,59.060001,29100.0,82.879997,1162900.0,37.639998999999996,2189500.0,255.08999599999999,1475300.0,50.740002000000004,13400.0,30.18,44200.0,35.305,11200.0,197.800003,69259000.0,51.650002,204400.0,31.52,14200.0,123.389999,1527000.0,34.330002,91100.0,27.353333000000003,126100.0,30.74,377300.0,33.580002,13000.0,30.030001000000002,0.0
2014-07-29,29.52,19900.0,125.199997,5267700.0,38.779999,176900.0,19.780001000000002,4417500.0,59.380001,20800.0,84.160004,1214000.0,37.389998999999996,2709200.0,253.940002,1298900.0,50.855,10400.0,30.059998999999998,38300.0,35.029999,14000.0,196.949997,80466000.0,51.73,209300.0,31.42,15800.0,123.33000200000001,1463100.0,34.41,31100.0,27.379998999999998,34200.0,30.76,345300.0,33.715,22600.0,30.02,500.0
2014-07-30,29.219998999999998,52100.0,124.83000200000001,5614800.0,38.75,62400.0,19.780001000000002,3384300.0,58.580002,15600.0,83.160004,1026200.0,36.919998,5005500.0,254.399994,1561600.0,51.005001,13400.0,30.110001,30500.0,34.900002,142600.0,196.979996,104222000.0,51.630001,158200.0,31.200001,27100.0,122.849998,2723700.0,34.25,341300.0,27.219998999999998,114100.0,30.75,744200.0,33.285,36200.0,30.01,2200.0
2014-07-31,28.9,108800.0,123.389999,9896500.0,38.580002,84400.0,19.58,7280200.0,58.240002000000004,13800.0,84.400002,2644300.0,36.32,4778500.0,249.13000499999998,4777700.0,49.759997999999996,62000.0,29.6,57500.0,34.32,13200.0,193.08999599999999,183479000.0,51.610001000000004,137000.0,31.07,117100.0,121.650002,4157100.0,34.220001,44800.0,27.086665999999997,125500.0,30.74,329600.0,33.195,54200.0,29.99,600.0
2014-08-01,28.77,77700.0,124.379997,7397000.0,38.189999,98200.0,19.52,6326900.0,57.220001,44400.0,83.68,970800.0,36.189999,4284100.0,248.86000099999998,7384800.0,49.740002000000004,20000.0,29.4,1430300.0,34.384997999999996,68000.0,192.5,189261000.0,51.599998,109700.0,31.110001,194100.0,120.809998,4394400.0,34.400002,468300.0,27.040001,27400.0,30.74,280100.0,33.345001,307200.0,30.1,1400.0
2014-08-04,28.99,207300.0,123.989998,6499400.0,38.990002000000004,145700.0,19.4,4032600.0,57.0,44200.0,84.760002,683100.0,36.48,2421600.0,250.149994,2633700.0,50.064999,47000.0,29.540001,65300.0,34.875,7800.0,193.889999,91340000.0,51.630001,288600.0,31.040001,85700.0,121.620003,2515500.0,34.330002,48100.0,27.073334000000003,21300.0,30.75,331700.0,33.305,100000.0,30.09,400.0
2014-08-05,28.85,36900.0,123.870003,8342500.0,38.799999,148600.0,19.049999,11457500.0,56.75,17400.0,85.68,1164200.0,36.16,3289700.0,248.960007,2095900.0,49.994999,11400.0,29.129998999999998,48900.0,34.395,9600.0,192.009995,152690000.0,51.59,230700.0,30.860001,31400.0,121.410004,2099700.0,34.360001000000004,25600.0,27.08,48000.0,30.74,293200.0,33.400002,30600.0,30.049999,400.0
2014-08-06,28.799999,88400.0,125.66999799999999,9327800.0,39.639998999999996,270400.0,19.23,5934200.0,57.279999,15900.0,86.839996,1297300.0,35.950001,5175700.0,249.270004,1480000.0,50.200001,11800.0,29.07,127100.0,34.154999,5000.0,192.070007,94818000.0,51.599998,247200.0,30.98,227200.0,121.620003,2026800.0,34.369999,77900.0,27.02,46500.0,30.73,376200.0,33.380001,21000.0,30.08,3500.0
2014-08-07,28.99,76200.0,126.18,7298900.0,39.259997999999996,120500.0,19.17,4341800.0,57.959998999999996,12800.0,85.599998,1866100.0,36.16,2356700.0,248.330002,1967800.0,49.919998,21800.0,28.889999,74600.0,33.985001000000004,33200.0,191.029999,135733000.0,51.66,133200.0,30.799999,39100.0,121.559998,1541400.0,34.439999,86300.0,27.166665999999996,12300.0,30.76,317100.0,33.68,21200.0,30.07,300.0
2014-08-08,28.889999,86800.0,126.190002,5728200.0,38.73,75700.0,19.190001000000002,4128900.0,57.360001000000004,11200.0,87.400002,2128100.0,36.119999,2253900.0,250.940002,1642300.0,50.305,10600.0,28.98,95700.0,34.275002,7400.0,193.240005,117014000.0,51.73,166000.0,30.91,49500.0,122.07,1914900.0,34.389998999999996,58000.0,27.146666999999997,19900.0,30.76,287900.0,33.650002,39400.0,30.15,3500.0
2014-08-11,28.93,58300.0,125.959999,3163500.0,38.700001,113700.0,19.23,3417700.0,57.5,29500.0,87.68,1355100.0,36.220001,1886200.0,252.05000299999998,1534800.0,50.75,13000.0,29.110001,75000.0,34.790001000000004,3600.0,193.800003,74544000.0,51.709998999999996,196100.0,31.02,29500.0,122.66999799999999,1919100.0,34.360001000000004,36300.0,27.146666999999997,10800.0,30.75,372600.0,33.630001,13400.0,30.1,500.0
2014-08-12,28.74,19500.0,125.989998,4609700.0,38.400002,219800.0,19.17,4295800.0,57.080002,25200.0,87.519997,694600.0,35.990002000000004,2885500.0,251.16000400000001,2514300.0,50.294998,391600.0,29.15,205500.0,34.790001000000004,765800.0,193.529999,73632000.0,51.709998999999996,173100.0,30.959999,122200.0,122.730003,2472600.0,34.43,141800.0,27.026667,37800.0,30.75,339100.0,33.435001,142400.0,30.1,0.0
2014-08-13,28.84,26400.0,126.199997,3967500.0,38.119999,48300.0,19.040001,6749300.0,57.400002,13600.0,84.239998,2942400.0,36.02,2443700.0,253.30000299999998,1096600.0,50.785,7800.0,29.309998999999998,257000.0,34.919998,740600.0,194.83999599999999,69047000.0,51.790001000000004,159800.0,30.98,26100.0,123.120003,1237500.0,34.459998999999996,35200.0,27.113333,63400.0,30.780001000000002,325800.0,33.605,27800.0,30.049999,2500.0
2014-08-14,28.129998999999998,232200.0,126.309998,3348500.0,38.529999,83300.0,19.1,3490000.0,55.880001,25900.0,85.760002,2468000.0,35.110001000000004,7901200.0,254.66000400000001,1209900.0,50.834998999999996,77800.0,29.4,42400.0,35.09,85600.0,195.759995,57371000.0,51.860001000000004,158000.0,31.120001000000002,5500.0,123.449997,1722900.0,34.490002000000004,103600.0,27.286666999999998,17400.0,30.77,269900.0,33.849998,10400.0,30.17,400.0
2014-08-15,28.33,91800.0,125.480003,13070500.0,38.830002,159600.0,18.860001,11625600.0,56.25,25600.0,83.400002,2957500.0,35.439999,5321600.0,254.07000699999998,1360600.0,50.77,6400.0,29.42,50000.0,34.965,88200.0,195.720001,139951000.0,51.849998,383600.0,31.15,23200.0,123.540001,2657400.0,34.48,85800.0,27.440001000000002,182400.0,30.76,3440300.0,34.169998,70600.0,30.09,6800.0
2014-08-18,27.98,67000.0,124.959999,4952500.0,38.509997999999996,289600.0,18.870001000000002,3162700.0,55.720001,19100.0,83.440002,1345400.0,35.060001,2778100.0,257.109985,1422000.0,51.555,12800.0,29.620001000000002,82500.0,35.215,25400.0,197.360001,75424000.0,51.849998,162900.0,31.200001,26300.0,123.93,1583700.0,34.509997999999996,190800.0,27.166665999999996,46600.0,30.77,284500.0,33.900002,46200.0,30.09,0.0
2014-08-19,27.83,121200.0,124.68,4878400.0,38.580002,154500.0,18.700001,5988800.0,56.099998,39500.0,85.239998,2441600.0,34.709998999999996,4028500.0,258.649994,1105100.0,51.764998999999996,16400.0,29.690001000000002,78100.0,35.435001,30400.0,198.389999,59135000.0,51.889998999999996,629300.0,31.16,13900.0,124.019997,1698900.0,34.470001,89000.0,27.200001,72000.0,30.790001,291600.0,33.810001,24800.0,30.120001000000002,500.0
2014-08-20,27.889999,116300.0,124.220001,4395600.0,38.02,153700.0,18.719998999999998,4175400.0,56.400002,22400.0,84.279999,1415100.0,34.860001000000004,3178800.0,259.27999900000003,2004100.0,51.294998,27000.0,29.58,45400.0,35.5,37600.0,198.919998,72763000.0,51.900002,315400.0,30.959999,47100.0,124.019997,778200.0,34.380001,82100.0,27.113333,26200.0,30.75,319600.0,33.77,21800.0,30.09,300.0
2014-08-21,28.07,86000.0,122.879997,8008800.0,38.139998999999996,103900.0,18.690001000000002,4113400.0,57.0,30700.0,85.519997,1043200.0,35.09,3888100.0,259.709991,2315400.0,51.619999,41600.0,29.690001000000002,51000.0,35.470001,49200.0,199.5,67791000.0,51.919998,167200.0,31.049999,4300.0,123.989998,737700.0,34.41,65100.0,27.246665999999998,16600.0,30.780001000000002,1416600.0,33.919998,16800.0,30.09,3400.0
2014-08-22,28.0,99500.0,123.190002,4739200.0,38.5,93300.0,18.690001000000002,4444900.0,56.689999,14000.0,84.839996,537900.0,34.959998999999996,3906400.0,259.480011,728700.0,51.669998,41000.0,29.610001,35400.0,35.369999,10000.0,199.190002,76107000.0,51.98,126700.0,30.959999,11300.0,123.779999,675000.0,34.389998999999996,41100.0,27.42,32800.0,30.76,233200.0,34.09,22000.0,30.059998999999998,400.0
2014-08-25,27.99,65200.0,122.739998,5012400.0,38.040001000000004,117200.0,18.6,3202900.0,56.799999,17900.0,86.879997,1777600.0,34.869999,3334200.0,260.390015,824900.0,51.59,1490400.0,29.76,1578500.0,35.564999,5000.0,200.199997,63855000.0,52.07,131400.0,30.99,17400.0,124.16999799999999,984900.0,34.389998999999996,52300.0,27.559998999999998,14400.0,30.73,306600.0,34.215,28400.0,30.059998999999998,600.0
2014-08-26,28.09,108600.0,123.349998,3882300.0,37.84,191900.0,18.629998999999998,4244700.0,56.869999,18500.0,86.559998,621800.0,35.040001000000004,3030200.0,261.26001,646100.0,51.98,37600.0,29.780001000000002,41000.0,35.584998999999996,13200.0,200.330002,47298000.0,52.110001000000004,336700.0,31.120001000000002,41000.0,124.260002,757800.0,34.369999,91600.0,27.486665999999996,8400.0,30.74,687300.0,34.130001,80400.0,30.059998999999998,600.0
2014-08-27,28.049999,102900.0,123.32,2576800.0,37.869999,52200.0,18.66,4091900.0,56.700001,11700.0,87.519997,1922000.0,35.029999,2540500.0,260.899994,620500.0,51.860001000000004,10600.0,29.85,138700.0,35.889998999999996,15800.0,200.25,47874000.0,52.23,139200.0,31.24,8500.0,124.139999,495000.0,34.400002,35600.0,27.586665999999997,18300.0,30.75,218400.0,34.305,7200.0,30.059998999999998,0.0
2014-08-28,28.16,88300.0,124.0,3296700.0,38.380001,75700.0,18.74,5021800.0,56.82,2300.0,88.400002,1530100.0,35.32,2554200.0,260.579987,1019600.0,51.639998999999996,14400.0,29.73,47200.0,35.560001,8600.0,200.139999,58330000.0,52.25,197700.0,31.299999,11400.0,124.110001,735000.0,34.439999,59600.0,27.766665999999997,22900.0,30.73,363900.0,34.57,21400.0,30.129998999999998,900.0
2014-08-29,28.4,236200.0,123.860001,3683500.0,38.009997999999996,58400.0,18.709999,3906100.0,57.419998,14000.0,89.040001,857700.0,35.759997999999996,3182000.0,261.73999,1187300.0,51.895,20400.0,29.68,34600.0,35.57,39800.0,200.71000700000002,65907000.0,52.240002000000004,1331800.0,31.139999,22600.0,124.110001,942900.0,34.48,52500.0,27.826665999999996,12700.0,30.780001000000002,563800.0,34.540001000000004,18000.0,31.809998999999998,200.0
2014-09-02,27.76,133800.0,121.650002,10128600.0,37.77,44600.0,18.41,9034000.0,55.709998999999996,20900.0,85.239998,3313200.0,34.790001000000004,6031100.0,262.5,3662900.0,52.224998,25200.0,29.700001,26300.0,35.724998,8200.0,200.610001,72426000.0,52.02,2744800.0,31.1,14000.0,123.720001,1256100.0,34.27,55700.0,27.386667,13600.0,30.719998999999998,357000.0,33.919998,343000.0,30.030001000000002,200.0
2014-09-03,28.299999,136200.0,122.150002,3414600.0,36.720001,160500.0,18.43,3465400.0,57.23,21700.0,84.08000200000001,1613600.0,35.549999,4412000.0,262.109985,1593500.0,51.884997999999996,22800.0,29.91,114800.0,36.235001000000004,26200.0,200.5,57462000.0,52.009997999999996,216100.0,31.139999,21300.0,123.360001,1576200.0,34.27,396900.0,27.446666999999998,78600.0,30.709999,248200.0,34.084998999999996,52000.0,30.049999,700.0
2014-09-04,28.16,41300.0,121.480003,7310600.0,36.209998999999996,197800.0,18.32,5631200.0,56.91,4400.0,83.559998,1851800.0,35.299999,3533500.0,261.369995,2462700.0,51.869999,12200.0,29.76,66000.0,36.174999,35800.0,200.21000700000002,85236000.0,52.0,312500.0,30.92,151200.0,122.940002,3477900.0,34.25,658000.0,27.26,30700.0,30.73,312500.0,33.720001,63800.0,30.040001,1000.0
2014-09-05,27.92,194000.0,122.059998,3490100.0,36.970001,69600.0,18.42,5331600.0,56.389998999999996,8100.0,83.040001,999200.0,34.900002,4543700.0,262.339996,1474500.0,51.950001,11200.0,29.77,39600.0,36.275002,4800.0,201.110001,102177000.0,52.119999,436100.0,30.959999,10900.0,122.82,2708700.0,34.25,200100.0,27.173334000000004,36100.0,30.709999,1390000.0,33.625,14400.0,30.040001,1200.0
2014-09-08,27.67,123800.0,120.730003,7506500.0,36.439999,57200.0,18.26,6784000.0,56.029999,11700.0,84.559998,1718700.0,34.700001,2855200.0,262.079987,2009600.0,52.040001000000004,29400.0,29.49,57800.0,36.099998,6600.0,200.58999599999999,64146000.0,52.060001,246700.0,30.809998999999998,11200.0,122.699997,589200.0,34.23,69200.0,27.166665999999996,29100.0,30.719998999999998,200700.0,33.66,25400.0,30.110001,1300.0
2014-09-09,27.549999,90000.0,120.870003,6157300.0,36.0,135900.0,18.309998999999998,6185000.0,55.650002,18000.0,86.599998,2523600.0,34.619999,2105100.0,259.980011,1451700.0,51.525002,6800.0,29.4,41500.0,35.595001,15200.0,199.320007,88591000.0,51.950001,184700.0,30.799999,89700.0,122.099998,3309000.0,34.189999,112300.0,27.146666999999997,93600.0,30.709999,439900.0,33.689999,53800.0,30.01,3000.0
2014-09-10,27.27,115000.0,120.260002,7021500.0,35.91,61800.0,18.24,4798900.0,55.459998999999996,35000.0,86.160004,1003200.0,34.259997999999996,5094100.0,260.350006,1308100.0,51.505001,12800.0,29.450001,940900.0,35.505001,735000.0,200.070007,67251000.0,51.93,138900.0,30.6,34300.0,122.040001,1745100.0,34.130001,106600.0,27.026667,1400200.0,30.690001000000002,597300.0,33.445,307400.0,30.01,1800.0
2014-09-11,27.58,66400.0,119.470001,7612000.0,35.310001,275300.0,17.959999,15720200.0,55.380001,22500.0,83.839996,2961100.0,34.689999,8150600.0,261.589996,1181500.0,51.884997999999996,34600.0,29.33,96600.0,35.240002000000004,42000.0,200.300003,66774400.0,51.880001,216300.0,30.58,7800.0,121.91999799999999,1124100.0,34.119999,42500.0,26.973333,310900.0,30.700001,507700.0,33.389998999999996,93000.0,30.01,0.0
2014-09-12,27.290001,178600.0,118.379997,8126500.0,35.02,147000.0,17.889999,7633600.0,54.919998,13600.0,83.879997,919700.0,34.380001,4112900.0,259.089996,2296100.0,51.345001,5200.0,29.280001000000002,69900.0,34.865002000000004,33800.0,199.130005,117409300.0,51.799999,327500.0,30.34,13900.0,121.83000200000001,1124100.0,34.060001,82600.0,26.5,100900.0,30.700001,598800.0,33.049999,191000.0,29.940001000000002,1500.0
2014-09-15,27.4,111700.0,118.639999,4775400.0,35.18,75000.0,17.92,3558600.0,55.450001,11900.0,85.599998,1678400.0,34.560001,3201000.0,258.059998,1306400.0,50.990002000000004,16400.0,29.27,260200.0,34.744999,13000.0,198.979996,76401000.0,51.77,343500.0,30.33,6200.0,121.650002,2097900.0,34.09,43000.0,26.74,36400.0,30.700001,382900.0,33.084998999999996,127400.0,30.030001000000002,400.0
2014-09-16,27.91,113000.0,118.83000200000001,6544500.0,35.099998,55900.0,17.950001,5954500.0,55.939999,14200.0,87.040001,1691400.0,35.25,5173800.0,259.5,3127800.0,51.044998,15800.0,29.4,67000.0,34.994999,35200.0,200.479996,116201000.0,51.849998,570300.0,30.440001000000002,28200.0,121.709999,1639500.0,34.09,48200.0,26.639999,17400.0,30.700001,419200.0,32.994999,32800.0,30.030001000000002,0.0
2014-09-17,27.74,105200.0,117.540001,8328700.0,35.049999,30100.0,17.77,8743500.0,56.02,8300.0,87.480003,734900.0,35.009997999999996,5156200.0,259.26001,2961600.0,51.224998,7600.0,29.200001,45300.0,34.779999,63200.0,200.75,151266000.0,51.860001000000004,170000.0,30.219998999999998,10100.0,121.91999799999999,1443600.0,34.060001,69500.0,26.433332,31200.0,30.68,374000.0,32.869999,106600.0,30.059998999999998,900.0
2014-09-18,27.459999,71000.0,117.779999,5368700.0,34.549999,77400.0,17.77,6335600.0,55.810001,25900.0,85.360001,2007700.0,34.619999,4312500.0,260.160004,820900.0,51.459998999999996,12000.0,29.389999,59500.0,34.900002,33000.0,201.820007,94990000.0,51.84,300100.0,30.299999,2800.0,122.010002,1183800.0,34.040001000000004,59300.0,26.646666999999997,18700.0,30.67,728400.0,32.959998999999996,36600.0,29.950001,900.0
2014-09-19,27.43,37700.0,117.089996,10930200.0,33.790001000000004,230900.0,17.190001000000002,20912700.0,56.220001,17200.0,83.800003,1541300.0,34.57,3403000.0,258.01001,2601200.0,50.645,28000.0,29.25,146300.0,34.665001000000004,11200.0,200.699997,121649000.0,51.950001,162300.0,30.24,2400.0,122.220001,1239000.0,34.049999,33200.0,26.846666,34900.0,30.700001,195500.0,33.314999,20000.0,29.950001,5000.0
2014-09-22,27.129998999999998,57900.0,116.849998,7601600.0,33.540001000000004,202100.0,17.08,10500100.0,55.599998,28100.0,83.879997,843500.0,34.189999,3948400.0,254.50999500000003,3097400.0,50.040001000000004,39400.0,29.08,41900.0,34.145,83800.0,199.149994,125553000.0,52.02,462500.0,30.139999,13600.0,122.040001,1398900.0,34.110001000000004,47000.0,26.866667,91000.0,30.700001,324000.0,33.400002,131800.0,29.950001,0.0
2014-09-23,27.25,36400.0,117.599998,4664800.0,33.389998999999996,105900.0,17.07,6461200.0,55.990002000000004,8000.0,83.279999,777900.0,34.439999,2732700.0,252.47000099999997,3433000.0,49.779999,24000.0,28.84,360200.0,33.93,57800.0,198.009995,111393000.0,52.029999,2306300.0,30.18,5300.0,121.5,1700100.0,34.110001000000004,84500.0,26.993334,22300.0,30.700001,396500.0,33.595001,45400.0,30.030001000000002,200.0
2014-09-24,27.65,124000.0,117.050003,5515000.0,33.650002,111500.0,16.99,8809900.0,56.209998999999996,73100.0,84.720001,1266100.0,35.0,6149100.0,253.75999500000003,1830900.0,50.005001,11400.0,29.01,39500.0,34.334998999999996,23400.0,199.559998,107276000.0,52.0,262300.0,30.25,7100.0,121.019997,2077200.0,34.09,23800.0,26.9,30100.0,30.700001,493100.0,33.395,20000.0,30.030001000000002,0.0
2014-09-25,27.530001000000002,48000.0,117.389999,7631700.0,33.290001000000004,81500.0,16.83,12269700.0,56.599998,24200.0,85.959999,1718300.0,34.830002,4266400.0,250.19999700000002,3675000.0,49.375,18600.0,28.57,35000.0,33.685001,21600.0,196.33999599999999,150300000.0,52.130001,265700.0,29.93,15800.0,120.41999799999999,2723100.0,34.18,57700.0,27.066668,27400.0,30.68,307200.0,33.744999,32800.0,30.01,18800.0
2014-09-26,27.74,71800.0,117.059998,4185200.0,32.970001,68600.0,16.9,4732100.0,55.540001000000004,15400.0,86.32,1370200.0,35.16,3034600.0,252.16000400000001,1007400.0,49.654999,23200.0,28.73,43200.0,33.855,25600.0,197.899994,103547000.0,52.080002,532100.0,29.98,10000.0,120.269997,3433800.0,34.049999,71400.0,26.879998999999998,42600.0,30.690001000000002,263800.0,33.720001,33400.0,29.98,600.0
2014-09-29,27.940001000000002,651200.0,117.029999,4049500.0,33.34,50400.0,16.780001000000002,4739600.0,56.110001000000004,11700.0,88.32,2652200.0,35.52,3333500.0,251.55000299999998,1508500.0,49.535,14800.0,28.49,148700.0,33.240002000000004,62600.0,197.53999299999998,95112000.0,52.110001000000004,1023000.0,29.690001000000002,15500.0,119.940002,3030600.0,34.110001000000004,28000.0,27.073334000000003,99900.0,30.67,398600.0,33.93,82000.0,30.030001000000002,2200.0
2014-09-30,27.129998999999998,339400.0,116.209999,10170100.0,32.860001000000004,100200.0,16.35,18837600.0,54.560001,44300.0,88.440002,1473100.0,34.41,11592100.0,249.32000699999998,2088100.0,49.130001,17800.0,28.370001000000002,1278100.0,33.244999,12200.0,197.020004,131302000.0,52.110001000000004,186000.0,29.610001,48200.0,120.540001,2431500.0,34.130001,69200.0,26.993334,45100.0,30.690001000000002,431000.0,33.82,112000.0,30.139999,9300.0
2014-10-01,26.870001000000002,150600.0,116.769997,7018800.0,32.939999,192000.0,16.48,11171200.0,54.599998,24500.0,86.239998,1551000.0,34.150002,6886000.0,245.97000099999997,4009500.0,48.389998999999996,56600.0,28.059998999999998,279100.0,32.775002,75800.0,194.350006,177798000.0,52.200001,282600.0,29.67,31800.0,120.239998,2542500.0,34.209998999999996,132000.0,27.16,36300.0,30.700001,1209800.0,34.305,328600.0,30.139999,0.0
2014-10-02,26.91,191400.0,116.739998,6349900.0,33.279999,69100.0,16.41,8323200.0,54.009997999999996,130400.0,85.120003,2776900.0,34.369999,8464700.0,246.520004,3152000.0,48.785,25400.0,27.76,337900.0,32.775002,18200.0,194.380005,157285000.0,52.16,266400.0,29.73,4100.0,120.239998,2115900.0,34.099998,74400.0,27.133333,17100.0,30.690001000000002,556500.0,34.064999,113600.0,30.129998999999998,17800.0
2014-10-03,26.469998999999998,66400.0,114.610001,11301300.0,33.209998999999996,119300.0,16.120001000000002,12037500.0,53.09,40300.0,86.519997,1201300.0,33.77,6582300.0,248.16000400000001,2213000.0,49.185001,9000.0,27.75,56200.0,33.099998,11200.0,196.520004,121569000.0,52.189999,528400.0,29.549999,29300.0,120.720001,1905300.0,34.09,90300.0,27.266665999999997,56500.0,30.66,280400.0,34.200001,58200.0,30.059998999999998,3000.0
2014-10-06,26.73,69900.0,116.029999,7644100.0,34.139998999999996,147300.0,16.6,8483800.0,53.98,26500.0,83.839996,2543300.0,34.040001000000004,4541400.0,247.47000099999997,1935800.0,48.625,12400.0,27.9,194400.0,33.57,11800.0,196.28999299999998,104778000.0,52.169998,242000.0,29.74,13600.0,120.809998,1983300.0,34.169998,53500.0,27.273333,47800.0,30.700001,500000.0,34.220001,92000.0,30.120001000000002,6900.0
2014-10-07,26.309998999999998,79200.0,116.360001,5274700.0,34.799999,190900.0,16.48,7987200.0,52.700001,40300.0,84.519997,1418500.0,33.439999,4323800.0,243.850006,2368400.0,48.095001,15000.0,27.440001000000002,73100.0,33.264998999999996,59800.0,193.259995,147913000.0,52.259997999999996,287200.0,29.85,67300.0,120.41999799999999,2319600.0,34.240002000000004,32500.0,27.453333,52800.0,30.690001000000002,247400.0,34.645,238200.0,30.15,1800.0
2014-10-08,26.01,121100.0,117.470001,10670900.0,34.720001,133700.0,16.68,9533800.0,51.869999,29300.0,82.720001,2765900.0,33.0,7458500.0,247.399994,2695800.0,48.790001000000004,57800.0,27.870001000000002,296100.0,33.744999,12400.0,196.639999,186461000.0,52.279999,688100.0,30.02,73400.0,120.779999,2807100.0,34.34,55300.0,27.540001,37600.0,30.719998999999998,1226400.0,34.665001000000004,65000.0,30.15,1100.0
2014-10-09,25.280001000000002,382400.0,117.639999,6610500.0,34.669998,109200.0,16.620001000000002,7293300.0,50.349998,30300.0,82.959999,2600800.0,32.110001000000004,7915300.0,241.52999900000003,4020700.0,47.689999,47000.0,27.16,1084000.0,33.044998,1254200.0,192.740005,210705000.0,52.310001,2435100.0,29.93,9900.0,119.550003,2197200.0,34.32,56400.0,27.406665999999998,104400.0,30.700001,227000.0,34.535,117600.0,30.17,2900.0
2014-10-10,25.389999,335600.0,117.589996,4651400.0,34.02,198600.0,16.639999,5032900.0,50.32,20900.0,82.760002,683300.0,32.18,7599200.0,237.27999900000003,2892300.0,47.110001000000004,22600.0,26.700001,223300.0,32.355,19400.0,190.53999299999998,221909000.0,52.279999,364400.0,29.77,41600.0,118.440002,6579000.0,34.380001,239300.0,27.48,61500.0,30.709999,221600.0,34.834998999999996,46400.0,30.18,7400.0
2014-10-13,25.16,89100.0,118.519997,5396300.0,34.91,107600.0,16.73,4813600.0,50.009997999999996,28300.0,83.879997,1445400.0,31.99,5086800.0,234.38000499999998,4987100.0,46.994999,31200.0,26.66,187400.0,32.825001,32000.0,187.41000400000001,230939000.0,52.349998,197700.0,29.950001,7800.0,118.08000200000001,2931000.0,34.490002000000004,73700.0,27.360001,15700.0,30.709999,517800.0,35.040001000000004,49200.0,30.23,1300.0
2014-10-14,24.219998999999998,196500.0,118.589996,5174800.0,35.759997999999996,130200.0,16.68,4811700.0,48.639998999999996,38500.0,82.0,2885400.0,30.85,15403700.0,236.559998,4082600.0,47.544998,17000.0,26.690001000000002,112100.0,33.005001,77800.0,187.699997,215847000.0,52.380001,176700.0,30.02,11900.0,118.349998,3354900.0,34.439999,57800.0,27.633333,66900.0,30.73,232100.0,35.220001,119800.0,30.280001000000002,800.0
2014-10-15,24.07,404800.0,118.989998,9453800.0,35.240002000000004,268600.0,16.709999,10039000.0,48.049999,33300.0,81.68,1261200.0,30.67,14628300.0,236.330002,7691400.0,48.029999,82000.0,26.559998999999998,141000.0,32.525002,22000.0,186.429993,380715000.0,52.610001000000004,752700.0,30.0,18100.0,118.139999,4363800.0,34.48,59200.0,27.700001,84400.0,30.77,847000.0,35.459998999999996,337800.0,30.379998999999998,3100.0
2014-10-16,24.469998999999998,732500.0,119.220001,6545400.0,35.84,111300.0,16.67,5704100.0,49.220001,44900.0,81.639999,1495400.0,31.1,19073500.0,238.86000099999998,4223100.0,48.52,23800.0,26.4,845000.0,32.25,18400.0,186.270004,270391000.0,52.330002,314900.0,29.879998999999998,7000.0,118.91999799999999,3429900.0,34.380001,92900.0,27.533333000000002,84900.0,30.77,367100.0,35.200001,109200.0,30.32,2700.0
2014-10-17,24.629998999999998,279000.0,118.989998,8059000.0,35.34,72000.0,16.58,5572000.0,49.990002000000004,32100.0,80.879997,1397100.0,31.25,7509000.0,240.61000099999998,1908600.0,48.200001,43600.0,26.809998999999998,241600.0,32.529999,16400.0,188.470001,214625000.0,52.169998,333900.0,29.879998999999998,6500.0,120.0,4567500.0,34.459998999999996,74900.0,27.5,600300.0,30.77,293500.0,35.119999,63400.0,30.290001,4500.0
2014-10-20,24.459999,338600.0,119.800003,3033700.0,35.310001,327500.0,16.73,4520500.0,49.330002,22000.0,78.879997,2124100.0,31.139999,6050400.0,243.07000699999998,1409100.0,48.814999,23400.0,27.030001000000002,123700.0,32.580002,324800.0,190.300003,130011000.0,52.240002000000004,235100.0,30.1,63600.0,121.08000200000001,3638100.0,34.450001,45300.0,27.686666,235300.0,30.77,397600.0,35.235001000000004,124400.0,30.309998999999998,5600.0
2014-10-21,24.6,260100.0,120.019997,4566100.0,36.0,249000.0,16.809998999999998,4743100.0,49.669998,65400.0,79.519997,1347800.0,31.299999,5778500.0,248.75999500000003,2304100.0,49.630001,33400.0,27.35,76000.0,32.875,22600.0,194.070007,154949000.0,52.240002000000004,671200.0,30.110001,9700.0,121.589996,3307500.0,34.48,41900.0,27.613333,231900.0,30.790001,977000.0,34.985001000000004,87200.0,30.309998999999998,35900.0
2014-10-22,24.0,265600.0,119.339996,3740200.0,35.860001000000004,134800.0,16.459999,6514900.0,48.48,51600.0,78.400002,1659200.0,30.549999,8602000.0,246.16000400000001,1504000.0,48.950001,21000.0,27.129998999999998,41300.0,32.595001,10000.0,192.690002,151822000.0,52.23,260700.0,30.040001,17800.0,120.75,3387600.0,34.459998999999996,51500.0,27.6,255300.0,30.780001000000002,390100.0,34.985001000000004,74200.0,30.26,22200.0
2014-10-23,24.459999,293000.0,118.519997,6417500.0,36.610001000000004,183100.0,16.5,5527200.0,49.810001,26200.0,78.08000200000001,3036500.0,31.059998999999998,7258800.0,249.80000299999998,2197900.0,49.799999,27000.0,27.389999,48700.0,32.654999,168800.0,194.929993,154944000.0,52.240002000000004,182800.0,30.01,15900.0,120.839996,3524700.0,34.400002,61300.0,27.366667,93400.0,30.780001000000002,375700.0,34.735001000000004,41200.0,30.27,37900.0
2014-10-24,24.34,94900.0,118.349998,3610600.0,35.919998,268300.0,16.5,3286600.0,49.439999,10800.0,77.440002,1057000.0,30.879998999999998,5649300.0,250.75999500000003,1568400.0,49.855,8800.0,27.530001000000002,28600.0,32.834998999999996,16400.0,196.429993,117927000.0,52.220001,248200.0,29.98,12700.0,121.32,1563300.0,34.419998,49700.0,27.353333000000003,12400.0,30.74,1008500.0,34.715,21000.0,30.280001000000002,1000.0
2014-10-27,24.129998999999998,217400.0,118.059998,2443600.0,36.779999,155700.0,16.42,2937700.0,48.869999,40500.0,76.040001,1630800.0,30.639999,5203300.0,250.479996,1915200.0,49.735001000000004,14200.0,27.4,564600.0,32.509997999999996,4400.0,196.16000400000001,82954000.0,52.220001,204400.0,29.959999,37300.0,120.93,1861200.0,34.43,31000.0,27.393333000000002,76300.0,30.73,1304800.0,34.779999,154000.0,30.360001,32400.0
2014-10-28,24.280001000000002,142800.0,118.099998,3260100.0,37.060001,205600.0,16.49,3376100.0,49.490002000000004,24000.0,78.360001,2099900.0,30.82,4078000.0,254.75,3411900.0,51.235001000000004,24000.0,27.76,55100.0,33.23,87600.0,198.41000400000001,106736000.0,52.220001,159700.0,30.23,46500.0,120.93,2346000.0,34.369999,32300.0,27.346666,163900.0,30.719998999999998,390200.0,34.605,192200.0,30.23,14600.0
2014-10-29,24.639999,249800.0,116.410004,7900800.0,38.110001000000004,176900.0,16.379998999999998,5695000.0,50.299999,35200.0,79.360001,2821100.0,31.23,7632900.0,254.460007,2474700.0,51.330002,22400.0,27.620001000000002,46200.0,33.205002,145400.0,198.110001,142557000.0,52.240002000000004,153600.0,30.190001000000002,91600.0,121.139999,2346300.0,34.279999,194300.0,27.34,70600.0,30.719998999999998,636900.0,34.674999,49000.0,30.17,15500.0
2014-10-30,24.23,83600.0,115.190002,7852200.0,37.630001,161600.0,15.82,16508500.0,49.619999,22400.0,80.239998,1296300.0,30.76,6003000.0,255.190002,2280300.0,51.625,10400.0,27.780001000000002,35300.0,33.615002000000004,33200.0,199.380005,113330000.0,52.299999,416700.0,30.32,39000.0,121.08000200000001,1300800.0,34.299999,126700.0,27.373333000000002,47200.0,30.76,971500.0,34.654999,83200.0,30.190001000000002,5700.0
2014-10-31,24.18,162400.0,112.660004,18208200.0,37.900002,114000.0,15.5,14866500.0,49.52,31900.0,81.120003,1990900.0,30.629998999999998,4680900.0,258.119995,4720100.0,52.490002000000004,23400.0,28.23,2529900.0,33.865002000000004,50800.0,201.66000400000001,146903000.0,52.369999,497200.0,29.969998999999998,26100.0,121.08000200000001,1899300.0,34.330002,41800.0,27.373333000000002,79000.0,30.75,625100.0,34.560001,106200.0,30.25,3500.0
2014-11-03,23.49,182900.0,112.150002,6589800.0,37.689999,136200.0,15.48,10352900.0,48.57,22900.0,84.480003,2499900.0,29.76,18894200.0,258.619995,4124300.0,52.299999,17800.0,27.99,139300.0,33.709998999999996,84200.0,201.770004,93600000.0,52.299999,362900.0,29.66,33600.0,120.75,2451900.0,34.23,52700.0,27.173334000000004,82500.0,30.690001000000002,964200.0,34.540001000000004,330400.0,30.139999,13300.0
2014-11-04,23.09,269000.0,112.220001,6430100.0,36.82,123200.0,15.36,6149300.0,47.700001,38300.0,86.959999,3363600.0,29.299999,12654700.0,257.519989,3036300.0,52.235001000000004,25000.0,27.75,109500.0,33.75,17000.0,201.070007,93343000.0,52.32,443100.0,29.860001,7800.0,120.360001,2590200.0,34.209998999999996,40500.0,27.233334000000003,235600.0,30.68,210200.0,34.625,98200.0,30.200001,700.0
2014-11-05,23.629998999999998,272600.0,109.790001,13560100.0,37.07,159800.0,14.66,15938900.0,48.299999,53600.0,87.839996,2190700.0,29.950001,13851100.0,258.540009,1084100.0,52.305,12000.0,27.809998999999998,279000.0,33.535,35600.0,202.33999599999999,91709000.0,52.310001,627100.0,29.719998999999998,72400.0,120.239998,2163300.0,34.209998999999996,120000.0,27.166665999999996,147900.0,30.68,526400.0,34.599998,42400.0,30.209999,300.0
2014-11-06,23.35,207300.0,109.879997,7019900.0,37.099998,72400.0,14.82,8912600.0,49.060001,30000.0,92.639999,5474500.0,29.6,6351700.0,260.350006,1816700.0,52.360001000000004,8200.0,27.709999,41900.0,33.105,40600.0,203.149994,107089000.0,52.330002,4332600.0,29.469998999999998,62000.0,120.480003,1535700.0,34.040001000000004,343900.0,27.046667,101700.0,30.68,243200.0,34.389998999999996,18400.0,30.040001,600.0
2014-11-07,23.48,179300.0,112.970001,10916500.0,36.970001,159900.0,15.1,9881500.0,49.029999,21200.0,91.599998,4241600.0,29.76,6585100.0,260.5,1715500.0,52.369999,8200.0,27.76,31300.0,33.23,22600.0,203.33999599999999,89540000.0,52.360001000000004,1289900.0,29.6,7600.0,120.540001,1547100.0,34.189999,31400.0,27.24,66600.0,30.700001,275200.0,34.740002000000004,39600.0,30.040001,0.0
2014-11-10,23.110001,84000.0,110.459999,8548500.0,36.830002,114300.0,14.92,7315800.0,48.330002,14800.0,89.800003,3424300.0,29.34,7499200.0,261.26001,2126000.0,52.544998,23000.0,27.860001,50700.0,33.334998999999996,14800.0,203.979996,66319000.0,52.380001,576700.0,29.559998999999998,8400.0,120.57,706800.0,34.119999,32000.0,27.013334000000004,123400.0,30.67,204300.0,34.43,48000.0,30.17,102900.0
2014-11-11,23.18,98600.0,112.040001,8603200.0,37.639998999999996,60300.0,15.11,8097400.0,48.349998,17200.0,88.32,3201400.0,29.42,4859600.0,261.339996,2619500.0,52.740002000000004,265000.0,28.0,431100.0,33.294998,654400.0,204.179993,54499400.0,52.369999,417500.0,29.58,15700.0,120.809998,1687800.0,34.189999,439300.0,27.08,1129500.0,30.65,263200.0,34.445,59400.0,30.110001,4200.0
2014-11-12,22.969998999999998,223600.0,111.5,5133300.0,38.110001000000004,153200.0,15.03,9467400.0,48.16,10600.0,87.160004,2233600.0,29.139999,6032600.0,261.859985,2331500.0,53.09,10400.0,27.870001000000002,90700.0,33.200001,247800.0,203.96000700000002,90120300.0,52.389998999999996,204600.0,29.5,12100.0,120.599998,2452200.0,34.119999,130200.0,27.059998999999998,794100.0,30.66,330500.0,34.470001,63600.0,30.120001000000002,8400.0
2014-11-13,22.280001000000002,177200.0,111.66999799999999,4874600.0,38.73,122500.0,14.97,6756800.0,46.09,96300.0,83.360001,3992400.0,28.290001,17646300.0,260.690002,1206600.0,52.509997999999996,43600.0,27.9,36100.0,33.049999,449400.0,204.190002,85357900.0,52.400002,507100.0,29.42,18200.0,119.970001,3063900.0,34.16,76800.0,27.026667,154600.0,30.68,350800.0,34.5,27200.0,30.120001000000002,2900.0
2014-11-14,22.709999,221000.0,114.470001,14173600.0,38.259997999999996,81100.0,15.63,22214500.0,47.209998999999996,37300.0,85.199997,2626500.0,28.83,7998900.0,260.549988,2469600.0,52.48,26800.0,27.959999,51300.0,33.334998999999996,160200.0,204.240005,80417500.0,52.439999,290400.0,29.49,8900.0,119.58000200000001,2588400.0,34.119999,25700.0,27.026667,18900.0,30.66,654200.0,34.669998,22600.0,30.139999,4500.0
2014-11-17,22.57,304300.0,114.050003,5441000.0,38.080002,51000.0,15.5,8246200.0,46.689999,19700.0,89.800003,4663800.0,28.68,5791300.0,260.130005,1698200.0,52.049999,42400.0,27.889999,30900.0,32.970001,121200.0,204.369995,80441000.0,52.470001,2032200.0,29.280001000000002,7900.0,119.370003,1965600.0,34.16,74300.0,26.933332,74100.0,30.67,242500.0,34.560001,31200.0,30.120001000000002,2500.0
2014-11-18,22.200001,279900.0,115.050003,5586700.0,37.57,42200.0,15.55,5979300.0,46.93,16000.0,89.08000200000001,3807000.0,28.200001,7272600.0,261.52999900000003,1664200.0,52.275002,52200.0,28.16,33300.0,33.185001,55200.0,205.550003,76068100.0,52.439999,407100.0,29.459999,47700.0,119.129997,3172500.0,34.189999,83900.0,26.946666999999998,52200.0,30.67,576300.0,34.665001000000004,64000.0,30.15,1600.0
2014-11-19,22.219998999999998,251200.0,113.68,11997700.0,36.689999,127900.0,15.48,19599900.0,46.939999,14400.0,92.519997,5185400.0,28.25,6733200.0,260.649994,1743100.0,51.764998999999996,10400.0,28.07,44200.0,33.174999,21200.0,205.220001,82373000.0,52.389998999999996,250900.0,29.34,10700.0,119.010002,2241600.0,34.130001,171600.0,26.773333,126000.0,30.66,223100.0,34.474998,22200.0,30.15,2300.0
2014-11-20,22.620001000000002,325500.0,114.860001,5607800.0,37.560001,56700.0,15.6,5925900.0,46.84,17900.0,94.040001,5462300.0,28.73,7225700.0,261.920013,1033100.0,52.235001000000004,50400.0,27.99,41500.0,33.095001,39000.0,205.580002,72840300.0,52.5,377300.0,29.48,18300.0,118.949997,1004100.0,34.150002,49400.0,26.866667,106600.0,30.67,497700.0,34.639998999999996,79200.0,30.15,800.0
2014-11-21,22.92,244800.0,115.389999,6564300.0,37.639998999999996,77300.0,15.79,9215900.0,47.580002,18100.0,89.91999799999999,3593900.0,29.1,10808000.0,263.170013,1849900.0,52.244999,14400.0,28.190001000000002,52800.0,34.060001,192800.0,206.679993,142327300.0,52.560001,319600.0,29.639999,10800.0,119.610001,1792200.0,34.209998999999996,55900.0,27.033333000000002,60100.0,30.66,341200.0,34.834998999999996,54000.0,30.16,1700.0
2014-11-24,22.639999,216600.0,115.110001,4695000.0,37.52,50800.0,15.78,4993300.0,46.91,39500.0,87.400002,3680700.0,28.74,8452700.0,264.940002,1224900.0,52.75,5800.0,28.309998999999998,96300.0,33.830002,15800.0,207.259995,65880800.0,52.540001000000004,460600.0,29.540001,11700.0,119.639999,1524900.0,34.259997999999996,39800.0,27.08,76600.0,30.690001000000002,407200.0,34.830002,262400.0,30.16,2900.0
2014-11-25,22.040001,193400.0,115.379997,9051800.0,38.220001,124000.0,15.98,7144200.0,46.639998999999996,47100.0,90.279999,3043500.0,28.030001000000002,24794200.0,265.01001,1244500.0,52.955002,31000.0,28.370001000000002,24800.0,33.724998,37200.0,207.110001,79108300.0,52.700001,328800.0,29.66,16700.0,119.82,1538100.0,34.32,54800.0,27.333334000000004,63300.0,30.700001,273400.0,35.139998999999996,83200.0,30.16,10800.0
2014-11-26,21.940001000000002,368000.0,115.160004,3184000.0,38.380001,60900.0,15.87,3791900.0,46.529999,22300.0,88.440002,3606000.0,27.9,14993400.0,264.980011,1320300.0,53.130001,11800.0,28.459999,52600.0,33.915001000000004,9000.0,207.639999,62167800.0,52.75,362800.0,29.799999,19800.0,119.940002,907200.0,34.380001,131100.0,27.440001000000002,253200.0,30.719998999999998,355500.0,35.235001000000004,27800.0,30.190001000000002,600.0
2014-11-28,20.030001000000002,640100.0,112.110001,9616300.0,38.240002000000004,39900.0,14.83,13579400.0,43.139998999999996,120800.0,85.040001,1566200.0,25.58,20256800.0,262.859985,1065700.0,52.830002,8400.0,28.17,66600.0,33.334998999999996,6800.0,207.199997,57890100.0,52.77,188700.0,29.540001,3500.0,118.739998,1398000.0,34.389998999999996,25200.0,27.553333000000002,11200.0,30.73,181300.0,35.419998,54000.0,30.200001,1300.0
2014-12-01,20.700001,508800.0,116.58000200000001,15644000.0,38.869999,93800.0,15.78,24697300.0,43.82,35700.0,81.839996,4858200.0,26.32,25990000.0,259.540009,1726300.0,51.689999,18600.0,28.190001000000002,1654000.0,32.785,9200.0,205.759995,103968400.0,52.779999,740000.0,29.440001000000002,17500.0,117.269997,5166600.0,34.299999,401900.0,27.200001,27400.0,30.700001,608900.0,35.209998999999996,45200.0,30.200001,1600.0
2014-12-02,20.040001,246800.0,115.139999,6378100.0,38.09,70600.0,15.75,8868000.0,42.200001,30500.0,79.0,3767200.0,25.58,20426100.0,261.130005,1095700.0,52.16,9600.0,28.25,73500.0,32.900002,45800.0,207.08999599999999,74507200.0,52.669998,376300.0,29.18,14800.0,117.629997,2954100.0,34.189999,140400.0,26.986665999999996,32200.0,30.68,423100.0,34.875,138200.0,30.139999,600.0
2014-12-03,20.040001,378900.0,116.33000200000001,5758800.0,37.82,55800.0,15.73,5854400.0,42.0,10600.0,77.440002,2688500.0,25.58,12303500.0,263.339996,1143900.0,52.779999,12200.0,28.299999,942300.0,33.02,336600.0,207.889999,68952000.0,52.68,266100.0,29.040001,9700.0,117.629997,2130600.0,34.189999,147200.0,27.113333,26500.0,30.65,477200.0,34.985001000000004,34800.0,30.129998999999998,1300.0
2014-12-04,19.82,158000.0,115.879997,3623600.0,38.25,60100.0,15.77,6370900.0,41.639998999999996,12800.0,74.239998,2706900.0,25.34,6917900.0,262.929993,3291400.0,52.369999,8200.0,28.190001000000002,71500.0,32.860001000000004,27200.0,207.66000400000001,91316600.0,52.650002,666700.0,29.09,13100.0,117.510002,2197500.0,34.23,65600.0,27.233334000000003,61900.0,30.67,729900.0,35.345001,74000.0,30.15,1800.0
2014-12-05,19.51,376900.0,114.43,6331000.0,38.939999,73800.0,15.61,6654100.0,40.970001,46800.0,77.360001,2909200.0,24.959999,11508000.0,263.329987,1384000.0,52.77,9600.0,28.209999,71900.0,32.945,6600.0,208.0,91025500.0,52.48,942300.0,28.860001,9800.0,117.389999,1330200.0,34.060001,35500.0,27.113333,56100.0,30.610001,230400.0,35.119999,20000.0,30.07,700.0
2014-12-08,18.65,510800.0,115.779999,5224500.0,38.810001,87100.0,15.71,6494600.0,39.580002,23900.0,73.879997,3246600.0,23.91,15299600.0,261.459991,2203800.0,52.115002000000004,8000.0,27.92,186000.0,32.384997999999996,43000.0,206.610001,108588200.0,52.560001,506300.0,28.639999,24500.0,116.66999799999999,1467900.0,34.130001,177500.0,27.266665999999997,43600.0,30.6,575300.0,35.450001,60200.0,30.059998999999998,25800.0
2014-12-09,18.860001,325300.0,118.190002,10467200.0,38.900002,88000.0,16.32,15014100.0,39.919998,22300.0,74.120003,1652800.0,24.200001,12067000.0,262.920013,1882100.0,53.0,23800.0,27.83,313400.0,32.029999,918200.0,206.470001,125180100.0,52.66,329100.0,28.690001000000002,113300.0,116.339996,4257900.0,34.150002,33400.0,27.246665999999998,332700.0,30.6,721600.0,35.650002,230000.0,30.07,3500.0
2014-12-10,18.129998999999998,2438100.0,117.959999,4277400.0,38.580002,49800.0,16.370001000000002,7285300.0,38.450001,94100.0,75.440002,2287600.0,23.280001000000002,26212500.0,257.829987,1906100.0,51.884997999999996,15400.0,27.469998999999998,111400.0,31.645,13600.0,203.16000400000001,159856400.0,52.810001,344400.0,28.58,11000.0,114.959999,3996000.0,34.209998999999996,57000.0,27.246665999999998,54600.0,30.58,1068300.0,35.945,38400.0,30.09,300.0
2014-12-11,17.610001,465700.0,117.690002,5214500.0,39.040001000000004,51800.0,16.33,5315600.0,37.689999,25500.0,74.559998,3070200.0,22.68,21566900.0,259.290009,1919100.0,51.98,14000.0,27.42,89500.0,31.280001000000002,79400.0,204.190002,159012800.0,52.790001000000004,300500.0,28.41,10800.0,114.239998,4287000.0,34.169998,101800.0,27.313334,35100.0,30.620001000000002,397700.0,35.904999,116400.0,30.110001,7600.0
2014-12-12,17.030001000000002,1035400.0,117.410004,4736500.0,39.68,194900.0,16.299999,5443800.0,37.040001000000004,19600.0,76.879997,3100300.0,21.93,26468600.0,255.710007,2336700.0,51.494999,27400.0,26.92,144800.0,30.9,39200.0,200.889999,202330200.0,52.860001000000004,241900.0,28.27,19800.0,112.889999,3838500.0,34.330002,32400.0,27.506666,114700.0,30.59,587100.0,36.485001000000004,61400.0,30.16,10400.0
2014-12-15,16.24,534500.0,114.389999,8796000.0,39.98,101200.0,15.47,13477800.0,36.240002000000004,18700.0,76.08000200000001,2350000.0,21.059998999999998,25743700.0,253.88999900000002,3483700.0,51.110001000000004,22200.0,26.57,162800.0,30.285,174600.0,199.509995,189965800.0,52.93,1221400.0,28.030001000000002,29200.0,113.220001,5952900.0,34.189999,120100.0,27.42,43000.0,30.57,596300.0,36.415001000000004,56400.0,30.129998999999998,5900.0
2014-12-16,16.49,886900.0,114.949997,9174000.0,39.759997999999996,139100.0,15.08,14706400.0,35.720001,49500.0,74.120003,2048000.0,21.299999,47696000.0,253.350006,3010900.0,50.945,25800.0,26.780001000000002,168100.0,30.165001,119200.0,197.91000400000001,259543800.0,53.040001000000004,320500.0,27.790001,59900.0,112.379997,5275800.0,34.240002000000004,77000.0,27.446666999999998,33300.0,30.59,824200.0,36.82,68000.0,30.15,1200.0
2014-12-17,16.52,1644700.0,114.269997,9097300.0,40.32,107000.0,15.1,15472600.0,36.139998999999996,42000.0,75.199997,1330700.0,21.34,47424400.0,259.160004,2647400.0,52.275002,33000.0,27.1,104200.0,30.92,47600.0,201.78999299999998,253910100.0,53.040001000000004,339000.0,28.4,25200.0,114.510002,5232900.0,34.099998,46800.0,27.513334000000004,105300.0,30.59,359800.0,36.535,307400.0,30.129998999999998,3100.0
2014-12-18,16.049999,768800.0,115.150002,5258100.0,40.790001000000004,86400.0,15.25,5949700.0,35.59,39700.0,74.959999,2291700.0,20.74,33130400.0,263.640015,1892000.0,52.939999,35600.0,27.549999,1381300.0,31.445,145600.0,206.779999,257633900.0,52.98,861200.0,28.360001,290800.0,115.32,4164900.0,34.09,89200.0,27.173334000000004,269200.0,30.6,467700.0,36.009997999999996,117600.0,30.07,10900.0
2014-12-19,17.030001000000002,923900.0,114.769997,4652300.0,40.310001,88400.0,15.39,4809500.0,36.830002,84900.0,70.800003,3912500.0,21.959999,27840900.0,263.299988,1852600.0,51.514998999999996,30600.0,27.24,246400.0,31.190001000000002,32400.0,206.520004,245084600.0,53.049999,523600.0,28.58,55800.0,116.66999799999999,3349800.0,34.130001,72900.0,27.666665999999996,195100.0,30.559998999999998,558900.0,36.349998,169800.0,30.059998999999998,14400.0
2014-12-22,16.16,1297700.0,112.550003,7483200.0,40.16,47400.0,14.99,10941000.0,35.509997999999996,54700.0,65.440002,4776500.0,20.92,20581700.0,264.380005,2701100.0,51.974998,14800.0,27.280001000000002,139600.0,31.555,90000.0,207.470001,148318900.0,53.119999,481600.0,28.370001000000002,45800.0,116.519997,2623800.0,34.200001,46700.0,27.746665999999998,195900.0,30.59,496400.0,36.424999,75000.0,30.07,17700.0
2014-12-23,16.68,368700.0,112.739998,7763300.0,40.529999,63400.0,15.04,4722600.0,36.52,37200.0,64.91999799999999,2103100.0,21.559998999999998,16178600.0,265.309998,2336300.0,52.139998999999996,14600.0,27.27,136100.0,31.315001000000002,42400.0,207.75,122167900.0,52.990002000000004,1281000.0,28.280001000000002,140700.0,116.879997,2484600.0,34.169998,195100.0,27.413334000000003,65800.0,30.540001,367100.0,35.82,72000.0,30.030001000000002,4300.0
2014-12-24,16.280001000000002,290100.0,112.769997,1501600.0,39.700001,47200.0,15.09,2615000.0,35.610001000000004,44700.0,62.439999,1580600.0,21.049999,9762600.0,265.899994,537000.0,52.404999,34800.0,27.35,98300.0,31.42,72200.0,207.770004,42963400.0,52.959998999999996,283000.0,28.049999,44800.0,117.209999,778200.0,34.169998,41600.0,27.513334000000004,102300.0,30.58,477800.0,35.889998999999996,17200.0,30.02,1500.0
2014-12-26,16.059998999999998,504900.0,114.83000200000001,3765600.0,40.16,20500.0,15.35,4817500.0,35.080002,44500.0,61.919998,1747000.0,20.780001000000002,12554500.0,266.570007,2772500.0,52.685001,18400.0,27.469998999999998,118000.0,31.52,95400.0,208.440002,57326700.0,53.02,241200.0,28.33,77300.0,116.849998,584100.0,34.169998,38300.0,27.573334000000003,123400.0,30.58,482000.0,36.029999,96200.0,30.030001000000002,400.0
2014-12-29,15.66,489100.0,113.66999799999999,12963700.0,40.080002,98800.0,15.11,6973300.0,33.810001,66100.0,64.279999,3737500.0,20.299999,21605900.0,267.809998,2616900.0,52.955002,23000.0,27.290001,244400.0,31.475,76200.0,208.720001,79643900.0,53.080002,552700.0,28.34,165500.0,116.43,1755300.0,34.16,87300.0,27.620001000000002,105000.0,30.549999,476300.0,36.174999,91600.0,30.110001,1200.0
2014-12-30,15.65,571900.0,115.199997,7987300.0,39.490002000000004,48300.0,15.58,11589900.0,33.630001,51800.0,62.880001,1881400.0,20.290001,17107800.0,266.730011,1086000.0,52.755001,41800.0,27.120001000000002,523300.0,31.445,41800.0,207.600006,73540800.0,53.139998999999996,468200.0,28.35,67500.0,116.339996,1380900.0,34.189999,36800.0,27.673334000000004,171300.0,30.559998999999998,499600.0,36.27,109400.0,30.059998999999998,114300.0
2014-12-31,15.7,1068400.0,113.58000200000001,7624200.0,38.59,324200.0,15.06,12808700.0,34.150002,50300.0,59.080002,4266000.0,20.360001,24301300.0,263.97000099999997,2431300.0,52.259997999999996,53800.0,26.9,294600.0,31.42,26600.0,205.53999299999998,130333800.0,53.110001000000004,644100.0,28.41,75000.0,115.83000200000001,1291800.0,34.18,37500.0,27.573334000000003,67500.0,30.58,633300.0,36.435001,148600.0,30.08,3100.0
2015-01-02,15.28,329600.0,114.08000200000001,7109600.0,38.18,126900.0,15.11,8759900.0,33.220001,45700.0,59.84,3758300.0,19.889999,21106500.0,263.549988,1532700.0,51.959998999999996,51000.0,26.76,2363600.0,31.205,18400.0,205.429993,121465900.0,53.349998,448200.0,28.24,127300.0,116.040001,1245900.0,34.27,80000.0,27.846666,87400.0,30.57,235900.0,36.669998,339200.0,30.1,1600.0
2015-01-05,14.43,848000.0,115.800003,8177400.0,39.209998999999996,70200.0,15.5,9535900.0,31.76,87500.0,59.48,3944200.0,18.790001,31499500.0,259.649994,1108500.0,51.075001,41600.0,26.139999,357600.0,30.790001,39800.0,201.720001,169632600.0,53.330002,650400.0,27.969998999999998,44900.0,115.230003,4987500.0,34.279999,187900.0,27.986665999999996,173100.0,30.530001000000002,487200.0,37.255001,297000.0,30.120001000000002,3900.0
2015-01-06,13.82,901400.0,117.120003,11238300.0,39.439999,69700.0,15.83,9969900.0,31.120001000000002,43600.0,59.720001,2214400.0,18.049999,42235000.0,256.609985,2167800.0,50.349998,279200.0,25.83,660000.0,30.725,148800.0,199.820007,209151400.0,53.450001,523000.0,27.870001000000002,19100.0,114.690002,3541200.0,34.389998999999996,85600.0,28.313334,158700.0,30.530001000000002,627500.0,37.875,179400.0,30.16,7800.0
2015-01-07,14.05,713900.0,116.43,6434200.0,38.799999,62400.0,15.85,8129300.0,30.690001000000002,66200.0,58.32,3880800.0,18.370001000000002,31332600.0,260.079987,1278800.0,50.790001000000004,22200.0,26.120001000000002,99600.0,31.32,20200.0,202.309998,125346700.0,53.41,391800.0,28.209999,13100.0,115.32,2964300.0,34.389998999999996,86300.0,28.326665999999996,168400.0,30.549999,960100.0,37.805,142200.0,30.15,5000.0
2015-01-08,14.2,978400.0,115.940002,7033700.0,38.400002,80600.0,15.64,5063800.0,30.889999,60800.0,59.759997999999996,3603900.0,18.549999,26705500.0,264.109985,3690500.0,51.715,19800.0,26.450001,101300.0,31.940001000000002,58200.0,205.899994,147217800.0,53.389998999999996,2174700.0,28.32,22300.0,116.099998,2579100.0,34.349998,139400.0,28.1,96700.0,30.6,431500.0,37.369999,150400.0,30.16,2800.0
2015-01-09,14.0,742900.0,117.260002,7962900.0,38.560001,43600.0,15.77,4402100.0,30.4,58400.0,59.959998999999996,1695200.0,18.280001000000002,26502200.0,261.880005,1405400.0,51.32,29400.0,26.33,68400.0,31.745001000000002,25600.0,204.25,158567300.0,53.360001000000004,328300.0,28.299999,9700.0,116.730003,3645600.0,34.43,55000.0,28.280001000000002,171900.0,30.620001000000002,405000.0,37.720001,159600.0,30.209999,7900.0
2015-01-12,13.27,759600.0,118.559998,8318200.0,38.02,77100.0,15.87,5517200.0,29.48,71900.0,56.720001,3525800.0,17.41,30762400.0,260.480011,1127200.0,50.994999,60200.0,26.209999,772000.0,31.495001000000002,77800.0,202.649994,144396100.0,53.48,429400.0,28.27,13300.0,116.610001,2963400.0,34.450001,212200.0,28.293333,727300.0,30.610001,419600.0,37.91,362200.0,30.24,19300.0
2015-01-13,13.43,775700.0,118.160004,7693200.0,37.110001000000004,172300.0,16.290001,15538500.0,29.450001,55200.0,59.759997999999996,2492800.0,17.620001000000002,33007700.0,260.359985,2493200.0,51.174999,99400.0,26.379998999999998,388800.0,31.639999,59400.0,202.080002,214553300.0,53.529999,695200.0,28.450001,55200.0,116.489998,2600400.0,34.470001,61000.0,28.366667,311500.0,30.639999,228800.0,37.939999,208400.0,30.25,13100.0
2015-01-14,13.99,769200.0,117.970001,7727400.0,36.790001000000004,146700.0,16.129998999999998,7356600.0,31.02,78900.0,66.720001,8386800.0,18.27,42369300.0,259.290009,2195200.0,51.055,43400.0,26.33,80800.0,31.51,17600.0,200.860001,192991100.0,53.66,348500.0,28.530001000000002,9200.0,116.220001,2298900.0,34.52,72100.0,28.453333,222100.0,30.629998999999998,301900.0,38.200001,120000.0,30.299999,410400.0
2015-01-15,13.3,791500.0,120.940002,17692500.0,36.330002,109500.0,16.15,10896800.0,29.969998999999998,98900.0,64.480003,5277600.0,17.450001,50092700.0,256.410004,1000000.0,50.16,17800.0,26.459999,83200.0,31.58,22200.0,199.020004,176613900.0,53.41,1302700.0,28.24,87500.0,115.559998,2712000.0,34.630001,153400.0,28.526667,349200.0,30.65,385700.0,38.855,364600.0,30.35,7400.0
2015-01-16,14.04,871800.0,122.519997,14428200.0,36.599998,57800.0,16.950001,22232400.0,31.360001,80300.0,62.759997999999996,3702700.0,18.33,37738600.0,259.980011,1643400.0,51.075001,39800.0,26.75,161100.0,31.844998999999998,19600.0,201.630005,211879600.0,53.720001,433100.0,28.57,11400.0,115.889999,2944500.0,34.540001000000004,140300.0,28.293333,144000.0,30.610001,2912000.0,38.299999,67600.0,30.309998999999998,3500.0
2015-01-20,13.32,1124300.0,124.199997,14968600.0,36.77,82400.0,17.18,10879700.0,30.360001,78200.0,58.759997999999996,5450300.0,17.48,28506900.0,259.48999,1186000.0,50.674999,29800.0,26.780001000000002,167900.0,31.805,170000.0,202.059998,130991100.0,53.700001,935600.0,28.33,21900.0,115.889999,2261100.0,34.509997999999996,120400.0,28.66,220500.0,30.620001000000002,1414000.0,38.799999,355200.0,30.299999,5400.0
2015-01-21,13.57,780800.0,124.230003,11082700.0,36.619999,25200.0,17.370001000000002,13769400.0,30.49,73900.0,60.080002,3162900.0,17.77,23663900.0,261.049988,1804700.0,50.485001000000004,16200.0,26.959999,268700.0,32.575001,26800.0,203.080002,122942700.0,53.779999,572500.0,28.42,18900.0,116.339996,1862100.0,34.459998999999996,90800.0,28.433332,759100.0,30.66,498300.0,38.360001000000004,73000.0,30.280001000000002,14500.0
2015-01-22,13.27,1710400.0,125.230003,10518400.0,36.43,47500.0,17.610001,8313100.0,30.65,66900.0,58.200001,4521100.0,17.41,37781100.0,265.920013,1791000.0,51.740002000000004,54200.0,27.09,76800.0,33.07,36600.0,206.100006,174356000.0,53.709998999999996,567600.0,28.59,16000.0,116.489998,2225100.0,34.490002000000004,94600.0,28.386667,71400.0,30.629998999999998,513900.0,38.220001,122800.0,30.25,14900.0
2015-01-23,12.94,1504700.0,124.230003,6270900.0,36.330002,29900.0,17.51,6373900.0,30.91,64900.0,59.880001,3246000.0,17.0,32541300.0,264.559998,1377500.0,51.695,25200.0,26.950001,77400.0,32.860001000000004,21000.0,204.970001,117516800.0,54.029999,816300.0,28.700001,36600.0,116.519997,2380200.0,34.610001000000004,76700.0,28.68,147900.0,30.67,310400.0,38.674999,80200.0,30.280001000000002,900.0
2015-01-26,12.82,1319200.0,122.989998,6768600.0,36.16,54200.0,17.129998999999998,8168800.0,30.25,76200.0,58.200001,3602000.0,16.870001000000002,28385100.0,267.690002,1687300.0,52.040001000000004,41600.0,27.290001,184300.0,32.849998,8600.0,205.449997,92009700.0,53.959998999999996,603700.0,28.370001000000002,64400.0,117.209999,3590400.0,34.580002,45800.0,28.66,709300.0,30.65,374600.0,38.654999,154000.0,30.299999,42500.0
2015-01-27,13.11,1420000.0,124.400002,9584800.0,35.900002,66300.0,17.33,5612200.0,31.129998999999998,85200.0,59.119999,2614900.0,17.209999,23210600.0,265.880005,1441900.0,51.720001,23800.0,27.33,1247000.0,32.755001,40200.0,202.740005,134044600.0,53.91,480800.0,28.700001,21600.0,117.059998,3243600.0,34.619999,93800.0,28.653334,79500.0,30.68,1930600.0,38.654999,82800.0,30.309998999999998,4200.0
2015-01-28,12.57,2245500.0,123.41999799999999,8470600.0,35.27,96900.0,17.23,5283500.0,31.110001,114100.0,58.200001,2834900.0,16.559998999999998,40085000.0,262.640015,2276700.0,50.98,20600.0,26.98,44600.0,32.25,20600.0,200.139999,168514300.0,54.029999,601100.0,28.530001000000002,19700.0,116.610001,2592900.0,34.740002000000004,54000.0,28.953333,95800.0,30.709999,1059300.0,39.205002,232400.0,30.34,13500.0
2015-01-29,12.65,1039700.0,120.760002,11998000.0,35.299999,55200.0,16.24,17828100.0,31.459999,55400.0,55.52,6250300.0,16.68,28619100.0,264.600006,1748800.0,51.439999,29400.0,27.26,63500.0,32.439999,33200.0,201.990005,173585400.0,53.98,608500.0,28.469998999999998,7800.0,117.059998,2079300.0,34.639998999999996,81300.0,28.926665999999997,51600.0,30.690001000000002,543900.0,38.955002,345600.0,30.309998999999998,1000.0
2015-01-30,13.62,1210000.0,123.449997,14555900.0,35.07,61600.0,16.540001,8491000.0,32.950001,186000.0,54.68,3206300.0,17.82,47961500.0,261.070007,2926100.0,50.5,65200.0,26.91,72400.0,31.535,20000.0,199.449997,197729700.0,54.060001,863800.0,28.23,45200.0,116.82,1772400.0,34.810001,31500.0,29.266665999999997,90600.0,30.700001,753600.0,39.599998,117000.0,30.370001000000002,11100.0
2015-02-02,14.27,1728500.0,122.41999799999999,8885200.0,34.830002,59200.0,16.469998999999998,5852000.0,34.860001000000004,253000.0,54.68,2583400.0,18.620001000000002,41519800.0,263.059998,2798000.0,50.994999,30800.0,27.26,152600.0,32.16,10000.0,201.919998,163107000.0,54.07,1147300.0,28.33,45500.0,116.519997,1136700.0,34.73,52300.0,29.113333,72100.0,30.709999,259400.0,39.345001,482400.0,30.360001,15800.0
2015-02-03,15.09,1928600.0,121.050003,8255900.0,36.220001,46200.0,16.549999,7277200.0,35.779999,391600.0,56.32,2964600.0,19.620001000000002,76461000.0,267.890015,2150100.0,52.0,17000.0,27.66,112500.0,32.66,20000.0,204.83999599999999,124212900.0,53.950001,2686400.0,28.559998999999998,45200.0,117.089996,2602200.0,34.650002,83500.0,28.746665999999998,62100.0,30.690001000000002,330200.0,38.59,123000.0,30.32,14800.0
2015-02-04,14.09,1872700.0,121.58000200000001,5386700.0,35.900002,48500.0,16.629998999999998,6890000.0,33.689999,196500.0,54.279999,2401900.0,18.280001000000002,66548700.0,266.790009,1850000.0,52.049999,20200.0,27.43,199100.0,32.439999,32200.0,204.059998,134306700.0,53.900002,1260100.0,28.280001000000002,44500.0,116.760002,1709400.0,34.66,74700.0,28.773333,100000.0,30.67,225300.0,38.700001,215000.0,30.33,7600.0
2015-02-05,14.56,2264100.0,121.790001,6879900.0,36.400002,28900.0,16.58,6264400.0,34.540001000000004,185100.0,53.119999,3367300.0,19.030001000000002,50186200.0,269.570007,1656500.0,52.599998,14200.0,27.77,102200.0,32.68,50600.0,206.119995,97953200.0,53.799999,627200.0,28.42,81900.0,117.449997,3549300.0,34.650002,50100.0,28.626666999999998,57000.0,30.709999,518200.0,38.294998,212200.0,30.309998999999998,33300.0
2015-02-06,14.76,1150100.0,118.639999,13206900.0,36.32,37400.0,16.030001000000002,12120100.0,35.169998,102100.0,52.68,2377800.0,19.469998999999998,41530100.0,268.559998,1583000.0,52.450001,37600.0,27.389999,153100.0,32.154999,93600.0,205.550003,125672000.0,53.639998999999996,456700.0,28.07,27000.0,117.690002,2808900.0,34.490002000000004,398900.0,28.406665999999998,124600.0,30.610001,1548000.0,37.705002,212200.0,30.18,12000.0
2015-02-09,14.98,862500.0,119.16999799999999,5237200.0,36.650002,28400.0,16.32,3944100.0,35.560001,136700.0,53.200001,2817400.0,19.77,34839200.0,267.130005,1057400.0,52.005001,17200.0,27.33,68300.0,32.105,10200.0,204.630005,87219000.0,53.610001000000004,562900.0,28.07,23900.0,117.57,1462200.0,34.380001,121500.0,28.326665999999996,48100.0,30.639999,359100.0,37.68,195600.0,30.16,132000.0
2015-02-10,14.67,666900.0,118.470001,4086300.0,36.23,60200.0,16.190001000000002,5525900.0,35.259997999999996,107400.0,54.880001,4276300.0,18.940001000000002,33741800.0,269.369995,1514600.0,52.310001,47400.0,27.51,260200.0,32.064999,308600.0,206.809998,96164200.0,53.48,681400.0,27.84,18800.0,117.900002,2438400.0,34.41,53900.0,28.206667,134500.0,30.610001,738100.0,37.349998,864400.0,30.15,6100.0
2015-02-11,14.48,818300.0,117.07,6784400.0,36.240002000000004,35100.0,16.08,4646100.0,34.810001,82200.0,57.599998,3166600.0,18.51,36156300.0,269.209991,1490100.0,52.189999,15800.0,27.379998999999998,115900.0,31.924999,31800.0,206.929993,91087800.0,53.630001,529000.0,27.65,58700.0,117.93,1324800.0,34.419998,83900.0,28.193333000000003,59800.0,30.629998999999998,314300.0,37.380001,176600.0,30.129998999999998,18500.0
2015-02-12,14.8,780200.0,117.339996,4344400.0,36.110001000000004,39700.0,16.15,4937100.0,35.939999,100400.0,55.52,3696700.0,19.18,31924200.0,271.73999,3121100.0,52.935001,31000.0,27.790001,232300.0,32.52,9800.0,208.919998,97545900.0,53.709998999999996,513000.0,27.860001,74500.0,117.989998,1865700.0,34.330002,272600.0,28.133333,69000.0,30.66,344400.0,37.264998999999996,77000.0,30.17,9300.0
2015-02-13,14.88,925900.0,117.980003,4108900.0,36.650002,38300.0,16.540001,7132100.0,36.560001,128700.0,56.880001,1768200.0,19.620001000000002,30903900.0,273.5,2024600.0,53.115002000000004,22200.0,27.969998999999998,50300.0,32.834998999999996,114200.0,209.77999900000003,93670400.0,53.599998,420300.0,27.91,22100.0,118.290001,1647300.0,34.25,265900.0,27.9,111700.0,30.639999,567000.0,36.880001,97000.0,30.16,8500.0
2015-02-17,14.9,485000.0,116.010002,7225200.0,36.950001,24300.0,15.83,15675200.0,36.07,176000.0,56.759997999999996,2136400.0,19.790001,30491200.0,273.450012,1788800.0,53.255001,55600.0,28.059998999999998,58100.0,32.735001000000004,22800.0,210.11000099999998,76968200.0,53.59,543800.0,27.889999,46200.0,118.230003,3768000.0,34.23,354200.0,27.706667,118600.0,30.620001000000002,564200.0,36.43,370200.0,30.110001,16700.0
2015-02-18,14.6,442200.0,116.339996,8336000.0,36.369999,28900.0,15.75,10134400.0,35.630001,119400.0,57.439999,2784600.0,19.26,25160600.0,274.299988,1491800.0,53.279999,21400.0,28.219998999999998,94100.0,32.715,31400.0,210.13000499999998,80652900.0,53.52,517900.0,27.950001,30600.0,118.529999,2074800.0,34.369999,96100.0,27.906665999999998,81100.0,30.620001000000002,643600.0,36.525002,195000.0,30.16,6500.0
2015-02-19,14.45,709100.0,115.940002,6528700.0,36.689999,12000.0,15.7,7418300.0,36.209998999999996,143900.0,57.799999,2675600.0,19.1,48220100.0,274.01001,1922700.0,53.384997999999996,27400.0,28.209999,47700.0,32.73,119800.0,209.979996,91462500.0,53.540001000000004,460900.0,27.74,35400.0,118.410004,943500.0,34.360001000000004,69500.0,27.906665999999998,131100.0,30.65,448500.0,36.439999,179200.0,30.15,12800.0
2015-02-20,14.4,494600.0,115.279999,6681700.0,36.220001,18900.0,15.54,7582800.0,36.189999,67100.0,60.119999,3578700.0,18.65,28544300.0,275.97000099999997,3150400.0,53.415001000000004,21000.0,28.49,59600.0,32.900002,38600.0,211.24000499999997,140896400.0,53.57,1136200.0,27.85,20500.0,118.650002,1333500.0,34.299999,136000.0,27.9,127000.0,30.65,705000.0,36.48,183800.0,30.129998999999998,12300.0
2015-02-23,14.32,542700.0,115.43,4812400.0,35.810001,73200.0,15.63,6310500.0,36.150002,51000.0,58.360001000000004,3502400.0,18.110001,49834600.0,275.98999,1479800.0,53.5,42800.0,28.389999,71300.0,32.595001,15000.0,211.210007,74411100.0,53.650002,406800.0,27.690001000000002,73200.0,118.769997,552000.0,34.389998999999996,90300.0,28.16,70900.0,30.690001000000002,368100.0,36.869999,79800.0,30.16,10100.0
2015-02-24,14.31,459100.0,115.260002,7612900.0,35.970001,33100.0,15.56,8074700.0,35.810001,66600.0,58.52,1888900.0,18.040001,18216800.0,276.339996,1619300.0,53.619999,34000.0,28.540001,63700.0,33.049999,31800.0,211.809998,72472300.0,53.73,462100.0,27.9,25200.0,118.980003,1110600.0,34.57,73200.0,28.393333000000002,176400.0,30.73,12888000.0,37.305,93600.0,30.219998999999998,6700.0
2015-02-25,14.74,808100.0,115.699997,5032500.0,35.73,16300.0,15.83,5359400.0,37.709998999999996,131000.0,58.0,2381500.0,18.65,38292100.0,276.02999900000003,1687400.0,53.634997999999996,22800.0,28.6,405300.0,32.915001000000004,15800.0,211.63000499999998,73061700.0,53.849998,2125800.0,27.84,44200.0,119.040001,5203800.0,34.57,134700.0,28.559998999999998,52900.0,30.74,3601700.0,37.48,94400.0,30.209999,46800.0
2015-02-26,14.42,507200.0,116.07,4025400.0,36.150002,15900.0,15.84,3976000.0,37.709998999999996,121900.0,54.560001,3512600.0,18.030001000000002,40116700.0,275.290009,1072200.0,53.785,11600.0,28.51,58500.0,32.845001,66600.0,211.38000499999998,72697900.0,53.860001000000004,581200.0,27.93,48500.0,119.190002,1616400.0,34.43,73900.0,28.246665999999998,54100.0,30.709999,1014800.0,37.009997999999996,618400.0,30.18,191700.0
2015-02-27,14.63,910200.0,116.160004,8255600.0,36.5,23300.0,15.87,4137600.0,38.830002,296600.0,54.959998999999996,1431700.0,18.1,28470300.0,274.200012,1749300.0,53.764998999999996,20200.0,28.57,145700.0,32.880001,24800.0,210.66000400000001,108076000.0,53.889998999999996,916700.0,27.99,10600.0,119.339996,1285800.0,34.459998999999996,55900.0,28.426665999999997,47700.0,30.74,1068700.0,37.330002,162600.0,30.200001,14200.0
2015-03-02,14.51,612000.0,115.68,7993300.0,35.959998999999996,21000.0,15.66,6431100.0,37.669998,171700.0,54.68,1124400.0,18.32,23907700.0,276.299988,1996800.0,53.955002,34400.0,28.549999,152200.0,32.790001000000004,61200.0,211.99000499999997,87491400.0,53.700001,1036500.0,27.639999,25500.0,118.739998,1434600.0,34.299999,130400.0,27.973333,117900.0,30.67,470200.0,36.59,556000.0,30.139999,20800.0
2015-03-03,14.68,352300.0,115.470001,4738300.0,36.119999,9400.0,15.58,6843900.0,38.450001,74300.0,54.84,1782200.0,18.49,22874500.0,274.77999900000003,1405800.0,53.575001,32600.0,28.41,60500.0,32.599998,15800.0,211.11999500000002,110325800.0,53.59,1064600.0,27.6,18500.0,118.379997,3885900.0,34.290001000000004,85400.0,27.82,54100.0,30.639999,411800.0,36.450001,127200.0,30.120001000000002,8300.0
2015-03-04,14.55,511600.0,115.110001,4762400.0,35.73,14600.0,15.49,6200700.0,37.830002,87300.0,56.200001,2381200.0,19.01,32762300.0,273.73999,1145500.0,53.380001,17200.0,28.32,309800.0,32.334998999999996,13600.0,210.229996,114497200.0,53.59,590500.0,27.540001,57200.0,118.199997,2118000.0,34.27,98500.0,27.846666,55300.0,30.65,592200.0,36.485001000000004,90000.0,30.129998999999998,22600.0
2015-03-05,14.49,426400.0,115.0,5872200.0,35.349998,26600.0,15.53,4671900.0,37.23,98500.0,57.560001,2226000.0,18.709999,22765200.0,274.149994,777300.0,53.389998999999996,52400.0,28.370001000000002,104000.0,32.23,9400.0,210.460007,76873000.0,53.66,674200.0,27.469998999999998,17400.0,118.32,2190300.0,34.290001000000004,47700.0,27.886667,62500.0,30.67,417300.0,36.465,105200.0,30.16,12400.0
2015-03-06,14.32,365600.0,111.860001,11190800.0,35.18,65000.0,15.19,9729800.0,36.939999,64300.0,57.48,1295900.0,18.24,27456000.0,270.72000099999997,1125000.0,52.549999,15400.0,28.030001000000002,87100.0,31.735001,76800.0,207.5,188128000.0,53.540001000000004,758000.0,26.91,56800.0,117.660004,4270200.0,34.150002,49400.0,27.433332,97500.0,30.65,433100.0,35.674999,340600.0,30.049999,17600.0
2015-03-09,14.18,473900.0,111.970001,5534000.0,35.59,11700.0,15.1,4081100.0,36.84,57300.0,54.48,2529300.0,18.35,19729000.0,271.690002,1750800.0,52.970001,9800.0,28.08,50000.0,31.57,92600.0,208.360001,89818900.0,53.639998999999996,524400.0,26.870001000000002,10300.0,117.57,3159000.0,34.25,117800.0,27.620001000000002,1486300.0,30.629998999999998,301700.0,35.985001000000004,213200.0,30.1,25600.0
2015-03-10,13.9,552900.0,111.41999799999999,7019800.0,35.529999,61300.0,15.02,5890800.0,35.779999,89600.0,55.200001,1704900.0,17.91,26753800.0,268.269989,1596700.0,52.349998,60800.0,27.48,1731600.0,30.915001,801800.0,204.979996,157121300.0,53.830002,425300.0,26.620001000000002,37200.0,117.300003,4468800.0,34.259997999999996,65300.0,27.706667,757500.0,30.6,434600.0,36.43,122000.0,30.120001000000002,34700.0
2015-03-11,13.97,852200.0,110.75,6550400.0,35.830002,15300.0,14.84,10644800.0,35.860001000000004,62600.0,57.32,2333100.0,17.77,29810100.0,270.23999,1321600.0,52.57,36600.0,27.540001,85000.0,31.094998999999998,68600.0,204.5,110145700.0,53.91,522800.0,26.469998999999998,14100.0,117.480003,2736000.0,34.310001,67800.0,27.9,40800.0,30.639999,271500.0,36.685001,82400.0,30.120001000000002,8100.0
2015-03-12,13.89,247300.0,110.720001,6631500.0,35.900002,21300.0,14.92,3716600.0,35.509997999999996,50400.0,55.599998,1810000.0,17.440001000000002,23804900.0,273.22000099999997,1568700.0,53.639998999999996,31400.0,27.9,501700.0,31.299999,10800.0,207.100006,93993500.0,53.91,531700.0,26.549999,18500.0,117.75,1626300.0,34.299999,50200.0,27.98,557800.0,30.6,569600.0,36.66,261800.0,30.110001,18600.0
2015-03-13,13.48,1523200.0,110.879997,4557600.0,35.16,21100.0,14.9,3739300.0,34.459998999999996,193300.0,55.240002000000004,1658900.0,16.799999,44606100.0,271.589996,1455000.0,53.439999,14400.0,27.74,422800.0,30.885,47200.0,205.830002,162410900.0,53.900002,346800.0,26.200001,13700.0,117.209999,2049000.0,34.27,101000.0,27.700001,115900.0,30.639999,546900.0,36.555,47200.0,30.139999,15500.0
2015-03-16,13.31,1201300.0,110.809998,3265300.0,35.32,13800.0,14.99,4686600.0,33.970001,127400.0,55.560001,1190400.0,16.35,39701700.0,274.829987,1425900.0,53.610001000000004,30000.0,28.049999,225800.0,31.165001,43400.0,208.580002,136099200.0,53.720001,9946600.0,26.459999,18900.0,117.0,2201700.0,34.299999,78700.0,27.806666999999997,122700.0,30.620001000000002,313600.0,36.880001,131400.0,30.18,11500.0
2015-03-17,13.02,910300.0,110.209999,8923300.0,34.59,41700.0,14.9,5200400.0,33.919998,54800.0,57.599998,1440700.0,15.96,31274000.0,275.339996,2065900.0,53.805,29600.0,27.99,96300.0,31.395,130600.0,207.96000700000002,94510400.0,53.650002,781300.0,26.51,10100.0,116.43,3798900.0,34.310001,107600.0,27.946666999999998,100600.0,30.629998999999998,286300.0,37.145,69800.0,30.16,20700.0
2015-03-18,13.66,7476700.0,112.370003,12448000.0,35.080002,29700.0,15.36,10475100.0,35.810001,93200.0,58.68,1341400.0,16.76,54427700.0,278.079987,1680600.0,54.195,33600.0,28.540001,120700.0,32.044998,19400.0,210.460007,228808500.0,53.900002,734900.0,26.790001,19300.0,117.449997,3825600.0,34.59,88100.0,28.293333,159900.0,30.66,558800.0,37.799999,103800.0,30.26,19600.0
2015-03-19,13.17,898000.0,112.290001,6537700.0,34.900002,32700.0,15.44,6068700.0,34.82,105000.0,57.040001000000004,3394700.0,16.08,32420800.0,277.309998,1218600.0,54.285,38400.0,28.23,120100.0,31.674999,24600.0,209.5,117917300.0,54.02,1105900.0,26.540001,14700.0,116.550003,3255000.0,34.419998,85000.0,28.093334000000002,39100.0,30.610001,572600.0,37.625,77400.0,30.24,4200.0
2015-03-20,13.39,480700.0,113.57,8033400.0,35.889998999999996,74200.0,16.0,14795300.0,35.09,44400.0,56.400002,2818600.0,16.43,29395700.0,279.670013,2904100.0,54.825001,69200.0,28.790001,122800.0,32.060001,20000.0,210.41000400000001,177715100.0,54.07,525400.0,27.01,15800.0,117.389999,2485200.0,34.52,70400.0,28.200001,57400.0,30.66,298000.0,37.855,132400.0,30.26,2600.0
2015-03-23,13.48,673200.0,114.290001,4240300.0,36.360001000000004,46000.0,16.299999,10524000.0,35.470001,72400.0,55.599998,1662300.0,16.780001000000002,21160400.0,279.51001,863100.0,54.810001,25400.0,28.969998999999998,186200.0,32.205002,29800.0,210.0,71784500.0,54.049999,1416200.0,27.27,16200.0,117.57,2099100.0,34.540001000000004,177100.0,28.280001000000002,33000.0,30.67,946400.0,37.759997999999996,69400.0,30.27,3200.0
2015-03-24,13.43,331200.0,114.57,2979300.0,36.279999,32800.0,16.280001000000002,5265800.0,35.330002,27500.0,56.400002,1410400.0,16.790001,21248900.0,278.309998,901900.0,54.845001,24200.0,28.950001,135800.0,32.279999,4400.0,208.820007,77805300.0,54.029999,787000.0,27.49,7600.0,117.660004,2256600.0,34.599998,148300.0,28.386667,100000.0,30.67,540000.0,38.119999,80800.0,30.280001000000002,8300.0
2015-03-25,13.6,381800.0,114.730003,3021400.0,36.18,19600.0,16.24,3933700.0,35.959998999999996,51100.0,55.279999,1453200.0,17.360001,31953900.0,273.570007,2100500.0,53.674999,19400.0,28.77,88800.0,31.834999,24600.0,205.759995,159521700.0,54.009997999999996,370000.0,27.549999,518800.0,117.41999799999999,2357700.0,34.52,101900.0,28.226667,37800.0,30.68,615200.0,37.825001,68400.0,30.280001000000002,11500.0
2015-03-26,14.04,927900.0,115.480003,5495200.0,35.650002,20700.0,16.299999,5380200.0,36.919998,61900.0,53.959998999999996,1967400.0,18.209999,43513700.0,273.040009,1639100.0,53.564999,28600.0,28.530001000000002,164500.0,31.635,7400.0,205.270004,153067200.0,53.970001,526100.0,27.49,88300.0,117.449997,2772300.0,34.459998999999996,121600.0,27.9,66600.0,30.67,608300.0,37.294998,93000.0,30.219998999999998,11500.0
2015-03-27,13.49,425600.0,115.059998,4921700.0,35.689999,8400.0,16.219998999999998,5036600.0,35.240002000000004,66600.0,53.32,1881600.0,17.139999,31633100.0,274.290009,994100.0,53.84,36200.0,28.51,118000.0,31.605,4600.0,205.740005,118939000.0,53.939999,528600.0,27.34,130700.0,117.41999799999999,1107000.0,34.509997999999996,107400.0,28.246665999999998,153600.0,30.67,230300.0,37.709998999999996,36400.0,30.27,24500.0
2015-03-30,13.64,354400.0,113.75,4383900.0,36.290001000000004,14700.0,15.98,6812500.0,35.169998,36200.0,53.080002,1417300.0,17.23,26075600.0,278.200012,1369700.0,54.470001,25400.0,28.620001000000002,135100.0,32.25,10600.0,208.25,96180400.0,53.970001,524200.0,27.33,182500.0,117.690002,1708200.0,34.490002000000004,71800.0,28.213333000000002,51600.0,30.73,531200.0,37.529999,165800.0,30.280001000000002,15800.0
2015-03-31,13.49,193200.0,113.660004,4383300.0,35.279999,36500.0,15.93,5294300.0,34.84,55600.0,52.959998999999996,974500.0,16.84,23077000.0,277.23999,1081900.0,54.349998,41600.0,28.23,46800.0,32.110001000000004,12600.0,206.429993,126768700.0,54.09,848400.0,27.25,11700.0,117.660004,1915200.0,34.540001000000004,231000.0,28.233334000000003,140700.0,30.75,1013700.0,37.610001000000004,73800.0,30.35,6200.0
2015-04-01,13.8,228400.0,115.599998,7324000.0,35.950001,28800.0,16.23,6478100.0,35.939999,34000.0,52.400002,1671300.0,17.58,34953900.0,276.200012,1947400.0,54.174999,43600.0,28.379998999999998,111400.0,32.57,22600.0,205.699997,137303600.0,54.049999,2931100.0,27.389999,12200.0,117.389999,2742600.0,34.59,170700.0,28.4,48900.0,30.719998999999998,537800.0,38.040001000000004,738000.0,30.309998999999998,4600.0
2015-04-02,13.63,241700.0,115.279999,3884100.0,36.189999,14900.0,16.02,5718500.0,34.900002,149700.0,54.400002,2250500.0,17.559998999999998,37392800.0,277.190002,1311700.0,54.334998999999996,15200.0,28.66,52000.0,32.965,18400.0,206.440002,86900900.0,53.950001,1229900.0,27.709999,12900.0,117.449997,2247600.0,34.59,90400.0,28.280001000000002,61800.0,30.74,994900.0,37.639998999999996,44400.0,30.309998999999998,12700.0
2015-04-06,14.05,275300.0,116.690002,5914200.0,35.91,13700.0,16.27,5948500.0,36.18,89800.0,53.360001000000004,1062000.0,18.43,41292900.0,279.519989,3468500.0,54.435001,53800.0,28.92,52000.0,33.360001000000004,31200.0,207.830002,114368200.0,54.060001,387100.0,27.83,8600.0,117.720001,2185800.0,34.639998999999996,82300.0,28.18,73800.0,30.73,280100.0,37.439999,95800.0,30.33,2800.0
2015-04-07,14.12,343600.0,116.110001,2468500.0,35.709998999999996,41700.0,16.15,3090100.0,36.580002,37500.0,53.48,1086400.0,19.059998999999998,43949400.0,277.22000099999997,2041000.0,54.064999,161000.0,28.889999,89800.0,33.264998999999996,79000.0,207.279999,81236300.0,54.02,396700.0,27.76,4500.0,118.08000200000001,1639500.0,34.650002,101100.0,28.453333,101200.0,30.719998999999998,409900.0,37.775002,80400.0,30.35,9400.0
2015-04-08,13.75,378600.0,115.470001,5568500.0,35.529999,12600.0,15.81,6865700.0,34.540001000000004,122800.0,52.720001,1821600.0,18.07,38892700.0,278.679993,1341600.0,54.380001,24600.0,29.0,58500.0,33.915001000000004,123600.0,207.979996,89351900.0,54.09,1291200.0,27.98,10900.0,118.139999,1392600.0,34.599998,118000.0,28.440001000000002,48100.0,30.719998999999998,431200.0,37.685001,52400.0,30.360001,6400.0
2015-04-09,13.82,143900.0,114.66999799999999,4707000.0,35.080002,25000.0,15.51,8648800.0,34.650002,35000.0,51.0,2766700.0,18.030001000000002,18790000.0,278.609985,1647700.0,54.105,12200.0,29.07,55400.0,34.259997999999996,10400.0,208.899994,85548900.0,54.07,460200.0,27.9,5900.0,118.08000200000001,1919100.0,34.560001,49700.0,28.24,123000.0,30.709999,356900.0,37.275002,124600.0,30.32,4900.0
2015-04-10,13.99,166400.0,115.970001,3932400.0,35.130001,56200.0,15.77,6341700.0,35.720001,45600.0,50.439999,1366200.0,18.41,16313100.0,279.230011,2222900.0,54.465,12800.0,29.139999,928100.0,34.185001,58000.0,210.039993,72722900.0,54.119999,322400.0,27.73,27100.0,118.199997,924900.0,34.549999,132800.0,28.073334000000003,756900.0,30.74,216000.0,37.330002,1115600.0,30.27,16100.0
2015-04-13,14.11,131800.0,115.139999,3190100.0,34.41,42200.0,15.6,3809700.0,35.540001000000004,34500.0,50.360001000000004,1327300.0,18.5,18524600.0,278.269989,903600.0,54.525002,17200.0,28.98,68700.0,34.145,13600.0,209.08999599999999,74436600.0,54.139998999999996,399100.0,27.559998999999998,15700.0,118.260002,1716000.0,34.59,69500.0,28.206667,46800.0,30.75,232400.0,37.384997999999996,250800.0,30.059998999999998,4300.0
2015-04-14,14.15,373100.0,114.440002,3651500.0,34.48,25800.0,15.51,4084400.0,36.16,118200.0,50.799999,917100.0,18.82,21837800.0,278.549988,1129300.0,54.369999,16600.0,29.16,77500.0,34.275002,91800.0,209.490005,75099900.0,54.189999,911300.0,27.73,10600.0,118.410004,1663800.0,34.610001000000004,69700.0,28.366667,77400.0,30.73,252300.0,37.639998999999996,84000.0,30.33,15400.0
2015-04-15,14.61,1668100.0,115.43,3656000.0,34.549999,24200.0,15.63,3591200.0,37.950001,97900.0,52.119999,1732500.0,19.709999,52135400.0,279.769989,1285300.0,54.84,30000.0,29.379998999999998,64200.0,34.435001,64600.0,210.42999300000002,99529300.0,54.23,349500.0,27.76,21700.0,118.709999,1968600.0,34.689999,122900.0,28.293333,41100.0,30.75,287200.0,37.605,160600.0,30.33,7600.0
2015-04-16,14.79,1370900.0,115.029999,3132300.0,34.580002,24100.0,15.57,5129000.0,38.23,58100.0,53.84,2648600.0,19.940001000000002,33753500.0,279.02999900000003,1126900.0,54.720001,16000.0,29.469998999999998,66400.0,34.744999,9400.0,210.36999500000002,68934900.0,54.139998999999996,1622900.0,28.02,5100.0,118.589996,1380900.0,34.68,165000.0,28.166665999999996,176800.0,30.73,1521800.0,37.494999,199400.0,30.35,6800.0
2015-04-17,14.73,345100.0,115.599998,3496300.0,34.700001,29200.0,15.56,3606800.0,38.110001000000004,50500.0,52.959998999999996,815600.0,19.84,21790300.0,275.76001,1915200.0,53.900002,57000.0,29.129998999999998,69500.0,34.009997999999996,98800.0,207.949997,191113200.0,54.16,1783100.0,27.84,5000.0,118.230003,1989000.0,34.720001,180100.0,28.326665999999996,175900.0,30.719998999999998,206300.0,37.830002,167000.0,30.34,14500.0
2015-04-20,14.83,1941100.0,114.720001,3932800.0,34.84,19100.0,15.29,6082300.0,38.119999,51400.0,51.119999,2048600.0,19.889999,24863100.0,278.170013,1423700.0,54.439999,13000.0,29.200001,278400.0,33.935001,21600.0,209.850006,92189500.0,54.09,493400.0,27.76,23200.0,118.589996,1237200.0,34.68,93700.0,28.200001,257500.0,30.719998999999998,392000.0,37.52,141600.0,30.33,17700.0
2015-04-21,14.65,296500.0,115.379997,3317700.0,34.740002000000004,16300.0,15.32,3319500.0,37.32,44100.0,51.720001,931100.0,19.450001,23231900.0,278.089996,1015600.0,54.365002000000004,32000.0,29.370001000000002,37900.0,34.18,31200.0,209.600006,72559800.0,54.0,1825700.0,27.790001,39100.0,118.650002,1782300.0,34.669998,53000.0,28.02,135400.0,30.719998999999998,275100.0,37.369999,86400.0,30.34,19300.0
2015-04-22,14.74,178300.0,113.83000200000001,5696000.0,34.59,30900.0,15.11,6213200.0,37.91,45300.0,52.200001,914500.0,19.360001,17294700.0,278.899994,1354700.0,54.465,26000.0,29.43,62500.0,34.52,14400.0,210.63000499999998,78264600.0,53.900002,384200.0,27.74,9100.0,118.620003,1052400.0,34.59,53400.0,27.746665999999998,51900.0,30.719998999999998,143000.0,36.830002,154000.0,30.290001,64600.0
2015-04-23,14.93,657800.0,114.660004,3459500.0,34.599998,26300.0,15.21,4905100.0,39.189999,87600.0,51.040001000000004,2597900.0,19.76,25409400.0,280.269989,1793900.0,54.700001,29200.0,29.620001000000002,72700.0,34.720001,6000.0,211.16000400000001,102585900.0,53.869999,383800.0,27.83,4700.0,118.589996,1181100.0,34.650002,2684800.0,27.873333000000002,40000.0,30.74,232300.0,36.98,84800.0,30.280001000000002,20100.0
2015-04-24,14.98,438900.0,113.050003,7152900.0,33.98,57500.0,15.06,6116500.0,39.43,45200.0,50.84,791300.0,19.67,19317600.0,279.109985,1363600.0,54.639998999999996,11000.0,29.75,105800.0,34.830002,64400.0,211.649994,61327400.0,54.060001,371900.0,27.870001000000002,4800.0,118.739998,1860900.0,34.720001,87200.0,27.9,59500.0,30.74,381700.0,37.25,176800.0,30.34,9200.0
2015-04-27,14.89,381100.0,115.33000200000001,7487600.0,33.619999,81500.0,15.66,11179200.0,39.330002,51600.0,49.560001,1836800.0,19.52,15792900.0,276.820007,1968900.0,54.205002,17200.0,29.879998999999998,51800.0,35.084998999999996,49400.0,210.770004,79358100.0,54.02,378300.0,27.969998999999998,5000.0,118.83000200000001,2102400.0,34.669998,93200.0,27.953333,140500.0,30.76,1224300.0,37.200001,414600.0,30.34,52600.0
2015-04-28,14.88,289000.0,116.33000200000001,8054400.0,33.630001,55700.0,15.87,7710700.0,39.25,56700.0,50.0,982800.0,19.6,20846800.0,277.940002,1677500.0,54.560001,12600.0,29.93,74600.0,35.134997999999996,26400.0,211.440002,86863500.0,53.970001,487200.0,28.219998999999998,11000.0,118.739998,2284500.0,34.560001,75900.0,27.806666999999997,153900.0,30.76,278300.0,36.744999,136400.0,30.309998999999998,21500.0
2015-04-29,15.02,692000.0,115.510002,7170500.0,34.060001,43900.0,15.81,6738000.0,39.34,63300.0,51.119999,1647500.0,20.120001000000002,31333300.0,276.22000099999997,966900.0,54.064999,28800.0,29.66,59100.0,34.810001,14200.0,210.57000699999998,125684900.0,53.549999,1496000.0,28.1,9200.0,118.470001,2766000.0,34.549999,138700.0,27.379998999999998,81400.0,30.719998999999998,834100.0,36.305,120000.0,30.309998999999998,1900.0
2015-04-30,15.18,547400.0,113.470001,9440300.0,33.669998,28800.0,15.43,11330200.0,40.25,58000.0,53.84,3368900.0,20.51,19074900.0,273.149994,2635100.0,52.959998999999996,71800.0,29.4,120200.0,34.404999,5000.0,208.46000700000002,161304900.0,53.48,671700.0,27.969998999999998,10800.0,118.32,3639300.0,34.52,86500.0,27.346666,79200.0,30.700001,370200.0,36.415001000000004,94400.0,30.26,17900.0
2015-05-01,15.23,207000.0,113.08000200000001,7597000.0,33.439999,69800.0,15.47,4877200.0,40.25,52200.0,54.84,1428100.0,20.4,14546000.0,275.269989,2746600.0,53.244999,26400.0,29.610001,57900.0,34.494999,3400.0,210.72000099999997,103399700.0,53.419998,733900.0,27.85,12500.0,118.019997,1204800.0,34.360001000000004,85600.0,27.006666,47800.0,30.709999,278000.0,35.84,592800.0,30.24,20900.0
2015-05-04,15.21,202800.0,114.099998,3648100.0,33.439999,25600.0,15.7,6919800.0,39.93,40100.0,55.599998,1076500.0,20.280001000000002,14035600.0,276.450012,1608200.0,53.459998999999996,19400.0,29.66,37700.0,34.669998,49600.0,211.32000699999998,70927200.0,53.259997999999996,1084800.0,27.719998999999998,10000.0,118.110001,1728000.0,34.330002,76900.0,26.873333000000002,78700.0,30.68,260700.0,35.544998,280800.0,30.24,14400.0
2015-05-05,15.31,255100.0,114.41999799999999,3856500.0,33.509997999999996,35200.0,15.81,4543700.0,40.490002000000004,69500.0,55.16,1233900.0,20.76,27865700.0,272.820007,4714200.0,52.814999,20200.0,29.25,54000.0,34.349998,21200.0,208.899994,113326200.0,53.07,700300.0,27.780001000000002,42400.0,118.019997,4983300.0,34.349998,159500.0,26.846666,191800.0,30.66,479100.0,35.59,195600.0,30.209999,5000.0
2015-05-06,15.3,647300.0,114.360001,3280700.0,33.830002,22300.0,15.77,5217900.0,39.84,79800.0,54.68,864500.0,20.82,35374900.0,272.950012,1617100.0,52.990002000000004,21400.0,29.23,62000.0,33.924999,12600.0,208.03999299999998,135060200.0,52.779999,648000.0,27.83,8000.0,117.660004,2889900.0,34.200001,837100.0,26.413334000000003,891700.0,30.68,1029500.0,34.945,535400.0,30.200001,14700.0
2015-05-07,14.9,418600.0,113.41999799999999,5455100.0,33.459998999999996,28200.0,15.6,3675400.0,39.02,88200.0,54.200001,1382100.0,20.200001,24544300.0,273.97000099999997,996500.0,53.145,11400.0,29.18,74100.0,33.884997999999996,9600.0,208.869995,88244900.0,52.919998,484100.0,27.709999,8300.0,117.57,2300100.0,34.299999,486500.0,26.606666999999998,469500.0,30.700001,718900.0,35.345001,449400.0,30.190001000000002,9000.0
2015-05-08,15.01,533400.0,113.970001,9964100.0,33.720001,18800.0,15.76,4352200.0,39.169998,48900.0,56.52,2154800.0,20.42,17487100.0,276.320007,1298000.0,53.595001,9400.0,29.799999,17900.0,34.349998,26200.0,211.61999500000002,155877300.0,53.029999,826300.0,27.85,11000.0,118.32,4619700.0,34.439999,1049200.0,26.620001000000002,1227400.0,30.719998999999998,1228000.0,35.445,759200.0,30.25,29800.0
2015-05-11,15.06,222300.0,113.529999,2916700.0,33.580002,24500.0,15.57,4685300.0,39.060001,17400.0,55.639998999999996,1110500.0,20.379998999999998,12749400.0,276.329987,1261600.0,53.66,24600.0,29.59,48400.0,34.02,12600.0,210.61000099999998,75708100.0,52.880001,732100.0,27.6,2800.0,117.809998,3241500.0,34.220001,321700.0,26.313334,148200.0,30.690001000000002,414400.0,34.66,192000.0,30.200001,43800.0
2015-05-12,15.23,342900.0,114.5,3256700.0,33.380001,45100.0,15.81,5070900.0,39.799999,69900.0,57.279999,1494900.0,20.74,19553400.0,275.690002,989100.0,53.310001,29000.0,29.549999,356600.0,34.174999,696000.0,209.979996,119727600.0,52.639998999999996,623000.0,27.67,13600.0,117.779999,3864600.0,34.25,413000.0,26.24,772600.0,30.690001000000002,995100.0,34.720001,506600.0,30.23,14300.0
2015-05-13,15.16,1580000.0,116.550003,11768200.0,33.470001,35900.0,16.35,17716400.0,39.880001,71900.0,57.919998,1292400.0,20.610001,23773400.0,276.01001,950300.0,53.395,25000.0,29.74,73900.0,34.150002,182600.0,210.020004,94667900.0,52.560001,338700.0,27.74,8200.0,117.599998,4238400.0,34.25,171600.0,26.186666,60000.0,30.709999,692400.0,34.5,87200.0,30.290001,23800.0
2015-05-14,15.14,274400.0,117.18,6923000.0,34.279999,146100.0,16.65,9165000.0,40.439999,47800.0,59.360001000000004,1515900.0,20.530001000000002,17129800.0,278.97000099999997,1969000.0,54.0,25000.0,30.07,39800.0,34.529999,20600.0,212.210007,95934000.0,52.560001,521900.0,28.0,1600.0,118.230003,3417900.0,34.32,187800.0,26.219998999999998,274900.0,30.74,536100.0,34.57,247800.0,30.25,55100.0
2015-05-15,15.08,128000.0,117.529999,4447300.0,34.060001,38000.0,16.75,5022400.0,40.349998,39800.0,59.52,722800.0,20.52,16858800.0,278.76001,1341200.0,53.904999,18400.0,30.120001000000002,49800.0,34.700001,18800.0,212.440002,76510100.0,52.860001000000004,357300.0,28.09,2800.0,118.349998,2535900.0,34.41,104900.0,26.620001000000002,74100.0,30.77,698700.0,35.205002,128800.0,30.370001000000002,16500.0
2015-05-18,14.98,175600.0,117.519997,5079900.0,34.380001,115000.0,16.889999,4940500.0,40.189999,86400.0,59.599998,597100.0,20.440001000000002,15759600.0,280.980011,1317200.0,54.465,26000.0,29.940001000000002,154700.0,34.5,14200.0,213.100006,74549700.0,52.77,413200.0,28.049999,11900.0,118.110001,1249800.0,34.330002,128000.0,26.360001,51600.0,30.719998999999998,322900.0,34.66,73400.0,30.309998999999998,10400.0
2015-05-19,14.52,695500.0,115.889999,5052100.0,33.790001000000004,38500.0,16.379998999999998,9879400.0,39.27,87000.0,58.48,2415700.0,19.629998999999998,28520400.0,280.660004,999400.0,54.240002000000004,11800.0,29.9,42400.0,34.599998,350400.0,213.02999900000003,72114600.0,52.880001,379500.0,27.879998999999998,4500.0,117.870003,2112600.0,34.220001,106500.0,26.200001,38100.0,30.700001,577100.0,34.380001,111400.0,30.200001,16100.0
2015-05-20,14.61,1753200.0,116.08000200000001,4432600.0,33.650002,195200.0,16.370001000000002,4375200.0,39.790001000000004,56800.0,57.84,845600.0,19.84,22755900.0,280.72000099999997,1089400.0,54.549999,20000.0,29.870001000000002,81500.0,34.52,69800.0,212.88000499999998,76857500.0,52.82,529700.0,27.74,4200.0,117.870003,1855500.0,34.27,117500.0,26.113332999999997,55000.0,30.700001,475900.0,34.470001,133000.0,30.209999,46600.0
2015-05-21,14.96,351000.0,115.690002,2514700.0,33.970001,58800.0,16.389999,2663500.0,40.790001000000004,49800.0,58.279999,1626800.0,20.5,26573600.0,281.019989,583000.0,54.360001000000004,22800.0,30.049999,60600.0,34.485001000000004,6400.0,213.5,64764600.0,52.810001,411600.0,27.790001,17700.0,117.989998,2363700.0,34.32,476100.0,26.32,51700.0,30.719998999999998,463100.0,34.895,107000.0,30.18,10500.0
2015-05-22,14.81,106500.0,115.599998,1780200.0,33.529999,18800.0,16.34,3683300.0,40.450001,64200.0,56.599998,785200.0,20.25,12854200.0,280.790009,907500.0,54.169998,29800.0,29.91,23700.0,34.580002,8600.0,212.99000499999997,57433500.0,52.830002,854800.0,27.620001000000002,8300.0,118.139999,1528200.0,34.27,83400.0,26.293333,56500.0,30.690001000000002,213500.0,34.849998,46800.0,30.190001000000002,25400.0
2015-05-26,14.47,365000.0,113.910004,5769600.0,32.900002,106500.0,16.02,6757400.0,39.23,57300.0,55.279999,1175100.0,19.690001000000002,20395300.0,277.630005,2090200.0,53.445,20000.0,29.42,46300.0,34.080002,20000.0,210.69999700000002,124308600.0,52.98,355700.0,27.32,20200.0,117.959999,2064000.0,34.310001,81200.0,26.6,60700.0,30.67,404300.0,35.474998,31800.0,30.26,21300.0
2015-05-27,14.25,413500.0,113.889999,2681100.0,32.630001,96600.0,15.96,3721800.0,38.310001,52400.0,55.119999,1089500.0,19.48,19496800.0,280.149994,1965200.0,54.205002,16200.0,29.65,74400.0,34.27,11600.0,212.69999700000002,93214000.0,53.0,461000.0,27.34,10500.0,118.260002,2190300.0,34.32,79900.0,26.646666999999997,103800.0,30.67,670600.0,35.584998999999996,29200.0,30.219998999999998,7200.0
2015-05-28,14.3,261300.0,114.019997,5266000.0,32.779999,48200.0,15.97,4236800.0,38.93,45100.0,52.68,2472900.0,19.559998999999998,26848100.0,279.619995,1098900.0,54.134997999999996,25200.0,29.620001000000002,61200.0,33.785,83400.0,212.460007,74974600.0,53.029999,459400.0,27.389999,5900.0,118.139999,2073600.0,34.330002,122400.0,26.626666999999998,59400.0,30.67,312200.0,35.395,53000.0,30.23,2000.0
2015-05-29,14.74,754900.0,114.099998,3407500.0,32.540001000000004,51700.0,15.99,3200900.0,40.630001,98100.0,51.48,1932600.0,20.309998999999998,31953900.0,277.690002,2568600.0,53.880001,17400.0,29.34,44800.0,33.395,25000.0,211.13999900000002,124919600.0,53.139998999999996,474500.0,27.32,7900.0,118.260002,2049600.0,34.32,268300.0,26.559998999999998,36300.0,30.66,432200.0,35.509997999999996,27600.0,30.299999,7600.0
2015-06-01,14.72,186900.0,114.0,8254000.0,32.84,84400.0,16.0,9324400.0,40.41,39500.0,51.560001,1030300.0,20.360001,15483800.0,278.26001,1306500.0,53.880001,158200.0,29.280001000000002,87700.0,33.400002,39000.0,211.57000699999998,93338800.0,52.98,763200.0,27.24,38600.0,117.660004,2924700.0,34.139998999999996,288100.0,26.18,27600.0,30.67,877200.0,35.099998,213000.0,30.200001,4000.0
2015-06-02,14.97,222400.0,114.459999,3988600.0,33.630001,126500.0,16.07,4705300.0,40.91,78000.0,52.32,2063900.0,20.68,18206600.0,278.459991,1164400.0,54.084998999999996,16800.0,29.4,67000.0,33.535,18600.0,211.36000099999998,91531000.0,52.75,383500.0,27.35,7600.0,117.540001,1793700.0,34.09,116700.0,25.973333,87100.0,30.639999,460700.0,34.68,69200.0,30.209999,19500.0
2015-06-03,14.71,253800.0,113.639999,4885200.0,33.470001,17100.0,15.83,6778100.0,40.369999,54900.0,51.200001,1677900.0,20.17,16725400.0,279.910004,3267200.0,54.705002,17400.0,29.530001000000002,54000.0,33.345001,12200.0,211.919998,87820900.0,52.400002,363000.0,27.209999,11200.0,116.940002,4150800.0,33.990002000000004,114700.0,25.726667000000003,88800.0,30.59,678000.0,34.099998,74600.0,30.16,8600.0
2015-06-04,14.42,161600.0,112.839996,5566600.0,34.040001000000004,37000.0,15.48,11927500.0,39.189999,61300.0,51.0,2240200.0,19.66,20375100.0,277.350006,1859400.0,54.095001,13000.0,29.24,87400.0,32.915001000000004,16200.0,210.13000499999998,151882800.0,52.389998999999996,584800.0,27.09,3000.0,116.66999799999999,3599700.0,34.049999,232600.0,25.906666,68100.0,30.6,269200.0,34.494999,44200.0,30.190001000000002,21600.0
2015-06-05,14.67,329200.0,112.239998,5561300.0,33.740002000000004,48300.0,15.39,6930900.0,39.970001,56800.0,50.16,1784300.0,19.9,21114200.0,278.149994,945400.0,54.294998,9400.0,28.940001000000002,77300.0,32.66,10200.0,209.770004,121704700.0,52.34,345900.0,27.08,5600.0,116.400002,2852400.0,33.93,91900.0,25.719998999999998,157200.0,30.6,271800.0,34.119999,385200.0,30.129998999999998,10300.0
2015-06-08,14.53,100900.0,112.57,3122100.0,34.16,48900.0,15.32,6149300.0,39.599998,10900.0,52.48,1740900.0,19.709999,11457100.0,276.429993,934900.0,54.369999,13400.0,28.9,97500.0,32.715,10600.0,208.479996,89063300.0,52.259997999999996,454100.0,26.83,24000.0,116.279999,3785100.0,33.950001,167900.0,25.693333,36100.0,30.610001,264700.0,34.09,50200.0,30.190001000000002,12400.0
2015-06-09,14.82,262300.0,112.82,3529900.0,34.330002,162200.0,15.29,4774900.0,40.93,83700.0,54.959998999999996,2839900.0,20.209999,15696100.0,275.609985,975400.0,54.080002,10200.0,28.809998999999998,740800.0,32.540001000000004,65000.0,208.449997,105034700.0,52.16,372400.0,27.0,10700.0,116.099998,4303200.0,33.889998999999996,64400.0,25.526667,124600.0,30.59,193100.0,33.84,2113000.0,30.040001,4900.0
2015-06-10,15.01,355900.0,113.779999,5452900.0,33.639998999999996,37100.0,15.32,4901900.0,42.25,77500.0,56.080002,2251800.0,20.639999,22667900.0,278.769989,2770300.0,54.950001,18400.0,29.35,133300.0,32.794998,11400.0,210.94999700000002,134551300.0,52.009997999999996,393300.0,27.23,3000.0,116.099998,3162600.0,33.84,106800.0,25.360001,66300.0,30.59,376900.0,33.555,466800.0,30.09,18700.0
2015-06-11,14.97,323500.0,113.260002,4434700.0,33.299999,95700.0,15.33,3781500.0,41.959998999999996,56600.0,54.720001,2055300.0,20.49,9285100.0,280.440002,1720600.0,54.834998999999996,12000.0,29.389999,72400.0,32.865002000000004,16000.0,211.63000499999998,73876400.0,52.18,606500.0,27.110001,21500.0,116.370003,2480700.0,33.939999,76500.0,25.733334,237700.0,30.58,239800.0,34.220001,248400.0,30.120001000000002,8500.0
2015-06-12,14.77,91700.0,113.230003,2998500.0,32.990002000000004,47100.0,15.25,4867000.0,41.720001,17600.0,53.52,1530400.0,20.27,9692800.0,279.170013,967900.0,54.799999,12200.0,29.129998999999998,58800.0,32.779999,29200.0,210.00999500000003,135382400.0,52.330002,389000.0,27.09,1800.0,116.07,3750900.0,33.889998999999996,195200.0,25.726667000000003,226500.0,30.559998999999998,7693800.0,34.205002,34200.0,30.15,3100.0
2015-06-15,14.74,171800.0,113.730003,5055100.0,32.509997999999996,78800.0,15.4,7010300.0,41.32,19300.0,56.119999,2866700.0,20.15,10051700.0,277.549988,1483500.0,54.695,9200.0,29.01,140600.0,32.595001,54800.0,209.110001,124384200.0,52.349998,420600.0,27.07,2300.0,115.470001,5915400.0,33.959998999999996,84100.0,25.76,55800.0,30.549999,2263200.0,34.285,37400.0,30.209999,5700.0
2015-06-16,14.84,172400.0,113.32,4033300.0,33.060001,32100.0,15.32,3859800.0,41.970001,36400.0,56.16,2101400.0,20.26,6442000.0,279.390015,1122600.0,55.084998999999996,25000.0,28.99,109300.0,32.580002,20400.0,210.25,85308200.0,52.200001,827500.0,27.16,8400.0,115.949997,2174400.0,33.939999,186500.0,25.9,15900.0,30.540001,545000.0,34.525002,78600.0,30.129998999999998,5400.0
2015-06-17,14.84,318500.0,113.849998,6456000.0,33.419998,25900.0,15.45,7996400.0,41.419998,76600.0,55.439999,1704500.0,20.209999,19734800.0,279.22000099999997,927100.0,55.025002,17200.0,28.93,68600.0,32.794998,40000.0,210.58999599999999,126708600.0,52.32,332000.0,27.17,5100.0,115.889999,2506500.0,34.009997999999996,193200.0,25.766666,108700.0,30.58,1015700.0,34.310001,104400.0,30.209999,4600.0
2015-06-18,14.94,267200.0,115.32,8041300.0,33.32,22500.0,15.46,7599200.0,41.529999,31400.0,54.040001000000004,2260700.0,20.360001,14864100.0,281.660004,1605400.0,55.540001000000004,16000.0,29.200001,94100.0,33.049999,118000.0,212.77999900000003,165867900.0,52.200001,989800.0,27.25,3400.0,116.190002,2862000.0,33.98,474600.0,25.66,217500.0,30.58,740800.0,34.125,136600.0,30.15,10000.0
2015-06-19,14.73,138900.0,115.120003,4611600.0,33.099998,20100.0,15.42,6101200.0,40.66,70100.0,54.400002,1116100.0,20.02,14193700.0,279.850006,1223200.0,55.435001,20600.0,28.73,36900.0,32.654999,14400.0,210.809998,130478700.0,52.389998999999996,987000.0,27.200001,332100.0,116.099998,2521800.0,34.09,60300.0,25.853333,16500.0,30.58,737200.0,34.555,130400.0,30.219998999999998,4700.0
2015-06-22,14.84,119500.0,113.639999,5763700.0,33.82,27000.0,15.49,5014100.0,40.23,63700.0,53.080002,1495200.0,20.16,11266900.0,281.359985,1026300.0,55.669998,12800.0,29.219998999999998,50100.0,32.869999,51000.0,211.88999900000002,70696000.0,52.18,327200.0,27.4,18400.0,116.550003,1968300.0,33.970001,101800.0,25.506666,16900.0,30.59,647300.0,33.935001,37600.0,30.24,6900.0
2015-06-23,15.02,144100.0,112.889999,4522800.0,34.509997999999996,58600.0,15.14,9716900.0,41.380001,71500.0,52.84,1081100.0,20.469998999999998,18136200.0,281.52999900000003,958600.0,55.814999,17400.0,29.360001,72700.0,33.134997999999996,39600.0,212.039993,68476800.0,52.25,439200.0,27.34,10600.0,116.519997,927000.0,33.900002,126300.0,25.393333,109600.0,30.59,1195200.0,33.720001,56800.0,30.18,15900.0
2015-06-24,14.82,127100.0,112.589996,2975500.0,34.310001,44400.0,15.19,3689400.0,40.830002,31300.0,53.52,647700.0,20.209999,21365500.0,278.869995,1689900.0,55.455002,24600.0,29.120001000000002,48900.0,33.0,18400.0,210.5,92307300.0,52.25,307000.0,27.25,14000.0,116.309998,2205000.0,33.939999,127400.0,25.506666,53500.0,30.58,939900.0,33.965,48200.0,30.24,5400.0
2015-06-25,14.67,735100.0,112.440002,2904700.0,35.349998,82400.0,15.17,4995700.0,40.389998999999996,62000.0,54.880001,2669300.0,19.98,12068000.0,277.959991,1096600.0,55.355,23000.0,29.110001,51100.0,32.82,9600.0,209.86000099999998,97107400.0,52.27,578600.0,27.25,2400.0,116.129997,3035700.0,33.959998999999996,169700.0,25.426666,21300.0,30.57,449400.0,33.855,49600.0,30.190001000000002,7400.0
2015-06-26,14.69,96200.0,112.559998,4392600.0,36.279999,325600.0,15.11,4754200.0,40.669998,40400.0,53.279999,3372900.0,19.98,10914900.0,278.390015,1708900.0,55.209998999999996,16600.0,29.07,66800.0,32.560001,14000.0,209.82000699999998,104174800.0,52.099998,326400.0,27.059998999999998,10900.0,115.739998,2982000.0,33.860001000000004,62700.0,25.226667000000003,24300.0,30.549999,385700.0,33.509997999999996,369800.0,30.16,6000.0
2015-06-29,14.35,200900.0,113.07,5820200.0,36.48,112900.0,15.03,6983300.0,40.220001,35700.0,53.84,1759400.0,19.51,18898400.0,272.630005,2205800.0,54.055,19800.0,28.23,69700.0,31.674999,59400.0,205.419998,202621300.0,52.200001,503300.0,27.049999,3200.0,114.900002,4443300.0,34.0,122800.0,25.719998999999998,44700.0,30.58,277400.0,34.325001,176800.0,30.23,10600.0
2015-06-30,14.6,353200.0,112.370003,7897000.0,38.990002000000004,148500.0,15.03,10391600.0,41.209998999999996,47800.0,54.240002000000004,1512300.0,19.879998999999998,14732600.0,273.200012,2323000.0,54.200001,23200.0,28.120001000000002,979800.0,32.220001,51200.0,205.850006,182925100.0,52.369999,388800.0,27.08,7400.0,115.290001,2476800.0,33.970001,68400.0,25.526667,103900.0,30.6,807300.0,34.16,176200.0,30.290001,45800.0
2015-07-01,14.19,206100.0,111.980003,4409000.0,38.529999,161100.0,14.9,5470500.0,40.529999,22800.0,53.360001000000004,1215000.0,19.1,25025900.0,274.269989,4315700.0,54.330002,63800.0,28.280001000000002,177000.0,32.115002000000004,35800.0,207.5,135979900.0,52.220001,3400400.0,26.959999,7500.0,114.900002,3354300.0,33.860001000000004,100200.0,25.293332999999997,47100.0,30.549999,1107400.0,33.674999,143800.0,30.17,113600.0
2015-07-02,14.08,310100.0,111.760002,3838600.0,38.709998999999996,144300.0,14.95,4405500.0,40.919998,34300.0,54.240002000000004,2082200.0,18.93,18402500.0,273.77999900000003,1913900.0,53.959998999999996,20800.0,28.32,168200.0,32.220001,47600.0,207.309998,104373700.0,52.049999,657100.0,27.08,10000.0,115.110001,2200200.0,33.939999,58900.0,25.406666,394600.0,30.559998999999998,437400.0,33.759997999999996,109600.0,30.219998999999998,9600.0
2015-07-06,13.2,730800.0,112.059998,4259800.0,38.630001,383300.0,14.99,4410500.0,38.970001,135600.0,52.880001,2192500.0,17.73,41715000.0,272.869995,2714800.0,53.884997999999996,15200.0,27.76,103700.0,31.395,9800.0,206.720001,117975400.0,52.130001,5259600.0,26.92,26300.0,114.809998,2434200.0,34.0,62600.0,25.780001000000002,174300.0,30.610001,1749100.0,34.330002,174200.0,30.27,27900.0
2015-07-07,13.25,717700.0,110.760002,9073400.0,37.939999,102900.0,14.43,24144000.0,39.529999,52100.0,52.279999,1322500.0,17.76,43672000.0,274.200012,3620300.0,54.005001,22400.0,27.73,73600.0,30.77,200400.0,208.020004,173820200.0,52.450001,800500.0,26.690001000000002,91000.0,114.690002,3476100.0,34.049999,85400.0,25.853333,17100.0,30.620001000000002,707700.0,34.59,71200.0,30.280001000000002,125700.0
2015-07-08,13.1,280400.0,111.089996,5694900.0,37.830002,75200.0,14.46,8964300.0,40.419998,70900.0,51.599998,1794800.0,17.379998999999998,23668700.0,270.369995,3399900.0,53.165001000000004,31400.0,27.139999,44900.0,29.745001000000002,48800.0,204.529999,164020100.0,52.41,923600.0,26.719998999999998,4500.0,113.970001,2109000.0,34.080002,75100.0,25.793332999999997,165900.0,30.65,1137600.0,34.895,44000.0,30.32,3100.0
2015-07-09,13.31,427600.0,111.360001,3802900.0,38.34,47900.0,14.76,7441700.0,41.049999,60200.0,52.400002,2044900.0,17.709999,17266300.0,270.459991,2031900.0,53.455002,71400.0,27.48,142500.0,30.549999,21600.0,204.899994,144113100.0,52.389998999999996,744000.0,26.74,5100.0,114.269997,1919400.0,33.970001,56400.0,25.613332999999997,13200.0,30.639999,706900.0,34.244999,21000.0,30.549999,1400.0
2015-07-10,13.39,207400.0,111.489998,3594900.0,38.700001,128800.0,14.88,7254100.0,40.810001,23400.0,53.200001,1932500.0,17.67,17063800.0,273.23999,1467300.0,54.18,22200.0,28.33,657200.0,31.32,195200.0,207.479996,129456900.0,52.299999,561000.0,26.799999,3800.0,114.779999,4550700.0,33.869999,55400.0,25.173334,2375400.0,30.58,338300.0,33.724998,205800.0,30.16,20500.0
2015-07-13,13.29,124700.0,110.989998,4279300.0,38.98,136700.0,14.81,4459300.0,39.119999,177100.0,54.84,1641200.0,17.51,16825300.0,275.75,1323900.0,54.580002,21000.0,28.469998999999998,63900.0,31.525,15600.0,209.770004,106069400.0,52.279999,1189600.0,26.9,50500.0,114.900002,3181800.0,33.799999,138300.0,25.219998999999998,28600.0,30.58,392600.0,33.619999,79800.0,30.200001,9100.0
2015-07-14,13.37,217500.0,110.739998,2601000.0,38.310001,32600.0,14.69,4729900.0,38.869999,87400.0,54.439999,1225100.0,17.719998999999998,19802400.0,276.809998,1440500.0,54.919998,19400.0,28.59,59300.0,31.57,100000.0,210.67999300000002,81709600.0,52.27,692400.0,26.91,6700.0,114.870003,1615200.0,33.869999,131000.0,25.233334,59200.0,30.559998999999998,496000.0,33.735001000000004,28600.0,30.18,14100.0
2015-07-15,13.03,310100.0,110.160004,9286200.0,38.189999,54200.0,14.43,7204100.0,37.48,129500.0,55.759997999999996,1592600.0,17.23,28590500.0,275.369995,1087300.0,54.48,15000.0,28.52,259400.0,31.105,20400.0,210.61000099999998,97914100.0,52.490002000000004,482200.0,26.84,26700.0,114.900002,1827300.0,33.889998999999996,156400.0,25.413334,184200.0,30.559998999999998,862500.0,34.084998999999996,43400.0,30.24,11200.0
2015-07-16,12.91,203100.0,109.760002,4629700.0,37.939999,276400.0,14.35,6071600.0,38.25,66700.0,54.959998999999996,1750500.0,17.049999,19428100.0,276.309998,1294300.0,54.845001,29200.0,28.75,35900.0,31.57,23800.0,212.30000299999998,106683300.0,52.509997999999996,440200.0,26.940001000000002,30900.0,115.019997,1652400.0,33.93,97300.0,25.513334,41700.0,30.549999,411100.0,34.314999,21400.0,30.24,4800.0
2015-07-17,12.88,204700.0,108.650002,14858300.0,37.369999,113900.0,14.23,5776000.0,38.869999,74600.0,55.439999,890100.0,16.99,23811900.0,274.200012,1536700.0,54.575001,24600.0,28.68,56900.0,31.530001000000002,45200.0,212.479996,89030000.0,52.549999,635400.0,26.75,4800.0,114.599998,2377200.0,33.919998,73000.0,25.626667,13000.0,30.540001,322600.0,34.439999,21800.0,30.209999,1600.0
2015-07-20,12.75,340100.0,105.699997,15751700.0,36.349998,78700.0,14.05,9666700.0,38.77,27800.0,54.360001000000004,1540400.0,16.690001000000002,16445500.0,274.140015,2127600.0,54.285,49200.0,28.74,55200.0,31.365,11800.0,212.58999599999999,70446800.0,52.650002,355500.0,26.76,4800.0,114.360001,3754500.0,33.869999,63300.0,25.533333,8200.0,30.530001000000002,257200.0,34.310001,92600.0,30.209999,3700.0
2015-07-21,12.92,233800.0,105.370003,10519800.0,36.259997999999996,73000.0,14.14,5768200.0,38.619999,53400.0,55.48,991800.0,16.91,12817100.0,272.100006,1495200.0,54.099998,15600.0,28.66,43300.0,31.41,185800.0,211.75,77965000.0,52.619999,376000.0,26.74,12000.0,114.0,1878300.0,33.889998999999996,109600.0,25.586666,155700.0,30.540001,209500.0,34.525002,258200.0,30.24,31800.0
2015-07-22,12.55,189400.0,104.800003,8349200.0,35.880001,82000.0,14.14,4754100.0,37.52,50700.0,55.560001,1007500.0,16.34,27095700.0,272.959991,1034300.0,54.244999,21600.0,28.450001,119100.0,31.025,30600.0,211.36999500000002,88667900.0,52.669998,561300.0,26.639999,10700.0,113.400002,4627200.0,33.889998999999996,88900.0,25.686666,99600.0,30.540001,540000.0,34.695,157600.0,30.190001000000002,8700.0
2015-07-23,12.39,426500.0,104.33000200000001,5779300.0,35.77,25800.0,14.0,5446900.0,37.279999,26200.0,54.16,1972600.0,16.139999,22692200.0,271.02999900000003,1538300.0,53.529999,7400.0,28.34,44300.0,30.715,34600.0,210.17999300000002,90509100.0,52.779999,267300.0,26.450001,359600.0,113.459999,2185200.0,33.919998,90600.0,25.893333,14200.0,30.549999,333800.0,35.084998999999996,45600.0,30.190001000000002,33700.0
2015-07-24,12.34,182800.0,105.349998,11572700.0,34.919998,70100.0,14.02,8949400.0,36.939999,41300.0,53.400002,821500.0,16.030001000000002,23246200.0,268.519989,2469600.0,52.889998999999996,21600.0,28.07,155600.0,30.295,9800.0,208.0,117755000.0,52.880001,459700.0,26.33,11500.0,113.040001,2023800.0,33.939999,235600.0,25.806667,50800.0,30.530001000000002,266300.0,35.195,38000.0,30.26,3300.0
2015-07-27,12.08,296300.0,104.860001,10690100.0,33.540001000000004,63800.0,13.92,4176800.0,36.259997999999996,50700.0,53.48,525000.0,15.65,38041400.0,266.540009,1658800.0,52.455002,30000.0,27.84,56900.0,29.625,197000.0,206.78999299999998,132361100.0,52.900002,469600.0,26.27,81600.0,112.559998,4574100.0,33.970001,158400.0,25.886667000000003,34500.0,30.57,631800.0,35.375,49200.0,30.24,51700.0
2015-07-28,12.23,239100.0,105.019997,5549200.0,34.0,19500.0,14.02,5756500.0,36.0,25400.0,53.919998,967100.0,15.85,21996900.0,269.350006,2025600.0,52.889998999999996,17800.0,28.17,93500.0,29.805,362800.0,209.330002,123544800.0,52.849998,562200.0,26.27,17000.0,112.949997,6004200.0,33.950001,210300.0,25.74,596100.0,30.58,491500.0,35.119999,429000.0,30.23,87100.0
2015-07-29,12.43,350100.0,105.16999799999999,5616900.0,33.34,42400.0,14.15,7051500.0,36.419998,36200.0,54.84,945200.0,16.24,34719700.0,272.450012,1741000.0,53.27,20800.0,28.299999,46700.0,30.049999,15200.0,210.770004,105791300.0,52.830002,276500.0,26.309998999999998,5500.0,113.639999,2275800.0,33.919998,126400.0,25.713333,13300.0,30.559998999999998,489800.0,35.0,54000.0,30.219998999999998,23100.0
2015-07-30,12.38,130500.0,104.269997,6652000.0,33.790001000000004,29600.0,14.09,3737800.0,36.52,11900.0,53.32,1472600.0,16.1,13871500.0,273.049988,1076400.0,53.369999,41600.0,28.27,80900.0,29.905001000000002,26600.0,210.82000699999998,91304400.0,52.950001,411800.0,26.23,8800.0,113.970001,3031200.0,33.91,176900.0,25.82,24000.0,30.559998999999998,427000.0,35.235001000000004,31200.0,30.219998999999998,25600.0
2015-07-31,12.08,187200.0,104.93,6689200.0,33.549999,24200.0,14.08,6035400.0,36.57,11400.0,52.16,1365600.0,15.59,24602000.0,273.48999,1659900.0,53.73,58400.0,28.379998999999998,77100.0,30.1,59800.0,210.5,103266900.0,52.98,506100.0,26.23,11600.0,113.910004,2475600.0,34.009997999999996,336400.0,26.073334,13900.0,30.6,406600.0,35.494999,351600.0,30.219998999999998,3300.0
2015-08-03,11.72,586900.0,104.099998,3528600.0,33.360001000000004,40100.0,13.87,6657900.0,34.779999,121900.0,52.799999,961700.0,15.1,34792300.0,272.660004,1504300.0,53.220001,31800.0,28.32,83700.0,29.610001,11800.0,209.789993,113965700.0,52.959998999999996,858000.0,26.1,14000.0,113.010002,2111700.0,33.93,135100.0,25.98,30300.0,30.549999,332900.0,35.779999,773600.0,30.27,38500.0
2015-08-04,11.79,340100.0,104.309998,3241000.0,33.369999,150400.0,13.92,3004200.0,35.0,39500.0,53.799999,1049800.0,15.22,14542300.0,272.410004,1104000.0,53.404999,17800.0,28.34,80000.0,29.764999,14200.0,209.380005,81820800.0,52.93,526300.0,25.93,4500.0,113.040001,2934300.0,33.810001,86800.0,25.860001,26800.0,30.51,878500.0,35.505001,53800.0,30.190001000000002,9200.0
2015-08-05,11.66,371800.0,103.93,5041000.0,33.830002,27700.0,13.95,3859600.0,34.630001,33100.0,53.360001000000004,920400.0,15.03,26607600.0,273.859985,1148400.0,53.584998999999996,10200.0,28.51,44100.0,29.775,28200.0,210.07000699999998,85786800.0,52.73,367900.0,25.85,3900.0,112.980003,2714700.0,33.77,105500.0,25.719998999999998,25000.0,30.5,397600.0,35.255001,258400.0,30.190001000000002,244100.0
2015-08-06,11.61,240700.0,104.389999,3908100.0,33.639998999999996,21600.0,13.99,3514800.0,34.060001,35400.0,53.84,1327200.0,14.87,23933000.0,271.209991,1391300.0,53.134997999999996,10800.0,28.389999,52000.0,29.66,12000.0,208.350006,116030800.0,52.970001,270500.0,25.799999,4600.0,112.529999,3100200.0,33.810001,100700.0,25.813334,27000.0,30.52,1037000.0,35.509997999999996,67000.0,30.23,4600.0
2015-08-07,11.43,469700.0,104.650002,4400900.0,34.119999,15500.0,14.11,5262200.0,33.709998999999996,21700.0,53.639998999999996,907800.0,14.56,19804200.0,270.890015,1640400.0,52.805,8400.0,28.360001,123500.0,29.594998999999998,23000.0,207.949997,117858000.0,52.900002,778700.0,25.780001000000002,5700.0,112.08000200000001,3169800.0,33.860001000000004,111000.0,26.033333,23500.0,30.469998999999998,407400.0,35.965,75800.0,30.190001000000002,5200.0
2015-08-10,11.73,210300.0,105.720001,5892600.0,35.43,37600.0,14.54,9813400.0,34.939999,69300.0,54.400002,780400.0,14.89,20482700.0,274.98999,2187800.0,53.48,30200.0,28.719998999999998,100800.0,30.200001,60400.0,210.57000699999998,80270700.0,52.810001,318200.0,25.969998999999998,16500.0,112.260002,1370100.0,33.799999,79600.0,25.833334,16200.0,30.5,343300.0,35.535,135200.0,30.200001,3700.0
2015-08-11,11.49,354400.0,106.260002,4060900.0,34.259997999999996,52500.0,14.64,5110000.0,35.139998999999996,43100.0,54.639998999999996,812200.0,14.49,25418900.0,272.26001,2117400.0,53.134997999999996,224400.0,28.25,452500.0,29.415001,86400.0,208.669998,126081400.0,53.009997999999996,520300.0,25.74,158000.0,111.779999,1917300.0,33.900002,99800.0,26.0,89100.0,30.49,422300.0,36.064999,968800.0,30.24,80600.0
2015-08-12,11.56,193600.0,107.75,10022500.0,32.509997999999996,288100.0,14.82,7834200.0,36.400002,70100.0,56.040001000000004,1125600.0,14.44,18405400.0,271.589996,3526400.0,52.830002,14200.0,28.07,75100.0,29.055,119800.0,208.919998,172123700.0,53.02,444200.0,25.799999,2300.0,111.540001,3369300.0,33.889998999999996,2177100.0,25.926666,1161600.0,30.52,410700.0,35.880001,349600.0,30.26,4200.0
2015-08-13,11.4,386300.0,106.860001,4761700.0,33.139998999999996,64100.0,14.71,4182500.0,35.43,27900.0,53.720001,1793900.0,14.09,26464400.0,271.540009,1060300.0,52.830002,37200.0,28.040001,50900.0,29.004998999999998,22600.0,208.66000400000001,89383300.0,52.990002000000004,279400.0,25.690001000000002,46900.0,111.449997,2585700.0,33.759997999999996,200800.0,25.733334,129700.0,30.469998999999998,431400.0,35.775002,12800.0,30.23,8800.0
2015-08-14,11.31,299500.0,106.849998,3509200.0,33.009997999999996,95100.0,14.55,4819100.0,34.700001,26600.0,53.799999,463100.0,13.99,16686000.0,273.290009,1180900.0,53.325001,16600.0,28.09,19900.0,29.094998999999998,37400.0,209.419998,72786500.0,52.919998,1013300.0,25.68,4600.0,111.540001,1470600.0,33.77,143400.0,25.726667000000003,119500.0,30.48,1598000.0,35.855,37800.0,30.190001000000002,4500.0
2015-08-17,11.2,177100.0,107.129997,5769100.0,32.860001000000004,19800.0,14.63,2270900.0,34.240002000000004,70400.0,52.48,1178500.0,13.89,16646700.0,275.890015,1378100.0,53.619999,9600.0,28.01,49200.0,28.795,17800.0,210.58999599999999,79072600.0,53.009997999999996,675600.0,25.629998999999998,5000.0,111.389999,1969800.0,33.799999,133300.0,25.866667,114000.0,30.5,313200.0,36.005001,38200.0,30.23,3000.0
2015-08-18,11.17,226600.0,107.110001,4121800.0,32.709998999999996,21800.0,14.22,7681100.0,33.77,30300.0,52.080002,957800.0,14.05,15460100.0,274.380005,887900.0,53.389998999999996,20600.0,27.82,77300.0,28.540001,71600.0,209.979996,71692700.0,52.950001,571500.0,25.629998999999998,7400.0,111.360001,2498700.0,33.75,93900.0,25.780001000000002,29200.0,30.48,282300.0,35.759997999999996,70800.0,30.219998999999998,3500.0
2015-08-19,10.75,865500.0,108.550003,7035100.0,32.700001,15300.0,14.57,5612700.0,32.32,112300.0,51.84,611400.0,13.43,35899200.0,271.410004,3056500.0,52.959998999999996,20200.0,27.57,112500.0,28.18,22600.0,208.320007,172946000.0,53.040001000000004,739900.0,25.450001,25000.0,111.089996,3914400.0,33.849998,124200.0,25.860001,49500.0,30.5,525300.0,36.064999,65800.0,30.27,6500.0
2015-08-20,10.56,436900.0,110.440002,12549000.0,33.119999,29100.0,14.78,5576100.0,31.809998999999998,55000.0,52.639998999999996,1737300.0,13.37,31520200.0,265.359985,4085600.0,51.875,24400.0,26.92,83900.0,27.594998999999998,78400.0,203.970001,194327900.0,53.099998,414000.0,25.469998999999998,17800.0,110.489998,2834400.0,33.880001,87900.0,26.013334,23100.0,30.51,325700.0,36.395,144800.0,30.26,11500.0
2015-08-21,10.46,329200.0,111.129997,13917600.0,32.639998999999996,27600.0,14.61,6548500.0,31.719998999999998,60400.0,51.119999,2028700.0,13.23,31418800.0,259.019989,7374300.0,51.040001000000004,54200.0,26.25,229300.0,26.805,166200.0,197.830002,346588500.0,53.07,1226100.0,25.32,51200.0,110.160004,4916700.0,33.91,242600.0,26.013334,82500.0,30.530001000000002,425300.0,36.529999,47200.0,30.32,11300.0
2015-08-24,9.9,975200.0,110.529999,18388700.0,32.689999,72300.0,14.13,11824700.0,29.870001000000002,162200.0,50.52,1393000.0,12.49,49320900.0,248.289993,6050700.0,49.075001,170400.0,25.43,144800.0,25.450001,158200.0,189.5,507244300.0,52.950001,1662600.0,25.139999,15000.0,108.900002,5856900.0,33.73,382300.0,25.793332999999997,48600.0,30.549999,1315500.0,36.59,417200.0,30.309998999999998,78700.0
2015-08-25,10.06,490500.0,109.160004,9974200.0,32.419998,69200.0,13.99,6678800.0,29.549999,111500.0,51.080002,885500.0,12.73,32305300.0,246.210007,4859800.0,48.625,89200.0,25.68,165600.0,25.785,731800.0,187.270004,369833100.0,52.650002,2320300.0,24.940001000000002,21100.0,109.199997,4309200.0,33.759997999999996,243400.0,25.48,47700.0,30.57,1166000.0,35.959998999999996,186800.0,30.290001,23000.0
2015-08-26,10.22,632700.0,107.66999799999999,10856600.0,32.029999,31300.0,13.56,12373800.0,28.530001000000002,82700.0,50.959998999999996,528000.0,12.77,32439600.0,252.520004,4864600.0,49.744999,33000.0,26.17,98700.0,26.475,188800.0,194.46000700000002,339257000.0,52.700001,762000.0,24.860001,31400.0,110.279999,3260400.0,33.799999,269000.0,25.280001000000002,55500.0,30.549999,333700.0,35.314999,314800.0,30.299999,15600.0
2015-08-27,11.13,445700.0,107.730003,8102100.0,32.16,33200.0,13.8,7999600.0,30.360001,103900.0,50.560001,2062400.0,13.95,56170200.0,258.769989,2004400.0,50.419998,32800.0,26.629998999999998,394400.0,27.555,65400.0,199.270004,274143900.0,52.669998,911200.0,25.120001000000002,41500.0,110.910004,4719000.0,33.830002,155100.0,25.440001000000002,27900.0,30.52,957100.0,35.314999,76600.0,30.309998999999998,125000.0
2015-08-28,11.73,657300.0,108.699997,7558900.0,32.18,13200.0,13.92,4936600.0,31.84,72300.0,51.439999,644600.0,14.88,68784100.0,259.880005,1330800.0,50.845001,33200.0,26.6,108400.0,27.235001,46000.0,199.279999,160414400.0,52.689999,1692100.0,25.190001000000002,60000.0,110.970001,2918700.0,33.779999,68900.0,25.586666,16300.0,30.49,544700.0,35.43,39600.0,30.23,15000.0
2015-08-31,12.43,636400.0,108.82,4532100.0,32.25,48900.0,13.99,4112600.0,33.939999,84700.0,50.799999,2189000.0,15.89,87885800.0,258.0,1230500.0,50.974998,47000.0,26.41,108900.0,27.15,82800.0,197.669998,163298800.0,52.560001,904700.0,25.25,9300.0,111.029999,2373300.0,33.790001000000004,92900.0,25.473333,13300.0,30.469998999999998,3099200.0,35.200001,196800.0,30.280001000000002,22100.0
2015-09-01,11.52,517600.0,109.199997,7077800.0,31.690001000000002,53900.0,13.94,4031100.0,31.85,58200.0,50.84,1166800.0,14.81,57386600.0,250.69999700000002,2937400.0,49.490002000000004,31200.0,25.610001,51500.0,26.08,368800.0,191.770004,256000400.0,52.639998999999996,1272300.0,24.99,11000.0,109.980003,1976400.0,33.77,238900.0,25.473333,28000.0,30.440001000000002,833200.0,35.334998999999996,859600.0,30.25,47200.0
2015-09-02,11.72,440400.0,108.620003,4115700.0,31.540001,49500.0,14.02,5546600.0,32.669998,85200.0,49.84,1863400.0,15.09,59080600.0,254.520004,2617600.0,50.224998,30600.0,25.92,144800.0,26.379998999999998,37800.0,195.41000400000001,160269300.0,52.619999,2503200.0,24.9,13300.0,110.58000200000001,2455500.0,33.77,109200.0,25.473333,19500.0,30.469998999999998,1559900.0,35.099998,100400.0,30.25,1500.0
2015-09-03,11.88,230100.0,107.839996,3913100.0,31.07,15500.0,14.02,5346900.0,32.880001,72100.0,51.360001000000004,3908100.0,15.34,45697100.0,255.649994,1179600.0,50.494999,39000.0,26.01,65400.0,26.540001,33600.0,195.550003,152087800.0,52.740002000000004,1286100.0,24.950001,4800.0,110.550003,2447100.0,33.84,48700.0,25.52,18300.0,30.49,378300.0,35.240002000000004,26600.0,30.25,14700.0
2015-09-04,11.64,229300.0,107.489998,4025000.0,31.18,20900.0,13.92,3771900.0,32.48,14000.0,50.16,1874300.0,15.08,22123900.0,252.57000699999998,877300.0,49.98,26000.0,25.379998999999998,116600.0,25.700001,29400.0,192.58999599999999,207081000.0,52.900002,435400.0,24.700001,5900.0,110.43,1480800.0,33.889998999999996,78200.0,25.780001000000002,18900.0,30.49,209200.0,35.514998999999996,43200.0,30.280001000000002,142100.0
2015-09-08,11.67,222800.0,107.519997,5982100.0,31.65,16200.0,14.12,5128200.0,32.080002,24100.0,51.080002,1868000.0,15.02,29156700.0,258.73999,1511100.0,50.924999,49600.0,26.110001,44200.0,26.629998999999998,37200.0,197.429993,116025700.0,53.009997999999996,908600.0,24.6,18200.0,111.150002,1854900.0,33.779999,218700.0,25.52,9400.0,30.51,703500.0,35.029999,43000.0,30.25,15500.0
2015-09-09,11.36,231700.0,106.129997,8855100.0,31.52,39800.0,13.93,3114400.0,31.280001000000002,30200.0,50.200001,1516500.0,14.51,21851300.0,256.0,910800.0,50.32,45400.0,26.030001000000002,63200.0,26.434998999999998,38400.0,194.78999299999998,149347700.0,52.84,692700.0,24.700001,14400.0,111.029999,3836100.0,33.849998,125900.0,25.633333,15000.0,30.51,514200.0,35.200001,123200.0,30.24,53600.0
2015-09-10,11.6,141500.0,106.379997,6204000.0,31.889999,9000.0,13.99,3269500.0,31.959999,29300.0,50.599998,3242200.0,14.93,19494300.0,256.390015,2548700.0,50.389998999999996,69000.0,26.129998999999998,1268000.0,26.625,723400.0,195.850006,158611100.0,52.810001,723400.0,24.700001,4400.0,111.239998,3179400.0,33.82,190900.0,25.453332999999997,363000.0,30.48,573100.0,34.985001000000004,1300600.0,30.23,14400.0
2015-09-11,11.4,408000.0,106.160004,4023900.0,32.549999,120900.0,13.95,4777700.0,31.41,20200.0,51.0,766200.0,14.65,25713900.0,258.0,1097700.0,50.575001,30000.0,26.15,51900.0,26.76,34000.0,196.740005,119691200.0,52.849998,435000.0,24.73,1900.0,111.120003,2188500.0,33.849998,90200.0,25.6,12400.0,30.51,386700.0,35.185001,96600.0,30.280001000000002,13100.0
2015-09-14,11.11,211700.0,106.220001,2350800.0,33.18,60900.0,13.79,3020900.0,29.959999,56800.0,52.119999,903900.0,14.39,17791100.0,256.690002,1381100.0,50.424999,27200.0,25.9,48500.0,26.66,10000.0,196.009995,79452000.0,52.82,275700.0,24.85,7600.0,111.120003,2035800.0,33.849998,99100.0,25.559998999999998,7000.0,30.51,380200.0,35.240002000000004,91800.0,30.27,162300.0
2015-09-15,11.32,169600.0,105.900002,2905000.0,33.049999,25400.0,13.77,2419600.0,30.6,11500.0,51.560001,489100.0,14.57,17224300.0,259.709991,1885300.0,50.994999,33000.0,26.110001,59000.0,26.924999,23600.0,198.46000700000002,113806200.0,52.75,563000.0,24.709999,60500.0,111.029999,1584300.0,33.740002000000004,77500.0,25.200001,15000.0,30.450001,365600.0,34.59,58000.0,30.18,5800.0
2015-09-16,11.81,172100.0,107.309998,5315600.0,32.700001,20200.0,14.22,7054900.0,31.74,53700.0,50.439999,1150900.0,15.36,44264700.0,262.179993,2039800.0,51.48,18600.0,26.559998999999998,223400.0,27.559998999999998,211800.0,200.179993,99581600.0,52.599998,396400.0,24.84,45800.0,110.66999799999999,2325600.0,33.689999,76400.0,25.26,27600.0,30.450001,288500.0,34.485001000000004,73600.0,30.190001000000002,10500.0
2015-09-17,11.69,92000.0,108.410004,8403800.0,32.290001000000004,39300.0,14.42,8662100.0,31.709999,59900.0,50.240002000000004,1084000.0,15.23,28414100.0,262.019989,1141000.0,51.580002,13000.0,26.559998999999998,137900.0,27.535,134800.0,199.729996,276046600.0,52.650002,1589700.0,24.809998999999998,6300.0,110.790001,6549000.0,33.889998999999996,80900.0,25.513334,201400.0,30.530001000000002,304200.0,34.884997999999996,331800.0,30.290001,7200.0
2015-09-18,11.3,529500.0,109.209999,6794300.0,32.049999,4900.0,14.47,4859500.0,31.1,34500.0,49.32,810100.0,14.62,28798000.0,256.640015,1407500.0,50.43,13200.0,26.0,115100.0,26.885,74400.0,195.449997,223657500.0,52.959998999999996,674100.0,24.950001,8500.0,110.25,5308500.0,33.990002000000004,136800.0,25.84,7200.0,30.52,391300.0,35.360001000000004,69000.0,30.299999,40000.0
2015-09-21,11.62,144600.0,108.529999,4104800.0,32.639998999999996,60900.0,14.49,3384900.0,32.040001000000004,27000.0,48.639998999999996,759000.0,15.05,23099000.0,258.190002,2118500.0,50.695,17400.0,25.969998999999998,59900.0,26.92,20800.0,196.46000700000002,105726200.0,52.82,517800.0,24.76,2400.0,110.279999,2705700.0,33.889998999999996,61800.0,25.573334,12700.0,30.51,358300.0,34.845001,74600.0,30.290001,1100.0
2015-09-22,11.59,98900.0,107.790001,5483300.0,32.220001,14800.0,14.14,4496300.0,32.259997999999996,18300.0,48.48,403100.0,14.92,28357100.0,254.539993,1610300.0,49.924999,17600.0,25.370001000000002,52600.0,26.385,22600.0,193.91000400000001,153890900.0,52.990002000000004,462300.0,24.530001000000002,5400.0,109.559998,2510100.0,33.950001,103600.0,25.76,10900.0,30.52,857300.0,35.310001,46000.0,30.309998999999998,4300.0
2015-09-23,11.3,196500.0,108.220001,2744200.0,32.580002,32400.0,14.12,2498000.0,31.709999,36300.0,48.52,519200.0,14.44,36964200.0,253.899994,1732100.0,49.915001000000004,23600.0,25.26,87900.0,26.055,13800.0,193.600006,92790600.0,52.889998999999996,424000.0,24.34,7300.0,109.349998,2048100.0,33.950001,83900.0,25.713333,19000.0,30.540001,287900.0,35.285,93800.0,30.299999,107200.0
2015-09-24,11.37,223900.0,110.489998,11024300.0,32.450001,14300.0,14.43,7257700.0,31.370001000000002,16200.0,49.119999,903000.0,14.59,26674400.0,252.69999700000002,2086100.0,49.965,8600.0,25.190001000000002,128200.0,26.004998999999998,40000.0,192.899994,159378800.0,52.950001,524200.0,24.370001000000002,23900.0,108.720001,3791700.0,33.939999,52100.0,25.766666,12700.0,30.540001,239500.0,35.509997999999996,43200.0,30.35,15600.0
2015-09-25,11.42,306700.0,109.809998,5209500.0,33.150002,46600.0,14.4,3181200.0,31.860001,13500.0,48.32,1499200.0,14.72,22267500.0,252.30000299999998,2088800.0,49.794998,26600.0,25.42,61500.0,25.879998999999998,7800.0,192.850006,155054800.0,52.880001,422400.0,24.440001000000002,31000.0,108.33000200000001,3981900.0,33.889998999999996,66200.0,25.559998999999998,31600.0,30.52,238000.0,35.25,52400.0,30.290001,18000.0
2015-09-28,11.1,117000.0,108.41999799999999,3809600.0,32.91,10000.0,13.94,5997500.0,30.799999,19400.0,49.080002,1084100.0,14.38,20331400.0,246.02999900000003,1462000.0,48.599998,17600.0,24.879998999999998,192600.0,25.35,95000.0,188.009995,178515900.0,52.900002,411500.0,24.309998999999998,31000.0,106.769997,4801200.0,33.889998999999996,66400.0,25.706667000000003,31800.0,30.52,251500.0,35.790001000000004,168000.0,30.309998999999998,63500.0
2015-09-29,11.25,312000.0,107.980003,4043600.0,33.009997999999996,11100.0,13.97,3000700.0,31.33,8400.0,47.52,786100.0,14.61,14700400.0,245.61999500000002,1954200.0,48.32,27200.0,24.860001,101900.0,25.52,361000.0,188.119995,159045600.0,52.98,1567100.0,24.24,20500.0,106.68,3918300.0,33.91,180600.0,25.719998999999998,12000.0,30.52,528500.0,35.900002,78600.0,30.370001000000002,116500.0
2015-09-30,11.35,269200.0,106.860001,7405600.0,33.25,53500.0,13.87,5062900.0,31.65,67200.0,46.439999,1655800.0,14.68,24486700.0,248.88999900000002,2270500.0,48.77,23200.0,25.33,235800.0,26.209999,145000.0,191.630005,163452000.0,52.93,571900.0,24.58,27600.0,106.980003,3644700.0,33.950001,325300.0,25.546667000000003,19500.0,30.52,651100.0,35.755001,237400.0,30.370001000000002,58500.0
2015-10-01,11.24,204000.0,106.730003,4278600.0,33.200001,26600.0,13.9,4069100.0,31.719998999999998,74300.0,44.68,1927600.0,14.58,32351700.0,248.350006,2304300.0,48.73,323800.0,25.42,147400.0,26.299999,68600.0,192.130005,131079000.0,52.900002,1146900.0,24.459999,10100.0,106.110001,3252000.0,33.869999,342100.0,25.553333,30100.0,30.5,753000.0,35.845001,267600.0,30.34,4500.0
2015-10-02,11.42,122900.0,108.989998,7730600.0,33.02,47100.0,14.55,12462900.0,31.129998999999998,50200.0,45.119999,1186500.0,14.77,27931700.0,252.11000099999998,1163100.0,48.855,32600.0,25.860001,239700.0,26.985001,93400.0,195.0,211003300.0,53.09,532600.0,24.690001000000002,3900.0,105.989998,4773900.0,33.98,50900.0,25.6,8400.0,30.540001,846400.0,36.084998999999996,86200.0,30.4,18900.0
2015-10-05,11.65,229900.0,108.769997,5490200.0,33.380001,14500.0,14.89,10015000.0,32.169998,23700.0,45.240002000000004,4379200.0,15.0,23181800.0,256.869995,1698400.0,50.599998,11200.0,26.370001000000002,111500.0,27.51,180000.0,198.470001,126320800.0,53.0,910300.0,24.99,7500.0,107.160004,8933100.0,33.950001,83200.0,25.526667,9100.0,30.540001,286500.0,35.605,463600.0,30.389999,10700.0
2015-10-06,12.14,145400.0,109.860001,7513900.0,33.790001000000004,29900.0,15.07,11190900.0,33.189999,49700.0,45.48,1866800.0,15.74,44544600.0,255.850006,1229800.0,50.450001,23600.0,26.42,133500.0,27.459999,44400.0,197.78999299999998,110274500.0,52.939999,1714600.0,25.25,4700.0,107.489998,6220500.0,33.970001,116400.0,25.613332999999997,14200.0,30.6,662400.0,35.759997999999996,39800.0,30.379998999999998,17600.0
2015-10-07,12.06,362200.0,109.699997,5355500.0,33.57,19800.0,15.29,6781100.0,32.470001,42400.0,45.560001,1230900.0,15.57,40832800.0,259.209991,1912600.0,51.0,13200.0,26.76,99600.0,28.139999,88800.0,199.41000400000001,124307300.0,52.919998,645100.0,25.43,4400.0,108.510002,6439500.0,33.98,170200.0,25.766666,12600.0,30.59,16670300.0,35.665001000000004,50600.0,30.360001,21000.0
2015-10-08,12.36,196200.0,109.139999,5038200.0,33.200001,7200.0,14.99,8935300.0,32.709998999999996,94000.0,45.759997999999996,1555900.0,16.040001,29660500.0,261.890015,1840200.0,51.720001,21200.0,26.92,152500.0,28.415001,112200.0,201.21000700000002,153055200.0,52.91,433200.0,25.65,10600.0,108.900002,4191000.0,33.98,50600.0,25.553333,76600.0,30.58,460700.0,35.349998,35200.0,30.35,169100.0
2015-10-09,12.29,709800.0,110.870003,7907300.0,32.849998,57700.0,15.12,4467100.0,32.650002,22400.0,46.32,903700.0,15.99,29778600.0,262.410004,1919600.0,51.849998,13200.0,26.959999,612600.0,28.450001,224400.0,201.330002,107069200.0,52.810001,4803900.0,25.82,5600.0,108.93,3560100.0,33.970001,1028400.0,25.620001000000002,60700.0,30.59,546200.0,35.43,1485800.0,30.34,5100.0
2015-10-12,11.82,412900.0,111.309998,6257900.0,32.790001000000004,6400.0,15.13,4293000.0,31.299999,34700.0,46.68,818800.0,15.31,28961100.0,262.209991,920400.0,51.814999,17400.0,26.889999,57600.0,28.280001000000002,52200.0,201.520004,56395600.0,52.919998,981700.0,25.790001,7300.0,108.809998,1866300.0,34.040001000000004,60200.0,25.780001000000002,14400.0,30.620001000000002,319900.0,35.700001,162200.0,30.35,61700.0
2015-10-13,11.67,254000.0,111.860001,5149600.0,33.389998999999996,6300.0,15.16,3445500.0,30.389999,51400.0,45.84,725300.0,15.06,29870500.0,259.690002,1845200.0,51.389998999999996,38600.0,26.620001000000002,87600.0,27.915001,197400.0,200.25,88038700.0,52.98,982300.0,25.530001000000002,2200.0,108.599998,4237800.0,34.0,236800.0,25.766666,27600.0,30.610001,454100.0,35.75,196400.0,30.379998999999998,6900.0
2015-10-14,11.73,492100.0,113.809998,10207800.0,32.939999,7600.0,15.42,7028900.0,30.32,25300.0,46.560001,1132300.0,15.05,18763700.0,257.809998,1784800.0,50.689999,28000.0,26.68,86000.0,28.125,28400.0,199.28999299999998,99106200.0,53.110001000000004,313000.0,25.74,13900.0,108.599998,2811300.0,34.09,146900.0,26.0,28500.0,30.65,295300.0,36.044998,63400.0,30.42,13700.0
2015-10-15,11.76,185800.0,113.290001,14083900.0,32.689999,16900.0,15.39,4885700.0,30.42,77100.0,45.240002000000004,1567500.0,15.13,36168600.0,260.820007,2145200.0,51.700001,26800.0,27.16,116800.0,28.715,37600.0,202.350006,134142200.0,53.040001000000004,437000.0,25.99,10500.0,108.660004,6573300.0,34.040001000000004,170100.0,25.82,144600.0,30.629998999999998,1389800.0,35.880001,27600.0,30.389999,11400.0
2015-10-16,11.82,132100.0,112.489998,7328000.0,32.52,25300.0,15.28,4208100.0,30.950001,61700.0,44.599998,660900.0,15.22,23144400.0,260.790009,850400.0,51.669998,34800.0,27.129998999999998,80800.0,28.82,20600.0,203.270004,114580100.0,53.02,376300.0,25.860001,5000.0,109.139999,2214000.0,34.029999,79200.0,25.866667,61000.0,30.610001,639700.0,35.880001,44000.0,30.389999,7400.0
2015-10-19,11.54,175200.0,112.019997,3959400.0,32.080002,39300.0,15.11,4041400.0,29.440001000000002,134300.0,44.84,600600.0,14.83,21189800.0,261.700012,1473500.0,51.775002,11400.0,26.98,56000.0,28.549999,12200.0,203.369995,76523900.0,53.029999,716800.0,25.799999,6000.0,109.529999,3011700.0,34.02,62200.0,25.9,27700.0,30.639999,1089600.0,35.799999,610000.0,30.379998999999998,5600.0
2015-10-20,11.47,202300.0,112.730003,4903200.0,32.419998,7100.0,15.19,5287000.0,29.6,38500.0,45.240002000000004,555800.0,14.73,20257700.0,261.690002,1117200.0,51.915001000000004,10400.0,26.92,84000.0,28.584999,449400.0,203.110001,78448500.0,52.93,548700.0,25.709999,2900.0,109.529999,3981300.0,33.990002000000004,359100.0,25.753334,389500.0,30.639999,628800.0,35.595001,185000.0,30.35,10400.0
2015-10-21,11.27,161800.0,111.730003,3908800.0,32.689999,18900.0,14.99,5065100.0,29.700001,47500.0,43.799999,1856100.0,14.43,26555000.0,258.790009,1750700.0,51.040001000000004,33000.0,26.85,70900.0,28.139999,136200.0,201.850006,102038000.0,53.009997999999996,384900.0,25.51,4100.0,109.379997,6384900.0,34.080002,129800.0,26.053333,123900.0,30.65,305600.0,35.895,31600.0,30.379998999999998,16100.0
2015-10-22,11.39,173100.0,111.690002,3436400.0,32.450001,66000.0,15.11,3391800.0,30.200001,33700.0,43.439999,1685400.0,14.51,16625200.0,260.670013,2969600.0,51.584998999999996,52200.0,27.16,78400.0,28.695,180600.0,205.259995,174911700.0,53.189999,610300.0,25.639999,10300.0,109.349998,4084200.0,34.110001000000004,65000.0,26.053333,14700.0,30.68,306500.0,35.965,51200.0,30.370001000000002,28200.0
2015-10-23,11.2,562100.0,111.5,4868400.0,32.439999,9200.0,15.12,4063700.0,29.799999,20700.0,42.080002,1850400.0,14.27,26774800.0,261.980011,2302300.0,52.07,11200.0,27.370001000000002,67800.0,28.879998999999998,108400.0,207.509995,144442300.0,53.189999,431100.0,25.5,5500.0,109.800003,5004600.0,34.099998,85000.0,26.0,81700.0,30.639999,295900.0,35.685001,115800.0,30.34,183800.0
2015-10-26,11.03,441600.0,111.43,2573500.0,32.889998999999996,9500.0,15.11,3310700.0,29.5,44200.0,39.959998999999996,3378000.0,14.01,21154500.0,261.329987,1994400.0,51.82,22400.0,27.290001,86100.0,28.754998999999998,33800.0,207.0,69033000.0,53.169998,650700.0,25.610001,6700.0,109.68,4509600.0,34.110001000000004,75400.0,26.173334,16500.0,30.610001,449200.0,35.900002,123200.0,30.35,15400.0
2015-10-27,10.86,443400.0,111.68,2646100.0,32.68,9900.0,15.13,2331500.0,29.469998999999998,33000.0,39.959998999999996,1462000.0,13.82,26384900.0,259.26001,1083900.0,51.244999,19800.0,27.01,147800.0,28.43,64600.0,206.600006,77905800.0,53.299999,641500.0,25.49,16400.0,109.379997,3401400.0,34.16,74800.0,26.16,39600.0,30.620001000000002,396600.0,35.970001,300400.0,30.4,3300.0
2015-10-28,11.51,592000.0,110.779999,8201200.0,32.43,20800.0,15.26,11487500.0,30.719998999999998,69800.0,38.68,2350800.0,14.69,48935900.0,264.589996,3288200.0,52.615002000000004,23200.0,27.200001,72000.0,28.225,80000.0,208.949997,135906700.0,53.290001000000004,446700.0,25.41,34900.0,109.620003,4467900.0,34.049999,96700.0,26.073334,81900.0,30.6,286200.0,35.84,50400.0,30.299999,75700.0
2015-10-29,11.42,222300.0,109.720001,5150800.0,32.619999,4200.0,14.88,7049400.0,30.799999,39100.0,38.0,2100300.0,14.63,21993700.0,263.070007,1981200.0,52.075001,16200.0,27.0,77000.0,28.014999,25400.0,208.830002,90525500.0,53.119999,797900.0,25.440001000000002,5900.0,109.379997,2270100.0,33.950001,70800.0,25.713333,103500.0,30.559998999999998,268700.0,35.325001,65400.0,30.280001000000002,33400.0
2015-10-30,11.59,158300.0,109.300003,5543200.0,32.93,2100.0,14.8,3349700.0,31.42,82800.0,39.240002000000004,1864200.0,14.81,19322300.0,262.709991,1835900.0,51.945,24800.0,26.99,56100.0,27.99,14400.0,207.929993,131076900.0,53.18,577400.0,25.440001000000002,9300.0,109.410004,5566200.0,33.950001,204100.0,25.906666,15400.0,30.57,290900.0,35.564999,184200.0,30.290001,21800.0
2015-11-02,11.54,288100.0,108.589996,5843300.0,32.389998999999996,6600.0,14.72,4230000.0,31.66,45100.0,37.959998999999996,1922300.0,14.75,16075600.0,266.670013,1076600.0,52.865002000000004,12600.0,27.190001000000002,108600.0,28.485001,22000.0,210.38999900000002,86270800.0,52.970001,1769700.0,25.459999,55200.0,109.199997,2710500.0,33.889998999999996,110500.0,25.766666,13600.0,30.540001,432300.0,35.310001,361400.0,30.23,43000.0
2015-11-03,11.97,232300.0,106.980003,7145300.0,32.610001000000004,15900.0,14.58,3992300.0,33.23,114800.0,38.240002000000004,1410800.0,15.28,36340300.0,266.929993,1639100.0,53.169998,26400.0,27.24,103500.0,28.775,70600.0,211.0,95246100.0,52.93,609600.0,25.77,10400.0,109.260002,2723700.0,33.860001000000004,125900.0,25.573334,31600.0,30.549999,1120900.0,35.040001000000004,192200.0,30.190001000000002,14500.0
2015-11-04,11.62,225700.0,105.970001,7617800.0,32.84,13600.0,14.38,5114100.0,32.139998999999996,78500.0,38.279999,1939800.0,14.85,25783000.0,266.640015,3721900.0,52.959998999999996,15400.0,27.08,44400.0,28.639999,18400.0,210.36000099999998,96224500.0,52.810001,661200.0,25.65,6700.0,109.110001,3174600.0,33.790001000000004,93500.0,25.686666,119700.0,30.52,370800.0,35.09,41800.0,30.17,8400.0
2015-11-05,11.39,219200.0,105.639999,5931100.0,32.34,7100.0,14.3,4280200.0,31.51,47300.0,40.040001000000004,1425500.0,14.48,26139000.0,266.700012,2234500.0,53.119999,23000.0,27.030001000000002,58500.0,28.65,47200.0,210.149994,78408700.0,52.860001000000004,794300.0,25.459999,2100.0,108.839996,2493600.0,33.82,94500.0,25.613332999999997,85500.0,30.51,281900.0,34.985001000000004,61800.0,30.139999,5900.0
2015-11-06,11.24,202200.0,104.099998,8831900.0,32.290001000000004,15200.0,14.08,4294200.0,31.700001,17800.0,39.560001,991100.0,14.23,22399700.0,266.390015,709600.0,53.360001000000004,12200.0,26.85,256400.0,28.295,20000.0,210.039993,110471500.0,52.66,486100.0,25.370001000000002,1800.0,108.360001,3356700.0,33.709998999999996,83400.0,25.280001000000002,14700.0,30.49,593500.0,34.509997999999996,37000.0,30.09,250700.0
2015-11-09,11.18,183300.0,104.400002,4129200.0,31.700001,36300.0,13.89,6612000.0,31.51,9600.0,38.799999,2174800.0,14.08,22257700.0,264.140015,1253900.0,52.715,15200.0,26.57,1577000.0,27.67,135800.0,208.080002,131008700.0,52.639998999999996,704700.0,25.16,24400.0,107.879997,5765700.0,33.66,112900.0,25.206667000000003,21300.0,30.48,285100.0,34.34,146800.0,30.1,59800.0
2015-11-10,11.18,123500.0,104.18,4450800.0,31.16,46500.0,13.76,5992100.0,31.299999,29900.0,39.16,871300.0,14.09,15887800.0,265.459991,1989900.0,52.674999,24800.0,26.49,1222500.0,27.594998999999998,111200.0,208.559998,75874600.0,52.759997999999996,737300.0,25.17,64700.0,107.550003,5801700.0,33.73,70200.0,25.200001,3587100.0,30.5,361600.0,34.424999,2166000.0,30.120001000000002,34200.0
2015-11-11,10.91,289200.0,103.83000200000001,3527600.0,31.219998999999998,34000.0,13.64,4186700.0,30.66,36200.0,38.240002000000004,1069100.0,13.76,24154300.0,263.869995,787400.0,52.285,18400.0,26.639999,62300.0,27.610001,8600.0,207.740005,67846000.0,52.82,355300.0,25.26,37600.0,107.309998,1073400.0,33.740002000000004,86900.0,25.193333,46500.0,30.52,280100.0,34.384997999999996,50200.0,30.139999,23500.0
2015-11-12,10.66,430600.0,103.849998,6300500.0,31.290001,8800.0,13.64,6347500.0,29.309998999999998,149300.0,38.48,904200.0,13.35,33567000.0,258.320007,2525200.0,51.384997999999996,25000.0,26.32,116000.0,27.385,10600.0,204.83999599999999,121315200.0,52.84,469700.0,25.17,6400.0,106.5,8271000.0,33.700001,80500.0,25.233334,86100.0,30.530001000000002,392200.0,34.514998999999996,82600.0,30.120001000000002,10900.0
2015-11-13,10.42,741000.0,103.559998,3224200.0,31.02,11400.0,13.59,3801100.0,28.540001,136700.0,39.759997999999996,1579800.0,13.06,34583500.0,255.82000699999998,2961000.0,50.959998999999996,17000.0,26.1,51800.0,27.030001000000002,33200.0,202.53999299999998,153577100.0,52.939999,771200.0,25.08,10800.0,106.260002,4973100.0,33.799999,134700.0,25.206667000000003,20700.0,30.49,719700.0,34.705002,173200.0,30.139999,41900.0
2015-11-16,10.71,698300.0,103.709999,2951200.0,31.08,18700.0,13.6,3270300.0,28.700001,114500.0,39.52,1271500.0,13.39,37787400.0,259.25,1300500.0,51.294998,21000.0,26.389999,49000.0,27.52,24000.0,205.619995,117645200.0,53.009997999999996,1035200.0,25.08,7800.0,106.650002,3809100.0,33.810001,101800.0,25.266666,30000.0,30.530001000000002,246000.0,34.68,76200.0,30.18,5300.0
2015-11-17,10.42,386100.0,102.339996,8593100.0,31.07,11900.0,13.55,6080300.0,28.41,58200.0,39.52,1069600.0,13.01,22978800.0,258.179993,1027600.0,51.419998,48400.0,26.440001000000002,74300.0,27.5,53800.0,205.470001,121123700.0,53.040001000000004,385600.0,25.09,6100.0,106.5,4258800.0,33.84,223600.0,25.326666,77200.0,30.52,415800.0,34.740002000000004,137400.0,30.15,59900.0
2015-11-18,10.49,515100.0,102.43,5043800.0,31.0,46000.0,13.52,4434900.0,29.049999,73300.0,38.880001,773600.0,13.05,24754800.0,262.910004,2973800.0,52.285,15400.0,26.700001,102700.0,27.719998999999998,93200.0,208.729996,121342500.0,53.119999,559100.0,25.08,5900.0,106.709999,3234900.0,33.779999,156100.0,25.4,33600.0,30.49,428100.0,34.785,67000.0,30.17,79600.0
2015-11-19,10.45,269700.0,103.559998,5087600.0,31.120001000000002,4500.0,13.62,4458100.0,29.139999,50100.0,37.439999,2470800.0,12.96,22457200.0,262.47000099999997,2368500.0,51.955002,17800.0,26.85,88900.0,27.91,75800.0,208.550003,88220500.0,53.150002,502300.0,25.26,47000.0,106.08000200000001,5068500.0,33.810001,133700.0,25.4,50700.0,30.49,317600.0,34.990002000000004,71600.0,30.15,18000.0
2015-11-20,10.48,242500.0,103.089996,5971600.0,31.049999,29700.0,13.5,4750800.0,29.280001000000002,118900.0,35.880001,2770300.0,12.93,37776200.0,263.75,2135100.0,52.380001,12600.0,26.76,51800.0,28.165001,55000.0,209.309998,94011500.0,53.119999,417200.0,25.309998999999998,63200.0,105.809998,3759300.0,33.810001,47200.0,25.360001,8100.0,30.530001000000002,399400.0,34.884997999999996,128800.0,30.17,14800.0
2015-11-23,10.55,451400.0,102.260002,4042500.0,31.379998999999998,17600.0,13.45,4373000.0,29.790001,50400.0,36.439999,1216600.0,13.02,29045200.0,264.309998,1652300.0,52.564999,10400.0,26.6,117300.0,27.985001,28200.0,209.070007,64931200.0,53.110001000000004,1218700.0,25.25,11500.0,105.720001,2103000.0,33.830002,122900.0,25.413334,17500.0,30.530001000000002,424200.0,34.990002000000004,43800.0,30.17,2900.0
2015-11-24,10.83,323900.0,102.940002,3479600.0,31.139999,6700.0,13.51,4541600.0,31.27,104300.0,36.200001,1387500.0,13.32,25560200.0,265.929993,3716300.0,52.970001,29000.0,26.66,71800.0,28.065001000000002,35800.0,209.350006,98874400.0,53.18,382500.0,25.43,9300.0,105.779999,2839200.0,33.869999,152200.0,25.379998999999998,70600.0,30.52,371500.0,34.98,51200.0,30.18,10800.0
2015-11-25,10.82,219300.0,102.459999,2931300.0,31.34,11600.0,13.52,4792400.0,31.24,38300.0,35.919998,841100.0,13.39,27117000.0,266.73999,1861700.0,53.345001,13600.0,26.75,45000.0,27.775,388200.0,209.320007,51980100.0,53.220001,624700.0,25.43,10300.0,105.779999,2590800.0,33.849998,250300.0,25.42,15400.0,30.540001,341000.0,35.075001,171000.0,30.15,89000.0
2015-11-27,10.56,345700.0,101.25,4993600.0,31.01,2600.0,13.46,3576100.0,30.9,46500.0,34.84,1073000.0,13.03,10619600.0,267.700012,1181300.0,53.470001,17200.0,26.709999,47600.0,27.209999,15600.0,209.559998,37317800.0,53.25,380100.0,25.23,1200.0,106.110001,981600.0,33.869999,28900.0,25.379998999999998,71400.0,30.549999,251600.0,35.055,7800.0,30.16,22900.0
2015-11-30,10.46,517800.0,101.91999799999999,6773000.0,31.280001000000002,23200.0,13.44,4609900.0,30.389999,53900.0,34.880001,988900.0,12.93,22160200.0,266.22000099999997,1977400.0,53.445,139200.0,26.719998999999998,54700.0,27.27,51400.0,208.690002,112822700.0,53.200001,1686300.0,25.110001,38900.0,106.08000200000001,2439300.0,33.880001,1053500.0,25.446667,15600.0,30.57,5991400.0,35.18,37800.0,30.16,7300.0
2015-12-01,10.43,270500.0,102.279999,4645900.0,31.4,13500.0,13.51,4050400.0,31.32,76800.0,34.880001,1101500.0,12.95,19658700.0,268.48999,1410800.0,53.619999,64800.0,27.0,189700.0,27.52,65600.0,210.67999300000002,97858400.0,53.240002000000004,3921500.0,25.24,4800.0,105.989998,4756500.0,33.919998,163200.0,25.66,215800.0,30.559998999999998,1547700.0,35.560001,369200.0,30.15,35100.0
2015-12-02,10.13,425900.0,100.690002,10223500.0,31.139999,10400.0,13.37,6458400.0,29.950001,46300.0,33.919998,1780400.0,12.48,52543800.0,265.390015,2489500.0,53.189999,17200.0,26.75,104200.0,27.355,43800.0,208.529999,108441300.0,53.209998999999996,383700.0,25.190001000000002,3800.0,105.660004,4311900.0,33.880001,158100.0,25.593334,27600.0,30.559998999999998,1050600.0,35.555,175400.0,30.15,4900.0
2015-12-03,10.39,240300.0,101.760002,6499900.0,31.65,17400.0,13.46,8245900.0,29.940001000000002,67000.0,34.200001,1174600.0,12.77,35997400.0,260.890015,2246400.0,52.380001,19200.0,26.57,110500.0,27.25,39400.0,205.610001,166224200.0,52.700001,1378100.0,25.25,30900.0,105.449997,3822300.0,33.650002,87000.0,25.120001000000002,7600.0,30.52,755000.0,34.634997999999996,189600.0,30.1,8400.0
2015-12-04,10.16,682000.0,104.019997,10670200.0,32.07,58200.0,13.87,14759800.0,29.530001000000002,169700.0,34.119999,736700.0,12.46,41884500.0,264.070007,1329000.0,52.919998,42200.0,26.82,54400.0,27.34,19800.0,209.619995,192913900.0,52.700001,739500.0,25.25,5600.0,105.239998,3682800.0,33.75,68700.0,25.233334,22600.0,30.51,460800.0,34.935001,106400.0,30.139999,15900.0
2015-12-07,9.65,542600.0,102.66999799999999,4393500.0,31.440001000000002,13800.0,13.62,5827200.0,28.01,159300.0,32.32,2611800.0,11.72,53326400.0,261.609985,1532900.0,51.939999,27400.0,26.51,91500.0,27.040001,21800.0,208.350006,102027100.0,53.0,624700.0,25.02,28600.0,104.519997,4148400.0,33.82,350800.0,25.440001000000002,63400.0,30.51,1301300.0,35.264998999999996,92800.0,30.139999,21600.0
2015-12-08,9.58,717600.0,102.839996,3412300.0,31.360001,6300.0,13.51,4889800.0,27.719998999999998,101800.0,32.439999,1276100.0,11.68,39573700.0,259.799988,1078600.0,51.799999,21400.0,26.120001000000002,200800.0,26.709999,142600.0,206.949997,103372400.0,53.029999,785500.0,25.02,11700.0,103.32,11601300.0,33.75,104400.0,25.433332,14100.0,30.49,349900.0,35.279999,940400.0,30.120001000000002,32000.0
2015-12-09,9.53,2275600.0,102.639999,6026300.0,31.49,14800.0,13.49,3334600.0,28.65,78700.0,32.240002000000004,929500.0,11.56,38871100.0,256.670013,2489500.0,51.125,236400.0,26.040001,310400.0,26.405001000000002,1337600.0,205.33999599999999,162401500.0,53.029999,759000.0,25.040001,124400.0,103.559998,6235800.0,33.779999,143800.0,25.433332,27000.0,30.48,482200.0,35.255001,1314200.0,30.139999,26100.0
2015-12-10,9.39,1296400.0,102.550003,3853500.0,31.809998999999998,9500.0,13.45,3923500.0,29.4,111400.0,31.32,1735800.0,11.37,33745900.0,257.230011,2641000.0,51.139998999999996,6800.0,26.030001000000002,78500.0,26.165001,230800.0,205.869995,116128900.0,52.990002000000004,661300.0,24.82,29600.0,103.139999,3705000.0,33.700001,377800.0,25.346666,30900.0,30.469998999999998,836400.0,35.279999,570000.0,30.120001000000002,9300.0
2015-12-11,9.17,1632200.0,103.110001,6798400.0,31.51,9800.0,13.3,6457200.0,29.5,75900.0,30.879998999999998,1326100.0,11.07,44460900.0,253.36999500000002,1622200.0,50.224998,13200.0,25.559998999999998,87500.0,25.415001,44200.0,201.880005,211173300.0,53.07,786100.0,24.639999,10100.0,101.07,11666400.0,33.720001,150300.0,25.299999,20200.0,30.5,373600.0,35.810001,291600.0,30.190001000000002,38900.0
2015-12-14,9.21,1017600.0,101.790001,5563800.0,31.690001000000002,15000.0,13.06,5583600.0,28.690001000000002,71700.0,29.639999,1949400.0,11.16,39148200.0,252.11000099999998,2373300.0,49.919998,30400.0,25.639999,93800.0,25.764999,61400.0,202.899994,182385200.0,52.98,2012600.0,24.48,25100.0,100.260002,9248400.0,33.549999,63200.0,25.16,72000.0,30.51,608200.0,35.34,99600.0,30.18,12700.0
2015-12-15,9.35,401400.0,101.519997,6831100.0,31.549999,6500.0,13.11,3930300.0,28.700001,53400.0,28.16,2204600.0,11.4,35892100.0,254.710007,1332800.0,50.705002,92800.0,25.75,173100.0,26.190001000000002,40000.0,205.029999,154069600.0,52.869999,1248200.0,24.75,31800.0,101.43,7474200.0,33.48,164900.0,25.213333,53800.0,30.459999,639000.0,35.154999,98600.0,30.110001,8500.0
2015-12-16,9.06,808400.0,102.75,8292200.0,31.139999,8200.0,13.49,11176300.0,28.549999,117400.0,28.6,1922800.0,10.99,36387300.0,257.350006,1676000.0,51.365002000000004,32400.0,26.219998999999998,830600.0,26.684998999999998,26200.0,208.029999,197017000.0,52.84,614400.0,24.780001000000002,2800.0,102.300003,7894500.0,33.490002000000004,70600.0,25.086666,98400.0,30.389999,512100.0,35.075001,243400.0,30.1,13100.0
2015-12-17,8.86,6434600.0,100.5,10156200.0,31.41,27900.0,13.08,8289900.0,29.08,70500.0,27.68,2496100.0,10.74,30064600.0,254.25,1111000.0,50.799999,61600.0,25.91,119800.0,26.405001000000002,54200.0,204.860001,173092500.0,52.919998,1237400.0,24.68,6000.0,101.160004,6972600.0,33.459998999999996,97100.0,25.26,218100.0,30.389999,892100.0,35.465,60800.0,30.09,25800.0
2015-12-18,8.81,2215400.0,102.040001,8345900.0,31.66,27300.0,13.43,8282000.0,29.18,75300.0,27.84,1308600.0,10.66,37112500.0,249.75,1669500.0,48.705002,35200.0,25.360001,186000.0,25.915001,92800.0,200.020004,251393500.0,53.060001,484000.0,24.700001,6600.0,100.769997,4682400.0,33.549999,111600.0,25.306667,66400.0,30.42,7444000.0,35.645,121200.0,30.120001000000002,10000.0
2015-12-21,8.73,420100.0,103.150002,6378900.0,31.389999,4900.0,13.59,6490200.0,27.92,119500.0,29.719998999999998,2776700.0,10.66,26532400.0,251.52999900000003,1750600.0,49.0,49600.0,25.440001000000002,92100.0,26.045,67400.0,201.669998,99094300.0,53.110001000000004,589700.0,24.66,7500.0,100.68,4290000.0,33.580002,69200.0,25.293332999999997,34200.0,30.440001000000002,426700.0,35.630001,103600.0,30.16,5400.0
2015-12-22,8.82,383700.0,102.610001,4123500.0,31.02,39900.0,13.59,5083700.0,27.450001,139200.0,29.200001,970800.0,10.77,21942200.0,253.899994,1005500.0,49.595001,67600.0,25.67,128300.0,26.209999,91400.0,203.5,111026200.0,53.060001,638300.0,24.66,14400.0,101.550003,4508100.0,33.560001,114100.0,25.213333,147000.0,30.440001000000002,734500.0,35.384997999999996,107200.0,30.139999,88100.0
2015-12-23,9.22,1749000.0,102.309998,2821400.0,30.860001,17800.0,13.62,3218000.0,29.23,192600.0,30.360001,1850100.0,11.26,39354100.0,257.26001,1249100.0,50.224998,67800.0,26.08,96100.0,26.575001,123400.0,206.020004,110987200.0,52.84,892400.0,24.82,58500.0,102.059998,4925400.0,33.529999,87700.0,25.133333,48700.0,30.41,541400.0,35.134997999999996,157400.0,30.110001,223700.0
2015-12-24,9.28,160400.0,103.050003,1710200.0,30.73,29300.0,13.69,3274600.0,29.26,36400.0,30.76,1271200.0,11.3,19037200.0,257.22000099999997,432000.0,50.349998,24800.0,25.99,61900.0,26.58,94000.0,205.679993,48539600.0,52.84,404200.0,24.84,56100.0,102.18,2109900.0,33.560001,55300.0,25.226667000000003,31900.0,30.42,418300.0,35.349998,145400.0,30.1,33700.0
2015-12-28,8.98,550300.0,102.269997,3356200.0,30.440001000000002,38500.0,13.29,5506000.0,28.67,46900.0,33.68,5863400.0,10.93,20495900.0,256.899994,1594900.0,50.025002,45800.0,25.98,91100.0,26.385,128000.0,205.21000700000002,65899900.0,53.02,780800.0,24.83,10300.0,101.58000200000001,2415300.0,33.560001,89500.0,25.273332999999997,23500.0,30.4,689100.0,35.435001,75200.0,30.09,32600.0
2015-12-29,9.25,323800.0,102.199997,2832200.0,30.610001,37600.0,13.27,3566100.0,29.540001,41000.0,34.560001,5422900.0,11.26,23585200.0,258.959991,1044900.0,50.685001,60200.0,26.25,115000.0,26.42,91600.0,207.399994,92640700.0,52.77,695100.0,24.85,25600.0,101.699997,3630900.0,33.43,135100.0,24.966667,34500.0,30.35,488600.0,34.825001,137800.0,30.040001,19900.0
2015-12-30,8.99,380100.0,101.41999799999999,3745000.0,30.41,17400.0,13.21,2850000.0,28.83,54000.0,33.560001,3678300.0,10.93,24796400.0,256.730011,1549700.0,50.134997999999996,56600.0,25.99,617700.0,25.995001000000002,150200.0,205.929993,63317700.0,52.790001000000004,715300.0,24.610001,140500.0,101.730003,2666400.0,33.43,93400.0,24.953332999999997,67600.0,30.379998999999998,485500.0,34.775002,63800.0,30.049999,34000.0
2015-12-31,9.05,1109300.0,101.459999,3823600.0,30.35,11400.0,13.19,3489100.0,29.26,71900.0,34.68,4413000.0,11.0,30362300.0,254.039993,2690700.0,49.5,39000.0,25.75,213200.0,26.040001,258600.0,203.869995,114877900.0,52.880001,1152100.0,24.58,15000.0,101.730003,1560300.0,33.43,159200.0,25.053333,58300.0,30.4,411100.0,34.939999,94400.0,30.1,7700.0
2016-01-04,9.07,703200.0,102.889999,6440000.0,29.790001,27100.0,13.19,4617100.0,29.719998999999998,175800.0,34.119999,2335500.0,10.98,36236700.0,250.82000699999998,5094700.0,48.305,92000.0,25.35,170100.0,25.355,43600.0,201.020004,222353500.0,52.990002000000004,1245800.0,24.51,4100.0,101.220001,4693800.0,33.52,295500.0,25.026667,14700.0,30.4,744900.0,35.154999,236200.0,30.1,44200.0
2016-01-05,8.8,243300.0,103.18,3500300.0,29.9,84000.0,13.31,3722800.0,28.99,65300.0,34.560001,1501100.0,10.66,32173600.0,250.899994,3856800.0,48.419998,192200.0,25.280001000000002,71900.0,25.415001,36600.0,201.360001,110845800.0,52.959998999999996,1116500.0,24.450001,3700.0,101.43,2972100.0,33.57,198100.0,25.08,113200.0,30.41,2529200.0,35.014998999999996,277000.0,30.08,6600.0
2016-01-06,8.38,1324800.0,104.66999799999999,9316600.0,30.0,28300.0,13.36,3414700.0,27.02,355800.0,33.880001,2114900.0,10.11,73087100.0,247.36000099999998,5394000.0,47.895,18200.0,24.83,118900.0,25.01,27800.0,198.820007,152112600.0,53.16,584000.0,24.35,7400.0,101.339996,3976200.0,33.630001,193000.0,25.233334,12900.0,30.440001000000002,607300.0,35.459998999999996,122000.0,30.139999,10200.0
2016-01-07,8.19,879000.0,106.150002,11730400.0,30.1,18100.0,13.62,9669500.0,26.549999,130500.0,35.48,4018000.0,9.9,51997700.0,241.039993,6412600.0,46.695,55000.0,24.4,126400.0,24.18,35000.0,194.050003,213436100.0,53.080002,1310700.0,24.299999,7000.0,100.800003,3911100.0,33.650002,163100.0,25.173334,60300.0,30.450001,653900.0,35.529999,137200.0,30.17,17300.0
2016-01-08,8.09,1363800.0,105.68,7678200.0,30.41,18300.0,13.3,5897700.0,25.950001,120000.0,36.84,2647600.0,9.8,44688400.0,237.82000699999998,4343100.0,45.91,21600.0,24.059998999999998,199000.0,23.965,67200.0,191.919998,209817200.0,53.07,1294400.0,24.209999,61600.0,100.440002,6831300.0,33.68,102700.0,25.306667,65700.0,30.42,2821000.0,35.685001,350200.0,30.190001000000002,10100.0
2016-01-11,7.66,1508500.0,104.739998,6272400.0,30.040001,62100.0,13.22,3799100.0,25.59,67500.0,35.360001000000004,1750900.0,9.25,82280400.0,237.100006,5180400.0,45.875,17200.0,24.15,73400.0,23.885,50000.0,192.110001,187941300.0,53.009997999999996,687600.0,24.110001,9400.0,100.290001,5172900.0,33.66,141300.0,25.013334,21300.0,30.450001,1687800.0,35.325001,98200.0,30.219998999999998,5400.0
2016-01-12,7.6,862700.0,104.209999,5540200.0,30.58,34400.0,13.17,4588400.0,25.18,161700.0,33.560001,2147500.0,9.17,102085300.0,238.080002,5405800.0,45.865002000000004,15200.0,24.280001000000002,161800.0,23.940001000000002,480200.0,193.66000400000001,172330500.0,53.080002,401600.0,24.15,9900.0,100.529999,3705300.0,33.59,320400.0,25.166666,7600.0,30.450001,767800.0,35.759997999999996,146600.0,30.219998999999998,9100.0
2016-01-13,7.5,2287200.0,104.720001,7324200.0,30.65,8600.0,13.49,7780900.0,24.32,131100.0,33.799999,1633300.0,9.09,100555700.0,231.66000400000001,6688000.0,44.700001,68200.0,23.790001,1614300.0,23.629998999999998,36000.0,188.830002,221168900.0,53.200001,547800.0,24.129998999999998,26000.0,99.18,6201600.0,33.689999,450600.0,25.299999,231700.0,30.450001,744400.0,36.125,351400.0,30.25,60600.0
2016-01-14,7.64,1221300.0,103.019997,9989100.0,30.540001,9400.0,13.19,6130700.0,24.780001000000002,61600.0,31.84,1677500.0,9.23,47627300.0,234.399994,3186900.0,45.41,49000.0,24.08,510600.0,23.895,14800.0,191.929993,240795600.0,53.029999,1203600.0,24.24,18900.0,99.41999799999999,5919300.0,33.610001000000004,368200.0,25.133333,56100.0,30.440001000000002,564300.0,35.834998999999996,66600.0,30.24,21700.0
2016-01-15,7.28,2266000.0,104.08000200000001,10052700.0,30.75,21100.0,13.24,6320200.0,23.690001000000002,114400.0,31.24,795500.0,8.79,92820900.0,231.02999900000003,5335200.0,44.900002,237800.0,23.290001,173100.0,22.950001,69800.0,187.809998,324846400.0,53.099998,784100.0,23.940001000000002,25900.0,98.190002,5987400.0,33.66,500100.0,25.013334,67300.0,30.42,1206100.0,36.360001000000004,225400.0,30.290001,42300.0
2016-01-19,7.04,1157300.0,103.980003,4588400.0,31.049999,187700.0,13.36,4689300.0,23.84,75800.0,30.879998999999998,1742800.0,8.49,60322600.0,229.75999500000003,2827400.0,44.375,90800.0,23.450001,318400.0,23.334999,34800.0,188.059998,195244400.0,52.939999,1154000.0,24.1,29500.0,97.709999,5995200.0,33.560001,201100.0,24.926666,133000.0,30.440001000000002,1978400.0,36.244999,378200.0,30.27,38500.0
2016-01-20,6.8,1725400.0,105.370003,10120900.0,30.98,75400.0,13.48,5764500.0,23.559998999999998,122800.0,31.4,794200.0,8.24,83215600.0,228.270004,6147500.0,44.459998999999996,120200.0,22.9,149200.0,22.785,100200.0,185.649994,286547800.0,53.099998,650000.0,23.84,31000.0,96.870003,8860200.0,33.560001,395400.0,24.913334,37000.0,30.35,1987200.0,36.584998999999996,131200.0,30.33,26200.0
2016-01-21,7.07,2269900.0,105.489998,5425000.0,30.969998999999998,39400.0,13.46,4268400.0,23.799999,79600.0,31.68,2061600.0,8.56,87217400.0,228.61999500000002,4483400.0,44.445,126600.0,23.09,417700.0,22.885,183600.0,186.690002,195772900.0,53.150002,788100.0,23.83,8300.0,97.32,7467300.0,33.470001,350100.0,24.879998999999998,20500.0,30.360001,1053500.0,36.365002000000004,109200.0,30.32,19800.0
2016-01-22,7.68,4285100.0,105.0,4185300.0,31.059998999999998,21800.0,13.38,5563700.0,24.9,115700.0,31.719998999999998,1218400.0,9.27,62556200.0,234.33999599999999,2315600.0,45.34,31800.0,23.780001000000002,173300.0,23.5,74000.0,190.520004,168319600.0,53.040001000000004,682800.0,24.110001,64200.0,98.879997,4869300.0,33.509997999999996,137500.0,24.866667,24400.0,30.360001,4881300.0,36.235001000000004,122600.0,30.299999,5200.0
2016-01-25,7.08,1491700.0,106.08000200000001,6819400.0,31.190001000000002,80100.0,13.58,3474800.0,23.450001,76800.0,31.440001000000002,1110100.0,8.54,55479000.0,229.479996,1708500.0,44.48,49600.0,23.43,269500.0,23.209999,48800.0,187.639999,130371700.0,53.169998,588000.0,24.0,7000.0,98.040001,5192700.0,33.450001,114800.0,24.933332,49800.0,30.370001000000002,507400.0,36.41,65000.0,30.309998999999998,11800.0
2016-01-26,7.44,1370000.0,107.290001,8443400.0,31.17,20300.0,13.82,7802400.0,24.049999,51700.0,31.6,1070000.0,8.97,51444800.0,234.61999500000002,1408700.0,45.509997999999996,92000.0,23.85,127300.0,23.52,212200.0,190.199997,141036800.0,53.130001,643000.0,24.16,57400.0,98.879997,5090100.0,33.540001000000004,223300.0,24.9,25900.0,30.379998999999998,1073400.0,36.43,400600.0,30.32,27200.0
2016-01-27,7.58,3502700.0,107.690002,8273400.0,31.110001,25900.0,13.81,4311800.0,23.889999,85900.0,31.52,1567700.0,9.18,71429700.0,232.25,1913700.0,44.895,34200.0,23.690001000000002,99700.0,23.355,15000.0,188.130005,185681700.0,53.290001000000004,433700.0,24.139999,31800.0,98.639999,5879700.0,33.540001000000004,113800.0,24.84,46300.0,30.34,569000.0,36.43,111800.0,30.360001,36900.0
2016-01-28,8.02,1805600.0,106.540001,5914200.0,30.75,16400.0,13.57,4153400.0,25.18,91800.0,32.68,2107800.0,9.7,66151100.0,232.33999599999999,1898200.0,44.855,39800.0,23.83,67800.0,23.745001000000002,96400.0,189.110001,143798800.0,53.400002,571300.0,24.41,4300.0,99.089996,3953700.0,33.580002,72900.0,24.866667,27300.0,30.379998999999998,437300.0,36.48,67600.0,30.35,11600.0
2016-01-29,8.0,2876100.0,106.949997,8098700.0,31.23,17500.0,13.59,3640400.0,25.49,102400.0,33.959998999999996,2181300.0,9.65,47209700.0,239.97000099999997,4276000.0,46.470001,36400.0,24.200001,134200.0,24.465,34600.0,193.720001,210529300.0,53.57,992900.0,24.5,70100.0,99.629997,5222100.0,33.650002,96000.0,25.006666,25900.0,30.379998999999998,763400.0,36.77,100600.0,30.41,6600.0
2016-02-01,7.45,741500.0,108.050003,10471800.0,31.16,15100.0,13.67,3404200.0,24.32,91000.0,31.48,1736100.0,9.02,48889800.0,239.61000099999998,2137600.0,46.305,39000.0,24.17,71300.0,24.344998999999998,39200.0,193.649994,136061600.0,53.509997999999996,1783100.0,24.49,76400.0,98.459999,4482600.0,33.470001,113000.0,24.833334,42000.0,30.35,1765000.0,36.619999,386600.0,30.360001,86200.0
2016-02-02,7.1,3907400.0,108.089996,6656000.0,31.190001000000002,23800.0,13.62,2957300.0,22.51,213100.0,29.92,2350800.0,8.57,44437500.0,234.50999500000003,2553800.0,45.325001,90800.0,23.639999,56700.0,23.615,78000.0,190.16000400000001,182564900.0,53.599998,1616800.0,24.5,1900.0,97.650002,2883300.0,33.560001,109500.0,25.053333,44400.0,30.33,753600.0,37.215,240400.0,30.43,43100.0
2016-02-03,7.66,2449400.0,109.25,15785200.0,31.16,12300.0,13.95,10054200.0,23.17,164700.0,30.200001,1330900.0,9.34,72246300.0,236.13999900000002,3107800.0,45.41,30000.0,23.85,105400.0,24.125,23400.0,191.300003,205054900.0,53.68,718400.0,24.82,342600.0,98.010002,5410800.0,33.57,98300.0,24.82,96100.0,30.35,1921900.0,36.974998,183000.0,30.440001000000002,44000.0
2016-02-04,7.54,1494100.0,110.57,13213700.0,30.950001,34300.0,14.17,7021100.0,23.059998999999998,68600.0,29.120001000000002,2595000.0,9.12,44985200.0,237.88999900000002,2842500.0,45.654999,9400.0,23.92,105400.0,24.23,11800.0,191.600006,139531800.0,53.68,1372300.0,24.950001,44000.0,97.769997,3763500.0,33.57,76700.0,24.906666,17100.0,30.370001000000002,312800.0,37.099998,105600.0,30.440001000000002,7300.0
2016-02-05,7.47,829800.0,112.32,14777300.0,30.610001,21400.0,14.34,5446000.0,22.26,87200.0,30.16,1486600.0,8.91,34847600.0,232.830002,1788900.0,44.669998,33800.0,23.549999,50300.0,23.975,59200.0,187.949997,180788300.0,53.689999,495500.0,24.83,6700.0,96.900002,4148400.0,33.490002000000004,164200.0,24.926666,41200.0,30.35,290900.0,37.185001,215800.0,30.43,16900.0
2016-02-08,7.26,3180300.0,113.83000200000001,28341200.0,30.290001,66000.0,14.59,13566900.0,21.51,121000.0,31.280001000000002,1622500.0,8.64,38298300.0,228.850006,2102800.0,44.404999,28000.0,23.129998999999998,100800.0,23.620001000000002,69800.0,185.419998,191526700.0,53.790001000000004,746700.0,24.809998999999998,10500.0,95.730003,4884900.0,33.650002,79400.0,25.073334,21600.0,30.379998999999998,264300.0,37.880001,232200.0,30.5,27600.0
2016-02-09,6.95,2673300.0,113.58000200000001,18156700.0,30.219998999999998,27600.0,14.51,6803800.0,20.67,267500.0,30.719998999999998,801500.0,8.18,57812400.0,228.22000099999997,2540400.0,44.029999,23000.0,22.879998999999998,1288300.0,23.27,197800.0,185.429993,184513100.0,53.82,1136800.0,24.889999,27900.0,95.279999,3725700.0,33.610001000000004,409100.0,25.033333,1481200.0,30.4,1599700.0,37.955002,1041800.0,30.469998999999998,21700.0
2016-02-10,6.94,963200.0,114.459999,13311100.0,30.209999,30600.0,14.55,5097000.0,21.290001,96900.0,30.0,823400.0,7.96,64182800.0,228.75999500000003,2248000.0,43.904999,24600.0,22.83,75700.0,23.459999,33000.0,185.270004,148214100.0,53.759997999999996,650400.0,24.84,19100.0,95.129997,3746100.0,33.650002,669200.0,25.086666,111000.0,30.43,1466500.0,38.275002,899000.0,30.49,20400.0
2016-02-11,7.04,3271300.0,119.059998,49139000.0,30.379998999999998,40700.0,14.95,21500000.0,21.959999,73400.0,29.200001,1606100.0,7.99,95990700.0,225.580002,2128800.0,43.415001000000004,24200.0,22.51,107000.0,23.129998999999998,21600.0,182.860001,219058900.0,53.84,716400.0,24.969998999999998,18600.0,94.470001,4799400.0,33.740002000000004,384300.0,25.133333,36700.0,30.41,581900.0,38.549999,1110000.0,30.49,35500.0
2016-02-12,7.2,1264100.0,118.360001,16981200.0,30.280001000000002,48900.0,14.99,7130900.0,23.27,146100.0,28.879998999999998,894900.0,8.33,67907200.0,229.74000499999997,2855300.0,44.134997999999996,42800.0,22.860001,216500.0,23.41,30200.0,186.630005,127632400.0,53.610001000000004,558300.0,24.860001,8300.0,96.0,7081500.0,33.470001,839700.0,24.84,27700.0,30.34,453400.0,37.919998,341400.0,30.48,17000.0
2016-02-16,7.07,1421800.0,114.769997,14601700.0,30.559998999999998,49700.0,14.51,8638300.0,21.9,123100.0,28.120001000000002,1503000.0,8.31,48950000.0,234.669998,1141700.0,45.064999,14800.0,23.309998999999998,61200.0,23.959999,16600.0,189.779999,120250700.0,53.639998999999996,779700.0,24.549999,23300.0,96.150002,3123900.0,33.540001000000004,127400.0,24.68,39700.0,30.35,349300.0,37.575001,154200.0,30.459999,11000.0
2016-02-17,7.37,1191700.0,115.480003,10582400.0,30.82,32200.0,14.54,4999900.0,22.67,118400.0,28.68,1320700.0,8.78,60273400.0,238.36000099999998,1552300.0,45.705002,18400.0,23.75,141800.0,24.540001,133600.0,192.880005,136009500.0,53.68,448600.0,24.959999,18500.0,96.870003,5268900.0,33.52,246000.0,24.753334,10600.0,30.360001,366500.0,37.355,171400.0,30.440001000000002,16500.0
2016-02-18,7.22,826900.0,118.290001,13586500.0,30.68,18000.0,14.76,7516900.0,22.26,111800.0,27.32,2629600.0,8.66,55390100.0,237.77999900000003,1419700.0,45.470001,15400.0,23.67,100700.0,24.334999,7800.0,192.08999599999999,102343000.0,53.799999,727600.0,24.75,7900.0,96.959999,2957700.0,33.630001,871500.0,24.993334,7800.0,30.389999,378700.0,37.785,309600.0,30.5,16700.0
2016-02-19,7.16,958200.0,117.58000200000001,15192000.0,30.67,19100.0,14.64,5343100.0,22.040001,80300.0,26.48,1844800.0,8.55,47562600.0,237.899994,1471000.0,45.73,15000.0,23.6,71500.0,24.280001000000002,15600.0,192.0,114793000.0,53.849998,435500.0,24.799999,4300.0,97.139999,1638300.0,33.66,1294000.0,25.013334,16000.0,30.370001000000002,264800.0,37.810001,147400.0,30.459999,5600.0
2016-02-22,7.33,794000.0,115.489998,10677800.0,30.639999,214100.0,14.43,5417600.0,22.77,99900.0,26.440001000000002,2550300.0,8.91,53972100.0,240.92999300000002,1663800.0,46.200001,16000.0,23.889999,251900.0,24.855,38400.0,194.779999,103640300.0,53.900002,551200.0,25.08,2300.0,98.099998,3662700.0,33.709998999999996,399700.0,25.053333,95200.0,30.4,652300.0,37.75,125200.0,30.450001,6500.0
2016-02-23,7.12,4319800.0,117.220001,9033400.0,30.25,270000.0,14.54,4406100.0,22.139999,87500.0,25.959999,2317500.0,8.48,62427200.0,238.80000299999998,1176100.0,45.889998999999996,22200.0,23.5,210500.0,24.325001,16000.0,192.320007,111455300.0,53.91,592400.0,24.969998999999998,8600.0,97.980003,6390000.0,33.700001,490100.0,25.200001,39000.0,30.42,1059300.0,37.904999,108400.0,30.469998999999998,16100.0
2016-02-24,7.25,936500.0,117.610001,17938800.0,30.120001000000002,112100.0,14.52,8958200.0,23.32,97500.0,26.08,2985600.0,8.59,48189900.0,240.27999900000003,1264600.0,46.400002,162800.0,23.459999,63800.0,24.35,14600.0,193.199997,150812200.0,53.98,690800.0,25.01,5400.0,98.129997,3031200.0,33.73,437100.0,25.226667000000003,48400.0,30.42,1143700.0,37.845001,381200.0,30.459999,37000.0
2016-02-25,7.29,515600.0,117.91999799999999,12500300.0,29.879998999999998,76900.0,14.41,5180700.0,23.639999,59500.0,25.280001000000002,4853100.0,8.8,39506700.0,243.02999900000003,1299900.0,46.855,22400.0,23.74,78900.0,24.33,16400.0,195.53999299999998,110728300.0,54.07,471900.0,25.02,3700.0,98.550003,3949200.0,33.75,167100.0,25.26,45600.0,30.459999,958800.0,37.990002000000004,128400.0,30.5,25600.0
2016-02-26,7.24,596000.0,117.110001,12505100.0,29.790001,53900.0,14.02,10291000.0,23.58,77800.0,25.440001000000002,5134800.0,8.78,58799400.0,244.17999300000002,1100800.0,46.985001000000004,25400.0,23.690001000000002,94500.0,24.305,107000.0,195.08999599999999,129833700.0,54.07,540100.0,24.84,3700.0,99.209999,5098500.0,33.830002,123200.0,25.233334,31000.0,30.459999,695500.0,37.639998999999996,221200.0,30.41,14500.0
2016-02-29,7.38,602600.0,118.639999,11517500.0,29.68,72600.0,14.2,4938600.0,23.99,95500.0,24.08,7637100.0,9.0,50604400.0,242.940002,1192500.0,46.845001,12000.0,23.610001,40500.0,24.455,157600.0,193.559998,125918100.0,54.189999,423600.0,24.879998999999998,33700.0,100.290001,9575400.0,33.84,205000.0,25.360001,36400.0,30.49,642600.0,37.695,2291200.0,30.43,15300.0
2016-03-01,7.39,501900.0,117.769997,14139300.0,29.48,59400.0,14.17,20681200.0,23.700001,126900.0,24.719998999999998,4814700.0,9.15,47605400.0,248.5,2445700.0,47.810001,18400.0,24.18,90800.0,25.205,66800.0,198.110001,141799700.0,54.119999,979000.0,25.17,4700.0,101.550003,11803800.0,33.580002,236800.0,25.013334,30900.0,30.43,435500.0,37.110001000000004,1780800.0,30.370001000000002,93100.0
2016-03-02,7.4,608700.0,118.68,8903000.0,29.57,47800.0,14.25,9133800.0,23.83,111300.0,23.639999,4593000.0,9.3,49507900.0,250.66000400000001,1800900.0,48.200001,14600.0,24.32,80500.0,25.584999,98000.0,199.0,102415000.0,53.959998999999996,579000.0,25.219998999999998,10100.0,100.83000200000001,5472000.0,33.619999,302200.0,25.120001000000002,12600.0,30.389999,5229600.0,37.240002000000004,228600.0,30.360001,4800.0
2016-03-03,7.42,630300.0,120.730003,18724100.0,29.77,96000.0,14.5,10448100.0,23.629998999999998,115700.0,23.16,5061500.0,9.25,34373900.0,253.33999599999999,1642000.0,48.709998999999996,17800.0,24.629998999999998,161000.0,25.83,26200.0,199.779999,95172200.0,53.990002000000004,416900.0,25.4,17600.0,101.099998,3517200.0,33.650002,151600.0,25.26,10200.0,30.370001000000002,2531200.0,37.384997999999996,248800.0,30.309998999999998,32400.0
2016-03-04,7.69,851800.0,120.540001,16261100.0,30.120001000000002,118500.0,14.76,18755100.0,24.24,119200.0,23.719998999999998,2649700.0,9.65,48973800.0,255.08999599999999,2235100.0,49.029999,18000.0,24.82,64200.0,26.33,64800.0,200.429993,129293600.0,54.009997999999996,1397500.0,25.6,8200.0,101.43,3813300.0,33.68,134200.0,25.253334,22500.0,30.35,1102800.0,37.095001,118600.0,30.299999,16800.0
2016-03-07,7.94,1326300.0,121.139999,9358600.0,30.15,61200.0,14.9,8332500.0,25.27,142700.0,24.4,8667300.0,10.11,67097200.0,256.269989,1820700.0,49.445,27800.0,24.799999,50300.0,26.299999,91000.0,200.58999599999999,100219000.0,54.029999,458600.0,25.67,36800.0,101.519997,3742800.0,33.669998,136500.0,25.346666,18700.0,30.35,753700.0,37.080002,83200.0,30.280001000000002,9100.0
2016-03-08,7.66,2556900.0,120.58000200000001,11531000.0,30.25,123600.0,14.62,8149000.0,25.139999,125100.0,24.32,6382800.0,9.65,45700500.0,251.33999599999999,1667900.0,48.540001000000004,19600.0,24.530001000000002,118000.0,25.965,9400.0,198.399994,123974900.0,54.169998,581200.0,25.58,1800.0,100.83000200000001,7056000.0,33.77,690100.0,25.433332,205800.0,30.360001,390000.0,37.490002000000004,139400.0,30.33,95300.0
2016-03-09,7.89,605400.0,119.58000200000001,8672900.0,30.34,41600.0,14.53,5620700.0,26.66,196700.0,24.959999,7792000.0,10.15,43985300.0,252.460007,1288500.0,48.779999,36000.0,24.68,1119100.0,26.245001000000002,1209000.0,199.380005,94801200.0,54.029999,665000.0,25.76,3300.0,101.07,2307900.0,33.77,2475000.0,25.559998999999998,45600.0,30.370001000000002,921800.0,37.285,488800.0,30.309998999999998,53500.0
2016-03-10,7.83,559600.0,121.5,18104900.0,30.629998999999998,20600.0,14.82,11744600.0,26.18,197100.0,25.68,4881000.0,10.04,33089600.0,251.66000400000001,1670700.0,48.345001,11200.0,24.620001000000002,55500.0,26.094998999999998,11200.0,199.53999299999998,156838700.0,53.84,908000.0,25.75,1300.0,101.790001,4325100.0,33.700001,200200.0,25.473333,13200.0,30.370001000000002,406000.0,37.115002000000004,79400.0,30.290001,7500.0
2016-03-11,7.88,890100.0,119.410004,10812300.0,30.780001000000002,21100.0,14.72,7177400.0,26.290001,122900.0,25.719998999999998,2556800.0,10.19,28144000.0,256.549988,4188300.0,49.389998999999996,16200.0,25.24,79600.0,26.695,28400.0,202.759995,137964500.0,54.02,927100.0,26.030001000000002,5000.0,102.989998,4775700.0,33.720001,994600.0,25.673334,23100.0,30.389999,546100.0,36.764998999999996,71400.0,30.25,7300.0
2016-03-14,7.69,686200.0,117.870003,14236200.0,31.0,81900.0,14.58,11305100.0,25.870001000000002,215700.0,25.76,4313200.0,9.88,37316700.0,255.63000499999998,1260000.0,49.150002,12400.0,25.23,23100.0,26.59,33800.0,202.5,73612000.0,54.0,974500.0,26.01,3100.0,102.75,3269400.0,33.790001000000004,154500.0,25.633333,24000.0,30.4,782800.0,36.855,149400.0,30.27,23800.0
2016-03-15,7.59,369500.0,117.959999,9941800.0,30.940001000000002,36200.0,14.54,4692500.0,25.610001,488900.0,26.24,5101800.0,9.7,35471100.0,253.919998,911500.0,48.404999,18800.0,24.950001,26000.0,26.07,13200.0,202.169998,93169100.0,54.0,628600.0,25.77,900.0,102.089996,3878100.0,33.799999,671900.0,25.773332999999997,23500.0,30.43,803600.0,36.895,85400.0,30.26,36100.0
2016-03-16,7.8,448900.0,120.589996,17334000.0,30.870001000000002,39900.0,14.87,10300400.0,25.76,161000.0,26.4,4270300.0,10.18,38311700.0,256.649994,2529600.0,48.889998999999996,14400.0,25.209999,28800.0,26.620001000000002,57000.0,203.33999599999999,129303200.0,54.130001,613100.0,26.030001000000002,20000.0,102.809998,4482900.0,33.959998999999996,286200.0,25.893333,12300.0,30.49,374300.0,36.98,205000.0,30.33,146400.0
2016-03-17,7.96,550400.0,120.129997,9914300.0,30.68,62100.0,15.16,20688300.0,26.07,70300.0,27.32,3358600.0,10.55,41070700.0,259.26001,1353700.0,49.700001,19800.0,25.469998999999998,53100.0,27.1,10400.0,204.630005,134278500.0,54.240002000000004,633000.0,26.33,3100.0,103.5,6525900.0,34.040001000000004,240500.0,26.106667,18600.0,30.49,482000.0,37.145,83600.0,30.33,24200.0
2016-03-18,7.96,588200.0,119.800003,16965900.0,30.67,43800.0,15.03,8934300.0,26.030001000000002,91100.0,26.719998999999998,2241600.0,10.48,38919600.0,259.700012,1283200.0,49.834998999999996,31400.0,25.41,35400.0,27.34,21200.0,204.380005,138372400.0,54.349998,405900.0,26.68,26500.0,103.620003,4526700.0,34.060001,153000.0,26.033333,10600.0,30.5,590200.0,37.205002,111800.0,30.389999,34500.0
2016-03-21,8.03,513700.0,118.959999,7240600.0,30.93,50400.0,15.06,5287800.0,26.459999,95800.0,25.68,5961300.0,10.59,34995300.0,259.829987,1949600.0,49.785,17800.0,25.33,63700.0,27.434998999999998,111600.0,204.669998,72926700.0,54.349998,553300.0,26.639999,5300.0,103.589996,3210000.0,34.099998,208800.0,26.073334,19500.0,30.52,720100.0,36.935001,112200.0,30.379998999999998,6400.0
2016-03-22,8.07,460900.0,119.309998,6786800.0,31.059998999999998,40200.0,15.12,5024200.0,27.129998999999998,108200.0,26.280001000000002,5838000.0,10.54,28287400.0,259.809998,1669500.0,49.689999,12000.0,25.35,73500.0,27.370001000000002,30600.0,204.559998,97471900.0,54.41,739000.0,26.59,4500.0,103.440002,4107300.0,33.990002000000004,176700.0,26.133333,16000.0,30.5,451600.0,36.965,116400.0,30.33,14000.0
2016-03-23,7.87,599000.0,116.610001,15993700.0,30.889999,23500.0,14.51,14398800.0,26.290001,156000.0,25.200001,2947200.0,10.11,40194200.0,256.700012,1304300.0,49.040001000000004,12600.0,25.030001000000002,64000.0,26.950001,19200.0,203.21000700000002,81052500.0,54.400002,453600.0,26.459999,14300.0,102.900002,4161600.0,34.080002,233900.0,26.219998999999998,97300.0,30.52,288000.0,37.380001,746200.0,30.360001,277200.0
2016-03-24,7.8,493500.0,116.33000200000001,6280900.0,31.0,24600.0,14.43,5424900.0,26.5,90900.0,25.6,2189400.0,10.06,50576300.0,256.910004,1217700.0,48.950001,31600.0,24.889999,52200.0,26.879998999999998,14600.0,203.119995,84360900.0,54.459998999999996,519200.0,26.379998999999998,9500.0,102.449997,3012600.0,34.099998,408700.0,26.286666999999998,15100.0,30.52,675100.0,37.369999,728400.0,30.360001,5300.0
2016-03-28,7.79,315000.0,116.599998,3879100.0,31.15,64100.0,14.46,3438300.0,26.530001000000002,63000.0,26.24,3359500.0,10.01,27248100.0,257.880005,1270900.0,49.099998,15800.0,25.0,65700.0,26.875,11200.0,203.240005,62408200.0,54.369999,560200.0,26.42,6400.0,101.940002,3119700.0,34.16,133600.0,26.5,25800.0,30.52,470100.0,37.435001,2758200.0,30.360001,33200.0
2016-03-29,7.71,370800.0,118.760002,14472400.0,31.389999,44000.0,14.6,7704200.0,26.25,38500.0,26.879998999999998,2492300.0,9.8,34974600.0,262.649994,2295100.0,50.465,35600.0,25.280001000000002,62000.0,27.105,10400.0,205.119995,92922900.0,54.57,533900.0,26.559998999999998,4000.0,102.239998,4212900.0,34.189999,287800.0,26.573334000000003,41200.0,30.57,704700.0,37.810001,206600.0,30.440001000000002,7200.0
2016-03-30,7.76,271200.0,117.099998,10769100.0,30.799999,34700.0,14.49,7875000.0,25.870001000000002,26900.0,27.040001,5259100.0,9.73,36954600.0,262.589996,2293300.0,50.59,48000.0,25.549999,38000.0,27.41,7200.0,206.020004,86365300.0,54.580002,615600.0,26.780001000000002,7400.0,102.599998,3811800.0,34.25,201700.0,26.5,22000.0,30.59,274500.0,37.424999,239800.0,30.459999,33900.0
2016-03-31,7.77,277000.0,117.639999,9348200.0,30.35,127600.0,14.68,5868200.0,25.559998999999998,29000.0,26.639999,3446200.0,9.7,32692400.0,262.72000099999997,1316500.0,50.615002000000004,19200.0,25.309998999999998,85700.0,27.360001,642800.0,205.520004,94584100.0,54.540001000000004,781600.0,26.969998999999998,4500.0,102.75,4860300.0,34.27,271700.0,26.593334000000002,25200.0,30.629998999999998,770300.0,37.685001,219400.0,30.49,21000.0
2016-04-01,7.48,593500.0,116.93,10405400.0,30.610001,33400.0,14.34,13947100.0,24.889999,59800.0,26.440001000000002,1243900.0,9.33,40266100.0,264.190002,1811600.0,50.695,22600.0,25.049999,62300.0,27.485001,21600.0,206.919998,114423500.0,54.459998999999996,2183400.0,27.049999,14200.0,102.41999799999999,6019500.0,34.240002000000004,299000.0,26.686666,21700.0,30.610001,361100.0,37.665001000000004,937600.0,30.440001000000002,17700.0
2016-04-04,7.31,332400.0,116.150002,7643700.0,30.530001000000002,13800.0,14.2,5481000.0,24.42,246400.0,27.280001000000002,2423000.0,9.08,38727100.0,261.429993,970200.0,50.09,11200.0,25.01,279000.0,27.135,18800.0,206.25,63497000.0,54.450001,838900.0,26.870001000000002,2800.0,102.029999,4251600.0,34.220001,264800.0,26.66,20500.0,30.610001,226600.0,37.700001,153400.0,30.469998999999998,43800.0
2016-04-05,7.27,266500.0,117.660004,8865900.0,30.530001000000002,18500.0,14.42,7597200.0,24.43,51200.0,26.440001000000002,2739900.0,9.13,42668400.0,258.77999900000003,1115300.0,49.580002,42000.0,24.549999,56300.0,26.645,47600.0,204.190002,99662200.0,54.57,882000.0,26.67,9400.0,101.610001,3964800.0,34.27,208300.0,26.813334,9900.0,30.6,1202600.0,38.130001,905600.0,30.48,9500.0
2016-04-06,7.52,294200.0,116.940002,7549400.0,30.43,51900.0,14.34,4688200.0,24.85,121200.0,25.799999,2575700.0,9.6,45696600.0,261.369995,1857500.0,50.005001,32000.0,24.92,113000.0,26.950001,9400.0,206.419998,91839800.0,54.529999,997000.0,26.860001,18100.0,102.360001,6397500.0,34.290001000000004,572000.0,26.84,43500.0,30.610001,542800.0,37.860001000000004,93400.0,30.48,6400.0
2016-04-07,7.46,474300.0,118.610001,11900500.0,30.360001,196800.0,14.48,8633900.0,24.639999,37100.0,27.4,3713400.0,9.51,28205000.0,257.959991,1010100.0,49.27,25200.0,24.6,89400.0,26.424999,63400.0,203.949997,113859000.0,54.549999,1376600.0,26.67,28200.0,101.760002,4184400.0,34.349998,161600.0,27.0,109300.0,30.629998999999998,706700.0,38.299999,179600.0,30.48,11400.0
2016-04-08,7.81,297900.0,118.43,9078900.0,30.559998999999998,19600.0,14.62,7946400.0,25.889999,67800.0,26.959999,4556200.0,10.03,47156500.0,259.570007,920000.0,49.465,37800.0,25.049999,109000.0,26.82,8200.0,204.5,95040600.0,54.560001,725000.0,26.84,6100.0,102.41999799999999,3272100.0,34.34,174900.0,26.893333000000002,46900.0,30.629998999999998,368500.0,38.035,164600.0,30.48,7400.0
2016-04-11,8.01,341400.0,120.029999,9846000.0,30.290001,38400.0,15.14,13189400.0,26.629998999999998,78100.0,26.08,2810600.0,10.28,29067700.0,259.100006,3330500.0,49.485001000000004,10600.0,25.139999,49400.0,27.190001000000002,20800.0,204.020004,83757500.0,54.529999,402500.0,27.02,47800.0,102.599998,1763100.0,34.360001000000004,91700.0,26.826665999999996,23200.0,30.68,612600.0,38.044998,110600.0,30.52,7100.0
2016-04-12,8.18,702300.0,120.050003,9689500.0,30.719998999999998,20000.0,15.41,11986500.0,27.110001,85400.0,27.4,3448500.0,10.64,56664700.0,261.980011,1458400.0,49.950001,78600.0,25.42,1885500.0,27.66,239600.0,205.919998,115350600.0,54.450001,462900.0,27.219998999999998,3800.0,103.260002,3370800.0,34.279999,245800.0,26.633333,48100.0,30.65,787700.0,37.77,988000.0,30.469998999999998,12800.0
2016-04-13,8.16,303600.0,118.769997,8841500.0,31.57,73500.0,15.44,10558000.0,27.02,59800.0,27.639999,3193900.0,10.51,42934000.0,266.339996,2670000.0,51.029999,23000.0,25.83,61000.0,28.145,25400.0,208.0,96336400.0,54.509997999999996,432300.0,27.280001000000002,6400.0,103.980003,3164100.0,34.330002,269100.0,26.806666999999997,27000.0,30.629998999999998,577900.0,37.880001,271600.0,30.469998999999998,38100.0
2016-04-14,8.1,2020300.0,117.110001,13165800.0,31.42,172800.0,15.34,7392500.0,26.68,49700.0,26.719998999999998,2369900.0,10.48,31757500.0,265.290009,1046000.0,50.959998999999996,14800.0,25.85,44900.0,27.93,44200.0,208.009995,65212900.0,54.52,612100.0,27.26,10300.0,103.889999,2925900.0,34.279999,150600.0,26.726667,11500.0,30.610001,686700.0,37.73,127800.0,30.450001,45500.0
2016-04-15,7.93,849800.0,117.91999799999999,7838100.0,31.719998999999998,634900.0,15.46,9692000.0,26.0,35400.0,25.959999,2439700.0,10.25,34981000.0,266.450012,2479200.0,51.02,18400.0,25.790001,73700.0,27.860001,29600.0,207.779999,75761600.0,54.580002,586500.0,27.209999,78600.0,103.68,2906700.0,34.259997999999996,271900.0,27.059998999999998,37300.0,30.65,339500.0,37.994999,66600.0,30.459999,12900.0
2016-04-18,7.91,444000.0,117.739998,5809800.0,32.099998,73000.0,15.42,5351100.0,25.51,80000.0,26.360001,1905300.0,10.17,38997500.0,267.619995,1213700.0,51.439999,20400.0,26.01,1253100.0,27.93,18200.0,209.240005,82531000.0,54.5,504000.0,27.23,19400.0,104.400002,2845500.0,34.299999,174100.0,27.073334000000003,133200.0,30.66,367500.0,37.855,133400.0,30.459999,11900.0
2016-04-19,8.08,454700.0,119.58000200000001,21031500.0,32.810001,82300.0,16.120001000000002,18838300.0,26.35,24600.0,28.280001000000002,2732400.0,10.44,37479900.0,268.609985,1571200.0,51.66,33200.0,26.459999,88100.0,28.315001000000002,53200.0,209.899994,88316100.0,54.529999,580200.0,27.469998999999998,7500.0,104.970001,2440500.0,34.380001,163000.0,26.959999,168600.0,30.65,454300.0,37.740002000000004,84000.0,30.440001000000002,11100.0
2016-04-20,8.27,392300.0,118.970001,10233200.0,33.77,317000.0,16.139999,16221600.0,26.620001000000002,286900.0,28.32,3485400.0,10.76,42501200.0,268.76001,2741200.0,51.605,25400.0,26.450001,61400.0,28.195,13400.0,210.100006,81100300.0,54.57,581800.0,27.5,3600.0,105.18,3607500.0,34.349998,163700.0,27.059998999999998,45400.0,30.65,429800.0,37.375,117400.0,30.42,701800.0
2016-04-21,8.25,668200.0,119.41999799999999,14612800.0,33.299999,116800.0,16.209999,18781300.0,26.969998999999998,67700.0,28.48,1810600.0,10.72,27139900.0,266.410004,1740000.0,51.195,15000.0,26.290001,81700.0,27.915001,13200.0,208.970001,85695000.0,54.389998999999996,463400.0,27.299999,6200.0,104.82,3966300.0,34.330002,181200.0,26.973333,19800.0,30.67,321100.0,37.150002,92600.0,30.41,252500.0
2016-04-22,8.32,438700.0,117.889999,10047000.0,31.889999,130500.0,16.139999,14527800.0,27.209999,65400.0,29.120001000000002,2403200.0,10.76,29964200.0,268.700012,1696300.0,51.654999,20600.0,26.34,53400.0,27.82,8800.0,208.970001,99251700.0,54.330002,1763800.0,27.190001000000002,2600.0,105.120003,3379200.0,34.32,185300.0,27.093334000000002,44700.0,30.690001000000002,463400.0,37.049999,105000.0,30.389999,8000.0
2016-04-25,8.26,354100.0,118.230003,4369400.0,32.540001000000004,62700.0,16.17,9324800.0,26.940001000000002,34600.0,28.360001,1485800.0,10.55,21975800.0,267.269989,1624100.0,51.325001,19400.0,26.200001,32400.0,27.555,70600.0,208.610001,66166500.0,54.279999,472600.0,27.08,5000.0,104.760002,2403600.0,34.32,150200.0,26.953333,16200.0,30.65,4679400.0,36.919998,818000.0,30.389999,8600.0
2016-04-26,8.37,215000.0,118.699997,9906800.0,32.990002000000004,31300.0,16.290001,7745900.0,27.719998999999998,34800.0,27.959999,1335100.0,10.81,19190200.0,269.519989,1686100.0,52.005001,31000.0,26.309998999999998,37700.0,27.82,29800.0,208.919998,75864200.0,54.209998999999996,787800.0,27.280001000000002,1400.0,105.18,2928600.0,34.299999,131100.0,26.866667,19200.0,30.639999,510600.0,36.73,159600.0,30.389999,6400.0
2016-04-27,8.57,852200.0,119.040001,7976400.0,32.810001,23700.0,16.379998999999998,17178800.0,27.93,84300.0,27.76,1943800.0,11.14,37920900.0,270.890015,1021500.0,52.25,41400.0,26.35,30400.0,27.975,13400.0,209.350006,77329400.0,54.27,509900.0,27.360001,1700.0,105.75,3179100.0,34.389998999999996,173300.0,27.093334000000002,19500.0,30.65,2038000.0,37.075001,75800.0,30.41,21900.0
2016-04-28,8.6,350700.0,121.290001,15133600.0,33.169998,47300.0,16.77,13007900.0,28.09,84300.0,26.76,2498400.0,11.22,24935900.0,267.350006,1181200.0,51.349998,14800.0,26.030001000000002,56700.0,27.684998999999998,29800.0,207.449997,97216200.0,54.259997999999996,2271100.0,27.440001000000002,4500.0,105.720001,3150000.0,34.439999,200700.0,27.266665999999997,32400.0,30.68,312200.0,37.244999,122200.0,30.440001000000002,6600.0
2016-04-29,8.6,521100.0,123.650002,19043900.0,33.290001000000004,30800.0,16.98,15182000.0,28.040001,42800.0,27.719998999999998,3807800.0,11.3,34802100.0,265.850006,1788100.0,51.145,57000.0,25.940001000000002,45800.0,27.74,8200.0,206.330002,142424100.0,54.34,963200.0,27.59,8000.0,105.900002,4680600.0,34.470001,107900.0,27.280001000000002,15900.0,30.700001,10109700.0,37.369999,170400.0,30.440001000000002,29400.0
2016-05-02,8.44,399200.0,123.239998,12137500.0,33.419998,168700.0,16.639999,12874000.0,27.290001,38500.0,26.440001000000002,2274600.0,11.05,21614400.0,268.299988,1430600.0,51.494999,19800.0,26.129998999999998,73500.0,27.66,51400.0,207.970001,62188000.0,54.349998,586900.0,27.620001000000002,17000.0,105.449997,1925100.0,34.349998,226900.0,26.946666999999998,44200.0,30.65,483900.0,36.919998,301200.0,30.41,10200.0
2016-05-03,8.32,584400.0,122.959999,9063600.0,32.360001000000004,100200.0,16.57,9740600.0,26.5,60400.0,27.0,1584500.0,10.74,28412200.0,264.52999900000003,1348500.0,50.855,57000.0,25.690001000000002,78600.0,26.885,26200.0,206.16000400000001,106422100.0,54.470001,631300.0,27.290001,83200.0,104.639999,3397200.0,34.43,176100.0,27.206667,21300.0,30.620001000000002,697100.0,37.395,166400.0,30.450001,24800.0
2016-05-04,8.3,651200.0,122.209999,9398200.0,32.400002,319200.0,16.49,8323400.0,26.200001,112800.0,27.719998999999998,1610700.0,10.79,24856200.0,263.410004,1588400.0,50.595001,29000.0,25.440001000000002,69500.0,26.575001,8600.0,205.009995,92243800.0,54.459998999999996,839800.0,27.139999,569900.0,104.099998,5377500.0,34.490002000000004,236000.0,27.246665999999998,20100.0,30.629998999999998,434600.0,37.514998999999996,614000.0,30.48,10200.0
2016-05-05,8.35,358500.0,122.07,8846900.0,31.82,43200.0,16.51,7639700.0,26.120001000000002,193600.0,26.959999,1680500.0,10.9,34159000.0,263.23999,872100.0,50.25,40600.0,25.35,75100.0,26.51,11400.0,204.970001,67619200.0,54.549999,738700.0,27.18,581900.0,104.129997,4380900.0,34.5,226500.0,27.366667,16600.0,30.67,643500.0,37.810001,397200.0,30.48,10700.0
2016-05-06,8.44,374200.0,123.18,11366800.0,32.27,26500.0,16.629998999999998,9188200.0,26.290001,27600.0,27.120001000000002,1630400.0,10.96,26396700.0,264.459991,851700.0,50.650002,18400.0,25.42,63500.0,26.530001000000002,14200.0,205.720001,89315000.0,54.599998,595400.0,27.219998999999998,2448700.0,104.099998,3938700.0,34.490002000000004,848500.0,27.280001000000002,24400.0,30.639999,460000.0,37.610001000000004,1825600.0,30.469998999999998,8300.0
2016-05-09,8.23,256700.0,120.650002,9236200.0,31.719998999999998,29700.0,16.120001000000002,10563400.0,25.299999,68000.0,27.16,872200.0,10.68,22143100.0,264.399994,799600.0,50.654999,37200.0,25.33,61600.0,26.23,19400.0,205.889999,74374900.0,54.599998,501100.0,26.950001,604700.0,104.040001,2799900.0,34.549999,623900.0,27.253334000000002,11800.0,30.68,219500.0,37.689999,225600.0,30.51,12700.0
2016-05-10,8.5,171900.0,120.980003,9845000.0,32.860001000000004,52100.0,16.280001000000002,6278300.0,26.120001000000002,33000.0,28.0,1428300.0,10.99,21055100.0,267.52999900000003,1080400.0,51.040001000000004,136800.0,25.709999,934400.0,26.790001,1361600.0,208.449997,77472200.0,54.580002,470800.0,27.07,99200.0,104.849998,3611400.0,34.560001,1435300.0,27.286666999999998,40000.0,30.709999,563200.0,37.724998,1367000.0,30.459999,153800.0
2016-05-11,8.74,304800.0,122.120003,7590100.0,32.700001,47900.0,16.559998999999998,9226300.0,27.57,93500.0,28.040001,1377100.0,11.34,29338200.0,264.899994,1205000.0,50.450001,16400.0,25.559998999999998,69400.0,26.709999,64600.0,206.5,81727000.0,54.639998999999996,478800.0,27.209999,206000.0,104.82,3854700.0,34.5,592900.0,27.34,27900.0,30.700001,291400.0,37.904999,220400.0,30.52,10600.0
2016-05-12,8.8,1647600.0,121.160004,7447100.0,33.259997999999996,75300.0,16.219998999999998,9826700.0,27.610001,199800.0,27.76,1604000.0,11.45,23946400.0,264.809998,1416600.0,50.325001,24400.0,25.51,71500.0,26.605,145400.0,206.559998,89586300.0,54.630001,395500.0,27.09,65700.0,104.82,2467200.0,34.459998999999996,612000.0,27.313334,15600.0,30.690001000000002,224500.0,37.740002000000004,48200.0,30.440001000000002,20100.0
2016-05-13,8.72,345600.0,121.709999,7672800.0,33.32,126400.0,16.280001000000002,6156500.0,27.83,22100.0,27.120001000000002,1318900.0,11.37,15230000.0,262.179993,1300200.0,49.895,30800.0,25.23,84000.0,26.205,30000.0,204.759995,96474600.0,54.610001000000004,491500.0,26.99,41600.0,104.400002,3472800.0,34.48,252400.0,27.366667,27300.0,30.690001000000002,317900.0,38.134997999999996,139200.0,30.49,53800.0
2016-05-16,8.93,156500.0,121.800003,7103000.0,33.389998999999996,20000.0,16.32,6588700.0,28.190001000000002,52300.0,26.280001000000002,2109400.0,11.76,26713400.0,264.929993,1199300.0,50.450001,29400.0,25.51,106300.0,26.469998999999998,94800.0,206.779999,77486800.0,54.610001000000004,373500.0,26.940001000000002,91300.0,105.029999,2745900.0,34.43,142400.0,27.233334000000003,65500.0,30.65,4583500.0,37.814999,70000.0,30.450001,11200.0
2016-05-17,9.05,378600.0,122.220001,8619800.0,33.93,84700.0,16.41,5992300.0,28.75,73800.0,26.559998999999998,833000.0,11.92,22310900.0,262.059998,1327500.0,49.529999,17200.0,25.42,177100.0,26.4,74800.0,204.850006,114924900.0,54.630001,621600.0,26.940001000000002,36000.0,104.940002,3279600.0,34.41,173900.0,27.24,44200.0,30.639999,279000.0,37.880001,92800.0,30.43,31600.0
2016-05-18,8.92,615600.0,120.099998,13381700.0,33.720001,68500.0,16.0,13533300.0,28.690001000000002,82600.0,25.84,2219100.0,11.7,29425500.0,261.450012,1165100.0,49.889998999999996,135000.0,25.4,70000.0,26.280001000000002,98000.0,204.91000400000001,120062100.0,54.439999,448300.0,26.549999,65300.0,104.849998,3982200.0,34.259997999999996,146200.0,26.953333,24000.0,30.58,340800.0,37.34,107800.0,30.32,8700.0
2016-05-19,8.95,630300.0,119.870003,14339700.0,33.18,47000.0,15.67,17547100.0,28.58,56900.0,26.440001000000002,2591100.0,11.79,21902500.0,260.559998,1318100.0,49.57,42800.0,25.25,51800.0,25.91,59000.0,204.199997,115430500.0,54.5,452900.0,26.549999,35400.0,104.610001,3945000.0,34.27,89300.0,26.873333000000002,72100.0,30.6,305300.0,37.490002000000004,195200.0,30.360001,8100.0
2016-05-20,8.96,116400.0,119.709999,10379400.0,33.5,70700.0,15.69,5965800.0,28.67,21200.0,26.6,2154300.0,11.75,19220000.0,264.190002,1321100.0,50.200001,28800.0,25.370001000000002,35100.0,26.145,8600.0,205.490005,104990400.0,54.57,1930700.0,26.540001,142900.0,104.970001,3978300.0,34.310001,146000.0,26.92,35700.0,30.57,462900.0,37.549999,166600.0,30.35,25800.0
2016-05-23,8.91,149300.0,119.370003,8628200.0,33.32,29500.0,15.59,6041500.0,28.790001,23600.0,26.6,1849200.0,11.66,16281100.0,263.630005,830600.0,50.200001,21200.0,25.33,62600.0,26.120001000000002,104600.0,205.21000700000002,58682600.0,54.59,360600.0,26.530001000000002,116400.0,105.029999,2058000.0,34.310001,131200.0,26.946666999999998,130500.0,30.59,356400.0,37.595001,66800.0,30.360001,20400.0
2016-05-24,9.0,264300.0,117.300003,12772000.0,33.23,55600.0,15.42,7939500.0,28.950001,131800.0,26.0,2269100.0,11.82,17092900.0,268.0,3786100.0,51.174999,23800.0,25.66,102200.0,26.445,20400.0,207.869995,93537800.0,54.560001,622100.0,26.51,21000.0,105.660004,3550200.0,34.290001000000004,120000.0,26.733334000000003,184300.0,30.59,357700.0,37.465,58600.0,30.309998999999998,42000.0
2016-05-25,9.16,347200.0,116.980003,10487300.0,33.990002000000004,25600.0,15.5,7969100.0,28.83,94800.0,26.200001,1581800.0,12.03,24984100.0,269.660004,3040600.0,51.455002,37800.0,25.950001,69300.0,26.615,20000.0,209.279999,76621400.0,54.639998999999996,386700.0,26.469998999999998,127100.0,105.900002,2650500.0,34.23,1158700.0,26.700001,38100.0,30.6,438900.0,37.334998999999996,109200.0,30.370001000000002,11800.0
2016-05-26,9.09,525500.0,116.58000200000001,5893500.0,34.330002,131000.0,15.53,5485700.0,28.33,26700.0,25.92,2040700.0,11.95,21657700.0,269.77999900000003,2069600.0,51.435001,26000.0,25.98,46600.0,26.809998999999998,49400.0,209.33999599999999,55280700.0,54.709998999999996,489500.0,26.559998999999998,32400.0,105.690002,1930500.0,34.279999,591200.0,26.826665999999996,50100.0,30.620001000000002,295300.0,37.509997999999996,53600.0,30.389999,28500.0
2016-05-27,9.15,204100.0,115.620003,8686700.0,34.610001000000004,26500.0,15.39,5918000.0,28.6,28800.0,26.120001000000002,2021600.0,11.98,14089100.0,271.980011,1368800.0,51.855,18000.0,25.940001000000002,44400.0,26.83,10200.0,210.24000499999997,64211200.0,54.75,617700.0,26.530001000000002,62700.0,105.809998,2005800.0,34.220001,2176200.0,26.879998999999998,40800.0,30.610001,427800.0,37.435001,59400.0,30.33,9800.0
2016-05-31,9.06,721600.0,116.059998,8187600.0,33.889998999999996,111500.0,15.19,7432200.0,27.98,32200.0,27.559998999999998,3551300.0,11.87,16850700.0,271.820007,3972400.0,52.095001,60600.0,25.85,57100.0,26.875,26600.0,209.83999599999999,109879400.0,54.689999,700600.0,26.469998999999998,57300.0,105.690002,1809600.0,34.32,534700.0,26.993334,45700.0,30.629998999999998,1331800.0,37.549999,62800.0,30.4,2200.0
2016-06-01,9.12,358700.0,115.940002,8399600.0,34.610001000000004,176500.0,15.17,7146500.0,28.370001000000002,68200.0,28.799999,2828000.0,11.93,25553100.0,273.089996,1694000.0,52.43,26800.0,25.82,69800.0,26.889999,52400.0,210.270004,69936200.0,54.73,925800.0,26.52,81100.0,105.18,5022900.0,34.220001,615600.0,26.98,47700.0,30.620001000000002,318400.0,37.540001000000004,162600.0,30.34,11900.0
2016-06-02,9.07,262000.0,115.66999799999999,4591600.0,35.32,82100.0,15.22,4223600.0,28.33,40800.0,29.0,1775500.0,11.86,22402100.0,274.890015,1347200.0,52.669998,50200.0,25.83,55800.0,27.055,10600.0,210.91000400000001,63044700.0,54.790001000000004,471900.0,26.610001,79600.0,105.209999,2353500.0,34.23,240700.0,27.173334000000004,34200.0,30.6,471900.0,37.84,54800.0,30.360001,8100.0
2016-06-03,9.06,272500.0,118.879997,14605100.0,35.630001,91400.0,15.61,9059300.0,28.129998999999998,33100.0,28.959999,2011300.0,11.82,19169900.0,273.380005,2270100.0,52.43,22400.0,26.059998999999998,58300.0,27.395,20600.0,210.27999900000003,101757100.0,54.990002000000004,457800.0,26.879998999999998,136200.0,105.389999,3127500.0,34.43,403700.0,27.373333000000002,14500.0,30.66,891000.0,38.349998,237600.0,30.440001000000002,20500.0
2016-06-06,9.21,267100.0,118.91999799999999,9887900.0,36.169998,48300.0,15.68,5736300.0,27.75,79100.0,29.76,2021300.0,12.04,23410200.0,275.809998,2092100.0,53.025002,23800.0,26.25,52000.0,27.625,63400.0,211.350006,64887000.0,54.889998999999996,526100.0,27.120001000000002,31100.0,105.900002,3583500.0,34.43,714500.0,27.306666999999997,40800.0,30.639999,383700.0,38.099998,341800.0,30.49,23300.0
2016-06-07,9.36,1012200.0,118.82,4602900.0,36.279999,71400.0,15.6,4896900.0,27.85,46300.0,29.959999,1636700.0,12.22,18247700.0,276.690002,1344700.0,53.23,29200.0,26.440001000000002,45200.0,27.915001,19000.0,211.67999300000002,60974800.0,54.93,642100.0,27.299999,43200.0,106.410004,3836400.0,34.5,289300.0,27.373333000000002,25000.0,30.67,443000.0,38.209998999999996,37000.0,30.469998999999998,10100.0
2016-06-08,9.52,312300.0,120.58000200000001,11661700.0,36.869999,417300.0,16.209999,14512900.0,28.389999,54900.0,29.76,1591900.0,12.43,26500300.0,277.98999,1194600.0,53.685001,22600.0,26.5,32900.0,28.059998999999998,45200.0,212.36999500000002,66170900.0,54.900002,2334900.0,27.42,53100.0,106.889999,2703900.0,34.52,117100.0,27.506666,12300.0,30.68,614500.0,38.369999,125000.0,30.469998999999998,10000.0
2016-06-09,9.43,193300.0,121.25,12174000.0,36.630001,87000.0,16.469998999999998,12579800.0,28.280001000000002,19100.0,31.440001000000002,3444800.0,12.25,18027700.0,277.27999900000003,1125800.0,53.395,105000.0,26.17,672100.0,27.674999,232600.0,212.080002,73786900.0,54.98,759500.0,27.309998999999998,191100.0,106.410004,3050400.0,34.540001000000004,256900.0,27.613333,27900.0,30.700001,660500.0,38.619999,121400.0,30.48,20900.0
2016-06-10,9.2,235900.0,121.739998,13940000.0,36.299999,113100.0,16.49,11215100.0,27.139999,52100.0,31.040001,1711100.0,11.87,21021400.0,273.380005,1807900.0,52.610001000000004,53400.0,25.49,32300.0,27.030001000000002,148000.0,210.07000699999998,113829200.0,55.029999,570500.0,27.1,20900.0,105.839996,3309000.0,34.59,511800.0,27.613333,41200.0,30.700001,309100.0,38.775002,293000.0,30.48,2700.0
2016-06-13,9.13,304000.0,122.639999,12594200.0,36.470001,33200.0,16.58,7799500.0,26.65,37700.0,31.32,2224600.0,11.76,18163900.0,270.440002,2040600.0,52.02,21600.0,25.110001,93700.0,26.73,17800.0,208.449997,117751200.0,55.110001000000004,582600.0,27.040001,45700.0,105.239998,2883600.0,34.599998,321800.0,27.586665999999997,33100.0,30.73,310800.0,38.970001,83000.0,30.540001,199900.0
2016-06-14,9.03,405600.0,122.769997,11651700.0,36.509997999999996,65000.0,16.540001,7612100.0,26.4,59500.0,31.440001000000002,1775600.0,11.73,15842400.0,269.459991,993800.0,52.07,31000.0,24.780001000000002,86800.0,26.674999,39200.0,208.03999299999998,125059300.0,55.049999,557800.0,26.809998999999998,22000.0,104.879997,5982300.0,34.560001,421100.0,27.58,16500.0,30.700001,266800.0,38.950001,231400.0,30.51,9600.0
2016-06-15,8.92,270600.0,123.68,15053000.0,35.900002,22500.0,16.690001000000002,11249000.0,26.110001,42000.0,31.280001000000002,1089500.0,11.47,23350400.0,269.959991,1052100.0,52.064999,22000.0,24.9,75900.0,26.91,17200.0,207.75,109124500.0,55.25,513400.0,27.030001000000002,16900.0,104.760002,5822100.0,34.599998,246900.0,27.559998999999998,38100.0,30.700001,456800.0,39.09,475000.0,30.57,47000.0
2016-06-16,8.68,359000.0,122.379997,26635000.0,35.470001,30200.0,16.309998999999998,36351500.0,25.59,41700.0,31.120001000000002,2032900.0,11.14,31068700.0,269.769989,2275100.0,52.02,21000.0,24.9,83800.0,26.825001,13400.0,208.369995,149533100.0,55.18,1023500.0,26.83,19000.0,104.730003,7776600.0,34.630001,231800.0,27.646666999999997,39300.0,30.719998999999998,347200.0,39.294998,121200.0,30.57,21100.0
2016-06-17,9.05,128800.0,123.949997,15573800.0,36.490002000000004,25400.0,16.6,14781400.0,26.389999,29100.0,31.799999,1669100.0,11.66,34921800.0,268.929993,1129700.0,51.610001000000004,30400.0,24.77,292700.0,26.665001,82400.0,206.520004,117055700.0,55.07,428200.0,27.059998999999998,78000.0,104.849998,4620000.0,34.599998,179600.0,27.593334000000002,17400.0,30.719998999999998,315900.0,39.035,73400.0,30.57,13400.0
2016-06-20,9.25,305900.0,123.209999,11866200.0,35.560001,183500.0,16.65,7317200.0,27.459999,60800.0,32.720001,2341400.0,11.91,26077300.0,271.76001,2014600.0,52.205002,14200.0,25.32,77300.0,27.16,75600.0,207.850006,82789600.0,55.040001000000004,478800.0,27.33,471400.0,105.599998,3278700.0,34.540001000000004,525400.0,27.540001,9400.0,30.709999,888800.0,38.654999,562400.0,30.530001000000002,5000.0
2016-06-21,9.28,304900.0,120.839996,14585600.0,34.09,168700.0,16.379998999999998,6642800.0,27.66,29000.0,33.040001000000004,1441000.0,11.89,21823000.0,271.97000099999997,1181300.0,52.154999,26600.0,25.52,154400.0,27.295,18000.0,208.440002,72461700.0,54.959998999999996,977900.0,27.299999,51400.0,106.199997,4725600.0,34.529999,131000.0,27.526667,16600.0,30.700001,447800.0,38.5,356000.0,30.48,8800.0
2016-06-22,9.2,185700.0,120.900002,7861000.0,33.91,105500.0,16.42,4521800.0,27.48,26700.0,32.0,2129700.0,11.74,26056700.0,271.079987,1395100.0,51.935001,32000.0,25.48,45100.0,27.25,15400.0,208.100006,95560500.0,54.959998999999996,361400.0,27.469998999999998,19900.0,106.110001,7143300.0,34.560001,261000.0,27.440001000000002,54700.0,30.719998999999998,597900.0,38.529999,86000.0,30.540001,10400.0
2016-06-23,9.37,333700.0,120.110001,10704900.0,33.48,121100.0,16.49,7472400.0,27.85,11800.0,32.360001000000004,2432800.0,11.98,18947500.0,276.100006,2294900.0,52.849998,30000.0,26.110001,52400.0,27.924999,16200.0,210.809998,102731400.0,54.82,552300.0,27.620001000000002,46500.0,106.889999,2576400.0,34.619999,189800.0,27.34,28800.0,30.709999,186100.0,38.154999,56000.0,30.450001,13200.0
2016-06-24,8.95,447400.0,126.0,35782900.0,33.200001,126300.0,16.889999,16614200.0,26.58,60200.0,31.84,1441300.0,11.4,32784500.0,264.929993,5338300.0,51.044998,56400.0,24.08,309300.0,26.49,45400.0,203.240005,333444400.0,55.040001000000004,562200.0,26.809998999999998,32700.0,105.300003,6622500.0,34.669998,207800.0,27.573334000000003,34500.0,30.76,734700.0,39.095001,96600.0,30.629998999999998,43700.0
2016-06-27,8.85,277400.0,126.68,21228800.0,33.299999,52100.0,16.870001000000002,8978600.0,25.940001000000002,83800.0,32.68,1330200.0,11.19,24678900.0,257.47000099999997,6552400.0,49.48,41400.0,23.559998999999998,209400.0,26.165001,18000.0,199.600006,230775800.0,55.470001,700500.0,26.780001000000002,46300.0,103.470001,13028700.0,34.759997999999996,161200.0,27.9,41200.0,30.700001,439900.0,40.060001,215800.0,30.67,17200.0
2016-06-28,9.08,156900.0,125.32,16001500.0,33.32,133900.0,16.91,6759600.0,26.32,29300.0,34.16,2651100.0,11.47,23383000.0,262.420013,2813300.0,50.044998,35000.0,24.190001000000002,595500.0,26.945,63800.0,203.199997,159382400.0,55.650002,1623100.0,27.360001,143800.0,104.879997,7293300.0,34.849998,196400.0,28.213333000000002,19300.0,30.75,799600.0,40.105,174600.0,30.67,211100.0
2016-06-29,9.34,276100.0,125.839996,12218400.0,32.700001,92700.0,17.370001000000002,13965000.0,26.43,168000.0,33.759997999999996,2557800.0,11.79,24821700.0,267.450012,2439400.0,51.169998,24600.0,24.65,83200.0,27.530001000000002,17600.0,206.66000400000001,137328600.0,55.740002000000004,697200.0,27.709999,44700.0,106.16999799999999,6612600.0,34.790001000000004,112000.0,27.98,27400.0,30.790001,1333700.0,39.825001,159800.0,30.65,4800.0
2016-06-30,9.16,380900.0,126.470001,15981600.0,32.799999,99900.0,17.860001,18416300.0,25.98,40700.0,34.560001,2809000.0,11.57,22048700.0,272.230011,2085400.0,52.224998,32800.0,24.93,80800.0,27.780001000000002,27000.0,209.479996,165021900.0,55.700001,794200.0,27.85,69800.0,107.07,7383600.0,34.889998999999996,147200.0,28.139999,37900.0,30.780001000000002,1826000.0,39.91,173200.0,30.66,46700.0
2016-07-01,9.34,262400.0,128.41000400000001,14940700.0,32.049999,158900.0,18.74,29989500.0,26.33,41700.0,35.400002,1570700.0,11.78,20567100.0,272.77999900000003,1076200.0,52.400002,92400.0,25.040001,45300.0,28.014999,10200.0,209.919998,106055300.0,55.779999,1380800.0,27.879998999999998,143500.0,106.589996,3719400.0,34.869999,182300.0,28.406665999999998,65400.0,30.77,364200.0,40.43,734200.0,30.65,7100.0
2016-07-05,8.95,501000.0,129.470001,19026200.0,30.98,149000.0,18.98,28689100.0,24.65,84700.0,32.599998,2667100.0,11.18,30162300.0,269.649994,2128300.0,51.599998,67600.0,24.559998999999998,66400.0,27.540001,17000.0,208.41000400000001,109803700.0,55.990002000000004,517000.0,27.66,102700.0,106.08000200000001,3349500.0,34.98,202000.0,28.780001000000002,28800.0,30.799999,1124700.0,40.849998,274200.0,30.690001000000002,6600.0
2016-07-06,9.06,383200.0,130.229996,17376700.0,30.58,105100.0,19.1,23766600.0,24.92,51100.0,33.080002,2519900.0,11.33,17436200.0,271.049988,1561200.0,51.830002,29000.0,24.51,56900.0,27.455,14000.0,209.66000400000001,96021500.0,56.040001000000004,583900.0,27.639999,213900.0,106.589996,5060700.0,34.939999,489000.0,28.846666,51300.0,30.799999,341600.0,40.959998999999996,62400.0,30.68,41100.0
2016-07-07,8.68,404800.0,129.740005,16508500.0,29.85,95600.0,18.709999,19039200.0,23.66,107000.0,32.720001,2397100.0,10.82,36315500.0,271.519989,1175900.0,52.014998999999996,20000.0,24.43,57800.0,27.4,100400.0,209.529999,85593800.0,55.939999,949200.0,27.52,34900.0,106.769997,5382600.0,34.880001,259600.0,28.673334000000004,19500.0,30.77,826100.0,40.950001,132000.0,30.66,20800.0
2016-07-08,8.71,236700.0,130.520004,17634200.0,31.02,67500.0,19.219998999999998,20102900.0,23.799999,103000.0,33.279999,1041800.0,10.83,21540700.0,276.670013,1471600.0,53.264998999999996,23000.0,24.77,64600.0,27.905001000000002,19000.0,212.649994,133971000.0,56.099998,695600.0,27.860001,190800.0,108.209999,9373800.0,34.970001,108700.0,29.146666999999997,30400.0,30.77,761900.0,41.185001,42000.0,30.610001,269600.0
2016-07-11,8.67,388900.0,129.28999299999998,10855600.0,30.620001000000002,45100.0,19.299999,20224200.0,23.85,116500.0,32.040001000000004,2176500.0,10.65,16805900.0,278.22000099999997,1664100.0,53.884997999999996,26800.0,25.09,71500.0,28.215,44400.0,213.399994,73633900.0,56.040001000000004,1123600.0,27.84,50800.0,108.41999799999999,5327100.0,34.919998,165700.0,29.046667,24100.0,30.780001000000002,403600.0,40.869999,174800.0,30.610001,69500.0
2016-07-12,9.01,312700.0,127.150002,26459600.0,31.360001,237300.0,19.09,21190500.0,24.51,154400.0,32.439999,1744900.0,11.19,30624700.0,281.0,2865300.0,54.5,32200.0,25.42,1504400.0,28.57,35000.0,214.94999700000002,101275600.0,55.82,521900.0,28.030001000000002,28900.0,108.690002,5458500.0,34.889998999999996,1370900.0,28.766665999999997,54600.0,30.780001000000002,692400.0,40.294998,234400.0,30.57,253500.0
2016-07-13,8.7,1312700.0,128.320007,7377700.0,31.969998999999998,127400.0,19.389999,9452400.0,23.9,99400.0,32.48,1482800.0,10.75,34345300.0,280.23999,1860300.0,54.494999,26600.0,25.42,46500.0,28.514999,77200.0,214.919998,87324100.0,55.98,442400.0,28.02,27500.0,108.41999799999999,4732200.0,34.93,450300.0,28.773333,44800.0,30.76,306700.0,40.674999,284000.0,30.57,60600.0
2016-07-14,8.8,167400.0,127.33000200000001,12132400.0,31.17,75800.0,19.25,10881400.0,24.280001000000002,181800.0,32.400002,1265000.0,10.87,21465900.0,280.880005,1543100.0,54.540001000000004,15600.0,25.6,22900.0,28.905001000000002,11400.0,216.11999500000002,91230900.0,55.91,713100.0,28.129998999999998,67800.0,108.510002,3794400.0,34.91,474900.0,28.666665999999996,37600.0,30.719998999999998,4056100.0,40.145,171200.0,30.57,15700.0
2016-07-15,8.85,85200.0,126.839996,13892100.0,30.74,57000.0,19.08,11279600.0,24.540001,26900.0,32.560001,1439500.0,10.99,23656100.0,280.869995,1319600.0,54.625,18000.0,25.49,113600.0,28.795,42200.0,215.830002,107155400.0,55.759997999999996,2282800.0,28.09,12900.0,108.33000200000001,2164500.0,34.759997999999996,563700.0,28.4,10500.0,30.74,1054100.0,39.82,83200.0,30.530001000000002,12800.0
2016-07-18,8.74,153600.0,127.040001,8489700.0,31.07,41500.0,19.1,8619000.0,23.959999,47900.0,32.200001,876000.0,10.82,19842200.0,281.23999,1337300.0,54.724998,49200.0,25.549999,46800.0,29.045,29400.0,216.41000400000001,58725900.0,55.709998999999996,502800.0,28.040001,26800.0,108.779999,1886400.0,34.830002,278700.0,28.5,17500.0,30.780001000000002,604100.0,39.764998999999996,388800.0,30.540001,66000.0
2016-07-19,8.73,86900.0,127.209999,5170700.0,30.01,73500.0,18.92,5248600.0,23.74,31600.0,32.200001,911000.0,10.7,17785400.0,280.72000099999997,1311500.0,54.349998,32800.0,25.34,63800.0,28.785,12600.0,216.190002,54345700.0,55.84,552100.0,27.92,151900.0,108.449997,4118700.0,34.889998999999996,297200.0,28.626666999999998,16600.0,30.77,341500.0,40.0,1395800.0,30.559998999999998,261000.0
2016-07-20,8.76,396200.0,125.389999,11777700.0,29.43,140800.0,18.42,13492700.0,23.51,60200.0,31.32,1829200.0,10.73,26551900.0,281.899994,1217600.0,54.674999,31600.0,25.559998999999998,90300.0,28.995001000000002,10800.0,217.08999599999999,58159500.0,55.84,477300.0,27.879998999999998,285700.0,108.720001,2504100.0,34.869999,220900.0,28.559998999999998,19900.0,30.74,369600.0,39.790001000000004,824000.0,30.540001,253200.0
2016-07-21,8.56,277000.0,127.300003,9399200.0,29.41,73000.0,18.879998999999998,12846100.0,23.32,18700.0,31.719998999999998,1705400.0,10.49,20343800.0,280.25,1053600.0,54.34,41000.0,25.49,81100.0,28.885,27600.0,216.270004,67777300.0,55.82,585100.0,27.870001000000002,66600.0,108.690002,1780500.0,34.900002,212200.0,28.639999,30900.0,30.780001000000002,151900.0,39.830002,322000.0,30.549999,10400.0
2016-07-22,8.47,302600.0,126.349998,7716000.0,29.360001,151000.0,18.67,6826000.0,23.35,48900.0,32.720001,1731300.0,10.42,22494200.0,282.51001,1135900.0,54.66,16800.0,25.49,50600.0,29.035,22200.0,217.24000499999997,62787500.0,55.860001000000004,428300.0,27.91,48900.0,109.08000200000001,1673100.0,34.91,142100.0,28.693333000000003,42900.0,30.77,342900.0,39.924999,1704000.0,30.549999,113600.0
2016-07-25,8.31,168700.0,125.470001,13139400.0,29.059998999999998,59300.0,18.540001,8644600.0,22.879998999999998,43900.0,32.32,982600.0,10.13,24337300.0,281.47000099999997,834800.0,54.494999,12600.0,25.440001000000002,66700.0,28.825001,22400.0,216.649994,55873100.0,55.799999,526900.0,27.700001,25500.0,108.480003,1949100.0,34.869999,158800.0,28.526667,123100.0,30.780001000000002,516200.0,39.884997999999996,785400.0,30.5,24100.0
2016-07-26,8.28,261100.0,126.0,7613200.0,28.9,24800.0,18.66,4110600.0,23.07,46200.0,31.84,1111300.0,10.08,23818200.0,283.059998,1242300.0,54.779999,27000.0,25.540001,94700.0,28.955,44000.0,216.75,70080500.0,55.880001,472900.0,27.719998999999998,47600.0,108.18,3395400.0,34.869999,267400.0,28.626666999999998,16600.0,30.76,654300.0,39.955002,293600.0,30.540001,10700.0
2016-07-27,8.09,483600.0,128.029999,17066400.0,29.15,35100.0,19.370001000000002,20054800.0,22.639999,161200.0,31.799999,1115900.0,9.9,28954700.0,281.880005,1944400.0,54.994999,41200.0,25.65,50900.0,28.985001,22600.0,216.520004,84083900.0,56.150002,481000.0,27.76,110900.0,108.480003,3835200.0,34.93,133900.0,28.786666999999998,19600.0,30.780001000000002,608100.0,40.41,420800.0,30.57,16200.0
2016-07-28,7.96,658600.0,127.660004,9261800.0,28.889999,23100.0,19.209999,9657900.0,22.33,38000.0,34.119999,4010000.0,9.67,28370400.0,282.809998,1242000.0,54.805,27800.0,25.66,42000.0,29.0,9800.0,216.770004,65035700.0,56.110001000000004,474000.0,27.719998999999998,51800.0,107.970001,2451600.0,34.93,738500.0,28.773333,17400.0,30.790001,457100.0,40.345001,106200.0,30.58,16600.0
2016-07-29,8.06,588800.0,128.979996,13708200.0,29.15,22300.0,19.35,14664700.0,22.59,58400.0,34.200001,1611900.0,9.76,25507500.0,283.77999900000003,1449200.0,54.810001,10800.0,25.950001,60900.0,29.125,16600.0,217.11999500000002,79519400.0,56.099998,580900.0,28.09,128100.0,108.18,4062300.0,35.02,226600.0,28.879998999999998,22600.0,30.84,284600.0,40.639998999999996,145000.0,30.629998999999998,12600.0
2016-08-01,7.85,475700.0,129.220001,7109900.0,28.34,133600.0,19.43,11590000.0,22.51,173200.0,33.119999,1369400.0,9.41,37967800.0,283.019989,1049700.0,54.77,15200.0,25.809998999999998,172900.0,29.094998999999998,9200.0,216.940002,73311400.0,55.82,2950900.0,27.99,45600.0,106.949997,3530100.0,34.860001000000004,140100.0,28.426665999999997,97500.0,30.790001,141200.0,40.189999,348200.0,30.59,35300.0
2016-08-02,7.76,272200.0,130.270004,7652800.0,28.07,56200.0,19.6,9389300.0,22.48,34500.0,32.639998999999996,988900.0,9.33,30293900.0,279.799988,1045000.0,54.035,26800.0,25.690001000000002,59900.0,28.940001000000002,60000.0,215.55000299999998,92295500.0,55.610001000000004,2348900.0,28.0,31900.0,106.83000200000001,8601600.0,34.82,160300.0,28.206667,52800.0,30.780001000000002,839400.0,39.794998,270600.0,30.59,44300.0
2016-08-03,7.99,556000.0,129.649994,5010700.0,28.280001000000002,17700.0,19.379998999999998,7129100.0,23.25,134100.0,33.959998999999996,1915700.0,9.69,36429700.0,281.600006,865700.0,54.330002,34400.0,25.59,99700.0,29.15,21200.0,216.17999300000002,53993600.0,55.689999,704400.0,28.02,21900.0,107.190002,5883300.0,34.84,178700.0,28.24,54600.0,30.77,256300.0,39.825001,283200.0,30.59,30800.0
2016-08-04,8.1,619900.0,129.869995,4908100.0,28.030001000000002,24000.0,19.35,5468600.0,23.459999,33000.0,33.759997999999996,2278900.0,9.84,30240600.0,281.640015,968400.0,54.345001,15000.0,25.719998999999998,87300.0,29.299999,7000.0,216.41000400000001,46585500.0,55.810001,909300.0,28.129998999999998,49200.0,107.910004,3677700.0,34.919998,145800.0,28.413334000000003,90400.0,30.780001000000002,761800.0,40.09,81400.0,30.6,10300.0
2016-08-05,8.13,712700.0,127.550003,16205100.0,28.530001000000002,23100.0,18.709999,15087800.0,23.610001,45400.0,32.959998999999996,899500.0,9.86,30849000.0,284.359985,1411700.0,55.105,16600.0,25.84,58900.0,29.625,29000.0,218.17999300000002,71892200.0,55.790001000000004,596100.0,28.15,58600.0,108.120003,3678000.0,34.799999,94100.0,28.213333000000002,54000.0,30.77,2052200.0,39.66,231600.0,30.5,16800.0
2016-08-08,8.26,544300.0,127.440002,6773800.0,28.73,22200.0,18.74,6084200.0,23.32,85000.0,32.799999,1139800.0,10.1,28890900.0,284.420013,873100.0,54.959998999999996,34400.0,25.91,30400.0,29.785,27600.0,218.05000299999998,39906500.0,55.869999,397300.0,28.35,31000.0,108.720001,4943700.0,34.830002,87000.0,28.346666,27000.0,30.780001000000002,485100.0,39.73,109800.0,30.51,15300.0
2016-08-09,8.24,312900.0,127.959999,7500400.0,28.66,27200.0,18.870001000000002,4754400.0,23.16,27400.0,31.32,2012200.0,10.07,25742400.0,284.320007,749900.0,54.990002000000004,54400.0,26.139999,423000.0,30.07,813400.0,218.17999300000002,51251700.0,56.02,707400.0,28.42,292400.0,109.08000200000001,2729400.0,34.900002,602400.0,28.646666999999997,52600.0,30.77,419500.0,40.099998,371600.0,30.540001,125400.0
2016-08-10,8.08,759700.0,128.559998,6196200.0,28.639999,17600.0,19.16,8651400.0,22.280001000000002,72500.0,30.719998999999998,1418000.0,9.77,31031800.0,283.47000099999997,1060200.0,54.715,19600.0,26.209999,22600.0,29.99,489000.0,217.63999900000002,57941100.0,56.16,2041900.0,28.530001000000002,193300.0,109.050003,1970100.0,34.900002,216900.0,28.713333000000002,43200.0,30.780001000000002,478400.0,40.279999,114600.0,30.57,35500.0
2016-08-11,8.38,365800.0,127.66999799999999,9763800.0,28.549999,16800.0,18.959999,8105400.0,23.280001000000002,68800.0,30.4,1797500.0,10.21,31570400.0,284.130005,1154600.0,55.005001,30400.0,26.4,46500.0,30.355,15000.0,218.649994,72504300.0,56.110001000000004,746400.0,28.67,252100.0,109.230003,1968000.0,34.869999,138800.0,28.6,19300.0,30.780001000000002,324500.0,39.895,255800.0,30.5,34400.0
2016-08-12,8.56,170000.0,127.400002,15395800.0,28.700001,91100.0,18.719998999999998,9836800.0,23.65,35300.0,30.92,1382000.0,10.5,31930100.0,283.630005,840600.0,54.875,29200.0,26.360001,26600.0,30.41,56000.0,218.460007,61313500.0,56.099998,288000.0,28.450001,441500.0,109.349998,1813500.0,34.950001,537500.0,28.673334000000004,22500.0,30.82,230000.0,40.240002000000004,337000.0,30.549999,13800.0
2016-08-15,8.74,260400.0,127.839996,4530800.0,29.1,38400.0,18.83,4449000.0,24.09,183500.0,30.92,1518200.0,10.76,33965200.0,285.76001,898800.0,55.435001,34400.0,26.459999,52700.0,30.674999,23000.0,219.08999599999999,49813500.0,56.009997999999996,495400.0,28.66,226400.0,109.650002,1752300.0,34.919998,508100.0,28.6,20700.0,30.799999,415200.0,39.875,272400.0,30.540001,33800.0
2016-08-16,8.87,214100.0,128.470001,8678100.0,29.139999,14300.0,18.82,9691800.0,24.389999,45400.0,31.32,1983200.0,10.92,34193800.0,283.019989,916800.0,54.970001,21800.0,26.4,22900.0,30.504998999999998,69000.0,217.960007,53213600.0,55.990002000000004,840100.0,28.639999,54700.0,109.32,3955200.0,34.900002,418100.0,28.573334000000003,18000.0,30.790001,351400.0,39.759997999999996,63400.0,30.52,125600.0
2016-08-17,8.94,605600.0,128.5,12034800.0,29.34,30200.0,18.68,14618300.0,24.99,134400.0,31.280001000000002,2002500.0,10.99,33402600.0,282.51001,1122800.0,54.834998999999996,105000.0,26.379998999999998,59600.0,30.4,36000.0,218.36999500000002,75134300.0,56.040001000000004,366600.0,28.58,90200.0,109.5,1620900.0,34.900002,194200.0,28.666665999999996,24600.0,30.799999,220600.0,39.990002000000004,171000.0,30.52,152800.0
2016-08-18,9.14,493600.0,129.110001,9500600.0,29.5,48800.0,18.77,6257200.0,25.440001000000002,37400.0,31.92,1563900.0,11.3,58903400.0,284.450012,1290400.0,55.275002,12600.0,26.52,26000.0,30.575001,21400.0,218.86000099999998,52989300.0,56.099998,376300.0,28.59,125600.0,109.91999799999999,1670700.0,34.990002000000004,150600.0,28.746665999999998,24900.0,30.809998999999998,296400.0,40.060001,175000.0,30.559998999999998,7900.0
2016-08-19,9.13,406100.0,127.970001,10660100.0,29.4,45800.0,18.35,11493400.0,25.67,100800.0,30.719998999999998,1103900.0,11.34,30987000.0,284.52999900000003,828600.0,55.275002,26600.0,26.33,43600.0,30.43,16600.0,218.539993,75443000.0,56.0,398900.0,28.540001,1126700.0,109.620003,1558200.0,34.900002,103500.0,28.646666999999997,26200.0,30.82,486300.0,39.855,753800.0,30.530001000000002,17300.0
2016-08-22,8.88,791300.0,127.779999,8627200.0,29.33,35300.0,17.969998999999998,12279000.0,25.190001000000002,66000.0,31.719998999999998,1055100.0,10.97,24924100.0,284.799988,628300.0,55.400002,14400.0,26.33,79700.0,30.004998999999998,41200.0,218.52999900000003,61368800.0,56.080002,445100.0,28.41,106500.0,109.379997,1470300.0,34.91,146300.0,28.846666,43200.0,30.799999,274400.0,40.16,110600.0,30.540001,7700.0
2016-08-23,8.99,661800.0,127.760002,9038500.0,28.98,34000.0,17.93,8261100.0,25.52,63800.0,32.759997999999996,1607600.0,11.09,47774500.0,286.209991,1701300.0,55.799999,53000.0,26.450001,29700.0,30.025,37200.0,218.97000099999997,53399200.0,56.16,472600.0,28.26,107800.0,109.860001,1698300.0,34.970001,130900.0,28.906665999999998,22000.0,30.799999,318600.0,40.235001000000004,78400.0,30.51,6800.0
2016-08-24,8.81,491400.0,126.339996,13539700.0,28.82,32400.0,17.620001000000002,11820300.0,25.15,38700.0,33.200001,1872000.0,10.82,29804500.0,284.77999900000003,1014800.0,55.43,14200.0,26.370001000000002,33700.0,30.014999,18400.0,217.850006,71728900.0,56.09,534700.0,28.16,45500.0,109.529999,1399500.0,34.970001,135800.0,28.906665999999998,40600.0,30.809998999999998,252400.0,40.110001000000004,99400.0,30.530001000000002,21600.0
2016-08-25,8.91,198200.0,126.230003,5926300.0,28.290001,71900.0,17.629998999999998,6661500.0,25.540001,24400.0,33.84,1455600.0,10.95,23730900.0,285.170013,949800.0,55.5,14000.0,26.290001,51500.0,29.940001000000002,17200.0,217.69999700000002,69224800.0,56.09,599300.0,28.24,116900.0,109.589996,1859400.0,34.939999,171500.0,28.793333,24300.0,30.790001,305000.0,39.950001,77600.0,30.52,30000.0
2016-08-26,8.94,191500.0,126.050003,17967700.0,27.620001000000002,167600.0,17.719998999999998,16056800.0,25.51,26500.0,34.0,1548700.0,10.95,26286500.0,284.070007,1232000.0,55.470001,21200.0,26.110001,65700.0,29.725,16000.0,217.289993,122506300.0,56.040001000000004,524000.0,28.110001,114400.0,109.620003,1625700.0,34.82,154400.0,28.746665999999998,19800.0,30.76,1016500.0,39.755001,95800.0,30.469998999999998,523900.0
2016-08-29,8.84,216200.0,126.300003,5562400.0,27.23,104400.0,17.9,6200800.0,25.049999,65100.0,34.040001000000004,1043800.0,10.85,24792500.0,286.269989,1980100.0,55.790001000000004,27000.0,26.18,51100.0,30.09,22000.0,218.36000099999998,70502200.0,56.130001,407900.0,28.17,49000.0,110.190002,2565000.0,34.950001,105000.0,29.046667,24400.0,30.75,251300.0,40.244999,203600.0,30.5,12800.0
2016-08-30,8.74,202000.0,125.029999,9877000.0,26.83,56500.0,17.67,10113900.0,24.66,37900.0,33.32,1042400.0,10.73,27491800.0,286.190002,662300.0,55.84,32000.0,26.15,58800.0,29.955,13200.0,218.0,58114500.0,56.18,869300.0,28.09,32600.0,110.160004,1572600.0,34.939999,393400.0,28.933332,29200.0,30.790001,328700.0,40.105,52400.0,30.469998999999998,29600.0
2016-08-31,8.43,1379600.0,124.779999,13324100.0,26.67,42100.0,17.719998999999998,4347300.0,24.01,82300.0,33.799999,1245900.0,10.36,30520000.0,285.079987,1038100.0,55.580002,18800.0,26.07,50700.0,29.674999,20400.0,217.38000499999998,85269500.0,56.09,822700.0,28.01,123100.0,109.620003,6321300.0,34.900002,248200.0,28.933332,87700.0,30.77,668800.0,40.145,48800.0,30.49,28200.0
2016-09-01,8.22,494900.0,125.290001,12877700.0,27.110001,21800.0,17.940001000000002,11186400.0,22.93,235500.0,32.959998999999996,1284600.0,10.06,59055100.0,284.950012,884400.0,55.34,13600.0,26.25,46500.0,29.844998999999998,17200.0,217.38999900000002,97844200.0,55.98,1044600.0,27.99,93500.0,109.32,3103800.0,34.84,438600.0,28.780001000000002,37300.0,30.74,317100.0,40.115002000000004,213200.0,30.48,14600.0
2016-09-02,8.36,470700.0,126.57,11318600.0,27.49,67000.0,18.440001000000002,12220700.0,23.139999,54400.0,32.799999,631800.0,10.24,37178500.0,287.890015,1834000.0,56.240002000000004,10600.0,26.57,44300.0,30.305,23000.0,218.36999500000002,79293900.0,55.880001,813900.0,28.1,48100.0,109.91999799999999,3208800.0,34.82,161200.0,28.713333000000002,98500.0,30.73,443200.0,39.794998,113200.0,30.48,10700.0
2016-09-06,8.49,397100.0,128.71000700000002,15115300.0,27.48,38900.0,19.049999,15730200.0,23.59,55400.0,32.0,1491900.0,10.39,33638100.0,287.269989,777800.0,56.09,41000.0,26.76,82600.0,30.905001000000002,35000.0,219.02999900000003,56702100.0,55.970001,668900.0,28.530001000000002,129000.0,110.040001,3066600.0,34.93,142900.0,28.866667,39900.0,30.780001000000002,248400.0,40.095001,172600.0,30.530001000000002,16500.0
2016-09-07,8.62,403100.0,128.270004,8859800.0,27.99,40500.0,18.780001000000002,7417600.0,24.120001000000002,193300.0,31.559998999999998,1759100.0,10.52,35656800.0,288.350006,912600.0,56.555,36000.0,26.790001,42700.0,30.825001,21600.0,219.00999500000003,76554900.0,56.110001000000004,757800.0,28.49,109500.0,109.83000200000001,1684500.0,34.93,119700.0,28.84,45300.0,30.780001000000002,418100.0,40.099998,95000.0,30.530001000000002,10000.0
2016-09-08,8.96,1178300.0,127.589996,10561800.0,28.18,39500.0,18.620001000000002,8352100.0,25.219998999999998,70700.0,32.959998999999996,1999900.0,10.96,54297200.0,287.0,817500.0,56.334998999999996,21400.0,26.709999,52200.0,30.785,23800.0,218.50999500000003,74102900.0,55.91,653000.0,28.43,82600.0,109.589996,2150700.0,34.830002,149600.0,28.433332,43500.0,30.719998999999998,1084000.0,39.605,113600.0,30.48,7700.0
2016-09-09,8.63,728900.0,126.75,12485600.0,28.27,30700.0,18.110001,12606600.0,24.469998999999998,38100.0,32.84,798600.0,10.59,28882800.0,278.549988,2624600.0,54.66,34400.0,26.18,109500.0,29.93,55000.0,213.27999900000003,221589100.0,55.700001,915700.0,28.030001000000002,147900.0,108.449997,3912300.0,34.68,702500.0,28.093334000000002,138100.0,30.74,1344500.0,38.974998,419200.0,30.469998999999998,5100.0
2016-09-12,8.66,277900.0,126.589996,11140300.0,28.200001,44100.0,18.17,11561100.0,24.82,26800.0,34.080002,1549300.0,10.64,26830900.0,281.899994,1652000.0,55.27,30400.0,26.35,62000.0,30.125,54400.0,216.33999599999999,168110900.0,55.610001000000004,536300.0,28.15,65600.0,108.809998,5471400.0,34.73,150900.0,28.193333000000003,36300.0,30.700001,558100.0,38.990002000000004,157200.0,30.459999,126600.0
2016-09-13,8.49,519600.0,125.75,8866400.0,27.440001000000002,37300.0,17.93,8803600.0,24.6,42000.0,34.119999,725400.0,10.37,38346600.0,276.77999900000003,2946200.0,54.34,27600.0,25.809998999999998,209400.0,29.445,892200.0,213.229996,182828800.0,55.490002000000004,875200.0,27.790001,41800.0,108.029999,6517200.0,34.66,753300.0,27.860001,104700.0,30.709999,561600.0,38.59,281200.0,30.459999,78800.0
2016-09-14,8.27,254500.0,126.18,5820700.0,27.51,40100.0,18.02,4763000.0,24.459999,26400.0,34.040001000000004,1131100.0,10.09,53903600.0,276.0,1065900.0,54.060001,20600.0,25.790001,46500.0,29.605,173600.0,213.149994,134185500.0,55.560001,482300.0,27.9,28300.0,107.940002,6080100.0,34.720001,264200.0,27.84,29800.0,30.719998999999998,491100.0,38.700001,65400.0,30.459999,36000.0
2016-09-15,8.35,388500.0,125.370003,12790400.0,27.4,21400.0,18.040001,8193200.0,25.49,88000.0,34.279999,998000.0,10.14,37908400.0,278.859985,749800.0,54.720001,22400.0,26.02,65000.0,30.01,57800.0,215.27999900000003,134427900.0,55.5,453500.0,28.0,170500.0,108.510002,3418200.0,34.740002000000004,155600.0,27.92,36900.0,30.73,406800.0,38.5,201200.0,30.51,5300.0
2016-09-16,8.25,354300.0,125.059998,18995100.0,28.0,73100.0,17.860001,8058800.0,26.299999,133900.0,34.68,948600.0,10.0,39046900.0,276.369995,1397700.0,54.48,26200.0,25.709999,54000.0,29.825001,16000.0,213.36999500000002,155236400.0,55.560001,2058500.0,27.83,13500.0,108.41999799999999,2909400.0,34.73,466300.0,28.026667,41700.0,30.719998999999998,365700.0,38.755001,55000.0,30.49,6000.0
2016-09-19,8.23,124800.0,125.32,4959600.0,28.17,225300.0,18.200001,5498400.0,25.59,74200.0,34.48,721300.0,9.98,45791300.0,278.420013,622800.0,54.735001000000004,24400.0,25.879998999999998,53600.0,29.934998999999998,62400.0,213.41000400000001,80250500.0,55.549999,970600.0,27.9,22200.0,108.540001,3138000.0,34.73,115500.0,27.993334,15300.0,30.709999,231700.0,38.639998999999996,60800.0,30.459999,5700.0
2016-09-20,8.27,277600.0,125.440002,5672000.0,28.440001000000002,170800.0,18.27,3053000.0,25.17,51700.0,35.799999,1310600.0,10.07,44729900.0,277.049988,606400.0,54.865002000000004,19400.0,26.030001000000002,77700.0,29.969998999999998,32600.0,213.419998,69665300.0,55.639998999999996,489100.0,27.959999,42200.0,108.480003,3384900.0,34.73,171500.0,28.066668,13300.0,30.700001,412500.0,38.755001,99000.0,30.48,7400.0
2016-09-21,8.47,215800.0,127.269997,13646400.0,28.299999,50900.0,18.85,17296300.0,25.940001000000002,76400.0,35.959998999999996,967000.0,10.4,44116600.0,280.75,2278000.0,55.380001,20400.0,26.469998999999998,82200.0,30.67,28600.0,215.82000699999998,110284400.0,55.759997999999996,584100.0,28.299999,72800.0,109.349998,5619300.0,34.790001000000004,361800.0,28.333334000000004,35200.0,30.74,609800.0,39.075001,182600.0,30.43,106800.0
2016-09-22,8.59,275700.0,127.57,15188000.0,28.16,56400.0,18.9,9240800.0,26.049999,28900.0,35.0,1502200.0,10.53,53465000.0,284.059998,1894200.0,56.349998,116800.0,26.76,53700.0,30.91,23400.0,217.17999300000002,76678700.0,55.950001,654000.0,28.309998999999998,31800.0,109.769997,4083900.0,34.869999,255900.0,28.533333000000002,201000.0,30.73,674900.0,39.369999,235800.0,30.459999,21200.0
2016-09-23,8.32,301900.0,127.650002,7702300.0,27.799999,43700.0,18.68,6948800.0,25.709999,24000.0,34.759997999999996,927000.0,10.19,51458800.0,281.809998,1391200.0,55.93,114400.0,26.51,43200.0,30.57,27400.0,215.99000499999997,73630900.0,55.919998,472900.0,28.24,40700.0,109.529999,6030900.0,34.849998,84500.0,28.559998999999998,224500.0,30.73,454000.0,39.330002,53800.0,30.48,7700.0
2016-09-26,8.5,236000.0,127.550003,5842700.0,27.370001000000002,61400.0,18.41,6701000.0,26.1,39500.0,35.119999,727700.0,10.43,42778100.0,280.339996,746600.0,55.375,30600.0,26.26,38700.0,30.16,14800.0,214.24000499999997,89827300.0,56.029999,519000.0,28.200001,37600.0,109.050003,2306100.0,34.900002,112600.0,28.58,26100.0,30.75,1286200.0,39.535,177400.0,30.51,21800.0
2016-09-27,8.28,603000.0,126.620003,6220700.0,27.719998999999998,34400.0,18.17,7780300.0,25.85,27000.0,34.919998,648700.0,10.15,55523700.0,280.619995,748100.0,55.294998,19400.0,26.370001000000002,21100.0,30.485001,138800.0,215.57000699999998,78494800.0,56.099998,576000.0,28.370001000000002,29900.0,109.470001,2391300.0,34.91,159900.0,28.706667,20100.0,30.75,1290700.0,39.830002,59000.0,30.559998999999998,398700.0
2016-09-28,8.66,977400.0,126.220001,6757700.0,27.540001,34300.0,18.209999,6993400.0,27.08,68700.0,34.439999,1137500.0,10.65,93841600.0,282.98999,783500.0,55.880001,16400.0,26.58,90000.0,30.775,14400.0,216.63999900000002,87411000.0,56.099998,528300.0,28.42,37900.0,110.190002,4127700.0,34.900002,170900.0,28.673334000000004,21600.0,30.76,236700.0,39.759997999999996,30400.0,30.5,66600.0
2016-09-29,8.82,278000.0,126.07,7448400.0,27.48,37300.0,18.110001,5776900.0,27.379998999999998,51300.0,34.040001000000004,1334100.0,10.87,63255900.0,279.839996,1144700.0,55.349998,14800.0,26.34,82200.0,30.225,15000.0,214.67999300000002,128070600.0,56.110001000000004,658800.0,28.26,47100.0,109.68,4680600.0,34.900002,129800.0,28.700001,36100.0,30.74,1022100.0,39.849998,48800.0,30.57,62000.0
2016-09-30,8.87,464700.0,125.639999,11204300.0,27.809998999999998,88900.0,18.200001,11583000.0,27.6,35400.0,33.439999,1498900.0,10.93,43621300.0,282.269989,1346500.0,55.77,18800.0,26.469998999999998,46900.0,30.290001,62800.0,216.30000299999998,117202900.0,56.040001000000004,912100.0,28.33,63200.0,110.160004,3542400.0,34.91,213100.0,28.593334000000002,185700.0,30.77,760700.0,39.529999,228600.0,30.549999,171100.0
2016-10-03,9.01,379200.0,125.32,9044100.0,28.33,229100.0,17.870001000000002,18044600.0,27.879998999999998,111300.0,33.360001000000004,1107300.0,11.1,37672500.0,280.209991,2164700.0,55.564999,24600.0,26.450001,156700.0,30.540001,570600.0,215.77999900000003,83512100.0,55.779999,1126400.0,28.42,46700.0,109.620003,4889100.0,34.740002000000004,108500.0,28.333334000000004,43800.0,30.690001000000002,436000.0,39.32,450400.0,30.5,90300.0
2016-10-04,9.03,186700.0,120.970001,24372700.0,28.23,56600.0,16.940001000000002,27964600.0,28.42,68500.0,34.0,1260100.0,11.09,58343500.0,278.869995,1566400.0,55.334998999999996,35400.0,26.32,42200.0,30.27,18600.0,214.67999300000002,119948100.0,55.75,950700.0,28.25,34500.0,109.5,3761100.0,34.700001,1936400.0,28.219998999999998,793300.0,30.65,1325500.0,38.915001000000004,350200.0,30.459999,57500.0
2016-10-05,9.17,964800.0,120.779999,14718100.0,28.33,69000.0,16.85,18165800.0,28.18,45800.0,34.720001,1607300.0,11.35,46603300.0,280.269989,1304100.0,55.639998999999996,181400.0,26.469998999999998,23200.0,30.76,28000.0,215.63000499999998,72816000.0,55.630001,760100.0,28.27,18500.0,109.800003,3418200.0,34.689999,614600.0,28.1,139800.0,30.67,351300.0,38.73,128400.0,30.440001000000002,22200.0
2016-10-06,9.3,464000.0,119.660004,17917700.0,27.969998999999998,51200.0,16.440001000000002,18475600.0,28.469998999999998,57000.0,34.84,2142700.0,11.51,42598800.0,280.859985,662800.0,55.654999,23600.0,26.34,76600.0,30.674999,13000.0,215.77999900000003,62927400.0,55.619999,556100.0,28.23,14700.0,109.800003,2583600.0,34.66,411400.0,28.106666999999998,6900.0,30.66,1031000.0,38.505001,86200.0,30.41,14800.0
2016-10-07,9.16,461600.0,119.739998,17907300.0,27.860001,44200.0,16.6,20243100.0,28.049999,28300.0,36.52,2675600.0,11.33,54470000.0,278.799988,547100.0,55.224998,21800.0,26.200001,68800.0,30.514999,24600.0,215.039993,89788300.0,55.580002,396600.0,28.27,24500.0,110.040001,2973000.0,34.700001,109000.0,28.193333000000003,11500.0,30.66,285200.0,38.529999,94600.0,30.4,7300.0
2016-10-10,9.4,556500.0,120.160004,4514400.0,28.1,36000.0,16.73,8438000.0,28.25,22300.0,37.439999,1980000.0,11.67,52216200.0,281.140015,1144500.0,55.73,13600.0,26.290001,127100.0,30.844998999999998,12400.0,216.16000400000001,51855000.0,55.470001,399700.0,28.290001,37000.0,110.459999,1242600.0,34.68,89900.0,28.093334000000002,37800.0,30.66,279900.0,38.314999,73400.0,30.42,383400.0
2016-10-11,9.32,550000.0,119.550003,6065300.0,28.200001,54100.0,16.559998999999998,7212900.0,28.16,20300.0,36.959998999999996,2467900.0,11.58,61357600.0,276.5,3430400.0,54.895,295600.0,25.9,1636300.0,30.225,133000.0,213.42999300000002,130367400.0,55.509997999999996,549300.0,28.08,15900.0,109.83000200000001,4170900.0,34.669998,138600.0,28.02,178800.0,30.639999,622700.0,38.240002000000004,159000.0,30.41,26200.0
2016-10-12,9.22,422400.0,119.739998,4848600.0,27.6,76200.0,16.65,6304100.0,27.450001,20400.0,36.84,1246000.0,11.43,46290300.0,277.579987,808100.0,54.935001,29400.0,25.889999,58600.0,30.24,199600.0,213.710007,73866100.0,55.450001,507400.0,28.01,27500.0,109.739998,2309700.0,34.689999,289400.0,28.059998999999998,87600.0,30.639999,376800.0,38.259997999999996,104200.0,30.4,51000.0
2016-10-13,9.25,641600.0,120.029999,7184600.0,28.559998999999998,98400.0,16.610001,6259400.0,28.02,18800.0,38.240002000000004,2476200.0,11.49,61376900.0,276.480011,970400.0,54.43,15000.0,25.799999,63200.0,29.975,21800.0,213.00999500000003,101357000.0,55.560001,513300.0,28.02,69300.0,109.589996,5159700.0,34.700001,632900.0,28.219998999999998,60000.0,30.65,318600.0,38.400002,40800.0,30.42,25400.0
2016-10-14,9.23,248000.0,119.360001,6577300.0,28.77,170500.0,16.559998999999998,8324400.0,28.389999,22000.0,37.720001,1355900.0,11.44,53206600.0,276.339996,1205100.0,54.355,11000.0,25.84,38300.0,30.025,17000.0,213.11999500000002,93346200.0,55.400002,406700.0,28.040001,28800.0,109.739998,2246700.0,34.669998,123200.0,27.953333,24000.0,30.67,327500.0,37.91,137400.0,30.42,14000.0
2016-10-17,9.17,173300.0,119.68,4777900.0,29.110001,450900.0,16.57,3556900.0,28.33,19000.0,37.400002,961200.0,11.37,36033900.0,276.209991,1099300.0,54.205002,28000.0,25.77,92700.0,29.969998999999998,15400.0,212.38000499999998,58275700.0,55.439999,444400.0,27.969998999999998,22400.0,109.709999,3190500.0,34.700001,419500.0,28.120001000000002,19200.0,30.700001,248000.0,38.145,171600.0,30.440001000000002,5200.0
2016-10-18,9.24,158100.0,120.41999799999999,4919700.0,28.98,203300.0,16.719998999999998,8172900.0,28.41,15100.0,37.560001,581700.0,11.45,38406200.0,277.72000099999997,955600.0,54.349998,28200.0,26.059998999999998,64900.0,30.514999,18000.0,213.710007,76869700.0,55.509997999999996,814200.0,28.059998999999998,57900.0,110.07,2202300.0,34.779999,776700.0,28.16,87700.0,30.709999,312600.0,38.25,89800.0,30.450001,52600.0
2016-10-19,9.38,503400.0,121.110001,6019800.0,29.280001000000002,108500.0,16.790001,8595600.0,28.51,24500.0,36.959998999999996,965700.0,11.66,48222300.0,279.0,1477700.0,54.674999,9000.0,26.139999,29200.0,30.684998999999998,26200.0,214.27999900000003,66519200.0,55.540001000000004,508000.0,28.309998999999998,51000.0,110.43,1716000.0,34.810001,202700.0,28.253334000000002,12000.0,30.709999,260400.0,38.275002,81400.0,30.459999,12500.0
2016-10-20,9.22,134500.0,120.739998,6496700.0,28.860001,140300.0,16.639999,7043000.0,28.26,17900.0,36.880001,1157400.0,11.43,45205200.0,277.910004,676400.0,54.255001,74000.0,26.139999,49400.0,30.59,49400.0,213.88000499999998,73639800.0,55.57,540900.0,28.24,116900.0,110.400002,2929500.0,34.799999,203400.0,28.299999,97600.0,30.709999,1304500.0,38.334998999999996,61200.0,30.450001,21600.0
2016-10-21,9.3,98100.0,120.83000200000001,6707800.0,28.99,39900.0,16.65,4149500.0,28.85,38000.0,35.959998999999996,1889200.0,11.48,39657300.0,277.76001,545700.0,54.049999,28600.0,26.07,42300.0,30.66,10800.0,213.979996,89089100.0,55.549999,749400.0,28.110001,29700.0,110.519997,2937000.0,34.810001,605800.0,28.32,26700.0,30.719998999999998,752700.0,38.415001000000004,56600.0,30.41,15200.0
2016-10-24,9.28,85100.0,120.559998,5481100.0,28.780001000000002,72300.0,16.700001,5794100.0,28.440001000000002,26300.0,35.639998999999996,1877400.0,11.43,50940300.0,279.040009,639800.0,54.615002000000004,25000.0,26.059998999999998,49100.0,30.73,12600.0,214.88999900000002,60146600.0,55.540001000000004,529900.0,28.27,32900.0,110.610001,1305300.0,34.790001000000004,176500.0,28.066668,19300.0,30.700001,355400.0,38.224998,37200.0,30.440001000000002,9500.0
2016-10-25,9.15,146300.0,121.470001,6141100.0,28.809998999999998,47000.0,16.860001,6575100.0,28.299999,21800.0,33.759997999999996,4174300.0,11.24,46612700.0,277.049988,893100.0,53.985001000000004,13400.0,26.02,116200.0,30.73,17400.0,214.169998,66542300.0,55.549999,517600.0,28.360001,138400.0,110.550003,2901000.0,34.790001000000004,169300.0,28.166665999999996,37800.0,30.690001000000002,268400.0,38.294998,125800.0,30.450001,59100.0
2016-10-26,9.01,788700.0,120.790001,3905900.0,29.33,30700.0,16.709999,5797200.0,28.139999,39500.0,32.759997999999996,4468400.0,11.09,57531500.0,275.559998,911100.0,53.52,15600.0,25.9,57700.0,30.450001,19600.0,213.74000499999997,75705500.0,55.439999,465200.0,28.17,42200.0,110.040001,2629200.0,34.740002000000004,138200.0,28.006666,36700.0,30.68,382900.0,38.060001,78600.0,30.43,6600.0
2016-10-27,9.11,195600.0,121.010002,4336000.0,29.52,127400.0,16.73,4059200.0,28.24,23100.0,32.84,3440300.0,11.21,24672900.0,273.350006,1121700.0,53.0,23200.0,25.879998999999998,80800.0,30.290001,38000.0,213.169998,77220200.0,55.209998999999996,714200.0,28.040001,61700.0,109.589996,4703100.0,34.66,118600.0,27.719998999999998,52800.0,30.66,253700.0,37.674999,189200.0,30.4,8500.0
2016-10-28,8.95,758400.0,121.58000200000001,11639900.0,29.23,23400.0,16.870001000000002,9811500.0,27.700001,7100.0,33.400002,1973500.0,11.01,28970400.0,272.799988,1435700.0,52.974998,38600.0,25.870001000000002,152700.0,30.15,26800.0,212.539993,140623200.0,55.23,757600.0,27.879998999999998,32800.0,109.110001,5435700.0,34.669998,134300.0,27.68,10800.0,30.68,354900.0,37.59,107400.0,30.440001000000002,11300.0
2016-10-31,8.57,192000.0,121.940002,7722100.0,29.26,85600.0,16.969998999999998,6060000.0,27.040001,55600.0,32.32,2025600.0,10.53,45276300.0,274.769989,1736500.0,53.299999,13000.0,25.870001000000002,449300.0,30.434998999999998,501600.0,212.55000299999998,61272500.0,55.279999,1109900.0,27.950001,63000.0,108.779999,10216200.0,34.66,167500.0,27.780001000000002,35100.0,30.709999,429100.0,37.794998,122800.0,30.440001000000002,19000.0
2016-11-01,8.6,210600.0,122.730003,13384300.0,28.790001,75100.0,17.41,12900400.0,28.26,372100.0,30.92,3984800.0,10.57,34298900.0,271.75,1997800.0,52.494999,38600.0,25.77,177800.0,30.115,20600.0,211.00999500000003,122781800.0,55.110001000000004,649100.0,27.870001000000002,47800.0,107.879997,4902900.0,34.619999,176400.0,27.573334000000003,74400.0,30.65,362900.0,37.740002000000004,622600.0,30.440001000000002,184700.0
2016-11-02,8.4,449100.0,123.639999,15692400.0,28.73,151600.0,17.559998999999998,10936900.0,27.67,36000.0,29.959999,2598300.0,10.28,49610200.0,269.109985,2041800.0,52.110001000000004,15000.0,25.610001,62800.0,29.875,17800.0,209.74000499999997,103330800.0,55.25,1162200.0,27.82,46400.0,107.25,8914800.0,34.619999,95500.0,27.58,52900.0,30.67,552500.0,37.884997999999996,368000.0,30.450001,21900.0
2016-11-03,8.25,380600.0,124.300003,10093100.0,28.709999,110600.0,17.42,7919800.0,27.129998999999998,15400.0,29.639999,2600100.0,10.08,39030600.0,268.630005,1656000.0,51.799999,20000.0,25.58,32800.0,29.674999,34000.0,208.779999,88939300.0,55.16,805900.0,27.83,91200.0,107.279999,3522000.0,34.610001000000004,87800.0,27.493334,22200.0,30.65,213600.0,37.66,299400.0,30.440001000000002,96800.0
2016-11-04,8.16,541900.0,124.389999,8594600.0,28.690001000000002,75900.0,17.459999,5672600.0,26.530001000000002,30600.0,29.879998999999998,1473900.0,9.98,55960200.0,269.070007,1207900.0,52.134997999999996,21400.0,25.379998999999998,119800.0,29.325001,22800.0,208.550003,109122100.0,55.209998999999996,503700.0,27.799999,106200.0,107.459999,4497900.0,34.66,113200.0,27.52,54000.0,30.68,504200.0,37.93,780800.0,30.469998999999998,21600.0
2016-11-07,8.31,1098600.0,122.150002,10015000.0,28.73,47500.0,17.290001,7077200.0,26.18,33100.0,30.360001,1396600.0,10.16,34318700.0,274.75,963200.0,53.349998,52800.0,25.719998999999998,49800.0,30.379998999999998,70800.0,213.149994,109794900.0,55.209998999999996,564100.0,27.879998999999998,60000.0,108.870003,5043600.0,34.59,277600.0,27.513334000000004,69300.0,30.67,645300.0,37.619999,236200.0,30.43,600000.0
2016-11-08,8.29,526900.0,121.639999,9480600.0,29.219998999999998,57900.0,17.4,11208500.0,26.139999,41800.0,28.040001,3470900.0,10.1,29229400.0,275.429993,1241600.0,53.68,32800.0,25.780001000000002,58700.0,30.465,18800.0,214.11000099999998,106772100.0,55.139998999999996,481800.0,28.07,41700.0,108.690002,6239100.0,34.580002,154700.0,27.540001,39900.0,30.629998999999998,13188700.0,37.439999,186400.0,30.389999,33300.0
2016-11-09,8.46,533800.0,121.559998,18236500.0,28.379998999999998,100600.0,17.450001,16732900.0,25.959999,188000.0,28.84,5620600.0,10.28,40174100.0,280.440002,2477600.0,55.154999,48000.0,25.75,94800.0,29.645,32400.0,216.38000499999998,258429000.0,54.799999,1188900.0,27.48,90200.0,107.970001,8153700.0,34.41,651000.0,26.719998999999998,84100.0,30.59,510700.0,35.950001,257600.0,30.309998999999998,308500.0
2016-11-10,8.28,465700.0,119.75,22268000.0,28.49,27300.0,17.559998999999998,17505800.0,25.459999,52400.0,28.559998999999998,3235600.0,10.04,34036000.0,281.690002,1946600.0,56.360001000000004,85800.0,25.68,161400.0,29.040001,912200.0,216.919998,172113300.0,54.580002,901500.0,25.91,41400.0,106.440002,8462400.0,34.330002,267900.0,26.733334000000003,138300.0,30.620001000000002,632100.0,35.465,383600.0,30.280001000000002,31800.0
2016-11-11,8.06,213600.0,117.099998,20381800.0,28.27,51000.0,16.469998999999998,50069500.0,24.709999,43500.0,28.24,2069600.0,9.77,48160800.0,284.47000099999997,1495800.0,57.709998999999996,28800.0,25.51,69100.0,28.4,54800.0,216.419998,100552700.0,54.5,513400.0,25.780001000000002,146500.0,105.389999,5082600.0,34.290001000000004,230900.0,26.52,42400.0,30.559998999999998,495600.0,35.290001000000004,378800.0,30.23,52200.0
2016-11-14,8.11,739700.0,116.110001,20729400.0,27.940001000000002,94500.0,16.0,28808400.0,24.469998999999998,79500.0,29.48,2417400.0,9.87,44873700.0,289.0,2015100.0,58.490002000000004,49000.0,25.379998999999998,128600.0,28.264999,30600.0,216.58999599999999,94580000.0,54.360001000000004,767800.0,26.120001000000002,248900.0,106.16999799999999,7860300.0,34.200001,701100.0,26.360001,93700.0,30.5,3615600.0,35.055,360800.0,30.17,36400.0
2016-11-15,8.47,504900.0,117.120003,9348600.0,28.27,32700.0,16.190001000000002,10305500.0,25.49,39600.0,29.040001,4841300.0,10.34,61884700.0,290.420013,1583300.0,58.689999,58800.0,25.51,114700.0,28.735001,134400.0,218.27999900000003,91652600.0,54.529999,2458200.0,26.280001000000002,132700.0,107.58000200000001,5826900.0,34.220001,297000.0,26.453333,63400.0,30.540001,775700.0,35.200001,266600.0,30.16,18300.0
2016-11-16,8.39,395400.0,116.769997,5486100.0,28.02,107900.0,16.09,7007800.0,25.059998999999998,21100.0,29.559998999999998,2588600.0,10.23,41288100.0,290.480011,1228300.0,58.779999,69600.0,25.290001,57000.0,28.514999,24800.0,217.86999500000002,65617700.0,54.470001,598800.0,26.139999,463700.0,107.160004,4323900.0,34.189999,693900.0,26.559998999999998,130000.0,30.540001,6572000.0,35.544998,144000.0,30.16,266800.0
2016-11-17,8.32,458900.0,116.16999799999999,10342300.0,28.280001000000002,15600.0,15.84,20976100.0,25.41,55700.0,28.959999,5397100.0,10.13,40356100.0,292.359985,1900500.0,59.060001,176800.0,25.48,53100.0,28.535,19400.0,218.99000499999997,69797200.0,54.450001,408400.0,26.08,193700.0,106.91999799999999,3639900.0,34.119999,310200.0,26.333334000000004,153100.0,30.530001000000002,234700.0,35.055,349400.0,30.139999,10900.0
2016-11-18,8.48,249100.0,115.150002,10444300.0,28.57,28900.0,15.73,9995800.0,25.49,13800.0,30.08,4396800.0,10.32,27769900.0,292.420013,1748400.0,59.334998999999996,150200.0,25.23,66700.0,28.395,23200.0,218.5,86265800.0,54.380001,607200.0,25.99,1041000.0,106.860001,4796700.0,34.02,924700.0,26.186666,23100.0,30.5,287700.0,34.93,104800.0,30.139999,28500.0
2016-11-21,8.87,267800.0,115.58000200000001,6654200.0,29.049999,64600.0,15.72,8420000.0,26.719998999999998,91100.0,31.16,5593300.0,10.77,42743200.0,294.429993,1437200.0,59.41,86200.0,25.42,105000.0,28.715,33800.0,220.149994,72402600.0,54.330002,1022700.0,26.16,147300.0,107.760002,3269100.0,33.959998999999996,1538000.0,26.200001,64800.0,30.51,586000.0,34.974998,94800.0,30.1,81100.0
2016-11-22,8.77,268200.0,115.540001,6391900.0,29.219998999999998,18600.0,15.8,6669200.0,26.77,29300.0,30.84,7615300.0,10.63,44315500.0,296.519989,1584100.0,60.349998,131200.0,25.52,31500.0,29.014999,52600.0,220.580002,67429000.0,54.540001000000004,1404800.0,26.209999,174400.0,108.57,5976600.0,34.02,543700.0,26.266665999999997,110500.0,30.530001000000002,656300.0,34.985001000000004,187800.0,30.129998999999998,23000.0
2016-11-23,8.8,219700.0,113.25,20982100.0,29.17,31900.0,15.52,12236300.0,27.139999,17400.0,31.719998999999998,9387700.0,10.67,26121200.0,297.829987,2128300.0,60.695,58600.0,25.43,57900.0,28.719998999999998,34000.0,220.69999700000002,56620200.0,54.419998,2030800.0,25.92,104500.0,108.089996,2626200.0,33.91,713100.0,26.139999,73800.0,30.49,284400.0,34.84,485800.0,30.08,39900.0
2016-11-25,8.54,135800.0,112.610001,5345900.0,29.209999,85400.0,15.63,4894600.0,26.379998999999998,15700.0,32.32,1760300.0,10.33,29733900.0,298.690002,327000.0,60.889998999999996,18200.0,25.49,96500.0,28.83,57400.0,221.520004,37872300.0,54.439999,452100.0,25.889999,12700.0,108.269997,740100.0,33.900002,154000.0,26.146667,5500.0,30.51,141300.0,34.875,65200.0,30.09,8500.0
2016-11-28,8.61,631500.0,113.800003,5655400.0,29.27,36600.0,15.77,6830100.0,26.74,16100.0,33.720001,7661600.0,10.44,58180100.0,296.519989,1979800.0,60.115002000000004,35000.0,25.389999,49100.0,28.959999,17600.0,220.479996,76572500.0,54.529999,1002800.0,26.1,309500.0,108.360001,7753800.0,33.990002000000004,286700.0,26.246665999999998,87300.0,30.530001000000002,639700.0,35.145,397600.0,30.120001000000002,33600.0
2016-11-29,8.32,274300.0,113.269997,7438600.0,28.610001,51000.0,15.78,4756500.0,26.25,28100.0,33.52,5327400.0,10.06,66923800.0,297.22000099999997,2056700.0,60.145,54200.0,25.530001000000002,72800.0,28.844998999999998,19600.0,220.91000400000001,69886700.0,54.66,624500.0,26.08,61700.0,108.150002,2670900.0,33.990002000000004,212000.0,26.333334000000004,112000.0,30.52,251100.0,35.259997999999996,271600.0,30.110001,19000.0
2016-11-30,9.0,805300.0,111.75,10925500.0,28.370001000000002,29800.0,15.66,8677100.0,28.07,77900.0,33.720001,5968600.0,10.93,110265700.0,296.429993,1472400.0,60.009997999999996,69200.0,25.52,166700.0,28.995001000000002,14800.0,220.38000499999998,113291800.0,54.529999,679300.0,26.09,123100.0,108.360001,3519300.0,33.919998,689900.0,26.133333,46800.0,30.540001,828000.0,34.740002000000004,88000.0,30.09,15600.0
2016-12-01,9.31,1133900.0,111.540001,10237000.0,28.07,38900.0,15.66,8477800.0,29.33,91300.0,35.439999,5988800.0,11.33,90865600.0,295.75,2366500.0,59.794998,61400.0,25.459999,91100.0,28.735001,16000.0,219.57000699999998,79040500.0,54.139998999999996,1166900.0,25.959999,59000.0,107.400002,5572200.0,33.799999,296700.0,25.993334,88900.0,30.48,268300.0,34.375,387000.0,30.02,13800.0
2016-12-02,9.43,1104900.0,112.139999,7416500.0,28.309998999999998,11200.0,15.83,8086300.0,29.51,33000.0,34.799999,7112000.0,11.48,38122300.0,295.98999,1109400.0,59.775002,42000.0,25.530001000000002,112100.0,28.74,24600.0,219.67999300000002,74840300.0,54.380001,958600.0,25.959999,102500.0,108.029999,4394100.0,33.860001000000004,587600.0,26.1,52300.0,30.5,274700.0,34.535,93400.0,30.059998999999998,18000.0
2016-12-05,9.4,663900.0,111.540001,10187900.0,28.969998999999998,59200.0,15.88,7198300.0,29.42,42300.0,36.16,5583700.0,11.35,45355700.0,299.25,1829900.0,60.779999,63400.0,25.75,119700.0,28.975,95600.0,221.0,67837800.0,54.330002,600300.0,26.08,99800.0,108.360001,3076800.0,33.91,350300.0,26.18,273000.0,30.51,289000.0,34.549999,110200.0,30.059998999999998,11000.0
2016-12-06,9.31,582200.0,111.43,5533700.0,29.030001000000002,34900.0,15.85,4646700.0,29.040001,25500.0,36.599998,6676800.0,11.29,30302200.0,302.23999,1512100.0,61.485001000000004,60800.0,25.950001,189300.0,29.110001,40400.0,221.69999700000002,59877400.0,54.16,824100.0,26.35,55800.0,108.779999,3642900.0,33.880001,161100.0,26.153334,69100.0,30.5,934900.0,34.535,70000.0,30.1,18000.0
2016-12-07,9.19,789200.0,111.83000200000001,4901800.0,28.93,127300.0,16.23,10080600.0,28.620001000000002,22700.0,36.040001000000004,9327000.0,11.09,42365200.0,305.700012,2633500.0,62.139998999999996,113800.0,26.299999,237000.0,29.504998999999998,56400.0,224.600006,110738100.0,54.32,547100.0,26.5,52200.0,109.470001,9339600.0,34.0,225100.0,26.42,41100.0,30.51,1345400.0,34.805,60200.0,30.110001,29100.0
2016-12-08,9.34,297400.0,111.57,5977800.0,28.57,76100.0,16.139999,5842600.0,28.549999,30100.0,37.48,7473100.0,11.31,32712100.0,309.089996,2201700.0,63.195,67000.0,26.299999,66300.0,29.59,34800.0,225.149994,99714400.0,54.240002000000004,582600.0,26.459999,84900.0,109.379997,3243300.0,33.939999,228800.0,26.153334,40600.0,30.51,709900.0,34.395,76400.0,30.110001,13600.0
2016-12-09,9.42,236500.0,110.400002,10507700.0,28.99,67300.0,15.97,7902300.0,28.719998999999998,19700.0,37.68,8152200.0,11.44,32887600.0,308.390015,2652200.0,63.325001,115800.0,26.389999,116700.0,29.504998999999998,250600.0,226.50999500000003,88005800.0,54.18,754100.0,26.379998999999998,102700.0,109.379997,1873200.0,33.889998999999996,199600.0,25.98,86500.0,30.52,536700.0,34.09,776800.0,30.07,15800.0
2016-12-12,9.58,1483800.0,110.82,6156700.0,29.02,32700.0,16.190001000000002,7346200.0,29.23,43600.0,35.360001000000004,4963600.0,11.62,52840100.0,306.640015,3053800.0,62.715,81400.0,26.290001,613100.0,29.25,166400.0,226.25,102016100.0,54.049999,1064200.0,26.610001,586400.0,109.260002,3794700.0,33.84,632300.0,25.973333,35800.0,30.52,614300.0,34.02,784600.0,30.08,30500.0
2016-12-13,9.67,509500.0,110.449997,7961600.0,29.040001,61200.0,16.040001,8206300.0,29.35,26000.0,34.880001,3974100.0,11.73,33284600.0,307.22000099999997,2682900.0,62.744999,40600.0,26.52,674800.0,29.555,35200.0,227.75999500000003,110477500.0,54.209998999999996,806600.0,26.58,95600.0,109.589996,2419200.0,33.849998,566200.0,26.073334,37800.0,30.48,597900.0,34.18,169400.0,30.040001,8500.0
2016-12-14,9.37,721300.0,108.83000200000001,12933600.0,29.0,51100.0,15.93,15846200.0,29.15,24100.0,35.880001,3826500.0,11.32,40786600.0,303.339996,1553000.0,61.93,47400.0,26.1,55200.0,28.795,51000.0,225.88000499999998,142501800.0,54.220001,770200.0,26.35,104000.0,108.660004,3688500.0,33.73,376200.0,25.946667,40000.0,30.459999,1741900.0,33.834998999999996,272000.0,29.959999,17500.0
2016-12-15,9.39,344700.0,107.339996,14427500.0,28.75,30200.0,15.18,22111100.0,29.35,23900.0,34.560001,5782800.0,11.36,36588500.0,304.679993,1246700.0,62.509997999999996,75600.0,26.040001,76100.0,28.885,73400.0,226.809998,124972600.0,54.209998999999996,1096200.0,26.18,68800.0,108.779999,2935500.0,33.669998,181100.0,26.059998999999998,209200.0,30.450001,645900.0,33.945,138400.0,29.93,25300.0
2016-12-16,9.55,274300.0,108.050003,10602800.0,28.889999,40600.0,15.27,8583300.0,29.620001000000002,56900.0,34.200001,3878900.0,11.55,34989800.0,302.929993,2235200.0,60.400002,85600.0,25.59,168000.0,28.379998999999998,62400.0,225.039993,156420200.0,54.32,643100.0,26.200001,35300.0,108.870003,3082800.0,33.68,442000.0,25.873333,41500.0,30.440001000000002,525100.0,33.875,235600.0,29.93,42700.0
2016-12-19,9.5,467300.0,108.589996,5339100.0,28.540001,58300.0,15.17,6794500.0,29.6,21200.0,34.279999,2999300.0,11.5,19235200.0,304.660004,1437300.0,60.869999,62600.0,25.57,136900.0,28.280001000000002,44000.0,225.52999900000003,90341100.0,54.5,600500.0,26.190001000000002,87300.0,109.260002,1596600.0,33.75,284500.0,26.126667,37200.0,30.459999,529500.0,34.255001,111600.0,29.98,17400.0
2016-12-20,9.58,372200.0,107.790001,7321100.0,28.16,50800.0,15.24,10749200.0,30.25,60400.0,33.279999,3952600.0,11.62,19031900.0,306.450012,836200.0,61.485001000000004,112000.0,25.68,93200.0,28.295,101200.0,226.399994,89838800.0,54.470001,837000.0,26.24,175300.0,109.32,3610500.0,33.75,193000.0,26.18,27600.0,30.48,1593500.0,34.07,1288200.0,29.959999,17400.0
2016-12-21,9.44,343600.0,107.849998,5188700.0,28.049999,35500.0,15.12,6061400.0,30.379998999999998,60700.0,36.0,6276900.0,11.44,23070300.0,305.059998,921400.0,61.134997999999996,90400.0,25.66,58000.0,28.23,36000.0,225.770004,67909000.0,54.5,715500.0,26.43,208500.0,109.559998,4170000.0,33.77,169900.0,26.299999,19600.0,30.5,455700.0,34.220001,340400.0,29.950001,21000.0
2016-12-22,9.47,368000.0,107.589996,4942800.0,27.809998999999998,43700.0,14.98,7322400.0,30.309998999999998,14200.0,35.52,6497200.0,11.46,18279200.0,303.23999,1167000.0,60.599998,177200.0,25.58,118100.0,28.004998999999998,50800.0,225.38000499999998,56219100.0,54.060001,668400.0,26.35,10100.0,109.709999,4394400.0,33.790001000000004,264700.0,26.313334,183000.0,30.51,2344600.0,34.174999,75600.0,30.0,10800.0
2016-12-23,9.55,81300.0,107.93,5012200.0,27.67,30300.0,14.91,7895700.0,30.610001,54700.0,36.720001,4114400.0,11.56,10602700.0,303.920013,825700.0,60.740002000000004,72600.0,25.639999,50000.0,28.075001,22400.0,225.710007,36697800.0,54.169998,620300.0,26.549999,136800.0,109.980003,1779600.0,33.810001,112100.0,26.433332,240400.0,30.51,319600.0,34.215,63000.0,29.98,80000.0
2016-12-27,9.69,208600.0,108.559998,3685500.0,28.549999,51400.0,15.13,5560400.0,31.23,40600.0,37.32,3250200.0,11.73,14143300.0,305.119995,581600.0,61.240002000000004,97000.0,25.610001,72100.0,28.25,31000.0,226.270004,42672500.0,54.16,849400.0,26.389999,106800.0,109.709999,1699800.0,33.790001000000004,455000.0,26.393333000000002,31000.0,30.5,716500.0,34.130001,65000.0,29.98,89800.0
2016-12-28,9.71,449800.0,108.860001,5091200.0,28.08,24100.0,15.2,5798200.0,31.51,23300.0,38.52,3073900.0,11.75,17743600.0,302.019989,832000.0,60.505001,94000.0,25.549999,71600.0,28.379998999999998,37600.0,224.399994,64095000.0,54.240002000000004,613200.0,26.459999,68700.0,109.050003,2816400.0,33.799999,187800.0,26.433332,38500.0,30.48,404900.0,34.259997999999996,133800.0,29.959999,58800.0
2016-12-29,9.67,339900.0,110.290001,7563900.0,28.120001000000002,188400.0,15.32,8179000.0,31.41,33600.0,38.0,3266900.0,11.72,16117100.0,302.910004,1674900.0,60.555,77400.0,25.629998999999998,121200.0,28.809998999999998,63800.0,224.350006,48696100.0,54.34,884000.0,26.42,120600.0,109.199997,1602300.0,33.84,209000.0,26.446666999999998,30000.0,30.5,456900.0,34.400002,126400.0,30.02,26400.0
2016-12-30,9.68,231400.0,109.610001,8873700.0,28.139999,70800.0,15.11,8564200.0,31.32,21900.0,37.360001000000004,2337000.0,11.72,14844300.0,301.730011,1951200.0,60.415001000000004,64000.0,25.700001,79300.0,28.639999,73200.0,223.52999900000003,108998300.0,54.290001000000004,600900.0,26.58,11500.0,109.349998,2252400.0,33.91,150000.0,26.58,25500.0,30.530001000000002,558300.0,34.445,495200.0,30.049999,90600.0
2017-01-03,9.46,292900.0,110.470001,7527400.0,28.209999,44600.0,15.44,11033700.0,30.629998999999998,77600.0,33.360001000000004,6446500.0,11.44,36183500.0,303.359985,2004900.0,60.764998999999996,74400.0,25.84,73500.0,28.934998999999998,90200.0,225.24000499999997,91366500.0,54.099998,1066900.0,26.280001000000002,140300.0,109.889999,5394600.0,33.919998,239200.0,26.559998999999998,190200.0,30.5,644700.0,34.580002,94600.0,30.030001000000002,68800.0
2017-01-04,9.57,233200.0,110.860001,4904100.0,28.700001,28000.0,15.58,6142900.0,30.780001000000002,17000.0,32.560001,2771500.0,11.58,18067800.0,308.160004,3109700.0,61.755001,123400.0,26.139999,169900.0,29.225,214200.0,226.580002,78744400.0,54.130001,897000.0,26.459999,33900.0,110.370003,4596900.0,33.970001,175200.0,26.780001000000002,40600.0,30.51,431800.0,34.724998,150400.0,30.049999,383300.0
2017-01-05,9.65,426600.0,112.58000200000001,9606800.0,28.93,35900.0,15.76,7785600.0,30.74,36300.0,33.040001000000004,6030200.0,11.7,21346700.0,305.73999,1293100.0,60.84,211400.0,26.42,685900.0,29.584999,57200.0,226.399994,78379000.0,54.09,1477100.0,26.690001000000002,129500.0,110.190002,6218400.0,34.049999,289000.0,26.940001000000002,90700.0,30.530001000000002,307100.0,35.240002000000004,379200.0,30.110001,25600.0
2017-01-06,9.64,279500.0,111.75,7686100.0,28.610001,37900.0,15.64,6097900.0,30.51,16500.0,32.68,2586200.0,11.68,15279600.0,305.450012,823100.0,60.494999,66200.0,26.32,127100.0,29.450001,50400.0,227.210007,71559900.0,53.950001,1511200.0,26.610001,111700.0,110.220001,3472200.0,33.959998999999996,165100.0,26.940001000000002,61900.0,30.52,315800.0,34.895,2329400.0,30.040001,301000.0
2017-01-09,9.35,745400.0,112.66999799999999,5674600.0,28.790001,39800.0,15.7,7288900.0,29.48,56800.0,31.16,3828300.0,11.31,20807600.0,303.52999900000003,971100.0,60.02,46400.0,26.27,49700.0,29.379998999999998,25000.0,226.460007,46939700.0,54.09,683100.0,26.66,97100.0,110.25,4212300.0,34.009997999999996,739800.0,26.9,55800.0,30.540001,774600.0,35.205002,135600.0,30.1,28600.0
2017-01-10,9.16,416200.0,113.150002,6093400.0,28.809998999999998,34900.0,15.91,7865100.0,28.99,41100.0,32.560001,4548600.0,11.07,23861600.0,305.5,1055000.0,60.555,108800.0,26.280001000000002,93400.0,29.575001,26200.0,226.460007,63771900.0,54.029999,937500.0,26.58,9900.0,110.309998,1882200.0,34.009997999999996,193700.0,27.006666,59100.0,30.530001000000002,297500.0,35.150002,95000.0,30.09,16000.0
2017-01-11,9.4,463600.0,113.5,9918700.0,28.610001,127100.0,15.87,7950600.0,29.99,96800.0,32.759997999999996,2381900.0,11.37,32067000.0,306.730011,1569300.0,60.689999,147600.0,26.450001,278100.0,29.92,102200.0,227.100006,74650000.0,54.130001,1309500.0,26.540001,53700.0,110.279999,2688600.0,34.02,3775500.0,26.879998999999998,74800.0,30.530001000000002,1014100.0,35.259997999999996,149400.0,30.110001,10300.0
2017-01-12,9.53,210200.0,113.910004,8457300.0,29.16,50800.0,15.91,6089600.0,30.299999,38400.0,33.599998,3882400.0,11.54,27338600.0,304.959991,1764600.0,60.139998999999996,241000.0,26.51,6783300.0,29.879998999999998,84200.0,226.52999900000003,72113200.0,54.09,1673900.0,26.73,17100.0,110.309998,2636700.0,34.02,1224100.0,26.826665999999996,102900.0,30.540001,272500.0,35.220001,415400.0,30.120001000000002,61600.0
2017-01-13,9.42,85300.0,114.209999,7261500.0,29.27,79000.0,15.94,5281200.0,30.280001000000002,29800.0,34.040001000000004,2229700.0,11.41,15809600.0,306.649994,1477400.0,60.525002,54600.0,26.59,1837600.0,29.865,17200.0,227.05000299999998,62717900.0,54.029999,1181900.0,26.77,65500.0,110.339996,1907100.0,34.009997999999996,205200.0,26.786666999999998,45700.0,30.549999,288200.0,35.029999,46000.0,30.09,61100.0
2017-01-17,9.43,331500.0,115.849998,9142400.0,29.85,180800.0,16.280001000000002,7882800.0,30.02,31000.0,33.799999,1566700.0,11.43,16989700.0,303.929993,1053600.0,59.755001,51600.0,26.530001000000002,1014600.0,29.879998999999998,38600.0,226.25,61240800.0,54.080002,1454100.0,27.059998999999998,8400.0,110.279999,2724000.0,34.09,806900.0,26.906665999999998,283000.0,30.540001,17735900.0,35.41,98400.0,30.120001000000002,91200.0
2017-01-18,9.21,228600.0,114.870003,6498100.0,29.84,171500.0,16.190001000000002,8199400.0,29.190001000000002,39700.0,33.16,2315100.0,11.16,30554400.0,305.179993,1184800.0,59.884997999999996,59600.0,26.4,369400.0,29.795,24400.0,226.75,54793300.0,54.029999,2632800.0,26.83,66200.0,110.339996,2062200.0,33.959998999999996,482900.0,26.706667,144000.0,30.540001,416700.0,34.945,84600.0,30.049999,7400.0
2017-01-19,9.22,248000.0,114.769997,6437000.0,29.75,43800.0,16.120001000000002,7699100.0,28.870001000000002,40100.0,33.119999,2269000.0,11.17,15742900.0,303.02999900000003,1147600.0,59.445,57800.0,26.360001,244700.0,29.75,35600.0,225.91000400000001,66608800.0,53.919998,1451400.0,26.780001000000002,21400.0,110.040001,2949600.0,33.919998,319500.0,26.593334000000002,169800.0,30.51,242800.0,34.740002000000004,184000.0,30.049999,15100.0
2017-01-20,9.4,209500.0,115.050003,12261500.0,29.950001,22500.0,16.190001000000002,8462400.0,29.43,21200.0,32.200001,3088300.0,11.39,26606900.0,304.579987,900500.0,59.66,53600.0,26.469998999999998,207900.0,29.799999,22400.0,226.74000499999997,129168600.0,53.849998,1225500.0,26.809998999999998,50200.0,110.25,4297800.0,33.939999,504100.0,26.5,26500.0,30.549999,272000.0,34.689999,155800.0,30.030001000000002,15500.0
2017-01-23,9.34,198100.0,115.790001,6373100.0,29.92,83800.0,16.290001,4206900.0,29.52,23400.0,32.759997999999996,2966700.0,11.32,14650700.0,303.809998,823200.0,59.5,51800.0,26.459999,547900.0,30.01,345800.0,226.149994,75061600.0,54.02,1237600.0,26.99,12100.0,110.279999,2262900.0,34.060001,192500.0,26.766665999999997,17800.0,30.59,265100.0,35.014998999999996,119600.0,30.129998999999998,27500.0
2017-01-24,9.38,264100.0,115.269997,5798800.0,29.530001000000002,69100.0,16.219998999999998,7348500.0,29.34,27100.0,33.119999,1719500.0,11.37,15367200.0,308.359985,2493100.0,60.450001,67600.0,26.610001,142900.0,30.280001000000002,78800.0,227.600006,95555300.0,53.919998,1663100.0,26.98,26200.0,110.519997,2284800.0,33.990002000000004,224600.0,26.586665999999997,20700.0,30.559998999999998,381500.0,34.764998999999996,30800.0,30.059998999999998,29900.0
2017-01-25,9.34,344600.0,114.32,6697500.0,29.559998999999998,81700.0,16.1,8319500.0,28.709999,57800.0,33.560001,1528100.0,11.31,19089800.0,310.97000099999997,1437700.0,61.044998,55400.0,26.860001,104100.0,30.575001,43600.0,229.57000699999998,84437700.0,53.73,922000.0,27.200001,98500.0,110.849998,3696000.0,33.93,462700.0,26.386667,20400.0,30.549999,203800.0,34.380001,104800.0,30.059998999999998,42800.0
2017-01-26,9.52,336600.0,113.260002,5390500.0,29.42,21300.0,15.93,5941800.0,28.92,51700.0,33.880001,3508600.0,11.53,21535500.0,309.929993,910700.0,60.654999,46400.0,26.77,70100.0,30.51,31800.0,229.330002,59970700.0,53.669998,1885800.0,27.0,34200.0,110.910004,4044000.0,33.990002000000004,1032600.0,26.446666999999998,21000.0,30.57,1095200.0,34.48,68200.0,30.059998999999998,14600.0
2017-01-27,9.41,221000.0,113.489998,6706600.0,29.290001,18000.0,16.219998999999998,8214100.0,28.549999,19400.0,33.759997999999996,2225600.0,11.4,19895300.0,308.320007,967800.0,60.419998,36400.0,26.719998999999998,94800.0,30.565001000000002,27800.0,228.97000099999997,59711100.0,53.75,928800.0,26.98,17100.0,111.0,2875200.0,34.0,169600.0,26.58,20200.0,30.57,342600.0,34.57,50000.0,30.09,23100.0
2017-01-30,9.32,227000.0,113.970001,7687800.0,28.709999,68900.0,16.23,6467700.0,28.280001000000002,107300.0,32.400002,2910400.0,11.28,16441600.0,305.670013,1510100.0,59.599998,50600.0,26.540001,75400.0,30.275,17000.0,227.55000299999998,79737300.0,53.66,2053800.0,27.18,68100.0,110.760002,2990100.0,33.959998999999996,162900.0,26.540001,20500.0,30.549999,821600.0,34.490002000000004,75800.0,30.08,19600.0
2017-01-31,9.35,249300.0,115.550003,10421900.0,28.889999,82000.0,16.629998999999998,11082300.0,28.629998999999998,39600.0,31.440001000000002,2593500.0,11.32,19187000.0,306.700012,1593500.0,60.040001000000004,84200.0,26.620001000000002,104700.0,30.334999,37200.0,227.52999900000003,75880800.0,53.759997999999996,4451500.0,27.27,48200.0,110.730003,3514800.0,34.060001,177500.0,26.626666999999998,7500.0,30.59,3949200.0,34.705002,98400.0,30.1,7500.0
2017-02-01,9.48,334200.0,115.199997,6932900.0,29.59,61100.0,16.610001,7615200.0,29.16,43700.0,31.6,2004500.0,11.48,20131300.0,305.809998,1981000.0,60.0,60000.0,26.719998999999998,100400.0,30.469998999999998,44200.0,227.61999500000002,79117700.0,53.66,1381600.0,27.27,8000.0,110.459999,3657600.0,33.959998999999996,197800.0,26.433332,22000.0,30.530001000000002,580100.0,34.445,91800.0,30.09,25200.0
2017-02-02,9.51,137700.0,115.839996,7189500.0,29.540001,36100.0,16.559998999999998,5407900.0,28.42,44200.0,31.799999,1950100.0,11.51,19759600.0,306.160004,1372800.0,59.639998999999996,70000.0,26.76,76000.0,30.625,27400.0,227.770004,69657600.0,53.66,1626500.0,27.450001,15600.0,110.400002,4780200.0,33.959998999999996,371600.0,26.406665999999998,12000.0,30.540001,792700.0,34.415001000000004,29800.0,30.059998999999998,16900.0
2017-02-03,9.53,128200.0,116.129997,9455500.0,29.299999,36000.0,16.57,5402500.0,28.77,22400.0,30.68,2356900.0,11.54,20923400.0,310.190002,1251700.0,60.650002,78800.0,26.85,92200.0,30.795,28800.0,229.33999599999999,80563200.0,53.68,1206700.0,27.59,11500.0,110.639999,3026700.0,33.98,287700.0,26.393333000000002,13500.0,30.549999,1584200.0,34.369999,273400.0,30.07,5000.0
2017-02-06,9.4,97600.0,117.699997,8547800.0,29.26,25500.0,16.82,6729300.0,27.92,37500.0,30.52,2154800.0,11.38,24406200.0,308.859985,921100.0,60.125,62200.0,26.67,82400.0,30.790001,33800.0,228.92999300000002,57790100.0,53.630001,843100.0,27.59,7100.0,110.459999,2766900.0,34.07,2392300.0,26.540001,20100.0,30.58,2521500.0,34.639998999999996,92000.0,30.120001000000002,637400.0
2017-02-07,9.26,207500.0,117.459999,8621000.0,29.620001000000002,13700.0,16.790001,4528500.0,27.469998999999998,39200.0,31.4,2446000.0,11.19,38093500.0,308.0,1091600.0,59.875,95400.0,26.639999,136900.0,30.66,34200.0,228.940002,57931200.0,53.759997999999996,858800.0,27.4,25500.0,110.400002,2055300.0,34.09,243100.0,26.613333,51400.0,30.559998999999998,301400.0,34.860001000000004,92600.0,30.120001000000002,10000.0
2017-02-08,9.26,276200.0,118.190002,9633400.0,29.85,117300.0,16.84,4534400.0,28.67,64000.0,31.4,2224900.0,11.23,27492100.0,308.26001,858800.0,59.715,113400.0,26.700001,95000.0,30.875,31800.0,229.24000499999997,51566200.0,53.869999,617300.0,27.43,22800.0,110.370003,2727000.0,34.150002,236800.0,26.879998999999998,61600.0,30.559998999999998,2604700.0,35.314999,85200.0,30.139999,5900.0
2017-02-09,9.34,318600.0,117.290001,8177200.0,29.959999,89600.0,16.75,4814700.0,28.99,31100.0,31.200001,2355300.0,11.35,20406900.0,311.149994,1608700.0,60.794998,49600.0,26.809998999999998,1143500.0,31.025,167800.0,230.600006,65955200.0,53.880001,841200.0,27.549999,38600.0,110.610001,2247300.0,34.060001,1749100.0,26.706667,1492800.0,30.559998999999998,288100.0,34.924999,73600.0,30.1,10600.0
2017-02-10,9.45,319600.0,117.599998,9072100.0,30.360001,84600.0,17.02,8820800.0,29.34,38900.0,30.4,2043400.0,11.5,26622800.0,312.799988,1174600.0,61.189999,90000.0,26.889999,100900.0,31.275,49200.0,231.50999500000003,66015900.0,53.810001,804900.0,27.549999,11300.0,110.699997,1938900.0,34.049999,223700.0,26.713333000000002,97500.0,30.549999,268100.0,34.889998999999996,148000.0,30.110001,25000.0
2017-02-13,9.31,273600.0,116.800003,7354900.0,30.41,134300.0,16.889999,5948000.0,28.49,43400.0,29.48,3133300.0,11.32,20504000.0,313.709991,827100.0,61.380001,85600.0,26.98,945200.0,31.475,19400.0,232.770004,55182100.0,53.810001,812900.0,27.58,18400.0,110.82,2609100.0,34.040001000000004,289400.0,26.633333,24100.0,30.57,493300.0,34.77,199000.0,30.1,26700.0
2017-02-14,9.32,183900.0,116.93,6927800.0,30.26,47300.0,17.01,8069300.0,28.48,39800.0,29.360001,2945500.0,11.38,18543600.0,314.600006,662100.0,61.525002,118200.0,26.940001000000002,150700.0,31.5,39400.0,233.69999700000002,71109000.0,53.779999,1320200.0,27.67,27300.0,110.970001,2644800.0,33.970001,371300.0,26.52,20700.0,30.549999,480100.0,34.544998,148600.0,30.059998999999998,21100.0
2017-02-15,9.28,311300.0,117.449997,7088400.0,30.67,143100.0,17.040001,4081600.0,28.549999,10200.0,29.48,3331700.0,11.36,19615800.0,315.579987,1273400.0,61.875,52600.0,27.040001,271200.0,31.775,25600.0,234.919998,86785800.0,53.779999,889400.0,27.690001000000002,13200.0,110.940002,1425900.0,33.939999,559700.0,26.48,20100.0,30.559998999999998,433300.0,34.380001,66800.0,30.030001000000002,15500.0
2017-02-16,9.24,132200.0,118.08000200000001,6378700.0,30.1,40800.0,17.15,4991800.0,28.23,27000.0,28.68,3577000.0,11.41,13772400.0,315.230011,1132400.0,61.775002,43400.0,27.09,164700.0,31.629998999999998,16800.0,234.72000099999997,84722400.0,53.849998,1043600.0,27.610001,9000.0,110.82,2414100.0,34.02,385400.0,26.626666999999998,22900.0,30.559998999999998,177600.0,34.605,68200.0,30.09,17400.0
2017-02-17,9.24,118600.0,117.68,7338100.0,29.809998999999998,100400.0,17.059998999999998,4638800.0,28.15,42700.0,28.639999,1413800.0,11.39,13810200.0,315.600006,1118200.0,61.584998999999996,40600.0,27.030001000000002,122300.0,31.475,17000.0,235.08999599999999,77204100.0,53.919998,987700.0,27.5,14800.0,110.879997,1036800.0,34.07,220700.0,26.733334000000003,21000.0,30.59,434200.0,34.775002,26600.0,30.1,77400.0
2017-02-21,9.23,415500.0,117.75,6166900.0,29.65,41500.0,17.030001000000002,4800200.0,27.879998999999998,47600.0,26.200001,9699200.0,11.54,25221400.0,318.140015,1024300.0,62.185001,48200.0,27.139999,97800.0,31.83,50000.0,236.49000499999997,88946100.0,53.82,1111900.0,27.620001000000002,85500.0,111.300003,1758600.0,34.099998,305600.0,26.700001,36700.0,30.58,979900.0,34.73,83000.0,30.120001000000002,11700.0
2017-02-22,9.17,250700.0,117.910004,6057200.0,29.75,28400.0,17.110001,4657300.0,28.08,36100.0,26.280001000000002,4814000.0,11.36,18527400.0,317.019989,1003200.0,61.799999,52200.0,27.129998999999998,125900.0,31.905001000000002,104400.0,236.27999900000003,62115200.0,53.98,965600.0,27.719998999999998,15600.0,111.33000200000001,2797200.0,34.119999,214100.0,26.686666,37900.0,30.6,928300.0,34.790001000000004,39800.0,30.129998999999998,22100.0
2017-02-23,9.25,185600.0,118.940002,7523300.0,29.4,202900.0,17.24,4873900.0,28.200001,57600.0,26.6,6694000.0,11.53,19254600.0,315.579987,1078600.0,61.485001000000004,61400.0,27.17,105100.0,31.915001,74600.0,236.440002,74615900.0,54.07,746500.0,27.84,25700.0,111.449997,2206200.0,34.189999,210600.0,26.786666999999998,56800.0,30.610001,457700.0,34.895,35200.0,30.110001,15200.0
2017-02-24,9.23,136200.0,119.699997,9809000.0,29.27,109000.0,17.4,8025900.0,28.0,8300.0,27.040001,4502000.0,11.46,11322100.0,316.059998,919800.0,61.509997999999996,42600.0,26.950001,245200.0,31.530001000000002,41000.0,236.74000499999997,82381600.0,54.23,1239900.0,27.82,10900.0,111.449997,2066700.0,34.27,189500.0,27.066668,51900.0,30.639999,737600.0,35.25,50000.0,30.17,21600.0
2017-02-27,9.26,203700.0,119.120003,9263500.0,29.02,113100.0,17.27,8487000.0,28.15,14100.0,26.120001000000002,3498800.0,11.47,10362500.0,318.049988,1342600.0,62.055,2342600.0,27.0,695600.0,31.465,56400.0,237.11000099999998,56515400.0,54.220001,910700.0,27.75,37200.0,111.629997,3480600.0,34.209998999999996,339100.0,27.0,33300.0,30.620001000000002,443700.0,35.049999,95000.0,30.139999,22700.0
2017-02-28,9.31,187500.0,119.230003,8727800.0,29.360001,53200.0,17.370001000000002,6983100.0,27.940001000000002,69400.0,26.76,3973500.0,11.45,16896500.0,314.660004,1466900.0,61.07,54400.0,26.940001000000002,240400.0,31.285,19200.0,236.47000099999997,96961900.0,54.189999,1095100.0,27.709999,15500.0,111.660004,2844900.0,34.240002000000004,204100.0,27.066668,43800.0,30.610001,458200.0,35.189999,472800.0,30.129998999999998,30000.0
2017-03-01,9.28,97600.0,119.059998,8679600.0,30.16,38400.0,17.440001000000002,6245900.0,27.0,69100.0,27.08,4005900.0,11.4,14578500.0,319.920013,2107400.0,62.119999,58800.0,27.200001,226300.0,31.725,41600.0,239.77999900000003,149158200.0,54.080002,1596800.0,27.719998999999998,75300.0,111.540001,2472600.0,34.049999,271700.0,26.620001000000002,61600.0,30.540001,498600.0,34.555,116200.0,30.01,45300.0
2017-03-02,9.15,199000.0,117.58000200000001,10986300.0,29.690001000000002,39200.0,16.799999,15848300.0,26.690001000000002,50700.0,27.200001,3740300.0,11.17,21734400.0,316.22000099999997,1026400.0,61.529999,128200.0,27.0,114000.0,31.205,27800.0,238.270004,70246000.0,54.02,1127400.0,27.49,44200.0,111.269997,2017200.0,34.0,259200.0,26.606666999999998,32400.0,30.52,422400.0,34.404999,156200.0,30.0,13700.0
2017-03-03,9.2,162400.0,117.510002,10665800.0,29.82,12500.0,16.98,8780300.0,26.700001,32200.0,27.360001,3293200.0,11.29,14425600.0,316.52999900000003,1030000.0,61.205002,50000.0,27.139999,84700.0,31.424999,64000.0,238.419998,81974300.0,54.029999,764600.0,27.65,26000.0,111.269997,2703300.0,34.0,223400.0,26.66,23700.0,30.540001,383400.0,34.470001,567200.0,30.01,9200.0
2017-03-06,9.26,133200.0,116.720001,4883500.0,29.85,38700.0,16.83,5618700.0,27.17,16700.0,27.68,5017800.0,11.28,15630400.0,314.459991,1472500.0,61.0,59600.0,27.040001,133600.0,31.434998999999998,70000.0,237.710007,55391500.0,54.049999,1244700.0,27.51,21200.0,110.790001,2839200.0,34.009997999999996,640900.0,26.553333000000002,40800.0,30.540001,284400.0,34.360001000000004,35600.0,30.02,614200.0
2017-03-07,9.21,108300.0,115.779999,6846300.0,29.559998999999998,34500.0,16.549999,6595500.0,27.18,24600.0,27.4,4306500.0,11.27,10927500.0,312.850006,802300.0,60.384997999999996,53000.0,26.99,66200.0,31.434998999999998,53600.0,237.0,65103700.0,54.029999,730400.0,27.68,10900.0,110.129997,4046400.0,33.93,265000.0,26.486665999999996,33000.0,30.51,314800.0,34.25,107800.0,29.969998999999998,9200.0
2017-03-08,8.8,311100.0,115.059998,7620900.0,29.219998999999998,21200.0,16.32,6856500.0,26.68,23600.0,28.16,4049200.0,10.67,65761200.0,311.200012,942000.0,60.080002,51200.0,26.870001000000002,116600.0,31.23,29000.0,236.559998,78168800.0,53.880001,1225400.0,27.49,29000.0,109.32,5983200.0,33.84,364300.0,26.299999,26100.0,30.51,536100.0,34.035,117400.0,29.93,46200.0
2017-03-09,8.7,362200.0,114.470001,6410900.0,28.870001000000002,67100.0,16.059998999999998,8481500.0,26.360001,44700.0,28.76,2322200.0,10.53,48216300.0,310.019989,1806600.0,59.575001,301600.0,26.969998999999998,212900.0,30.889999,30200.0,236.86000099999998,90683900.0,53.77,906800.0,27.370001000000002,15300.0,108.989998,9661500.0,33.759997999999996,207800.0,26.059998999999998,88200.0,30.49,257200.0,33.810001,1280600.0,29.92,15400.0
2017-03-10,8.51,285300.0,114.720001,7929500.0,28.66,78300.0,16.15,6809200.0,25.799999,72800.0,29.4,5883000.0,10.29,43623400.0,311.549988,1121100.0,59.945,25200.0,27.17,97100.0,31.1,101400.0,237.690002,81991700.0,53.66,1107400.0,27.57,22700.0,108.989998,9696300.0,33.810001,182100.0,26.1,117400.0,30.5,435100.0,33.889998999999996,111400.0,29.959999,10200.0
2017-03-13,8.54,511300.0,114.739998,5807400.0,28.33,60000.0,16.07,4252900.0,25.57,39500.0,29.120001000000002,3472000.0,10.28,41080000.0,312.070007,946500.0,60.18,46200.0,27.27,151700.0,31.58,35000.0,237.809998,57256800.0,53.610001000000004,1468900.0,27.58,51300.0,109.16999799999999,5324700.0,33.790001000000004,211400.0,26.013334,17400.0,30.48,210400.0,33.720001,110200.0,29.950001,118100.0
2017-03-14,8.5,365400.0,114.120003,5301800.0,28.27,27300.0,15.99,4760900.0,25.719998999999998,40500.0,28.48,3417700.0,10.19,43678900.0,310.880005,1344600.0,59.924999,41200.0,27.09,92300.0,31.355,18800.0,236.899994,59880800.0,53.720001,1130100.0,27.440001000000002,31500.0,108.75,8202600.0,33.779999,281600.0,26.033333,43200.0,30.48,403300.0,33.865002000000004,72200.0,29.940001000000002,44400.0
2017-03-15,8.56,175400.0,116.25,13524100.0,28.4,89400.0,16.43,9718000.0,25.629998999999998,31000.0,28.76,2694900.0,10.38,34094800.0,315.040009,1327900.0,60.834998999999996,58800.0,27.49,67500.0,32.080002,45800.0,238.94999700000002,96081800.0,53.93,1061000.0,27.77,20200.0,110.25,8151900.0,33.919998,670800.0,26.32,12400.0,30.540001,304200.0,34.27,90400.0,30.040001,28600.0
2017-03-16,8.53,413400.0,116.730003,9322000.0,28.59,26200.0,16.4,5720700.0,25.75,21900.0,28.120001000000002,3060700.0,10.36,22429000.0,314.829987,2092800.0,60.955002,46400.0,27.620001000000002,61800.0,32.25,25800.0,238.479996,78344000.0,53.779999,1312400.0,27.99,13800.0,109.91999799999999,6299700.0,33.900002,138300.0,26.253334000000002,87100.0,30.52,303500.0,34.09,94600.0,30.0,9200.0
2017-03-17,8.51,219100.0,116.989998,4683000.0,28.639999,8000.0,16.469998999999998,3079600.0,25.83,24400.0,28.48,1230500.0,10.33,17883700.0,314.22000099999997,972800.0,60.950001,63400.0,27.65,71500.0,32.255001,11200.0,237.02999900000003,89002100.0,53.73,769700.0,28.139999,19100.0,109.889999,4273200.0,33.939999,494500.0,26.333334000000004,120400.0,30.530001000000002,250600.0,34.314999,51600.0,30.040001,40200.0
2017-03-20,8.51,446200.0,117.510002,4000200.0,28.34,26800.0,16.5,2600600.0,26.030001000000002,28400.0,29.719998999999998,2092900.0,10.27,13767800.0,313.130005,767900.0,60.779999,30400.0,27.629998999999998,160500.0,32.595001,24400.0,236.770004,52537000.0,53.790001000000004,1115800.0,28.209999,4200.0,109.769997,2564100.0,33.98,547500.0,26.426665999999997,136600.0,30.549999,199900.0,34.465,54800.0,30.07,43100.0
2017-03-21,8.44,184300.0,118.540001,9567900.0,28.15,28300.0,16.610001,5533200.0,25.83,27500.0,29.84,3656700.0,10.11,24905200.0,306.670013,1865400.0,59.16,84400.0,27.5,93900.0,32.200001,24800.0,233.729996,131809300.0,53.869999,819200.0,28.209999,227600.0,108.900002,6363600.0,34.040001000000004,341400.0,26.606666999999998,11200.0,30.58,482000.0,34.740002000000004,52200.0,30.1,44700.0
2017-03-22,8.46,359100.0,118.83000200000001,7287400.0,27.950001,99700.0,16.620001000000002,3137800.0,25.799999,16500.0,29.16,2217000.0,10.12,22442800.0,307.359985,1254600.0,59.110001000000004,84200.0,27.51,68500.0,32.365002000000004,20400.0,234.27999900000003,97569200.0,54.0,800900.0,28.33,62700.0,109.290001,3913500.0,34.080002,529200.0,26.68,27400.0,30.59,452400.0,34.860001000000004,140000.0,30.09,15900.0
2017-03-23,8.38,165100.0,118.66999799999999,6201100.0,27.780001000000002,18000.0,16.67,3978600.0,25.65,7600.0,29.719998999999998,2232200.0,10.01,18601100.0,308.079987,979000.0,59.375,97600.0,27.58,113800.0,32.325001,49800.0,234.02999900000003,100410300.0,53.970001,479000.0,28.299999,6100.0,109.139999,3707700.0,34.080002,327700.0,26.66,34300.0,30.58,942800.0,34.825001,134000.0,30.08,5600.0
2017-03-24,8.43,312100.0,118.860001,6879600.0,27.66,31200.0,16.809998999999998,5578100.0,25.9,7200.0,29.92,1310700.0,10.09,16115000.0,307.77999900000003,974200.0,59.334998999999996,32800.0,27.65,73900.0,32.445,14600.0,233.86000099999998,112504900.0,54.02,545900.0,28.469998999999998,14300.0,109.620003,3016200.0,34.09,153600.0,26.700001,142300.0,30.57,213600.0,34.904999,43800.0,30.1,2100.0
2017-03-27,8.43,207100.0,119.529999,8519600.0,27.559998999999998,39100.0,17.15,9630000.0,26.049999,13400.0,29.719998999999998,2622900.0,10.04,22504200.0,307.320007,1984500.0,59.455002,35600.0,27.75,61700.0,32.445,235800.0,233.61999500000002,87454500.0,54.049999,586300.0,28.450001,34900.0,109.410004,1924200.0,34.110001000000004,317800.0,26.853333000000003,45900.0,30.58,259600.0,35.099998,72000.0,30.1,108000.0
2017-03-28,8.46,358700.0,119.040001,7112800.0,27.66,28900.0,17.18,7429500.0,26.209999,18100.0,29.959999,1174700.0,10.15,17808800.0,309.630005,1225200.0,60.060001,58600.0,27.85,68100.0,32.490002000000004,34600.0,235.32000699999998,93483900.0,54.049999,1175300.0,28.280001000000002,38600.0,110.190002,6231600.0,34.09,221600.0,26.726667,20200.0,30.57,266400.0,34.84,87000.0,30.09,11200.0
2017-03-29,8.6,532900.0,119.33000200000001,4911000.0,27.66,36200.0,17.25,4464600.0,26.75,51800.0,30.559998999999998,2498700.0,10.37,23155500.0,310.679993,1034800.0,60.110001000000004,40200.0,27.870001000000002,73100.0,32.525002,34200.0,235.539993,61950400.0,54.189999,821400.0,28.34,14800.0,110.309998,5937900.0,34.110001000000004,290200.0,26.853333000000003,17400.0,30.59,459900.0,35.060001,26400.0,30.120001000000002,12600.0
2017-03-30,8.75,477600.0,118.470001,6894600.0,27.5,21800.0,17.15,6001800.0,27.0,19900.0,30.280001000000002,2359900.0,10.57,28570800.0,312.320007,798900.0,60.584998999999996,38600.0,27.809998999999998,65500.0,32.404999,51600.0,236.289993,56737900.0,54.150002,629000.0,28.32,12100.0,110.879997,7498200.0,34.099998,323000.0,26.76,17700.0,30.6,271100.0,34.794998,113400.0,30.09,25600.0
2017-03-31,8.79,266700.0,118.720001,8520800.0,27.639999,79500.0,17.25,4732300.0,27.280001000000002,13900.0,30.280001000000002,2588500.0,10.64,19430600.0,312.420013,1008800.0,60.650002,36600.0,27.73,75700.0,32.080002,21000.0,235.74000499999997,73733100.0,54.130001,632200.0,28.190001000000002,165900.0,110.790001,3280800.0,34.130001,127800.0,26.773333,55200.0,30.610001,432300.0,34.875,431200.0,30.110001,113600.0
2017-04-03,8.77,314400.0,119.349998,6105700.0,27.76,76600.0,17.24,4050400.0,27.16,17800.0,29.76,2317400.0,10.55,16796100.0,310.730011,2436600.0,59.529999,2546600.0,27.67,68000.0,32.334998999999996,67200.0,235.330002,85546500.0,54.25,1299400.0,28.25,43400.0,110.25,3771300.0,34.130001,2142400.0,26.860001,20800.0,30.58,266200.0,35.119999,176400.0,30.1,117600.0
2017-04-04,8.89,211700.0,119.620003,4687300.0,27.58,14100.0,17.33,4374600.0,27.57,21700.0,31.16,4541300.0,10.71,24385600.0,310.269989,1981300.0,59.555,56000.0,27.690001000000002,44200.0,32.389998999999996,16400.0,235.479996,56466200.0,54.23,828500.0,28.34,38900.0,110.279999,3365400.0,34.130001,217200.0,26.826665999999996,17800.0,30.59,227700.0,34.985001000000004,84600.0,30.120001000000002,20400.0
2017-04-05,8.85,313000.0,119.620003,8106000.0,27.68,82700.0,17.32,5676200.0,27.35,31800.0,31.08,3118800.0,10.68,28988000.0,307.890015,1457200.0,59.009997999999996,44200.0,27.59,109500.0,32.41,49000.0,234.77999900000003,108800600.0,54.279999,543700.0,28.280001000000002,30200.0,110.129997,4392000.0,34.169998,129600.0,26.879998999999998,10300.0,30.58,280600.0,35.099998,137200.0,30.18,21000.0
2017-04-06,8.95,195100.0,119.18,4633500.0,27.379998999999998,19400.0,17.26,3934600.0,27.68,9200.0,31.280001000000002,1698000.0,10.86,21920900.0,310.52999900000003,1681600.0,59.634997999999996,22800.0,27.6,576700.0,32.240002000000004,22000.0,235.440002,69135800.0,54.299999,794800.0,28.27,18900.0,110.279999,2408100.0,34.18,802500.0,26.866667,21600.0,30.59,322500.0,35.040001000000004,134400.0,30.08,32500.0
2017-04-07,9.0,219400.0,119.459999,12351100.0,27.459999,31300.0,17.030001000000002,10876000.0,27.85,29600.0,30.92,901500.0,10.96,19212800.0,310.079987,1074600.0,59.584998999999996,16200.0,27.57,133000.0,32.279999,19800.0,235.19999700000002,74412300.0,54.310001,572800.0,28.139999,12800.0,110.279999,3107700.0,34.09,577500.0,26.773333,12600.0,30.57,168000.0,34.900002,51800.0,30.09,8700.0
2017-04-10,9.14,313400.0,119.459999,4623700.0,27.719998999999998,26100.0,17.0,5560300.0,28.139999,25100.0,30.719998999999998,1687700.0,11.14,22166500.0,310.899994,1221600.0,59.75,19800.0,27.57,110200.0,32.209998999999996,237800.0,235.33999599999999,67615300.0,54.299999,520100.0,28.17,10200.0,110.489998,3690600.0,34.139998999999996,132600.0,26.866667,27600.0,30.58,246500.0,35.055,120400.0,30.110001,23500.0
2017-04-11,9.18,568800.0,121.190002,12455300.0,27.809998999999998,34100.0,17.309998999999998,7559500.0,28.049999,28300.0,30.08,2595500.0,11.17,24549100.0,312.73999,1723800.0,60.264998999999996,39400.0,27.690001000000002,4613900.0,32.174999,1507000.0,235.059998,88045300.0,54.330002,788700.0,28.110001,140500.0,110.279999,4173000.0,34.209998999999996,2048100.0,27.046667,149500.0,30.6,453400.0,35.360001000000004,403000.0,30.139999,7900.0
2017-04-12,9.19,746000.0,122.019997,9502500.0,27.940001000000002,151700.0,17.459999,6480400.0,27.799999,29900.0,30.16,1830700.0,11.11,25773000.0,308.899994,1236900.0,59.43,30800.0,27.690001000000002,111700.0,32.27,104800.0,234.02999900000003,81864400.0,54.41,586100.0,28.25,24600.0,110.370003,1550400.0,34.290001000000004,316000.0,27.139999,27400.0,30.620001000000002,196700.0,35.544998,165200.0,30.18,13900.0
2017-04-13,9.2,593500.0,122.599998,9892600.0,28.049999,88300.0,17.530001000000002,8297400.0,27.709999,19300.0,30.639999,1877600.0,11.13,17369800.0,305.450012,1450300.0,58.814999,35600.0,27.51,71500.0,32.099998,39400.0,232.50999500000003,92880400.0,54.48,707500.0,28.280001000000002,6000.0,110.099998,3588300.0,34.310001,321200.0,27.013334000000004,196600.0,30.620001000000002,288300.0,35.685001,37800.0,30.209999,31600.0
2017-04-17,9.16,146300.0,122.239998,8469600.0,27.74,132500.0,17.43,5066100.0,27.559998999999998,32200.0,30.120001000000002,1544200.0,11.06,14853400.0,309.22000099999997,1159200.0,59.465,27000.0,27.73,68300.0,32.389998999999996,35000.0,234.57000699999998,68405400.0,54.48,576900.0,28.48,21900.0,110.459999,1836600.0,34.310001,181700.0,27.133333,19600.0,30.629998999999998,220900.0,35.57,29600.0,30.190001000000002,23100.0
2017-04-18,9.14,830900.0,122.82,10903700.0,27.49,42400.0,17.34,11434000.0,27.4,39000.0,29.959999,968500.0,11.04,14503600.0,309.170013,907500.0,59.575001,39000.0,27.57,73800.0,32.060001,60400.0,233.86999500000002,83225800.0,54.580002,581900.0,28.48,10800.0,110.43,1931400.0,34.41,649400.0,27.34,20400.0,30.65,223000.0,36.029999,94400.0,30.25,12200.0
2017-04-19,8.83,789300.0,121.730003,8472700.0,27.540001,17100.0,17.18,7431500.0,26.549999,46800.0,30.24,2671700.0,10.62,50463000.0,309.769989,1090200.0,59.830002,54800.0,27.459999,122900.0,31.709999,312200.0,233.440002,68699900.0,54.52,570700.0,28.24,16600.0,110.370003,2683500.0,34.369999,186700.0,27.173334000000004,9000.0,30.66,142800.0,35.825001,44000.0,30.24,11700.0
2017-04-20,8.8,247000.0,121.959999,11787300.0,27.049999,168700.0,17.059998999999998,10709900.0,26.610001,12700.0,30.08,1534200.0,10.54,29358300.0,312.839996,2155500.0,60.73,141400.0,27.68,63600.0,32.134997999999996,18000.0,235.33999599999999,92572200.0,54.459998999999996,806400.0,28.450001,8800.0,110.699997,2943600.0,34.330002,330300.0,27.120001000000002,18300.0,30.639999,208800.0,35.685001,313800.0,30.219998999999998,20000.0
2017-04-21,8.66,119000.0,122.309998,15608000.0,27.1,41000.0,17.02,10720600.0,26.209999,52100.0,29.6,3212800.0,10.32,38664800.0,312.049988,801300.0,60.650002,19400.0,27.66,59700.0,32.060001,29600.0,234.58999599999999,110389800.0,54.459998999999996,642100.0,28.35,6400.0,110.610001,2213100.0,34.349998,351700.0,27.16,13600.0,30.620001000000002,191500.0,35.665001000000004,52800.0,30.219998999999998,108600.0
2017-04-24,8.6,305200.0,121.480003,11053600.0,27.209999,51200.0,16.98,6885100.0,25.93,27800.0,29.280001000000002,1692100.0,10.25,27837300.0,315.829987,1098100.0,61.200001,71800.0,28.290001,64200.0,32.48,41800.0,237.169998,119209900.0,54.43,619500.0,28.530001000000002,15800.0,111.120003,1271100.0,34.299999,663200.0,27.1,52500.0,30.610001,221300.0,35.52,193400.0,30.200001,33200.0
2017-04-25,8.65,326700.0,120.25,10344800.0,27.540001,295000.0,16.68,8458000.0,25.969998999999998,17400.0,29.32,1468200.0,10.36,23694300.0,317.75,1122200.0,61.720001,44200.0,28.469998999999998,72500.0,32.700001,40400.0,238.55000299999998,76698300.0,54.299999,716200.0,28.51,12800.0,111.360001,2345400.0,34.240002000000004,307100.0,26.913334000000003,34600.0,30.610001,365000.0,35.095001,239200.0,30.17,277300.0
2017-04-26,8.58,160000.0,120.839996,9758800.0,27.219998999999998,27800.0,16.57,9668600.0,25.280001000000002,46400.0,30.120001000000002,1858900.0,10.26,26806700.0,317.769989,1427700.0,62.115002000000004,25000.0,28.4,92600.0,32.549999,195600.0,238.399994,84702500.0,54.32,493300.0,28.4,35000.0,111.239998,1273200.0,34.290001000000004,333500.0,26.98,59100.0,30.610001,456000.0,35.290001000000004,27200.0,30.17,56000.0
2017-04-27,8.54,544300.0,120.389999,8267000.0,27.450001,18000.0,16.370001000000002,9606700.0,24.969998999999998,82300.0,29.92,1506600.0,10.24,34004000.0,318.070007,756400.0,62.035,25200.0,28.389999,65500.0,32.514998999999996,33400.0,238.600006,57410300.0,54.400002,654700.0,28.43,17000.0,111.389999,2062800.0,34.299999,290800.0,26.986665999999996,16300.0,30.629998999999998,195600.0,35.299999,51800.0,30.200001,46600.0
2017-04-28,8.54,1346300.0,120.769997,9134200.0,27.379998999999998,20100.0,16.299999,7524100.0,24.610001,67400.0,30.280001000000002,1131600.0,10.24,15932600.0,314.850006,1748900.0,61.18,26600.0,28.299999,564300.0,32.59,27200.0,238.080002,63532800.0,54.349998,648800.0,28.389999,11900.0,111.41999799999999,2066700.0,34.310001,821600.0,27.086665999999997,15700.0,30.639999,436100.0,35.349998,230400.0,30.190001000000002,9100.0
2017-05-01,8.48,285900.0,119.66999799999999,9331800.0,28.33,93100.0,15.99,13640200.0,24.370001000000002,67000.0,29.879998999999998,1437800.0,10.15,16116300.0,315.829987,1244300.0,61.525002,24800.0,28.370001000000002,1852200.0,32.764998999999996,48600.0,238.67999300000002,66882500.0,54.310001,670500.0,28.41,9100.0,110.879997,1728300.0,34.240002000000004,225700.0,26.753334000000002,21900.0,30.58,207500.0,35.02,348600.0,30.16,6400.0
2017-05-02,8.32,280900.0,119.650002,4900800.0,28.129998999999998,96400.0,15.93,7183600.0,24.18,39200.0,29.440001000000002,3403500.0,9.92,44146300.0,315.339996,926100.0,61.220001,23000.0,28.549999,112600.0,32.91,63000.0,238.770004,57375700.0,54.400002,889400.0,28.6,22500.0,111.059998,2440200.0,34.259997999999996,228500.0,26.966666999999998,14100.0,30.58,412200.0,35.185001,72800.0,30.18,29000.0
2017-05-03,8.34,428500.0,117.980003,10811100.0,28.25,50100.0,15.59,10586800.0,24.42,41000.0,29.719998999999998,2377400.0,9.93,36540400.0,314.019989,959400.0,61.029999,24000.0,28.450001,90800.0,32.605,112200.0,238.479996,73137700.0,54.43,651300.0,28.49,33100.0,111.150002,1855200.0,34.240002000000004,231300.0,26.98,18700.0,30.58,200600.0,35.200001,158000.0,30.09,36900.0
2017-05-04,8.03,1013200.0,116.790001,12406900.0,27.690001000000002,83200.0,15.43,12118200.0,23.58,89600.0,29.559998999999998,1554700.0,9.46,70243500.0,313.589996,1074200.0,60.779999,50000.0,28.65,64000.0,32.235001000000004,35800.0,238.75999500000003,61462700.0,54.32,498600.0,28.360001,31300.0,110.489998,3216000.0,34.209998999999996,230900.0,26.886667,18000.0,30.559998999999998,323800.0,35.009997999999996,155400.0,30.120001000000002,15500.0
2017-05-05,8.19,1463400.0,117.010002,7127200.0,27.92,37600.0,15.5,8476600.0,24.09,37900.0,30.16,3480200.0,9.66,35582100.0,316.269989,562100.0,61.185001,17400.0,28.98,151700.0,32.459998999999996,84200.0,239.69999700000002,62001300.0,54.34,672900.0,28.41,136900.0,110.790001,4559400.0,34.18,197100.0,26.853333000000003,17500.0,30.549999,213200.0,35.029999,52200.0,30.129998999999998,64500.0
2017-05-08,8.22,850900.0,116.75,5438400.0,27.5,23700.0,15.41,6149600.0,24.27,32200.0,29.4,2170100.0,9.67,30537500.0,314.920013,871800.0,61.025002,53600.0,28.799999,67800.0,32.349998,28200.0,239.66000400000001,48385700.0,54.259997999999996,502000.0,28.309998999999998,12800.0,110.910004,1811100.0,34.18,148300.0,26.82,22800.0,30.549999,379700.0,34.855,67800.0,30.09,55800.0
2017-05-09,8.14,402800.0,116.050003,6801300.0,27.57,18500.0,15.3,7632300.0,23.77,36500.0,29.76,1171500.0,9.57,20430200.0,314.200012,815700.0,61.130001,58400.0,28.75,642100.0,32.700001,119800.0,239.440002,51363200.0,54.23,936700.0,28.23,28300.0,110.82,4532700.0,34.169998,1110600.0,26.793333,38200.0,30.57,448000.0,34.849998,956400.0,30.1,15000.0
2017-05-10,8.34,385400.0,116.040001,4290500.0,27.799999,45300.0,15.35,6780400.0,24.65,84800.0,30.280001000000002,2155700.0,9.86,33397600.0,316.200012,934400.0,61.419998,24600.0,28.84,933900.0,32.945,32000.0,239.86999500000002,54293800.0,54.27,648800.0,28.379998999999998,2700.0,111.239998,2958000.0,34.18,196400.0,26.806666999999997,26700.0,30.57,226700.0,34.810001,184800.0,30.09,19700.0
2017-05-11,8.39,1107700.0,116.5,6274400.0,27.620001000000002,14300.0,15.45,7017900.0,24.940001000000002,35400.0,31.08,1605600.0,9.94,19372200.0,314.25,967600.0,60.93,31000.0,28.790001,193000.0,32.970001,30000.0,239.38000499999998,62358300.0,54.189999,449600.0,28.549999,11100.0,111.239998,2239500.0,34.209998999999996,470100.0,26.826665999999996,36300.0,30.58,238600.0,34.82,60200.0,30.110001,29500.0
2017-05-12,8.37,1250400.0,116.83000200000001,5434500.0,27.67,26800.0,15.57,6334500.0,25.17,26800.0,31.52,1855500.0,9.95,19435600.0,312.980011,548400.0,60.424999,21000.0,28.91,99800.0,33.130001,20000.0,238.979996,53912700.0,54.349998,497200.0,28.6,24800.0,111.269997,1899600.0,34.290001000000004,153100.0,27.093334000000002,15700.0,30.58,1033200.0,35.060001,78000.0,30.15,29700.0
2017-05-15,8.47,323200.0,117.139999,5019600.0,27.379998999999998,82000.0,15.75,6766100.0,25.459999,37800.0,31.040001,1614600.0,10.17,36712500.0,314.940002,781000.0,60.814999,69000.0,29.059998999999998,172200.0,33.505001,73600.0,240.30000299999998,61918900.0,54.27,1102000.0,28.83,13000.0,111.540001,2843700.0,34.310001,150700.0,27.033333000000002,16900.0,30.6,342100.0,34.959998999999996,239000.0,30.18,47700.0
2017-05-16,8.48,104400.0,117.650002,4942800.0,27.459999,16200.0,15.93,6901800.0,25.59,33100.0,29.879998999999998,1857600.0,10.11,16824900.0,314.519989,1242700.0,60.695,25000.0,29.25,143000.0,33.490002000000004,57800.0,240.080002,51241800.0,54.27,945000.0,28.969998999999998,12400.0,111.660004,3763800.0,34.310001,329000.0,27.200001,49800.0,30.629998999999998,190500.0,35.095001,98400.0,30.15,522500.0
2017-05-17,8.54,221800.0,119.790001,13936900.0,27.719998999999998,83300.0,16.0,11164100.0,25.49,15500.0,29.719998999999998,1464700.0,10.19,27053700.0,308.160004,3085000.0,59.240002000000004,64400.0,28.889999,105600.0,33.044998,158800.0,235.82000699999998,172174100.0,54.48,606400.0,28.82,14800.0,111.120003,3577800.0,34.459998999999996,259800.0,27.446666999999998,26500.0,30.65,245900.0,35.605,113800.0,30.209999,3700.0
2017-05-18,8.56,241100.0,118.809998,10341100.0,27.139999,56000.0,15.71,9208000.0,25.6,25600.0,29.639999,1056400.0,10.26,21291700.0,308.420013,1976100.0,59.415001000000004,76200.0,28.950001,225000.0,32.465,60200.0,236.770004,107047700.0,54.52,629200.0,28.24,9300.0,111.269997,3757500.0,34.450001,231400.0,27.620001000000002,88600.0,30.65,269200.0,35.665001000000004,78000.0,30.190001000000002,19100.0
2017-05-19,8.7,366900.0,119.400002,6787300.0,27.67,35900.0,15.94,6136100.0,26.26,83200.0,30.200001,1277700.0,10.48,24768200.0,311.600006,1372600.0,59.724998,58800.0,29.280001000000002,127700.0,33.055,32400.0,238.309998,115011400.0,54.470001,382200.0,28.639999,13900.0,111.540001,4915200.0,34.419998,226600.0,27.5,124500.0,30.65,248400.0,35.705002,108000.0,30.219998999999998,16300.0
2017-05-22,8.75,198700.0,119.900002,5132500.0,27.83,58600.0,16.23,6458000.0,26.440001000000002,36400.0,30.799999,904800.0,10.54,24494100.0,313.170013,790800.0,60.115002000000004,20200.0,29.32,138600.0,33.16,32800.0,239.520004,61010600.0,54.43,624200.0,28.66,4400.0,111.839996,2201700.0,34.439999,139600.0,27.453333,24400.0,30.65,296000.0,35.615002000000004,66800.0,30.209999,5300.0
2017-05-23,8.79,437200.0,119.139999,8305400.0,27.379998999999998,67900.0,16.15,8053600.0,26.42,24900.0,29.959999,2858300.0,10.64,26251000.0,313.73999,650800.0,60.330002,47200.0,29.34,143400.0,33.130001,19200.0,240.05000299999998,48341700.0,54.43,520500.0,28.690001000000002,4800.0,111.870003,2439900.0,34.389998999999996,279100.0,27.326665999999996,52900.0,30.639999,214500.0,35.380001,44800.0,30.15,44400.0
2017-05-24,8.76,662800.0,119.610001,7025000.0,27.459999,45000.0,16.280001000000002,6465000.0,26.309998999999998,43000.0,29.719998999999998,1574200.0,10.6,32217200.0,314.619995,785500.0,60.349998,18200.0,29.35,52700.0,33.279999,25600.0,240.61000099999998,46927700.0,54.459998999999996,526600.0,28.799999,17900.0,112.050003,1630800.0,34.43,435900.0,27.353333000000003,46000.0,30.65,664700.0,35.560001,70400.0,30.200001,9100.0
2017-05-25,8.36,864100.0,119.480003,4105100.0,27.299999,26900.0,16.23,4171600.0,25.5,120100.0,29.6,1462300.0,10.04,83813000.0,315.109985,924500.0,60.43,44400.0,29.370001000000002,73500.0,33.41,43600.0,241.75999500000003,64071700.0,54.540001000000004,406700.0,28.709999,16800.0,111.93,2243400.0,34.419998,295700.0,27.433332,22900.0,30.65,185700.0,35.580002,54400.0,30.200001,5500.0
2017-05-26,8.52,675300.0,120.540001,6791600.0,27.48,20900.0,16.4,5724900.0,25.959999,81000.0,29.76,1482500.0,10.28,31424500.0,314.309998,1004600.0,60.25,25400.0,29.299999,38400.0,33.48,113800.0,241.710007,46629900.0,54.66,462900.0,28.889999,8000.0,111.989998,1040400.0,34.43,176300.0,27.433332,16500.0,30.65,117700.0,35.630001,84400.0,30.190001000000002,48700.0
2017-05-30,8.51,189900.0,120.139999,4507500.0,26.92,66100.0,16.469998999999998,6493000.0,25.85,123800.0,28.440001000000002,2054200.0,10.24,15950800.0,313.309998,697700.0,60.060001,21600.0,29.25,32100.0,33.415001000000004,16200.0,241.5,35201900.0,54.669998,860200.0,28.809998999999998,5400.0,112.199997,1649100.0,34.490002000000004,225100.0,27.486665999999996,19800.0,30.66,269600.0,35.814999,43800.0,30.23,15300.0
2017-05-31,8.29,158100.0,120.620003,10360700.0,27.120001000000002,32700.0,16.389999,5178600.0,25.48,24400.0,27.68,1872600.0,9.96,33314100.0,313.369995,3430600.0,60.119999,31000.0,29.32,91800.0,33.139998999999996,36600.0,241.440002,91796000.0,54.700001,632700.0,28.889999,21900.0,112.16999799999999,3169500.0,34.5,300900.0,27.626666999999998,108600.0,30.67,208900.0,35.91,55800.0,30.23,7700.0
2017-06-01,8.26,150300.0,120.720001,8702500.0,27.059998999999998,21600.0,16.379998999999998,5242100.0,25.5,20600.0,27.48,2592800.0,9.91,30181300.0,318.309998,1939700.0,61.134997999999996,19200.0,29.459999,381700.0,33.384997999999996,28200.0,243.36000099999998,68962000.0,54.580002,793800.0,28.950001,9900.0,111.779999,3768900.0,34.419998,625400.0,27.493334,19300.0,30.610001,234400.0,35.834998999999996,81600.0,30.190001000000002,2800.0
2017-06-02,8.23,494600.0,121.610001,7268100.0,27.219998999999998,24600.0,16.59,6868000.0,25.200001,15800.0,27.08,1339400.0,9.86,30743200.0,318.73999,1743600.0,61.310001,200600.0,29.77,73300.0,33.535,34000.0,244.169998,88666100.0,54.59,674700.0,29.0,4200.0,111.839996,2839500.0,34.459998999999996,243900.0,27.74,15300.0,30.629998999999998,270500.0,36.235001000000004,52800.0,30.23,2000.0
2017-06-05,8.17,261900.0,121.730003,3979200.0,27.25,20200.0,16.629998999999998,4483200.0,24.57,71800.0,26.92,1537500.0,9.8,28136700.0,317.440002,862800.0,61.105,84200.0,29.67,45700.0,33.505001,46000.0,243.99000499999997,44698800.0,54.580002,837800.0,29.08,9300.0,111.779999,1859700.0,34.470001,204600.0,27.653334,14200.0,30.629998999999998,114600.0,36.009997999999996,82400.0,30.209999,10100.0
2017-06-06,8.28,644600.0,123.099998,10798500.0,27.629998999999998,98400.0,16.76,5424100.0,24.809998999999998,36800.0,27.440001000000002,1157500.0,9.97,26368100.0,316.269989,1532500.0,60.959998999999996,40800.0,29.610001,64600.0,33.505001,44000.0,243.210007,50375400.0,54.689999,531900.0,29.129998999999998,20400.0,111.629997,2106000.0,34.5,213400.0,27.746665999999998,39900.0,30.639999,182600.0,36.244999,55800.0,30.23,7300.0
2017-06-07,7.97,420100.0,122.449997,9039200.0,28.09,58800.0,16.65,4312700.0,23.92,105200.0,27.16,1396900.0,9.46,58698800.0,316.109985,692800.0,61.139998999999996,34800.0,29.59,61500.0,33.474998,29800.0,243.66000400000001,54144300.0,54.66,466700.0,29.01,33000.0,111.389999,4119000.0,34.490002000000004,838000.0,27.666665999999996,14200.0,30.620001000000002,162000.0,36.060001,193000.0,30.24,19900.0
2017-06-08,7.99,542600.0,121.650002,8169800.0,28.15,144800.0,16.49,7440400.0,23.77,42200.0,27.280001000000002,1740700.0,9.43,40843300.0,318.890015,888200.0,61.77,35600.0,29.57,198700.0,33.689999,35400.0,243.77999900000003,65950700.0,54.709998999999996,714100.0,29.110001,25800.0,111.449997,2646300.0,34.43,179200.0,27.606666999999998,11700.0,30.620001000000002,212500.0,35.939999,51000.0,30.190001000000002,14700.0
2017-06-09,8.02,789700.0,120.540001,7054700.0,28.33,37800.0,16.280001000000002,5441100.0,24.040001,51300.0,27.440001000000002,802200.0,9.49,25624700.0,320.040009,1570100.0,62.195,110400.0,29.48,349400.0,33.305,146600.0,243.41000400000001,132256400.0,54.73,803900.0,28.959999,17700.0,111.389999,2521500.0,34.43,149700.0,27.6,24900.0,30.620001000000002,277700.0,35.919998,106800.0,30.18,8500.0
2017-06-12,8.02,605200.0,120.360001,4927400.0,27.610001,152300.0,16.040001,5966800.0,23.74,24900.0,27.08,1188500.0,9.52,25478800.0,320.380005,1265900.0,62.095001,99200.0,29.370001000000002,62700.0,33.259997999999996,36200.0,243.36000099999998,86108100.0,54.77,1319700.0,29.02,85900.0,111.690002,1736400.0,34.439999,245100.0,27.573334000000003,198300.0,30.610001,220500.0,35.895,435000.0,30.18,18000.0
2017-06-13,8.09,892100.0,120.480003,3786600.0,27.959999,83800.0,15.95,9314000.0,23.99,23800.0,26.719998999999998,1642700.0,9.6,25996700.0,322.450012,1536900.0,62.485001000000004,28200.0,29.610001,77300.0,33.415001000000004,22000.0,244.55000299999998,60067000.0,54.73,621100.0,29.129998999999998,9100.0,111.839996,1971600.0,34.450001,254400.0,27.626666999999998,31000.0,30.59,262000.0,35.91,93800.0,30.17,30700.0
2017-06-14,7.85,1049100.0,119.82,21124800.0,27.790001,76500.0,15.95,13651500.0,22.91,106000.0,26.48,1477700.0,9.23,60687800.0,321.02999900000003,1231600.0,61.814999,27400.0,29.559998999999998,67800.0,33.334998999999996,28600.0,244.24000499999997,78602300.0,54.830002,706700.0,29.219998999999998,82400.0,111.779999,2478900.0,34.540001000000004,187100.0,27.953333,25800.0,30.629998999999998,234500.0,36.450001,74600.0,30.200001,11500.0
2017-06-15,7.82,627300.0,119.32,6796700.0,28.17,66700.0,15.88,6266500.0,23.0,50900.0,27.440001000000002,2207600.0,9.18,31606500.0,319.51001,2343600.0,61.919998,39800.0,29.25,149300.0,33.044998,29800.0,243.770004,66464900.0,54.75,650000.0,29.01,10600.0,111.510002,2745600.0,34.48,168200.0,27.9,30900.0,30.620001000000002,237900.0,36.395,64000.0,30.190001000000002,4000.0
2017-06-16,7.85,497000.0,119.339996,6435700.0,28.59,42000.0,15.79,4806700.0,23.200001,15200.0,27.32,618700.0,9.24,21403800.0,318.98999,977600.0,61.294998,33000.0,29.120001000000002,56700.0,33.0,21600.0,242.63999900000002,84553100.0,54.73,532500.0,29.08,7400.0,111.209999,2999700.0,34.509997999999996,160100.0,27.873333000000002,72900.0,30.610001,380900.0,36.450001,59600.0,30.209999,3100.0
2017-06-19,7.78,879700.0,118.43,6787000.0,28.25,71900.0,15.61,7444900.0,23.15,35500.0,26.120001000000002,2108400.0,9.12,25802300.0,320.910004,1096500.0,61.695,21800.0,29.25,73000.0,33.310001,25200.0,244.66000400000001,65123800.0,54.75,532000.0,29.049999,11100.0,111.629997,2702700.0,34.459998999999996,154900.0,27.879998999999998,64300.0,30.629998999999998,642800.0,36.380001,41600.0,30.16,5600.0
2017-06-20,7.63,556200.0,118.18,4617400.0,28.049999,23500.0,15.59,6194300.0,22.67,31500.0,26.120001000000002,933400.0,8.95,48635000.0,317.359985,1109700.0,60.924999,28600.0,28.99,84700.0,32.805,32000.0,243.00999500000003,56906400.0,54.860001000000004,558100.0,28.82,18300.0,111.300003,3046200.0,34.52,291800.0,28.026667,115600.0,30.620001000000002,247600.0,36.689999,90200.0,30.17,3600.0
2017-06-21,7.44,706300.0,118.519997,4723700.0,27.780001000000002,8100.0,15.54,6018900.0,22.450001,65900.0,26.08,1056000.0,8.71,61198200.0,315.519989,906100.0,60.665001000000004,43600.0,28.950001,42900.0,33.064999,51800.0,242.94999700000002,55977600.0,54.869999,875300.0,28.82,6400.0,110.610001,6568800.0,34.5,170000.0,28.086665999999997,31000.0,30.629998999999998,289700.0,36.77,84200.0,30.23,6700.0
2017-06-22,7.48,552300.0,118.91999799999999,5811900.0,27.35,58200.0,15.68,5295700.0,22.790001,34300.0,26.08,2516100.0,8.78,31594100.0,315.950012,645300.0,60.895,74200.0,29.030001000000002,109600.0,33.18,36800.0,242.83999599999999,44148100.0,54.91,464700.0,28.9,77100.0,110.879997,6678900.0,34.509997999999996,330600.0,28.120001000000002,61600.0,30.639999,505500.0,36.830002,29200.0,30.200001,6800.0
2017-06-23,7.58,554800.0,119.43,9258600.0,27.16,66300.0,15.79,5237700.0,22.799999,25500.0,26.4,1757400.0,8.86,31028400.0,317.269989,748700.0,61.384997999999996,33400.0,29.09,77200.0,33.285,63200.0,243.13000499999998,66986800.0,54.869999,627500.0,29.02,22800.0,111.300003,2368200.0,34.52,296500.0,28.120001000000002,21000.0,30.639999,481100.0,36.810001,35000.0,30.190001000000002,14500.0
2017-06-26,7.61,378800.0,118.360001,6593400.0,27.08,80500.0,15.68,3805400.0,22.959999,22900.0,27.360001,2311300.0,8.93,37263000.0,318.51001,1929700.0,61.509997999999996,28800.0,29.120001000000002,69100.0,33.630001,35600.0,243.289993,56700500.0,54.900002,870200.0,29.18,13200.0,111.449997,3821700.0,34.549999,170200.0,28.24,16200.0,30.639999,222600.0,36.959998999999996,55000.0,30.190001000000002,13600.0
2017-06-27,7.76,831900.0,118.809998,5759300.0,27.219998999999998,55400.0,15.79,4350100.0,23.33,28900.0,27.360001,1969400.0,9.1,29140000.0,315.890015,1960400.0,61.105,58000.0,29.129998999999998,59900.0,33.18,22800.0,241.330002,82247700.0,54.66,553300.0,29.08,17700.0,111.18,3729600.0,34.470001,594700.0,27.959999,19300.0,30.639999,466300.0,36.595001,413200.0,30.18,15000.0
2017-06-28,7.86,577800.0,118.900002,4220100.0,27.26,53800.0,15.92,4788000.0,23.639999,39400.0,27.559998999999998,994600.0,9.2,29368000.0,319.48999,1943900.0,61.990002000000004,16200.0,29.370001000000002,835000.0,33.540001000000004,53600.0,243.49000499999997,70042600.0,54.630001,507800.0,29.17,5800.0,111.57,4121100.0,34.5,5645200.0,27.92,58500.0,30.65,314000.0,36.439999,71200.0,30.190001000000002,17000.0
2017-06-29,7.87,310700.0,118.32,7705200.0,27.790001,42700.0,15.73,5030000.0,23.629998999999998,24800.0,27.280001000000002,1971500.0,9.21,31259000.0,317.410004,2084300.0,61.639998999999996,46600.0,29.09,177700.0,33.105,45000.0,241.350006,106949700.0,54.310001,828500.0,29.01,6400.0,111.360001,4613100.0,34.43,151200.0,27.833334000000004,29400.0,30.639999,407900.0,36.18,117200.0,30.17,3200.0
2017-06-30,8.07,289900.0,118.019997,7272600.0,28.98,163800.0,15.71,3820300.0,24.25,51000.0,27.120001000000002,1706700.0,9.5,32678800.0,317.619995,1119500.0,61.575001,64400.0,29.129998999999998,67900.0,33.305,37200.0,241.80000299999998,86820700.0,54.360001000000004,810700.0,29.040001,6100.0,111.599998,1779000.0,34.41,207500.0,27.76,9000.0,30.639999,245500.0,36.055,323400.0,30.16,45700.0
2017-07-03,8.14,265700.0,116.089996,12145000.0,30.0,115300.0,15.3,7903600.0,24.459999,40300.0,26.639999,1979600.0,9.62,20200800.0,320.040009,737700.0,62.125,15400.0,29.1,26400.0,33.450001,1130800.0,242.210007,39153800.0,54.209998999999996,619400.0,28.84,9100.0,111.029999,1802400.0,34.290001000000004,152800.0,27.633333,5100.0,30.57,274600.0,35.834998999999996,119200.0,30.1,18400.0
2017-07-05,7.88,1027200.0,116.519997,7223300.0,30.440001000000002,90500.0,15.18,9527500.0,23.940001000000002,42400.0,25.52,3177700.0,9.25,68182000.0,318.809998,769000.0,61.775002,34400.0,29.07,73300.0,33.419998,110400.0,242.770004,54427600.0,54.220001,937800.0,28.83,8800.0,110.879997,3622500.0,34.32,165400.0,27.686666,43600.0,30.59,390200.0,35.884997999999996,258200.0,30.08,7500.0
2017-07-06,7.89,506800.0,116.470001,4443400.0,30.030001000000002,63100.0,15.15,5154500.0,24.35,34100.0,25.799999,2520900.0,9.31,41881900.0,314.910004,1971800.0,60.93,61800.0,28.91,41500.0,33.110001000000004,33800.0,240.55000299999998,65400800.0,54.119999,725700.0,28.77,20200.0,110.610001,5105400.0,34.310001,338500.0,27.540001,26400.0,30.59,141800.0,35.619999,159000.0,30.08,19900.0
2017-07-07,7.73,333400.0,115.279999,11153600.0,30.120001000000002,51100.0,14.73,19192400.0,24.02,13400.0,25.559998999999998,2631000.0,9.1,43291300.0,318.02999900000003,1016000.0,61.505001,21000.0,28.98,76600.0,33.18,47600.0,242.11000099999998,57972300.0,54.029999,1326200.0,28.780001000000002,2500.0,110.489998,6782700.0,34.27,162600.0,27.453333,15600.0,30.6,209800.0,35.424999,78200.0,30.1,3000.0
2017-07-10,7.77,168700.0,115.470001,4970900.0,31.059998999999998,112300.0,14.83,14637900.0,24.02,20100.0,26.08,2096100.0,9.13,27664400.0,317.320007,1285100.0,61.029999,31400.0,29.01,89900.0,33.439999,32000.0,242.36999500000002,36663300.0,54.09,498900.0,28.73,70600.0,110.699997,3315000.0,34.34,1112800.0,27.533333000000002,38200.0,30.620001000000002,187700.0,35.474998,83200.0,30.120001000000002,16300.0
2017-07-11,7.86,139200.0,115.620003,6637900.0,31.030001000000002,124000.0,14.99,7774400.0,24.32,8300.0,27.120001000000002,2482600.0,9.27,24638500.0,317.859985,1121100.0,61.27,34600.0,29.110001,89600.0,33.674999,33800.0,242.190002,50354600.0,54.049999,1074000.0,28.790001,97600.0,110.639999,2785500.0,34.349998,231900.0,27.559998999999998,33600.0,30.639999,262100.0,35.525002,43400.0,30.15,5500.0
2017-07-12,7.88,157700.0,116.029999,4654400.0,30.110001,92900.0,15.05,8272900.0,24.290001,21800.0,26.799999,1339000.0,9.33,38201300.0,319.859985,1079300.0,61.775002,58200.0,29.32,259500.0,34.325001,41800.0,244.00999500000003,59610400.0,54.220001,465200.0,29.02,34200.0,111.269997,5888700.0,34.43,258300.0,27.74,100300.0,30.66,587400.0,35.720001,131200.0,30.16,8700.0
2017-07-13,7.97,111300.0,115.82,4148900.0,28.709999,363700.0,14.87,7214900.0,24.459999,15600.0,26.52,1212100.0,9.47,20580600.0,320.200012,741800.0,61.919998,30400.0,29.450001,69100.0,34.369999,87800.0,244.419998,39471600.0,54.189999,408200.0,29.16,12700.0,111.360001,4279800.0,34.400002,142000.0,27.633333,69300.0,30.66,240500.0,35.540001000000004,43200.0,30.16,9800.0
2017-07-14,8.08,226800.0,116.769997,5788200.0,29.1,56900.0,15.08,7841800.0,24.99,32600.0,26.639999,869000.0,9.59,24820300.0,321.190002,1195600.0,62.215,46600.0,29.639999,219600.0,34.880001,43000.0,245.559998,60262700.0,54.169998,500800.0,29.280001000000002,7500.0,111.57,5592600.0,34.450001,604200.0,27.766665999999997,193600.0,30.66,162300.0,35.580002,116200.0,30.1,5100.0
2017-07-17,8.0,299300.0,117.290001,5170800.0,28.889999,86600.0,15.22,7567200.0,24.940001000000002,26100.0,27.040001,1001500.0,9.45,25032500.0,321.920013,925200.0,62.224998,153600.0,29.57,57900.0,34.700001,626200.0,245.52999900000003,33531900.0,54.209998999999996,634600.0,29.309998999999998,31200.0,111.629997,2319900.0,34.459998999999996,534600.0,27.76,143800.0,30.65,317800.0,35.695,143400.0,30.15,9000.0
2017-07-18,8.05,325800.0,118.110001,7158600.0,28.959999,127600.0,15.38,7794600.0,25.190001000000002,61500.0,27.48,1415400.0,9.54,26992800.0,320.850006,744300.0,62.029999,103600.0,29.639999,141700.0,34.814999,105000.0,245.66000400000001,42742500.0,54.310001,526900.0,29.549999,119600.0,111.779999,3688500.0,34.540001000000004,177500.0,28.006666,19900.0,30.68,3477000.0,36.0,143400.0,30.190001000000002,22200.0
2017-07-19,8.18,304400.0,118.08000200000001,3205100.0,29.26,58200.0,15.4,5131300.0,25.780001000000002,75000.0,27.48,821100.0,9.69,25576700.0,324.149994,786200.0,62.759997999999996,36600.0,29.780001000000002,54100.0,35.025002,64400.0,246.99000499999997,51034300.0,54.360001000000004,512100.0,29.549999,8600.0,111.959999,2080200.0,34.529999,298600.0,28.026667,34200.0,30.67,1102300.0,35.990002000000004,78600.0,30.200001,25900.0
2017-07-20,8.1,310000.0,118.239998,5571600.0,29.73,38100.0,15.42,7564100.0,25.690001000000002,38300.0,27.16,1850900.0,9.61,20593500.0,323.799988,868500.0,62.794998,25400.0,29.889999,59000.0,35.02,32200.0,247.100006,47135200.0,54.369999,546200.0,29.610001,9200.0,112.08000200000001,1903800.0,34.52,394400.0,28.106666999999998,28900.0,30.68,349200.0,36.115002000000004,29600.0,30.16,45100.0
2017-07-21,7.9,185900.0,119.260002,10135900.0,29.17,43800.0,15.6,7450400.0,25.01,133500.0,26.48,2638400.0,9.34,37452800.0,322.950012,771600.0,62.555,13400.0,29.809998999999998,69800.0,34.900002,68600.0,246.88000499999998,82340800.0,54.490002000000004,517300.0,29.610001,3700.0,111.959999,4035600.0,34.580002,216300.0,28.219998999999998,5800.0,30.700001,301700.0,36.25,41400.0,30.23,51900.0
2017-07-24,8.02,188700.0,119.309998,3654300.0,28.76,100800.0,15.58,5812700.0,25.07,31100.0,25.879998999999998,1638600.0,9.5,19736600.0,323.519989,780600.0,62.549999,14200.0,29.75,72400.0,35.02,24600.0,246.82000699999998,46622300.0,54.439999,647400.0,29.52,7400.0,112.08000200000001,1032900.0,34.560001,102300.0,28.139999,7800.0,30.66,1570700.0,36.125,40000.0,30.18,7300.0
2017-07-25,8.22,173500.0,118.91999799999999,6203000.0,28.030001000000002,120900.0,15.59,6720400.0,25.690001000000002,37600.0,26.32,1286100.0,9.81,27615000.0,326.410004,2847300.0,63.105,12600.0,29.74,822900.0,35.02,41200.0,247.419998,54915600.0,54.330002,540300.0,29.459999,9700.0,112.110001,1254300.0,34.470001,180200.0,27.813334,16200.0,30.65,304000.0,35.645,59200.0,30.16,7500.0
2017-07-26,8.29,834100.0,119.879997,8527900.0,28.34,102200.0,15.75,9831200.0,26.030001000000002,26100.0,26.200001,1241200.0,9.96,38918300.0,323.369995,902700.0,62.740002000000004,32000.0,29.93,76400.0,35.275002,64000.0,247.42999300000002,47575400.0,54.389998999999996,420500.0,29.620001000000002,13500.0,112.260002,1595100.0,34.549999,598300.0,27.953333,17100.0,30.68,241200.0,35.720001,351400.0,30.18,3800.0
2017-07-27,8.39,909200.0,119.790001,6385200.0,28.459999,53200.0,15.68,7377200.0,26.450001,56200.0,26.559998999999998,1850700.0,10.06,26971000.0,322.410004,1084200.0,62.445,17000.0,29.82,66400.0,35.119999,73000.0,247.19999700000002,70766600.0,54.389998999999996,897500.0,29.610001,5200.0,112.230003,2898300.0,34.540001000000004,818100.0,27.846666,13200.0,30.68,245400.0,35.529999,43800.0,30.200001,6600.0
2017-07-28,8.44,355200.0,120.690002,7393600.0,28.59,10100.0,15.81,5841000.0,26.870001000000002,53300.0,26.440001000000002,959500.0,10.17,33308000.0,320.880005,815900.0,62.34,13400.0,29.85,60400.0,35.18,58200.0,246.91000400000001,50088400.0,54.41,530800.0,29.629998999999998,3000.0,112.230003,2108400.0,34.580002,222500.0,27.933332,14500.0,30.690001000000002,400400.0,35.775002,32600.0,30.200001,12300.0
2017-07-31,8.54,864900.0,120.75,3944600.0,28.26,389200.0,15.9,5672200.0,27.379998999999998,50800.0,25.280001000000002,3041900.0,10.28,32549200.0,320.5,1078800.0,62.240002000000004,28200.0,29.940001000000002,106700.0,35.18,123400.0,246.770004,65838700.0,54.400002,961900.0,29.639999,34300.0,112.199997,2193000.0,34.59,977400.0,27.98,18100.0,30.700001,213500.0,35.794998,41400.0,30.200001,10600.0
2017-08-01,8.41,794400.0,120.650002,7365100.0,27.360001,176900.0,15.79,6443600.0,27.18,24100.0,25.32,6316600.0,10.09,41539700.0,321.320007,846500.0,62.415001000000004,48200.0,30.08,88900.0,35.41,65000.0,247.32000699999998,55050400.0,54.57,924800.0,29.639999,13000.0,111.900002,2980800.0,34.57,258500.0,28.013334000000004,11400.0,30.68,269300.0,35.959998999999996,455000.0,30.16,22700.0
2017-08-02,8.44,424900.0,120.400002,5945300.0,27.440001000000002,29300.0,15.67,6322200.0,26.84,37200.0,25.200001,1344300.0,10.14,27049600.0,318.940002,1397300.0,61.605,37200.0,30.09,43100.0,35.395,39600.0,247.440002,47211200.0,54.490002000000004,545400.0,29.690001000000002,4100.0,111.900002,2020200.0,34.52,145800.0,28.046667,15900.0,30.67,281400.0,35.970001,37000.0,30.190001000000002,22300.0
2017-08-03,8.38,409000.0,120.589996,4275600.0,27.219998999999998,55000.0,15.72,5365400.0,26.719998999999998,19300.0,25.120001000000002,1367300.0,10.02,23288000.0,318.059998,1293300.0,61.264998999999996,25800.0,30.07,63100.0,35.325001,47000.0,246.960007,40856000.0,54.630001,481800.0,29.629998999999998,9300.0,111.629997,3401700.0,34.57,135500.0,28.066668,11400.0,30.65,211600.0,36.325001,494800.0,30.200001,11800.0
2017-08-04,8.44,408500.0,119.650002,8644800.0,27.280001000000002,34500.0,15.38,12170800.0,26.82,9200.0,25.0,1008400.0,10.13,17626300.0,318.97000099999997,1307700.0,61.529999,26400.0,30.059998999999998,84200.0,35.465,88200.0,247.41000400000001,60191800.0,54.630001,412800.0,29.58,9200.0,111.660004,5169900.0,34.52,140000.0,27.893333000000002,15100.0,30.67,262400.0,35.994999,85800.0,30.17,8200.0
2017-08-07,8.44,464100.0,119.510002,3010100.0,28.02,105200.0,15.33,4191900.0,26.58,52100.0,25.200001,1040400.0,10.1,19825500.0,319.059998,748600.0,61.575001,30400.0,30.09,45900.0,35.709998999999996,48000.0,247.86999500000002,31995000.0,54.599998,510600.0,29.559998999999998,25800.0,111.629997,1395300.0,34.529999,170100.0,27.879998999999998,58000.0,30.67,151400.0,36.080002,71000.0,30.209999,3900.0
2017-08-08,8.42,210800.0,119.860001,7227200.0,27.52,45400.0,15.56,7409400.0,26.33,17200.0,25.24,774500.0,10.06,23435400.0,318.25,1106100.0,61.360001000000004,32600.0,29.93,59300.0,35.740002000000004,65400.0,247.25999500000003,61719400.0,54.549999,480400.0,29.59,9000.0,111.300003,4180500.0,34.470001,539900.0,27.726667,6300.0,30.629998999999998,230200.0,35.959998999999996,29000.0,30.18,11100.0
2017-08-09,8.47,299900.0,121.309998,9186200.0,27.68,23000.0,15.98,12546200.0,26.48,5900.0,25.84,1529800.0,10.15,17346600.0,316.059998,1014300.0,60.799999,31600.0,29.82,88800.0,35.549999,55200.0,247.25,62632600.0,54.639998999999996,560800.0,29.51,98600.0,110.82,5858400.0,34.459998999999996,342300.0,27.713333000000002,132600.0,30.67,1200200.0,36.130001,42800.0,30.200001,23600.0
2017-08-10,8.28,140100.0,122.209999,9817900.0,26.629998999999998,243600.0,16.18,10522600.0,26.040001,18500.0,26.76,2671200.0,9.91,24936600.0,311.089996,2326000.0,59.825001,45200.0,29.43,70300.0,34.720001,41800.0,243.75999500000003,120479500.0,54.709998999999996,559400.0,29.42,21900.0,110.040001,6928500.0,34.509997999999996,249700.0,27.813334,32200.0,30.66,279600.0,36.419998,143200.0,30.219998999999998,12500.0
2017-08-11,8.34,334100.0,122.790001,8019500.0,26.639999,84500.0,16.17,6302200.0,26.35,5200.0,26.76,598700.0,9.99,14900200.0,311.72000099999997,1830100.0,59.84,22600.0,29.41,46100.0,34.825001,38200.0,244.11999500000002,74869900.0,54.790001000000004,1121200.0,29.450001,5600.0,110.309998,5146800.0,34.52,132700.0,27.753334000000002,30100.0,30.66,244000.0,36.43,86200.0,30.280001000000002,36200.0
2017-08-14,8.16,212800.0,121.91999799999999,6035300.0,26.549999,205600.0,16.129998999999998,5294900.0,25.73,12000.0,26.6,1217600.0,9.72,25261700.0,315.290009,1023600.0,60.705002,26200.0,29.620001000000002,98800.0,35.105,30800.0,246.539993,73291900.0,54.709998999999996,586500.0,29.469998999999998,6300.0,110.790001,3226800.0,34.540001000000004,2663300.0,27.753334000000002,964300.0,30.67,272900.0,36.290001000000004,99600.0,30.200001,16100.0
2017-08-15,8.15,119800.0,120.980003,6731300.0,26.040001,59200.0,15.74,8834000.0,25.84,6000.0,26.32,1358200.0,9.75,19875800.0,313.630005,1007200.0,60.084998999999996,33400.0,29.559998999999998,40500.0,35.080002,78600.0,246.50999500000003,55242700.0,54.689999,769100.0,29.49,6000.0,110.910004,3784200.0,34.459998999999996,188700.0,27.639999,20100.0,30.66,208900.0,36.134997999999996,35800.0,30.209999,17400.0
2017-08-16,8.04,173800.0,121.870003,8267300.0,25.809998999999998,65300.0,16.15,9820000.0,25.540001,15800.0,25.959999,931500.0,9.57,37689700.0,314.420013,984900.0,60.189999,20200.0,29.75,68300.0,35.509997999999996,38200.0,246.940002,56715500.0,54.639998999999996,707300.0,29.559998999999998,4700.0,110.910004,2361900.0,34.5,141000.0,27.766665999999997,120400.0,30.67,876300.0,36.235001000000004,48000.0,30.219998999999998,12100.0
2017-08-17,8.04,154400.0,122.489998,8183800.0,25.719998999999998,34100.0,16.120001000000002,6398700.0,26.0,15900.0,26.200001,856200.0,9.62,15970800.0,309.0,1833900.0,59.049999,26800.0,29.43,79400.0,35.044998,23400.0,243.08999599999999,128490400.0,54.75,666300.0,29.5,8800.0,110.339996,4455300.0,34.549999,369600.0,27.866667,28500.0,30.690001000000002,814200.0,36.505001,43400.0,30.25,5100.0
2017-08-18,8.31,345800.0,122.300003,13654200.0,25.83,58900.0,16.1,8798700.0,26.620001000000002,43700.0,26.040001,713300.0,9.97,30468000.0,308.380005,769900.0,58.91,20600.0,29.51,49500.0,35.349998,92600.0,242.710007,136748000.0,54.740002000000004,904300.0,29.6,7900.0,110.43,4065300.0,34.529999,168800.0,27.833334000000004,72700.0,30.67,998000.0,36.490002000000004,53000.0,30.25,31400.0
2017-08-21,8.12,182600.0,122.760002,5549700.0,25.57,108200.0,16.07,4983000.0,25.940001000000002,24200.0,26.559998999999998,1259200.0,9.71,30279000.0,308.350006,1042900.0,58.93,16400.0,29.52,43700.0,35.509997999999996,70600.0,242.899994,65469700.0,54.77,534400.0,29.629998999999998,3800.0,110.550003,2073000.0,34.57,191300.0,27.933332,23200.0,30.700001,274600.0,36.59,45000.0,30.26,12000.0
2017-08-22,8.18,180300.0,122.209999,6493900.0,25.379998999999998,67700.0,16.07,5127300.0,26.16,12300.0,26.360001,1053000.0,9.77,14248600.0,311.22000099999997,1071400.0,59.5,12200.0,29.68,35100.0,35.82,131200.0,245.440002,63140100.0,54.75,526000.0,29.690001000000002,5000.0,111.059998,3252600.0,34.549999,214600.0,27.866667,6600.0,30.700001,310200.0,36.43,109000.0,30.24,16700.0
2017-08-23,8.29,201200.0,122.66999799999999,5038400.0,25.24,70700.0,16.15,3175400.0,26.530001000000002,5900.0,26.280001000000002,846300.0,9.88,16572400.0,310.480011,649200.0,59.255001,25200.0,29.65,44300.0,35.985001000000004,31000.0,244.559998,50203800.0,54.799999,569600.0,29.709999,11100.0,111.0,1815900.0,34.560001,2416300.0,27.946666999999998,1187200.0,30.709999,473900.0,36.685001,34600.0,30.26,3800.0
2017-08-24,8.19,73400.0,122.290001,4193400.0,25.42,30000.0,16.030001000000002,4151400.0,27.049999,143500.0,26.48,2100000.0,9.71,18166700.0,310.140015,1290300.0,59.32,15800.0,29.629998999999998,36400.0,36.139998999999996,33000.0,243.99000499999997,50741700.0,54.799999,548200.0,29.790001,1300.0,111.150002,1809600.0,34.560001,143100.0,27.879998999999998,20200.0,30.68,330500.0,36.544998,47000.0,30.24,11300.0
2017-08-25,8.23,91000.0,122.739998,12398200.0,25.32,15100.0,16.110001,11920100.0,26.83,264800.0,25.959999,1148900.0,9.75,15187500.0,311.619995,634200.0,59.59,32600.0,29.780001000000002,56200.0,36.349998,21600.0,244.559998,64445900.0,54.799999,420300.0,29.99,18500.0,111.389999,1990200.0,34.580002,132700.0,28.013334000000004,19000.0,30.690001000000002,217100.0,36.68,34000.0,30.25,13800.0
2017-08-28,8.1,220800.0,124.690002,11578300.0,25.120001000000002,50900.0,16.5,11081500.0,27.5,533900.0,26.280001000000002,1762200.0,9.53,32482400.0,311.459991,595000.0,59.630001,17000.0,29.799999,67200.0,36.25,17800.0,244.57000699999998,40565600.0,54.830002,668900.0,29.98,9400.0,111.389999,1506600.0,34.619999,665700.0,28.040001,19600.0,30.709999,125100.0,36.674999,107200.0,30.25,9500.0
2017-08-29,8.13,201300.0,124.41999799999999,9861500.0,25.01,42200.0,16.42,12355700.0,28.059998999999998,244400.0,26.4,957100.0,9.46,19661000.0,311.170013,661200.0,59.705002,67800.0,29.700001,31700.0,36.205002,31200.0,244.850006,51135700.0,54.849998,851700.0,29.959999,117700.0,111.269997,1913700.0,34.66,162000.0,28.0,157900.0,30.719998999999998,718800.0,36.790001000000004,84000.0,30.290001,7500.0
2017-08-30,8.03,62800.0,124.360001,6328400.0,24.889999,61800.0,16.459999,3300500.0,28.4,679100.0,26.08,903400.0,9.38,18890600.0,313.059998,648900.0,60.099998,27400.0,29.65,54300.0,36.305,71800.0,246.00999500000003,62030800.0,54.830002,534200.0,30.030001000000002,439600.0,111.510002,4414200.0,34.630001,1026400.0,28.073334000000003,38500.0,30.719998999999998,634900.0,36.775002,37200.0,30.27,5400.0
2017-08-31,8.33,285800.0,125.82,11775500.0,25.52,66400.0,16.65,6445900.0,30.66,858900.0,26.84,2759500.0,9.63,25509700.0,315.579987,889200.0,60.674999,135000.0,29.870001000000002,55800.0,36.424999,50400.0,247.49000499999997,103803900.0,54.860001000000004,927300.0,30.15,162700.0,111.779999,3445500.0,34.66,436700.0,28.153334,17700.0,30.73,662800.0,36.875,57600.0,30.280001000000002,12900.0
2017-09-01,8.37,449600.0,126.059998,11567400.0,25.52,15200.0,16.73,7278900.0,30.27,562900.0,27.16,1354000.0,9.67,16012300.0,316.799988,742600.0,61.145,30000.0,29.969998999999998,55700.0,36.650002,79000.0,247.83999599999999,62007000.0,54.779999,801300.0,30.049999,869100.0,111.33000200000001,3174300.0,34.549999,1222600.0,27.92,32700.0,30.66,169500.0,36.52,145400.0,30.23,8900.0
2017-09-05,8.43,259900.0,127.459999,11813100.0,25.870001000000002,54800.0,16.91,10761400.0,29.209999,309300.0,26.360001,1737200.0,9.92,24644300.0,313.329987,1037300.0,60.5,52600.0,29.75,56800.0,36.355,33400.0,246.059998,91398800.0,54.919998,578600.0,30.110001,363000.0,111.18,3400800.0,34.650002,551300.0,28.206667,27700.0,30.68,366200.0,37.095001,209400.0,30.299999,21900.0
2017-09-06,8.54,265400.0,126.809998,10059300.0,26.110001,47700.0,16.870001000000002,8542000.0,29.129998999999998,188000.0,26.68,966200.0,10.04,20626800.0,313.700012,723500.0,60.544998,28600.0,29.92,67200.0,36.535,51800.0,246.899994,57916900.0,54.889998999999996,588500.0,30.200001,302000.0,111.089996,2806800.0,34.610001000000004,669900.0,27.98,35500.0,30.700001,499200.0,36.82,682600.0,30.280001000000002,5500.0
2017-09-07,8.53,299100.0,128.130005,10219700.0,25.709999,34700.0,17.1,9221600.0,28.799999,191500.0,26.48,1567600.0,10.03,20804800.0,312.660004,659600.0,60.514998999999996,22600.0,30.15,68600.0,36.735001000000004,85800.0,246.86999500000002,58034700.0,54.950001,720400.0,30.379998999999998,48700.0,111.120003,1728300.0,34.689999,739200.0,28.173334000000004,47400.0,30.719998999999998,393200.0,37.244999,190800.0,30.32,25400.0
2017-09-08,8.34,598900.0,127.970001,9020000.0,25.67,15900.0,17.02,7804500.0,28.620001000000002,60600.0,25.76,1463100.0,9.73,24078300.0,313.440002,764800.0,60.57,22200.0,30.129998999999998,63900.0,36.52,21600.0,246.580002,63832800.0,54.950001,520400.0,30.43,175500.0,110.790001,2476500.0,34.639998999999996,216100.0,28.02,23800.0,30.719998999999998,224000.0,37.169998,92200.0,30.32,1000.0
2017-09-11,8.4,365500.0,126.190002,9126600.0,25.629998999999998,17200.0,16.77,7282200.0,28.35,114000.0,26.16,840000.0,9.82,16411100.0,317.170013,1126900.0,61.205002,30200.0,30.379998999999998,55600.0,36.945,23600.0,249.210007,71364800.0,54.869999,524900.0,30.389999,15300.0,111.150002,2451000.0,34.610001000000004,186400.0,27.9,58300.0,30.700001,400700.0,36.740002000000004,105000.0,30.26,12100.0
2017-09-12,8.44,86000.0,126.559998,8349000.0,25.440001000000002,106900.0,16.889999,4304100.0,28.799999,84100.0,26.639999,2126200.0,9.87,14170300.0,319.380005,872400.0,61.650002,28600.0,30.450001,108300.0,36.945,455800.0,250.05000299999998,56896000.0,54.75,538700.0,30.290001,31100.0,111.300003,2881500.0,34.560001,140500.0,27.813334,76000.0,30.66,262900.0,36.544998,178600.0,30.25,9100.0
2017-09-13,8.54,277300.0,125.610001,8491000.0,25.620001000000002,39200.0,16.76,6739200.0,28.57,152800.0,27.08,1763300.0,10.07,22545000.0,319.019989,751000.0,61.779999,13600.0,30.32,44500.0,36.744999,85600.0,250.169998,59228000.0,54.720001,477900.0,30.200001,13500.0,111.239998,3130800.0,34.540001000000004,294900.0,27.746665999999998,46300.0,30.67,1708200.0,36.419998,88000.0,30.23,2700.0
2017-09-14,8.6,581600.0,126.160004,5330700.0,25.85,14600.0,16.77,4091800.0,28.24,92000.0,27.280001000000002,1331500.0,10.13,25561000.0,318.929993,1004800.0,61.720001,17200.0,30.34,42100.0,36.845001,48600.0,250.08999599999999,95446300.0,54.599998,862500.0,30.15,66800.0,111.480003,2071500.0,34.549999,261900.0,27.92,24100.0,30.65,406900.0,36.540001000000004,196000.0,30.219998999999998,6400.0
2017-09-15,8.67,309000.0,125.529999,8375100.0,25.85,27400.0,16.620001000000002,4176100.0,28.799999,109500.0,26.92,1637100.0,10.2,16084400.0,318.609985,737200.0,61.869999,19200.0,30.379998999999998,95100.0,37.060001,60200.0,249.190002,95432400.0,54.599998,381700.0,30.280001000000002,40400.0,111.510002,1600500.0,34.529999,679200.0,27.926665999999997,8800.0,30.66,973700.0,36.560001,24400.0,30.190001000000002,9700.0
2017-09-18,8.62,326600.0,124.360001,8859800.0,25.67,21900.0,16.27,11597600.0,28.719998999999998,59500.0,27.84,2378800.0,10.17,18930500.0,320.119995,974300.0,62.459998999999996,18000.0,30.469998999999998,38400.0,37.154999,46600.0,249.72000099999997,46235200.0,54.549999,595800.0,30.219998999999998,20800.0,111.480003,3680700.0,34.52,135800.0,27.940001000000002,42700.0,30.67,340100.0,36.395,100800.0,30.18,29200.0
2017-09-19,8.58,798400.0,124.620003,5826500.0,25.52,44700.0,16.360001,4238800.0,28.65,152300.0,27.639999,660900.0,10.11,15231800.0,320.089996,518300.0,62.325001,38000.0,30.58,65300.0,37.16,70800.0,249.97000099999997,47108100.0,54.610001000000004,450900.0,30.15,16100.0,111.660004,1368900.0,34.529999,1278500.0,27.966666999999998,98200.0,30.67,251000.0,36.290001000000004,40000.0,30.200001,9800.0
2017-09-20,8.69,7244100.0,123.620003,11415400.0,25.780001000000002,14200.0,16.190001000000002,10542100.0,28.719998999999998,81700.0,27.4,1117900.0,10.24,23015500.0,321.02999900000003,1200400.0,62.564999,18800.0,30.530001000000002,31200.0,36.985001000000004,120000.0,250.059998,59574100.0,54.549999,589500.0,30.200001,35600.0,111.629997,2953200.0,34.470001,241800.0,27.906665999999998,64300.0,30.65,229200.0,36.305,80400.0,30.16,5400.0
2017-09-21,8.71,3695300.0,122.68,7757900.0,25.77,28500.0,16.030001000000002,7150200.0,28.629998999999998,57800.0,26.32,3690900.0,10.25,11603300.0,320.329987,449900.0,62.564999,20200.0,30.5,51200.0,37.044998,51600.0,249.38999900000002,48211400.0,54.549999,576100.0,30.17,12800.0,111.449997,1587300.0,34.48,212300.0,27.926665999999997,49200.0,30.65,417100.0,36.285,42200.0,30.16,6200.0
2017-09-22,8.69,375400.0,123.239998,6011900.0,25.98,72900.0,16.049999,3621200.0,28.950001,69200.0,26.24,1130800.0,10.24,13084800.0,321.22000099999997,894800.0,63.025002,31400.0,30.559998999999998,32500.0,36.84,67400.0,249.440002,51214000.0,54.599998,447400.0,30.280001000000002,90900.0,111.599998,1722900.0,34.48,212600.0,28.02,94300.0,30.65,192600.0,36.375,35000.0,30.15,2900.0
2017-09-25,8.91,269300.0,124.529999,10257200.0,25.93,46500.0,16.209999,8925900.0,29.799999,91600.0,26.040001,1758500.0,10.55,29848200.0,321.950012,857600.0,63.110001000000004,26800.0,30.450001,92000.0,36.02,63000.0,248.92999300000002,57064400.0,54.689999,564000.0,30.110001,34600.0,111.690002,1821600.0,34.540001000000004,204300.0,28.200001,42100.0,30.67,569600.0,36.615002000000004,204400.0,30.190001000000002,13100.0
2017-09-26,8.87,608200.0,123.139999,8673600.0,25.790001,28800.0,15.91,7685300.0,29.35,16200.0,26.120001000000002,1011500.0,10.49,14392000.0,322.22000099999997,917100.0,63.5,27800.0,30.35,48900.0,36.215,32600.0,249.080002,54082000.0,54.68,490400.0,29.959999,20000.0,111.809998,1560900.0,34.57,967100.0,28.193333000000003,19200.0,30.66,245700.0,36.549999,60000.0,30.190001000000002,4100.0
2017-09-27,8.87,473000.0,121.980003,6903900.0,25.98,30300.0,15.83,9022100.0,28.75,17800.0,26.639999,1493500.0,10.52,16026500.0,325.23999,1472000.0,64.745003,73000.0,30.4,54300.0,35.889998999999996,82800.0,250.05000299999998,81001400.0,54.560001,732400.0,29.799999,39900.0,111.870003,1275300.0,34.560001,1551700.0,27.959999,44700.0,30.65,492400.0,36.009997999999996,124400.0,30.139999,11300.0
2017-09-28,8.81,498700.0,122.209999,5968200.0,25.809998999999998,23800.0,15.92,4344000.0,28.809998999999998,119900.0,26.32,1553900.0,10.43,18687200.0,325.959991,801700.0,64.989998,129600.0,30.459999,43500.0,35.875,19200.0,250.350006,44778800.0,54.540001000000004,618800.0,29.780001000000002,15600.0,111.870003,1516200.0,34.57,984900.0,27.933332,20100.0,30.68,338200.0,35.91,70800.0,30.18,8300.0
2017-09-29,8.79,259800.0,121.58000200000001,10208000.0,25.9,28900.0,15.74,6330500.0,28.15,41100.0,26.280001000000002,1079500.0,10.43,13117200.0,326.329987,919600.0,65.040001,24600.0,30.67,88000.0,36.235001000000004,52000.0,251.229996,85578000.0,54.59,572000.0,29.879998999999998,49300.0,111.959999,2244300.0,34.509997999999996,172900.0,28.08,10000.0,30.67,258000.0,35.990002000000004,266200.0,30.15,55000.0
2017-10-02,8.66,150200.0,120.769997,11755400.0,25.530001000000002,37100.0,15.67,5121000.0,27.67,52700.0,25.52,4705700.0,10.21,17721000.0,329.200012,1117000.0,66.029999,31800.0,30.610001,42800.0,36.145,657600.0,252.32000699999998,59023000.0,54.48,820600.0,29.610001,109100.0,111.510002,2913900.0,34.450001,892000.0,27.98,159300.0,30.620001000000002,341600.0,35.849998,283400.0,30.1,68100.0
2017-10-03,8.64,380300.0,120.83000200000001,3728700.0,25.52,22800.0,15.71,3838600.0,27.809998999999998,15100.0,25.24,2090200.0,10.18,11278900.0,330.040009,880700.0,66.239998,34200.0,30.709999,49100.0,36.689999,79000.0,252.86000099999998,66810200.0,54.470001,766300.0,29.709999,38400.0,111.720001,2400300.0,34.52,284000.0,28.013334000000004,8100.0,30.639999,253200.0,35.884997999999996,51400.0,30.129998999999998,2900.0
2017-10-04,8.57,360200.0,121.16999799999999,6475200.0,25.41,37200.0,15.69,6719300.0,28.09,17000.0,25.559998999999998,1395000.0,10.08,13078000.0,329.839996,805900.0,65.875,41400.0,30.709999,152000.0,36.75,40000.0,253.16000400000001,55953600.0,54.48,644900.0,29.73,44400.0,111.540001,1884300.0,34.5,498200.0,28.066668,30400.0,30.65,290600.0,35.895,33800.0,30.1,17600.0
2017-10-05,8.74,150200.0,120.519997,6205400.0,25.559998999999998,13900.0,15.69,4530600.0,28.82,20800.0,25.280001000000002,2228900.0,10.25,12987400.0,330.910004,1033000.0,65.964996,27600.0,30.66,75400.0,36.955002,39600.0,254.66000400000001,63522800.0,54.529999,546400.0,29.610001,18500.0,111.690002,2181600.0,34.48,256400.0,27.966666999999998,13800.0,30.629998999999998,333700.0,35.740002000000004,89000.0,30.1,29900.0
2017-10-06,8.48,176600.0,121.089996,10013300.0,25.66,11700.0,15.85,12122400.0,27.719998999999998,35900.0,25.0,2106600.0,9.97,23509600.0,330.589996,592600.0,65.864998,36400.0,30.65,57800.0,36.73,84800.0,254.36999500000002,80646000.0,54.52,623600.0,29.540001,36500.0,111.540001,2885700.0,34.450001,840700.0,27.926665999999997,13600.0,30.629998999999998,211900.0,35.665001000000004,31200.0,30.120001000000002,3500.0
2017-10-09,8.52,178100.0,122.08000200000001,5264100.0,25.41,19900.0,16.02,5576200.0,27.65,10900.0,24.68,1805700.0,10.0,10976300.0,329.630005,614200.0,65.550003,20600.0,30.610001,62000.0,36.564999,61000.0,253.94999700000002,35803100.0,54.560001,387900.0,29.459999,7700.0,111.629997,417600.0,34.490002000000004,138300.0,27.986665999999996,11400.0,30.65,219900.0,35.755001,46800.0,30.09,3200.0
2017-10-10,8.71,295600.0,122.400002,9315500.0,25.379998999999998,19400.0,16.15,8355200.0,28.33,18600.0,25.08,1262700.0,10.28,15506600.0,330.630005,650200.0,65.695,62000.0,30.91,589700.0,37.040001000000004,106800.0,254.61999500000002,43057400.0,54.529999,495800.0,29.57,54800.0,111.720001,3402300.0,34.470001,478100.0,28.013334000000004,1432900.0,30.66,484500.0,35.825001,230600.0,30.110001,38300.0
2017-10-11,8.79,142500.0,122.790001,5649400.0,25.26,24200.0,16.25,6933500.0,28.59,34600.0,25.24,2023200.0,10.36,13904300.0,330.859985,662400.0,65.644997,18200.0,31.01,61700.0,37.080002,26800.0,255.020004,47674300.0,54.52,988600.0,29.690001000000002,50800.0,111.57,1650300.0,34.5,687200.0,28.02,120300.0,30.629998999999998,1086200.0,35.889998999999996,58400.0,30.110001,12300.0
2017-10-12,8.68,167400.0,122.889999,3037600.0,25.57,58000.0,16.26,4340300.0,28.139999,12300.0,26.0,2920100.0,10.23,15218500.0,330.940002,1508200.0,65.470001,20600.0,30.969998999999998,41400.0,37.044998,50400.0,254.63999900000002,47065100.0,54.599998,668200.0,29.639999,72500.0,111.480003,1662900.0,34.52,350300.0,28.073334000000003,17500.0,30.620001000000002,283300.0,36.040001000000004,89800.0,30.110001,2500.0
2017-10-13,8.79,164400.0,123.82,6820300.0,25.940001000000002,57000.0,16.41,6616900.0,28.84,24400.0,26.040001,1289200.0,10.37,18411900.0,330.730011,656000.0,65.480003,16000.0,31.16,73500.0,37.435001,26600.0,254.94999700000002,54800400.0,54.689999,515200.0,29.799999,38300.0,111.540001,2361600.0,34.560001,564000.0,28.206667,16900.0,30.65,716200.0,36.275002,70200.0,30.120001000000002,10400.0
2017-10-16,8.88,102800.0,122.970001,8202000.0,25.76,63900.0,16.25,7914300.0,28.799999,19100.0,25.76,1595100.0,10.46,16045700.0,330.679993,544100.0,65.375,15400.0,31.15,63000.0,37.490002000000004,50100.0,255.289993,38221700.0,54.779999,461100.0,29.74,27500.0,111.57,1660800.0,34.540001000000004,293400.0,28.16,9100.0,30.65,370500.0,36.259997999999996,17000.0,30.09,38300.0
2017-10-17,8.86,7519400.0,122.129997,7041300.0,25.68,50400.0,16.09,7724400.0,29.08,127200.0,25.559998999999998,1500400.0,10.49,16405100.0,330.230011,455700.0,65.135002,33600.0,31.08,66000.0,37.32,119400.0,255.47000099999997,31561000.0,54.790001000000004,829200.0,29.709999,25900.0,111.75,1911900.0,34.48,419700.0,28.209999,12700.0,30.629998999999998,226500.0,36.310001,35500.0,30.08,33100.0
2017-10-18,8.87,452700.0,121.66999799999999,3666400.0,25.5,33900.0,16.059998999999998,4124900.0,29.290001,46600.0,25.360001,1417100.0,10.48,13461900.0,331.269989,567700.0,65.68,61800.0,31.15,85200.0,37.34,93500.0,255.72000099999997,40888300.0,54.75,748000.0,29.68,18200.0,111.809998,1854600.0,34.5,583000.0,28.110001,100200.0,30.629998999999998,402100.0,36.080002,209300.0,30.08,31900.0
2017-10-19,8.78,210100.0,122.389999,5567300.0,25.549999,20000.0,16.27,7656600.0,29.0,37300.0,25.440001000000002,3287200.0,10.35,11579100.0,331.589996,654500.0,65.474998,61000.0,31.059998999999998,92900.0,37.110001000000004,79300.0,255.789993,61903800.0,54.759997999999996,472400.0,29.719998999999998,17500.0,111.870003,1164300.0,34.5,199700.0,28.139999,14900.0,30.629998999999998,302700.0,36.169998,67100.0,30.09,30100.0
2017-10-20,8.83,266600.0,121.610001,8481100.0,25.23,59800.0,16.08,8794400.0,29.65,88100.0,25.48,1396800.0,10.43,11985300.0,333.570007,1385200.0,65.91999799999999,23600.0,31.0,105200.0,37.169998,96400.0,257.109985,89176400.0,54.66,630300.0,29.59,8400.0,111.959999,1083000.0,34.459998999999996,700300.0,27.99,26200.0,30.639999,460000.0,35.77,56700.0,30.059998999999998,107200.0
2017-10-23,8.81,128700.0,121.800003,5069700.0,25.67,22700.0,16.139999,6320400.0,29.42,28800.0,25.76,2309300.0,10.42,11346200.0,331.799988,614600.0,65.474998,24600.0,30.98,268400.0,36.950001,582800.0,256.109985,63915300.0,54.700001,449900.0,29.469998999999998,15800.0,111.839996,1024500.0,34.509997999999996,298500.0,28.059998999999998,22800.0,30.639999,422900.0,35.830002,123900.0,30.08,37300.0
2017-10-24,8.93,3654100.0,121.33000200000001,5114100.0,25.68,10200.0,16.02,6171700.0,30.15,54700.0,25.879998999999998,2175800.0,10.54,18370700.0,333.119995,1042700.0,65.735001,37800.0,31.030001000000002,862000.0,37.009997999999996,744800.0,256.559998,66935900.0,54.639998999999996,526900.0,29.379998999999998,15400.0,111.93,3203400.0,34.470001,288300.0,27.969998999999998,18400.0,30.65,437200.0,35.630001,111500.0,30.059998999999998,44000.0
2017-10-25,8.89,408000.0,121.349998,4282400.0,25.559998999999998,20400.0,16.01,4316500.0,30.360001,27300.0,25.4,1286800.0,10.48,17233000.0,331.070007,836100.0,65.264999,28800.0,30.92,134900.0,36.84,125100.0,255.289993,103715300.0,54.639998999999996,524300.0,29.34,2479800.0,111.57,3746700.0,34.400002,312000.0,27.879998999999998,42000.0,30.629998999999998,426800.0,35.470001,101400.0,30.059998999999998,14000.0
2017-10-26,8.96,250500.0,120.33000200000001,6438800.0,25.49,6900.0,15.85,6618000.0,30.620001000000002,38900.0,25.040001,1579200.0,10.57,15344000.0,332.5,880000.0,65.620003,19400.0,30.92,503400.0,36.700001,93400.0,255.61999500000002,69798000.0,54.73,587600.0,28.98,132700.0,111.41999799999999,3591900.0,34.419998,291000.0,27.879998999999998,29700.0,30.639999,488900.0,35.360001000000004,40500.0,30.049999,32500.0
2017-10-27,9.15,839600.0,120.900002,6664200.0,25.379998999999998,5800.0,15.91,7225600.0,30.93,36500.0,24.440001000000002,3663300.0,10.84,24699000.0,334.25,784800.0,66.019997,18200.0,31.0,241300.0,37.09,235900.0,257.709991,85562500.0,54.77,573600.0,29.129998999999998,148200.0,111.690002,2876100.0,34.48,360200.0,28.049999,19500.0,30.65,369700.0,35.57,59300.0,30.07,82300.0
2017-10-30,9.19,478500.0,121.129997,5119200.0,25.32,15200.0,15.91,3854300.0,30.83,26300.0,24.52,1481900.0,10.87,12586400.0,331.850006,988600.0,65.139999,33600.0,31.07,147300.0,36.939999,181500.0,256.75,54285700.0,54.889998999999996,555800.0,29.09,157200.0,111.660004,2031900.0,34.52,191300.0,28.17,22700.0,30.639999,382100.0,35.869999,41700.0,30.09,45300.0
2017-10-31,9.24,505100.0,120.66999799999999,3910500.0,25.139999,39300.0,15.79,10656700.0,31.139999,35900.0,23.92,3456000.0,10.93,14033200.0,333.619995,944700.0,65.709999,28800.0,31.18,207700.0,37.119999,267300.0,257.149994,60304800.0,54.880001,566900.0,29.1,175800.0,111.720001,1866000.0,34.52,848000.0,28.16,60700.0,30.66,712700.0,35.91,78200.0,30.08,67800.0
2017-11-01,9.22,246800.0,121.110001,4647800.0,25.24,11300.0,16.18,10689100.0,31.379998999999998,39800.0,23.879998999999998,2378700.0,10.9,21152000.0,332.73999,792100.0,65.394997,69200.0,31.299999,441100.0,37.200001,193700.0,257.48999,54202700.0,54.880001,797100.0,29.07,167600.0,111.120003,2342400.0,34.439999,298900.0,28.09,12400.0,30.6,650500.0,35.98,267800.0,30.049999,35300.0
2017-11-02,9.3,255300.0,121.190002,5369500.0,25.559998999999998,32500.0,16.17,5499600.0,32.119999,27300.0,24.120001000000002,2153500.0,10.99,10079300.0,333.019989,1042400.0,65.364998,31000.0,31.34,445400.0,37.299999,230800.0,257.589996,56449500.0,54.93,785900.0,29.17,144800.0,111.059998,3197100.0,34.43,5552500.0,28.17,254600.0,30.58,733000.0,36.130001,106100.0,30.059998999999998,205700.0
2017-11-03,9.45,1992800.0,120.620003,6330600.0,25.4,17200.0,15.92,6779700.0,32.240002000000004,39500.0,24.48,1570500.0,11.18,18851200.0,333.859985,879300.0,64.945,32200.0,31.309998999999998,750400.0,37.119999,279300.0,258.450012,59589700.0,54.950001,544800.0,28.889999,159600.0,111.0,2954700.0,34.450001,227000.0,28.23,27600.0,30.57,1293600.0,36.209998999999996,81800.0,30.049999,33200.0
2017-11-06,9.73,627400.0,121.650002,6953800.0,25.530001000000002,12100.0,16.27,9806100.0,32.900002,70100.0,25.52,4661800.0,11.51,30754200.0,335.190002,595800.0,65.019997,36200.0,31.379998999999998,197300.0,37.5,100600.0,258.850006,49652600.0,55.029999,678300.0,29.110001,161300.0,110.940002,5660700.0,34.439999,347000.0,28.25,131800.0,30.59,561800.0,36.360001000000004,79000.0,30.07,24000.0
2017-11-07,9.72,342400.0,121.209999,4165900.0,25.42,9900.0,16.01,6467600.0,32.75,35700.0,25.879998999999998,3079500.0,11.49,17894800.0,333.079987,513600.0,64.394997,24400.0,31.26,588100.0,37.25,129900.0,258.670013,57502200.0,55.130001,495800.0,28.92,144500.0,110.790001,5992200.0,34.459998999999996,370600.0,28.23,212700.0,30.58,387000.0,36.5,65300.0,30.059998999999998,83600.0
2017-11-08,9.67,368800.0,121.629997,5565200.0,25.43,7300.0,16.059998999999998,6397500.0,32.830002,25700.0,25.879998999999998,1649100.0,11.41,37214600.0,333.899994,762000.0,64.66999799999999,31600.0,31.370001000000002,263500.0,37.450001,1353400.0,259.109985,50469600.0,55.09,679700.0,29.07,141200.0,110.25,3993300.0,34.41,285500.0,28.190001000000002,411800.0,30.559998999999998,620700.0,36.389998999999996,36500.0,30.049999,48900.0
2017-11-09,9.71,225800.0,122.129997,6072400.0,25.200001,20900.0,16.07,4291500.0,32.669998,34400.0,26.360001,2671200.0,11.46,19683700.0,332.25,917300.0,64.400002,41000.0,31.200001,585100.0,37.23,757900.0,258.170013,95085500.0,54.91,651700.0,29.08,174600.0,109.529999,12599700.0,34.389998999999996,306200.0,28.1,86300.0,30.549999,444500.0,36.299999,76100.0,30.059998999999998,105000.0
2017-11-10,9.68,153400.0,121.129997,7116200.0,25.299999,13000.0,15.95,7895200.0,32.939999,11800.0,26.440001000000002,1660800.0,11.42,11713000.0,332.22000099999997,650400.0,64.459999,21000.0,31.09,209100.0,37.18,152300.0,258.089996,59984700.0,54.810001,531600.0,28.969998999999998,179600.0,110.040001,5422200.0,34.290001000000004,523900.0,27.82,87600.0,30.540001,468300.0,35.799999,131200.0,30.02,30200.0
2017-11-13,9.64,898200.0,121.309998,6249300.0,25.049999,25900.0,16.09,5959400.0,32.150002,22800.0,25.84,2290900.0,11.38,13898500.0,332.859985,510500.0,64.540001,17400.0,30.959999,192700.0,37.119999,95100.0,258.329987,50228600.0,54.82,493600.0,28.91,146200.0,109.91999799999999,4831200.0,34.259997999999996,957500.0,27.83,98600.0,30.52,310800.0,35.880001,55900.0,30.02,84000.0
2017-11-14,9.42,549900.0,121.559998,6189000.0,24.870001000000002,46200.0,16.08,6728600.0,31.59,24700.0,25.32,2296600.0,11.13,21526500.0,332.410004,795000.0,64.474998,17400.0,30.959999,471600.0,36.830002,145200.0,257.730011,61315200.0,54.889998999999996,3997200.0,28.92,168500.0,109.5,3578400.0,34.27,464800.0,27.879998999999998,147200.0,30.540001,537200.0,36.09,36100.0,30.02,57600.0
2017-11-15,9.41,314400.0,121.410004,4984800.0,24.83,26800.0,16.030001000000002,6371300.0,31.24,47300.0,25.32,1400300.0,11.09,13776500.0,330.869995,922800.0,64.095001,25600.0,30.799999,294000.0,36.66,147800.0,256.440002,80811500.0,54.970001,732000.0,28.959999,152100.0,109.410004,6158700.0,34.310001,338000.0,28.040001,209100.0,30.52,883300.0,36.48,79400.0,30.040001,84500.0
2017-11-16,9.37,146300.0,121.400002,2796500.0,24.719998999999998,108600.0,16.120001000000002,4404900.0,30.84,13800.0,25.24,1875200.0,11.07,12232000.0,334.160004,1244400.0,65.290001,16000.0,31.09,356100.0,37.259997999999996,190700.0,258.619995,67777000.0,54.959998999999996,568800.0,29.08,122200.0,110.43,7202400.0,34.310001,915500.0,27.98,607100.0,30.530001000000002,862500.0,36.130001,115500.0,30.01,33200.0
2017-11-17,9.6,595200.0,122.860001,10614000.0,25.139999,71900.0,16.309998999999998,9025200.0,31.42,47000.0,25.6,2149300.0,11.35,16387200.0,335.070007,831800.0,65.58000200000001,34600.0,30.98,1001300.0,37.5,240900.0,257.859985,75756800.0,54.970001,662400.0,29.190001000000002,121900.0,110.370003,3800100.0,34.32,439500.0,28.129998999999998,62000.0,30.52,769400.0,36.43,120400.0,30.0,16400.0
2017-11-20,9.54,109800.0,121.309998,8356700.0,25.040001,79600.0,15.98,12877700.0,31.23,45100.0,24.959999,1656300.0,11.28,11438000.0,336.26001,889600.0,66.125,24200.0,31.059998999999998,475400.0,37.639998999999996,234800.0,258.299988,48075500.0,55.0,641700.0,29.129998999999998,108300.0,110.43,1995600.0,34.299999,1337800.0,28.15,162100.0,30.51,486100.0,36.400002,94700.0,29.98,201700.0
2017-11-21,9.62,1318700.0,121.510002,4956500.0,25.110001,44000.0,16.01,5835800.0,31.75,11800.0,24.799999,1766100.0,11.4,12239300.0,338.410004,825300.0,66.660004,18400.0,31.290001,463400.0,38.119999,246700.0,259.98999,69176800.0,55.049999,712100.0,29.23,151300.0,110.639999,3219600.0,34.32,389300.0,28.27,42600.0,30.5,468500.0,36.490002000000004,75100.0,29.959999,75700.0
2017-11-22,9.76,214200.0,122.629997,5211800.0,25.209999,9900.0,16.17,5600400.0,31.709999,11800.0,24.4,2508300.0,11.6,17969300.0,338.190002,942300.0,66.769997,22000.0,31.370001000000002,490300.0,38.139998999999996,407700.0,259.76001,45033400.0,55.130001,2223100.0,29.48,141200.0,110.879997,3309600.0,34.419998,467700.0,28.41,77000.0,30.540001,371000.0,36.630001,58000.0,30.0,83400.0
2017-11-24,9.89,842700.0,122.32,1779700.0,24.91,64000.0,16.08,2423800.0,32.169998,47100.0,23.360001,5151000.0,11.79,9394100.0,338.339996,318700.0,66.855003,5800.0,31.59,144100.0,38.049999,70200.0,260.359985,27856500.0,55.080002,297200.0,29.530001000000002,127800.0,110.970001,995700.0,34.360001000000004,162200.0,28.389999,13600.0,30.540001,184900.0,36.52,74000.0,30.01,19300.0
2017-11-27,9.78,292700.0,122.83000200000001,4961200.0,24.860001,14500.0,16.1,4960300.0,32.169998,16400.0,24.120001000000002,4136200.0,11.59,13886000.0,337.700012,1048900.0,66.45500200000001,20600.0,31.379998999999998,1019100.0,37.740002000000004,289200.0,260.230011,52274900.0,55.130001,1451400.0,29.559998999999998,134500.0,110.699997,2508000.0,34.400002,347300.0,28.33,63500.0,30.530001000000002,437500.0,36.48,125500.0,30.030001000000002,125500.0
2017-11-28,9.77,209600.0,122.809998,5603100.0,24.790001,56900.0,15.91,13159700.0,31.799999,23200.0,24.92,3402900.0,11.58,8109500.0,342.369995,810400.0,67.644997,12600.0,31.540001,384300.0,37.990002000000004,402300.0,262.869995,98971700.0,55.0,1509300.0,29.610001,151900.0,111.0,7488000.0,34.43,510100.0,28.360001,20700.0,30.540001,1296600.0,36.509997999999996,74900.0,30.02,267500.0
2017-11-29,9.69,330700.0,122.040001,6138900.0,25.0,29700.0,15.64,9101700.0,31.280001000000002,22100.0,25.24,3834500.0,11.47,16093700.0,343.929993,1281200.0,68.04499799999999,26800.0,31.42,378200.0,37.380001,207100.0,262.709991,77512100.0,54.919998,1595100.0,29.51,128100.0,110.849998,2974200.0,34.389998999999996,385100.0,28.17,66500.0,30.530001000000002,719400.0,36.189999,91900.0,30.0,44000.0
2017-11-30,9.68,546400.0,121.099998,7936300.0,24.99,23200.0,15.51,11035900.0,31.23,25400.0,24.200001,5923200.0,11.47,17819100.0,345.910004,1200400.0,68.129997,36000.0,31.440001000000002,541100.0,37.200001,411800.0,265.01001,127894400.0,54.959998999999996,535500.0,29.469998999999998,112000.0,110.82,5152800.0,34.330002,335900.0,28.15,237000.0,30.51,907100.0,36.049999,80700.0,29.969998999999998,47700.0
2017-12-01,9.84,378600.0,121.589996,13080100.0,25.24,40900.0,15.53,14631900.0,31.299999,28200.0,24.4,2606700.0,11.67,14145200.0,345.019989,1634600.0,67.57,35600.0,31.389999,1686100.0,36.91,289000.0,264.459991,164390900.0,55.080002,716200.0,29.49,173700.0,110.25,5307000.0,34.310001,293000.0,28.309998999999998,206900.0,30.48,439600.0,36.470001,120600.0,29.959999,88100.0
2017-12-04,9.69,132500.0,121.18,6943700.0,25.02,46600.0,15.44,6857300.0,30.559998999999998,30300.0,23.68,4662400.0,11.49,12187700.0,344.920013,1014500.0,67.68,40800.0,31.25,749800.0,36.959998999999996,169400.0,264.140015,94040600.0,55.110001000000004,1126900.0,29.459999,132000.0,110.190002,2789100.0,34.27,364700.0,28.309998999999998,11600.0,30.459999,450900.0,36.459998999999996,149800.0,29.940001000000002,95600.0
2017-12-05,9.74,109300.0,120.32,10041200.0,25.09,25200.0,15.23,10124000.0,30.950001,8200.0,23.200001,4489400.0,11.54,12914400.0,342.23999,1302600.0,67.040001,42000.0,31.190001000000002,655600.0,36.889998999999996,505700.0,263.190002,77994500.0,55.150002,767300.0,29.450001,134700.0,110.25,2532600.0,34.299999,415000.0,28.469998999999998,690900.0,30.469998999999998,493200.0,36.66,575100.0,29.93,37000.0
2017-12-06,9.46,208100.0,120.07,6643000.0,24.85,33200.0,15.1,8124700.0,30.07,24100.0,23.120001000000002,1954100.0,11.2,19389000.0,340.850006,725700.0,66.639999,33800.0,31.09,546200.0,36.5,256700.0,263.23999,75898600.0,55.200001,544800.0,29.469998999999998,158400.0,110.129997,2590500.0,34.34,360400.0,28.559998999999998,30500.0,30.450001,785400.0,36.810001,112300.0,29.940001000000002,58200.0
2017-12-07,9.56,132100.0,118.489998,12900200.0,24.76,64400.0,14.87,11107000.0,30.629998999999998,21800.0,22.0,8813500.0,11.33,9103400.0,343.070007,1152500.0,66.949997,15800.0,31.16,346300.0,36.549999,170300.0,264.070007,77218600.0,55.16,542900.0,29.299999,107500.0,110.220001,3307800.0,34.32,910200.0,28.41,113200.0,30.469998999999998,873800.0,36.52,139900.0,29.940001000000002,110100.0
2017-12-08,9.7,95800.0,118.480003,5231300.0,24.709999,9700.0,14.96,6584400.0,30.950001,38700.0,22.120001000000002,2462200.0,11.49,9426600.0,344.350006,1745200.0,67.0,18600.0,31.309998999999998,1411700.0,36.900002,490600.0,265.51001,76563900.0,55.18,435600.0,29.389999,146500.0,110.279999,2006700.0,34.310001,255000.0,28.379998999999998,53000.0,30.49,1066500.0,36.470001,123500.0,29.959999,470200.0
2017-12-11,9.8,179700.0,118.010002,4522200.0,24.43,44800.0,14.85,6204400.0,31.110001,31300.0,22.24,2953700.0,11.6,14382900.0,344.119995,1063500.0,66.764999,26600.0,31.379998999999998,389000.0,37.130001,259900.0,266.309998,83077500.0,55.200001,600000.0,29.41,141000.0,110.339996,1871100.0,34.310001,273700.0,28.389999,30200.0,30.49,353500.0,36.41,101700.0,29.940001000000002,100400.0
2017-12-12,9.66,133500.0,118.150002,8020100.0,24.309998999999998,29700.0,14.86,7053000.0,30.6,23100.0,21.440001000000002,5423900.0,11.44,24854900.0,343.22000099999997,879700.0,66.635002,32000.0,31.4,349600.0,36.900002,545900.0,266.77999900000003,85195800.0,55.139998999999996,806200.0,29.26,179700.0,110.339996,1505100.0,34.290001000000004,383100.0,28.389999,137800.0,30.469998999999998,615300.0,36.380001,118800.0,29.93,63400.0
2017-12-13,9.55,142800.0,119.16999799999999,10086700.0,24.42,33000.0,15.15,15271600.0,29.780001000000002,53200.0,21.440001000000002,2943500.0,11.33,18213100.0,343.26001,1467900.0,66.910004,21600.0,31.52,506600.0,37.25,468200.0,266.75,102905400.0,55.200001,5976200.0,29.469998999999998,126900.0,110.339996,2791500.0,34.349998,388400.0,28.530001000000002,98600.0,30.49,1663900.0,36.66,171400.0,29.969998999999998,47300.0
2017-12-14,9.64,70000.0,118.93,6993600.0,24.41,24700.0,15.02,7594400.0,30.190001000000002,34000.0,21.360001,2689400.0,11.43,9073200.0,340.380005,1112000.0,66.275002,34600.0,31.41,1470900.0,37.029999,815900.0,265.660004,100666700.0,55.209998999999996,3212900.0,29.32,114800.0,110.07,4553400.0,34.34,915800.0,28.629998999999998,41400.0,30.49,849700.0,36.82,204100.0,29.959999,512400.0
2017-12-15,9.66,99400.0,119.18,7532000.0,24.290001,20000.0,15.15,7127000.0,29.870001000000002,42000.0,20.879998999999998,4643300.0,11.46,9608500.0,342.47000099999997,1177700.0,66.0,45800.0,31.16,418400.0,36.849998,263500.0,266.51001,144610300.0,55.259997999999996,777400.0,29.43,109200.0,110.099998,2114100.0,34.349998,941200.0,28.73,37600.0,30.5,1418200.0,36.939999,1667800.0,29.92,514400.0
2017-12-18,9.65,130600.0,119.730003,5452200.0,24.24,76400.0,15.22,4684300.0,30.110001,78000.0,21.68,5454900.0,11.44,13068000.0,346.02999900000003,782400.0,66.925003,54200.0,31.459999,706000.0,37.200001,1874900.0,268.200012,83653600.0,55.240002000000004,751700.0,29.6,135900.0,110.220001,3988200.0,34.299999,840400.0,28.559998999999998,68600.0,30.48,1035500.0,36.619999,279500.0,29.950001,108100.0
2017-12-19,9.73,106000.0,119.82,4018900.0,24.190001000000002,19600.0,15.22,5053000.0,30.49,20900.0,21.440001000000002,2804100.0,11.51,6849100.0,344.600006,646300.0,66.45500200000001,33800.0,31.4,367400.0,37.060001,195600.0,267.170013,82382900.0,55.049999,919400.0,29.440001000000002,172300.0,109.529999,2073600.0,34.110001000000004,363000.0,28.25,347300.0,30.41,1844900.0,36.07,160300.0,29.860001,57800.0
2017-12-20,9.82,104500.0,120.139999,5734600.0,24.27,31500.0,15.25,4520100.0,31.110001,24700.0,20.92,4185200.0,11.61,10117800.0,345.160004,1044900.0,66.504997,40800.0,31.360001,527700.0,37.23,195100.0,267.02999900000003,76751500.0,55.029999,788600.0,29.49,183100.0,109.650002,3477900.0,34.099998,358200.0,28.049999,92100.0,30.4,773400.0,35.68,148200.0,29.85,40800.0
2017-12-21,9.85,345000.0,120.309998,4823700.0,24.309998999999998,30500.0,15.22,3910000.0,31.209999,25600.0,20.559998999999998,4078500.0,11.64,11135600.0,345.929993,1541000.0,66.775002,55400.0,31.459999,430100.0,37.549999,346800.0,267.579987,67032300.0,54.98,641200.0,29.389999,131200.0,109.68,2051700.0,34.110001000000004,617800.0,28.209999,102700.0,30.370001000000002,1685500.0,35.869999,133600.0,29.83,53200.0
2017-12-22,9.85,272200.0,120.940002,5791300.0,24.379998999999998,28200.0,15.4,8326700.0,31.309998999999998,18700.0,21.0,2210900.0,11.66,6591400.0,345.940002,652300.0,66.724998,21000.0,31.5,356600.0,37.799999,346400.0,267.51001,78720900.0,54.990002000000004,484500.0,29.379998999999998,136400.0,109.889999,4680000.0,34.139998999999996,466200.0,28.23,105900.0,30.4,1249500.0,35.93,86300.0,29.84,137900.0
2017-12-26,10.09,464700.0,121.769997,8224400.0,24.440001000000002,27700.0,15.59,6380400.0,31.85,36500.0,20.879998999999998,3247500.0,11.95,17599000.0,346.109985,545800.0,66.760002,49800.0,31.540001,337100.0,37.82,187600.0,267.190002,45244400.0,54.310001,703900.0,29.5,696000.0,110.040001,1478400.0,34.150002,869200.0,28.32,21500.0,30.379998999999998,704600.0,36.040001000000004,46000.0,29.84,97400.0
2017-12-27,10.06,275900.0,122.230003,6232700.0,24.58,28000.0,15.73,6516600.0,31.93,40000.0,21.559998999999998,2316400.0,11.92,8270200.0,345.980011,1064800.0,66.709999,28600.0,31.620001000000002,806400.0,37.82,282100.0,267.320007,57751000.0,54.41,626500.0,29.540001,112500.0,110.07,2064000.0,34.240002000000004,691200.0,28.59,53900.0,30.43,1672800.0,36.490002000000004,86400.0,29.870001000000002,140700.0
2017-12-28,10.13,414700.0,122.849998,5732700.0,24.389999,118000.0,15.88,10101800.0,32.0,47300.0,23.040001,7076000.0,11.97,12368100.0,347.26001,932500.0,66.875,26600.0,31.68,348400.0,38.02,245900.0,267.869995,45116100.0,54.330002,702900.0,29.690001000000002,253300.0,109.980003,1752600.0,34.220001,278500.0,28.57,30700.0,30.41,1794000.0,36.43,57100.0,29.85,42800.0
2017-12-29,10.15,358700.0,123.650002,7852100.0,24.360001,38400.0,15.99,13888400.0,31.85,21300.0,23.32,4611800.0,12.01,11801900.0,345.410004,2000000.0,66.5,44400.0,31.700001,530700.0,38.150002,338000.0,266.859985,96007400.0,54.369999,829300.0,29.68,157200.0,110.160004,1667100.0,34.220001,1075200.0,28.610001,57300.0,30.42,733600.0,36.59,299100.0,29.870001000000002,133400.0
2018-01-02,10.19,155000.0,125.150002,11762500.0,24.700001,86600.0,16.209999,8943200.0,31.4,24000.0,24.040001,7088600.0,12.07,11980700.0,348.700012,2309000.0,66.894997,44600.0,31.950001,1248400.0,39.0,381800.0,268.769989,86655700.0,54.25,3335600.0,29.950001,179500.0,110.279999,3825000.0,34.189999,911400.0,28.34,818500.0,30.42,1038000.0,36.150002,2450900.0,29.85,450700.0
2018-01-03,10.41,216000.0,124.82,7904300.0,24.690001000000002,56200.0,16.17,9149500.0,32.040001000000004,22500.0,23.639999,3172900.0,12.34,17249200.0,349.269989,1327900.0,66.970001,35400.0,32.150002,443400.0,39.259997999999996,782600.0,270.47000099999997,90070400.0,54.290001000000004,879900.0,30.08,296900.0,110.82,8505000.0,34.209998999999996,594000.0,28.43,78600.0,30.42,633700.0,36.299999,295800.0,29.85,96700.0
2018-01-04,10.43,184600.0,125.459999,7329700.0,24.65,37200.0,16.23,7466300.0,32.169998,19500.0,22.68,5087600.0,12.37,11847900.0,350.309998,800900.0,67.160004,141400.0,32.439999,1265000.0,39.509997999999996,505000.0,271.609985,80636400.0,54.299999,1469600.0,30.18,190100.0,110.970001,2887200.0,34.18,2792100.0,28.440001000000002,100300.0,30.4,553900.0,36.299999,1701900.0,29.84,88700.0
2018-01-05,10.38,307700.0,125.33000200000001,5739900.0,24.59,11300.0,16.219998999999998,5651500.0,31.93,24200.0,22.08,9380600.0,12.31,12879100.0,351.519989,916100.0,67.404999,29800.0,32.630001,875000.0,39.830002,650300.0,273.420013,83524000.0,54.299999,781300.0,30.219998999999998,297600.0,111.089996,2724900.0,34.169998,868200.0,28.43,240400.0,30.379998999999998,1079200.0,36.18,165200.0,29.82,424600.0
2018-01-08,10.44,183400.0,125.309998,3566700.0,24.379998999999998,50500.0,16.15,6707000.0,32.07,22500.0,22.299999,9144600.0,12.38,9833800.0,353.450012,1565200.0,67.415001,39600.0,32.59,698900.0,39.860001000000004,247200.0,273.920013,57319200.0,54.310001,1172500.0,30.110001,237600.0,110.970001,3486000.0,34.189999,755300.0,28.42,92400.0,30.4,817500.0,36.169998,158100.0,29.84,65900.0
2018-01-09,10.62,282300.0,124.730003,9153600.0,24.530001000000002,76900.0,16.030001000000002,6975400.0,32.700001,45100.0,23.299999,8351200.0,12.57,21329200.0,352.899994,707800.0,67.5,26600.0,32.610001000000004,2018100.0,39.799999,1106400.0,274.540009,57254000.0,54.279999,2306400.0,29.99,210900.0,110.699997,2927700.0,34.139998999999996,416200.0,28.190001000000002,362300.0,30.4,2060400.0,35.669998,364500.0,29.809998999999998,43500.0
2018-01-10,10.69,200600.0,125.029999,14809300.0,24.469998999999998,54200.0,16.02,8167800.0,32.720001,23200.0,22.99,4797800.0,12.68,14572400.0,351.27999900000003,883400.0,67.275002,30600.0,32.540001000000004,2653500.0,39.599998,1159900.0,274.119995,69574300.0,54.220001,3970300.0,30.129998999999998,1309200.0,110.489998,16481400.0,34.139998999999996,777400.0,28.280001000000002,935900.0,30.43,2510200.0,35.630001,404800.0,29.83,178100.0
2018-01-11,10.71,267000.0,125.440002,5994700.0,24.41,44800.0,16.01,5981900.0,32.73,44200.0,24.4,14321200.0,12.7,20632800.0,356.299988,1090400.0,68.555,47000.0,32.73,1352800.0,39.869999,706600.0,276.119995,62361500.0,54.220001,3392600.0,30.18,275900.0,110.760002,3348000.0,34.139998999999996,438700.0,28.4,488600.0,30.43,819100.0,35.779999,174900.0,29.82,250500.0
2018-01-12,10.86,142000.0,126.959999,9258600.0,24.280001000000002,86600.0,16.27,9850100.0,32.919998,9700.0,25.280001000000002,12648700.0,12.87,22801600.0,357.200012,907100.0,68.760002,45400.0,33.060001,813400.0,40.240002000000004,573000.0,277.920013,90816100.0,54.189999,2127900.0,30.32,282300.0,110.58000200000001,5027700.0,34.139998999999996,743400.0,28.469998999999998,1159400.0,30.41,2018700.0,35.830002,112000.0,29.809998999999998,78600.0
2018-01-16,10.77,284200.0,127.16999799999999,8083900.0,24.26,71000.0,16.25,8985900.0,32.799999,14100.0,24.6,8344400.0,12.76,18222800.0,354.52999900000003,1416800.0,68.135002,51400.0,33.049999,1883000.0,40.049999,765400.0,276.97000099999997,106555100.0,54.240002000000004,5943700.0,30.27,254100.0,110.610001,5822400.0,34.119999,1299900.0,28.559998999999998,1367200.0,30.389999,1182000.0,35.990002000000004,181600.0,29.799999,147200.0
2018-01-17,10.77,293700.0,126.139999,10130500.0,24.48,89200.0,16.059998999999998,10718200.0,33.16,24800.0,25.6,9458500.0,12.78,15944100.0,357.119995,1029200.0,68.779999,33600.0,33.220001,1581700.0,40.66,676100.0,279.609985,113258800.0,54.200001,3369300.0,30.34,307900.0,110.519997,4194300.0,34.040001000000004,696800.0,28.440001000000002,652200.0,30.360001,7167600.0,35.919998,92400.0,29.780001000000002,226600.0
2018-01-18,10.75,191900.0,125.860001,6289300.0,24.530001000000002,23700.0,15.97,8512300.0,33.419998,56000.0,25.190001000000002,6898600.0,12.76,16605700.0,355.899994,792500.0,68.275002,71800.0,33.169998,2736600.0,40.720001,2009000.0,279.140015,100728000.0,54.18,2863500.0,30.379998999999998,287800.0,110.43,5777100.0,34.02,806000.0,28.27,341800.0,30.370001000000002,1916300.0,35.610001000000004,125200.0,29.77,351400.0
2018-01-19,10.72,182800.0,126.41999799999999,8773800.0,24.540001,44300.0,16.049999,7674700.0,33.110001000000004,49300.0,24.860001,4292900.0,12.72,17345400.0,359.600006,553100.0,69.285004,49600.0,33.299999,1497400.0,41.09,615400.0,280.410004,140920100.0,54.200001,2685000.0,30.379998999999998,191000.0,110.459999,3398700.0,33.950001,1157200.0,28.110001,179400.0,30.360001,1309400.0,35.419998,238200.0,29.75,124800.0
2018-01-22,10.77,189300.0,126.650002,4893500.0,24.639999,39600.0,16.040001,4588100.0,33.439999,28800.0,24.85,3674100.0,12.78,14929800.0,361.450012,719500.0,69.370003,35000.0,33.470001,729100.0,41.419998,415800.0,282.690002,91322400.0,54.240002000000004,1482500.0,30.43,204400.0,110.550003,4673100.0,33.98,424300.0,28.120001000000002,169100.0,30.35,643000.0,35.439999,280400.0,29.76,226300.0
2018-01-23,10.92,229000.0,127.279999,6190400.0,24.59,128200.0,16.08,9722800.0,33.900002,19400.0,25.940001000000002,7943200.0,12.97,16617900.0,362.100006,694300.0,69.434998,36400.0,33.560001,724600.0,41.560001,263200.0,283.290009,97084700.0,54.279999,1035400.0,30.389999,241900.0,110.879997,3063000.0,34.02,536600.0,28.23,122000.0,30.379998999999998,654200.0,35.610001000000004,141300.0,29.77,48400.0
2018-01-24,11.14,368200.0,128.830002,11827600.0,25.01,67700.0,16.559998999999998,17237400.0,34.07,52300.0,25.719998999999998,7197700.0,13.22,26137800.0,361.179993,933200.0,69.125,45000.0,33.68,817400.0,41.98,650600.0,283.179993,134816100.0,54.209998999999996,972100.0,30.74,326800.0,110.790001,3828000.0,34.02,7373000.0,28.18,85700.0,30.379998999999998,581100.0,35.419998,708300.0,29.76,59700.0
2018-01-25,11.01,407300.0,127.970001,15219700.0,25.01,82100.0,16.309998999999998,17380100.0,33.709998999999996,17300.0,26.17,6235100.0,13.06,16774400.0,360.929993,778200.0,69.224998,37400.0,33.540001000000004,641000.0,41.869999,257600.0,283.299988,84587300.0,54.200001,1053700.0,30.76,310900.0,110.66999799999999,4050000.0,34.060001,473500.0,28.41,194400.0,30.379998999999998,1726800.0,35.709998999999996,95400.0,29.77,251300.0
2018-01-26,11.16,348400.0,128.070007,7828700.0,25.120001000000002,18400.0,16.41,7151800.0,34.139998999999996,19400.0,26.77,6329900.0,13.24,31775900.0,362.51001,582200.0,69.5,49000.0,33.82,601700.0,42.450001,311300.0,286.579987,107743100.0,54.189999,833800.0,30.76,193600.0,110.760002,2640300.0,34.009997999999996,1537900.0,28.389999,114400.0,30.35,778800.0,35.549999,106200.0,29.74,78200.0
2018-01-29,11.06,155500.0,127.349998,6956400.0,25.360001,91300.0,16.209999,7179700.0,33.91,4600.0,26.84,7057100.0,13.11,15828900.0,359.429993,884500.0,69.165001,19800.0,33.540001000000004,1266500.0,41.860001000000004,363700.0,284.679993,90118300.0,54.09,1665600.0,30.549999,222700.0,110.400002,5021100.0,33.970001,2948000.0,28.280001000000002,207000.0,30.360001,515400.0,35.360001000000004,208400.0,29.73,77200.0
2018-01-30,10.87,264300.0,126.800003,9736100.0,52.23,500.0,16.15,8425000.0,33.080002,59700.0,26.77,6184800.0,12.9,34429400.0,355.700012,1211600.0,68.605003,40800.0,33.259997999999996,679400.0,41.240002000000004,308500.0,281.76001,131796400.0,54.080002,1210700.0,30.43,224900.0,109.91999799999999,7499700.0,33.98,650700.0,28.120001000000002,97500.0,30.34,652000.0,35.150002,223100.0,29.73,44400.0
2018-01-31,10.96,258200.0,127.650002,13418900.0,52.23,0.0,16.35,12327100.0,33.619999,18900.0,25.08,10630300.0,12.98,19696100.0,355.0,848700.0,68.16999799999999,51600.0,33.220001,510900.0,41.560001,415900.0,281.899994,108364800.0,54.060001,1415200.0,30.58,236200.0,110.099998,6138900.0,33.970001,1123800.0,28.290001,144600.0,30.35,2681100.0,35.349998,75900.0,29.709999,94600.0
2018-02-01,11.16,130000.0,128.070007,10854600.0,51.860001000000004,100.0,16.25,6985200.0,33.73,17400.0,24.35,10504700.0,13.24,20074200.0,355.540009,1030300.0,68.459999,23000.0,33.299999,542700.0,41.209998999999996,493100.0,281.579987,90102500.0,53.98,2927700.0,30.549999,206400.0,109.349998,8204100.0,33.830002,1794400.0,27.93,92700.0,30.309998999999998,660500.0,34.75,240100.0,29.65,203800.0
2018-02-02,11.0,948100.0,126.389999,16789200.0,51.860001000000004,0.0,15.66,17895900.0,33.27,8200.0,24.200001,4919600.0,13.04,28757500.0,348.380005,1379900.0,67.029999,121600.0,32.57,700100.0,40.34,450900.0,275.450012,173174800.0,53.889998999999996,1080100.0,30.209999,273000.0,108.809998,9277200.0,33.790001000000004,580300.0,27.67,147400.0,30.299999,690000.0,34.43,358400.0,29.639999,141400.0
2018-02-05,10.79,286400.0,126.709999,13596300.0,51.330002,300.0,15.74,11728100.0,32.560001,24300.0,23.24,6451000.0,12.77,30728600.0,335.519989,3208300.0,64.610001,201200.0,31.290001,991600.0,39.110001000000004,555600.0,263.929993,294681800.0,54.060001,1472700.0,30.0,388900.0,108.120003,11461200.0,33.880001,576100.0,27.66,1728700.0,30.35,531100.0,34.810001,284100.0,29.719998999999998,118300.0
2018-02-06,10.72,401700.0,125.379997,17672500.0,51.73,200.0,15.65,10021200.0,32.040001000000004,36100.0,23.299999,4385400.0,12.7,23636300.0,338.940002,6695000.0,65.135002,71000.0,31.9,849000.0,40.130001,2213300.0,269.130005,355026800.0,54.040001000000004,1529700.0,30.200001,411400.0,108.690002,14334000.0,33.799999,1862700.0,27.58,150100.0,30.35,1358700.0,34.580002,326000.0,29.68,1300100.0
2018-02-07,10.49,316400.0,124.790001,8558500.0,51.73,0.0,15.41,11937300.0,31.34,23000.0,22.799999,4192400.0,12.37,36909300.0,338.519989,2408400.0,65.339996,45400.0,31.42,556500.0,38.990002000000004,608700.0,267.670013,167376100.0,53.970001,1475300.0,29.98,285100.0,108.269997,8502900.0,33.740002000000004,2110600.0,27.43,160400.0,30.309998999999998,6573700.0,34.259997999999996,234400.0,29.65,76800.0
2018-02-08,10.28,211800.0,124.980003,7343600.0,52.25,400.0,15.46,8688900.0,30.98,24200.0,22.74,8405200.0,12.09,27259500.0,327.399994,3255500.0,63.799999,185400.0,30.67,569100.0,37.66,345400.0,257.630005,246449500.0,53.939999,1432800.0,29.67,268000.0,107.489998,12165900.0,33.669998,1285500.0,27.219998999999998,117000.0,30.299999,596000.0,34.220001,116200.0,29.639999,278200.0
2018-02-09,10.07,471300.0,124.769997,14140700.0,52.25,0.0,15.39,8531200.0,30.26,30700.0,22.030001000000002,5994400.0,11.86,43183100.0,331.02999900000003,3542300.0,64.035004,66800.0,30.83,1000200.0,38.240002000000004,431100.0,261.5,283565300.0,53.990002000000004,983000.0,29.73,321900.0,107.040001,21190800.0,33.689999,1393500.0,27.049999,357600.0,30.290001,615700.0,33.939999,1379900.0,29.67,204400.0
2018-02-12,10.11,447100.0,125.370003,6984900.0,52.785,600.0,15.57,10638800.0,29.75,29300.0,21.67,4258900.0,11.89,16312100.0,334.25,2218200.0,64.735001,26200.0,31.299999,471800.0,38.799999,268100.0,265.339996,143736000.0,53.939999,1311700.0,29.889999,218900.0,107.760002,8982600.0,33.669998,5234400.0,27.110001,144900.0,30.280001000000002,1116400.0,34.119999,214600.0,29.66,38100.0
2018-02-13,10.15,388900.0,126.08000200000001,5321300.0,52.785,0.0,15.62,5358900.0,29.92,25100.0,22.0,4027800.0,11.87,18982100.0,335.23999,1309100.0,64.940002,20200.0,31.200001,443000.0,39.060001,390700.0,266.0,81223600.0,53.959998999999996,1441700.0,29.9,226700.0,107.459999,5217600.0,33.630001,706900.0,27.08,109900.0,30.26,542700.0,34.259997999999996,252400.0,29.68,87900.0
2018-02-14,10.33,196500.0,128.229996,16416400.0,52.785,0.0,15.91,14553100.0,30.440001000000002,29300.0,21.99,4476600.0,12.18,35759100.0,341.380005,989900.0,66.065002,27800.0,31.76,716100.0,39.93,287800.0,269.589996,120735700.0,53.900002,965000.0,30.219998999999998,290200.0,107.639999,5754600.0,33.560001,690600.0,26.91,664200.0,30.24,524300.0,33.91,70400.0,29.6,137800.0
2018-02-15,10.35,5796900.0,128.380005,7276500.0,52.785,0.0,15.91,9021600.0,30.75,26900.0,21.870001000000002,4553200.0,12.33,19248300.0,345.109985,962200.0,66.714996,33800.0,31.99,543200.0,40.59,321400.0,273.02999900000003,111200300.0,53.880001,819800.0,30.43,330800.0,108.41999799999999,6080400.0,33.580002,507600.0,27.07,355400.0,30.24,466300.0,34.009997999999996,90100.0,29.610001,106400.0
2018-02-16,10.42,5597100.0,127.959999,7956900.0,53.110001000000004,200.0,15.73,7210100.0,30.969998999999998,9000.0,21.690001000000002,2771200.0,12.38,17782500.0,345.820007,940100.0,67.065002,26600.0,32.07,365600.0,40.459998999999996,519200.0,273.109985,160420100.0,54.029999,923700.0,30.290001,275200.0,108.959999,5556000.0,33.619999,874800.0,27.16,1469000.0,30.24,623300.0,34.169998,57500.0,29.620001000000002,51400.0
2018-02-20,10.53,154100.0,126.239998,11148700.0,52.869999,900.0,15.54,8763800.0,30.959999,30500.0,22.18,4200200.0,12.39,21757900.0,343.410004,743300.0,66.339996,39000.0,31.799999,347800.0,40.040001000000004,1838300.0,271.399994,86369700.0,53.950001,1089000.0,30.190001000000002,226200.0,108.57,5533200.0,33.580002,1332000.0,27.08,640500.0,30.209999,522300.0,34.060001,112600.0,29.620001000000002,97300.0
2018-02-21,10.51,46000.0,125.660004,7908800.0,52.869999,0.0,15.54,10420800.0,31.01,8800.0,22.299999,2680800.0,12.29,11380400.0,342.679993,961100.0,66.745003,63200.0,31.67,405000.0,40.139998999999996,429000.0,270.049988,98883700.0,53.959998999999996,1058200.0,30.110001,259000.0,108.150002,5999100.0,33.540001000000004,663700.0,26.780001000000002,649900.0,30.219998999999998,1898000.0,33.639998999999996,160400.0,29.6,133000.0
2018-02-22,10.65,268300.0,126.300003,5346300.0,52.869999,0.0,15.66,5645700.0,31.43,7200.0,22.139999,1897800.0,12.59,19294700.0,342.230011,761800.0,66.540001,17000.0,31.799999,353800.0,40.200001,398100.0,270.399994,110511300.0,54.009997999999996,685900.0,30.23,384800.0,108.150002,4991400.0,33.540001000000004,559800.0,26.91,168600.0,30.219998999999998,1125700.0,33.77,64900.0,29.620001000000002,120800.0
2018-02-23,10.83,248500.0,126.139999,4239700.0,52.869999,0.0,15.59,4306900.0,31.92,14000.0,22.219998999999998,2218000.0,12.77,18401000.0,346.399994,775500.0,67.235001,25200.0,32.09,305900.0,40.799999,260500.0,274.709991,92766400.0,54.099998,1141600.0,30.280001000000002,145100.0,108.779999,3894900.0,33.610001000000004,1571000.0,27.09,74400.0,30.24,306300.0,34.009997999999996,69700.0,29.620001000000002,165700.0
2018-02-26,10.92,198300.0,126.449997,3194300.0,53.610001000000004,700.0,15.68,4902400.0,32.150002,21500.0,22.389999,2204000.0,12.86,13987400.0,348.399994,744900.0,67.75,33600.0,32.380001,459900.0,41.18,226400.0,277.899994,86491400.0,54.110001000000004,1256200.0,30.370001000000002,155600.0,109.019997,6475800.0,33.66,1090600.0,27.110001,562500.0,30.26,363000.0,34.060001,145600.0,29.65,149500.0
2018-02-27,10.79,2002300.0,125.129997,7082300.0,53.610001000000004,0.0,15.48,7695400.0,31.82,5900.0,22.389999,1805600.0,12.65,17031600.0,343.320007,792100.0,66.870003,35200.0,31.879998999999998,536900.0,40.040001000000004,297600.0,274.429993,99099200.0,54.099998,1256400.0,30.1,192400.0,108.720001,4713600.0,33.560001,402200.0,27.0,206300.0,30.209999,713800.0,34.02,118800.0,29.610001,221600.0
2018-02-28,10.49,3799900.0,125.0,4534900.0,54.597,3100.0,15.46,4056400.0,30.889999,12300.0,22.26,1930400.0,12.37,27806400.0,339.26001,886600.0,65.599998,52800.0,31.559998999999998,422200.0,39.599998,256400.0,271.649994,121907800.0,54.150002,965100.0,30.049999,166400.0,108.629997,5624100.0,33.580002,333300.0,27.02,167000.0,30.200001,749200.0,34.23,42900.0,29.629998999999998,28400.0
2018-03-01,10.49,378500.0,124.720001,12910100.0,55.844002,1500.0,15.54,10568600.0,30.440001000000002,16600.0,22.450001,4701600.0,12.35,25910900.0,338.26001,1241100.0,65.260002,25000.0,31.139999,2019600.0,39.560001,301200.0,267.700012,176855100.0,54.200001,2523700.0,29.940001000000002,330200.0,107.66999799999999,5337000.0,33.52,353600.0,26.9,318700.0,30.190001000000002,528100.0,34.389998999999996,223000.0,29.629998999999998,219700.0
2018-03-02,10.54,1169500.0,125.389999,9994300.0,55.389998999999996,1900.0,15.56,6299000.0,30.58,23800.0,22.58,2394700.0,12.37,18037700.0,341.77999900000003,961900.0,66.334999,89200.0,31.25,563100.0,39.619999,207700.0,269.079987,139083200.0,54.130001,1036700.0,30.01,147100.0,108.0,5458500.0,33.5,1165700.0,26.790001,364300.0,30.16,515300.0,34.07,174000.0,29.610001,68200.0
2018-03-05,10.66,385100.0,125.18,5778300.0,55.703998999999996,400.0,15.49,4056400.0,31.049999,6100.0,22.530001000000002,1684600.0,12.59,19666800.0,345.369995,1050700.0,66.815002,21200.0,31.4,354700.0,39.759997999999996,226200.0,272.190002,97307400.0,54.169998,919900.0,30.07,200900.0,107.940002,3616200.0,33.490002000000004,269700.0,26.799999,130000.0,30.17,293000.0,33.990002000000004,1064900.0,29.610001,181100.0
2018-03-06,10.67,5544600.0,126.529999,8676800.0,55.66,2800.0,15.78,11502800.0,30.959999,2600.0,22.950001,1932100.0,12.57,18055900.0,349.040009,1008400.0,67.425003,41200.0,31.610001,397000.0,39.950001,203600.0,272.880005,79213200.0,54.110001000000004,1396300.0,30.24,245100.0,108.089996,3079500.0,33.48,393700.0,26.85,104500.0,30.190001000000002,369100.0,34.029999,69500.0,29.59,233700.0
2018-03-07,10.52,131400.0,125.720001,5158700.0,55.32,900.0,15.53,8255500.0,30.809998999999998,7900.0,23.219998999999998,1769200.0,12.35,24957700.0,349.769989,1075900.0,68.040001,15200.0,31.6,318900.0,39.84,274200.0,272.77999900000003,87063500.0,54.200001,1063900.0,30.129998999999998,202600.0,107.82,4068900.0,33.459998999999996,627100.0,26.83,127900.0,30.18,385500.0,34.009997999999996,43000.0,29.6,228100.0
2018-03-08,10.47,272800.0,125.41999799999999,3474900.0,55.669998,700.0,15.55,6899900.0,30.110001,11300.0,22.92,2490300.0,12.15,23049800.0,349.130005,739300.0,68.0,180000.0,31.66,200500.0,39.84,235200.0,274.100006,66901200.0,54.23,898200.0,30.02,158100.0,107.910004,3810000.0,33.470001,630300.0,26.91,93900.0,30.18,370300.0,34.200001,40700.0,29.610001,59000.0
2018-03-09,10.68,5410900.0,125.540001,5066800.0,54.738997999999995,900.0,15.63,7958800.0,30.43,16300.0,22.74,1112000.0,12.47,19384800.0,354.910004,1224000.0,69.029999,124000.0,31.870001000000002,796300.0,40.599998,1227300.0,278.869995,113625300.0,54.200001,761800.0,30.16,174200.0,108.269997,3989700.0,33.459998999999996,1025900.0,26.790001,180800.0,30.17,412600.0,33.990002000000004,69600.0,29.59,40600.0
2018-03-12,10.66,132000.0,125.540001,2884300.0,54.738997999999995,0.0,15.61,4990100.0,30.42,8300.0,23.209999,6149800.0,12.37,17481100.0,355.25,1897200.0,69.349998,25000.0,31.940001000000002,206900.0,40.720001,321300.0,278.519989,71924800.0,54.240002000000004,924400.0,30.129998999999998,125000.0,108.150002,3033900.0,33.470001,304000.0,26.85,72800.0,30.17,445100.0,34.200001,111400.0,29.610001,87100.0
2018-03-13,10.62,251500.0,125.779999,4798300.0,55.0,14900.0,15.61,6471100.0,30.18,15700.0,23.24,2422400.0,12.24,24193900.0,353.320007,1532400.0,69.0,27800.0,31.709999,423100.0,40.299999,496800.0,276.72000099999997,91968900.0,54.27,1174300.0,30.120001000000002,178900.0,107.82,4026300.0,33.439999,419700.0,26.83,481500.0,30.190001000000002,382600.0,34.360001000000004,60900.0,29.610001,58800.0
2018-03-14,10.63,250300.0,125.699997,3777000.0,54.48,200.0,15.61,4070000.0,30.84,9400.0,22.82,3104800.0,12.28,18557000.0,351.5,1336400.0,68.779999,74800.0,31.82,242600.0,40.349998,548000.0,275.299988,105895100.0,54.389998999999996,1106200.0,30.190001000000002,109900.0,107.699997,3608100.0,33.459998999999996,626900.0,27.0,46300.0,30.200001,726100.0,34.630001,91300.0,29.639999,45000.0
2018-03-15,10.66,435400.0,124.900002,6130100.0,54.48,0.0,15.45,5760300.0,30.82,9500.0,22.4,5609100.0,12.34,11738900.0,350.130005,1116700.0,68.440002,21800.0,31.799999,257900.0,40.220001,371600.0,275.0,83433000.0,54.400002,1166500.0,30.02,151300.0,107.760002,2024400.0,33.470001,266000.0,26.98,163500.0,30.17,398900.0,34.639998999999996,40200.0,29.620001000000002,32600.0
2018-03-16,10.79,204600.0,124.599998,7402200.0,54.48,0.0,15.39,6681600.0,31.200001,32100.0,22.48,1534700.0,12.55,27880700.0,351.570007,2013500.0,68.83000200000001,31400.0,31.76,255000.0,40.139998999999996,249000.0,274.200012,100343700.0,54.43,737600.0,29.959999,122900.0,107.910004,2181000.0,33.459998999999996,246300.0,27.01,118800.0,30.18,635400.0,34.52,42000.0,29.6,97000.0
2018-03-19,10.73,256600.0,124.870003,4335400.0,52.743,500.0,15.39,4884300.0,30.959999,8900.0,22.129998999999998,1930900.0,12.55,22842900.0,348.339996,1075000.0,68.095001,59200.0,31.51,337300.0,39.689999,195900.0,270.48999,109208400.0,54.43,761300.0,29.92,145600.0,107.550003,4324800.0,33.419998,533700.0,26.92,56100.0,30.139999,513300.0,34.41,55000.0,29.610001,67400.0
2018-03-20,10.89,124900.0,124.309998,3399400.0,52.43,3400.0,15.28,7426400.0,31.540001,16700.0,22.290001,3081500.0,12.81,18254700.0,348.630005,653200.0,68.160004,30200.0,31.51,343100.0,40.049999,419200.0,270.950012,59757300.0,54.459998999999996,1053800.0,29.91,207300.0,107.699997,3230400.0,33.389998999999996,305500.0,26.790001,99200.0,30.120001000000002,445000.0,34.27,34500.0,29.58,85500.0
2018-03-21,11.18,6197000.0,126.480003,12532000.0,52.400002,1500.0,15.65,12896700.0,32.279999,20200.0,22.059998999999998,2556500.0,13.18,23088200.0,349.630005,642100.0,68.5,21400.0,31.629998999999998,389600.0,40.259997999999996,156500.0,270.429993,78709600.0,54.41,1044900.0,30.120001000000002,130600.0,107.790001,3233700.0,33.360001000000004,506400.0,26.75,78300.0,30.15,320900.0,34.310001,45500.0,29.610001,94700.0
2018-03-22,11.01,546000.0,125.980003,5298700.0,52.68,3500.0,15.44,10591500.0,32.189999,7400.0,21.879998999999998,2325300.0,12.95,15731600.0,340.859985,1366000.0,67.120003,36600.0,31.030001000000002,1056500.0,38.93,666200.0,263.670013,148785900.0,54.580002,1171400.0,29.99,121200.0,107.129997,3466200.0,33.400002,1368100.0,26.84,89400.0,30.129998999999998,441300.0,34.639998999999996,78900.0,29.639999,86200.0
2018-03-23,11.24,439500.0,127.610001,12025900.0,52.023998,200.0,15.58,9556200.0,32.57,20700.0,21.68,1589500.0,13.28,18159100.0,334.170013,1417000.0,65.595001,33000.0,30.65,591400.0,38.360001000000004,305300.0,258.049988,183534800.0,54.560001,791500.0,29.950001,167500.0,106.860001,5016300.0,33.369999,714600.0,26.719998999999998,66800.0,30.139999,789400.0,34.610001000000004,54000.0,29.66,36100.0
2018-03-26,11.2,378900.0,128.279999,6169800.0,52.599998,2000.0,15.72,8509300.0,32.200001,4000.0,22.030001000000002,2406300.0,13.21,24974700.0,341.5,1275500.0,67.040001,32400.0,31.209999,411800.0,39.490002000000004,249400.0,265.109985,141956100.0,54.57,1357300.0,30.200001,210900.0,107.519997,4253400.0,33.389998999999996,936900.0,26.82,140300.0,30.139999,481600.0,34.490002000000004,92700.0,29.629998999999998,39800.0
2018-03-27,11.14,369700.0,127.489998,6180700.0,52.209998999999996,800.0,15.57,9363400.0,32.060001,3400.0,22.360001,1737800.0,13.08,20617300.0,336.380005,2360200.0,65.95500200000001,28200.0,30.950001,465600.0,38.799999,187800.0,260.600006,129941400.0,54.669998,1057300.0,30.18,230100.0,107.370003,3869100.0,33.48,715000.0,27.0,318600.0,30.16,450600.0,34.84,104900.0,29.66,95300.0
2018-03-28,11.14,1888500.0,125.730003,10254900.0,52.126999,8500.0,15.36,10915100.0,32.310001,7300.0,22.299999,1559600.0,13.04,18983200.0,337.079987,1439700.0,66.019997,19400.0,31.1,322700.0,38.599998,201800.0,259.829987,146452300.0,54.669998,918300.0,30.17,150800.0,107.309998,4497900.0,33.490002000000004,315000.0,27.01,125800.0,30.17,2158100.0,34.91,120100.0,29.66,292400.0
2018-03-29,11.17,405400.0,125.790001,7102000.0,53.450001,600.0,15.41,6888300.0,32.299999,11800.0,22.549999,2457400.0,13.09,16318400.0,341.730011,1801700.0,66.495003,90600.0,31.43,536200.0,39.299999,200800.0,263.149994,111601600.0,54.73,1097400.0,30.379998999999998,123900.0,107.550003,5063700.0,33.540001000000004,386200.0,27.27,219100.0,30.200001,437700.0,35.099998,186700.0,29.68,135900.0
2018-04-02,10.91,260900.0,127.260002,11421100.0,53.189999,1300.0,15.65,9473100.0,31.450001,14400.0,22.040001,2731100.0,12.74,19311400.0,333.640015,2123800.0,65.019997,55200.0,31.02,635800.0,38.630001,604400.0,257.47000099999997,186286300.0,54.700001,1875400.0,30.200001,186600.0,106.83000200000001,6435600.0,33.48,301900.0,27.15,615500.0,30.139999,1798300.0,35.080002,486000.0,29.66,83000.0
2018-04-03,11.0,260700.0,126.300003,6083700.0,53.500999,200.0,15.46,5832800.0,31.549999,11400.0,22.23,1261200.0,12.81,9174600.0,338.22000099999997,2287700.0,66.114998,29000.0,31.23,727800.0,39.0,375400.0,260.769989,119956900.0,54.700001,1018500.0,30.209999,298000.0,107.040001,6111000.0,33.459998999999996,419000.0,27.02,77900.0,30.15,1025000.0,34.82,331100.0,29.629998999999998,345500.0
2018-04-04,11.03,11953300.0,126.449997,7488300.0,52.830002,7200.0,15.38,8229100.0,31.48,11400.0,22.33,2398700.0,12.82,20310800.0,341.130005,1268700.0,66.964996,39000.0,31.32,579800.0,39.09,397500.0,263.559998,123715300.0,54.700001,1100100.0,30.27,248900.0,107.309998,3130800.0,33.450001,485500.0,27.040001,42900.0,30.17,3601600.0,34.759997999999996,908800.0,29.629998999999998,446700.0
2018-04-05,11.11,264400.0,125.800003,5333000.0,53.823002,3000.0,15.45,6121500.0,31.559998999999998,2400.0,22.09,2257900.0,12.83,17246300.0,343.75,706900.0,67.635002,18200.0,31.52,277000.0,39.189999,264700.0,265.640015,82652600.0,54.560001,983700.0,30.139999,161200.0,107.400002,2894400.0,33.450001,398600.0,26.950001,32100.0,30.18,7403000.0,34.52,177600.0,29.6,24600.0
2018-04-06,10.87,157500.0,126.389999,6121200.0,53.68,200.0,15.43,6906700.0,31.09,4800.0,22.24,1364100.0,12.51,25180100.0,337.02999900000003,1444100.0,66.425003,27600.0,31.26,405700.0,38.439999,206700.0,259.72000099999997,179521200.0,54.68,946500.0,29.99,147300.0,107.220001,4504200.0,33.5,366000.0,27.09,135600.0,30.18,347400.0,34.849998,516100.0,29.65,412800.0
2018-04-09,11.06,153600.0,126.82,4189900.0,54.953998999999996,1100.0,15.56,6558300.0,31.68,11800.0,22.25,2852000.0,12.77,12814100.0,337.209991,833000.0,66.25,14400.0,31.530001000000002,335500.0,38.439999,202400.0,261.0,105442900.0,54.689999,1115100.0,29.92,120600.0,107.610001,4703400.0,33.529999,306600.0,27.16,45400.0,30.190001000000002,310800.0,34.889998999999996,88500.0,29.65,79900.0
2018-04-10,11.28,8882600.0,127.120003,5268800.0,54.860001000000004,2300.0,15.62,7250900.0,32.59,16600.0,21.940001000000002,2455600.0,13.25,23747600.0,342.540009,1111200.0,67.589996,45400.0,31.870001000000002,943600.0,39.189999,352400.0,265.149994,103529000.0,54.639998999999996,906700.0,29.93,270400.0,108.0,4444200.0,33.490002000000004,613100.0,27.17,173500.0,30.200001,1004000.0,34.869999,81600.0,29.610001,928700.0
2018-04-11,11.44,6831500.0,128.110001,12348600.0,54.860001000000004,200.0,15.69,13825000.0,32.919998,16300.0,22.02,1538300.0,13.45,24684500.0,342.149994,560700.0,67.525002,24600.0,31.700001,414200.0,39.209998999999996,197000.0,263.76001,91140200.0,54.650002,808100.0,29.99,261600.0,108.0,2382900.0,33.5,216200.0,27.200001,129000.0,30.190001000000002,660700.0,34.98,59000.0,29.620001000000002,82500.0
2018-04-12,11.45,251200.0,126.620003,8141300.0,54.618,1500.0,15.52,7487100.0,32.82,5400.0,22.190001000000002,2432700.0,13.52,14872000.0,343.51001,727400.0,67.949997,41000.0,31.84,247700.0,39.25,367300.0,265.929993,68890500.0,54.610001000000004,826600.0,29.99,131100.0,108.41999799999999,8871300.0,33.459998999999996,369400.0,27.1,99400.0,30.18,453300.0,34.73,59300.0,29.58,63900.0
2018-04-13,11.49,216200.0,127.449997,6821300.0,54.060001,800.0,15.68,6159000.0,32.93,8300.0,22.57,2340400.0,13.55,14162800.0,342.480011,730900.0,67.650002,44600.0,31.85,288300.0,38.84,886600.0,265.149994,85079200.0,54.650002,680200.0,30.01,155400.0,108.480003,4896900.0,33.450001,345600.0,27.15,81800.0,30.16,235400.0,34.799999,71000.0,29.59,128100.0
2018-04-16,11.42,266100.0,127.629997,4600000.0,53.560001,2400.0,15.72,5231200.0,32.639998999999996,8000.0,22.690001000000002,1386600.0,13.38,14024600.0,345.899994,710400.0,68.489998,42600.0,31.870001000000002,284300.0,38.799999,220500.0,267.329987,63405300.0,54.639998999999996,1754400.0,30.02,179900.0,108.629997,2663700.0,33.439999,793700.0,27.139999,325900.0,30.17,386600.0,34.799999,61700.0,29.58,45600.0
2018-04-17,11.44,396200.0,127.75,4184100.0,53.400002,100.0,15.8,6926400.0,32.59,4900.0,22.6,2216100.0,13.41,13155100.0,348.570007,671200.0,69.139999,41600.0,32.080002,289000.0,38.830002,206300.0,270.190002,64682000.0,54.709998999999996,1178600.0,30.030001000000002,172100.0,108.690002,3986700.0,33.450001,718900.0,27.18,144000.0,30.18,1967100.0,34.91,45400.0,29.58,292900.0
2018-04-18,11.69,5700600.0,127.849998,6755600.0,53.57,1400.0,16.18,19800200.0,33.130001,8300.0,22.610001,2926200.0,13.88,26579100.0,349.75,584500.0,69.445,32200.0,32.25,295000.0,39.150002,172300.0,270.390015,57303900.0,54.689999,851700.0,30.16,159100.0,108.57,4410000.0,33.380001,791500.0,26.969998999999998,135200.0,30.15,352900.0,34.630001,53700.0,29.549999,594600.0
2018-04-19,11.68,4853200.0,127.599998,8736100.0,53.57,0.0,16.26,17017000.0,33.119999,14600.0,22.09,4147700.0,13.77,17428400.0,347.929993,937300.0,68.754997,20200.0,32.110001000000004,229500.0,38.93,553800.0,268.890015,77655900.0,54.540001000000004,745700.0,29.99,219000.0,108.269997,3865500.0,33.349998,315700.0,26.790001,103200.0,30.15,444700.0,34.369999,77900.0,29.540001,78100.0
2018-04-20,11.71,279200.0,126.629997,10403100.0,53.169998,500.0,16.129998999999998,8050500.0,33.360001000000004,21500.0,22.559998999999998,5173900.0,13.75,11831000.0,345.829987,1091800.0,68.315002,52600.0,31.959999,384400.0,38.540001000000004,234800.0,266.609985,99953100.0,54.52,617300.0,29.790001,208500.0,107.970001,3319500.0,33.310001,258100.0,26.59,280200.0,30.15,533200.0,34.119999,44500.0,29.52,72100.0
2018-04-23,11.83,261900.0,125.620003,6921500.0,52.900002,2600.0,15.67,15510900.0,34.040001000000004,29600.0,22.620001000000002,3393400.0,13.92,16592800.0,345.799988,590200.0,68.394997,114800.0,31.889999,258200.0,38.209998999999996,340600.0,266.570007,65558000.0,54.459998999999996,611200.0,29.52,238000.0,107.639999,2692200.0,33.27,443800.0,26.57,127900.0,30.129998999999998,275700.0,34.139998999999996,111100.0,29.5,27600.0
2018-04-24,11.66,359000.0,126.230003,4733100.0,53.419998,2500.0,15.76,7465500.0,33.400002,11000.0,22.91,2792300.0,13.68,20080400.0,343.209991,1367300.0,68.07,43000.0,31.790001,221600.0,37.950001,1009400.0,262.980011,112885500.0,54.48,650400.0,29.51,225600.0,107.459999,6141600.0,33.259997999999996,863800.0,26.43,137800.0,30.139999,394700.0,33.98,120600.0,29.51,335900.0
2018-04-25,11.72,303200.0,125.410004,5985700.0,54.110001000000004,1100.0,15.61,6278600.0,33.380001,4900.0,22.93,1061200.0,13.72,13658500.0,343.339996,870800.0,67.915001,32600.0,31.719998999999998,247100.0,37.799999,234500.0,263.630005,103840900.0,54.43,1238300.0,29.33,210300.0,107.309998,4110300.0,33.220001,207900.0,26.26,94400.0,30.139999,1606700.0,33.75,123800.0,29.5,286900.0
2018-04-26,11.79,9827700.0,124.970001,7517100.0,54.02,300.0,15.58,8415300.0,33.75,14800.0,23.049999,2937700.0,13.77,17213700.0,344.649994,1270900.0,68.220001,55400.0,31.940001000000002,509800.0,38.16,204900.0,266.309998,67731900.0,54.540001000000004,1089300.0,29.35,187400.0,107.66999799999999,6093600.0,33.25,291500.0,26.42,51300.0,30.16,989600.0,33.970001,31500.0,29.52,25300.0
2018-04-27,11.74,553100.0,125.5,5654000.0,54.77,3500.0,15.57,5690900.0,33.82,9100.0,22.6,2062000.0,13.73,12811800.0,344.100006,647300.0,68.08000200000001,22200.0,31.98,221100.0,38.369999,162100.0,266.559998,57053600.0,54.599998,582600.0,29.549999,151200.0,107.610001,2824500.0,33.310001,409300.0,26.549999,68600.0,30.15,366600.0,34.23,222500.0,29.530001000000002,82000.0
2018-04-30,11.82,576500.0,124.589996,9830600.0,55.040001000000004,2000.0,15.38,13944300.0,33.900002,20400.0,22.559998999999998,2183600.0,13.8,28937300.0,340.51001,1354300.0,67.32,32200.0,31.870001000000002,592500.0,38.080002,337200.0,264.51001,82182300.0,54.599998,2757100.0,29.34,112700.0,107.610001,4125300.0,33.310001,1206000.0,26.49,253000.0,30.17,343000.0,34.310001,287000.0,29.530001000000002,80800.0
2018-05-01,11.68,243500.0,123.709999,7551600.0,55.630001,2200.0,15.24,14157600.0,33.299999,12300.0,22.83,2575400.0,13.61,16092100.0,341.709991,1064300.0,67.629997,79800.0,31.77,590600.0,37.98,356400.0,264.980011,74203400.0,54.580002,780900.0,29.040001,339000.0,107.099998,3204000.0,33.18,521100.0,26.280001000000002,59700.0,30.09,439900.0,34.09,273000.0,29.48,308300.0
2018-05-02,11.7,313000.0,123.650002,7614000.0,55.650002,3500.0,15.42,10561200.0,33.049999,14700.0,22.48,3128100.0,13.67,13823000.0,341.079987,644800.0,67.809998,42400.0,31.73,409700.0,37.790001000000004,155600.0,263.200012,86368900.0,54.540001000000004,940200.0,28.85,356100.0,107.099998,3570000.0,33.18,247100.0,26.26,78200.0,30.129998999999998,381000.0,34.07,42400.0,29.49,132000.0
2018-05-03,11.82,255500.0,124.279999,4857400.0,56.349998,4100.0,15.46,6541700.0,33.369999,27500.0,22.309998999999998,4191900.0,13.82,12158000.0,340.589996,883100.0,67.41999799999999,20600.0,31.799999,442000.0,37.549999,342600.0,262.619995,136311500.0,54.639998999999996,711400.0,28.870001000000002,224900.0,107.07,5471100.0,33.200001,253800.0,26.219998999999998,99900.0,30.139999,550500.0,34.23,1485500.0,29.5,41100.0
2018-05-04,12.06,393900.0,124.540001,5883600.0,55.540001000000004,1000.0,15.54,4829700.0,33.700001,11600.0,22.15,1555800.0,14.09,18774100.0,345.190002,644000.0,68.099998,105000.0,31.889999,348500.0,37.740002000000004,253100.0,266.019989,91222100.0,54.610001000000004,579100.0,28.92,187100.0,107.129997,2869800.0,33.200001,918100.0,26.23,59400.0,30.120001000000002,255200.0,34.259997999999996,166000.0,29.49,325700.0
2018-05-07,12.15,6034900.0,124.57,3397500.0,54.43,1900.0,15.52,3331600.0,33.75,22400.0,22.299999,3475300.0,14.1,28789200.0,347.070007,559500.0,68.769997,25600.0,31.9,265000.0,37.529999,319800.0,266.920013,55304900.0,54.650002,769300.0,28.67,152300.0,107.220001,3628800.0,33.209998999999996,479500.0,26.23,43600.0,30.120001000000002,906000.0,34.220001,133400.0,29.5,109400.0
2018-05-08,12.11,948800.0,124.589996,5551100.0,54.810001,500.0,15.51,9529700.0,33.869999,18300.0,22.33,1958600.0,14.06,52862500.0,348.230011,797500.0,69.375,29400.0,31.9,437100.0,37.689999,190800.0,266.920013,67499200.0,54.540001000000004,958100.0,28.41,762900.0,107.099998,3528600.0,33.18,400400.0,26.16,146500.0,30.129998999999998,504400.0,34.189999,50300.0,29.49,162700.0
2018-05-09,12.34,310200.0,124.33000200000001,4405600.0,54.529999,2100.0,15.53,6852100.0,34.619999,21900.0,22.299999,1240000.0,14.37,19482500.0,349.950012,715200.0,69.70500200000001,119200.0,32.0,535300.0,37.689999,1117900.0,269.5,59666100.0,54.560001,1077800.0,28.370001000000002,446700.0,107.25,3483600.0,33.150002,578200.0,26.129998999999998,272000.0,30.129998999999998,300000.0,33.990002000000004,108400.0,29.49,52600.0
2018-05-10,12.47,7022900.0,125.18,5218400.0,54.235001000000004,1000.0,15.74,8470600.0,34.91,44100.0,22.879998999999998,5033700.0,14.41,15627100.0,352.549988,794500.0,70.190002,35400.0,32.220001,308600.0,38.439999,257700.0,272.019989,72063900.0,54.549999,942700.0,28.77,171600.0,107.489998,4421400.0,33.189999,485600.0,26.389999,290700.0,30.139999,461900.0,34.240002000000004,79300.0,29.49,79400.0
2018-05-11,12.39,439300.0,125.0,4299200.0,53.560001,500.0,15.7,6681200.0,34.779999,11500.0,22.950001,1339300.0,14.25,14070000.0,352.859985,823800.0,70.290001,46400.0,32.290001000000004,440400.0,38.360001000000004,168500.0,272.850006,59871500.0,54.549999,805700.0,28.66,171300.0,107.43,3079200.0,33.23,264000.0,26.440001000000002,69500.0,30.129998999999998,297400.0,34.290001000000004,88900.0,29.49,53100.0
2018-05-14,12.49,434700.0,124.489998,3753200.0,53.599998,1600.0,15.56,7360100.0,35.16,31100.0,23.129998999999998,3117900.0,14.38,16266500.0,352.26001,622500.0,69.900002,39000.0,32.34,306500.0,38.48,130400.0,272.980011,54790600.0,54.470001,1281300.0,28.51,193800.0,107.459999,4794600.0,33.200001,413200.0,26.360001,656500.0,30.129998999999998,372200.0,34.139998999999996,58400.0,29.48,282600.0
2018-05-15,12.5,529000.0,122.480003,10911900.0,53.93,3800.0,15.33,10317400.0,35.16,26100.0,23.129998999999998,2507000.0,14.4,17895700.0,351.410004,757900.0,69.91999799999999,67600.0,32.130001,503600.0,37.759997999999996,223200.0,271.100006,87036100.0,54.360001000000004,1305800.0,28.23,691100.0,106.91999799999999,4598400.0,33.119999,344400.0,26.07,49600.0,30.120001000000002,464500.0,33.759997999999996,141400.0,29.459999,139700.0
2018-05-16,12.56,176000.0,122.290001,4943300.0,53.59,3800.0,15.41,7638200.0,35.919998,23500.0,22.950001,2018700.0,14.46,13464200.0,353.850006,1101200.0,70.809998,103600.0,32.18,363800.0,38.389998999999996,296300.0,272.23999,53942600.0,54.360001000000004,896500.0,28.299999,181800.0,107.099998,3397200.0,33.080002,549000.0,26.030001000000002,68100.0,30.120001000000002,511300.0,33.610001000000004,106200.0,29.459999,151500.0
2018-05-17,12.56,837500.0,122.360001,7781300.0,53.330002,800.0,15.47,4987300.0,35.830002,61900.0,23.26,3612500.0,14.49,17198900.0,354.579987,786200.0,71.29499799999999,35400.0,32.200001,248300.0,37.709998999999996,522900.0,272.01001,56536400.0,54.310001,652900.0,28.09,183200.0,107.099998,4008900.0,33.080002,207700.0,25.92,42800.0,30.129998999999998,300900.0,33.459998999999996,217200.0,29.48,61400.0
2018-05-18,12.49,229300.0,122.410004,6837100.0,54.284,500.0,15.48,3883000.0,35.599998,58400.0,23.190001000000002,1695700.0,14.43,12458100.0,353.869995,504700.0,71.445,24600.0,32.110001000000004,248800.0,37.34,263000.0,271.329987,64368000.0,54.34,667800.0,27.889999,879300.0,106.980003,3886800.0,33.139998999999996,246500.0,26.059998999999998,31800.0,30.139999,300700.0,33.75,557600.0,29.48,94300.0
2018-05-21,12.64,287800.0,122.480003,4126700.0,54.43,500.0,15.54,4405100.0,36.029999,12200.0,23.129998999999998,2985100.0,14.67,13455100.0,357.339996,945100.0,72.150002,39600.0,32.310001,380100.0,37.639998999999996,288300.0,273.369995,58025900.0,54.360001000000004,1320800.0,28.0,195800.0,107.099998,3405300.0,33.150002,420400.0,26.09,302200.0,30.129998999999998,223400.0,33.779999,159700.0,29.48,141000.0
2018-05-22,12.64,360300.0,122.410004,4579600.0,55.459998999999996,1800.0,15.58,5562600.0,36.029999,23400.0,23.719998999999998,3047000.0,14.56,19676000.0,354.880005,834100.0,71.525002,32800.0,32.290001000000004,311900.0,37.779999,152100.0,272.609985,52966400.0,54.32,751600.0,28.15,163800.0,107.160004,2427900.0,33.139998999999996,333400.0,26.049999,90200.0,30.139999,570800.0,33.73,322000.0,29.49,86300.0
2018-05-23,12.61,284800.0,122.540001,7007300.0,55.764998999999996,2000.0,15.5,7300100.0,35.93,21600.0,23.92,4500900.0,14.51,16091500.0,355.149994,1181300.0,71.54499799999999,36000.0,32.009997999999996,349400.0,37.59,278200.0,273.359985,64694200.0,54.43,967600.0,28.17,217100.0,107.220001,4146900.0,33.240002000000004,1076600.0,26.16,92500.0,30.18,657600.0,33.959998999999996,222400.0,29.51,58500.0
2018-05-24,12.45,372800.0,123.589996,8850100.0,56.119999,400.0,15.69,7046000.0,35.580002,13500.0,24.02,1746200.0,14.29,15453900.0,355.369995,708400.0,71.595001,33400.0,31.870001000000002,240800.0,37.48,123400.0,272.799988,76043800.0,54.43,904000.0,28.08,176600.0,107.25,3297000.0,33.27,419600.0,26.290001,57600.0,30.190001000000002,375200.0,34.209998999999996,66800.0,29.540001,23500.0
2018-05-25,12.03,4708100.0,123.209999,7920700.0,56.029999,100.0,15.53,5169600.0,34.599998,34000.0,23.969998999999998,4953200.0,13.68,40562400.0,354.420013,734900.0,71.595001,14800.0,31.709999,228600.0,37.490002000000004,134500.0,272.149994,56374800.0,54.470001,1561800.0,28.07,141900.0,107.099998,3183900.0,33.330002,295000.0,26.440001000000002,573300.0,30.219998999999998,1997900.0,34.459998999999996,740400.0,29.559998999999998,64700.0
2018-05-29,11.84,394200.0,123.190002,9013200.0,55.560001,1400.0,15.44,9718200.0,34.16,17600.0,23.469998999999998,4034900.0,13.51,26313000.0,353.179993,1121300.0,71.595001,52400.0,31.059998999999998,477500.0,36.77,209500.0,269.019989,115908600.0,54.349998,8623200.0,27.84,2019000.0,106.620003,5520300.0,33.470001,3741100.0,26.68,159000.0,30.27,462800.0,35.18,271800.0,29.639999,136900.0
2018-05-30,12.07,7093700.0,123.370003,4573700.0,54.509997999999996,200.0,15.55,4684300.0,34.93,15700.0,23.370001000000002,1653700.0,13.83,24120900.0,358.589996,1741100.0,72.480003,36200.0,31.51,800700.0,37.220001,273700.0,272.609985,69678400.0,54.439999,976100.0,27.969998999999998,182200.0,107.010002,3702600.0,33.41,468600.0,26.52,485000.0,30.24,730200.0,34.950001,259300.0,29.59,419100.0
2018-05-31,11.92,6523000.0,123.099998,7862500.0,54.549999,1800.0,15.46,5554400.0,34.529999,7700.0,23.889999,4444500.0,13.55,24246000.0,354.540009,2100000.0,71.815002,28000.0,31.35,557100.0,37.09,350000.0,270.940002,93519900.0,54.43,7158200.0,27.799999,2646800.0,106.860001,3564000.0,33.360001000000004,5434100.0,26.459999,178700.0,30.219998999999998,418100.0,34.900002,102000.0,29.59,53700.0
2018-06-01,11.77,345900.0,122.489998,8059100.0,54.25,400.0,15.44,6197200.0,34.139998999999996,13400.0,24.030001000000002,2714500.0,13.25,22948100.0,356.540009,744600.0,72.16999799999999,48600.0,31.59,387100.0,37.560001,172300.0,273.600006,71258400.0,54.369999,958200.0,27.83,388400.0,106.529999,3908700.0,33.240002000000004,490400.0,26.34,30100.0,30.129998999999998,293100.0,34.610001000000004,309500.0,29.51,245200.0
2018-06-04,11.71,140700.0,122.370003,4345400.0,53.080002,4000.0,15.45,3993300.0,33.91,15300.0,23.67,1886700.0,13.12,19875500.0,358.660004,1146000.0,73.025002,59200.0,31.75,271300.0,37.990002000000004,182700.0,274.899994,45385200.0,54.389998999999996,3029200.0,27.870001000000002,2778600.0,106.83000200000001,3139200.0,33.189999,3632500.0,26.23,57900.0,30.120001000000002,324700.0,34.369999,205800.0,29.5,40200.0
2018-06-05,11.71,322300.0,122.849998,6864200.0,53.279999,11500.0,15.52,6568400.0,33.59,7900.0,23.370001000000002,3935200.0,13.22,22309300.0,359.48999,688000.0,73.589996,36600.0,31.690001000000002,380200.0,37.709998999999996,432800.0,275.100006,51135000.0,54.369999,1059400.0,27.790001,311600.0,107.040001,4537200.0,33.220001,446400.0,26.27,27100.0,30.129998999999998,218700.0,34.459998999999996,1241900.0,29.5,675000.0
2018-06-06,11.73,193100.0,122.91999799999999,4083700.0,53.199001,1800.0,15.7,8717300.0,33.220001,36700.0,23.450001,2326900.0,13.16,16929700.0,362.47000099999997,686100.0,73.894997,125600.0,31.98,335400.0,38.080002,1146400.0,277.399994,62732200.0,54.110001000000004,1733300.0,27.76,531000.0,107.190002,4036200.0,33.150002,366600.0,26.07,179600.0,30.120001000000002,560100.0,34.200001,161000.0,29.5,55000.0
2018-06-07,11.84,326300.0,122.860001,3700700.0,52.869999,16600.0,15.72,8920000.0,33.880001,14400.0,23.709999,4342100.0,13.35,14214600.0,362.609985,1596900.0,73.775002,46600.0,31.799999,289900.0,37.669998,473900.0,277.369995,72969400.0,54.119999,1020600.0,27.530001000000002,451400.0,107.25,3756300.0,33.220001,270300.0,26.190001000000002,383800.0,30.15,1647500.0,34.509997999999996,167000.0,29.51,696200.0
2018-06-08,11.8,348500.0,123.010002,3865700.0,52.700001,800.0,15.78,4128900.0,33.799999,5300.0,23.49,2243600.0,13.27,15834100.0,364.670013,1786300.0,73.949997,39800.0,31.85,191900.0,37.700001,159900.0,278.190002,72139700.0,54.110001000000004,763600.0,27.700001,1352900.0,107.25,3842400.0,33.200001,401400.0,26.15,33700.0,30.139999,1175600.0,34.41,87200.0,29.52,68400.0
2018-06-11,11.85,305300.0,123.230003,3201200.0,51.75,2600.0,15.94,10123500.0,33.580002,9800.0,23.83,4742800.0,13.36,14690600.0,364.619995,882200.0,74.275002,52200.0,32.060001,317000.0,37.57,175800.0,278.559998,58892500.0,54.099998,1522200.0,27.65,936300.0,107.43,3053400.0,33.18,2779500.0,26.129998999999998,42200.0,30.139999,309500.0,34.330002,129400.0,29.51,3862100.0
2018-06-12,11.9,526800.0,122.82,7279600.0,53.029999,5300.0,15.87,6500900.0,33.360001000000004,4600.0,23.790001,2308300.0,13.4,19473300.0,365.140015,632100.0,74.264999,73400.0,31.83,2897700.0,37.549999,1725600.0,278.920013,72329000.0,54.16,862000.0,27.5,1191400.0,107.550003,4316400.0,33.189999,447200.0,26.15,65300.0,30.15,861600.0,34.349998,125600.0,29.5,101100.0
2018-06-13,11.99,301300.0,123.190002,5867700.0,52.07,6900.0,16.08,12232500.0,33.950001,12200.0,23.950001,2658400.0,13.47,17456900.0,362.890015,797800.0,73.75,82700.0,31.889999,569600.0,37.220001,229600.0,278.02999900000003,79070600.0,54.220001,1863600.0,27.469998999999998,342600.0,107.550003,3598200.0,33.169998,605800.0,26.15,57100.0,30.129998999999998,463400.0,34.330002,41400.0,29.48,65700.0
2018-06-14,11.91,136400.0,123.379997,8015400.0,50.799999,2300.0,16.17,13476500.0,33.439999,19300.0,24.02,3448400.0,13.52,13338000.0,363.850006,909200.0,74.059998,52600.0,31.83,854600.0,37.110001000000004,157900.0,278.730011,77097600.0,54.389998999999996,785100.0,27.129998999999998,294400.0,107.879997,3755100.0,33.209998999999996,315100.0,26.299999,23700.0,30.15,490400.0,34.59,66600.0,29.5,109900.0
2018-06-15,11.5,720500.0,121.339996,14537000.0,50.060001,7300.0,15.6,24728300.0,32.369999,76000.0,24.52,4126200.0,13.05,27494500.0,361.98999,1244300.0,74.099998,37700.0,31.049999,346000.0,36.919998,296500.0,277.130005,120041600.0,54.509997999999996,562800.0,27.16,533300.0,107.849998,2988600.0,33.200001,1136500.0,26.27,37600.0,30.129998999999998,336700.0,34.630001,68000.0,29.5,67200.0
2018-06-18,11.7,313100.0,121.110001,3846000.0,49.549999,8700.0,15.51,8991600.0,32.799999,25400.0,24.0,2996100.0,13.29,17784900.0,362.660004,610000.0,74.199997,90100.0,30.85,462100.0,36.130001,1009400.0,276.559998,52917600.0,54.5,792700.0,27.059998999999998,403500.0,107.790001,2958300.0,33.209998999999996,250600.0,26.129998999999998,693600.0,30.15,729000.0,34.599998,132100.0,29.51,66600.0
2018-06-19,11.61,235500.0,120.800003,4925800.0,48.82,15300.0,15.36,10823300.0,32.630001,17800.0,23.65,2492400.0,13.14,15998200.0,362.140015,956300.0,74.32,45900.0,30.58,533200.0,35.849998,292400.0,275.5,97531500.0,54.700001,1026400.0,27.07,157600.0,107.639999,3002400.0,33.220001,2913000.0,26.139999,342300.0,30.15,391900.0,34.790001000000004,199300.0,29.52,293500.0
2018-06-20,11.65,1092500.0,120.260002,4548500.0,48.959998999999996,5200.0,15.34,7787300.0,32.299999,14900.0,24.030001000000002,3860000.0,13.28,20321900.0,363.920013,705200.0,74.809998,59800.0,30.639999,1040800.0,35.950001,431400.0,275.97000099999997,53785500.0,54.709998999999996,575700.0,27.049999,123100.0,107.760002,2498100.0,33.169998,401900.0,26.0,190900.0,30.129998999999998,453900.0,34.5,77700.0,29.51,118700.0
2018-06-21,11.55,367400.0,120.050003,5681900.0,49.130001,6800.0,15.36,7075700.0,32.049999,7200.0,24.1,2604200.0,13.31,17963000.0,361.369995,856800.0,74.089996,83000.0,30.41,424300.0,35.439999,491500.0,274.23999,71061400.0,54.73,773100.0,27.040001,127800.0,107.550003,4534800.0,33.18,401400.0,25.92,48000.0,30.15,385500.0,34.669998,37200.0,29.52,71600.0
2018-06-22,11.98,694500.0,120.339996,4489400.0,49.310001,2800.0,15.5,7685700.0,33.029999,15900.0,23.870001000000002,2299700.0,14.02,32875800.0,361.679993,1300000.0,74.25,64900.0,30.73,328200.0,35.73,386600.0,274.73999,54898500.0,54.740002000000004,672200.0,27.15,224700.0,107.58000200000001,1998900.0,33.18,312000.0,25.959999,72300.0,30.139999,381400.0,34.68,41800.0,29.530001000000002,122200.0
2018-06-25,11.93,256200.0,119.889999,9300200.0,48.033001,1500.0,15.37,5508700.0,32.740002000000004,9400.0,23.74,2558000.0,13.77,24799600.0,356.519989,2251800.0,72.910004,86200.0,30.290001,806800.0,35.34,563700.0,271.0,137854200.0,54.650002,940400.0,27.110001,190500.0,107.339996,4679700.0,33.18,1026400.0,25.879998999999998,82000.0,30.17,516400.0,34.779999,104800.0,29.540001,180900.0
2018-06-26,12.15,525900.0,119.260002,8674500.0,48.009997999999996,1700.0,15.33,6086000.0,33.07,16100.0,23.83,1106200.0,14.27,33644300.0,357.070007,701900.0,73.459999,46100.0,30.360001,364500.0,35.139998999999996,526400.0,271.600006,68547400.0,54.650002,926600.0,27.040001,210000.0,107.339996,1622700.0,33.200001,2257800.0,25.98,453900.0,30.15,1244400.0,34.799999,52300.0,29.540001,91200.0
2018-06-27,12.31,18928200.0,118.58000200000001,6480100.0,48.099998,2800.0,15.12,12641200.0,33.77,8600.0,24.200001,2995000.0,14.65,34440900.0,353.170013,743400.0,72.309998,63800.0,30.07,382600.0,34.419998,630500.0,269.350006,105110700.0,54.759997999999996,603200.0,26.82,82100.0,107.07,5228700.0,33.290001000000004,893300.0,26.139999,106000.0,30.16,517000.0,35.139998999999996,2164100.0,29.559998999999998,70400.0
2018-06-28,12.34,594400.0,118.220001,7760500.0,47.349998,4000.0,15.07,8801000.0,33.900002,11000.0,23.93,2872000.0,14.86,31061500.0,354.600006,951400.0,72.480003,66000.0,30.18,321000.0,34.650002,442400.0,270.890015,76650500.0,54.639998999999996,1378400.0,26.950001,187500.0,106.68,4350000.0,33.25,442900.0,26.110001,69300.0,30.16,325200.0,35.139998999999996,138900.0,29.540001,109000.0
2018-06-29,12.46,464600.0,118.650002,8002800.0,48.119999,600.0,15.15,7990000.0,34.509997999999996,10600.0,23.700001,1634300.0,15.06,21610000.0,355.019989,978300.0,72.300003,59900.0,30.4,2039900.0,35.34,414300.0,271.27999900000003,97592500.0,54.709998999999996,1091000.0,26.959999,196200.0,106.440002,5859300.0,33.290001000000004,412600.0,26.120001000000002,338300.0,30.16,982800.0,35.029999,1519300.0,29.559998999999998,795400.0
2018-07-02,12.18,643300.0,117.459999,12021900.0,46.73,2000.0,14.91,9148800.0,33.830002,15200.0,23.23,2346600.0,14.96,21536200.0,355.059998,937500.0,73.059998,67200.0,30.08,603700.0,34.900002,491100.0,271.859985,63554800.0,54.720001,1706100.0,26.690001000000002,379400.0,105.93,4800900.0,33.169998,813800.0,26.049999,79800.0,30.110001,852300.0,34.93,829700.0,29.49,196800.0
2018-07-03,12.09,691600.0,118.650002,8901000.0,47.380001,400.0,15.03,4606000.0,33.779999,7200.0,23.440001000000002,888800.0,14.92,21090900.0,355.98999,484100.0,73.139999,59200.0,30.139999,625300.0,35.02,338200.0,270.899994,42187100.0,54.73,619900.0,26.84,91500.0,105.989998,3491100.0,33.23,508200.0,26.200001,20300.0,30.129998999999998,1740000.0,35.099998,112500.0,29.51,141800.0
2018-07-05,12.3,590300.0,119.050003,4951900.0,47.796001000000004,400.0,15.1,7141100.0,34.299999,35800.0,22.959999,2201000.0,14.78,21897200.0,359.170013,721900.0,74.0,94000.0,30.379998999999998,428300.0,35.110001000000004,224700.0,273.109985,56925900.0,54.799999,846500.0,26.969998999999998,155300.0,106.410004,4286100.0,33.209998999999996,464700.0,26.33,67000.0,30.129998999999998,1068300.0,35.16,1177500.0,29.5,200900.0
2018-07-06,12.36,287300.0,118.860001,2946900.0,48.919998,1400.0,15.08,4791300.0,33.91,7700.0,23.16,1447600.0,14.96,18943600.0,361.769989,595800.0,74.57,34200.0,30.559998999999998,243700.0,35.369999,367600.0,275.420013,66493700.0,54.799999,620800.0,27.139999,79100.0,106.68,3331800.0,33.25,329400.0,26.389999,102300.0,30.129998999999998,391900.0,35.299999,206300.0,29.51,123300.0
2018-07-09,12.48,236400.0,119.150002,4074900.0,47.860001000000004,2600.0,15.17,6847500.0,34.610001000000004,21400.0,22.959999,1757400.0,15.03,12898200.0,365.390015,550500.0,75.129997,35200.0,30.83,354500.0,35.990002000000004,1130200.0,277.899994,50550400.0,54.84,717400.0,27.23,134600.0,106.860001,2634600.0,33.259997999999996,349600.0,26.42,197100.0,30.139999,360300.0,35.09,57600.0,29.51,133600.0
2018-07-10,12.52,195300.0,118.93,3754800.0,47.150002,2000.0,15.12,4298000.0,34.68,6000.0,22.58,2799800.0,15.07,15415200.0,365.339996,577500.0,74.839996,28200.0,30.85,476700.0,35.939999,361300.0,278.899994,51966800.0,54.810001,1032700.0,27.379998999999998,150000.0,106.860001,3127200.0,33.240002000000004,245000.0,26.41,244300.0,30.139999,416800.0,35.099998,68700.0,29.49,540400.0
2018-07-11,11.93,506700.0,117.639999,6974500.0,45.880001,4700.0,14.86,10390800.0,33.330002,18900.0,22.9,1357500.0,14.31,38408300.0,362.109985,876800.0,74.190002,57800.0,30.280001000000002,2217400.0,35.290001000000004,1499300.0,276.859985,77054700.0,54.849998,1192300.0,27.08,122600.0,106.769997,3277500.0,33.279999,314900.0,26.459999,68900.0,30.139999,1005200.0,35.23,1399900.0,29.5,77200.0
2018-07-12,12.13,296100.0,118.129997,4585300.0,46.362999,2200.0,15.0,6969000.0,33.299999,18500.0,22.709999,1917600.0,14.39,23510400.0,363.209991,527100.0,74.379997,29200.0,30.540001,341300.0,35.84,1561100.0,279.369995,60124700.0,54.889998999999996,738100.0,27.15,141600.0,107.07,7356900.0,33.299999,320800.0,26.540001,25100.0,30.139999,2079500.0,35.189999,226000.0,29.5,226700.0
2018-07-13,12.21,265500.0,117.610001,5444300.0,46.34,2200.0,14.88,8575500.0,33.759997999999996,7200.0,22.41,2213100.0,14.47,19184300.0,363.079987,488900.0,74.300003,51200.0,30.610001,284800.0,35.790001000000004,887400.0,279.589996,48216000.0,54.91,932300.0,27.129998999999998,156100.0,107.07,2789400.0,33.349998,165000.0,26.6,264700.0,30.15,503800.0,35.279999,379800.0,29.49,337800.0
2018-07-16,11.75,311500.0,117.550003,3670700.0,46.310001,5300.0,14.85,4576500.0,32.310001,18500.0,22.41,941500.0,13.94,31202200.0,361.170013,628700.0,74.040001,65300.0,30.58,297500.0,35.57,280200.0,279.339996,48201000.0,54.889998999999996,1141200.0,27.190001000000002,85900.0,106.980003,2193600.0,33.299999,391000.0,26.52,178100.0,30.15,507900.0,35.150002,237000.0,29.5,33100.0
2018-07-17,11.81,474400.0,116.279999,7939600.0,47.119999,3300.0,14.67,18090700.0,32.490002000000004,7000.0,22.200001,2196900.0,13.95,54456500.0,362.820007,700000.0,74.470001,38700.0,30.66,454400.0,35.869999,204700.0,280.47000099999997,52315500.0,54.93,1073200.0,27.209999,215100.0,107.07,2912700.0,33.279999,381800.0,26.48,44300.0,30.139999,361600.0,35.099998,85000.0,29.5,69700.0
2018-07-18,11.92,990300.0,116.309998,5391800.0,46.905998,2000.0,14.63,8067500.0,32.950001,6800.0,22.15,1596500.0,14.1,22275400.0,364.049988,424700.0,74.82,55700.0,30.700001,358900.0,35.799999,650100.0,281.059998,44593500.0,54.919998,1151600.0,27.15,73600.0,107.160004,2790000.0,33.290001000000004,311700.0,26.450001,143200.0,30.16,450000.0,34.970001,825900.0,29.5,73600.0
2018-07-19,11.9,323500.0,115.809998,14227600.0,47.619999,6900.0,14.42,16130700.0,33.040001000000004,22800.0,22.440001000000002,3628700.0,14.13,22130300.0,365.619995,602100.0,75.33000200000001,36900.0,30.59,427200.0,35.32,1033800.0,280.0,61412100.0,54.990002000000004,565000.0,26.99,110800.0,107.099998,2282400.0,33.330002,448500.0,26.51,203500.0,30.16,500200.0,35.169998,80600.0,29.52,99600.0
2018-07-20,11.97,278600.0,116.559998,7892000.0,48.209998999999996,3200.0,14.59,10571800.0,33.209998999999996,46500.0,22.379998999999998,1648000.0,14.15,22809500.0,363.399994,1033700.0,75.040001,32500.0,30.76,283400.0,35.84,419200.0,279.679993,82337700.0,54.889998999999996,586100.0,27.219998999999998,88300.0,107.129997,1928400.0,33.310001,687600.0,26.290001,374000.0,30.18,2360800.0,34.759997999999996,949600.0,29.51,81800.0
2018-07-23,12.07,321300.0,116.0,6247100.0,48.220001,1000.0,14.47,6381600.0,33.560001,25200.0,22.09,2173900.0,14.09,23496000.0,363.429993,433000.0,75.059998,70600.0,30.709999,317800.0,35.700001,158500.0,280.200012,47047600.0,54.73,909100.0,27.200001,88000.0,107.129997,2780700.0,33.240002000000004,273400.0,26.129998999999998,58800.0,30.16,561500.0,34.369999,255200.0,29.5,210600.0
2018-07-24,12.12,655500.0,116.040001,4801000.0,48.220001,0.0,14.58,7540200.0,33.610001000000004,15700.0,22.32,1164500.0,14.23,19964500.0,360.730011,612000.0,74.41999799999999,90700.0,30.879998999999998,314500.0,36.23,356100.0,281.609985,68026900.0,54.75,687300.0,27.209999,166800.0,107.339996,2378400.0,33.290001000000004,1036700.0,26.290001,89100.0,30.16,545800.0,34.470001,140100.0,29.49,82300.0
2018-07-25,12.28,418600.0,116.68,5479600.0,49.450001,13700.0,14.68,7227800.0,34.119999,5700.0,22.6,1196700.0,14.42,21492300.0,361.899994,718300.0,74.459999,55300.0,31.139999,441200.0,36.779999,326800.0,284.01001,78882900.0,54.75,946400.0,27.51,87500.0,107.519997,3841500.0,33.299999,1132400.0,26.370001000000002,92400.0,30.17,597500.0,34.41,80800.0,29.49,48200.0
2018-07-26,12.35,332600.0,115.769997,6382700.0,49.369999,500.0,14.49,8336100.0,34.529999,11400.0,22.620001000000002,1850000.0,14.47,15826300.0,363.420013,687800.0,75.290001,32000.0,30.950001,381000.0,36.41,184500.0,283.339996,57919500.0,54.669998,1237000.0,27.32,89700.0,107.58000200000001,3001500.0,33.299999,2533900.0,26.389999,89900.0,30.15,419300.0,34.349998,121300.0,29.49,507900.0
2018-07-27,12.24,437300.0,115.83000200000001,5242000.0,49.307999,3000.0,14.57,5958200.0,34.540001000000004,19800.0,22.809998999999998,1259100.0,14.32,15063300.0,359.399994,931400.0,74.0,36300.0,31.07,375800.0,36.549999,999200.0,281.420013,76768700.0,54.709998999999996,712400.0,27.42,69700.0,107.519997,1935000.0,33.299999,665300.0,26.42,375300.0,30.15,723000.0,34.41,115000.0,29.49,209500.0
2018-07-30,12.38,6831600.0,115.650002,4157400.0,50.299999,1000.0,14.58,3655800.0,34.470001,26200.0,22.959999,1646600.0,14.54,17240300.0,357.76001,723500.0,73.720001,66100.0,31.059998999999998,246800.0,36.52,229900.0,279.950012,63742500.0,54.669998,2676400.0,27.450001,113400.0,107.610001,2292300.0,33.310001,203000.0,26.32,359500.0,30.190001000000002,397200.0,34.279999,322700.0,29.5,254100.0
2018-07-31,12.21,6400200.0,115.989998,5508500.0,51.139998999999996,3400.0,14.61,6939100.0,33.959998999999996,4200.0,22.809998999999998,1668200.0,14.28,16243900.0,361.070007,1031600.0,74.57,37300.0,31.049999,504400.0,36.630001,207800.0,281.329987,68570500.0,54.740002000000004,738500.0,27.42,76800.0,107.82,6030300.0,33.349998,352300.0,26.469998999999998,202300.0,30.190001000000002,319900.0,34.459998999999996,277500.0,29.49,207100.0
2018-08-01,11.99,308600.0,115.139999,7941700.0,50.66,9900.0,14.48,5023800.0,33.34,9400.0,22.66,1161600.0,14.09,18113800.0,359.920013,914900.0,74.529999,38000.0,30.940001000000002,426000.0,36.439999,207000.0,280.859985,53853300.0,54.549999,1455800.0,27.27,188400.0,107.43,4355700.0,33.220001,806900.0,26.27,33500.0,30.139999,454900.0,34.119999,324300.0,29.440001000000002,248700.0
2018-08-02,12.17,233200.0,114.519997,6204200.0,51.299999,1700.0,14.43,8213900.0,33.73,9300.0,23.08,2751700.0,14.36,17357300.0,362.929993,800600.0,75.150002,47500.0,30.76,420700.0,36.09,226800.0,282.390015,63426400.0,54.48,1025200.0,27.1,193200.0,107.459999,2301300.0,33.240002000000004,367700.0,26.290001,85800.0,30.139999,597500.0,34.150002,275000.0,29.459999,187900.0
2018-08-03,12.15,216900.0,114.91999799999999,5953200.0,50.945,300.0,14.5,7564700.0,33.810001,3800.0,23.34,2271300.0,14.27,16502400.0,363.959991,480800.0,74.940002,66400.0,30.799999,295900.0,36.139998999999996,1083400.0,283.600006,53935400.0,54.57,735100.0,27.190001000000002,155100.0,107.610001,3154500.0,33.279999,607300.0,26.4,80800.0,30.190001000000002,398400.0,34.299999,397100.0,29.459999,99100.0
2018-08-06,12.21,361500.0,114.33000200000001,5811600.0,51.299999,600.0,14.4,3546000.0,33.73,5100.0,23.43,1210100.0,14.31,20448200.0,365.75,510300.0,75.480003,45100.0,30.65,280800.0,35.970001,184000.0,284.640015,39400900.0,54.610001000000004,813800.0,27.09,125400.0,107.66999799999999,2978700.0,33.34,852600.0,26.4,156500.0,30.17,289000.0,34.349998,99100.0,29.469998999999998,73200.0
2018-08-07,12.31,205000.0,114.589996,5188000.0,51.346001,900.0,14.43,4175600.0,34.310001,17300.0,23.74,2694300.0,14.36,13378800.0,366.690002,676100.0,75.610001,131400.0,30.85,380300.0,36.259997999999996,408700.0,285.579987,43196600.0,54.630001,878700.0,27.18,126400.0,107.790001,3006900.0,33.310001,320700.0,26.32,228300.0,30.17,364400.0,34.189999,443800.0,29.450001,87100.0
2018-08-08,11.96,1236700.0,114.910004,3808000.0,51.346001,200.0,14.5,5084900.0,33.0,10000.0,24.129998999999998,3026300.0,13.9,28879800.0,365.679993,532600.0,75.489998,45700.0,30.860001,284700.0,36.200001,237500.0,285.459991,42114600.0,54.619999,979100.0,27.120001000000002,126600.0,107.790001,2815200.0,33.299999,1146800.0,26.26,187100.0,30.16,514300.0,34.220001,171100.0,29.459999,47500.0
2018-08-09,11.94,165500.0,114.739998,4253000.0,51.23,3800.0,14.52,4021400.0,32.669998,4900.0,24.209999,2459000.0,13.88,16149500.0,365.369995,527200.0,75.589996,397300.0,30.76,772200.0,36.150002,226100.0,285.070007,35717000.0,54.68,587700.0,26.889999,127400.0,107.610001,2811600.0,33.310001,293500.0,26.34,63200.0,30.17,369000.0,34.470001,149800.0,29.469998999999998,57600.0
2018-08-10,12.11,509600.0,114.690002,6757900.0,49.369999,900.0,14.41,6275400.0,33.310001,6500.0,24.129998999999998,1394200.0,14.08,18042000.0,363.299988,435100.0,75.449997,83400.0,30.219998999999998,668200.0,35.48,371800.0,283.160004,77076000.0,54.73,889200.0,26.34,396600.0,107.43,3462300.0,33.349998,511700.0,26.34,132800.0,30.18,500000.0,34.73,136900.0,29.5,211200.0
2018-08-13,12.07,6913700.0,112.959999,9150900.0,49.169998,4000.0,14.1,12229400.0,33.049999,9500.0,24.040001,1254700.0,14.01,27380100.0,361.450012,651300.0,75.089996,47900.0,30.049999,319000.0,35.009997999999996,477600.0,282.100006,65732900.0,54.73,785100.0,26.07,810000.0,107.400002,4238700.0,33.349998,418500.0,26.290001,153200.0,30.190001000000002,479400.0,34.68,545000.0,29.49,65500.0
2018-08-14,12.05,325900.0,113.07,7085900.0,49.41,12500.0,14.17,5688600.0,33.27,19100.0,24.219998999999998,1429000.0,13.99,18942300.0,364.790009,666900.0,76.110001,43200.0,30.110001,817200.0,35.139998999999996,457800.0,283.899994,43842000.0,54.740002000000004,825000.0,26.33,225900.0,107.550003,3337800.0,33.369999,390400.0,26.35,367600.0,30.209999,875100.0,34.59,77300.0,29.5,52400.0
2018-08-15,11.7,312900.0,111.190002,12398400.0,49.220001,800.0,13.57,25279400.0,32.66,6700.0,24.139999,1257200.0,13.51,47568300.0,361.380005,1048100.0,75.239998,91000.0,29.67,7355100.0,34.080002,3093600.0,281.77999900000003,102925400.0,54.720001,964900.0,26.120001000000002,269000.0,107.309998,3923100.0,33.389998999999996,528800.0,26.41,85700.0,30.200001,382900.0,34.779999,124700.0,29.51,63300.0
2018-08-16,11.79,230800.0,111.099998,7484600.0,50.250999,1000.0,13.77,12662800.0,32.459998999999996,17500.0,23.860001,1923200.0,13.63,18469000.0,364.369995,640000.0,75.790001,25500.0,29.879998999999998,700700.0,34.259997999999996,935600.0,284.059998,69967900.0,54.75,835800.0,26.25,327200.0,107.489998,3028200.0,33.419998,427300.0,26.48,62700.0,30.23,632200.0,34.779999,92200.0,29.51,55700.0
2018-08-17,11.83,6524100.0,112.129997,8471000.0,50.57,3200.0,13.92,7177900.0,32.299999,18900.0,24.18,1624300.0,13.69,20418900.0,366.22000099999997,495400.0,76.300003,35800.0,30.059998999999998,652700.0,34.650002,504400.0,285.059998,65618500.0,54.75,717200.0,26.280001000000002,149800.0,107.58000200000001,1935000.0,33.419998,374700.0,26.540001,195000.0,30.219998999999998,657000.0,34.810001,1167500.0,29.51,164200.0
2018-08-20,11.86,121800.0,112.690002,5313400.0,49.889998999999996,1800.0,13.88,6988000.0,32.82,10200.0,24.15,1130200.0,13.76,17522400.0,367.589996,658400.0,76.540001,33200.0,30.17,925200.0,34.77,742900.0,285.670013,39807500.0,54.779999,805200.0,26.290001,210100.0,107.66999799999999,2674500.0,33.48,955200.0,26.620001000000002,87500.0,30.24,390000.0,35.040001000000004,124500.0,29.530001000000002,76600.0
2018-08-21,11.9,161400.0,113.019997,5042400.0,49.509997999999996,1100.0,13.89,4004600.0,32.790001000000004,15000.0,24.379998999999998,1494100.0,13.83,10723600.0,370.540009,719200.0,77.470001,57900.0,30.389999,482000.0,35.110001000000004,757400.0,286.339996,67272000.0,54.799999,1119700.0,26.34,169300.0,107.879997,2804100.0,33.459998999999996,398900.0,26.57,164700.0,30.219998999999998,473100.0,34.950001,102700.0,29.530001000000002,164200.0
2018-08-22,12.3,347500.0,113.269997,6215600.0,48.950001,800.0,13.88,5324500.0,33.75,25200.0,24.18,1039600.0,14.27,20301600.0,370.48999,425600.0,77.650002,268200.0,30.49,469700.0,35.389998999999996,385200.0,286.170013,44993300.0,54.790001000000004,844500.0,26.41,76400.0,107.910004,1948500.0,33.459998999999996,420500.0,26.549999,109700.0,30.23,1312800.0,35.07,108300.0,29.530001000000002,154100.0
2018-08-23,12.31,128600.0,112.199997,5500100.0,48.158001,2700.0,13.65,6917500.0,33.639998999999996,8500.0,24.23,1814200.0,14.27,11531100.0,369.200012,482100.0,77.379997,34200.0,30.299999,1007800.0,34.889998999999996,506800.0,285.790009,49204900.0,54.82,897500.0,26.129998999999998,190400.0,107.849998,3500400.0,33.459998999999996,244100.0,26.58,299000.0,30.25,422300.0,35.139998999999996,1945600.0,29.540001,72700.0
2018-08-24,12.4,361900.0,114.160004,9214700.0,47.919998,3400.0,13.92,8723600.0,33.950001,10900.0,23.879998999999998,1551300.0,14.43,14303300.0,370.570007,467100.0,77.68,75900.0,30.5,500000.0,35.43,209600.0,287.51001,57487400.0,54.740002000000004,835800.0,26.389999,122900.0,108.029999,1687500.0,33.48,1816900.0,26.610001,99200.0,30.25,364600.0,35.169998,977500.0,29.530001000000002,81300.0
2018-08-27,12.49,222300.0,114.589996,4364000.0,47.536999,1100.0,13.99,11768800.0,34.189999,18400.0,23.52,1777100.0,14.5,10867600.0,372.359985,713700.0,77.779999,30100.0,30.9,1563300.0,35.900002,266000.0,289.77999900000003,57072400.0,54.689999,813100.0,26.48,126300.0,108.089996,1236000.0,33.490002000000004,1673100.0,26.549999,176700.0,30.219998999999998,413700.0,34.98,127700.0,29.52,96700.0
2018-08-28,12.44,486900.0,113.68,6101400.0,46.84,500.0,13.84,10736800.0,33.950001,8100.0,23.35,1527300.0,14.43,10730100.0,372.420013,724300.0,77.779999,30500.0,30.85,684100.0,35.740002000000004,309300.0,289.920013,46943500.0,54.689999,975300.0,26.309998999999998,127300.0,108.089996,2495700.0,33.419998,330200.0,26.469998999999998,44100.0,30.209999,637000.0,34.790001000000004,1233800.0,29.51,223600.0
2018-08-29,12.63,1538100.0,114.199997,5616300.0,47.400002,800.0,13.87,7312200.0,34.459998999999996,7000.0,23.549999,1315200.0,14.66,17719500.0,373.519989,811300.0,77.870003,83300.0,30.99,945100.0,35.91,323100.0,291.480011,61485500.0,54.66,824100.0,26.200001,166000.0,108.029999,2135700.0,33.400002,1442400.0,26.43,65200.0,30.219998999999998,559000.0,34.830002,110000.0,29.51,102800.0
2018-08-30,12.68,521300.0,113.639999,5431600.0,47.119999,400.0,13.7,9431000.0,34.48,6300.0,23.65,2160500.0,14.75,14333900.0,371.660004,791900.0,77.739998,33400.0,30.73,573800.0,35.049999,270700.0,290.299988,61229500.0,54.700001,810800.0,25.940001000000002,172200.0,107.910004,3517200.0,33.439999,2688100.0,26.41,80100.0,30.24,4664600.0,34.900002,159000.0,29.530001000000002,52500.0
2018-08-31,12.64,422500.0,113.510002,5048700.0,48.150002,1100.0,13.65,6536400.0,34.259997999999996,6600.0,23.950001,1586100.0,14.71,11002800.0,372.48999,492000.0,78.120003,37400.0,30.530001000000002,1081200.0,35.220001,744300.0,290.309998,66140800.0,54.720001,1276000.0,25.940001000000002,185800.0,108.0,4270800.0,33.41,330200.0,26.34,295000.0,30.26,694500.0,34.830002,210200.0,29.52,144300.0
2018-09-04,12.59,250200.0,112.93,6617500.0,47.900002,1800.0,13.31,15857200.0,34.169998,17800.0,23.110001,3214800.0,14.58,15035800.0,371.660004,818400.0,77.739998,131400.0,30.25,1298700.0,34.389998999999996,362900.0,289.809998,57594400.0,54.689999,1486700.0,25.549999,679500.0,107.400002,4958700.0,33.310001,344700.0,26.16,88600.0,30.18,1007500.0,34.549999,468700.0,29.459999,115600.0
2018-09-05,12.51,352100.0,113.32,4459200.0,47.654999,300.0,13.35,6813100.0,33.77,15200.0,22.93,1327900.0,14.49,12873600.0,371.480011,578100.0,77.709999,46800.0,29.99,501900.0,34.040001000000004,477900.0,289.02999900000003,72452400.0,54.669998,1182800.0,25.51,3914500.0,107.279999,3936900.0,33.310001,459100.0,26.129998999999998,29200.0,30.17,574900.0,34.48,284500.0,29.48,117100.0
2018-09-06,12.36,305100.0,113.540001,4784700.0,47.091999,1700.0,13.31,9360100.0,33.299999,6000.0,22.809998999999998,1812800.0,14.3,15539100.0,370.27999900000003,1025700.0,77.150002,41200.0,29.9,464700.0,34.0,372300.0,288.160004,65909900.0,54.720001,1146800.0,25.620001000000002,185100.0,107.279999,3648600.0,33.369999,664500.0,26.24,336500.0,30.190001000000002,568700.0,34.599998,327200.0,29.49,115800.0
2018-09-07,12.4,357600.0,113.230003,3714000.0,47.299999,1400.0,13.32,7207200.0,33.970001,5000.0,22.799999,1300500.0,14.28,13748700.0,369.459991,893200.0,76.870003,105900.0,29.68,473500.0,33.919998,398300.0,287.600006,73524800.0,54.700001,846700.0,25.65,146000.0,107.279999,7155300.0,33.290001000000004,1117000.0,26.09,57900.0,30.17,682400.0,34.310001,158000.0,29.459999,51100.0
2018-09-10,12.38,181600.0,113.150002,2316500.0,47.419998,700.0,13.31,4393500.0,33.73,4000.0,23.02,2465000.0,14.21,9941300.0,370.27999900000003,465300.0,77.040001,32000.0,29.82,455600.0,33.540001000000004,629900.0,288.100006,50210900.0,54.709998999999996,876100.0,25.6,114600.0,107.489998,2780700.0,33.290001000000004,8729500.0,26.219998999999998,25400.0,30.17,2439800.0,34.43,187600.0,29.459999,100100.0
2018-09-11,12.68,211300.0,113.220001,3791300.0,47.32,500.0,13.28,8083200.0,34.669998,17700.0,23.209999,1442300.0,14.6,12411200.0,370.899994,883100.0,76.970001,92400.0,29.870001000000002,812500.0,33.470001,1217300.0,289.049988,50530500.0,54.669998,984400.0,25.6,285100.0,107.519997,5059800.0,33.240002000000004,349000.0,26.15,88300.0,30.16,365500.0,34.189999,376400.0,29.440001000000002,73600.0
2018-09-12,12.83,480900.0,114.16999799999999,6315900.0,46.279999,3600.0,13.39,9092600.0,34.990002000000004,13400.0,23.209999,2029800.0,14.78,18648500.0,371.149994,1161800.0,76.889999,95900.0,30.02,584900.0,33.73,492300.0,289.119995,59810800.0,54.689999,1326100.0,25.76,348100.0,107.760002,2961300.0,33.279999,744400.0,26.26,234000.0,30.16,502900.0,34.25,295600.0,29.450001,171300.0
2018-09-13,12.63,430700.0,113.760002,5635900.0,45.900002,2500.0,13.35,10771000.0,34.349998,13500.0,23.059998999999998,1560700.0,14.49,18426700.0,371.929993,1194000.0,76.730003,46400.0,30.200001,376100.0,34.080002,244900.0,290.829987,51034200.0,54.639998999999996,748400.0,25.84,146700.0,107.940002,4024200.0,33.299999,366500.0,26.299999,73500.0,30.17,651100.0,34.299999,87400.0,29.440001000000002,102200.0
2018-09-14,12.63,379400.0,113.019997,5375600.0,46.23,1400.0,13.23,7632600.0,33.900002,5000.0,22.690001000000002,1894600.0,14.5,16358000.0,373.410004,1537000.0,77.370003,37300.0,30.24,611000.0,34.130001,583200.0,290.880005,55079900.0,54.619999,806000.0,25.82,188100.0,108.059998,3482100.0,33.25,1184700.0,26.299999,82000.0,30.16,423200.0,34.150002,73400.0,29.43,43900.0
2018-09-17,12.63,404800.0,113.610001,4727300.0,46.220001,700.0,13.31,6851400.0,33.959998999999996,22400.0,22.959999,1703700.0,14.47,14423300.0,369.839996,1484800.0,76.550003,30500.0,30.26,824500.0,33.900002,165300.0,289.339996,68244000.0,54.639998999999996,923900.0,25.809998999999998,215700.0,107.940002,2013600.0,33.259997999999996,923200.0,26.290001,32700.0,30.16,431700.0,34.150002,102700.0,29.43,43200.0
2018-09-18,12.8,770500.0,113.440002,4737800.0,45.59,1900.0,13.31,5837200.0,34.450001,5000.0,23.84,4399500.0,14.69,14687600.0,371.450012,916700.0,76.709999,59800.0,30.57,2120700.0,34.169998,188800.0,290.910004,61930400.0,54.630001,1068500.0,25.870001000000002,170500.0,107.940002,2418600.0,33.240002000000004,833200.0,26.09,63600.0,30.17,604600.0,33.810001,88400.0,29.42,161900.0
2018-09-19,12.94,324200.0,113.879997,4223200.0,45.82,600.0,13.4,14142000.0,34.73,5500.0,23.77,2759100.0,14.94,17463400.0,370.26001,1192000.0,76.230003,326000.0,30.700001,1873500.0,34.599998,202700.0,291.22000099999997,49080600.0,54.580002,1245800.0,25.99,93200.0,107.730003,3884400.0,33.209998999999996,1078500.0,25.99,53600.0,30.15,1160300.0,33.610001000000004,218000.0,29.43,141200.0
2018-09-20,12.86,707000.0,114.269997,4384200.0,46.950001,500.0,13.45,9186700.0,34.560001,12900.0,24.370001000000002,4627100.0,14.8,14768600.0,373.049988,850700.0,76.860001,56500.0,31.049999,568800.0,34.91,1164700.0,293.579987,100360600.0,54.59,789900.0,26.190001000000002,91200.0,107.879997,3200700.0,33.23,812400.0,26.16,50900.0,30.15,574500.0,33.759997999999996,97400.0,29.43,79900.0
2018-09-21,12.9,650800.0,113.489998,6831400.0,46.740002000000004,600.0,13.44,11081500.0,34.57,154900.0,24.59,3307200.0,14.96,28359900.0,370.950012,683800.0,76.41999799999999,52100.0,31.040001,271000.0,35.029999,211500.0,291.98999,105479700.0,54.599998,905600.0,26.18,135200.0,107.940002,2353200.0,33.25,895400.0,26.129998999999998,146900.0,30.17,1062100.0,33.75,243300.0,29.43,540300.0
2018-09-24,13.22,642200.0,113.470001,4435300.0,47.349998,1500.0,13.41,9673700.0,35.400002,35800.0,25.08,2797600.0,15.25,24690800.0,369.619995,972400.0,75.730003,35900.0,30.879998999999998,339900.0,34.639998999999996,423700.0,291.019989,53409600.0,54.5,695200.0,26.190001000000002,228300.0,107.82,4032900.0,33.209998999999996,552400.0,26.059998999999998,284800.0,30.16,1214600.0,33.68,136300.0,29.43,137700.0
2018-09-25,13.27,278700.0,113.650002,3004800.0,47.0,800.0,13.59,11303700.0,35.5,11900.0,25.200001,2226100.0,15.27,18303900.0,369.27999900000003,675000.0,75.760002,36000.0,31.049999,347800.0,34.799999,293300.0,290.75,44370000.0,54.459998999999996,891500.0,26.139999,299500.0,107.849998,2303100.0,33.189999,524600.0,26.049999,50200.0,30.16,841300.0,33.639998999999996,104600.0,29.42,84300.0
2018-09-26,13.16,341000.0,113.050003,8297300.0,47.560001,100.0,13.49,10004300.0,35.349998,7400.0,24.629998999999998,3341200.0,15.11,11065200.0,365.880005,791600.0,75.150002,38500.0,31.040001,589900.0,34.77,367000.0,289.880005,79739700.0,54.560001,793900.0,26.27,87400.0,107.879997,7172700.0,33.23,578800.0,26.190001000000002,93400.0,30.17,615600.0,33.849998,719700.0,29.440001000000002,102200.0
2018-09-27,13.28,286900.0,112.050003,7683400.0,47.279999,400.0,13.41,6534900.0,35.779999,4700.0,25.24,4454700.0,15.26,11781900.0,366.140015,738800.0,75.190002,47200.0,30.969998999999998,399900.0,35.0,322600.0,290.690002,59249500.0,54.57,1338900.0,26.35,426400.0,108.089996,3473700.0,33.259997999999996,626600.0,26.219998999999998,122500.0,30.200001,688000.0,33.889998999999996,119900.0,29.440001000000002,87400.0
2018-09-28,13.48,618000.0,112.760002,6020600.0,47.220001,600.0,13.73,15282500.0,36.139998999999996,63000.0,24.83,3256800.0,15.52,18517100.0,367.459991,794500.0,75.470001,156600.0,30.77,919000.0,34.830002,1000100.0,290.72000099999997,70091400.0,54.540001000000004,951500.0,26.309998999999998,158400.0,108.150002,2278500.0,33.299999,530800.0,26.17,64800.0,30.18,884800.0,33.799999,951000.0,29.450001,256700.0
2018-10-01,13.9,458400.0,112.57,3892600.0,47.16,300.0,13.62,9288000.0,36.91,14800.0,25.709999,3857200.0,15.95,26228400.0,364.519989,1085300.0,74.300003,182000.0,30.85,544300.0,34.830002,339900.0,291.730011,62078900.0,54.389998999999996,1327300.0,26.17,221600.0,107.970001,4466700.0,33.169998,334900.0,26.01,195800.0,30.129998999999998,336100.0,33.450001,628800.0,29.4,78200.0
2018-10-02,13.83,444200.0,113.870003,10776700.0,47.970001,400.0,13.79,20937700.0,36.709998999999996,18800.0,26.110001,3158000.0,15.87,15998000.0,363.140015,808200.0,73.529999,93600.0,30.639999,473900.0,34.470001,363000.0,291.559998,47258200.0,54.459998999999996,1039200.0,26.24,120600.0,107.82,3957000.0,33.189999,1131800.0,26.09,50000.0,30.139999,1640300.0,33.700001,82200.0,29.4,67100.0
2018-10-03,14.02,718300.0,113.41999799999999,6674500.0,47.970001,0.0,13.78,8549200.0,36.91,13000.0,26.85,3844700.0,16.08,26224200.0,364.549988,623300.0,74.199997,72000.0,30.620001000000002,484900.0,34.27,246300.0,291.72000099999997,64694600.0,54.310001,2240300.0,26.09,161600.0,107.639999,8578800.0,33.09,1181500.0,25.82,369500.0,30.1,461900.0,33.09,128000.0,29.360001,97500.0
2018-10-04,13.75,785500.0,113.480003,6616200.0,47.797001,1200.0,13.71,9243500.0,36.400002,9200.0,26.32,4273000.0,15.74,26401700.0,360.570007,1054900.0,73.32,45600.0,30.219998999999998,490900.0,33.490002000000004,553000.0,289.440002,111545900.0,54.220001,1490200.0,25.85,170900.0,107.160004,5058300.0,33.02,980000.0,25.690001000000002,135100.0,30.09,464200.0,32.900002,291400.0,29.370001000000002,125500.0
2018-10-05,13.72,704400.0,113.800003,7994400.0,48.099998,2100.0,13.75,7016000.0,36.080002,7500.0,26.059998999999998,3455400.0,15.69,26026300.0,357.869995,996700.0,72.529999,66900.0,30.07,4061700.0,33.290001000000004,4501800.0,287.820007,105951700.0,54.130001,1085900.0,25.950001,183800.0,106.650002,11892300.0,33.009997999999996,2627000.0,25.52,68400.0,30.09,2940700.0,32.610001000000004,969700.0,29.360001,2136500.0
2018-10-08,13.69,497600.0,112.540001,12111600.0,47.799999,300.0,13.53,9290300.0,36.110001000000004,31200.0,27.07,4297800.0,15.68,19786700.0,357.97000099999997,621500.0,72.470001,86000.0,29.93,377800.0,33.470001,512900.0,287.820007,87742200.0,54.169998,1013800.0,25.959999,661500.0,106.410004,6155100.0,33.0,411500.0,25.48,57400.0,30.110001,524700.0,32.48,403500.0,29.370001000000002,71800.0
2018-10-09,13.81,432000.0,112.599998,8352300.0,47.599998,900.0,13.53,6392900.0,35.939999,10100.0,27.110001,5139200.0,15.82,23300600.0,356.0,815400.0,72.160004,132200.0,29.83,729800.0,33.259997999999996,414400.0,287.399994,74339000.0,54.16,968400.0,26.09,429800.0,106.529999,4490700.0,33.0,3528200.0,25.610001,56200.0,30.09,5210700.0,32.830002,491200.0,29.360001,63500.0
2018-10-10,13.46,753000.0,112.879997,10571300.0,47.169998,2100.0,13.45,8632800.0,34.919998,11000.0,26.98,4676700.0,15.38,18077900.0,346.790009,1918600.0,70.220001,93400.0,29.16,746300.0,32.34,509700.0,278.299988,214731000.0,54.139998999999996,1286800.0,25.879998999999998,188500.0,105.690002,9108900.0,32.990002000000004,669700.0,25.51,106900.0,30.1,626600.0,32.75,279900.0,29.379998999999998,104000.0
2018-10-11,13.07,1327700.0,115.779999,26810900.0,47.470001,5900.0,13.67,15833000.0,33.369999,28100.0,26.629998999999998,5999300.0,14.95,29788500.0,339.5,3802200.0,68.720001,330000.0,28.77,1481500.0,32.060001,1584600.0,272.170013,274840500.0,54.209998999999996,1183300.0,26.07,278300.0,105.959999,9908700.0,33.040001000000004,710800.0,25.68,158800.0,30.110001,2902700.0,33.139998999999996,158500.0,29.4,818400.0
2018-10-12,13.21,3224100.0,115.230003,12939300.0,48.160999,3400.0,13.74,8082000.0,33.75,11200.0,26.059998999999998,4625200.0,15.12,26727200.0,340.230011,2680100.0,68.639999,75200.0,28.870001000000002,1569200.0,32.959998999999996,490300.0,275.950012,183186500.0,54.240002000000004,1318800.0,26.1,134700.0,106.5,3097500.0,33.049999,1311000.0,25.66,397300.0,30.120001000000002,2240800.0,33.009997999999996,675900.0,29.379998999999998,845500.0
2018-10-15,13.23,906900.0,116.0,11828400.0,48.900002,2300.0,13.8,6605800.0,33.610001000000004,15100.0,26.879998999999998,4306900.0,15.13,22378000.0,341.790009,1431200.0,68.949997,42800.0,28.84,668100.0,32.669998,366900.0,274.399994,102263700.0,54.259997999999996,768400.0,26.26,154100.0,106.260002,4110900.0,33.040001000000004,983200.0,25.59,85600.0,30.120001000000002,269800.0,33.0,258600.0,29.4,207100.0
2018-10-16,13.3,731200.0,115.800003,9531800.0,48.691002000000005,2800.0,13.78,7548800.0,34.23,7200.0,26.799999,2368600.0,15.19,18469600.0,349.070007,1578300.0,70.809998,86800.0,29.32,1374500.0,33.490002000000004,250100.0,280.399994,118255800.0,54.330002,824500.0,26.459999,120300.0,106.709999,2892600.0,33.060001,585800.0,25.68,355500.0,30.1,951600.0,33.07,134300.0,29.4,149000.0
2018-10-17,13.03,651000.0,115.790001,7078600.0,48.32,6400.0,13.74,7074500.0,33.310001,25200.0,27.469998999999998,3375200.0,14.82,31607600.0,347.980011,1583600.0,70.400002,65400.0,29.139999,498100.0,33.049999,487600.0,280.450012,110626000.0,54.369999,782000.0,26.41,90800.0,106.589996,2929800.0,33.0,424500.0,25.549999,197200.0,30.09,1057000.0,32.869999,108100.0,29.389999,128300.0
2018-10-18,12.79,513800.0,115.91999799999999,7964100.0,47.852001,900.0,13.7,6018300.0,32.799999,22700.0,26.620001000000002,3790800.0,14.56,23906400.0,342.97000099999997,1607900.0,69.089996,82100.0,28.67,749300.0,32.240002000000004,426500.0,276.399994,134557500.0,54.389998999999996,781900.0,26.27,263700.0,106.110001,5621400.0,33.009997999999996,1007300.0,25.469998999999998,135000.0,30.09,478000.0,32.889998999999996,88300.0,29.4,100400.0
2018-10-19,12.94,700000.0,116.010002,7453900.0,47.471001,900.0,13.74,4864500.0,33.16,107300.0,26.809998999999998,3855500.0,14.72,20596400.0,340.799988,1171600.0,68.41999799999999,55000.0,28.85,488800.0,32.5,274600.0,276.25,139901600.0,54.400002,683900.0,26.32,277000.0,106.110001,4466700.0,32.990002000000004,240000.0,25.440001000000002,85200.0,30.09,388900.0,32.790001000000004,50400.0,29.370001000000002,110000.0
2018-10-22,12.97,345900.0,115.709999,5200500.0,47.549999,1400.0,13.68,4819900.0,33.119999,14600.0,26.049999,4412700.0,14.74,17461800.0,339.0,798700.0,68.349998,65800.0,28.690001000000002,339900.0,32.810001,291400.0,275.01001,82415800.0,54.41,1451000.0,26.34,221200.0,106.139999,3551100.0,32.990002000000004,959900.0,25.4,447600.0,30.08,831900.0,32.77,140600.0,29.389999,367600.0
2018-10-23,12.39,526700.0,116.389999,12704200.0,47.720001,1300.0,13.83,8088400.0,31.790001,25700.0,26.66,3478600.0,14.04,46733900.0,335.570007,1641300.0,67.849998,97900.0,28.42,629400.0,32.52,384900.0,273.609985,146352700.0,54.439999,803000.0,26.34,199700.0,106.08000200000001,5398800.0,33.0,929500.0,25.379998999999998,118000.0,30.1,779600.0,32.849998,181600.0,29.41,85300.0
2018-10-24,12.38,1342600.0,116.660004,8563300.0,47.099998,300.0,13.79,6600700.0,31.15,21600.0,26.379998999999998,3271400.0,14.05,27014000.0,325.47000099999997,2119900.0,65.5,105700.0,27.610001,867600.0,31.530001000000002,571400.0,265.320007,177806700.0,54.52,1167500.0,26.059998999999998,177500.0,105.599998,6532500.0,33.060001,610900.0,25.440001000000002,376000.0,30.129998999999998,978200.0,33.080002,180000.0,29.450001,364600.0
2018-10-25,12.5,734300.0,116.400002,8303500.0,46.34,700.0,13.74,6665100.0,31.290001,15600.0,26.27,3470300.0,14.21,15381000.0,330.309998,2486300.0,66.870003,150700.0,27.870001000000002,2597000.0,32.080002,1323700.0,270.079987,138061500.0,54.580002,986500.0,26.200001,98500.0,105.75,4427400.0,33.029999,1557400.0,25.4,137600.0,30.120001000000002,3195400.0,32.959998999999996,329500.0,29.440001000000002,1183800.0
2018-10-26,12.62,719100.0,116.769997,15733100.0,47.063,9100.0,13.81,7874600.0,31.49,22200.0,26.360001,3065400.0,14.33,21719500.0,326.630005,1946700.0,66.269997,180500.0,27.66,923100.0,31.809998999999998,771000.0,265.329987,201574600.0,54.689999,945100.0,26.27,171200.0,105.269997,6368700.0,33.110001000000004,437900.0,25.469998999999998,93200.0,30.129998999999998,1161200.0,33.150002,834100.0,29.450001,1627500.0
2018-10-29,12.45,873300.0,116.309998,8732500.0,46.93,400.0,13.59,9774000.0,31.360001,15600.0,25.92,2453900.0,14.11,21263300.0,325.27999900000003,1865600.0,66.120003,89800.0,27.59,873200.0,31.290001,550800.0,263.859985,160749100.0,54.689999,1231600.0,26.07,222300.0,105.269997,4852200.0,33.099998,962500.0,25.389999,266200.0,30.129998999999998,337000.0,33.110001000000004,309600.0,29.450001,356600.0
2018-10-30,12.35,503000.0,115.800003,7233300.0,46.619999,3000.0,13.61,5980400.0,31.219998999999998,14600.0,26.059998999999998,2458800.0,14.03,19665600.0,331.01001,2757700.0,67.57,68300.0,27.870001000000002,1263600.0,31.85,614200.0,267.769989,157116000.0,54.619999,1353900.0,26.120001000000002,109900.0,105.33000200000001,4695600.0,33.029999,533600.0,25.26,505500.0,30.120001000000002,1162800.0,32.950001,267800.0,29.440001000000002,121700.0
2018-10-31,12.17,401500.0,115.150002,11409300.0,46.619999,0.0,13.41,9383800.0,30.309998999999998,22500.0,26.700001,3119200.0,13.79,31990800.0,332.149994,3635900.0,67.540001,73700.0,28.059998999999998,1659300.0,32.25,258700.0,270.630005,128296300.0,54.529999,985100.0,25.99,101900.0,105.480003,4200300.0,33.0,432200.0,25.15,190800.0,30.1,552700.0,32.759997999999996,87000.0,29.43,308200.0
2018-11-01,11.86,2346700.0,116.629997,13662900.0,47.419998,1900.0,13.83,11926200.0,29.82,29700.0,26.4,2802800.0,13.46,36053900.0,338.72000099999997,2103300.0,68.82,174400.0,28.469998999999998,5682700.0,33.380001,4869800.0,273.51001,99495000.0,54.52,2842700.0,26.200001,131100.0,105.360001,5709900.0,32.93,591500.0,25.129998999999998,110900.0,30.059998999999998,1254300.0,32.73,2045200.0,29.389999,369400.0
2018-11-02,11.76,2835000.0,116.650002,8796900.0,47.84,500.0,13.86,9784100.0,29.469998999999998,23700.0,26.75,3358700.0,13.31,28761400.0,339.079987,1248400.0,69.209999,144500.0,28.48,2099700.0,33.529999,1744300.0,271.890015,122634100.0,54.470001,2596000.0,26.27,83300.0,105.41999799999999,3555600.0,32.860001000000004,1400200.0,24.959999,103400.0,30.02,1416500.0,32.310001,2009800.0,29.360001,885300.0
2018-11-05,11.71,615500.0,116.370003,6291500.0,47.887001,100.0,13.76,5178600.0,29.15,21900.0,28.93,8825200.0,13.3,19649400.0,340.76001,1715700.0,69.269997,228500.0,28.530001000000002,2604800.0,33.630001,2058500.0,273.390015,65622500.0,54.48,825600.0,26.32,226800.0,105.510002,3114000.0,32.889998999999996,870200.0,25.01,262200.0,30.02,3088400.0,32.470001,222900.0,29.35,1115800.0
2018-11-06,11.62,677500.0,116.040001,7270800.0,47.887001,0.0,13.65,5159700.0,29.34,18000.0,28.76,2650000.0,13.18,29618600.0,342.72000099999997,1219300.0,69.66999799999999,83400.0,28.68,7229200.0,33.529999,281700.0,275.119995,60085900.0,54.490002000000004,875200.0,26.33,198400.0,105.720001,3853800.0,32.91,1064500.0,25.16,172400.0,30.040001,1381800.0,32.439999,79500.0,29.34,121800.0
2018-11-07,11.54,746600.0,116.029999,8392100.0,47.759997999999996,100.0,13.67,4207800.0,28.51,34600.0,28.68,2566000.0,13.06,25920300.0,347.850006,907000.0,70.559998,69600.0,29.040001,1479200.0,34.130001,445300.0,281.01001,102752100.0,54.470001,1328200.0,26.49,85200.0,106.230003,8367900.0,32.93,1752600.0,25.280001000000002,121600.0,30.049999,2568300.0,32.48,136400.0,29.34,96900.0
2018-11-08,11.37,884900.0,115.779999,7638800.0,47.66,2900.0,13.56,5517700.0,28.49,11800.0,28.940001000000002,2420600.0,12.84,27401000.0,346.51001,823900.0,70.360001,50300.0,28.75,534000.0,33.240002000000004,381500.0,280.5,65584900.0,54.400002,780000.0,26.200001,114100.0,106.08000200000001,6969600.0,32.880001,954300.0,25.200001,647200.0,30.030001000000002,520400.0,32.450001,401700.0,29.35,421200.0
2018-11-09,11.22,588800.0,114.480003,14159200.0,47.66,0.0,13.32,12229900.0,28.08,22700.0,30.24,7420600.0,12.7,30864700.0,342.859985,928300.0,69.209999,52600.0,28.549999,2439600.0,32.790001000000004,365000.0,277.76001,98812600.0,54.509997999999996,872900.0,26.16,127300.0,105.41999799999999,6295200.0,32.91,937700.0,25.25,207800.0,30.030001000000002,674600.0,32.68,523300.0,29.360001,90600.0
2018-11-12,11.04,1417200.0,113.660004,7498600.0,47.759997999999996,300.0,13.17,6019000.0,28.01,24300.0,31.559998999999998,6572200.0,12.48,34847000.0,337.47000099999997,1062800.0,67.970001,38100.0,28.08,484200.0,32.259997999999996,238200.0,272.570007,99673600.0,54.509997999999996,612000.0,25.940001000000002,159900.0,104.760002,4365000.0,32.900002,479300.0,25.24,106000.0,30.040001,375000.0,32.93,115400.0,29.389999,94100.0
2018-11-13,10.36,2182300.0,113.699997,9309000.0,47.349998,700.0,13.15,10762200.0,26.68,51000.0,33.07,15263200.0,11.69,84955700.0,337.480011,901800.0,67.779999,41700.0,28.18,628700.0,32.619999,305900.0,272.059998,98176600.0,54.509997999999996,696300.0,25.93,138900.0,104.610001,5386800.0,32.91,507700.0,25.120001000000002,68500.0,30.049999,898600.0,32.880001,2882500.0,29.4,70100.0
2018-11-14,10.59,1093100.0,114.639999,13950200.0,47.369999,700.0,13.28,11375200.0,27.08,18600.0,39.32,43146400.0,11.95,55488800.0,335.440002,1254800.0,67.33000200000001,54500.0,28.17,1747000.0,32.889998999999996,710000.0,270.200012,125335900.0,54.540001000000004,794900.0,26.08,184900.0,104.370003,8048100.0,32.91,1129000.0,24.940001000000002,55000.0,30.07,966200.0,32.919998,170600.0,29.4,639800.0
2018-11-15,10.6,665800.0,114.769997,8910600.0,47.459998999999996,2800.0,13.42,7407400.0,26.969998999999998,21100.0,31.799999,18755800.0,11.98,39391900.0,339.559998,1084200.0,68.150002,56500.0,28.32,1849000.0,33.529999,724400.0,273.019989,135101400.0,54.549999,997300.0,26.25,192200.0,104.309998,9046800.0,32.880001,2261500.0,24.889999,312500.0,30.059998999999998,706500.0,32.919998,101400.0,29.42,89200.0
2018-11-16,10.66,644300.0,115.620003,8577000.0,47.459998999999996,0.0,13.53,8750900.0,27.4,20200.0,35.43,11793100.0,12.07,30347000.0,339.769989,895700.0,68.360001,60500.0,28.389999,931600.0,33.720001,891300.0,273.730011,126668000.0,54.529999,860100.0,26.469998999999998,268300.0,103.83000200000001,20139900.0,32.950001,482100.0,24.98,289800.0,30.08,1327100.0,33.07,138300.0,29.440001000000002,598800.0
2018-11-19,10.7,893000.0,115.66999799999999,8508300.0,46.630001,42200.0,13.55,6232000.0,27.389999,16900.0,37.200001,15780400.0,12.14,34529500.0,335.109985,1021000.0,67.269997,45300.0,28.139999,931500.0,33.279999,317300.0,269.100006,103061700.0,54.540001000000004,672900.0,26.370001000000002,208400.0,103.709999,7159500.0,32.91,306200.0,24.950001,113800.0,30.07,933200.0,33.18,562000.0,29.459999,300700.0
2018-11-20,9.97,1351800.0,115.66999799999999,9075100.0,46.860001000000004,12300.0,13.45,6923900.0,25.889999,48800.0,36.68,14273000.0,11.27,72177700.0,329.369995,1631900.0,66.059998,125700.0,27.65,1951900.0,32.580002,288000.0,264.119995,136021300.0,54.580002,855700.0,26.27,139200.0,103.230003,5130600.0,32.869999,1231000.0,24.950001,285000.0,30.059998999999998,1386800.0,33.200001,301200.0,29.459999,220900.0
2018-11-21,10.19,1782400.0,115.860001,8834200.0,46.742001,5200.0,13.6,5733300.0,26.030001000000002,48800.0,36.299999,14054200.0,11.52,38220800.0,333.0,1173600.0,66.66999799999999,73400.0,27.99,722500.0,33.189999,301900.0,265.019989,75563700.0,54.59,1134800.0,26.389999,208200.0,103.68,3843000.0,32.900002,384200.0,25.01,115400.0,30.059998999999998,883000.0,33.169998,145400.0,29.459999,870600.0
2018-11-23,9.59,909500.0,115.769997,3726600.0,46.700001,4200.0,13.42,3310600.0,24.450001,38700.0,36.380001,3849100.0,10.83,55536400.0,332.480011,377900.0,66.690002,150000.0,27.809998999999998,719600.0,32.740002000000004,843200.0,263.25,42807900.0,54.650002,488800.0,26.33,139300.0,103.199997,2096400.0,32.889998999999996,323000.0,25.02,19900.0,30.059998999999998,355400.0,33.200001,718700.0,29.459999,63400.0
2018-11-26,9.69,2233900.0,115.639999,4018600.0,46.384997999999996,500.0,13.39,5100000.0,24.860001,34700.0,34.560001,7476100.0,10.94,39021600.0,336.769989,1015500.0,67.309998,81700.0,28.219998999999998,1037900.0,33.09,358000.0,267.5,79981400.0,54.669998,910400.0,26.17,108600.0,103.650002,4557900.0,32.889998999999996,868600.0,25.030001000000002,78600.0,30.07,731200.0,33.139998999999996,240800.0,29.459999,558100.0
2018-11-27,9.68,2399500.0,114.949997,9671100.0,46.384997999999996,100.0,13.29,7165200.0,24.610001,25800.0,34.139998999999996,5270600.0,10.95,36086100.0,334.02999900000003,914900.0,66.779999,38000.0,28.120001000000002,940200.0,33.32,457000.0,268.399994,75502400.0,54.720001,1385700.0,26.209999,95800.0,103.650002,3968700.0,32.869999,700700.0,24.959999,237800.0,30.049999,1064200.0,33.189999,65300.0,29.459999,158900.0
2018-11-28,9.45,2152500.0,115.379997,13788800.0,46.384997999999996,0.0,13.43,8932300.0,24.049999,47600.0,37.740002000000004,14428000.0,10.66,48781800.0,340.670013,1077100.0,68.410004,70800.0,28.540001,699700.0,34.130001,500400.0,274.579987,127629600.0,54.689999,1334400.0,26.43,158200.0,104.43,6254700.0,32.900002,2814800.0,24.969998999999998,190000.0,30.08,777400.0,33.029999,1447300.0,29.469998999999998,400600.0
2018-11-29,9.6,1332900.0,115.739998,6479300.0,46.384997999999996,100.0,13.43,6868200.0,24.93,30700.0,37.09,6529900.0,10.87,33119900.0,340.380005,1204500.0,68.07,62900.0,28.42,980500.0,33.869999,732300.0,273.980011,82346400.0,54.73,733200.0,26.549999,146800.0,104.489998,4484400.0,32.849998,1034500.0,24.9,396800.0,30.059998999999998,896800.0,33.139998999999996,96500.0,29.48,820100.0
2018-11-30,9.48,1554700.0,115.540001,8169600.0,47.529999,2100.0,13.32,7261100.0,24.469998999999998,34400.0,37.32,4417400.0,10.73,46819800.0,342.73999,1169000.0,68.589996,65500.0,28.309998999999998,728600.0,33.880001,378700.0,275.649994,98204200.0,54.759997999999996,1340200.0,26.51,149200.0,104.190002,3646800.0,32.860001000000004,4261700.0,24.9,86300.0,30.08,829600.0,33.259997999999996,740000.0,29.48,285400.0
2018-12-03,9.97,1186500.0,116.410004,8469500.0,47.939999,2800.0,13.49,11951200.0,25.200001,25000.0,35.139998999999996,5540300.0,11.27,32582300.0,345.26001,1162600.0,68.989998,116000.0,28.709999,790700.0,34.48,588500.0,279.299988,103176300.0,54.82,2374200.0,26.530001000000002,237800.0,104.43,4907400.0,32.84,1723800.0,24.93,74800.0,30.01,510800.0,33.41,340200.0,29.4,286400.0
2018-12-04,9.91,915200.0,117.120003,7186100.0,47.939999,0.0,13.62,10209800.0,25.110001,22300.0,36.32,6310200.0,11.18,27194400.0,333.049988,1830200.0,65.849998,111400.0,28.0,1806800.0,33.830002,855000.0,270.25,177986000.0,54.93,1592200.0,26.360001,139400.0,103.889999,7152300.0,32.779999,486300.0,25.059998999999998,81100.0,29.99,1319700.0,33.950001,505600.0,29.43,767800.0
2018-12-06,9.71,1901500.0,117.139999,9267600.0,47.922001,1700.0,13.6,6372500.0,25.18,70600.0,35.349998,5084700.0,10.94,45909400.0,331.48999,1719100.0,65.650002,108100.0,27.709999,1229000.0,33.630001,598000.0,269.839996,204185400.0,54.950001,2244600.0,26.42,359600.0,103.440002,7304700.0,32.82,2440400.0,25.07,509700.0,30.040001,865600.0,34.080002,365300.0,29.459999,1222000.0
2018-12-07,9.85,1309200.0,118.089996,10402900.0,48.610001000000004,18500.0,13.73,8447800.0,25.809998999999998,30400.0,36.52,7079800.0,11.11,43287600.0,324.540009,1588400.0,64.459999,78400.0,27.41,2446800.0,33.0,648500.0,263.570007,161018900.0,54.98,1369800.0,26.290001,194000.0,103.349998,5637900.0,32.860001000000004,3551800.0,25.139999,102800.0,30.02,1745600.0,34.130001,190000.0,29.48,1208000.0
2018-12-10,9.54,861900.0,117.68,8117900.0,48.324001,200.0,13.65,6420800.0,24.809998999999998,29400.0,36.490002000000004,6099200.0,10.75,31402100.0,322.619995,1442800.0,63.93,249600.0,27.23,4803400.0,32.610001000000004,864600.0,264.070007,151445900.0,55.029999,977900.0,26.16,245500.0,103.260002,4281600.0,32.900002,1552100.0,25.26,91900.0,30.030001000000002,889100.0,34.290001000000004,336300.0,29.48,340600.0
2018-12-11,9.69,1022500.0,117.540001,6395400.0,48.400002,1400.0,13.66,6799500.0,25.139999,15500.0,35.330002,5209200.0,10.95,20848300.0,321.630005,1795000.0,63.93,187500.0,27.27,2117100.0,32.849998,7573000.0,264.130005,121504400.0,55.060001,910000.0,26.18,352600.0,103.529999,4764000.0,32.880001,1439700.0,25.35,132000.0,30.030001000000002,1726900.0,34.25,351200.0,29.459999,831500.0
2018-12-12,9.58,757000.0,117.790001,4136800.0,48.567001,1500.0,13.82,7022100.0,24.860001,18200.0,33.240002000000004,6016300.0,10.82,26276000.0,324.059998,1182100.0,64.58000200000001,53700.0,27.65,2592300.0,33.330002,897600.0,265.459991,97976700.0,54.970001,1006800.0,26.299999,267700.0,103.83000200000001,6052800.0,32.889998999999996,2399400.0,25.34,154000.0,30.030001000000002,1572800.0,34.110001000000004,656600.0,29.459999,604500.0
2018-12-13,9.95,958700.0,117.529999,4131800.0,48.619999,700.0,13.86,4870500.0,25.959999,34300.0,33.439999,5913700.0,11.21,53082700.0,320.660004,1597200.0,63.560001,57400.0,27.620001000000002,1074000.0,33.439999,899400.0,265.369995,96662700.0,54.959998999999996,726000.0,26.27,150500.0,104.099998,4645500.0,32.93,598200.0,25.41,124800.0,30.059998999999998,2014200.0,34.049999,670200.0,29.48,267700.0
2018-12-14,9.62,802700.0,117.059998,7501700.0,48.415001000000004,200.0,13.7,8673700.0,25.139999,16100.0,30.75,5050900.0,10.82,35792000.0,316.269989,2623500.0,62.599998,115700.0,27.24,4466700.0,33.040001000000004,478400.0,260.47000099999997,116961100.0,55.040001000000004,1262300.0,26.139999,137800.0,103.650002,5334300.0,32.939999,722800.0,25.389999,282400.0,30.08,1108200.0,34.150002,292300.0,29.48,207200.0
2018-12-17,9.27,751500.0,117.870003,8454900.0,48.595001,3500.0,13.77,6517300.0,24.41,16300.0,28.709999,4230900.0,10.45,40129600.0,309.399994,2815400.0,61.130001,135600.0,27.01,5597100.0,32.619999,1062400.0,255.36000099999998,165492300.0,55.09,1510100.0,26.26,246000.0,102.959999,6247500.0,32.970001,2163400.0,25.450001,109600.0,30.08,1430300.0,34.34,500100.0,29.530001000000002,779800.0
2018-12-18,8.72,828700.0,118.150002,7542900.0,48.584998999999996,300.0,13.75,6808500.0,23.450001,65100.0,30.74,4591500.0,9.79,56381900.0,309.350006,1585400.0,61.279999,150200.0,27.040001,1877600.0,32.84,831500.0,255.080002,134515100.0,55.189999,1719900.0,26.32,315200.0,102.660004,7548300.0,33.040001000000004,902200.0,25.540001,158100.0,30.139999,1491300.0,34.540001000000004,399900.0,29.549999,539300.0
2018-12-19,8.91,1117400.0,117.43,13827500.0,48.080002,2700.0,13.69,16736200.0,23.68,32700.0,30.139999,3901800.0,10.02,38468500.0,304.119995,2090200.0,59.869999,222800.0,26.75,2567700.0,32.360001000000004,1075600.0,251.25999500000003,214992800.0,55.279999,1262700.0,26.129998999999998,242400.0,101.220001,5695200.0,32.919998,962100.0,25.51,628100.0,30.030001000000002,1134000.0,34.91,645300.0,29.48,400700.0
2018-12-20,8.63,876200.0,119.239998,18615100.0,47.84,2500.0,13.85,13577600.0,22.98,51200.0,30.1,3700700.0,9.72,44132600.0,300.200012,2316400.0,58.939999,420900.0,26.629998999999998,5157100.0,32.630001,1864600.0,247.169998,252053400.0,55.310001,1259500.0,26.299999,180800.0,100.199997,16207200.0,32.889998999999996,4046600.0,25.280001000000002,266800.0,30.040001,2328400.0,34.779999,5577600.0,29.49,1045500.0
2018-12-21,8.5,1105800.0,118.720001,13629800.0,47.395,15500.0,13.74,7224400.0,22.690001000000002,40700.0,30.25,3163100.0,9.57,38901200.0,292.880005,1773000.0,57.709998999999996,306100.0,26.17,3395100.0,32.209998999999996,1522300.0,240.69999700000002,255345600.0,55.09,1866900.0,26.139999,186300.0,99.599998,7876200.0,32.880001,863800.0,25.309998999999998,937600.0,30.030001000000002,1778200.0,34.75,628200.0,29.5,647800.0
2018-12-24,8.12,360000.0,120.019997,9736400.0,47.375,600.0,13.87,6303900.0,22.18,21500.0,29.309998999999998,2105100.0,9.29,21598200.0,284.959991,1561500.0,56.32,251400.0,25.639999,2532000.0,31.559998999999998,1099900.0,234.33999599999999,147311600.0,54.139998999999996,1388700.0,26.18,108300.0,98.849998,4095300.0,32.869999,609400.0,25.200001,99200.0,30.030001000000002,966200.0,34.919998,289000.0,29.530001000000002,1103500.0
2018-12-26,8.66,1118200.0,119.660004,14293500.0,46.800999,100.0,14.11,15133000.0,23.35,72200.0,28.23,3380100.0,9.9,40978800.0,298.02999900000003,1424000.0,59.009997999999996,508700.0,26.24,5721100.0,32.139998999999996,1994500.0,246.17999300000002,218485400.0,54.09,2293700.0,26.209999,128400.0,100.529999,6219600.0,32.84,1404700.0,25.139999,219000.0,30.049999,1203100.0,34.57,189200.0,29.52,1751600.0
2018-12-27,8.43,1265500.0,120.57,11874400.0,46.986,16500.0,14.3,13958600.0,22.82,26200.0,28.860001,3540800.0,9.62,36578700.0,299.77999900000003,3996000.0,59.330002,418000.0,26.24,6230100.0,32.18,922200.0,248.07000699999998,186267300.0,54.119999,2262800.0,26.379998999999998,225800.0,100.470001,6663300.0,32.880001,835600.0,25.129998999999998,201400.0,30.08,1697800.0,34.59,408600.0,29.540001,2386800.0
2018-12-28,8.32,440600.0,121.059998,6864700.0,47.182999,100.0,14.42,11445300.0,22.59,16600.0,27.4,3343300.0,9.53,22803400.0,299.359985,2828900.0,59.66,1603900.0,26.379998999999998,4629900.0,32.459998999999996,2906500.0,247.75,153100200.0,54.16,2456900.0,26.450001,272100.0,100.620003,5130900.0,32.98,1105000.0,25.309998999999998,167500.0,30.1,1557700.0,34.849998,1090100.0,29.559998999999998,2038500.0
2018-12-31,8.47,476300.0,121.25,8449400.0,46.896,400.0,14.52,10897200.0,22.91,58400.0,24.709999,4872100.0,9.66,28417400.0,302.670013,3308200.0,59.970001,350800.0,26.450001,4580600.0,32.360001000000004,1095800.0,249.919998,144299400.0,54.25,2654300.0,26.52,153800.0,100.769997,4712400.0,33.040001000000004,736500.0,25.379998999999998,445900.0,30.139999,2598200.0,35.040001000000004,3144400.0,29.58,1064600.0
2019-01-02,8.63,868200.0,121.33000200000001,12776200.0,47.271,1300.0,14.56,12310400.0,23.209999,28800.0,24.49,3978400.0,9.85,33102800.0,301.589996,1777600.0,60.189999,154400.0,26.41,3384500.0,32.48,640800.0,250.17999300000002,126925200.0,54.32,3252600.0,26.6,134400.0,100.650002,6569400.0,33.07,834900.0,25.48,182300.0,30.139999,1103000.0,35.169998,15237900.0,29.59,615400.0
2019-01-03,8.7,717700.0,122.43,15440800.0,47.741001000000004,100.0,14.75,12933200.0,23.57,35600.0,24.209999,2718900.0,9.95,32219000.0,296.630005,2011900.0,59.07,131600.0,26.18,905600.0,32.0,593400.0,244.210007,144140700.0,54.32,1754700.0,26.639999,111300.0,100.68,6619500.0,33.16,676700.0,25.440001000000002,215800.0,30.17,575600.0,35.59,2375200.0,29.65,951400.0
2019-01-04,8.91,722100.0,121.440002,13334000.0,48.145,100.0,14.73,17854300.0,23.700001,48200.0,25.09,2623600.0,10.18,38916100.0,306.350006,1383000.0,61.169998,91500.0,27.0,1020000.0,33.040001000000004,885400.0,252.38999900000002,142628800.0,54.27,2086400.0,26.93,258700.0,102.33000200000001,10540200.0,33.07,713200.0,25.43,316800.0,30.120001000000002,967400.0,35.16,1346400.0,29.6,350400.0
2019-01-07,9.0,377000.0,121.860001,7473600.0,48.140999,500.0,14.67,7432300.0,23.58,54600.0,24.379998999999998,2069800.0,10.29,32249100.0,309.76001,1454300.0,62.040001000000004,94900.0,27.110001,709900.0,33.080002,407000.0,254.38000499999998,103139100.0,54.139998999999996,1570300.0,26.98,146900.0,103.470001,9270600.0,33.049999,737000.0,25.469998999999998,881500.0,30.139999,879800.0,35.080002,524500.0,29.58,258500.0
2019-01-08,9.19,311200.0,121.529999,7643100.0,48.041,1800.0,14.69,6776400.0,23.809998999999998,26900.0,24.74,2474900.0,10.5,29153200.0,314.950012,1056600.0,63.0,100400.0,27.280001000000002,899200.0,33.240002000000004,433800.0,256.769989,102512600.0,54.099998,1034300.0,26.940001000000002,93500.0,104.190002,8160600.0,33.049999,1783700.0,25.540001,182500.0,30.139999,758600.0,35.0,1011000.0,29.559998999999998,1024500.0
2019-01-09,9.65,544800.0,122.309998,10555900.0,48.169998,2600.0,14.78,11011300.0,24.959999,100500.0,24.889999,1630600.0,11.05,49188300.0,318.059998,1032100.0,63.619999,74400.0,27.639999,1308300.0,33.759997999999996,861600.0,257.97000099999997,95006600.0,54.130001,1113900.0,27.110001,92100.0,104.339996,8899200.0,33.130001,1564000.0,25.75,459200.0,30.16,987600.0,34.91,460200.0,29.559998999999998,611800.0
2019-01-10,9.69,257100.0,121.589996,6672000.0,47.467999,500.0,14.6,8700300.0,24.93,24000.0,24.75,3610400.0,11.1,21178000.0,320.619995,1127400.0,63.830002,375400.0,27.709999,7605500.0,33.93,2023800.0,258.880005,96823900.0,54.150002,2459300.0,27.120001000000002,218100.0,104.849998,16731300.0,33.16,1626300.0,25.52,433000.0,30.16,1145100.0,34.700001,13751700.0,29.58,544000.0
2019-01-11,9.53,1715700.0,121.800003,8622400.0,47.813999,200.0,14.64,4941900.0,24.59,26500.0,26.09,3706700.0,10.9,28613500.0,320.76001,977800.0,64.0,54400.0,27.58,2093100.0,33.740002000000004,1367300.0,258.980011,73858100.0,54.209998999999996,1154300.0,27.07,158600.0,104.489998,7779900.0,33.220001,828700.0,25.6,501800.0,30.17,722900.0,34.82,724900.0,29.59,252900.0
2019-01-14,9.35,326500.0,122.089996,6477100.0,47.618999,2800.0,14.66,4370100.0,23.940001000000002,34200.0,29.75,8621500.0,10.69,31060300.0,318.980011,2814700.0,63.43,136700.0,27.440001000000002,813100.0,33.549999,445800.0,257.399994,70908200.0,54.209998999999996,1340200.0,27.110001,212600.0,104.190002,5082600.0,33.169998,700100.0,25.49,100100.0,30.18,2185500.0,34.700001,569200.0,29.6,194200.0
2019-01-15,9.6,336500.0,121.879997,7512500.0,46.970001,1400.0,14.6,15520800.0,24.68,28900.0,28.719998999999998,4418400.0,11.0,23915900.0,320.950012,925200.0,63.889998999999996,76700.0,27.6,3372000.0,33.720001,675900.0,260.350006,85208300.0,54.299999,1466600.0,27.1,203600.0,104.459999,3124800.0,33.209998999999996,459900.0,25.469998999999998,379800.0,30.18,2814800.0,34.599998,615500.0,29.6,953700.0
2019-01-16,9.65,342600.0,122.269997,6878100.0,47.129002,700.0,14.63,6583500.0,24.73,26900.0,28.219998999999998,4471900.0,11.06,32753300.0,323.160004,833600.0,64.389999,61900.0,27.68,1708100.0,34.07,763000.0,260.980011,77636700.0,54.369999,8489700.0,27.16,137700.0,104.66999799999999,3052800.0,33.220001,1228700.0,25.530001000000002,283300.0,30.200001,797800.0,34.619999,587700.0,29.58,249700.0
2019-01-17,9.64,556700.0,122.110001,8558500.0,47.75,900.0,14.57,7610100.0,24.959999,27400.0,28.27,2251500.0,11.03,35852800.0,326.399994,1270300.0,65.0,204700.0,27.77,1658800.0,34.25,532000.0,262.959991,96118400.0,54.389998999999996,1879500.0,27.120001000000002,106100.0,104.940002,3328800.0,33.220001,941500.0,25.58,183500.0,30.190001000000002,1768000.0,34.630001,265100.0,29.59,347000.0
2019-01-18,9.89,407000.0,121.019997,10896000.0,47.988997999999995,6200.0,14.37,9390900.0,25.299999,85600.0,28.41,6926400.0,11.31,40840200.0,330.790009,1080700.0,65.66999799999999,101000.0,28.07,2698800.0,34.400002,1101700.0,266.459991,127900300.0,54.369999,1324700.0,27.059998999999998,164000.0,105.209999,4811100.0,33.27,970700.0,25.620001000000002,318200.0,30.219998999999998,1693900.0,34.450001,641900.0,29.549999,383700.0
2019-01-22,9.73,497800.0,121.449997,7896500.0,47.933997999999995,100.0,14.39,8544400.0,24.58,17400.0,26.65,4735000.0,11.12,36777400.0,325.679993,1248400.0,64.540001,137200.0,27.65,2050400.0,33.849998,1187300.0,262.859985,115531200.0,54.470001,2248300.0,26.92,158900.0,104.610001,5412000.0,33.290001000000004,1737500.0,25.629998999999998,320000.0,30.26,1077700.0,34.689999,430300.0,29.59,1096000.0
2019-01-23,9.65,563300.0,121.279999,5224900.0,48.174999,100.0,14.42,5687200.0,24.309998999999998,27100.0,26.309998999999998,3249500.0,11.05,29044800.0,325.160004,879300.0,64.410004,99500.0,27.77,1574100.0,34.169998,458400.0,263.410004,86030300.0,54.509997999999996,1337600.0,27.1,112400.0,104.790001,5108700.0,33.349998,1042300.0,25.74,204500.0,30.27,668300.0,34.669998,239800.0,29.59,285300.0
2019-01-24,9.77,431000.0,121.089996,5662500.0,48.008998999999996,2300.0,14.36,3809100.0,24.35,9100.0,26.959999,3448100.0,11.17,21986900.0,327.299988,773400.0,64.790001,55300.0,27.85,1003200.0,34.400002,321100.0,263.549988,59204100.0,54.650002,1507800.0,27.07,129900.0,104.910004,4023900.0,33.43,593400.0,25.85,90500.0,30.290001,693400.0,34.900002,156100.0,29.610001,514700.0
2019-01-25,9.84,144600.0,122.860001,11103300.0,48.226002,500.0,14.74,10686800.0,24.33,9600.0,27.4,2807000.0,11.25,17767800.0,330.98999,896700.0,65.540001,52500.0,28.190001000000002,1156200.0,34.68,390800.0,265.77999900000003,96883400.0,54.630001,991300.0,27.219998999999998,178900.0,105.150002,4314900.0,33.43,2753800.0,25.799999,221500.0,30.280001000000002,706700.0,34.73,687400.0,29.59,291900.0
2019-01-28,9.58,291300.0,123.290001,8522200.0,48.130001,2500.0,14.79,7751300.0,23.450001,54200.0,25.73,3419300.0,10.95,28911300.0,330.47000099999997,1101500.0,65.129997,63500.0,28.030001000000002,1077700.0,34.360001000000004,460800.0,263.76001,85613700.0,54.580002,2351500.0,27.17,230900.0,105.0,3757200.0,33.400002,1011600.0,25.83,318300.0,30.290001,970400.0,34.700001,878300.0,29.59,467500.0
2019-01-29,9.77,333100.0,123.980003,11610200.0,47.869999,900.0,14.88,6481700.0,23.719998999999998,35500.0,25.85,3395600.0,11.16,22782600.0,330.48999,727700.0,65.099998,76000.0,28.15,1985400.0,34.389998999999996,559500.0,263.410004,66136300.0,54.700001,2012100.0,27.290001,85800.0,104.970001,4697400.0,33.5,6190400.0,25.91,202600.0,30.32,2340100.0,34.849998,685200.0,29.610001,294800.0
2019-01-30,9.96,427800.0,124.690002,12104000.0,48.125,400.0,15.05,12468900.0,24.41,37300.0,25.559998999999998,2085000.0,11.4,20660000.0,332.570007,1359600.0,65.769997,48700.0,28.450001,1116900.0,35.060001,542100.0,267.579987,92473700.0,54.73,998800.0,27.5,101600.0,105.779999,5116800.0,33.57,633500.0,26.01,454700.0,30.35,3406100.0,34.84,265500.0,29.639999,217100.0
2019-01-31,9.92,329200.0,124.75,10209500.0,47.762001,0.0,15.05,8510800.0,24.049999,60200.0,25.280001000000002,3496400.0,11.35,27546800.0,333.790009,1784400.0,66.300003,169400.0,28.459999,1933900.0,35.450001,2222000.0,269.929993,104012100.0,54.790001000000004,9751700.0,27.77,211000.0,106.050003,8217600.0,33.720001,1228900.0,26.35,443700.0,30.41,829400.0,35.139998999999996,889800.0,29.68,542500.0
2019-02-01,10.16,627200.0,124.5,12485500.0,48.124001,2900.0,14.92,6654200.0,24.799999,48500.0,24.43,3972200.0,11.63,18899800.0,334.850006,1530100.0,66.25,254900.0,28.450001,1466200.0,35.240002000000004,1629200.0,270.059998,85782500.0,54.73,7933000.0,27.559998999999998,190000.0,105.510002,7898700.0,33.57,3531500.0,26.15,122600.0,30.32,4926600.0,34.84,1356800.0,29.58,475600.0
2019-02-04,10.08,786300.0,123.959999,6878900.0,48.263,100.0,14.88,5917700.0,24.959999,85300.0,23.790001,3418600.0,11.5,19827800.0,338.160004,670900.0,67.019997,124400.0,28.530001000000002,960800.0,35.299999,1041200.0,271.959991,60744800.0,54.709998999999996,8443200.0,27.530001000000002,159600.0,105.75,2892300.0,33.529999,1245200.0,26.09,169400.0,30.33,807300.0,34.68,673300.0,29.58,248300.0
2019-02-05,9.91,317000.0,124.279999,6291100.0,48.355,1500.0,14.87,5944400.0,24.73,34400.0,23.959999,2207000.0,11.29,21945300.0,339.52999900000003,957600.0,67.16999799999999,102700.0,28.75,886000.0,35.650002,4034500.0,273.100006,79552800.0,54.779999,4985500.0,27.620001000000002,429400.0,106.110001,8149500.0,33.57,1232800.0,26.26,417300.0,30.290001,586900.0,34.849998,509300.0,29.59,270000.0
2019-02-06,9.93,376000.0,123.440002,6595100.0,48.252998,600.0,14.68,7820600.0,25.200001,51500.0,23.870001000000002,1967800.0,11.32,19192800.0,339.179993,772800.0,67.08000200000001,81700.0,28.610001,1475700.0,35.18,1076500.0,272.73999,58347800.0,54.779999,9917800.0,27.48,291000.0,106.139999,5641200.0,33.580002,913700.0,26.190001000000002,279700.0,30.33,1114600.0,34.849998,507400.0,29.59,327700.0
2019-02-07,9.75,333300.0,123.739998,5935500.0,47.634997999999996,100.0,14.77,7336300.0,24.690001000000002,77300.0,22.950001,5253200.0,11.07,22222600.0,337.660004,1257400.0,66.41999799999999,65400.0,28.26,943900.0,34.91,954300.0,270.140015,95482000.0,54.830002,4627800.0,27.459999,102400.0,105.690002,7681800.0,33.549999,778700.0,26.15,296400.0,30.33,1381700.0,35.09,217200.0,29.620001000000002,246200.0
2019-02-08,9.76,3849800.0,124.209999,4235200.0,47.676998,100.0,14.83,5287500.0,25.0,74400.0,23.27,2523000.0,11.08,13876700.0,337.410004,875400.0,66.410004,42900.0,28.08,728400.0,34.700001,1891400.0,270.47000099999997,75788900.0,54.889998999999996,5086300.0,27.41,91400.0,105.690002,4768800.0,33.619999,1096600.0,26.27,259200.0,30.34,1326100.0,35.240002000000004,918300.0,29.610001,345000.0
2019-02-11,9.71,901400.0,123.599998,4821800.0,47.459998999999996,100.0,14.72,3485500.0,24.6,38600.0,23.610001,2886400.0,11.01,23566900.0,339.5,1435000.0,67.0,64400.0,28.049999,854900.0,34.599998,447300.0,270.619995,68021400.0,54.849998,4482100.0,27.24,158300.0,105.720001,2141100.0,33.599998,805400.0,26.23,175900.0,30.34,437100.0,35.119999,510300.0,29.620001000000002,807300.0
2019-02-12,9.83,368100.0,123.860001,4271900.0,47.896,1000.0,14.73,4314000.0,24.809998999999998,44500.0,23.809998999999998,2359100.0,11.16,17871100.0,342.950012,1031100.0,67.870003,239500.0,28.34,3412800.0,34.950001,3006200.0,274.100006,72270200.0,54.830002,7258300.0,27.360001,2566900.0,106.260002,7500000.0,33.580002,1492700.0,26.219998999999998,443100.0,30.34,863600.0,35.009997999999996,460300.0,29.610001,413700.0
2019-02-13,9.96,913600.0,123.370003,7640500.0,48.0,500.0,14.59,7914500.0,25.41,47800.0,23.17,2585100.0,11.34,20781800.0,344.829987,1441200.0,68.120003,60200.0,28.370001000000002,3503500.0,34.619999,535600.0,274.98999,65277200.0,54.849998,9007400.0,27.18,264100.0,106.139999,3592800.0,33.57,835800.0,26.16,430700.0,30.35,1188400.0,34.900002,385700.0,29.59,711500.0
2019-02-14,10.02,547900.0,124.059998,6276500.0,47.293999,0.0,14.65,6544000.0,26.200001,90600.0,22.99,2625800.0,11.48,27164200.0,344.619995,1055700.0,68.269997,149200.0,28.360001,858500.0,34.759997999999996,543100.0,274.380005,83234400.0,54.93,1315800.0,27.219998999999998,103200.0,106.16999799999999,5675400.0,33.619999,692200.0,26.17,147300.0,30.370001000000002,1227800.0,35.099998,558600.0,29.610001,219600.0
2019-02-15,10.28,526000.0,124.800003,12190100.0,47.273998,100.0,14.82,6509700.0,27.07,105100.0,23.389999,1876500.0,11.71,18769400.0,348.890015,847000.0,69.290001,72100.0,28.75,737100.0,34.720001,665500.0,277.369995,97088700.0,54.900002,1327600.0,27.33,95300.0,106.5,1833900.0,33.639998999999996,554200.0,26.280001000000002,151900.0,30.35,1807500.0,35.139998999999996,327400.0,29.610001,263100.0
2019-02-19,10.31,558400.0,126.699997,15614000.0,46.488997999999995,1000.0,15.02,7941300.0,27.0,73800.0,23.709999,1857800.0,11.78,21093600.0,349.170013,1153000.0,69.690002,95400.0,28.93,4797100.0,34.959998999999996,2436200.0,277.850006,59120800.0,54.950001,1334600.0,27.34,228900.0,106.529999,2136900.0,33.68,1315500.0,26.32,287900.0,30.35,937400.0,35.220001,223700.0,29.620001000000002,1337100.0
2019-02-20,10.34,536300.0,126.480003,8889700.0,46.354,3800.0,15.07,9502300.0,27.360001,31800.0,23.58,1671500.0,11.93,17007300.0,350.790009,1170300.0,70.150002,75600.0,29.07,1179200.0,35.110001000000004,870400.0,278.410004,76610800.0,54.970001,1080300.0,27.309998999999998,162200.0,106.68,3309000.0,33.639998999999996,579500.0,26.25,192000.0,30.370001000000002,1357600.0,35.139998999999996,281900.0,29.629998999999998,334200.0
2019-02-21,10.33,268600.0,125.050003,8634600.0,46.881001,1600.0,14.83,7577900.0,27.41,38500.0,24.01,2246900.0,11.88,13234700.0,349.609985,1903000.0,69.809998,54500.0,28.969998999999998,742900.0,35.060001,598900.0,277.420013,64214700.0,54.959998999999996,854500.0,27.280001000000002,162600.0,106.589996,6398700.0,33.610001000000004,1086800.0,26.129998999999998,288600.0,30.370001000000002,2711300.0,34.849998,406300.0,29.620001000000002,755200.0
2019-02-22,10.36,258900.0,125.5,5439400.0,46.849998,900.0,14.95,4114000.0,27.33,23200.0,24.02,1687900.0,11.95,13080900.0,352.26001,1309400.0,70.150002,35200.0,29.07,637000.0,35.490002000000004,676500.0,279.140015,78114600.0,55.029999,1009500.0,27.360001,110400.0,106.769997,4658700.0,33.700001,435900.0,26.25,105700.0,30.4,790400.0,35.029999,486600.0,29.639999,474800.0
2019-02-25,10.08,354500.0,125.370003,4882600.0,46.294998,1200.0,14.9,5508200.0,26.469998999999998,52000.0,24.77,3346400.0,11.57,28525200.0,352.230011,938800.0,69.989998,35500.0,29.15,1640300.0,35.759997999999996,939900.0,279.519989,69030700.0,55.0,1897100.0,27.4,200500.0,106.860001,2327700.0,33.720001,360000.0,26.24,287000.0,30.4,765700.0,34.93,692700.0,29.620001000000002,194900.0
2019-02-26,10.2,514700.0,125.58000200000001,5153200.0,45.904999,700.0,14.94,4878700.0,26.83,26400.0,24.450001,2191200.0,11.63,19945800.0,349.26001,1683800.0,69.32,38600.0,29.290001,656300.0,35.709998999999996,894400.0,279.320007,56844100.0,55.009997999999996,1250100.0,27.440001000000002,146500.0,107.07,7498200.0,33.73,466300.0,26.299999,287800.0,30.4,655800.0,35.099998,452800.0,29.65,334800.0
2019-02-27,10.35,398600.0,124.690002,7935600.0,45.810001,3900.0,14.75,6797800.0,27.25,22500.0,24.73,1061300.0,11.89,21507800.0,349.640015,806600.0,69.410004,46000.0,29.200001,811500.0,35.43,399800.0,279.200012,56921600.0,54.900002,1129000.0,27.440001000000002,96900.0,107.07,3795900.0,33.709998999999996,1250400.0,26.1,193000.0,30.41,817600.0,34.740002000000004,470200.0,29.629998999999998,249000.0
2019-02-28,10.34,500300.0,123.989998,7811700.0,45.389998999999996,1400.0,14.63,5919700.0,27.24,12900.0,24.73,4244100.0,11.95,14269100.0,348.22000099999997,900700.0,69.190002,28700.0,29.09,1835700.0,35.119999,481000.0,278.679993,69268300.0,54.849998,1011300.0,27.34,132200.0,107.07,5932200.0,33.68,1001800.0,26.09,326800.0,30.42,788100.0,34.59,632600.0,29.639999,285200.0
2019-03-01,10.15,385200.0,121.879997,16411700.0,45.348,4500.0,14.2,17580500.0,26.860001,31200.0,25.08,2587900.0,11.66,31673600.0,350.850006,1258100.0,69.540001,119800.0,29.209999,900000.0,35.150002,620900.0,280.420013,78880500.0,54.759997999999996,1654100.0,27.15,197800.0,106.769997,6170700.0,33.57,1250100.0,25.91,172600.0,30.309998999999998,856300.0,34.209998999999996,1714400.0,29.540001,476200.0
2019-03-04,10.28,181700.0,121.559998,10272600.0,45.610001000000004,3700.0,14.15,9028900.0,27.209999,38200.0,25.139999,1800600.0,11.8,22033600.0,349.22000099999997,1166500.0,68.849998,117800.0,29.1,4625200.0,35.209998999999996,1318000.0,279.399994,106494600.0,54.830002,1504200.0,27.18,129200.0,106.650002,6425700.0,33.619999,455300.0,26.01,218600.0,30.32,1293800.0,34.48,1092500.0,29.57,265600.0
2019-03-05,10.31,303000.0,121.720001,7120100.0,45.792999,900.0,14.2,7148400.0,27.43,19900.0,25.43,1517200.0,11.82,20721700.0,347.75,1169000.0,68.599998,31600.0,29.15,789400.0,35.619999,579800.0,279.019989,59114600.0,54.91,1058700.0,27.190001000000002,153200.0,106.650002,6207300.0,33.630001,884400.0,26.1,360900.0,30.34,1323100.0,34.549999,1049800.0,29.559998999999998,694300.0
2019-03-06,10.27,233300.0,121.610001,4820400.0,45.099998,11300.0,14.15,6302700.0,27.74,30200.0,25.1,1430000.0,11.75,25801900.0,343.070007,966100.0,67.25,65900.0,29.040001,864700.0,35.41,497500.0,277.329987,75039800.0,55.049999,909000.0,27.07,101000.0,106.440002,8023800.0,33.66,1171700.0,26.09,1987100.0,30.370001000000002,7910100.0,34.689999,2403000.0,29.59,526000.0
2019-03-07,10.3,166200.0,121.510002,6088800.0,44.5,4000.0,14.09,6009600.0,27.93,55600.0,25.27,1479600.0,11.81,17770200.0,340.190002,993500.0,66.510002,59800.0,28.68,863700.0,34.810001,538300.0,275.01001,94885100.0,55.220001,839800.0,26.82,299100.0,106.379997,8108100.0,33.720001,734700.0,26.16,248300.0,30.389999,1287100.0,34.889998999999996,247600.0,29.620001000000002,285800.0
2019-03-08,10.24,275400.0,122.839996,10427700.0,44.325001,3300.0,14.41,8970900.0,28.030001000000002,74200.0,25.23,877800.0,11.73,29557500.0,339.22000099999997,1307200.0,66.41999799999999,51000.0,28.65,677300.0,34.669998,410300.0,274.459991,85795800.0,55.27,1065500.0,26.93,97200.0,106.199997,6912000.0,33.73,1132300.0,26.18,367700.0,30.379998999999998,693300.0,35.029999,572700.0,29.620001000000002,565900.0
2019-03-11,10.31,374700.0,122.239998,6708700.0,43.895,3400.0,14.37,6610200.0,28.389999,19300.0,24.48,1734000.0,11.86,22496000.0,343.709991,1367800.0,67.470001,28300.0,28.91,2981800.0,35.240002000000004,3524100.0,278.440002,65098900.0,55.209998999999996,926300.0,26.99,1309400.0,106.500107,9080100.0,33.759997999999996,1183100.0,26.219998999999998,165500.0,30.4,668800.0,34.93,275800.0,29.620001000000002,161800.0
2019-03-12,10.32,351200.0,122.980003,6289900.0,44.769001,700.0,14.48,7795500.0,28.25,18000.0,24.639999,1039700.0,11.89,16419500.0,344.200012,711600.0,67.379997,71400.0,28.93,2404500.0,35.43,2316400.0,279.48999,79667500.0,55.240002000000004,973500.0,27.01,1202900.0,106.71010600000001,15580500.0,33.799999,1163400.0,26.360001,226300.0,30.42,884000.0,35.150002,2035600.0,29.639999,140900.0
2019-03-13,10.47,302600.0,123.839996,7377300.0,44.735001000000004,600.0,14.51,4718600.0,29.07,38500.0,24.879998999999998,1285900.0,12.19,29013600.0,345.73999,704900.0,67.66999799999999,97700.0,29.15,585100.0,35.470001,530900.0,281.339996,80639200.0,55.25,881500.0,27.02,380900.0,107.01010900000001,11071800.0,33.779999,592400.0,26.27,374200.0,30.41,508900.0,35.099998,222700.0,29.639999,331000.0
2019-03-14,10.46,282300.0,122.410004,6778200.0,44.925999,100.0,14.24,7676200.0,28.74,26500.0,25.08,1039500.0,12.22,21184600.0,345.320007,942500.0,67.349998,42700.0,29.110001,718100.0,35.360001000000004,488000.0,281.160004,67518400.0,55.259997999999996,796200.0,26.940001000000002,114300.0,106.95010400000001,8883900.0,33.77,549900.0,26.15,348400.0,30.41,446400.0,34.860001000000004,433300.0,29.639999,400000.0
2019-03-15,10.44,728400.0,122.970001,9412000.0,45.443001,300.0,14.33,5630100.0,28.700001,22300.0,24.639999,1056300.0,12.2,16246200.0,344.75,1382600.0,67.379997,28000.0,29.389999,730400.0,35.790001000000004,330400.0,281.309998,81309000.0,55.299999,795100.0,27.049999,443700.0,106.98011000000001,9784500.0,33.82,932800.0,26.299999,145200.0,30.43,505900.0,35.080002,322400.0,29.65,194100.0
2019-03-18,10.49,753700.0,123.040001,7783200.0,45.290001000000004,1100.0,14.39,4620400.0,29.120001000000002,92900.0,25.059998999999998,1079600.0,12.31,18439500.0,347.369995,997500.0,67.739998,51700.0,29.51,1334400.0,36.110001000000004,1051300.0,282.329987,62199800.0,55.330002,1288700.0,27.16,163300.0,107.040108,6620400.0,33.830002,1149400.0,26.309998999999998,179300.0,30.42,2208100.0,35.049999,353900.0,29.639999,123300.0
2019-03-19,10.44,275100.0,123.379997,6558700.0,45.181,600.0,14.4,4290600.0,29.379998999999998,42500.0,25.16,1249500.0,12.28,15588100.0,345.600006,716900.0,67.239998,31600.0,29.57,1003300.0,36.169998,518700.0,282.399994,90268100.0,55.360001000000004,1097100.0,27.200001,167400.0,107.130104,21554400.0,33.84,478400.0,26.280001000000002,187400.0,30.43,1440800.0,35.009997999999996,235700.0,29.629998999999998,340500.0
2019-03-20,10.58,301800.0,124.18,11304900.0,45.418999,1600.0,14.54,13562700.0,29.540001,19200.0,24.969998999999998,880600.0,12.5,19568800.0,342.709991,1419500.0,66.790001,39000.0,29.57,863700.0,36.279999,468700.0,281.549988,84609200.0,55.400002,940500.0,27.49,319400.0,107.490105,21693900.0,33.98,818500.0,26.530001000000002,147600.0,30.48,1853800.0,35.360001000000004,211200.0,29.690001000000002,228400.0
2019-03-21,10.52,328500.0,123.68,7739800.0,45.82,3400.0,14.5,8086100.0,29.719998999999998,18200.0,24.860001,972800.0,12.44,14933600.0,347.420013,1239200.0,67.559998,46100.0,29.6,2032400.0,36.259997999999996,402000.0,284.730011,79550400.0,55.560001,881800.0,27.450001,310600.0,107.490105,16819500.0,33.970001,593400.0,26.58,207000.0,30.48,894300.0,35.419998,430600.0,29.690001000000002,288900.0
2019-03-22,10.4,745900.0,123.970001,5874000.0,45.73,2000.0,14.45,4447000.0,29.450001,228200.0,24.41,1512900.0,12.23,22739900.0,337.339996,1928300.0,65.129997,67100.0,29.030001000000002,669100.0,35.23,327400.0,279.25,122659300.0,55.709998999999996,1468500.0,26.969998999999998,135800.0,107.130104,10687800.0,34.09,1530400.0,26.85,347200.0,30.52,1614400.0,35.950001,1147700.0,29.73,871200.0
2019-03-25,10.45,285900.0,124.91999799999999,7288300.0,45.935001,1100.0,14.56,7324600.0,29.549999,29600.0,24.389999,1114400.0,12.25,19662700.0,338.140015,1333600.0,65.459999,65400.0,29.059998999999998,793000.0,35.360001000000004,598600.0,279.040009,85575200.0,55.799999,1045400.0,27.200001,102300.0,107.130104,13585500.0,34.16,428500.0,26.959999,197800.0,30.549999,1057000.0,36.040001000000004,772700.0,29.77,364800.0
2019-03-26,10.49,144100.0,124.300003,5056100.0,45.674999,800.0,14.47,4877600.0,29.83,27800.0,24.18,836300.0,12.47,16381000.0,341.480011,749800.0,66.07,49000.0,29.209999,770300.0,35.470001,315000.0,281.119995,68125900.0,55.709998999999996,1444300.0,27.110001,136200.0,107.34011100000001,9087600.0,34.18,455700.0,26.959999,138800.0,30.559998999999998,4022700.0,35.98,432500.0,29.77,415400.0
2019-03-27,10.42,249100.0,123.650002,6595000.0,45.34,1300.0,14.32,8431500.0,29.299999,35500.0,23.969998999999998,1531400.0,12.34,19128800.0,341.23999,1031900.0,65.989998,45700.0,29.15,841800.0,35.07,573600.0,279.649994,72224700.0,55.810001,908600.0,26.84,139000.0,107.400108,14190900.0,34.200001,534500.0,27.07,570900.0,30.559998999999998,1016400.0,36.32,336700.0,29.780001000000002,178400.0
2019-03-28,10.44,144600.0,121.900002,11878300.0,45.192001,1000.0,14.07,15698100.0,29.18,30700.0,23.91,1180200.0,12.35,20701100.0,344.100006,898000.0,66.68,70600.0,29.120001000000002,2731400.0,35.360001000000004,932200.0,280.709991,56238500.0,55.849998,1155100.0,26.950001,191300.0,107.61010700000001,11702100.0,34.18,556700.0,27.120001000000002,156900.0,30.57,2790400.0,36.419998,451500.0,29.790001,286600.0
2019-03-29,10.51,280400.0,122.010002,7093900.0,44.27,4900.0,14.18,8460300.0,29.379998999999998,22200.0,23.48,1645300.0,12.5,17631500.0,345.399994,966400.0,66.66999799999999,38100.0,29.209999,697600.0,35.759997999999996,1519900.0,282.480011,82186800.0,55.77,1059600.0,26.91,181300.0,107.91011,21277200.0,34.169998,2752100.0,27.129998999999998,299100.0,30.549999,1175000.0,36.389998999999996,1986600.0,29.76,1038600.0
2019-04-01,10.68,284500.0,121.529999,13560000.0,44.779999,10600.0,14.15,7036700.0,29.74,19600.0,23.780001000000002,1445200.0,12.82,22855500.0,350.0,1277800.0,67.550003,154800.0,29.610001,852000.0,36.27,494700.0,285.829987,77617900.0,55.599998,1751100.0,26.959999,362700.0,107.490105,13678200.0,34.0,3569200.0,26.83,256600.0,30.450001,1310600.0,35.799999,2731000.0,29.67,516300.0
2019-04-02,10.74,231900.0,121.980003,4475000.0,44.821999,500.0,14.16,5549900.0,30.17,39600.0,23.67,1119400.0,13.01,23211400.0,348.589996,790800.0,67.230003,39400.0,29.620001000000002,657500.0,36.139998999999996,313200.0,285.97000099999997,40070400.0,55.630001,1448700.0,26.93,118800.0,107.52011100000001,8740500.0,34.009997999999996,1017100.0,26.870001000000002,133200.0,30.459999,754400.0,35.869999,511100.0,29.690001000000002,249100.0
2019-04-03,10.76,303300.0,121.800003,6152700.0,45.046001000000004,2300.0,14.2,7056000.0,30.57,17000.0,23.5,1315400.0,12.99,24302000.0,350.450012,1255100.0,67.489998,45300.0,29.860001,675300.0,36.330002,533200.0,286.420013,68243200.0,55.57,1048800.0,27.02,314500.0,107.55011,6498000.0,33.990002000000004,781100.0,26.799999,308200.0,30.459999,1339800.0,35.549999,506500.0,29.68,174600.0
2019-04-04,10.73,154300.0,122.110001,7508400.0,45.240002000000004,7900.0,14.22,12111900.0,30.290001,17600.0,23.25,1378700.0,12.92,17376800.0,352.26001,1039300.0,67.970001,73900.0,29.75,8042900.0,36.439999,5900200.0,287.179993,48997500.0,55.580002,1241700.0,27.02,155000.0,107.76010900000001,7173000.0,34.009997999999996,392100.0,26.860001,170700.0,30.440001000000002,1148000.0,35.669998,5460200.0,29.68,448300.0
2019-04-05,10.81,179700.0,121.980003,5114500.0,44.900002,300.0,14.17,6309000.0,30.860001,21100.0,23.5,955300.0,13.15,18759300.0,354.98999,1063800.0,68.58000200000001,48300.0,29.780001000000002,3024300.0,36.650002,2306300.0,288.570007,58621700.0,55.610001000000004,904500.0,27.08,133500.0,107.91011,7628100.0,34.0,1050600.0,26.9,622900.0,30.440001000000002,1036200.0,35.700001,317800.0,29.68,149700.0
2019-04-08,10.87,252800.0,122.510002,4270800.0,44.82,4200.0,14.31,7111000.0,31.16,23200.0,23.85,1724100.0,13.4,23859500.0,354.97000099999997,607400.0,68.5,28700.0,29.83,869700.0,36.709998999999996,482500.0,288.790009,53566300.0,55.619999,1065400.0,27.07,115300.0,107.88011200000001,6272700.0,34.040001000000004,1329000.0,26.9,184400.0,30.450001,851400.0,35.580002,335000.0,29.66,292100.0
2019-04-09,10.84,233200.0,123.150002,4648400.0,44.720001,1200.0,14.28,5532200.0,31.35,13900.0,23.83,1203700.0,13.33,27393800.0,351.049988,1024600.0,67.660004,47200.0,29.67,1355100.0,36.689999,1946300.0,287.309998,66142300.0,55.669998,970400.0,27.110001,259300.0,107.88011200000001,18148200.0,34.040001000000004,1553800.0,26.99,396500.0,30.459999,9870300.0,35.720001,642100.0,29.68,298100.0
2019-04-10,10.98,173800.0,123.529999,6344800.0,44.830002,2600.0,14.28,4843400.0,32.209998999999996,27500.0,23.74,1105000.0,13.41,16866100.0,354.25,1078200.0,68.660004,29200.0,29.77,707300.0,36.84,555300.0,288.290009,52601500.0,55.73,894800.0,27.24,131500.0,108.27011100000001,6564000.0,34.139998999999996,5298800.0,27.110001,358200.0,30.48,1745400.0,35.790001000000004,965400.0,29.700001,262100.0
2019-04-11,10.91,150600.0,121.949997,11694500.0,44.75,1400.0,14.02,13575400.0,31.799999,24600.0,23.530001000000002,2787300.0,13.27,18878000.0,355.299988,525300.0,68.57,26100.0,29.709999,721800.0,36.48,902300.0,288.209991,55093100.0,55.740002000000004,1000400.0,27.09,121800.0,108.51010900000001,9764400.0,34.110001000000004,598100.0,27.08,294000.0,30.48,1433500.0,35.599998,166000.0,29.68,479000.0
2019-04-12,10.97,201200.0,121.83000200000001,5272800.0,44.687,800.0,14.05,7310300.0,31.75,24700.0,23.35,939500.0,13.3,18541000.0,357.950012,899500.0,68.870003,29500.0,29.940001000000002,582100.0,36.669998,525700.0,290.160004,69727800.0,55.610001000000004,959200.0,27.190001000000002,117100.0,108.66011,10486200.0,34.009997999999996,1154600.0,27.08,452400.0,30.459999,1205400.0,35.349998,349600.0,29.66,194100.0
2019-04-15,10.97,203500.0,121.599998,4252400.0,44.790001000000004,900.0,14.06,10212400.0,31.459999,39600.0,22.799999,1855600.0,13.24,15836500.0,357.440002,565800.0,68.599998,36300.0,29.940001000000002,606800.0,36.5,313700.0,289.97000099999997,49596700.0,55.52,1214100.0,27.16,125500.0,108.540108,8298000.0,34.060001,1883100.0,27.09,1098300.0,30.450001,946600.0,35.43,744700.0,29.66,495500.0
2019-04-16,11.01,170800.0,120.510002,10097800.0,44.063999,1400.0,14.07,11775600.0,31.74,22200.0,22.66,981600.0,13.37,13449300.0,357.709991,690600.0,68.91999799999999,55700.0,29.99,803300.0,36.77,593300.0,290.160004,52153200.0,55.540001000000004,2088200.0,27.040001,267400.0,108.57010700000001,12189300.0,34.009997999999996,764100.0,26.93,502400.0,30.43,973400.0,35.23,420900.0,29.66,381400.0
2019-04-17,10.97,202300.0,120.279999,4693900.0,43.931,800.0,14.05,6225500.0,31.870001000000002,57200.0,22.09,2151600.0,13.28,15459700.0,355.049988,623500.0,68.489998,32300.0,30.040001,682200.0,36.84,786100.0,289.450012,58268300.0,55.439999,1050600.0,27.129998999999998,237400.0,108.33010900000001,7202400.0,34.0,998000.0,26.9,515100.0,30.450001,1409900.0,35.220001,321000.0,29.67,125500.0
2019-04-18,10.94,224700.0,120.370003,4090400.0,43.860001000000004,8500.0,14.06,5079900.0,32.240002000000004,17800.0,21.940001000000002,1816800.0,13.32,12393100.0,355.73999,666100.0,68.370003,38200.0,30.0,602200.0,36.860001000000004,717300.0,290.019989,68708500.0,55.59,1074200.0,27.129998999999998,156700.0,108.420105,8816100.0,34.049999,940600.0,26.969998999999998,465100.0,30.469998999999998,800700.0,35.419998,325200.0,29.68,159700.0
2019-04-22,11.08,240500.0,120.370003,2250900.0,43.439999,7300.0,14.08,5204700.0,33.0,78400.0,22.15,1142000.0,13.67,20381700.0,354.600006,747500.0,68.019997,40600.0,29.959999,992500.0,36.68,489500.0,290.269989,40160100.0,55.57,1120200.0,27.1,160900.0,108.27011100000001,10268700.0,34.009997999999996,1397300.0,26.9,190700.0,30.469998999999998,3639900.0,35.23,643300.0,29.68,189000.0
2019-04-23,11.17,240300.0,120.120003,5574800.0,43.07,12000.0,13.91,7054100.0,33.0,29000.0,21.65,1621000.0,13.79,18523400.0,358.950012,1433700.0,69.0,46000.0,30.01,551600.0,36.759997999999996,317500.0,292.880005,52246600.0,55.599998,1132900.0,27.030001000000002,145400.0,108.57010700000001,17929200.0,34.080002,1113100.0,26.99,226100.0,30.48,2217900.0,35.310001,232600.0,29.690001000000002,228000.0
2019-04-24,11.16,317500.0,120.470001,4173000.0,42.549999,4500.0,14.0,4857000.0,32.91,31600.0,21.639999,883900.0,13.68,15033500.0,360.209991,961000.0,69.16999799999999,39800.0,29.76,902400.0,36.369999,457700.0,292.230011,50392900.0,55.73,931700.0,26.709999,200300.0,108.48011000000001,9732600.0,34.139998999999996,788000.0,27.17,454600.0,30.51,1103100.0,35.59,385000.0,29.73,134900.0
2019-04-25,11.1,104200.0,120.57,4836900.0,42.783001,5000.0,14.0,4324500.0,32.849998,26100.0,21.959999,1820200.0,13.53,17562500.0,356.0,960800.0,68.440002,56600.0,29.719998999999998,749100.0,36.349998,393500.0,292.049988,57770900.0,55.700001,766700.0,26.67,224200.0,108.51010900000001,7975200.0,34.130001,1210100.0,27.16,455700.0,30.51,3295000.0,35.529999,317100.0,29.73,175900.0
2019-04-26,10.78,263300.0,121.370003,6022700.0,42.950001,100.0,14.1,6323600.0,32.259997999999996,65100.0,22.379998999999998,1210600.0,13.09,42154100.0,359.380005,1056500.0,69.07,50900.0,29.85,792400.0,36.41,1528200.0,293.410004,50916400.0,55.779999,1733500.0,26.67,231900.0,108.750107,10444500.0,34.209998999999996,752400.0,27.27,158300.0,30.530001000000002,577300.0,35.66,301500.0,29.75,135800.0
2019-04-29,10.89,345400.0,120.83000200000001,4469300.0,42.615002000000004,2400.0,13.99,3615300.0,32.220001,31800.0,22.469998999999998,958900.0,13.23,23410200.0,359.76001,864500.0,69.43,34000.0,29.959999,752200.0,36.459998999999996,305800.0,293.869995,57197700.0,55.759997999999996,1415500.0,26.65,376200.0,108.750107,6775800.0,34.16,964200.0,27.120001000000002,538000.0,30.540001,1037200.0,35.450001,476700.0,29.74,258700.0
2019-04-30,10.92,158600.0,121.199997,4758600.0,42.490002000000004,11600.0,14.02,6561500.0,32.810001,22500.0,22.33,753800.0,13.29,16771400.0,359.100006,1771100.0,69.209999,71900.0,30.0,1481600.0,36.459998999999996,708100.0,294.019989,81111700.0,55.810001,1323000.0,26.709999,119800.0,108.81011200000002,7318500.0,34.209998999999996,737000.0,27.190001000000002,101500.0,30.559998999999998,1169000.0,35.630001,499000.0,29.76,290900.0
2019-05-01,10.92,153200.0,120.400002,12331800.0,42.830002,143900.0,13.75,21701200.0,32.700001,18900.0,22.620001000000002,795100.0,13.22,25771500.0,354.950012,1361300.0,68.599998,46500.0,29.84,1099900.0,36.25,504500.0,291.809998,71671900.0,55.759997999999996,955200.0,26.52,169700.0,107.940109,23695800.0,34.07,1334000.0,27.110001,559400.0,30.469998999999998,881400.0,35.66,1169600.0,29.68,264000.0
2019-05-02,10.61,361700.0,119.940002,6759600.0,42.91,2700.0,13.71,6896100.0,31.99,52800.0,22.389999,1215500.0,12.82,42308900.0,355.829987,2216400.0,68.800003,36900.0,29.77,1121000.0,36.290001000000004,431000.0,291.179993,65030200.0,55.709998999999996,1200500.0,26.389999,320800.0,108.000107,11589300.0,34.02,525100.0,26.889999,283900.0,30.43,1146900.0,35.52,270900.0,29.67,341600.0
2019-05-03,10.66,133200.0,120.650002,8414400.0,42.75,500.0,13.96,11477000.0,32.099998,42700.0,22.190001000000002,1013700.0,12.87,26193800.0,361.019989,935200.0,70.32,121200.0,30.040001,673000.0,36.709998999999996,330000.0,294.02999900000003,56543700.0,55.75,1623500.0,26.6,132100.0,108.27011100000001,7448900.0,34.040001000000004,1661600.0,27.030001000000002,355800.0,30.459999,1368600.0,35.599998,578900.0,29.67,286200.0
2019-05-06,10.8,123000.0,120.809998,3479600.0,42.345001,3000.0,13.98,5917700.0,31.75,36900.0,21.91,1038300.0,13.07,37932000.0,360.299988,954700.0,70.269997,61700.0,29.74,707700.0,36.0,470100.0,292.820007,107198100.0,55.73,966500.0,26.469998999999998,162300.0,108.300003,6198000.0,34.119999,1662900.0,27.139999,146700.0,30.459999,1663400.0,35.720001,460300.0,29.68,205800.0
2019-05-07,10.52,272500.0,121.209999,4010700.0,42.509997999999996,300.0,13.98,4725300.0,30.790001,46600.0,22.0,664200.0,12.73,29944900.0,353.209991,1124300.0,69.010002,55500.0,29.27,765900.0,35.349998,809800.0,287.929993,144729900.0,55.790001000000004,1033000.0,26.290001,132500.0,107.66999799999999,11649500.0,34.139998999999996,857100.0,27.15,217000.0,30.469998999999998,576900.0,35.970001,425800.0,29.709999,145800.0
2019-05-08,10.66,117300.0,120.910004,4178800.0,42.145,500.0,13.89,4686900.0,31.280001000000002,24900.0,22.559998999999998,1767200.0,12.89,23150000.0,352.119995,1235600.0,68.480003,76900.0,29.309998999999998,1050900.0,35.32,429100.0,287.52999900000003,91568300.0,55.830002,1720700.0,26.389999,133800.0,107.690002,6782300.0,34.09,522100.0,26.99,233200.0,30.469998999999998,631100.0,35.830002,630600.0,29.700001,375300.0
2019-05-09,10.61,197600.0,121.199997,5015500.0,41.16,3100.0,13.83,4295000.0,31.24,16200.0,22.42,758800.0,12.81,19192100.0,351.170013,1397900.0,68.43,41800.0,29.1,697200.0,34.849998,700900.0,286.660004,103471100.0,55.830002,1010700.0,26.35,172300.0,107.5,9208300.0,34.119999,358500.0,27.02,104900.0,30.48,511900.0,35.950001,527800.0,29.719998999999998,214600.0
2019-05-10,10.64,85700.0,121.43,4586000.0,40.970001,6800.0,13.84,3084100.0,31.549999,16300.0,22.709999,1495200.0,12.84,18828900.0,352.440002,923900.0,68.510002,142500.0,29.309998999999998,778500.0,35.029999,460000.0,288.100006,112429300.0,55.810001,1111100.0,26.469998999999998,81400.0,107.75,10828700.0,34.119999,454600.0,27.040001,176700.0,30.49,1164700.0,35.91,1227900.0,29.719998999999998,130500.0
2019-05-13,10.52,287900.0,122.66999799999999,11130900.0,41.389998999999996,13900.0,13.84,5973300.0,31.01,22500.0,22.709999,1311500.0,12.68,38790700.0,342.089996,1490700.0,66.470001,118100.0,28.620001000000002,1862600.0,33.970001,968700.0,280.859985,127290500.0,55.869999,1651700.0,26.26,182300.0,106.83000200000001,7314400.0,34.150002,936700.0,27.08,257200.0,30.51,931700.0,36.200001,2216100.0,29.76,294300.0
2019-05-14,10.72,175900.0,122.459999,5556000.0,42.727001,11200.0,13.86,7100100.0,31.32,11800.0,22.959999,995300.0,12.87,20288200.0,345.429993,828400.0,67.190002,55600.0,28.92,1254400.0,34.459998999999996,580800.0,283.399994,77003200.0,55.91,1096700.0,26.33,117600.0,107.059998,8001900.0,34.18,668900.0,27.059998999999998,73300.0,30.51,1450700.0,36.080002,334100.0,29.76,589200.0
2019-05-15,10.83,140400.0,122.389999,10299000.0,42.790001000000004,2900.0,13.85,5351000.0,32.009997999999996,14500.0,22.559998999999998,834000.0,12.97,22020300.0,346.51001,882800.0,67.279999,53100.0,29.030001000000002,683900.0,34.43,467800.0,285.059998,73956400.0,55.98,1266900.0,26.370001000000002,102200.0,107.139999,5586900.0,34.200001,373900.0,27.190001000000002,120500.0,30.52,426100.0,36.32,396000.0,29.780001000000002,504400.0
2019-05-16,10.9,150000.0,121.510002,6349400.0,43.834998999999996,10700.0,13.65,11341600.0,32.759997999999996,18100.0,22.860001,675200.0,13.14,19661900.0,348.679993,673000.0,67.540001,40800.0,29.209999,683100.0,34.419998,353500.0,287.700012,76749600.0,56.009997999999996,776200.0,26.379998999999998,85600.0,107.43,7305300.0,34.200001,682900.0,27.17,131700.0,30.51,6410500.0,36.189999,494800.0,29.77,360900.0
2019-05-17,10.84,157100.0,120.650002,6589300.0,43.458,13700.0,13.52,7504700.0,32.34,26900.0,22.75,513000.0,13.08,23587700.0,344.410004,857600.0,66.489998,46300.0,29.02,783200.0,33.82,496700.0,285.839996,100353000.0,56.040001000000004,899900.0,26.120001000000002,93500.0,107.400002,6745200.0,34.18,1034800.0,27.190001000000002,62300.0,30.52,576800.0,36.279999,251600.0,29.77,672700.0
2019-05-20,10.9,142600.0,120.639999,4345800.0,44.389998999999996,3800.0,13.55,4386500.0,32.040001000000004,13500.0,23.049999,1388700.0,13.15,21460900.0,341.98999,1188600.0,65.970001,52400.0,28.93,584400.0,33.779999,436800.0,283.950012,62877600.0,55.959998999999996,812000.0,26.209999,89000.0,107.33000200000001,5018700.0,34.16,367300.0,27.110001,127200.0,30.52,384600.0,36.189999,632700.0,29.76,178100.0
2019-05-21,10.9,62100.0,120.360001,3845600.0,44.387001,3600.0,13.53,3969700.0,32.130001,7000.0,22.67,901300.0,13.13,14720100.0,346.48999,976600.0,66.82,39100.0,29.110001,525000.0,34.150002,290000.0,286.51001,46847100.0,55.959998999999996,898700.0,26.32,89200.0,107.599998,7800500.0,34.139998999999996,2754800.0,27.110001,465800.0,30.5,713400.0,36.139998999999996,682900.0,29.74,200000.0
2019-05-22,10.58,97700.0,120.239998,3741800.0,44.435001,1200.0,13.54,4528100.0,31.57,26700.0,21.98,1818700.0,12.74,27554600.0,343.570007,790500.0,66.16999799999999,41100.0,28.98,942600.0,34.0,344100.0,285.630005,49482500.0,56.049999,900700.0,26.309998999999998,157000.0,107.690002,7031200.0,34.189999,369900.0,27.18,106800.0,30.5,752500.0,36.349998,483600.0,29.76,214700.0
2019-05-23,10.07,217100.0,121.16999799999999,6054600.0,43.955002,300.0,13.68,6396000.0,30.48,26200.0,22.18,991400.0,12.09,45571600.0,338.059998,791500.0,64.660004,222300.0,28.690001000000002,707600.0,33.560001,571000.0,282.140015,98733800.0,56.119999,912100.0,26.299999,84700.0,107.199997,5555000.0,34.259997999999996,585600.0,27.190001000000002,74500.0,30.530001000000002,1228300.0,36.75,524000.0,29.82,287400.0
2019-05-24,10.25,361800.0,121.300003,2324700.0,45.305,1000.0,13.65,3010600.0,30.950001,25100.0,22.32,617500.0,12.23,21527100.0,339.950012,456100.0,65.260002,71300.0,29.0,551100.0,33.669998,1357900.0,282.77999900000003,55268100.0,56.200001,923800.0,26.49,75500.0,107.059998,5437100.0,34.25,395000.0,27.309998999999998,456200.0,30.540001,622600.0,36.779999,365300.0,29.799999,242400.0
2019-05-28,10.3,146000.0,120.83000200000001,4303500.0,46.935001,5800.0,13.46,9200700.0,31.01,8300.0,22.120001000000002,724000.0,12.23,23403900.0,336.119995,754100.0,64.800003,48800.0,28.75,513800.0,33.68,478800.0,280.149994,70029400.0,56.240002000000004,807300.0,26.379998999999998,88600.0,107.019997,5158200.0,34.32,1177700.0,27.370001000000002,522600.0,30.549999,3075500.0,37.049999,2033400.0,29.83,402800.0
2019-05-29,10.26,391200.0,120.870003,4133200.0,46.691002000000005,18200.0,13.52,5309000.0,30.92,20700.0,22.440001000000002,1259800.0,12.24,36105900.0,334.25,1169800.0,64.269997,108000.0,28.57,832400.0,33.939999,561600.0,278.269989,104972900.0,56.330002,1261400.0,26.440001000000002,89100.0,106.720001,9855500.0,34.299999,949800.0,27.4,514200.0,30.58,5521200.0,37.139998999999996,1673600.0,29.83,2287900.0
2019-05-30,9.88,272400.0,121.690002,7757000.0,48.500999,6200.0,13.6,4695300.0,29.860001,36200.0,21.92,1603200.0,11.76,29508700.0,333.51001,1017100.0,64.129997,186100.0,28.690001000000002,472000.0,34.099998,342700.0,279.02999900000003,62523800.0,56.349998,1619500.0,26.48,81100.0,106.91999799999999,4181000.0,34.369999,1372900.0,27.58,206600.0,30.6,876800.0,37.450001,457300.0,29.860001,370500.0
2019-05-31,9.35,404900.0,123.33000200000001,15367000.0,47.743999,4600.0,13.65,8236000.0,28.360001,40300.0,21.049999,1632200.0,11.1,40319600.0,330.130005,2019700.0,63.23,60400.0,28.440001000000002,2278200.0,34.23,424600.0,275.269989,86862800.0,56.470001,1885200.0,26.59,80900.0,106.150002,7595900.0,34.470001,1799800.0,27.709999,435700.0,30.65,2725400.0,37.919998,1846100.0,29.92,241400.0
2019-06-03,9.28,101100.0,125.110001,14173600.0,47.890999,6900.0,13.87,13206800.0,27.9,20600.0,20.59,2559300.0,10.99,33152800.0,332.570007,2104600.0,63.610001000000004,63500.0,28.610001,1108700.0,34.470001,1013700.0,274.570007,96428000.0,56.459998999999996,1890200.0,26.690001000000002,133900.0,105.760002,22330500.0,34.459998999999996,3509000.0,27.68,137600.0,30.620001000000002,1711500.0,38.080002,14348700.0,29.92,1379200.0
2019-06-04,9.4,152800.0,125.150002,7997100.0,47.654999,1900.0,13.89,9326000.0,27.75,27400.0,20.74,1165900.0,11.16,22474900.0,341.019989,906800.0,65.349998,69500.0,28.950001,596600.0,34.549999,490300.0,280.52999900000003,77231900.0,56.52,1477200.0,26.75,92000.0,106.720001,10250200.0,34.439999,1069300.0,27.58,1241200.0,30.620001000000002,2868900.0,37.669998,1914000.0,29.9,618600.0
2019-06-05,9.09,703100.0,125.470001,7637900.0,46.514998999999996,5400.0,13.88,16061100.0,27.299999,33100.0,20.360001,1265700.0,10.77,41599300.0,342.059998,1028100.0,65.129997,57400.0,28.93,867600.0,34.32,421000.0,282.959991,71169700.0,56.610001000000004,1632600.0,26.73,180400.0,106.989998,11059200.0,34.48,8350600.0,27.540001,553400.0,30.629998999999998,3499000.0,37.459998999999996,1846900.0,29.92,5179300.0
2019-06-06,9.34,160000.0,125.879997,5551800.0,47.334998999999996,1700.0,13.92,7343800.0,27.75,22400.0,20.01,2671300.0,11.06,31594800.0,343.51001,948200.0,65.010002,57600.0,29.049999,749800.0,34.400002,291100.0,284.799988,69430400.0,56.669998,1195300.0,26.790001,146700.0,107.260002,6270800.0,34.490002000000004,952800.0,27.620001000000002,189100.0,30.610001,1549700.0,37.560001,706700.0,29.91,447100.0
2019-06-07,9.51,522500.0,126.589996,8145900.0,46.689999,3300.0,14.06,15937400.0,27.950001,22400.0,20.049999,1314400.0,11.23,26155200.0,345.160004,680500.0,65.400002,43300.0,29.379998999999998,554800.0,34.619999,472900.0,287.649994,74272200.0,56.82,926600.0,26.879998999999998,205700.0,107.610001,10041400.0,34.560001,506300.0,27.809998999999998,86600.0,30.629998999999998,1131000.0,37.889998999999996,2087700.0,29.92,1106100.0
2019-06-10,9.46,382700.0,125.33000200000001,5410000.0,46.759997999999996,4200.0,13.78,11276100.0,27.950001,26800.0,20.200001,1094600.0,11.11,23493000.0,347.160004,612300.0,65.870003,68100.0,29.469998999999998,493100.0,34.93,296000.0,288.97000099999997,60799100.0,56.709998999999996,1463900.0,27.02,226400.0,107.75,7477600.0,34.509997999999996,345100.0,27.709999,353500.0,30.629998999999998,1620200.0,37.560001,860800.0,29.9,900400.0
2019-06-11,9.5,598800.0,125.18,4757800.0,47.451,2400.0,13.81,5760700.0,28.24,50900.0,20.52,1294300.0,11.11,18884900.0,347.410004,552300.0,65.739998,72200.0,29.65,2377900.0,35.200001,4467600.0,288.899994,58641300.0,56.73,981000.0,27.08,203400.0,107.91999799999999,10078900.0,34.490002000000004,971500.0,27.74,349500.0,30.610001,4015200.0,37.59,368400.0,29.889999,2247000.0
2019-06-12,9.14,231000.0,125.83000200000001,5744500.0,48.144001,1600.0,13.84,5578300.0,27.07,24400.0,20.35,777200.0,10.64,35024300.0,347.049988,552700.0,65.57,42500.0,29.42,686300.0,34.84,467500.0,288.390015,46984700.0,56.77,912500.0,27.07,118500.0,107.660004,4031400.0,34.540001000000004,846100.0,27.74,490800.0,30.639999,311600.0,37.610001000000004,419700.0,29.92,485400.0
2019-06-13,9.3,282800.0,126.599998,5374800.0,48.904999,6000.0,13.96,6789200.0,27.74,31100.0,19.959999,1828600.0,10.88,34928400.0,349.269989,744500.0,66.32,34900.0,29.450001,417100.0,34.91,312200.0,289.579987,48945200.0,56.84,1233100.0,27.110001,83400.0,107.879997,3363500.0,34.610001000000004,563000.0,27.84,182500.0,30.67,1596000.0,37.740002000000004,436100.0,29.950001,237400.0
2019-06-14,9.34,348900.0,126.559998,9226100.0,49.740002000000004,7900.0,13.91,9711100.0,27.860001,3300.0,20.440001000000002,1618500.0,10.94,25730900.0,346.880005,709600.0,65.760002,20500.0,29.25,603100.0,34.580002,921700.0,289.26001,52324700.0,56.919998,1285600.0,26.99,128000.0,107.790001,5354100.0,34.59,1489300.0,27.889999,119300.0,30.66,1314700.0,37.82,1195400.0,29.940001000000002,463200.0
2019-06-17,9.24,259500.0,126.480003,4763300.0,50.049999,4200.0,13.9,3905800.0,27.4,39800.0,20.299999,590500.0,10.81,31522900.0,346.959991,570200.0,65.75,70300.0,29.27,529900.0,34.599998,289600.0,289.369995,39205700.0,56.900002,1996500.0,26.969998999999998,72900.0,107.639999,5084700.0,34.599998,447700.0,27.92,374300.0,30.67,850300.0,37.880001,3170700.0,29.93,226600.0
2019-06-18,9.53,160200.0,127.120003,10309600.0,49.627998,4600.0,14.05,12976700.0,27.85,15900.0,19.879998999999998,2217800.0,11.25,36092800.0,350.929993,1120600.0,66.639999,65200.0,29.65,618700.0,35.400002,394600.0,292.399994,85434800.0,57.150002,1227300.0,27.209999,186100.0,108.309998,7549600.0,34.689999,693600.0,28.190001000000002,393800.0,30.66,1670700.0,38.049999,789500.0,29.940001000000002,1161000.0
2019-06-19,9.57,346500.0,127.889999,11660600.0,48.889998999999996,16800.0,14.17,13454000.0,28.17,4800.0,19.5,2027500.0,11.33,41157500.0,351.97000099999997,913900.0,66.75,39000.0,29.83,681300.0,35.57,428600.0,293.059998,78674400.0,57.200001,1078200.0,27.52,186900.0,108.860001,13102500.0,34.82,1716500.0,28.4,483000.0,30.75,839400.0,38.099998,530500.0,29.99,722800.0
2019-06-20,9.93,509200.0,131.110001,18636300.0,49.639998999999996,8300.0,14.45,21668700.0,28.870001000000002,13600.0,18.799999,5312400.0,11.85,46579600.0,354.309998,1033500.0,67.300003,41000.0,30.139999,1344600.0,36.119999,572800.0,295.859985,116570000.0,57.25,1064000.0,27.690001000000002,107100.0,109.459999,12177600.0,34.860001000000004,2818100.0,28.6,474400.0,30.76,4487100.0,38.209998999999996,1545500.0,30.01,282900.0
2019-06-21,10.03,286100.0,131.979996,15068000.0,48.970001,7600.0,14.36,12708800.0,29.76,27200.0,18.690001000000002,1516800.0,11.97,24575800.0,350.709991,681600.0,66.68,35300.0,30.0,1138000.0,35.950001,391200.0,294.0,83309500.0,57.18,1696000.0,27.67,85800.0,109.190002,5145200.0,34.810001,1481500.0,28.5,76000.0,30.76,2250900.0,37.84,704500.0,29.99,978100.0
2019-06-24,10.05,238500.0,133.940002,17851800.0,49.610001000000004,5100.0,14.46,14157600.0,29.75,14600.0,19.59,3794200.0,12.01,26632000.0,347.910004,770700.0,65.769997,38500.0,29.49,1069400.0,35.610001000000004,312300.0,293.640015,47582700.0,57.240002000000004,2167800.0,27.709999,83500.0,109.08000200000001,3653000.0,34.889998999999996,1583800.0,28.620001000000002,758700.0,30.77,644800.0,38.099998,639100.0,30.0,441600.0
2019-06-25,10.06,198000.0,134.199997,24772200.0,49.375,4800.0,14.38,24459400.0,30.24,8300.0,19.469998999999998,1674600.0,12.0,23169700.0,346.019989,647000.0,65.440002,36400.0,29.299999,694800.0,35.27,389900.0,290.76001,82028700.0,57.299999,1791700.0,27.68,80300.0,108.68,7007100.0,34.869999,810200.0,28.52,756300.0,30.77,755600.0,38.23,417700.0,30.02,239200.0
2019-06-26,10.26,86500.0,132.970001,12016400.0,49.32,2500.0,14.32,9171200.0,31.450001,62900.0,19.530001000000002,2043800.0,12.29,35059500.0,345.410004,859500.0,65.480003,39100.0,29.34,420400.0,35.580002,268800.0,290.47000099999997,51584900.0,57.209998999999996,1371400.0,27.709999,75300.0,108.599998,6831200.0,34.82,3126000.0,28.450001,103000.0,30.74,630600.0,37.970001,511500.0,29.99,451800.0
2019-06-27,10.26,187200.0,132.83999599999999,8412800.0,48.919998,1800.0,14.28,10633600.0,31.290001,10300.0,19.92,1683700.0,12.29,26439100.0,349.920013,936000.0,66.75,35300.0,29.43,745900.0,35.75,282000.0,291.5,40355200.0,57.25,915700.0,27.790001,75000.0,108.870003,5814000.0,34.900002,442500.0,28.67,674500.0,30.780001000000002,519800.0,38.23,745200.0,30.01,188700.0
2019-06-28,10.04,390300.0,133.199997,8077000.0,47.804001,12200.0,14.33,15532400.0,30.85,8500.0,19.889999,1592400.0,12.04,28856800.0,354.589996,1058600.0,67.629997,96500.0,29.59,1112600.0,35.790001000000004,508200.0,293.0,59350900.0,57.299999,1338700.0,27.82,106300.0,108.940002,5855300.0,34.93,2058500.0,28.75,617700.0,30.780001000000002,1941000.0,38.16,1523100.0,30.0,571200.0
2019-07-01,10.24,121900.0,130.619995,13369800.0,46.724998,147800.0,14.18,10326600.0,31.540001,18100.0,19.450001,2839200.0,12.28,31351300.0,355.27999900000003,1161200.0,67.779999,44200.0,29.74,1146400.0,36.32,1174700.0,295.660004,79107500.0,57.299999,2205200.0,27.719998999999998,164300.0,108.41999799999999,10600200.0,34.860001000000004,1172000.0,28.77,245800.0,30.690001000000002,1064300.0,38.049999,1410500.0,29.940001000000002,592100.0
2019-07-02,9.84,193300.0,133.41000400000001,13282100.0,46.544998,6300.0,14.29,13887100.0,30.700001,17700.0,19.26,1086000.0,11.7,49314300.0,354.359985,950800.0,67.379997,34900.0,29.83,1287000.0,36.169998,517700.0,296.429993,61504500.0,57.41,1630300.0,27.76,160800.0,108.629997,5780000.0,34.91,706800.0,28.879998999999998,495700.0,30.73,714600.0,38.310001,1003800.0,29.950001,642500.0
2019-07-03,9.94,60100.0,133.630005,6351500.0,47.612,3300.0,14.32,8250800.0,31.290001,2200.0,19.58,1117200.0,11.77,19690200.0,357.570007,680600.0,67.809998,30300.0,29.98,538500.0,36.259997999999996,274100.0,298.799988,40898900.0,57.630001,1371900.0,27.82,98200.0,109.010002,3978200.0,34.950001,1515300.0,29.08,682200.0,30.700001,564200.0,38.560001,308400.0,29.959999,160100.0
2019-07-05,10.07,274800.0,132.139999,11536600.0,47.59,4700.0,14.06,17275100.0,31.530001000000002,4700.0,20.68,5265700.0,11.95,22706000.0,357.890015,833800.0,68.07,28500.0,29.77,894400.0,36.009997999999996,403600.0,298.459991,51677300.0,57.560001,1253300.0,27.709999,119000.0,108.610001,5289200.0,34.799999,751700.0,28.709999,212700.0,30.68,760000.0,38.110001000000004,757600.0,29.9,522400.0
2019-07-08,10.05,150900.0,131.28999299999998,8028900.0,47.549999,1900.0,14.05,9461900.0,31.07,27300.0,20.629998999999998,1805500.0,11.93,25158400.0,354.5,462400.0,67.339996,27500.0,29.58,857300.0,35.82,318200.0,296.820007,45841800.0,57.560001,1774000.0,27.700001,217600.0,108.43,4085100.0,34.759997999999996,575800.0,28.700001,377200.0,30.66,893600.0,38.150002,400300.0,29.879998999999998,244400.0
2019-07-09,10.14,92300.0,131.75,6633400.0,47.155998,900.0,14.14,8468400.0,31.58,6900.0,20.780001000000002,1483200.0,12.04,14655900.0,354.570007,608600.0,67.220001,33300.0,29.469998999999998,773200.0,35.77,369200.0,297.190002,41101300.0,57.540001000000004,1035700.0,27.709999,124100.0,108.290001,4523100.0,34.740002000000004,944100.0,28.66,391900.0,30.67,886000.0,38.139998999999996,683900.0,29.879998999999998,260400.0
2019-07-10,10.48,157700.0,133.830002,13920600.0,47.529999,1200.0,14.26,14062800.0,32.849998,42800.0,21.040001,2014200.0,12.53,33507900.0,354.200012,701200.0,67.360001,40000.0,29.549999,4086800.0,35.939999,1468200.0,298.609985,58448500.0,57.43,1200700.0,27.85,148500.0,108.599998,6118200.0,34.799999,779800.0,28.549999,510300.0,30.700001,940200.0,37.93,370400.0,29.93,233700.0
2019-07-11,10.49,299100.0,132.699997,7535100.0,48.43,3400.0,14.17,8932500.0,32.630001,42300.0,20.67,3246000.0,12.55,17841500.0,353.399994,527600.0,67.059998,27100.0,29.549999,1041100.0,35.880001,536100.0,299.309998,50826100.0,57.32,1239600.0,27.83,134800.0,108.389999,4667100.0,34.73,829100.0,28.360001,328900.0,30.690001000000002,506000.0,37.43,521400.0,29.92,167700.0
2019-07-12,10.47,205900.0,133.529999,6309500.0,49.290001000000004,1500.0,14.26,7983500.0,32.330002,18800.0,21.09,1963600.0,12.52,14913500.0,357.079987,912000.0,67.68,37800.0,29.58,589500.0,35.93,565100.0,300.649994,40326000.0,57.220001,1167100.0,27.879998999999998,78500.0,108.480003,3592900.0,34.740002000000004,886600.0,28.370001000000002,415000.0,30.700001,834600.0,37.48,521800.0,29.92,509000.0
2019-07-15,10.29,456700.0,133.529999,4026600.0,48.115002000000004,3500.0,14.42,17348900.0,31.49,29900.0,20.68,2155000.0,12.3,21738200.0,355.23999,570200.0,67.269997,56400.0,29.620001000000002,565900.0,36.040001000000004,296200.0,300.75,33900000.0,57.400002,1386900.0,27.950001,96900.0,108.629997,3129700.0,34.790001000000004,1090100.0,28.459999,194200.0,30.709999,328300.0,37.700001,630600.0,29.93,563700.0
2019-07-16,10.13,200600.0,132.399994,7966000.0,47.557999,5700.0,14.54,39105500.0,31.200001,75100.0,19.969998999999998,2981400.0,12.07,36001100.0,355.459991,479400.0,67.370003,40400.0,29.48,577600.0,36.029999,364000.0,299.77999900000003,36650100.0,57.43,1203400.0,27.84,142800.0,108.379997,4909200.0,34.75,595400.0,28.360001,588200.0,30.700001,1048400.0,37.580002,731800.0,29.92,620400.0
2019-07-17,9.93,254400.0,134.580002,11288300.0,47.314999,1600.0,14.94,27911800.0,30.790001,20500.0,19.870001000000002,1194600.0,11.75,30197000.0,352.730011,463100.0,66.849998,41200.0,29.440001000000002,571800.0,35.939999,345100.0,297.73999,36036300.0,57.549999,1396700.0,27.85,79900.0,108.339996,5479400.0,34.82,909200.0,28.620001000000002,436400.0,30.709999,865100.0,37.98,512400.0,29.940001000000002,575600.0
2019-07-18,9.78,122000.0,136.479996,18466500.0,46.701,6700.0,15.29,38318800.0,30.23,27800.0,19.68,1768800.0,11.56,38600500.0,353.859985,703900.0,66.93,47900.0,29.540001,869600.0,36.119999,417400.0,298.829987,51392600.0,57.700001,1461400.0,28.15,213900.0,108.32,6579100.0,34.900002,754700.0,28.639999,299200.0,30.76,1072400.0,37.990002000000004,425900.0,29.98,536600.0
2019-07-19,9.91,188000.0,134.470001,18079200.0,47.509997999999996,2300.0,15.17,41873600.0,30.4,12200.0,19.41,2037900.0,11.67,25108300.0,352.76001,542300.0,66.800003,50100.0,29.450001,762900.0,35.93,340000.0,297.170013,58678600.0,57.68,1217400.0,28.02,109700.0,108.110001,5629900.0,34.849998,511000.0,28.6,263200.0,30.73,568900.0,37.91,409700.0,29.950001,546300.0
2019-07-22,9.92,313600.0,134.449997,7570400.0,46.512001,1800.0,15.35,18109200.0,30.17,16200.0,19.889999,1736300.0,11.68,23995700.0,352.549988,713100.0,66.639999,32600.0,29.52,658000.0,35.889998999999996,206800.0,297.899994,43638100.0,57.700001,1247400.0,28.120001000000002,88300.0,108.470001,4838200.0,34.900002,774400.0,28.709999,915900.0,30.74,286900.0,37.959998999999996,517700.0,29.950001,342300.0
2019-07-23,10.03,71400.0,133.690002,9981400.0,46.615002000000004,2300.0,15.34,23827100.0,30.549999,9500.0,19.709999,1036300.0,11.81,17881000.0,356.380005,1470800.0,67.269997,27500.0,29.68,541300.0,35.900002,448700.0,300.02999900000003,44564500.0,57.75,1093900.0,28.0,136100.0,108.66999799999999,5709900.0,34.900002,1705800.0,28.719998999999998,515100.0,30.75,418900.0,37.77,360500.0,29.940001000000002,728400.0
2019-07-24,9.85,288500.0,134.369995,6715200.0,46.789001,3200.0,15.52,15739900.0,30.34,15900.0,19.200001,1868800.0,11.59,34924000.0,361.47000099999997,1086800.0,68.43,43100.0,29.68,573400.0,35.91,226700.0,301.440002,47213200.0,57.849998,1223400.0,28.02,95700.0,108.739998,5781600.0,34.93,1412100.0,28.860001,280900.0,30.75,625700.0,37.919998,318400.0,29.93,605800.0
2019-07-25,9.88,148800.0,133.419998,11708200.0,46.533001,2300.0,15.36,19998700.0,30.6,12100.0,19.26,1268600.0,11.6,19892200.0,357.869995,855100.0,67.699997,48100.0,29.41,586900.0,35.759997999999996,441200.0,300.0,55394100.0,57.849998,1496700.0,27.969998999999998,102800.0,108.660004,4941700.0,34.860001000000004,923300.0,28.75,246600.0,30.719998999999998,669100.0,37.740002000000004,344200.0,29.93,200400.0
2019-07-26,9.94,89200.0,133.639999,6249900.0,46.230999,5200.0,15.31,10282900.0,30.66,12400.0,18.780001000000002,2687300.0,11.65,17256400.0,361.369995,631500.0,68.389999,123800.0,29.5,505400.0,35.810001,285600.0,302.01001,45084100.0,57.830002,1115000.0,28.0,424000.0,108.900002,3971000.0,34.880001,1806800.0,28.76,211000.0,30.74,1108100.0,37.84,289500.0,29.92,1145200.0
2019-07-29,10.03,64100.0,134.529999,9133600.0,46.546001000000004,1400.0,15.4,10625000.0,30.559998999999998,12600.0,18.4,2180700.0,11.82,22622200.0,359.630005,1119400.0,68.019997,40600.0,29.5,453800.0,35.799999,237000.0,301.459991,37796000.0,57.919998,1260800.0,27.950001,131300.0,108.760002,3816000.0,34.900002,5048700.0,28.83,209900.0,30.76,4207200.0,37.84,534500.0,29.940001000000002,186100.0
2019-07-30,10.21,115500.0,134.979996,9458700.0,46.029999,1300.0,15.5,9505400.0,31.040001,4000.0,18.540001,1046100.0,12.08,21740000.0,362.01001,1484900.0,68.760002,48300.0,29.200001,770700.0,35.439999,236900.0,300.72000099999997,45849000.0,57.889998999999996,1243100.0,27.950001,120600.0,108.779999,4544300.0,34.900002,2063600.0,28.77,580300.0,30.74,1490000.0,37.939999,1653500.0,29.940001000000002,3441300.0
2019-07-31,10.17,187800.0,133.21000700000002,18797200.0,45.014998999999996,4700.0,15.21,28741400.0,31.059998999999998,15000.0,19.440001000000002,3496900.0,12.04,27900100.0,357.920013,1478200.0,68.43,65300.0,29.0,966700.0,35.16,836300.0,297.429993,104245200.0,57.959998999999996,1409500.0,27.82,111900.0,108.589996,10981600.0,34.880001,1023900.0,28.91,222800.0,30.73,953700.0,38.23,632800.0,29.91,408200.0
2019-08-01,9.57,396300.0,136.41000400000001,27719800.0,44.314999,7400.0,15.34,28690700.0,29.6,12800.0,18.85,3642400.0,11.31,57634600.0,352.399994,2944600.0,67.309998,71200.0,28.91,1131400.0,34.5,957200.0,294.839996,142646600.0,58.049999,1618000.0,27.559998999999998,80300.0,108.099998,15406800.0,34.990002000000004,699300.0,29.17,411000.0,30.76,1007200.0,38.869999,1102100.0,29.959999,640800.0
2019-08-02,9.69,293900.0,135.889999,13753200.0,44.875,600.0,15.19,20157500.0,29.75,17500.0,18.6,3813200.0,11.48,37578000.0,348.73999,1965100.0,66.610001,86500.0,28.639999,790200.0,34.130001,1646900.0,292.619995,116749700.0,58.169998,1614300.0,27.48,73100.0,107.889999,9089000.0,34.990002000000004,907300.0,29.299999,427900.0,30.75,674200.0,39.220001,1559400.0,29.959999,462200.0
2019-08-05,9.58,390000.0,137.78999299999998,17519800.0,45.198002,3500.0,15.33,31227100.0,28.9,18900.0,18.1,3944800.0,11.37,47151800.0,338.859985,1684900.0,64.699997,69000.0,27.950001,1298100.0,33.040001000000004,964200.0,283.820007,178745400.0,58.27,1392700.0,27.280001000000002,219100.0,106.709999,19279000.0,35.07,1311200.0,29.280001000000002,710900.0,30.82,1529900.0,39.889998999999996,725500.0,30.040001,351200.0
2019-08-06,9.41,154200.0,138.91000400000001,9471200.0,44.904999,2000.0,15.38,12926200.0,28.379998999999998,18600.0,18.290001,1992600.0,11.14,30273900.0,343.140015,1820400.0,65.410004,46200.0,28.110001,2299100.0,33.43,2429800.0,287.799988,120711700.0,58.360001000000004,1319900.0,27.440001000000002,192600.0,107.370003,15650000.0,35.119999,1072000.0,29.540001,970500.0,30.790001,1211200.0,40.189999,602800.0,30.040001,1761100.0
2019-08-07,9.12,577700.0,141.020004,26671100.0,45.27,1200.0,15.97,49867900.0,27.73,78500.0,18.129998999999998,2661100.0,10.84,54104200.0,343.77999900000003,1478500.0,65.489998,87300.0,28.27,1133600.0,33.619999,869000.0,287.97000099999997,140572300.0,58.599998,1601600.0,27.440001000000002,72400.0,107.389999,14264200.0,35.119999,1330300.0,29.58,874900.0,30.799999,895600.0,40.23,1381600.0,30.040001,303200.0
2019-08-08,9.17,261800.0,141.729996,13108600.0,45.75,1300.0,15.89,23338200.0,27.73,25600.0,18.43,2296000.0,10.96,23546600.0,351.179993,1842600.0,66.970001,38100.0,28.549999,1877900.0,34.029999,2438200.0,293.619995,87713900.0,58.41,1300500.0,27.719998999999998,227700.0,107.709999,11012700.0,35.119999,1782400.0,29.68,584100.0,30.77,1250700.0,40.299999,1827200.0,30.040001,820200.0
2019-08-09,9.37,246100.0,141.259995,9485900.0,45.880001,1300.0,15.89,14846700.0,27.959999,26500.0,18.440001000000002,1143900.0,11.28,28973800.0,346.420013,792400.0,66.150002,22100.0,28.41,1257100.0,33.720001,2053100.0,291.619995,93730000.0,58.459998999999996,1262500.0,27.629998999999998,92300.0,107.599998,6687900.0,35.07,879600.0,29.58,485000.0,30.77,500400.0,40.220001,1327000.0,30.02,678700.0
2019-08-12,9.44,199800.0,142.630005,15264000.0,43.625,7200.0,15.98,20240600.0,27.969998999999998,16900.0,18.34,1157300.0,11.36,24138800.0,341.309998,771400.0,65.410004,33900.0,28.120001000000002,718900.0,33.360001000000004,736200.0,288.070007,62629500.0,58.52,1205200.0,27.469998999999998,117500.0,107.32,6897500.0,35.150002,642200.0,29.870001000000002,410400.0,30.790001,496500.0,41.040001000000004,3888100.0,30.049999,372600.0
2019-08-13,9.88,538200.0,141.779999,29842800.0,43.23,2200.0,15.87,37868000.0,29.190001000000002,19300.0,18.690001000000002,2118700.0,11.87,47692300.0,345.369995,847600.0,66.059998,34800.0,28.4,826000.0,33.66,694700.0,292.549988,94299800.0,58.669998,1327900.0,27.57,77900.0,107.690002,7768500.0,35.080002,1502100.0,29.860001,647900.0,30.75,1022300.0,40.900002,1021100.0,30.01,379200.0
2019-08-14,9.53,409900.0,142.75,20672900.0,42.919998,1900.0,16.08,36647600.0,28.049999,13200.0,18.719998999999998,1593200.0,11.44,41846300.0,335.0,1373800.0,64.139999,45600.0,27.629998999999998,932100.0,32.709998999999996,1095700.0,283.899994,135622100.0,58.799999,1801100.0,27.24,84300.0,106.760002,10585000.0,35.16,1062200.0,30.120001000000002,433900.0,30.76,1013400.0,41.799999,1140000.0,30.059998999999998,430700.0
2019-08-15,9.38,236800.0,143.699997,13467800.0,42.775002,3000.0,16.129998999999998,17036100.0,27.629998999999998,9500.0,19.280001000000002,2810300.0,11.35,29894200.0,334.51001,1235500.0,63.900002,67900.0,27.719998999999998,1923000.0,33.0,2856200.0,284.649994,99556600.0,59.169998,1794600.0,27.43,108300.0,107.139999,9296800.0,35.279999,2129200.0,30.27,277300.0,30.83,591400.0,42.259997999999996,595600.0,30.110001,288400.0
2019-08-16,9.41,138200.0,142.779999,11728800.0,43.362,1600.0,16.02,16397500.0,27.540001,8400.0,19.1,874300.0,11.4,23472500.0,341.679993,1076700.0,65.339996,30100.0,28.0,918200.0,33.34,1236300.0,288.850006,83018300.0,59.080002,1280200.0,27.52,77700.0,107.480003,4894200.0,35.25,839200.0,30.26,401900.0,30.84,455600.0,41.900002,1180300.0,30.1,255000.0
2019-08-19,9.57,290600.0,141.110001,10552700.0,42.77,13400.0,15.79,14617900.0,28.059998999999998,1900.0,19.1,1423500.0,11.66,24390300.0,344.859985,661000.0,66.029999,34400.0,28.15,671600.0,33.509997999999996,305700.0,292.329987,53571800.0,58.900002,1111600.0,27.379998999999998,92900.0,107.839996,4666400.0,35.240002000000004,686000.0,30.09,210300.0,30.84,323600.0,41.360001000000004,700500.0,30.07,328300.0
2019-08-20,9.59,157900.0,142.21000700000002,7478500.0,42.463001,1800.0,16.049999,12223200.0,28.280001000000002,2300.0,19.24,838800.0,11.63,24638400.0,342.149994,571000.0,65.400002,26800.0,28.07,996000.0,33.5,274800.0,290.089996,51596400.0,58.98,1261800.0,27.469998999999998,170900.0,107.889999,4262300.0,35.310001,1395800.0,30.35,241700.0,30.85,490200.0,41.75,546900.0,30.1,299200.0
2019-08-21,9.64,110100.0,141.759995,8114700.0,42.645,500.0,16.049999,12414200.0,28.65,3400.0,18.9,2261000.0,11.61,24096400.0,344.089996,704700.0,65.91999799999999,43800.0,28.299999,601300.0,33.759997999999996,279400.0,292.450012,49524700.0,58.889998999999996,1269100.0,27.51,139600.0,108.360001,7248800.0,35.349998,837600.0,30.450001,210100.0,30.84,743900.0,41.5,308700.0,30.07,173400.0
2019-08-22,9.57,79000.0,141.399994,6846500.0,42.650002,1300.0,15.97,7001000.0,28.299999,1600.0,18.719998999999998,1717700.0,11.53,21790400.0,344.359985,863000.0,65.779999,33300.0,28.219998999999998,1017400.0,33.41,819900.0,292.359985,51666400.0,58.779999,1434100.0,27.41,114900.0,108.57,8238500.0,35.310001,763900.0,30.24,347100.0,30.84,762700.0,41.23,257900.0,30.049999,534800.0
2019-08-23,9.32,152800.0,144.169998,20282200.0,42.352001,2900.0,16.35,25967100.0,27.889999,5300.0,18.700001,1308400.0,11.19,34055900.0,334.980011,2431100.0,63.709998999999996,36600.0,27.860001,1321200.0,32.869999,2444900.0,284.850006,149161500.0,58.889998999999996,1308800.0,27.309998999999998,102500.0,108.019997,9870700.0,35.380001,704300.0,30.440001000000002,255100.0,30.870001000000002,634600.0,41.869999,400200.0,30.110001,413700.0
2019-08-26,9.28,323100.0,144.190002,12195800.0,42.544998,2700.0,16.52,22948400.0,27.780001000000002,6600.0,19.309998999999998,2541700.0,11.18,26066500.0,338.01001,963300.0,64.410004,172700.0,28.1,2861100.0,33.169998,2709800.0,288.0,72423800.0,58.880001,1467500.0,27.24,261700.0,108.57,5369500.0,35.380001,1032400.0,30.42,104200.0,30.879998999999998,465000.0,41.73,3236000.0,30.1,319700.0
2019-08-27,9.51,148200.0,145.570007,12844100.0,42.375,3100.0,17.030001000000002,38834200.0,28.16,1300.0,19.059998999999998,1360700.0,11.42,24561400.0,334.130005,706300.0,63.599998,115600.0,28.08,883900.0,33.18,654100.0,286.869995,66668900.0,59.060001,1522400.0,27.1,146800.0,108.550003,6549000.0,35.450001,639300.0,30.67,63800.0,30.889999,601900.0,42.330002,375600.0,30.110001,399200.0
2019-08-28,9.64,250000.0,145.16000400000001,11452400.0,42.724998,100.0,17.17,30866900.0,28.860001,7200.0,19.35,1631900.0,11.64,30389800.0,337.320007,1312200.0,64.349998,79700.0,28.09,1034200.0,33.220001,295800.0,288.890015,59696700.0,59.169998,1288700.0,27.049999,155100.0,108.82,3719300.0,35.459998999999996,663100.0,30.709999,592200.0,30.889999,547600.0,42.380001,302200.0,30.110001,849700.0
2019-08-29,9.71,198400.0,144.119995,14762500.0,42.654999,300.0,17.07,52495100.0,28.85,6700.0,19.83,2412200.0,11.78,22765400.0,342.5,951700.0,65.410004,95900.0,28.33,534700.0,33.599998,432000.0,292.579987,57899400.0,59.16,1355400.0,27.129998999999998,104900.0,108.93,2459900.0,35.43,1128500.0,30.629998999999998,263100.0,30.870001000000002,537400.0,42.23,736800.0,30.1,295300.0
2019-08-30,9.45,385500.0,143.75,9642200.0,42.380001,100.0,17.15,28392700.0,27.950001,16700.0,19.77,949900.0,11.46,30548700.0,343.140015,1009300.0,65.260002,106400.0,28.450001,1252800.0,33.830002,664500.0,292.450012,62901200.0,59.130001,3389100.0,27.129998999999998,77700.0,108.809998,4576700.0,35.41,874100.0,30.549999,587900.0,30.879998999999998,480600.0,42.279999,369100.0,30.110001,218300.0
2019-09-03,9.31,150400.0,145.75,15615200.0,41.794998,4700.0,17.889999,40436900.0,26.93,43200.0,20.309998999999998,1885000.0,11.22,28065100.0,339.02999900000003,1082600.0,64.41999799999999,49200.0,28.35,1305500.0,33.630001,711400.0,290.73999,69101400.0,59.220001,2259900.0,26.959999,379100.0,108.0,4806100.0,35.360001000000004,7098200.0,30.450001,706600.0,30.82,2953700.0,42.220001,6628800.0,30.08,1849700.0
2019-09-04,9.73,257300.0,146.66000400000001,11285900.0,41.919998,700.0,18.34,34319900.0,28.09,13600.0,21.110001,2259100.0,11.71,29123800.0,343.170013,1005300.0,65.019997,30200.0,28.719998999999998,581200.0,34.139998999999996,354200.0,294.040009,46887300.0,59.029999,2070200.0,27.33,176600.0,108.25,3710300.0,35.450001,971900.0,30.469998999999998,533300.0,30.85,1974700.0,42.25,571000.0,30.1,342800.0
2019-09-05,9.72,130300.0,143.139999,20293200.0,41.924999,1400.0,17.41,53305900.0,28.33,7000.0,21.139999,2550700.0,11.7,27286500.0,349.100006,1246500.0,66.290001,93400.0,28.940001000000002,610900.0,34.490002000000004,441700.0,297.820007,83258100.0,58.810001,2120300.0,27.25,155200.0,108.639999,7313700.0,35.310001,1008500.0,30.139999,383200.0,30.799999,20342900.0,41.560001,677800.0,30.040001,431400.0
2019-09-06,9.79,159100.0,141.919998,14175200.0,41.597,2700.0,16.870001000000002,68358100.0,28.82,12400.0,21.58,2428700.0,11.77,22340200.0,348.820007,806000.0,66.16999799999999,32900.0,29.02,665000.0,34.610001000000004,894400.0,298.049988,49584300.0,58.880001,1251500.0,27.41,134600.0,108.83000200000001,15031900.0,35.330002,914500.0,30.309998999999998,610200.0,30.82,792500.0,41.799999,1258700.0,30.040001,1194100.0
2019-09-09,9.99,258100.0,141.389999,11323800.0,41.794998,3000.0,16.83,26030000.0,29.15,6400.0,22.48,2207600.0,12.08,23403000.0,351.690002,1007300.0,67.08000200000001,32200.0,29.1,625400.0,34.68,505500.0,298.200012,51260300.0,58.73,1305000.0,27.309998999999998,124100.0,108.949997,7462300.0,35.240002000000004,740000.0,29.969998999999998,563400.0,30.809998999999998,648300.0,41.080002,1089600.0,30.02,526900.0
2019-09-10,9.92,377700.0,140.179993,12629200.0,42.603001,3300.0,16.85,22611900.0,29.139999,9500.0,22.4,2494500.0,11.98,25565600.0,353.75,810900.0,67.889999,36700.0,29.16,630100.0,34.669998,2553000.0,298.130005,57947100.0,58.470001,1021400.0,27.280001000000002,113100.0,108.900002,3811800.0,35.110001000000004,942900.0,29.57,335200.0,30.75,635600.0,40.400002,830800.0,29.959999,378500.0
2019-09-11,9.71,351900.0,141.029999,7453000.0,42.244999,1000.0,16.950001,16979400.0,28.92,6700.0,22.1,1073200.0,11.68,38325400.0,358.480011,1753400.0,69.309998,52900.0,29.35,556200.0,34.959998999999996,834400.0,300.25,68821100.0,58.549999,1294300.0,27.309998999999998,102400.0,108.900002,3245200.0,35.09,1345300.0,29.549999,487500.0,30.75,615200.0,40.32,309300.0,29.969998999999998,302900.0
2019-09-12,9.56,311000.0,141.320007,12673700.0,43.285,3500.0,16.92,29348700.0,28.540001,16100.0,22.299999,1559700.0,11.47,35739200.0,358.290009,1123700.0,69.360001,47800.0,29.51,1870600.0,35.240002000000004,972500.0,301.290009,72908700.0,58.5,1446500.0,27.52,174100.0,108.940002,5860200.0,35.02,710600.0,29.48,217900.0,30.74,860300.0,40.09,578400.0,29.950001,992000.0
2019-09-13,9.54,131700.0,140.149994,13451700.0,43.382999,4200.0,16.309998999999998,42317000.0,28.51,2500.0,22.73,1700800.0,11.44,14074400.0,358.51001,1297300.0,69.470001,66500.0,29.66,604900.0,35.360001000000004,554900.0,301.089996,62104800.0,58.16,3425200.0,27.450001,171100.0,108.760002,16885500.0,34.900002,641800.0,29.049999,125400.0,30.690001000000002,1330400.0,39.220001,14131800.0,29.889999,484800.0
2019-09-16,10.36,1210300.0,141.320007,8094600.0,43.717999,600.0,16.74,21190000.0,31.51,103600.0,23.27,2406400.0,12.83,81020000.0,358.920013,1432300.0,69.68,53100.0,29.450001,670500.0,35.150002,328400.0,300.160004,58191200.0,58.32,1180100.0,27.32,240300.0,109.110001,4934100.0,35.0,698600.0,29.27,240700.0,30.74,542600.0,39.709998999999996,2066100.0,29.93,272100.0
2019-09-17,10.0,1077900.0,141.600006,7010200.0,43.326,700.0,16.860001,12763400.0,30.51,20000.0,23.030001000000002,1106400.0,12.29,98631100.0,357.630005,952700.0,69.529999,39300.0,29.559998999999998,679800.0,35.130001,415900.0,300.920013,41475500.0,58.360001000000004,1175600.0,27.370001000000002,220800.0,109.190002,6307000.0,35.009997999999996,8763700.0,29.4,170300.0,30.76,632200.0,39.939999,467100.0,29.940001000000002,432200.0
2019-09-18,9.93,705500.0,140.71000700000002,15026300.0,43.514998999999996,1800.0,16.549999,28967300.0,30.219998999999998,12100.0,22.76,1426900.0,12.1,34544100.0,356.77999900000003,905900.0,69.059998,136700.0,29.5,760400.0,35.02,589600.0,301.100006,73375800.0,58.549999,1129000.0,27.35,861400.0,109.150002,4754100.0,35.07,941500.0,29.559998999999998,392800.0,30.74,735000.0,40.09,798200.0,29.940001000000002,311500.0
2019-09-19,10.04,293600.0,141.279999,8057400.0,43.560001,100.0,16.620001000000002,10522200.0,30.83,9800.0,22.07,2227800.0,12.19,30330900.0,356.109985,1204100.0,68.690002,31800.0,29.620001000000002,617700.0,34.779999,642600.0,301.079987,76560500.0,58.529999,1488800.0,27.290001,180600.0,109.019997,3125600.0,35.080002,1077800.0,29.6,196600.0,30.780001000000002,2926000.0,40.220001,978800.0,29.940001000000002,1045100.0
2019-09-20,10.06,280000.0,142.949997,12110000.0,43.23,1800.0,16.799999,14256300.0,30.67,5600.0,21.91,1392100.0,12.2,24076900.0,353.52999900000003,1577600.0,68.440002,54000.0,29.549999,698400.0,34.900002,920600.0,298.27999900000003,89565000.0,58.66,1327600.0,27.23,85000.0,109.150002,4897300.0,35.18,439900.0,29.969998999999998,209400.0,30.790001,2674100.0,40.700001,282800.0,29.969998999999998,208200.0
2019-09-23,10.09,87500.0,143.75,9006500.0,43.389998999999996,3100.0,17.51,24136900.0,30.700001,3300.0,21.91,1493100.0,12.21,20463500.0,354.399994,821300.0,68.309998,158400.0,29.5,3635800.0,35.0,2970700.0,298.209991,43476800.0,58.84,17454400.0,27.25,153800.0,109.110001,2188500.0,35.220001,548100.0,29.959999,489300.0,30.82,1306200.0,40.740002000000004,381100.0,29.99,489000.0
2019-09-24,9.82,158200.0,144.509995,10576300.0,43.389998999999996,0.0,17.440001000000002,27612500.0,29.969998999999998,17800.0,21.59,1031200.0,11.9,29414300.0,350.359985,1059100.0,67.440002,31600.0,29.4,716800.0,34.66,744900.0,295.869995,94869400.0,58.93,15655000.0,27.32,84900.0,108.989998,5588500.0,35.279999,927000.0,30.129998999999998,338800.0,30.83,1656500.0,41.240002000000004,291000.0,30.02,337600.0
2019-09-25,9.77,218800.0,141.830002,11648400.0,43.355,500.0,16.709999,29406000.0,29.700001,10900.0,21.549999,1311900.0,11.8,21599400.0,354.450012,1555600.0,68.290001,43600.0,29.33,1150100.0,34.709998999999996,7080700.0,297.619995,71854000.0,58.84,6711500.0,27.24,110200.0,108.91999799999999,5018700.0,35.16,1501100.0,29.84,878200.0,30.82,1458900.0,40.610001000000004,726900.0,29.98,613500.0
2019-09-26,9.78,94700.0,141.78999299999998,7984600.0,43.419998,100.0,16.67,20319100.0,30.030001000000002,9200.0,20.950001,3841200.0,11.8,20969800.0,352.329987,955200.0,67.599998,34900.0,29.41,914700.0,34.639998999999996,611500.0,297.0,56179700.0,58.849998,1327800.0,27.209999,95900.0,108.83000200000001,4073600.0,35.23,712700.0,29.92,525300.0,30.809998999999998,707700.0,40.880001,497700.0,29.99,335200.0
2019-09-27,9.69,211000.0,141.059998,9804200.0,43.330002,800.0,16.360001,25234800.0,29.790001,12000.0,20.540001,1733300.0,11.66,25720400.0,349.920013,775700.0,67.18,46300.0,29.26,793300.0,34.299999,758700.0,295.399994,84746600.0,58.880001,2408000.0,27.15,69800.0,108.68,4463700.0,35.240002000000004,544400.0,29.950001,167100.0,30.84,846000.0,40.959998999999996,315400.0,30.01,207100.0
2019-09-30,9.46,1009100.0,138.869995,15459100.0,44.57,2100.0,15.92,29218300.0,29.18,7700.0,19.93,3263600.0,11.34,25184100.0,352.47000099999997,1183800.0,67.209999,119700.0,29.360001,3432700.0,34.279999,1697500.0,296.769989,51662400.0,58.830002,1597100.0,27.209999,92900.0,108.739998,4780700.0,35.279999,2065100.0,30.09,97500.0,30.85,3061800.0,41.029999,1902600.0,30.02,507800.0
2019-10-01,9.35,169400.0,139.630005,12476200.0,44.955002,200.0,16.15,23278100.0,29.27,2500.0,19.65,2239000.0,11.19,26259300.0,345.75,1846100.0,65.949997,57600.0,29.1,1534900.0,34.09,523400.0,293.23999,88242400.0,58.68,1889000.0,27.030001000000002,109200.0,108.0,6937600.0,35.25,998500.0,30.040001,472700.0,30.82,924600.0,41.130001,1883600.0,30.01,441300.0
2019-10-02,9.2,374600.0,141.259995,11914300.0,44.555,3700.0,16.43,21300800.0,28.700001,11200.0,19.360001,2194200.0,10.98,28385200.0,341.230011,1381600.0,65.260002,62400.0,28.52,784500.0,33.869999,398600.0,288.059998,122539500.0,58.68,1301600.0,27.129998999999998,118000.0,107.400002,5958900.0,35.290001000000004,834900.0,29.98,268200.0,30.83,609400.0,41.23,565300.0,30.049999,343400.0
2019-10-03,9.17,415100.0,141.899994,12396100.0,44.549999,1600.0,16.43,24412700.0,28.85,3100.0,20.0,4049700.0,10.93,29361000.0,343.26001,1575800.0,65.349998,68300.0,28.709999,1347600.0,34.27,477000.0,290.420013,85278800.0,58.900002,1164600.0,27.32,97100.0,107.339996,12886800.0,35.389998999999996,1076400.0,30.08,613700.0,30.879998999999998,850100.0,41.610001000000004,2844400.0,30.1,1354900.0
2019-10-04,9.29,719200.0,141.899994,9651000.0,44.549999,500.0,16.41,17200800.0,29.18,6500.0,20.1,2743400.0,11.04,27946700.0,346.519989,1151500.0,66.059998,49700.0,28.959999,1709600.0,34.41,1285600.0,294.350006,65091200.0,58.91,1309500.0,27.48,67700.0,107.690002,5191900.0,35.419998,889700.0,30.34,190700.0,30.889999,495500.0,41.869999,868200.0,30.09,1059000.0
2019-10-07,9.31,190400.0,140.690002,6127200.0,44.605,2800.0,16.299999,8379500.0,29.219998999999998,6100.0,19.73,1941500.0,11.04,20082200.0,344.869995,871700.0,65.879997,24700.0,28.91,892300.0,34.119999,411200.0,293.079987,59610500.0,58.759997999999996,1082400.0,27.299999,126600.0,107.639999,5163900.0,35.349998,1147200.0,30.1,555800.0,30.879998999999998,880400.0,41.529999,1658200.0,30.049999,241400.0
2019-10-08,9.22,302400.0,141.919998,10428900.0,45.255001,2200.0,16.610001,19817200.0,29.23,6200.0,19.620001000000002,1453200.0,10.89,24391300.0,338.730011,1171900.0,64.800003,31100.0,28.6,1106900.0,33.84,1743600.0,288.52999900000003,95708100.0,58.82,1121200.0,27.280001000000002,160800.0,107.209999,7689900.0,35.380001,6274900.0,30.040001,195100.0,30.879998999999998,833000.0,41.669998,4614800.0,30.08,285200.0
2019-10-09,9.29,211300.0,142.050003,6927700.0,45.275002,700.0,16.6,15428500.0,29.41,5000.0,19.17,3042100.0,10.99,23799400.0,341.019989,854700.0,65.07,42400.0,28.84,761100.0,34.09,1383000.0,291.269989,62359400.0,58.810001,1197100.0,27.34,95800.0,107.41999799999999,4931200.0,35.330002,904100.0,30.02,268000.0,30.860001,821700.0,41.389998999999996,936300.0,30.059998999999998,1290500.0
2019-10-10,9.47,112800.0,140.809998,9301700.0,44.435001,2700.0,16.370001000000002,15056500.0,30.0,9400.0,18.879998999999998,5093800.0,11.19,21070900.0,343.140015,811300.0,65.190002,58800.0,29.040001,700600.0,34.459998999999996,664500.0,293.23999,55296300.0,58.540001000000004,1023700.0,27.379998999999998,66400.0,107.690002,4791700.0,35.259997999999996,839300.0,29.74,624200.0,30.860001,564000.0,40.810001,720800.0,30.040001,199500.0
2019-10-11,9.68,378800.0,140.029999,11333400.0,45.852001,12600.0,16.370001000000002,28111900.0,30.459999,10700.0,19.030001000000002,3617600.0,11.42,36778600.0,349.02999900000003,1401300.0,66.449997,76400.0,29.49,829700.0,34.91,1577500.0,296.27999900000003,98720400.0,58.32,1394700.0,27.469998999999998,82300.0,108.08000200000001,7404600.0,35.16,1200900.0,29.690001000000002,144000.0,30.799999,547200.0,40.34,1147300.0,29.99,348500.0
2019-10-14,9.52,429700.0,140.58999599999999,4006700.0,46.044998,2000.0,16.49,10405900.0,29.950001,6500.0,19.57,3937700.0,11.18,23710900.0,347.570007,424500.0,66.18,25000.0,29.41,454400.0,34.790001000000004,350200.0,295.950012,40394800.0,58.459998999999996,1268700.0,27.389999,104600.0,108.199997,2788100.0,35.240002000000004,426500.0,29.84,111900.0,30.83,450800.0,40.619999,130100.0,30.040001,305500.0
2019-10-15,9.4,420200.0,139.610001,9128300.0,45.599998,1000.0,16.27,19735000.0,30.07,2700.0,20.030001000000002,4148600.0,11.06,24905900.0,350.309998,1111100.0,66.940002,29000.0,29.73,605800.0,35.09,939300.0,298.880005,46754500.0,58.349998,2285900.0,27.360001,186400.0,108.379997,9449200.0,35.16,1665400.0,29.68,424800.0,30.809998999999998,1831300.0,40.139998999999996,293500.0,29.99,265100.0
2019-10-16,9.48,296900.0,140.41000400000001,10330300.0,45.59,5300.0,16.26,15305800.0,30.139999,7800.0,19.639999,2918500.0,11.14,20282600.0,350.01001,1087700.0,67.089996,30500.0,29.76,839200.0,35.18,882900.0,298.399994,48928200.0,58.240002000000004,1367400.0,27.35,82700.0,108.349998,4046700.0,35.23,1006900.0,29.700001,690700.0,30.82,1941600.0,40.169998,300600.0,30.02,568400.0
2019-10-17,9.57,508100.0,140.610001,6131000.0,45.985001000000004,1300.0,16.4,14232300.0,30.129998999999998,4900.0,19.860001,1983700.0,11.28,17582000.0,352.899994,1358900.0,67.82,70800.0,29.83,645900.0,35.349998,1369500.0,299.27999900000003,45736600.0,58.380001,2481400.0,27.440001000000002,69200.0,108.459999,3308000.0,35.220001,1137900.0,29.719998999999998,797900.0,30.85,964000.0,40.080002,215700.0,30.01,887800.0
2019-10-18,9.5,264300.0,140.46000700000002,6416100.0,46.043999,700.0,16.41,15861600.0,30.0,9600.0,20.07,2305900.0,11.22,19961000.0,352.619995,863900.0,67.510002,21100.0,29.799999,445500.0,35.240002000000004,1386800.0,297.97000099999997,64304000.0,58.27,1447700.0,27.549999,75600.0,108.470001,2324900.0,35.259997999999996,460000.0,29.799999,47500.0,30.860001,474700.0,40.080002,169100.0,30.030001000000002,220000.0
2019-10-21,9.5,148700.0,139.78999299999998,8306200.0,45.626999,1000.0,16.41,17748700.0,29.83,4200.0,19.41,4805100.0,11.21,17579600.0,354.559998,998700.0,68.07,33500.0,30.0,448700.0,35.459998999999996,290300.0,299.98999,39048600.0,58.150002,1001900.0,27.5,67000.0,108.529999,3322200.0,35.209998999999996,662900.0,29.690001000000002,216300.0,30.85,393200.0,39.77,323900.0,30.01,270000.0
2019-10-22,9.63,131800.0,140.199997,3879700.0,45.625999,2500.0,16.370001000000002,12066000.0,29.91,2700.0,19.370001000000002,2144500.0,11.34,22071800.0,354.48999,572800.0,68.239998,31100.0,29.940001000000002,657800.0,35.540001000000004,386600.0,299.01001,48594700.0,58.290001000000004,1114200.0,27.620001000000002,103500.0,108.559998,3766400.0,35.25,690700.0,29.77,70800.0,30.84,631900.0,40.009997999999996,272000.0,30.02,374100.0
2019-10-23,9.88,130700.0,140.529999,4155300.0,45.735001000000004,3700.0,16.389999,8500100.0,30.75,8600.0,19.23,2174300.0,11.65,25746300.0,354.859985,436900.0,68.5,273000.0,30.059998999999998,1967400.0,35.48,343100.0,299.880005,34352200.0,58.330002,1053300.0,27.700001,120700.0,108.660004,3211300.0,35.25,796000.0,29.83,215800.0,30.85,774800.0,40.060001,445300.0,30.02,373400.0
2019-10-24,9.95,195000.0,141.529999,6174800.0,45.529999,1100.0,16.65,14917400.0,31.0,13000.0,19.5,2346000.0,11.73,16134800.0,354.940002,530800.0,68.360001,29000.0,30.120001000000002,655400.0,35.599998,382600.0,300.369995,35453100.0,58.400002,1212600.0,27.690001000000002,104500.0,108.75,7003400.0,35.290001000000004,786600.0,29.879998999999998,172400.0,30.870001000000002,614500.0,39.990002000000004,226900.0,30.030001000000002,334800.0
2019-10-25,10.02,339800.0,141.860001,6011500.0,45.349998,1100.0,16.889999,25824800.0,31.139999,8900.0,19.48,1638200.0,11.83,16512800.0,356.75,588200.0,68.75,24800.0,30.15,502900.0,35.830002,342000.0,301.600006,45205400.0,58.27,1571500.0,27.74,58100.0,108.860001,5441000.0,35.240002000000004,632800.0,29.809998999999998,432600.0,30.85,568400.0,39.790001000000004,345100.0,30.0,430400.0
2019-10-28,9.88,490500.0,140.639999,5441600.0,45.130001,1000.0,16.68,13873300.0,31.23,8900.0,20.26,4848100.0,11.65,18973100.0,358.880005,607700.0,69.400002,54400.0,30.290001,600800.0,35.970001,1444300.0,303.299988,42147000.0,58.119999,1302500.0,27.790001,110700.0,108.940002,2961500.0,35.200001,748100.0,29.700001,233400.0,30.84,568100.0,39.459998999999996,773000.0,29.99,159600.0
2019-10-29,9.85,288700.0,140.25,3835100.0,45.130001,900.0,16.65,13722400.0,31.33,8300.0,20.74,6860500.0,11.58,17586000.0,359.829987,718400.0,69.660004,38400.0,30.25,551400.0,35.82,468300.0,303.209991,44284900.0,58.16,1051700.0,27.719998999999998,63900.0,108.699997,2886600.0,35.189999,451200.0,29.58,122700.0,30.83,1012000.0,39.490002000000004,207300.0,30.0,277200.0
2019-10-30,9.7,281900.0,141.020004,6992900.0,45.271,100.0,16.73,15563700.0,30.74,7100.0,21.25,4955000.0,11.47,23960800.0,358.790009,751200.0,69.309998,24300.0,30.389999,746000.0,35.98,190300.0,304.140015,49643900.0,58.279999,1002700.0,27.77,1240100.0,108.559998,5095600.0,35.23,514900.0,29.76,187400.0,30.870001000000002,677500.0,40.040001000000004,245700.0,30.02,339000.0
2019-10-31,9.58,87900.0,142.429993,7050900.0,45.231998,900.0,16.92,15539200.0,30.42,11400.0,20.809998999999998,4806800.0,11.3,22113000.0,356.230011,807700.0,68.550003,37300.0,30.299999,694500.0,35.689999,614000.0,303.329987,69053800.0,58.490002000000004,1566800.0,27.76,135400.0,108.190002,10742700.0,35.369999,1265200.0,30.030001000000002,122200.0,30.889999,1003600.0,40.540001000000004,485700.0,30.07,580500.0
2019-11-01,9.92,91900.0,142.559998,8090000.0,45.395,1000.0,16.92,13063200.0,31.540001,15000.0,21.35,4612700.0,11.69,26235800.0,361.350006,915000.0,69.639999,39300.0,30.559998999999998,1390800.0,36.200001,473400.0,306.140015,71141500.0,58.32,1789300.0,27.77,146700.0,108.239998,6939400.0,35.290001000000004,1088100.0,29.969998999999998,1062800.0,30.809998999999998,1985100.0,40.349998,803500.0,29.99,781900.0
2019-11-04,10.01,151200.0,142.149994,4740300.0,45.119999,400.0,16.85,12990100.0,31.77,16000.0,22.27,5274800.0,11.81,24344400.0,363.350006,826600.0,70.269997,262100.0,30.74,2262000.0,36.48,1534400.0,307.369995,60606900.0,58.169998,2047400.0,27.690001000000002,201000.0,108.410004,5326100.0,35.209998999999996,1112000.0,29.73,217200.0,30.799999,1137700.0,39.830002,423700.0,29.98,244600.0
2019-11-05,10.09,346900.0,139.850006,11782300.0,45.095001,500.0,16.440001000000002,22623300.0,31.889999,6900.0,22.690001000000002,3641800.0,11.93,16771100.0,364.230011,925400.0,70.32,333600.0,30.719998999999998,1052300.0,36.68,425400.0,307.02999900000003,42933200.0,58.07,1446200.0,27.74,357300.0,108.32,7222200.0,35.099998,839800.0,29.49,273400.0,30.790001,864600.0,39.41,1247100.0,29.959999,540500.0
2019-11-06,9.96,308000.0,140.449997,6416500.0,44.884997999999996,800.0,16.469998999999998,11238000.0,31.030001000000002,8300.0,22.35,2872500.0,11.81,34027100.0,362.700012,1162600.0,69.980003,34900.0,30.709999,1550100.0,36.580002,1321100.0,307.100006,46487100.0,58.119999,1692100.0,27.65,181200.0,108.150002,4547100.0,35.209998999999996,1062700.0,29.690001000000002,259200.0,30.809998999999998,1499300.0,39.619999,2947400.0,29.98,488200.0
2019-11-07,10.02,487700.0,138.270004,15214200.0,44.759997999999996,1300.0,16.0,31701700.0,31.18,2600.0,22.049999,6178100.0,11.88,26066800.0,363.170013,1344100.0,70.160004,132200.0,30.799999,1139700.0,36.84,438500.0,308.179993,54272300.0,57.810001,1928300.0,27.540001,127200.0,108.129997,6431300.0,35.110001000000004,1066800.0,29.389999,642500.0,30.780001000000002,579100.0,38.950001,804300.0,29.940001000000002,245800.0
2019-11-08,10.12,112100.0,137.389999,10377400.0,44.674,700.0,15.7,20152000.0,31.17,15400.0,22.049999,2570500.0,11.99,24063200.0,364.22000099999997,738700.0,70.279999,25100.0,30.76,464800.0,36.490002000000004,424300.0,308.940002,49032100.0,57.82,1491000.0,27.49,137500.0,108.199997,2706100.0,35.060001,355700.0,29.299999,77700.0,30.799999,767800.0,38.759997999999996,498600.0,29.93,319800.0
2019-11-11,10.05,170400.0,137.059998,7037300.0,44.235001000000004,1700.0,15.75,14980600.0,30.75,1600.0,20.83,4711400.0,11.89,17791800.0,363.480011,944100.0,69.989998,23500.0,30.75,301700.0,36.310001,378400.0,308.350006,35797300.0,57.82,948700.0,27.459999,101100.0,108.110001,1778300.0,35.07,398500.0,29.33,109200.0,30.790001,414300.0,38.810001,159500.0,29.940001000000002,217800.0
2019-11-12,10.06,348500.0,137.429993,6448600.0,44.674999,1300.0,15.72,13814100.0,30.77,2300.0,20.73,3038600.0,11.87,17394400.0,362.850006,1311100.0,70.029999,56900.0,30.75,2205800.0,35.950001,2428100.0,309.0,46484600.0,57.82,831600.0,27.290001,199500.0,108.150002,3315200.0,35.09,6425700.0,29.360001,145100.0,30.809998999999998,639500.0,38.970001,4600300.0,29.950001,234000.0
2019-11-13,10.13,2086700.0,137.979996,8776000.0,44.375,5500.0,15.83,12072600.0,31.27,2200.0,21.059998999999998,3262200.0,11.96,22444800.0,362.130005,1571300.0,69.629997,58800.0,30.65,2000500.0,35.799999,1322500.0,309.100006,53917700.0,57.950001,1369600.0,27.219998999999998,110100.0,108.029999,2929300.0,35.139998999999996,744900.0,29.459999,345800.0,30.83,716600.0,39.189999,347000.0,29.969998999999998,205800.0
2019-11-14,10.07,137700.0,138.559998,5220500.0,44.365002000000004,500.0,15.9,9138200.0,30.91,4200.0,20.83,3171900.0,11.91,20375700.0,362.98999,1128100.0,69.529999,35300.0,30.6,1101300.0,35.759997999999996,380300.0,309.549988,51219900.0,58.07,1619300.0,27.24,2722600.0,107.959999,3280100.0,35.209998999999996,1985300.0,29.709999,572300.0,30.84,984300.0,39.610001000000004,322600.0,30.0,954000.0
2019-11-15,10.2,205600.0,138.21000700000002,10106700.0,44.365002000000004,0.0,15.85,9714200.0,31.16,4800.0,21.030001000000002,2463400.0,12.08,17641400.0,364.809998,773400.0,69.82,32600.0,30.790001,796400.0,36.029999,713700.0,311.790009,62023600.0,58.049999,1165200.0,27.370001000000002,90700.0,108.190002,3145500.0,35.18,1404700.0,29.700001,1171100.0,30.84,645900.0,39.540001000000004,1007200.0,29.99,305100.0
2019-11-18,10.05,218000.0,138.619995,5717900.0,43.904999,200.0,15.92,7973100.0,30.84,4300.0,20.1,4596700.0,11.9,25071700.0,364.190002,853700.0,69.589996,24500.0,30.809998999999998,517300.0,35.939999,616600.0,312.019989,49228000.0,58.029999,1813300.0,27.360001,166800.0,108.089996,2035300.0,35.220001,5525600.0,29.780001000000002,801300.0,30.84,766700.0,39.650002,909400.0,30.0,315100.0
2019-11-19,9.79,187300.0,138.690002,4824400.0,44.165001000000004,100.0,16.02,8924100.0,30.540001,5900.0,19.75,4815100.0,11.57,28831500.0,364.97000099999997,520400.0,69.690002,30400.0,30.77,733800.0,36.09,425300.0,311.929993,67804700.0,58.080002,1789200.0,27.33,1299000.0,107.739998,3677000.0,35.25,606500.0,29.92,629400.0,30.85,572400.0,39.950001,569200.0,30.0,152600.0
2019-11-20,10.07,191500.0,138.759995,6892100.0,44.165001000000004,0.0,16.040001,11728200.0,31.549999,14300.0,20.059998999999998,2784700.0,11.9,38347100.0,363.820007,701400.0,69.260002,34500.0,30.59,675500.0,36.02,592000.0,310.769989,79406200.0,58.18,1261000.0,27.290001,241600.0,107.57,5564300.0,35.290001000000004,590100.0,30.040001,404200.0,30.870001000000002,874400.0,40.400002,188900.0,30.02,470200.0
2019-11-21,10.3,287500.0,138.0,4197200.0,43.825001,5400.0,15.99,8195400.0,32.32,17800.0,20.18,3858600.0,12.2,26991000.0,361.230011,821500.0,68.910004,27700.0,30.559998999999998,498000.0,36.049999,414500.0,310.269989,54664700.0,58.09,3131000.0,27.280001000000002,91800.0,107.57,5716400.0,35.240002000000004,562200.0,29.889999,206200.0,30.85,541100.0,40.139998999999996,202100.0,30.01,504100.0
2019-11-22,10.24,365800.0,137.740005,3620300.0,43.825001,0.0,15.9,7817900.0,31.969998999999998,17400.0,20.73,4033600.0,12.11,17898300.0,362.109985,783900.0,69.129997,21600.0,30.629998999999998,5766400.0,35.98,1917700.0,310.959991,44850200.0,58.169998,3883300.0,27.26,92100.0,107.91999799999999,4277900.0,35.259997999999996,486700.0,29.99,588000.0,30.84,644700.0,40.139998999999996,484100.0,29.99,1063100.0
2019-11-25,10.24,136900.0,137.080002,6415800.0,44.205002,400.0,15.78,8820900.0,31.98,5100.0,19.83,6092800.0,12.11,18793500.0,366.609985,946300.0,70.839996,32500.0,30.860001,408800.0,36.240002000000004,344400.0,313.369995,48647200.0,58.18,1462500.0,27.209999,102700.0,108.220001,6408100.0,35.299999,1237200.0,30.15,347400.0,30.85,662800.0,40.27,152700.0,30.0,376900.0
2019-11-26,10.33,52200.0,137.740005,4724400.0,43.935001,1000.0,15.99,11241900.0,32.52,9700.0,19.440001000000002,6754100.0,12.19,16453400.0,367.980011,811700.0,70.790001,19400.0,30.879998999999998,553400.0,36.130001,1040400.0,314.079987,37569000.0,58.259997999999996,1557600.0,27.200001,165500.0,108.389999,4894700.0,35.32,1408600.0,30.280001000000002,239200.0,30.85,998500.0,40.5,522200.0,30.01,266900.0
2019-11-27,10.29,290300.0,137.009995,4111000.0,43.595001,2700.0,15.84,14422300.0,32.080002,9900.0,19.200001,4794700.0,12.14,15076800.0,370.51001,722300.0,71.099998,19000.0,30.93,379000.0,36.23,587500.0,315.480011,44444600.0,58.259997999999996,1265700.0,27.139999,124200.0,108.550003,3474400.0,35.330002,463900.0,30.299999,175800.0,30.85,629700.0,40.369999,253700.0,29.98,609100.0
2019-11-29,9.85,176700.0,137.860001,4516400.0,44.119999,600.0,15.92,6371700.0,30.65,18600.0,17.83,7683900.0,11.62,26762300.0,366.640015,785700.0,70.629997,11700.0,30.719998999999998,257500.0,35.830002,627200.0,314.309998,36592700.0,58.16,920900.0,27.17,72800.0,108.339996,5548300.0,35.330002,3097800.0,30.219998999999998,132500.0,30.85,1202500.0,40.279999,767700.0,29.99,137900.0
2019-12-02,9.92,227500.0,137.78999299999998,8274700.0,43.994999,5400.0,15.8,9176400.0,30.049999,21100.0,17.959999,5558000.0,11.67,13929500.0,364.149994,788400.0,69.83000200000001,36700.0,30.530001000000002,1325400.0,35.77,583600.0,311.640015,75767800.0,57.959998999999996,1842000.0,27.07,105800.0,107.760002,7956600.0,35.18,899800.0,29.85,361300.0,30.780001000000002,667900.0,39.73,555400.0,29.950001,560300.0
2019-12-03,9.98,272600.0,139.110001,8481700.0,43.800999,1600.0,16.049999,13075000.0,30.01,6900.0,18.68,9057700.0,11.76,23235700.0,362.089996,983300.0,69.529999,77300.0,30.440001000000002,991800.0,35.639998999999996,526800.0,309.549988,73941700.0,58.139998999999996,1681000.0,27.09,218800.0,107.66999799999999,5832100.0,35.330002,2783100.0,30.24,356800.0,30.83,718800.0,40.5,626300.0,29.99,591000.0
2019-12-04,10.33,279500.0,138.919998,6322300.0,43.790001000000004,900.0,15.76,15133700.0,30.690001000000002,6600.0,18.51,4929700.0,12.19,29362700.0,365.079987,965800.0,70.110001,40700.0,30.700001,446100.0,35.959998999999996,289700.0,311.459991,49080000.0,58.060001,2354900.0,27.15,196800.0,108.010002,3382800.0,35.279999,743400.0,30.139999,519000.0,30.84,921700.0,40.110001000000004,399600.0,29.959999,487400.0
2019-12-05,10.34,360700.0,139.0,5671500.0,43.764998999999996,2000.0,15.85,9086900.0,31.02,5100.0,18.52,4476700.0,12.19,23796600.0,365.609985,720200.0,70.290001,33500.0,30.65,481000.0,36.099998,389900.0,312.019989,40709000.0,57.900002,1438300.0,27.23,157600.0,108.110001,5643900.0,35.259997999999996,453400.0,30.1,127000.0,30.799999,1284600.0,39.959998999999996,502400.0,29.959999,476400.0
2019-12-06,10.43,247400.0,137.619995,8714500.0,43.77,2600.0,15.48,19251900.0,31.42,16100.0,18.030001000000002,5200100.0,12.32,21012500.0,369.209991,981800.0,71.279999,71800.0,30.940001000000002,540900.0,36.32,627600.0,314.869995,48927000.0,57.93,1386000.0,27.27,122200.0,108.260002,3434200.0,35.209998999999996,999200.0,30.1,448500.0,30.799999,622900.0,39.720001,982200.0,29.950001,438700.0
2019-12-09,10.43,308200.0,137.580002,2711600.0,43.849998,1300.0,15.5,6661200.0,31.610001,4900.0,17.299999,9113400.0,12.33,12696800.0,367.51001,432000.0,71.139999,33900.0,30.799999,550500.0,36.189999,1012000.0,313.880005,34838500.0,57.990002000000004,1450400.0,27.32,93200.0,108.279999,4112700.0,35.25,658900.0,30.1,134600.0,30.790001,2127700.0,39.799999,162900.0,29.950001,187300.0
2019-12-10,10.49,156400.0,137.970001,3240800.0,43.970001,1800.0,15.57,5864300.0,31.66,2500.0,17.370001000000002,3921800.0,12.39,10273500.0,367.299988,634100.0,71.029999,23000.0,30.82,898100.0,36.279999,1382600.0,313.52999900000003,52649800.0,58.0,1418500.0,27.32,120100.0,108.559998,5871200.0,35.209998999999996,1286500.0,30.08,567100.0,30.799999,1624700.0,39.82,267100.0,29.940001000000002,307700.0
2019-12-11,10.4,219800.0,138.919998,6097500.0,43.549999,300.0,15.75,12812500.0,31.200001,19400.0,17.219998999999998,4057700.0,12.3,15346600.0,367.899994,476200.0,71.110001,45200.0,30.98,594100.0,36.709998999999996,747600.0,314.420013,53429100.0,58.099998,1472800.0,27.48,110500.0,108.800003,3168600.0,35.279999,1670500.0,30.280001000000002,297500.0,30.799999,836600.0,40.099998,289200.0,29.959999,623000.0
2019-12-12,10.49,169200.0,138.429993,8815100.0,44.196999,500.0,15.85,15770000.0,31.290001,12200.0,17.92,5230400.0,12.37,22300000.0,371.859985,2638900.0,71.839996,34800.0,31.209999,757400.0,37.259997999999996,957500.0,317.130005,96389600.0,57.959998999999996,1595900.0,27.559998999999998,136400.0,109.07,7141800.0,35.189999,1134700.0,30.09,864900.0,30.780001000000002,624200.0,39.459998999999996,371200.0,29.93,551400.0
2019-12-13,10.56,419400.0,139.050003,6964300.0,44.52,2200.0,15.84,11151500.0,31.709999,6600.0,17.68,3554500.0,12.49,17101100.0,369.839996,2564700.0,71.400002,27900.0,31.360001,618300.0,37.209998999999996,1467300.0,317.320007,81503900.0,58.099998,1499000.0,27.620001000000002,248900.0,109.16999799999999,3485000.0,35.310001,389700.0,30.35,511900.0,30.83,871400.0,39.93,594100.0,29.969998999999998,362400.0
2019-12-16,10.67,196600.0,139.03999299999998,4646100.0,45.439999,9000.0,15.91,9578700.0,31.83,10800.0,18.030001000000002,3395100.0,12.59,6413300.0,372.089996,1187600.0,71.809998,59700.0,31.66,458400.0,37.509997999999996,524300.0,319.5,82749700.0,58.07,1893500.0,27.73,309900.0,109.41999799999999,5543000.0,35.290001000000004,1124200.0,30.25,361800.0,30.809998999999998,1024600.0,39.57,265600.0,29.950001,334900.0
2019-12-17,10.76,104800.0,139.009995,4287500.0,45.744999,1700.0,15.88,5861100.0,32.209998999999996,12800.0,17.790001,2533200.0,12.72,11952600.0,373.380005,973800.0,72.360001,48600.0,31.58,695500.0,37.75,775200.0,319.570007,61097700.0,58.09,1480200.0,27.690001000000002,162100.0,109.75,8310800.0,35.27,1016400.0,30.219998999999998,382400.0,30.83,536500.0,39.509997999999996,262400.0,29.959999,313100.0
2019-12-18,10.79,210300.0,139.020004,3607600.0,45.490002000000004,3000.0,15.9,4444100.0,32.310001,10600.0,17.530001000000002,3362300.0,12.74,11866700.0,373.549988,1212200.0,72.629997,40600.0,31.530001000000002,560400.0,37.970001,667900.0,319.589996,48133000.0,58.040001000000004,1923600.0,27.68,195000.0,109.949997,6949300.0,35.259997999999996,1272600.0,30.1,393800.0,30.83,1257300.0,39.200001,395700.0,29.959999,348600.0
2019-12-19,10.83,192600.0,139.380005,4975000.0,45.375,500.0,15.94,8032800.0,32.66,27100.0,17.6,5440000.0,12.78,7676600.0,375.190002,662300.0,72.75,400200.0,31.52,1079600.0,37.970001,739400.0,320.899994,85310500.0,57.919998,1659100.0,27.709999,283600.0,109.949997,4793400.0,35.299999,2743200.0,30.200001,131700.0,30.85,772600.0,39.259997999999996,785300.0,29.969998999999998,290700.0
2019-12-20,10.72,108900.0,139.520004,4463900.0,45.445,400.0,16.040001,11676700.0,32.540001000000004,9100.0,17.84,3250300.0,12.63,11434700.0,375.559998,673900.0,72.82,37400.0,31.6,7997400.0,38.029999,6236100.0,320.730011,147142100.0,57.970001,1810000.0,27.59,159000.0,109.279999,6365200.0,35.209998999999996,5728300.0,30.139999,200300.0,30.77,1572300.0,39.240002000000004,544400.0,29.92,1207500.0
2019-12-23,10.62,356900.0,139.949997,5180900.0,45.48,3200.0,16.280001000000002,12807100.0,32.75,25400.0,17.17,3937900.0,12.7,7452800.0,375.23999,691800.0,72.550003,135300.0,31.23,1231900.0,37.32,601900.0,321.22000099999997,52990000.0,56.639998999999996,1640800.0,27.6,114100.0,109.339996,2285800.0,35.200001,771400.0,30.129998999999998,271400.0,30.77,1126400.0,39.16,419900.0,29.91,497000.0
2019-12-24,10.66,47400.0,141.270004,5303700.0,45.549,1600.0,16.58,11735300.0,32.950001,14400.0,17.02,3286000.0,12.77,3453900.0,375.26001,332300.0,72.720001,28800.0,31.219998999999998,377700.0,37.360001000000004,268400.0,321.230011,20270000.0,56.669998,1858200.0,27.66,142300.0,109.43,661400.0,35.23,298100.0,30.18,765600.0,30.780001000000002,289200.0,39.290001000000004,164100.0,29.92,117900.0
2019-12-26,10.76,216200.0,142.380005,8342500.0,45.790001000000004,900.0,16.73,16455000.0,33.48,55000.0,17.49,4266700.0,12.89,7053500.0,376.089996,387500.0,72.709999,47500.0,31.34,663500.0,37.59,486900.0,322.940002,30911200.0,56.709998999999996,1704200.0,27.74,89800.0,109.599998,1866100.0,35.25,373500.0,30.25,172400.0,30.790001,653900.0,39.389998999999996,242300.0,29.92,205300.0
2019-12-27,10.77,228700.0,142.330002,5119900.0,45.965,2500.0,16.58,12694400.0,33.279999,44600.0,17.34,8356600.0,12.91,9103900.0,375.359985,383600.0,72.309998,37100.0,31.42,776600.0,37.66,1021800.0,322.859985,42528800.0,56.709998999999996,3346200.0,27.790001,204700.0,109.550003,1269100.0,35.310001,691600.0,30.309998999999998,206000.0,30.809998999999998,600800.0,39.419998,155700.0,29.950001,334600.0
2019-12-30,10.76,150200.0,142.630005,4810600.0,46.014998999999996,4300.0,16.74,10850400.0,32.98,13400.0,16.9,5226200.0,12.89,8971700.0,375.01001,701800.0,72.290001,50100.0,31.200001,774300.0,37.509997999999996,1219600.0,321.079987,49729100.0,56.599998,3503300.0,27.84,138400.0,109.459999,4324700.0,35.32,911700.0,30.299999,232700.0,30.809998999999998,1029200.0,39.310001,523900.0,29.950001,523800.0
2019-12-31,10.67,134700.0,142.899994,5313500.0,46.150002,2200.0,16.68,11183800.0,32.360001000000004,40300.0,16.860001,4100200.0,12.81,11605300.0,375.380005,760500.0,72.449997,67800.0,31.35,1177200.0,37.59,1093900.0,321.859985,57077300.0,56.580002,1717300.0,27.91,201900.0,109.540001,4824800.0,35.310001,599300.0,30.110001,190000.0,30.84,1104300.0,38.869999,2700300.0,29.959999,997100.0
2020-01-02,10.69,146400.0,143.949997,7733800.0,46.375,2400.0,16.809998999999998,13485100.0,32.529999,2800.0,16.469998999999998,6497200.0,12.81,12509100.0,375.929993,1019200.0,72.510002,68500.0,31.6,2842900.0,38.369999,2186100.0,324.869995,59151200.0,56.73,2593500.0,27.940001000000002,243500.0,109.980003,5336600.0,35.310001,968900.0,30.25,523900.0,30.84,874600.0,39.349998,1525600.0,29.969998999999998,555600.0
2020-01-03,11.01,394600.0,145.860001,12272800.0,45.75,6900.0,16.84,13524500.0,33.439999,15300.0,16.389999,4290700.0,13.18,34603600.0,373.97000099999997,930900.0,72.5,74300.0,31.25,1369200.0,37.740002000000004,1734800.0,322.410004,77709700.0,56.889998999999996,1683000.0,27.85,222400.0,109.900002,4804500.0,35.41,844700.0,30.389999,343400.0,30.860001,852300.0,39.93,935800.0,30.0,630600.0
2020-01-06,10.99,522500.0,147.389999,14403300.0,45.68,500.0,16.940001000000002,18059200.0,33.330002,13100.0,16.59,4673000.0,13.16,20787300.0,373.959991,1239600.0,72.360001,53300.0,31.379998999999998,1065600.0,37.66,943200.0,323.640015,55653900.0,56.849998,2892200.0,27.809998999999998,194500.0,109.83000200000001,4226400.0,35.389998999999996,1355900.0,30.290001,162400.0,30.860001,1320200.0,39.709998999999996,1039300.0,29.98,230700.0
2020-01-07,10.96,462600.0,147.970001,7978500.0,45.618999,1700.0,17.17,15375800.0,32.860001000000004,52900.0,16.620001000000002,3647300.0,13.13,13936600.0,372.929993,624000.0,72.019997,44700.0,31.290001,1123700.0,37.610001000000004,724700.0,322.730011,40496400.0,56.810001,1831900.0,27.780001000000002,121600.0,109.75,3863800.0,35.369999,1520500.0,30.1,933700.0,30.84,1804900.0,39.540001000000004,347100.0,29.99,361100.0
2020-01-08,10.56,664000.0,146.860001,22248500.0,45.84,1400.0,16.93,29922400.0,31.91,45400.0,16.629998999999998,3598400.0,12.66,55347400.0,373.600006,888500.0,72.220001,43400.0,31.34,1097400.0,37.75,590300.0,324.450012,68296000.0,56.700001,1661000.0,27.85,214000.0,109.839996,5670300.0,35.330002,1418100.0,30.030001000000002,800500.0,30.85,668200.0,39.27,634500.0,29.959999,360200.0
2020-01-09,10.46,516500.0,146.029999,10292300.0,45.900002,300.0,16.719998999999998,14782900.0,31.65,5900.0,16.67,3419100.0,12.49,27515600.0,374.679993,457600.0,72.139999,210900.0,31.43,1125100.0,38.040001000000004,477600.0,326.649994,48473300.0,56.709998999999996,1593700.0,27.860001,183900.0,110.089996,2654600.0,35.380001,1357800.0,30.25,164200.0,30.860001,1890100.0,39.389998999999996,429800.0,29.98,452800.0
2020-01-10,10.38,192600.0,146.91000400000001,6183300.0,46.095001,2100.0,16.889999,9397800.0,31.73,3900.0,17.040001,4559700.0,12.41,16134000.0,373.52999900000003,484900.0,71.75,68600.0,31.35,4401800.0,38.150002,1655800.0,325.709991,53029300.0,56.810001,4036400.0,27.9,162600.0,110.129997,4471300.0,35.400002,1591000.0,30.43,320200.0,30.870001000000002,1103300.0,39.73,842500.0,29.98,431400.0
2020-01-13,10.21,316300.0,145.820007,7593800.0,46.084998999999996,700.0,16.780001000000002,10629200.0,31.719998999999998,24500.0,16.940001000000002,3948000.0,12.2,22868200.0,376.429993,823600.0,72.379997,63900.0,31.540001,1251000.0,38.650002,1252900.0,327.950012,47086800.0,56.689999,2604500.0,27.91,110000.0,110.16999799999999,4066500.0,35.400002,939900.0,30.280001000000002,660200.0,30.860001,1364500.0,39.619999,659000.0,29.98,374800.0
2020-01-14,10.26,296800.0,145.690002,6589700.0,46.294998,1400.0,16.620001000000002,12168600.0,31.68,3700.0,16.85,4833900.0,12.28,18693700.0,377.519989,640000.0,72.639999,65400.0,31.57,866300.0,38.450001,2634000.0,327.450012,62832800.0,56.720001,4691100.0,27.92,128500.0,110.120003,5061000.0,35.400002,1541900.0,30.34,321300.0,30.860001,1022400.0,39.810001,376600.0,29.98,251000.0
2020-01-15,10.18,378800.0,146.53999299999998,6510000.0,46.043999,300.0,16.809998999999998,10948900.0,31.469998999999998,16200.0,16.43,4943100.0,12.18,15054100.0,378.02999900000003,776500.0,72.879997,53800.0,31.530001000000002,765000.0,38.200001,2216000.0,328.190002,72056600.0,56.84,2981100.0,27.91,138100.0,110.16999799999999,4838400.0,35.439999,1424000.0,30.52,262900.0,30.85,1201800.0,40.09,857100.0,29.99,808700.0
2020-01-16,10.27,129100.0,146.309998,6069100.0,45.259997999999996,3400.0,16.77,8376500.0,31.67,2400.0,16.08,5932000.0,12.29,15686500.0,382.23999,1326500.0,73.900002,42900.0,31.690001000000002,687700.0,38.43,833400.0,330.920013,54050300.0,56.84,2220100.0,27.879998999999998,172400.0,110.239998,3355600.0,35.450001,2353300.0,30.5,686500.0,30.879998999999998,2470800.0,39.939999,708100.0,29.99,373500.0
2020-01-17,10.32,134300.0,146.580002,11121100.0,46.070999,1900.0,16.82,12339200.0,31.43,6500.0,15.54,10309300.0,12.33,17766100.0,381.450012,476200.0,73.83000200000001,44300.0,31.780001000000002,824300.0,38.57,1144400.0,331.950012,95846000.0,56.810001,3545800.0,27.9,820300.0,110.16999799999999,4095800.0,35.43,909400.0,30.540001,1377300.0,30.860001,1039400.0,39.639998999999996,879300.0,29.98,575000.0
2020-01-21,10.23,103000.0,146.740005,6086100.0,46.064999,4400.0,16.639999,13645100.0,31.27,5000.0,14.87,9252100.0,12.24,13677100.0,379.339996,578200.0,73.139999,40000.0,31.540001,811700.0,37.650002,1153100.0,331.299988,77742400.0,56.939999,2117000.0,27.799999,236300.0,109.910004,4318100.0,35.52,920700.0,30.76,207400.0,30.91,3500000.0,40.049999,328900.0,30.02,416500.0
2020-01-22,9.96,195900.0,146.78999299999998,4778200.0,45.900002,7200.0,16.66,7441800.0,30.219998999999998,13900.0,14.91,3642300.0,11.9,25571700.0,379.070007,519800.0,73.059998,38900.0,31.6,956000.0,37.869999,1120700.0,331.339996,48914900.0,57.0,4492300.0,27.91,182500.0,110.08000200000001,3666500.0,35.549999,760900.0,30.85,152900.0,30.91,2090900.0,40.189999,930200.0,30.02,263700.0
2020-01-23,9.76,322000.0,147.119995,8419800.0,46.051998,2700.0,16.610001,10803400.0,29.799999,11900.0,14.94,3818100.0,11.66,30868200.0,379.920013,646000.0,73.260002,41100.0,31.540001,1451600.0,37.619999,1546900.0,331.72000099999997,51963000.0,57.169998,1689300.0,27.84,246200.0,109.730003,6330100.0,35.57,1928400.0,30.879998999999998,232400.0,30.93,6004800.0,40.439999,601900.0,30.040001,277100.0
2020-01-24,9.56,178600.0,147.979996,9919900.0,45.462002000000005,2100.0,16.91,16075000.0,29.030001000000002,8500.0,14.61,4483000.0,11.43,24408200.0,375.899994,818200.0,72.18,38200.0,31.379998999999998,972100.0,37.310001,1012800.0,328.769989,87578400.0,57.259997999999996,2501200.0,27.889999,194500.0,109.300003,11566600.0,35.580002,1317900.0,30.969998999999998,171200.0,30.93,3143100.0,40.779999,2303400.0,30.049999,5579600.0
