Name,RPI,W875RX1,DPCERA3M086SBEA,CMRMTSPL,INDPRO,IPFPNSS,IPFINAL,IPCONGD,IPDCONGD,IPNCONGD,IPBUSEQ,IPMAT,IPDMAT,IPNMAT,IPMANSICS,IPB51222S,IPFUELS,CUMFNS,CLF16OV,CE16OV,UNRATE,UEMPMEAN,UEMPLT5,UEMP5TO14,UEMP15OV,UEMP15T26,UEMP27OV,PAYEMS,USGOOD,CES1021000001,USCONS,MANEMP,DMANEMP,SRVPRD,USWTRADE,USTRADE,USFIRE,USGOVT,CES0600000007,AWOTMAN,AWHMAN,HOUST,HOUSTNE,HOUSTMW,HOUSTS,HOUSTW,ISRATIO,M1SL,M2SL,M2REAL,AMBSL,BUSLOANS,REALLN,WPSFD49207,WPSFD49502,WPSID61,WPSID62,MZMSL,DTCOLNVHFNM,DTCTHFNM,INVEST,ism_man_empl,ism_man_neworders,ism_man_pmi,ism_man_prices
9/1/1998,8824.9,7688.4,79.02,853902,128.658,87.684,97.8502,95.9627,91.7561,97.7585,102.055,92.5362,85.5786,102.439,83.9491,88.1437,75.6803,80.648,138075,131765,4.6,14.3,2639,1999,1651,733,918,126247,25219,557.8,5971,18677,11080,101028,6848,22574,7395,19916,40.7,4.5,41.7,1576,135,318,709,414,1.39,1071.3,4297.1,2600.2,515.979,914.5,1286.4,130.4,128.6,122.3,91.4,3793,105549,369487,1174.5,45.7,49.4,48.7,34
10/1/1998,8843,7706.2,79.33,859579,128.289,88.3282,98.4785,96.4415,93.5233,97.6791,102.939,93.2613,86.8089,102.681,84.7483,87.6922,76.0021,80.971,137976,131677,4.6,14.3,2857,1841,1589,699,890,126464,25183,553.1,5987,18631,11053,101281,6865,22598,7410,19966,40.9,4.5,41.8,1695,162,352,820,361,1.39,1078.6,4339.8,2617.3,520.861,943.4,1285.9,130.9,129.2,122.2,93.9,3857.8,107350,371648,1222,45.2,48,48.7,34.7
11/1/1998,8881,7738.9,79.561,864087,131.811,88.0871,98.0413,95.7498,93.0554,96.8887,103.077,93.3844,87.4127,102.554,84.916,82.0659,77.7868,80.7027,138253,132154,4.4,14.6,2468,2038,1630,742,888,126775,25205,548.7,6060,18584,11017,101570,6868,22663,7438,19959,40.8,4.5,41.6,1649,152,324,772,401,1.39,1087.7,4376,2636.3,524.283,950.5,1307,130.8,129.1,122,93.6,3912.9,109014,374215,1225.6,45.3,48.3,48.2,34.5
12/1/1998,8892.9,7746.1,80.191,870844,132.774,88.1457,97.9968,95.5822,93.6985,96.3715,103.504,94.1184,88.7397,102.871,85.368,81.7192,78.8494,80.7204,138547,132526,4.3,14.1,2614,1839,1578,754,824,127156,25272,546.1,6158,18557,10997,101884,6882,22707,7467,20035,41.1,4.5,41.8,1720,158,414,720,428,1.37,1092.6,4412.6,2651.6,526.388,947.8,1321,131.3,129.8,121.3,90.2,3971.1,113501,377026,1236.2,41.9,49.7,46.8,31.9
1/1/1999,8910.9,7751.8,80.082,869050,132.506,88.6901,98.8829,96.6993,93.9593,97.8517,104.064,94.411,88.9737,103.094,85.6232,87.3113,80.6062,80.5652,139347,133396,4.3,13.4,2353,2071,1469,753,716,127347,25255,536.9,6165,18544,10985,102092,6912,22741,7481,20056,40.8,4.5,41.5,1804,152,316,890,446,1.38,1090.1,4436.2,2659.6,531.623,942.6,1324.2,131.7,130.3,121.2,91,4005,113576,377337,1216.6,45.5,52.4,50.6,33.7
2/1/1999,8939.2,7779,80.481,883392,132.593,88.9947,99.3195,96.9527,94.5974,97.9397,105.022,95.1142,89.8987,103.815,86.2735,82.0628,81.3036,80.7904,139271,133144,4.4,13.8,2601,1944,1550,766,784,127610,25268,529.8,6239,18492,10962,102342,6908,22871,7488,20083,40.8,4.5,41.6,1799,209,349,872,369,1.37,1092.1,4446.2,2675.5,538.05,942.4,1331.8,131.2,129.5,120.8,89,4035.4,116088,379472,1207.6,45.8,55,51.7,35.2
3/1/1999,8950.1,7783.7,80.879,881700,132.755,88.8908,99.0573,96.7066,94.055,97.8179,104.811,95.802,90.7679,103.921,86.2191,88.5786,80.6466,80.3675,138816,133033,4.2,13.5,2478,1891,1434,736,697,127678,25182,527.3,6202,18448,10929,102496,6919,22825,7505,20118,40.5,4.5,41.6,1766,150,400,821,395,1.35,1100.7,4456.7,2679.4,539.007,947.4,1332.2,131.5,130,121.1,89.6,4049,116100,381846,1185.6,47.6,55.9,52.4,42.5
4/1/1999,8937,7781.7,81.365,878842,133.966,88.9133,98.9281,96.4577,94.7798,97.1581,105.2,96.2704,91.823,103.898,86.496,87.5548,82.4905,80.2673,139091,133069,4.3,13.1,2788,1867,1446,773,673,127911,25155,521,6204,18420,10917,102756,6934,22897,7524,20137,40.7,4.4,41.7,1574,138,328,702,406,1.36,1107.8,4489.8,2677.8,539.471,954.1,1337.5,132.1,130.8,121.9,91.3,4093.8,118631,383576,1184.1,48.8,54,52.3,47.4
5/1/1999,8960.9,7802.2,81.752,891760,134.126,89.684,99.9482,97.5096,95.8015,98.2231,106.522,96.9041,92.7177,104.188,87.3238,86.3882,82.5693,80.682,139019,133224,4.2,13.4,2467,1816,1523,794,729,128167,25197,515.3,6236,18430,10969,102970,6962,22755,7626,20092,40.8,4.6,41.7,1676,158,355,744,419,1.34,1104.6,4507.1,2688.5,548.275,948.5,1346.2,132.3,131,122.2,96.8,4120.3,117287,391323,1188.2,51.1,57.8,54.3,51.2
6/1/1999,8993.1,7830.2,82.123,892526,134.184,89.1175,99.1164,96.5011,95.2262,97.035,106.146,97.4253,93.6371,104.62,87.0423,87.8204,82.3589,80.0743,139408,133432,4.3,14.5,2529,1736,1668,824,844,128397,25184,511.7,6264,18392,10957,103213,6982,22789,7642,20096,40.8,4.7,41.7,1571,159,359,701,352,1.34,1100.4,4522.8,2703.9,549.775,957.1,1353.8,132.4,131.3,122.6,97,4144.5,121128,397370,1199.8,51.3,59.4,55.8,54.2
7/1/1999,9008.9,7845.7,82.303,893827,135.148,89.2909,99.0836,96.0869,95.2734,96.4316,107.146,98.7349,95.8469,103.995,87.4311,89.9738,83.5234,80.0879,139254,133307,4.3,13.6,2680,1766,1505,787,718,128745,25230,513.1,6282,18424,10998,103515,7005,22883,7652,20127,40.8,4.8,41.9,1661,169,297,763,432,1.34,1097.8,4542.3,2708.2,552.967,959.1,1354.6,132.7,131.7,123.4,97.3,4162.1,121359,401509,1218.8,50.4,54.6,53.6,55.5
8/1/1999,9050,7879.9,82.749,901046,135.63,89.9342,100.1,97.4927,97.7241,97.4085,107.343,98.8852,96.1685,104.472,87.9764,89.3481,83.684,80.2364,139264,133411,4.2,13.2,2621,1810,1449,745,704,128905,25153,511.9,6243,18384,10975,103752,7031,22892,7655,20203,40.8,4.6,41.7,1676,172,343,758,403,1.32,1102,4561.8,2712.1,556.697,971.7,1381.8,133.5,132.7,124.1,102.4,4191.5,125910,406497,1237.9,53.1,57.5,54.8,60.6
9/1/1999,9049.1,7879.3,83.135,899820,135.043,89.5622,99.341,96.6588,96.3031,96.8217,106.951,98.7813,95.7948,104.819,87.6629,88.4024,84.7184,79.6009,139386,133550,4.2,12.8,2589,1831,1392,698,694,128911,25141,509.6,6266,18351,10954,103770,7040,22833,7647,20182,41,4.7,41.8,1618,127,371,733,387,1.33,1092.7,4579.7,2710.3,564.087,980.8,1396.5,134.5,134,124.6,106.4,4207.9,122999,410375,1252.1,51.3,63.5,57,65.8
10/1/1999,9112.3,7940,83.28,905502,136.133,90.7334,100.829,98.4465,99.1177,98.1934,107.896,100.068,97.8064,105.676,89.0073,86.9128,85.2974,80.466,139662,133896,4.1,13.2,2471,1853,1427,711,716,129296,25180,510.9,6302,18349,10954,104116,7056,22825,7661,20260,40.9,4.6,41.7,1628,130,378,755,365,1.33,1098.6,4602.3,2716.7,572.948,983.7,1421.1,134.4,133.8,124.9,103.8,4237.2,124077,412327,1247.7,53,61.3,57.2,68.8
11/1/1999,9185.7,8013.9,83.676,911614,139.542,90.7683,100.715,98.3545,98.1482,98.4666,107.949,101.379,99.4268,106.953,89.5795,82.8455,83.6487,80.6268,139827,134085,4.1,12.9,2599,1780,1386,722,664,129545,25246,511.5,6368,18350,10945,104299,7072,22875,7675,20273,41,4.7,41.7,1600,147,356,680,417,1.33,1108.2,4627.2,2726.7,588.497,1003.7,1436.7,134.9,134.4,125.4,109.7,4268.9,125818,415134,1245.2,53.1,63.1,58.1,68.1
12/1/1999,9267.9,8092.5,84.733,916163,140.492,91.5376,101.557,99.3606,98.2678,99.8401,108.698,102.314,100.777,107.08,90.1798,85.0473,84.0145,80.8113,140108,134420,4.1,12.8,2620,1694,1388,693,695,129869,25277,512.3,6385,18363,10959,104592,7082,22952,7690,20322,40.8,4.7,41.7,1712,156,405,801,350,1.32,1125.7,4662.8,2735.4,611.876,1008.7,1472,135.2,134.8,125.8,104.4,4317.3,129246,418351,1267.5,55.7,60.3,57.8,67.4
1/1/2000,9364.8,8185,84.461,921730,141.485,91.408,101.132,98.268,100.281,97.4929,109.974,102.78,102.432,106.06,90.3115,84.3443,81.4957,80.5762,140910,135221,4,13.2,2447,1754,1372,667,705,130292,25406,511.3,6507,18368,10964,104886,7105,23024,7678,20356,40.9,4.6,41.7,1775,150,412,829,384,1.31,1121.7,4683.9,2742.4,604.552,1011.7,1490.1,135.2,134.7,126.4,106.8,4347.1,132467,421056,1261.1,52.8,60.4,56.7,72.4
2/1/2000,9414.8,8233.9,85.277,907816,142.075,91.81,101.711,98.915,100.174,98.4502,110.853,103.132,103.136,105.978,90.4765,88.2238,82.8726,80.3749,141165,135362,4.1,12.5,2603,1864,1277,673,604,130325,25400,512.9,6483,18387,10994,104925,7115,23041,7689,20381,41.1,4.8,41.9,1781,188,454,741,398,1.32,1105,4683.7,2741.9,589.772,1021.7,1504.5,136.6,136.5,127.5,111,4334.6,136610,422437,1251.3,53.6,58.7,55.8,71.6
3/1/2000,9434.6,8254.4,85.767,915931,142.017,91.9835,101.848,98.5513,99.7785,98.1037,112.488,103.801,104.256,106.388,91.0967,80.5328,85.5238,80.5797,140867,135159,4.1,12.8,2824,1719,1295,657,637,130715,25471,512.8,6574,18359,10978,105306,7142,23041,7689,20540,40.9,4.6,41.6,1604,159,320,746,379,1.31,1110.7,4718,2742.8,583.99,1029.6,1519.9,137.3,137.4,128.4,113.2,4386.6,136746,423324,1275.6,51.2,56.2,54.9,78.7
4/1/2000,9479.2,8288.1,85.644,924728,143.683,92.7934,102.916,99.5064,101.071,98.9278,114.311,104.248,105.071,106.557,91.7741,85.1913,83.036,80.8369,141230,135706,3.9,12.4,2455,1868,1250,670,580,131117,25431,516.7,6519,18372,10987,105686,7145,23160,7696,20647,41,4.9,42.1,1663,142,372,714,435,1.32,1115.4,4759.3,2774.4,582.441,1039.2,1541.1,136.9,136.9,128.3,111.3,4418.1,136863,427913,1280.8,53.2,55.4,54.7,71.2
5/1/2000,9507.6,8288.6,86.042,919328,144.159,92.8537,103.359,99.7917,101.075,99.3276,115.35,104.74,105.74,106.115,91.6682,90.2358,83.2201,80.4105,140489,134715,4.1,12.6,2531,1953,1337,677,660,131654,25670,519.7,6663,18469,11103,105984,7047,23136,7607,21012,40.7,4.5,41.4,1592,151,339,728,374,1.32,1104.9,4759.1,2765.8,587.124,1060.3,1562.5,137,136.9,128.2,115.1,4414.9,140410,432485,1301.6,53,51.5,53.2,65.7
6/1/2000,9529.2,8322.7,86.221,925167,144.602,92.8616,103.475,99.8688,100.855,99.5234,115.464,104.973,106.684,105.731,91.8378,89.9892,83.3746,80.2359,140762,135179,4,12.4,2595,1759,1242,593,649,131601,25700,519,6673,18488,11121,105901,7031,23130,7593,20808,40.7,4.6,41.6,1554,141,279,772,362,1.32,1102.2,4776.8,2759.6,586.562,1057,1583.9,138.1,138.4,129.3,124.8,4427.5,143115,440928,1296.8,50.7,50,51.4,62.9
7/1/2000,9574.7,8366.1,86.293,919218,145.319,92.8257,103.25,99.1656,98.328,99.5396,116.11,104.402,106.732,104.403,91.9554,87.7597,82.649,80.0278,140399,134749,4,13.3,2470,1812,1331,654,677,131512,25752,520.4,6674,18538,11154,105760,7060,23161,7596,20554,40.9,4.6,41.7,1512,140,321,658,393,1.33,1103.5,4790.3,2759.6,587.613,1073.9,1598,138.2,138.3,129.6,122.1,4459.9,147952,449083,1303.1,52.5,52,52.5,63.4
8/1/2000,9615,8397.8,86.729,920508,145.681,92.4636,102.894,99.0498,99.2936,98.9969,115.317,104.25,106.177,103.514,91.2993,89.4624,82.7691,79.158,140742,134912,4.1,13,2594,1846,1384,679,705,131491,25677,521.2,6673,18465,11115,105814,7058,23161,7614,20465,40.6,4.5,41.3,1531,145,304,712,370,1.34,1101.8,4827.9,2779,588.066,1082.6,1616.6,137.9,138,129.3,117.6,4510,150521,456248,1314.8,48.8,50,49.9,58.1
9/1/2000,9620.8,8402.9,87.41,928741,145.96,93.0677,103.751,100.136,100.361,100.087,116.39,104.559,106.691,103.551,91.6466,92.2018,84.5304,79.1692,140639,135161,3.9,11.9,2487,1717,1226,602,624,131768,25606,525.8,6705,18365,11045,106162,7065,23189,7622,20462,40.5,4.4,41.2,1530,160,296,671,403,1.33,1094.9,4860.9,2782.8,590.335,1082.3,1627.2,139,139.4,130.3,125.6,4557.4,152007,466633,1326.2,50.6,48.9,49.7,58.4
10/1/2000,9618.6,8399.9,87.379,922569,146.316,92.5223,103.145,99.0274,98.4681,99.2738,116.464,104.175,106.076,103.461,91.3649,90.6038,82.2737,78.6459,140918,135422,3.9,12.4,2497,1703,1320,715,605,131860,25648,528.8,6742,18363,11044,106212,7084,23174,7637,20495,40.7,4.4,41.3,1532,155,320,719,338,1.35,1098.9,4888.8,2788.2,592.721,1081.4,1625.3,139.5,140,130.7,130.2,4585.4,155653,484040,1306.5,48.2,48.4,48.7,57.7
11/1/2000,9610.2,8395.9,87.449,915697,148.602,92.7064,103.441,99.3491,96.2731,100.55,116.325,103.75,105.146,102.424,91.0582,94.9282,83.2905,78.1119,141052,135373,4,12.4,2547,1783,1331,735,596,131894,25656,526.5,6736,18378,11068,106238,7102,23236,7648,20440,40.5,4.3,41.1,1562,139,314,680,429,1.36,1090.7,4886.8,2790.1,595.168,1080.3,1645.8,140.2,140.9,130.7,129.1,4600.4,153188,490228,1303,47.1,49.1,48.5,58.1
12/1/2000,9632.7,8399.1,87.909,922243,147.306,92.6541,103.516,99.727,94.7764,101.63,115.568,103.006,104.238,101.127,90.519,99.3082,81.502,77.3913,141489,135836,4,12.6,2440,1852,1326,675,651,131953,25564,526.3,6725,18301,11027,106389,7091,23238,7664,20468,40,4,40.4,1575,159,255,708,453,1.36,1089.1,4933.3,2806.8,596.332,1088.2,1650.5,140.5,141.2,131.3,141.1,4660.4,149144,495908,1335.1,42.7,42.1,43.9,59.8
1/1/2001,9693,8439.1,87.886,916056,146.997,92.2927,103.01,98.8931,93.1151,101.1,115.281,101.913,103.214,100.787,89.9286,98.3984,82.2739,76.6406,141955,135999,4.2,12.6,2613,1977,1371,731,640,132129,25645,528.3,6861,18239,10961,106484,7080,23283,7689,20468,40.3,4.1,40.9,1651,126,367,743,415,1.37,1102.3,4996.5,2821.8,600.785,1106,1652.5,141.7,142.8,132.1,165.6,4745.2,145506,499626,1358,42.3,38.4,42.3,64.6
2/1/2001,9718.9,8459,87.993,919579,146.001,91.6003,102.377,98.2373,93.0436,100.222,114.496,101.607,102.525,100.569,89.3745,94.1838,83.3521,75.9372,141751,135815,4.2,12.9,2797,1669,1490,793,697,132237,25564,531.8,6891,18122,10903,106673,7071,23287,7692,20539,39.9,3.8,40.6,1647,150,363,758,376,1.37,1101,5042.8,2836.1,606.969,1114.2,1665.7,141.9,143.2,131.8,141.7,4849.8,147899,504435,1353.8,37.8,39.9,42.1,55.6
3/1/2001,9748,8477.4,87.905,908972,146.466,91.439,102.145,98.0692,95.4021,99.1178,113.573,101.008,102.121,98.855,89.0783,92.6102,83.1303,75.4678,141868,135780,4.3,13,2674,1992,1517,814,703,132221,25487,534.8,6893,18042,10841,106734,7069,23304,7706,20585,40.1,3.8,40.7,1613,157,353,700,403,1.37,1111.2,5099.5,2867.4,606.184,1118,1679.1,141.2,142.2,131,132.4,4938.8,149980,507303,1344.9,39.9,41.5,43.1,49.9
4/1/2001,9718.1,8430.2,87.989,902337,144.866,91.1359,101.954,98.4727,95.3982,99.6662,111.317,100.675,101.668,98.7136,88.8254,91.8392,82.6197,75.0506,141757,135354,4.5,12.6,2958,1977,1499,759,740,132027,25336,535,6840,17939,10768,106691,7066,23331,7716,20638,40.1,3.8,40.7,1609,177,280,744,408,1.44,1115.8,5144,2896.1,605.5,1114.1,1685.6,142,143.1,130.9,133,5019,159761,513652,1361.3,38.2,45.5,42.7,48
5/1/2001,9691.9,8399.7,88.381,911571,143.12,90.5852,101.474,98.5093,96.1628,99.4364,109.225,99.8164,100.641,97.7867,88.1279,88.9307,83.6644,74.2751,141272,135103,4.4,12.2,2679,2028,1484,852,632,132453,25325,535.3,6882,17879,10775,107128,7040,23513,7648,20759,40,3.9,40.8,1622,132,344,724,422,1.42,1117.4,5166.9,2883.4,613.137,1103.2,1693.6,142.3,143.6,131.1,130.5,5100.8,161912,515086,1369.2,35.1,44.9,41.3,45.1
6/1/2001,9684.5,8390.9,88.411,897029,142.501,90.1969,101.167,98.3812,95.5861,99.4678,108.083,98.9061,99.4964,96.9882,87.5064,88.0828,84.2256,73.583,141354,134932,4.5,13,2809,2084,1540,804,737,132383,25213,535.4,6879,17769,10697,107170,7024,23549,7639,20790,40,4,40.7,1658,143,346,762,407,1.43,1123.5,5207.7,2897.4,613.644,1080.9,1696.5,141.8,142.8,130.9,119.9,5186.2,159785,525218,1378.8,35.7,47.8,43.2,42.8
7/1/2001,9691,8394.9,88.603,901211,142.849,89.9499,100.812,98.12,96.3137,98.8531,107.261,98.2216,98.6919,96.9666,87.1125,88.624,84.6631,73.1023,141774,135379,4.5,12.5,2612,2150,1587,935,652,132395,25151,536.4,6868,17717,10646,107244,7022,23576,7626,20846,40.2,3.9,40.8,1672,171,316,788,397,1.42,1136,5245.9,2920.1,619.434,1069.1,1705.6,140.1,140.6,129.4,113.3,5243.2,162439,529597,1384.3,37.2,49.2,43.5,39.9
8/1/2001,9688.4,8398.9,89.11,907158,141.499,89.4291,100.156,97.9381,94.8486,99.1364,105.379,98.2505,98.0906,97.2726,86.6616,91.7653,83.377,72.5914,141350,134393,4.9,13.3,3004,2100,1817,982,835,132331,24989,534.5,6878,17545,10532,107342,7017,23570,7623,20920,39.8,4.2,40.7,1527,155,339,666,367,1.42,1143.1,5285,2938.1,627.37,1057.4,1705.6,140.7,141.3,129.1,112.3,5269.6,171176,537597,1418.6,41.3,54.3,46.3,35
9/1/2001,9707.9,8402.3,88.231,888921,140.3,89.0055,99.4072,97.4955,94.2258,98.763,103.604,98.0415,97.4647,97.7906,86.4628,89.15,85.0574,72.3078,142190,135181,4.9,13.1,2764,2361,1884,1089,795,132166,24877,533.8,6859,17449,10460,107289,6990,23530,7635,20989,39.7,3.9,40.5,1574,137,282,732,423,1.45,1178.4,5378.5,2987.1,654.201,1061.3,1713.2,141.3,142.1,129.3,107.2,5414.6,170517,539689,1446,41.5,51.3,46.2,36.6
10/1/2001,9700.4,8367.7,90.358,913843,139.307,88.6385,99.0564,97.6333,92.7993,99.4877,102.027,97.4129,96.0684,97.5238,85.9102,90.3305,86.834,71.744,142303,134562,5.4,13,3165,2570,2062,1174,888,131767,24699,529.8,6832,17301,10349,107068,6965,23441,7633,21027,39.6,3.8,40.4,1552,140,328,744,340,1.39,1157,5400.1,2990.7,644.215,1047.7,1726.6,139,139.4,127.6,97.4,5513.4,184813,545383,1456.3,35.6,38.9,40.8,33.3
11/1/2001,9721.8,8378.9,89.941,909049,137.139,88.2761,98.7591,97.6082,94.6603,98.7552,101.155,96.7313,95.4028,96.7613,85.642,86.1683,86.2248,71.4332,142244,134084,5.7,14.5,3157,2600,2398,1230,1168,131431,24580,527.8,6852,17161,10247,106851,6946,23403,7636,20994,39.8,3.7,40.3,1645,173,382,718,372,1.39,1158.1,5413.2,3016.6,644.536,1036.2,1742.6,138.5,138.7,127,102.7,5588.9,198669,560789,1474.2,36.4,49.1,44.1,32
12/1/2001,9753,8396.9,89.81,911221,136.737,88.4832,98.8521,98.1449,96.9496,98.6249,100.257,96.4589,95.6627,96.0472,85.8879,84.1254,84.2457,71.5656,142314,134055,5.8,14.5,3024,2724,2410,1295,1115,131287,24444,526,6854,17027,10147,106843,6934,23333,7634,21072,39.9,3.9,40.7,1570,144,335,687,404,1.39,1177.4,5447.6,3045.9,648.267,1025.8,1756.2,138,138,126.1,95.5,5660.9,196671,567354,1473.5,39.1,51.4,45.3,33.2
1/1/2002,9780.9,8409.6,90.119,911890,136.518,88.8648,99.3531,98.9636,96.651,99.8842,100.125,97.2353,96.0165,97.4294,86.3292,87.8278,87.5983,71.8739,141390,133468,5.6,14.6,2978,2586,2546,1418,1127,131208,24303,528.1,6793,16948,10071,106905,6925,23427,7636,21058,39.8,3.9,40.5,1678,162,339,800,377,1.38,1181.8,5464.9,3055.6,655.82,1014.5,1759.6,137.7,137.6,125.7,99.8,5678,192893,563984,1477.4,41,55.2,47.5,43.9
2/1/2002,9776.2,8405.6,90.481,913836,137.634,88.5037,99.0421,98.7131,97.0678,99.3762,99.8293,97.7695,96.7603,97.8833,86.3374,88.0625,87.5034,71.8338,142211,134319,5.5,15,2828,2515,2561,1383,1178,131261,24247,523.3,6812,16879,10027,107014,6919,23464,7626,21083,39.9,3.9,40.7,1769,146,363,828,432,1.38,1182.6,5499,3065.3,666.938,1023.2,1769.8,138,138,125.5,98.4,5718.6,197800,570919,1469.6,43.8,60.7,50.7,41.5
3/1/2002,9766.3,8401.2,90.44,910664,138.845,89.1892,99.6709,99.5994,97.8297,100.317,100.076,98.534,97.8483,98.7203,86.9915,91.9361,87.2623,72.3426,142005,133894,5.7,15.4,3078,2411,2688,1355,1333,131268,24166,516.9,6780,16831,9987,107102,6917,23452,7618,21122,39.9,4.2,41.1,1646,164,345,729,408,1.38,1184.5,5496.5,3060.6,666.457,1020.5,1785.8,138.8,139.2,126.4,103.8,5726.4,198441,571135,1482,46.6,63.8,52.4,51.9
4/1/2002,9773.8,8391.7,90.878,917323,139.151,89.1529,99.3786,99.5471,99.2459,99.6746,99.1333,99.6284,99.2395,99.441,87.1517,96.343,88.5718,72.4514,142570,133976,6,16.6,2793,2818,2854,1360,1494,131230,24068,515.5,6695,16812,9987,107162,6910,23475,7634,21121,40,4.3,41,1555,126,276,776,377,1.35,1174,5480.1,3050.9,667.573,1020.5,1789.1,138.7,139.1,127.2,108.1,5714,196634,574855,1500.7,46.6,59.9,52.4,60.3
5/1/2002,9786.4,8403.3,90.542,920840,139.334,89.5718,99.6849,99.7446,99.6539,99.7893,99.6967,100.108,99.706,100.582,87.6323,95.6463,87.6736,72.8343,142769,134417,5.8,17.1,2876,2531,2952,1316,1636,130748,23880,511.9,6539,16781,9971,106868,6678,23340,7743,21198,39.8,4.3,40.9,1733,164,346,815,408,1.36,1182.1,5544,3059.7,675.961,1014.5,1811.7,138.4,138.7,127.1,109,5798.7,197827,577581,1533.1,47.3,61.8,53.1,63
6/1/2002,9803.2,8419.9,90.997,922527,140.57,90.4512,100.751,100.917,100.967,100.906,100.458,101.023,101.152,101.279,88.6308,95.1387,87.8625,73.6531,142476,134053,5.9,17.3,2729,2784,3103,1434,1669,130740,23859,509.1,6552,16750,9947,106881,6681,23305,7740,21225,40.1,4.3,41.1,1672,175,344,744,409,1.36,1188.6,5576,3070.3,678.432,1013.2,1828.3,138.8,139.1,127.3,105.1,5843.1,200599,587204,1556.9,48.3,61.2,53.6,65.5
7/1/2002,9764.4,8380.9,91.506,922531,140.687,90.0659,100.231,100.478,101.398,100.104,99.708,100.962,100.884,101.111,88.3208,95.6311,88.1028,73.3887,142390,134045,5.9,16.4,2896,2464,2883,1349,1533,130774,23828,507.6,6525,16751,9924,106946,6682,23323,7737,21211,39.8,4.1,40.7,1649,158,363,746,382,1.35,1197.6,5638.9,3090.2,682.308,987.6,1869.5,138.6,139.2,127.7,106.5,5904.1,204081,593815,1591,45,51.9,50.2,68.3
8/1/2002,9750.2,8367.7,91.613,929503,140.542,90.0883,100.248,100.213,101.238,99.7956,100.471,101.284,102.022,101.141,88.5107,93.5884,88.2728,73.5419,142616,134474,5.7,16.2,2880,2431,2783,1309,1474,130842,23787,507.4,6553,16682,9879,107055,6671,23286,7744,21272,39.9,4.2,40.8,1609,174,295,768,372,1.34,1184,5685.6,3102.5,684.526,987.2,1901.6,138.7,139.3,128,108.3,5961.2,203145,592551,1625.1,46.8,50.6,50.3,61.5
9/1/2002,9745.7,8357.8,91.145,921464,140.493,90.2518,100.434,100.52,101.226,100.237,100.143,101.1,101.929,101.221,88.6199,94.3186,87.0611,73.6289,143277,135185,5.6,17.8,2708,2511,2900,1315,1585,130854,23749,505.9,6552,16644,9834,107105,6667,23279,7763,21285,39.9,4.1,40.9,1843,185,371,841,446,1.36,1192.2,5709.4,3109.8,687.206,978.8,1938.4,139.2,139.8,128.9,110.8,5979.9,210596,592530,1644.4,45.8,52.9,50.5,62.5
10/1/2002,9748.2,8359.7,91.405,920024,139.293,90.1317,100.124,100.136,100.02,100.195,99.8978,100.602,101.522,100.373,88.274,98.4066,84.3996,73.3383,143123,134914,5.7,17.5,2715,2471,2980,1324,1656,130895,23695,506.6,6540,16602,9801,107200,6652,23298,7803,21317,39.7,4.1,40.7,1603,143,301,701,458,1.36,1201.5,5759.1,3131.5,690.441,972.2,1970.3,140,140.9,129.8,112.6,6000.9,205316,593108,1643.8,46.4,52.1,49,58.3
11/1/2002,9758.4,8369.4,91.626,926270,110.796,90.4792,100.788,101.019,103.01,100.205,100.258,101.07,101.851,100.531,88.6664,99.3543,88.2158,73.6615,142733,134225,6,17.7,2904,2490,3022,1288,1734,130875,23643,506.5,6541,16551,9765,107232,6652,23253,7821,21354,39.7,4.1,40.7,1697,136,357,773,431,1.36,1200.6,5801.2,3150.5,693.661,970.6,2002,140,140.9,129.9,116.6,6132.8,196494,594256,1695,44.8,49.9,48.5,55.7
12/1/2002,9784.2,8384.7,92.207,921371,110.602,89.9486,100.294,100.148,101.694,99.5159,100.204,100.683,101.068,100.288,88.2521,96.8877,88.1547,73.3151,142542,133952,6,18.5,2783,2496,3225,1369,1856,130709,23566,506.4,6543,16470,9710,107143,6637,23145,7818,21379,39.9,4.2,40.9,1835,169,390,805,471,1.37,1219.1,5815.5,3158.6,695.459,966.1,2020.3,139.7,140.6,130,118.9,6184.4,198100,598344,1713.8,47.5,58.7,51.6,56.9
1/1/2003,9761,8361.2,92.347,927075,111.129,90.5726,100.611,100.613,103.084,99.6013,100.071,101.363,102.411,100.225,88.6879,96.0966,85.8568,73.6756,145838,137536,5.7,18.4,2772,2577,3140,1457,1683,130804,23557,505.5,6567,16441,9689,107247,6635,23249,7816,21366,39.8,4.1,40.8,1850,135,354,839,522,1.36,1213.4,5820.2,3161.9,701.416,960.6,2038.4,141.1,142.5,131.4,128,6143.1,199409,601848,1722.3,47.4,58.2,51.3,57.5
2/1/2003,9752.8,8356.5,91.964,916414,111.108,91.0792,101.653,101.834,101.772,101.854,100.622,101.138,101.706,99.8152,88.7833,102.567,85.9771,73.7531,145857,137408,5.8,18.6,2749,2565,3155,1281,1874,130547,23466,504.6,6522,16397,9653,107081,6637,23176,7815,21383,39.4,4.2,40.8,1622,142,282,742,456,1.38,1231.7,5880.1,3164.7,713.775,954.1,2067.7,142.7,144.6,133.8,134.3,6183.8,202770,597286,1768.5,42.6,51.9,48.8,65.5
3/1/2003,9782.8,8380.2,92.318,924929,110.14,91.1151,101.522,101.661,101.744,101.62,100.69,100.63,101.325,100.223,88.9283,97.2758,86.551,73.8721,145793,137348,5.8,18,2780,2473,3104,1316,1788,130408,23448,501,6543,16352,9608,106960,6640,23111,7838,21340,39.9,4,40.8,1780,157,355,827,441,1.38,1234.7,5893.6,3168.2,712.952,945,2086,144,146.2,136.3,152.2,6189.6,197658,601137,1749.4,42.2,47.2,46.3,70
4/1/2003,9829.6,8422,92.81,922971,109.656,90.1895,100.555,100.83,101.256,100.65,99.091,100.268,100.749,99.4662,88.1509,94.6938,85.5355,73.2267,146473,137687,6,19.6,2814,2630,3294,1392,1903,130348,23366,498,6556,16251,9538,106982,6630,23107,7843,21380,39.5,3.9,40.5,1630,152,329,723,426,1.4,1236.1,5921.2,3204.1,713.64,943.8,2105.1,142.2,143.9,133.1,128.2,6199.6,203847,607158,1766.1,41.8,47.2,46.1,63.5
5/1/2003,9909.6,8495.1,93.079,928102,109.583,90.27,100.304,100.509,101.198,100.223,98.8083,100.068,101.422,98.5478,88.2354,96.6273,85.1164,73.2996,146485,137487,6.1,19.2,3056,2605,3250,1321,1930,130067,22075,500,6783,14731,9103,107992,5585.1,14994.1,7965,21520,39.7,4.1,40.2,1732,147,366,779,440,1.4,1259.3,6000.1,3240.6,721.412,932.7,2128.5,141.9,143.5,132.4,129.9,6261.3,207014,606170,1822.4,42.4,53.4,49,51.5
6/1/2003,9938.5,8515.4,93.481,937089,109.678,90.227,100.628,100.777,102.567,100.052,99.2952,100.234,101.938,98.8386,88.6008,90.8756,84.2037,73.6096,147096,137738,6.4,19.8,3009,2936,3572,1536,2036,129962,22063,501.3,6801,14695,9081,107899,5573.6,14970.3,7981,21489,39.8,4,40.2,1803,156,358,803,486,1.38,1272.2,6046.2,3256.3,719.237,922.2,2155.6,142.7,144.6,133.1,135.5,6333.9,212076,608202,1847.4,45.6,53.6,49,56.5
7/1/2003,9921.7,8495.2,93.964,947213,110.037,90.6687,101.15,101.482,104.485,100.276,99.3352,100.49,102.127,98.65,88.9428,94.8526,84.5944,73.9046,146540,137478,6.2,19.3,2730,2699,3592,1633,1959,129870,21982,502.2,6804,14612,9022,107888,5556.6,14945.1,7984,21473,39.6,4,40.1,1872,194,372,872,434,1.37,1277.3,6094.3,3275.6,741.185,926.3,2193.6,142.8,144.7,133.3,131.9,6434.3,231353,613007,1810.6,46.3,56.8,51,53
8/1/2003,9926.4,8498.2,94.771,941488,110.213,90.5243,101.019,101.036,102.957,100.26,100.192,100.433,101.844,98.3061,88.4621,96.4213,85.1965,73.5211,146530,137625,6.1,19,2727,2595,3572,1637,1935,129761,21977,501.1,6822,14589,9014,107784,5548.2,14958.7,7974,21457,39.8,4.1,40.1,1820,145,388,851,436,1.36,1286.4,6133,3285.4,745.11,919,2239.1,143.7,145.8,133.9,130.8,6467.1,238064,622644,1768,47.1,61.1,53.2,53
9/1/2003,9946.3,8514.5,94.396,947648,110.602,91.1147,101.848,102.01,106.186,100.354,100.669,100.906,102.687,99.0776,89.1269,95.3622,86.0495,74.0951,146545,137573,6.1,19.7,2739,2783,3524,1421,2102,129862,21955,501.5,6837,14556,8997,107907,5545.5,14969.1,7989,21441,39.9,4.2,40.4,1888,175,429,842,442,1.36,1288.1,6109.4,3265.7,745.393,910.2,2255.9,144,146.1,133.8,134.4,6457.8,245948,669647,1775,46.5,60.8,52.4,56
10/1/2003,10008.8,8587.8,94.559,950352,111.751,90.7107,101.115,101.203,104.005,100.086,100.09,101.404,103.481,99.1161,89.1862,93.9527,86.3126,74.1719,146793,138014,6,19.1,2731,2577,3463,1444,2020,130132,21952,503.5,6847,14540,8990,108180,5547.6,15015.2,7980,21488,39.9,4.2,40.5,1960,146,390,898,526,1.35,1286.8,6089.2,3263,753.731,892.4,2236.3,144.8,147.1,134.2,138.2,6413.4,249005,679321,1805.2,48.6,64.4,55.2,58.5
11/1/2003,10070,8646.1,95.014,952250,112.946,91.5423,102.136,102.106,105.459,100.781,101.745,101.957,104.806,99.5396,90.0511,94.656,86.4502,74.9249,147277,138603,5.9,20.1,2595,2548,3479,1440,2039,130174,21963,505.2,6856,14542,9006,108211,5557.5,14987,7969,21488,40.1,4.4,40.8,2070,177,420,891,582,1.35,1281.9,6070.6,3261.1,754.694,891.4,2226.7,144.6,146.8,134.2,137.9,6386.2,247062,679505,1834.9,50.4,69.1,58.4,64
12/1/2003,10080.1,8645.9,95.097,951406,113.187,91.3803,102.101,102.132,105.672,100.741,101.779,102.116,105.129,99.3376,89.8098,97.0403,86.9069,74.7631,146878,138479,5.7,19.6,2627,2450,3403,1513,1890,130124,21942,506.9,6873,14504,8993,108182,5565.3,14930.6,7952,21468,39.9,4.6,40.7,2088,180,396,961,551,1.34,1287,6044.5,3256,752.828,892.6,2218,145.1,147.6,135,142.4,6341.3,250052,686085,1846.2,54.1,71.3,60.1,66
1/1/2004,10060.8,8619.7,95.573,946763,113.795,91.7037,102.327,102.513,106.819,100.835,101.841,102.421,105.491,99.0865,89.8181,101.076,86.8357,74.8138,146863,138566,5.6,19.8,2612,2394,3365,1467,1898,130155,21677,509.1,6808,14306,8868,108478,5611.1,14956.5,7982,21526,40.1,4.6,40.9,1903,148,319,918,518,1.33,1286.4,6065.3,3245.1,756.654,896.9,2236.4,145.9,148.6,136.6,148.7,6366.1,253350,689887,1851,54.7,70.6,60.8,75.5
2/1/2004,10068.1,8616.7,95.694,950173,114.59,92.3095,103.27,103.412,106.686,102.129,102.924,103.011,106.734,99.4441,90.397,101.96,87.2786,75.3433,146471,138301,5.6,20.3,2468,2412,3274,1403,1871,130153,21663,509.9,6784,14308,8875,108490,5607.3,14949,7987,21559,40.1,4.5,41,1855,188,349,839,479,1.33,1311.4,6127.6,3257.5,763.025,899.2,2257.9,145.8,148.6,137.8,150.8,6415,256886,687869,1928.4,55.7,66.5,59.9,81.5
3/1/2004,10098.9,8644.9,95.924,976494,114.523,91.5584,102.138,101.868,105.198,100.57,102.682,102.931,107.161,99.3472,90.2484,93.1426,89.1341,75.2677,146650,138298,5.7,20.1,2589,2414,3320,1332,1988,130548,21750,515.2,6862,14310,8882,108798,5621,15008,7995,21573,40.3,4.6,40.9,2007,174,386,945,502,1.3,1331.5,6174.1,3272.5,764.071,885.5,2294.8,146.2,149,138.4,153.2,6472.1,259420,689371,1984.8,57,64.6,60.6,86
4/1/2004,10142.3,8685.7,95.948,966236,115.423,91.9729,102.907,102.775,105.885,101.564,103.105,103.404,107.315,100.184,90.5744,94.2216,88.7962,75.5864,146741,138576,5.6,19.7,2792,2369,2969,1170,1800,130902,21808,517.7,6874,14351,8909,109094,5630.4,15032.6,8002,21574,39.9,4.5,40.6,1969,175,395,952,447,1.3,1327.7,6220.8,3289.5,767.692,876.1,2346.1,147.2,150.2,140.1,156.2,6528.8,260616,695264,1951.9,57.2,67.1,60.6,88
5/1/2004,10189.4,8731,96.474,966117,116.947,92.5905,103.29,103.048,104.727,102.37,103.757,104.2,108.116,100.906,91.2688,96.1291,89.0542,76.2064,146974,138772,5.6,20,2707,2376,3077,1288,1789,131224,21902,522.3,6909,14405,8953,109322,5636.9,15059.8,8031,21547,40.2,4.7,41.1,1967,175,358,863,571,1.3,1319.2,6269.1,3311,769.737,875.1,2376.4,148.4,151.7,141.7,160.6,6594.9,266971,704757,1926.5,60.1,64.5,61.4,86
6/1/2004,10192.5,8735.6,96.043,966530,116.19,91.7762,102.324,101.685,102.804,101.215,103.865,103.578,107.909,100.7,90.5972,95.7763,89.2318,75.6757,147279,139031,5.6,19.9,2688,2405,3065,1306,1759,131301,21878,522.4,6911,14378,8949,109423,5633.8,15061.4,8038,21539,39.9,4.6,40.8,1802,165,315,846,476,1.31,1335.2,6292.7,3305,774.897,879.5,2397.7,148.4,151.5,142.2,161.5,6612.7,266998,710912,1923.8,59.4,60.9,60.5,81
7/1/2004,10225.8,8782.1,96.648,970186,116.213,92.4055,103.03,101.923,103.367,101.337,105.894,104.196,108.602,101.458,91.3903,93.6778,90.2592,76.3546,147856,139660,5.5,18.6,2805,2476,2878,1211,1667,131272,21914,526,6916,14405,8957,109358,5646.6,15035.6,8013,21529,40,4.6,40.9,1978,192,336,901,549,1.32,1324.2,6283.7,3308,780.264,883.6,2406.1,148.2,151.3,142.9,161.3,6585.8,271284,716152,1918.8,57.4,62.8,59.9,77
8/1/2004,10285.1,8820.2,96.817,976917,116.62,92.6584,103.498,102.751,104.751,101.963,105.336,104.253,109.284,102.113,91.7588,91.2347,91.0643,76.6622,147704,139681,5.4,19,2604,2521,2903,1239,1664,131475,21942,528.2,6930,14421,8995,109533,5651.9,15029.5,8057,21565,40.1,4.6,40.9,2000,196,370,907,527,1.31,1341.3,6298.5,3317.6,781.263,885.6,2421.3,148.6,151.6,144.4,161.7,6605.4,278460,723613,1905.9,56.4,62.1,58.5,81.5
9/1/2004,10294.5,8835,97.524,980102,116.666,92.6524,103.451,102.541,103.217,102.226,105.468,104.066,109.11,102.077,91.7575,94.1578,88.3224,76.6408,147483,139480,5.4,19.6,2790,2255,2954,1207,1747,131567,21908,529.3,6931,14384,8972,109659,5665,15021,8089,21641,40,4.6,40.8,1898,147,354,904,493,1.32,1344.9,6327.1,3327.1,786.031,892.5,2456,148.8,151.8,144.8,154,6619.9,288372,734801,1927.7,58,57.7,57.4,76
10/1/2004,10315.3,8853.7,97.722,980472,117.592,93.4835,104.158,103.295,104.766,102.696,106.28,104.865,109.916,102.711,92.7002,94.9337,92.3287,77.3865,147850,139778,5.5,19.6,2749,2288,3043,1253,1790,132017,22000,527.3,7016,14393,8983,110017,5668.5,15064.1,8094,21714,39.9,4.5,40.7,2027,180,390,932,525,1.3,1343.7,6342.6,3321.8,791.916,895,2487.5,151.2,154.9,146.6,161,6603.8,294242,745502,1918.6,55.5,58.4,56.3,78.5
11/1/2004,10295,8832.8,97.887,986003,117.6,93.4347,104.283,103.514,104.554,103.064,105.999,105.268,110.094,102.787,92.6286,96.2177,91.8668,77.2635,148289,140261,5.4,19.9,2621,2376,3027,1290,1738,132075,22028,531.9,7034,14400,8977,110047,5673.2,15031.6,8107,21684,39.8,4.5,40.5,1771,151,312,840,468,1.31,1362.7,6381.9,3325.4,793.515,898.1,2515.1,152.1,156.1,147.9,172.7,6634.2,298063,751864,1924.4,56.9,60.1,56.2,74
12/1/2004,10631,9156.2,98.522,998130,117.813,94.0347,104.982,104.024,105.039,103.578,107.282,105.855,110.185,103.692,93.2217,97.2896,94.1077,77.6743,148203,140156,5.4,19.3,2865,2264,2961,1325,1636,132266,22030,534.3,7032,14400,8979,110236,5695.4,15044.9,8121,21716,40,4.5,40.5,2004,168,379,941,516,1.3,1363,6397.6,3333.9,787.984,905.8,2538.3,151.4,155,147.7,167.2,6644,298274,743896,1930.6,53.8,66.3,57.2,72
1/1/2005,10368.2,8874.6,98.555,1002320,117.667,94.6943,105.642,104.501,103.972,104.58,108.532,105.719,110.767,103.311,93.9319,97.3838,92.9674,78.1626,147979,140241,5.2,19.3,2599,2343,2824,1201,1623,132573,21975,539.3,7065,14305,8940,110598,5688.1,15092.5,8148,21711,39.8,4.6,40.7,2159,150,330,1139,540,1.3,1353.5,6430.3,3335.3,793.331,925.4,2561.3,151.9,155.5,148.5,164.2,6664.2,290729,744812,1960.5,58.6,57.9,56.8,69
2/1/2005,10370,8868.2,98.824,999360,118.393,95.2216,106.576,105.425,107.032,104.772,109.356,106.283,111.105,103.928,94.6851,94.5053,94.8943,78.6645,148132,140144,5.4,19.1,2755,2317,2888,1255,1633,132843,22060,544,7116,14334,8968,110783,5682.2,15112.4,8161,21755,39.9,4.6,40.5,2195,193,408,1042,552,1.31,1361.3,6443.3,3329.6,799.993,937.5,2587.4,152.7,156.6,149.5,162.9,6649.5,291505,746918,2004.5,56,55.9,55.5,65.5
3/1/2005,10365.1,8862.8,99.097,999980,118.527,95.075,106.212,104.781,104.943,104.612,109.689,106.263,111.03,104.251,94.2648,99.4324,94.7172,78.1743,148157,140501,5.2,19.5,2531,2319,2817,1165,1652,132926,22080,548.6,7147,14314,8962,110846,5701.1,15110.6,8163,21750,39.8,4.4,40.5,1837,188,309,837,503,1.31,1371.8,6475.2,3323.9,800.71,958,2639,153.7,157.8,150.7,170.5,6659.1,291580,751034,2025.2,52.5,57.7,55.2,73
4/1/2005,10395.4,8882.6,99.753,1007530,118.277,95.3797,106.218,104.447,103.769,104.553,110.632,106.199,111.473,103.798,94.5546,97.8203,95.6469,78.2607,148762,141099,5.2,19.6,2666,2268,2698,1083,1615,133293,22140,555.3,7209,14308,8959,111153,5707.7,15147.7,8188,21750,40.1,4.5,40.5,2038,175,326,1045,492,1.3,1354.6,6469.7,3317.9,802.212,967.7,2666.2,154.2,158.4,151.3,175,6651.5,289411,755098,2015.3,53,53.4,52.2,71
5/1/2005,10452,8934.5,99.318,1008670,118.641,95.8739,106.935,105.162,104.461,105.271,111.796,106.353,112.008,103.676,94.9238,97.3731,94.0677,78.4012,149122,141475,5.1,18.8,2699,2262,2667,1133,1534,133347,22149,557.4,7227,14299,8959,111198,5719.5,15166,8185,21749,39.9,4.4,40.4,2009,185,381,903,540,1.3,1365.3,6464.2,3327.6,800.47,978.7,2672.6,153.9,157.8,150.6,169.1,6632.4,286871,757763,2055.1,49.3,51.8,50.8,58
6/1/2005,10509.1,8993.7,100.338,1018520,119.657,96.3316,107.825,106.18,105.495,106.278,112.145,106.92,112.676,103.341,95.0936,100.059,95.3957,78.3686,149123,141638,5,17.1,2666,2342,2350,1041,1310,133537,22134,561.1,7237,14270,8945,111403,5717.4,15174.8,8202,21754,39.9,4.4,40.4,2004,185,335,1003,481,1.29,1365.3,6503.1,3344.5,804.818,992.5,2721.8,153.9,157.9,151.1,165.5,6670,283991,764989,2052.9,51.1,55.7,52.4,50.5
7/1/2005,10539.1,9035.8,100.945,1019160,119.444,96.245,107.728,105.821,104.229,106.212,112.912,106.983,112.944,104.083,94.8953,101.06,94.3151,78.0303,149573,142076,5,17.6,2571,2430,2437,1047,1389,133786,22140,560.7,7235,14276,8943,111646,5729.4,15245.1,8229,21782,39.8,4.5,40.4,2042,196,371,980,495,1.26,1344,6510.7,3336.4,805.891,1007.2,2767.5,155,159.3,152.3,174.4,6672.8,280112,765290,2060.2,53.2,57.2,52.8,48.5
8/1/2005,10547.5,9030.9,100.584,1019160,119.678,96.5472,108.112,106.097,106.448,105.856,113.576,107.127,114.193,103.004,95.2002,100.022,92.9753,78.1075,149841,142449,4.9,18.9,2542,2272,2686,1243,1444,133999,22149,565,7262,14256,8935,111850,5738.3,15266.9,8242,21817,39.9,4.5,40.5,2009,187,346,915,561,1.26,1369.1,6550.3,3333.2,807.66,1016.4,2802.5,156.3,161,153.2,181.5,6714.1,281038,767003,2065.5,51.8,57.8,52.4,62.5
9/1/2005,10489.9,8983.5,100.153,1014430,118.016,96.193,107.555,106.475,108.583,105.665,110.078,103.57,115.812,97.068,94.1655,101.507,89.7176,77.0919,150093,142432,5.1,18.3,2735,2285,2611,1131,1480,134041,22155,570.4,7285,14234,8924,111886,5738.2,15176.9,8255,21874,40.2,4.4,40.5,2108,198,368,981,561,1.25,1363.6,6588,3307,811.866,1024.7,2821.3,158.8,164.4,157.2,200.3,6765.3,282929,770468,2079.4,53.4,60.9,56.8,78
10/1/2005,10523.9,9019.2,100.343,1015770,107.877,97.3056,109.04,106.29,108.643,105.401,117.02,104.584,117.177,98.716,95.6063,99.9074,88.3644,78.1094,150079,142646,5,18.1,2695,2265,2496,1045,1452,134061,22195,575.3,7312,14244,8946,111866,5735.8,15167.3,8288,21867,40.3,4.5,41,2014,172,333,998,511,1.25,1367.6,6626.7,3317.4,816.119,1032.2,2843.3,160.5,166.7,162.3,212.7,6802.3,283954,773524,2072,54.3,61.4,57.2,84
11/1/2005,10601.8,9090.3,100.85,1029590,108.96,97.5485,109.368,106.112,106.711,105.791,118.879,106.883,117.668,101.504,96.3362,95.604,93.5997,78.5509,150176,142594,5,17.7,2773,2276,2509,1118,1391,134289,22268,581.6,7356,14270,8966,112021,5752.4,15194.3,8305,21872,40.3,4.5,40.8,2123,181,373,989,580,1.26,1372.4,6652.7,3346.2,816.814,1037.3,2858.5,158.7,164.4,160.3,209.9,6812.9,283011,775362,2065.9,56,61.2,56.7,74
12/1/2005,10659.3,9149.9,101.239,1037610,109.762,97.9405,110.109,106.955,106.122,107.098,119.459,108.076,118.617,102.611,96.4094,101.427,92.8969,78.4652,150153,142779,4.9,17.3,2764,2240,2417,1068,1350,134468,22262,585.3,7332,14283,8973,112206,5754.4,15174.6,8316,21888,40.1,4.5,40.7,1933,172,295,1033,433,1.25,1372.3,6691.5,3360.4,814.983,1045.9,2901.1,159.6,165.6,160.2,202,6862.2,277955,781359,2045.3,53.7,60.1,55.1,63
1/1/2006,10775.7,9237.7,101.608,1044360,110.269,97.5885,109.24,105.73,106.607,105.322,119.666,108.845,120.14,104.217,97.1996,88.2419,93.7642,78.9708,150114,143074,4.7,16.8,2556,2263,2241,1090,1151,134564,22331,591,7460,14220,8973,112233,5801.7,15300.8,8245,21874,40.5,4.5,40.8,2276,217,371,1177,511,1.24,1382.5,6743,3359.1,825.329,1066.4,2928.3,160.5,166.7,162.4,203.2,6906.8,274433,776941,2053.6,53.1,58.9,55,65
2/1/2006,10840.5,9301.8,101.846,1043010,110.878,97.5953,109.509,105.983,106.209,105.788,119.876,109.29,120.476,103.455,96.9991,89.6366,94.6007,78.6807,150449,143257,4.8,17.6,2595,2074,2482,1126,1356,134789,22392,596.8,7512,14228,8980,112397,5802.1,15293.5,8266,21885,40.5,4.6,41,2120,182,326,1041,571,1.26,1374.8,6756.8,3371.4,831.763,1076.8,2950,158.7,164,161.6,186.6,6902,267242,767275,2095.2,53.5,61,55.8,62.5
3/1/2006,10877.7,9332.2,102.075,1047420,111.209,98.1093,110.346,106.684,106.804,106.524,121.605,109.591,121.449,103.332,96.9277,97.5535,91.3178,78.5031,150652,143641,4.7,16.9,2676,2011,2333,1044,1288,134966,22375,602.9,7504,14212,8981,112591,5820.3,15341.9,8281,21903,40.4,4.5,41,1960,189,291,994,486,1.26,1384,6777.2,3372.1,832.56,1082.5,2974.3,159.3,164.8,161.5,179.6,6911.8,268086,773840,2105.4,53.8,57,54.3,66.5
4/1/2006,10907.4,9361.7,102.373,1041350,112.262,98.481,111.163,106.795,106.998,106.61,124.616,110.875,123.418,104.075,97.4501,94.7087,91.3302,78.8112,150811,143688,4.7,16.8,2635,2115,2373,1046,1327,135068,22425,612.9,7510,14246,9016,112643,5833.8,15276.6,8313,21904,40.6,4.5,41.1,1849,191,349,863,446,1.26,1391.1,6798.3,3371.9,835.208,1099.3,2999.3,160.6,166.4,163,182.9,6932.1,267825,775628,2163.3,54.2,55.7,55.2,71.5
5/1/2006,10908.8,9352.1,102.426,1046610,112.099,98.2631,110.923,106.363,106.018,106.356,124.809,111.04,123.311,103.913,97.0076,95.3857,95.5318,78.3399,150991,143976,4.6,17.1,2516,2242,2297,968,1329,135106,22416,614.3,7512,14230,9008,112690,5850.4,15236,8322,21916,40.3,4.6,41.1,1957,183,294,960,520,1.25,1394.1,6796.4,3367.4,837.079,1117.8,3039.8,160.6,166.3,164.4,184.4,6931.2,260976,777294,2202.1,53.2,54.9,53.7,77
6/1/2006,10954.3,9384.5,102.572,1044450,113.21,98.6394,112.211,107.611,107.382,107.567,126.35,111.868,124.323,104.354,97.3062,97.6189,97.895,78.4654,151321,144363,4.6,16.2,2673,2052,2133,1020,1112,135230,22431,620.3,7505,14251,9032,112799,5851.3,15220.8,8320,21967,40.5,4.6,41.3,1850,170,309,911,460,1.26,1368.8,6825.8,3377.7,836.851,1125.2,3079.6,161.4,167.3,165.2,178.5,6958.7,264647,784432,2189.2,49.9,55,52,76.5
7/1/2006,10945.1,9384.8,103.109,1045070,113.529,98.5028,112.474,107.437,105.125,108.069,128.109,112.503,125.179,104.644,97.0886,99.1331,96.5369,78.1711,151534,144329,4.8,17.3,2704,2175,2338,998,1340,135354,22428,624.5,7503,14241,9024,112926,5850.6,15221.5,8316,21939,40.6,4.5,41.5,1795,159,306,889,441,1.26,1372.4,6851.6,3376.3,835.027,1136.7,3111.1,161,167,165.5,180.5,6980.5,268808,793048,2198.1,50.7,55.8,53,78.5
8/1/2006,10952.8,9380,102.83,1045160,113.706,98.8134,112.851,107.778,106.184,108.177,128.603,112.593,125.921,104.937,97.6358,99.1135,97.9467,78.485,151698,144579,4.7,17.4,2617,2215,2394,1066,1328,135500,22432,628.3,7521,14225,9007,113068,5853.3,15211.6,8334,21983,40.5,4.5,41.3,1665,155,267,833,410,1.26,1368.8,6874.3,3376.3,834.632,1165.7,3117.9,162.1,168.3,166.5,187,7005.8,273651,803566,2209.7,52.6,55.3,53.7,73
9/1/2006,11021.2,9449.2,103.274,1036910,113.134,98.6101,112.72,107.622,105.351,108.242,128.491,112.184,125.906,104.522,97.6754,95.758,100.268,78.3817,151799,144850,4.6,17.4,2581,2080,2294,1027,1267,135613,22427,631,7535,14210,9005,113186,5865.6,15196.7,8347,21988,40.3,4.3,41.1,1772,134,270,975,393,1.3,1357.7,6878,3406.2,834.301,1168.3,3123.8,160.2,165.6,164.7,182.7,7017,277172,814155,2192.6,49.9,54.8,52.2,61
10/1/2006,11093.6,9522.4,103.764,1039140,113.662,98.5776,112.449,107.345,102.825,108.697,128.355,111.956,124.913,103.661,97.3213,99.7399,97.1601,77.9534,151998,145287,4.4,16.5,2585,2062,2073,996,1077,135844,22361,636.2,7491,14181,8992,113483,5862.4,15196.8,8361,22082,40.5,4.3,41.2,1486,165,242,705,374,1.31,1369.2,6939.5,3448.9,837.869,1179.4,3276.4,158.7,163.7,163,168.6,7077.8,274801,819037,2187.1,49.6,54.1,51.4,47
11/1/2006,11131.3,9558.7,103.863,1038720,112.323,98.5297,112.792,107.605,104.409,108.525,129.488,111.01,123.671,102.894,97.362,98.9954,97.1318,77.8326,152381,145564,4.5,16.4,2516,2152,2160,1016,1144,136018,22317,638.1,7458,14164,8973,113701,5876.5,15229.6,8371,22122,40.5,4.2,41.1,1588,165,222,851,350,1.3,1368,6976.8,3466.2,840.399,1184.2,3281.7,160,165,163.8,189.4,7116.2,269928,822118,2206.1,49.2,50.8,50.3,53.5
12/1/2006,11187,9591.3,104.463,1051810,112.442,99.394,113.555,107.818,106.194,108.224,132.113,111.706,124.716,104.222,98.7747,91.7377,98.6264,78.7987,152775,145926,4.5,15.9,2707,2037,2081,991,1090,136214,22303,642.2,7455,14150,8964,113911,5885.3,15242.5,8376,22125,40.8,4.3,41,1642,196,229,827,390,1.28,1357.5,7023.4,3467.4,837.71,1189.9,3323.8,161.1,166.4,164.7,195.4,7192.6,267011,829922,2226.5,49.8,51.4,51.4,47.5
1/1/2007,11201.7,9574.6,104.555,1046110,111.928,98.6957,112.67,107.438,103.058,108.748,128.847,111.339,124.359,103.203,98.2658,94.4682,100.51,78.2231,152974,145957,4.6,16.2,2642,2283,2118,986,1133,137258,22529,643.5,7715,14109,8938,114729,5947,15318.1,8438,22121,40.4,4.1,40.8,1408,196,195,716,301,1.3,1371.6,7081.3,3480.5,843.529,1193.1,3345.2,160.9,166.1,164.1,184.9,7240.4,262033,827470,2212.7,50.3,52.2,49.5,53
2/1/2007,11231.1,9605.8,104.606,1051360,113.143,99.9254,114.171,109.43,104.635,110.873,129.184,111.794,123.93,103.859,98.6546,107.351,99.1567,78.3558,152784,145919,4.5,16.4,2600,2192,2135,905,1230,137410,22475,649.4,7650,14115,8946,114935,5955.6,15356,8450,22168,40.2,4.2,40.8,1525,135,161,827,402,1.29,1359.5,7112.1,3476.9,847.329,1200.9,3372.7,162.7,168.3,165.3,201.6,7272.1,259522,824971,2229.5,50.9,55.1,51.9,59
3/1/2007,11257.4,9635.5,104.664,1056430,112.487,99.759,113.728,108.583,105.221,109.555,130.616,111.952,124.903,104.487,99.4615,98.5294,101.003,78.8132,152979,146254,4.4,17.3,2327,2159,2177,954,1223,137622,22530,653.2,7713,14103,8938,115092,5960.6,15410.8,8451,22196,40.6,4.3,41.1,1518,123,237,784,374,1.27,1368,7168.7,3473.6,848.207,1210.9,3316.4,164.1,170.3,166.7,203.6,7352.5,262577,827302,2260.3,49.9,50.2,50.7,65.5
4/1/2007,11258,9629.9,104.921,1056090,113.034,100.468,114.299,109.242,107.073,109.819,130.896,112.653,125.98,104.697,100.161,100.163,99.2504,79.1807,152587,145786,4.5,17.1,2432,2141,2268,1072,1196,137684,22473,658.6,7680,14076,8918,115211,5975.4,15371.1,8435,22219,40.6,4.2,41.1,1528,172,194,763,399,1.27,1376.9,7218.7,3496.5,848.96,1218.6,3367.2,165.3,171.9,168.3,204,7441.3,262969,833429,2275.2,51.9,57.4,52.6,73
5/1/2007,11251.3,9629.8,105.07,1062630,112.689,100.241,114.014,108.819,106.748,109.365,131.098,112.702,126.48,104.378,100.069,101.001,100.025,78.9227,152762,145943,4.5,16.7,2450,2204,2230,1104,1126,137831,22439,660.1,7671,14051,8902,115392,5985.8,15374.1,8440,22240,40.5,4.1,41,1474,192,238,726,318,1.26,1375.9,7242.5,3492.9,849.717,1242.9,3394.3,166,172.8,169.7,204.8,7501,264256,840338,2284.3,52.2,58.6,52.5,71
6/1/2007,11248,9647.7,105.038,1055190,113.37,100.289,114.671,109.244,108.652,109.299,132.151,113.186,127.36,104.569,100.356,97.7528,100.234,78.9694,153072,146140,4.5,16.8,2488,2125,2286,1166,1120,138038,22448,663.1,7681,14047,8898,115590,6008.2,15365.9,8465,22296,40.7,4.3,41.3,1467,161,233,721,352,1.27,1363.9,7241.2,3496.3,851.133,1259.9,3405.4,166.1,172.8,170.4,205.9,7539,264985,848444,2302.1,51.9,57.7,52.6,68
7/1/2007,11273.9,9654,105.206,1051990,113.86,100.129,115.378,109.736,109.263,109.751,133.866,114.232,129.428,104.998,100.529,97.3348,100.304,78.9377,153231,146110,4.6,17.2,2473,2213,2413,1105,1308,138122,22427,669.3,7650,14054,8905,115695,6019.3,15379.8,8489,22227,40.6,4.2,41.3,1381,156,241,649,335,1.26,1368.8,7269.2,3505.5,851.986,1278,3428.1,167.2,174.2,171.8,203.7,7601.7,269564,858477,2312.5,49.8,58.6,52.4,65
8/1/2007,11287.9,9668.3,105.56,1058960,114.425,100.087,115.02,109.551,107.874,109.965,133.052,114.26,129.145,103.698,100.136,102.432,101.097,78.4784,152891,145794,4.6,16.9,2595,2166,2385,1138,1247,138037,22362,668.9,7629,14003,8865,115675,6018.7,15400.8,8484,22154,40.5,4.1,41.3,1331,96,248,716,271,1.27,1367.8,7333.8,3535.3,853.496,1310.7,3434.5,166,172.5,170.1,198.6,7740.7,272580,873988,2339,50,54.4,50.9,63
9/1/2007,11331.1,9691.1,105.65,1060600,114.357,100.627,115.133,109.396,106.378,110.255,134.263,114.68,129.133,104.209,100.606,104.676,100.43,78.7138,153464,146257,4.7,16.5,2518,2332,2393,1115,1277,138265,22324,668.5,7613,13983,8863,115941,6028.5,15393.3,8448,22304,40.7,4.1,41.4,1191,141,174,619,257,1.27,1368.5,7372,3531.8,851.288,1358.6,3479.5,167.6,174.8,171.4,203.2,7873.8,268317,880838,2368,52,54.4,51,59
10/1/2007,11337.1,9687.7,105.595,1061280,113.996,99.6803,114.233,108.516,105.04,109.528,133.425,114.015,128.799,103.226,100.242,98.5702,100.065,78.3193,153253,146007,4.7,17.1,2480,2459,2343,1031,1312,138421,22294,669.8,7601,13963,8848,116127,6042.7,15351.8,8452,22332,40.5,4.1,41.2,1229,153,207,577,292,1.26,1370.3,7395.8,3533.3,856.478,1396.9,3548.6,169.3,176.8,172.7,214.4,7976.5,268152,886197,2401.7,50.7,56.4,51.1,63
11/1/2007,11338.2,9669.4,105.798,1062360,113.902,100.022,114.499,108.342,106.026,108.971,134.679,114.564,129.946,103.59,100.709,100.285,99.2556,78.5977,153870,146703,4.7,17.3,2589,2158,2377,987,1390,138467,22254,676.9,7562,13960,8852,116213,6053.5,15392.2,8417,22348,40.7,4.1,41.3,1187,128,202,601,256,1.24,1363.9,7424.5,3519.7,857.505,1411.9,3569.3,172.4,180.8,176.7,229.5,8060.8,264461,887278,2465.5,48.4,52.4,50.5,67.5
12/1/2007,11391.6,9651.9,105.955,1057160,113.967,100.075,114.946,108.771,105.646,109.667,135.286,114.299,129.295,103.301,100.812,97.4371,98.6711,78.6182,153866,146211,5,16.6,2793,2330,2520,1182,1338,138495,22146,680.8,7489,13919,8823,116349,6047,15370.3,8417,22388,40.6,3.9,41.1,1006,95,146,560,205,1.26,1363,7458.2,3523.8,847.56,1436.9,3583.5,171.7,179.9,176.9,235.6,8110.6,265277,891215,2440.6,48.6,46.5,49,68
1/1/2008,11386.4,9614.1,105.76,1060040,114.233,99.933,115.288,108.998,105.302,110.082,136.127,114.441,129.389,103.404,100.425,100.558,100.502,78.2826,153824,146248,4.9,17.5,2634,2396,2503,1124,1380,138102,21937,686.6,7448,13746,8732,116165,6069.6,15512.3,8257,22288,40.5,4,41.1,1012,126,159,530,197,1.25,1364.6,7498.6,3527,851.443,1448.9,3602.2,173.3,182,179.2,243.3,8175.2,266088,890541,2431.4,47.1,48,50.3,76
2/1/2008,11394.6,9581.6,105.334,1044900,113.66,99.7696,114.713,108.487,103.3,110.064,135.452,114.188,128.967,103.283,99.7982,103.174,100.523,77.7877,153374,145993,4.8,16.8,2639,2396,2377,1079,1299,137993,21833,689.8,7401,13689,8680,116160,6061.4,15453.5,8232,22375,40.4,4,41.1,1065,102,159,555,249,1.28,1367.5,7601.6,3559,856.973,1449.9,3623.4,173.9,182.5,180.8,253.3,8417.3,262443,886458,2461.8,45.8,46.4,47.6,75.5
3/1/2008,11401.2,9556.2,105.452,1035460,112.128,99.0851,113.421,107.047,98.1941,109.776,132.393,112.834,125.461,102.724,99.5242,100.841,98.3736,77.5936,153784,145969,5.1,16.2,2767,2525,2400,1118,1282,137846,21732,696.5,7338,13643,8653,116114,6053.9,15413.1,8228,22387,40.6,4.1,41.3,947,97,121,499,230,1.27,1372.6,7661,3572.6,860.585,1478.9,3656,175.4,184.5,184.6,264.2,8591.3,262952,884489,2577.3,48.2,45.6,48.3,83.5
4/1/2008,11354.8,9531.7,105.518,1046230,111.181,98.0932,112.268,105.823,94.0798,109.436,130.711,112.018,124.628,101.428,98.4558,101.904,99.669,76.803,153957,146331,5,16.9,2484,2495,2626,1272,1353,137818,21618,696,7275,13596,8608,116200,6043.5,15382.7,8230,22385,40.5,3.9,40.9,1032,89,158,516,269,1.25,1368,7677,3588.3,855.308,1490,3650,175.9,185,186.4,272.8,8655.2,262381,883361,2531.7,46.6,46.5,48.8,84.5
5/1/2008,11477.8,9509.5,105.499,1036590,110.905,97.7563,111.863,105.558,94.83,108.862,129.984,111.817,124.975,101.96,98.0048,100.288,99.405,76.5116,154534,146046,5.5,16.6,3244,2469,2773,1223,1550,137754,21580,702.7,7257,13569,8589,116174,6040.1,15335.6,8231,22406,40.3,3.8,41,975,147,123,479,226,1.24,1363.6,7684,3571.7,859.681,1493.8,3651,178.4,188.2,191.1,287.3,8701.9,261863,884854,2489.2,46.1,48.5,48.8,87
6/1/2008,11405.1,9455.4,105.418,1036080,111.725,97.464,112.849,106.703,97.5477,109.535,130.272,112.666,125.765,101.427,97.463,101.453,98.7092,76.1636,154390,145891,5.5,17.5,2712,2999,2916,1328,1587,137640,21505,711.1,7204,13537,8577,116135,6037.6,15325.6,8216,22459,40.4,3.9,40.8,1066,237,128,499,202,1.23,1386.1,7687.1,3538.9,863.529,1499,3632.3,181.2,191.9,195.3,294.2,8735.5,258313,879230,2483.6,44.8,49.7,49.8,91.5
7/1/2008,11241.3,9433.1,104.803,1018420,111.842,96.673,113.213,106.955,98.1735,109.677,131.148,112.74,126.175,101.13,96.3962,99.2696,98.7954,75.4151,154603,145819,5.7,17.1,2835,2823,3118,1440,1678,137615,21454,716.6,7175,13501,8558,116161,6018.4,15309,8213,22521,40.3,3.8,41,965,174,154,447,190,1.24,1400.9,7725.9,3538.8,870.164,1515,3624.1,183.4,194.7,200.6,303.4,8763.7,258857,879955,2487.3,51.2,47,50,88.5
8/1/2008,11299.1,9455.9,104.614,1007720,110.303,95.0635,111.305,104.698,92.096,108.56,130.265,111.257,124.517,100.347,95.1978,96.3105,98.1613,74.5702,154853,145477,6.1,17.4,3235,2821,3402,1561,1841,137473,21386,724.3,7168,13428,8488,116087,6007.8,15286.2,8207,22486,40.2,3.7,40.9,895,153,133,403,206,1.27,1391.5,7716.5,3539.2,871.4,1514,3643.9,182,192.6,198.1,270.3,8753.8,260746,878233,2475.6,48.9,46.7,49.2,77
9/1/2008,11293.3,9437,103.956,983496,107.254,92.8881,108.366,102.982,91.3918,106.539,121.402,107.669,123.135,96.9592,91.9815,97.5214,88.7756,72.1486,154732,145255,6.1,18.4,2853,3051,3607,1598,2008,137318,21303,728.3,7125,13380,8452,116015,6004.2,15236.9,8184,22542,39.9,3.6,40.7,817,117,133,403,164,1.29,1453.9,7769.4,3579.3,936.276,1540.3,3664.1,182.7,193.3,198,255.2,8712,259676,872191,2530.4,42.1,41.8,44.8,53.5
10/1/2008,11327.9,9451.6,103.453,974310,107.285,92.2313,108.794,104.333,88.9375,109.022,118.528,107.566,119.924,94.511,91.4042,98.2984,103.17,71.8,155038,144958,6.5,19.7,3065,3003,4062,1805,2257,136899,21152,725.4,7069,13280,8367,115747,5983.7,15191.8,8156,22496,39.9,3.6,40.6,791,78,126,416,171,1.34,1473.1,7878.9,3660,1142.31,1601.8,3790.5,178.3,186.7,189.4,215.9,8714.9,254727,858940,2719.3,33.7,33.2,38.9,37
11/1/2008,11409,9518.6,103.192,954059,106.117,91.3767,108.286,103.28,85.4914,108.676,120.601,105.984,114.929,91.689,89.2304,100.646,101.272,70.2013,154616,144285,6.7,18.8,3251,3091,3963,1757,2206,136167,20920,720.6,6952,13168,8287,115247,5949.9,15045.6,8110,22544,39.5,3.3,40.3,625,51,93,347,134,1.41,1522.5,7934,3748.8,1480.84,1596.4,3784.3,172.9,179.5,179.7,187.3,8826.3,251394,847819,2725.8,34.4,27.6,36.5,25.5
12/1/2008,11354,9514.1,102.642,949121,103.597,89.6349,107.303,101.828,81.0363,108.108,122.367,102.261,108.236,88.0123,86.2136,102.496,101.89,67.9381,154447,143338,7.2,19.7,3267,3398,4517,1927,2591,135489,20616,714.6,6833,12981,8145,114873,5909.4,14965.5,8104,22514,39.3,3,39.9,550,62,80,277,131,1.44,1599.8,8108.4,3871.5,1669.25,1586.4,3790.9,169.7,174.9,172.3,176.7,9055.9,246190,836562,2775.1,29.9,23.2,33.1,18
1/1/2009,11247.2,9302.5,103.022,929139,101.337,87.1436,104.408,99.4733,72.2582,107.63,117.091,100.356,102.044,87.294,83.737,102.144,102.316,66.0972,153716,142099,7.6,19.8,3658,3519,4634,1987,2647,134580,20245,708.3,6742,12713,7942,114335,5823.2,14998.2,7974,22539,39.2,2.9,39.8,466,36,53,246,131,1.43,1575.1,8242.8,3891,1727.93,1568.5,3769.1,170.8,176.6,172.4,173.1,9349.8,237064,812416,2730.3,28.8,31.8,34.9,29
2/1/2009,11135.8,9169.3,102.688,932821,99.7298,86.6217,103.304,98.7084,73.7046,106.217,115.602,98.6753,99.6815,86.6524,83.5203,98.0288,104.201,66.0417,154214,141748,8.1,19.8,3404,3969,5264,2347,2917,133768,19877,693.2,6619,12477,7747,113891,5782.3,14959.9,7914,22572,39.3,2.6,39.6,583,66,84,332,101,1.43,1558.5,8275.5,3893,1586.85,1562.3,3826.5,170.6,176.4,170.9,163.4,9409.9,233645,796414,2665.8,25.5,32.8,35.5,29
3/1/2009,11119.7,9094.5,102.331,915152,97.3755,85.485,101.263,97.4272,76.2073,103.836,112.02,96.1075,93.8532,89.0825,82.0006,99.5035,103.118,64.9556,154048,140887,8.5,20.1,3371,4041,5715,2534,3182,133019,19537,676.1,6473,12310,7628,113482,5747.7,14892.9,7867,22538,38.9,2.7,39.3,510,67,102,268,73,1.44,1559,8313.2,3925.8,1665.61,1544.7,3830.3,169.1,174.2,168.3,160.1,9458.8,230616,787059,2705.6,28.6,40.3,36,31
4/1/2009,11160.1,9119.4,102.172,908922,97.0723,84.6625,101.32,98.0824,76.4441,104.615,110.593,95.5056,92.8911,89.1223,81.4196,100.262,103.202,64.6094,154731,141007,8.9,21.4,3346,3982,6211,2531,3680,132414,19244,660.8,6348,12152,7499,113170,5696.2,14823.7,7815,22613,38.9,2.7,39.6,458,50,77,217,114,1.43,1592.4,8264.4,3924.5,1787.76,1521.7,3838.9,170,175.5,168.4,162.4,9448.3,228524,779097,2668.5,33.2,46.5,39.5,32
5/1/2009,11330,9122,102.29,907622,95.8402,83.4993,99.9658,97.2462,74.022,104.286,107.183,94.265,90.5869,89.2486,80.5132,98.5482,101.847,64.0038,155081,140570,9.4,22.5,3275,4321,7002,3054,3948,132151,19021,644.3,6303,11986,7354,113130,5685.3,14818.4,7782,22628,38.9,2.7,39.3,532,51,80,257,144,1.42,1596.2,8327.9,3938.9,1799.29,1503.1,3881.3,170.3,176.1,169.4,167.5,9558.4,227023,772795,2672.8,34.8,49,41.7,43.5
6/1/2009,11156.2,9075.4,102.21,905513,95.3964,83.1498,99.0485,96.5136,73.0694,103.626,105.394,94.0306,89.5979,89.6452,80.2676,96.1507,102.377,63.9228,154926,140196,9.5,24.5,3204,4066,7833,3452,4381,131692,18815,636.8,6240,11854,7250,112877,5677.4,14801.1,7754,22554,39,2.8,39.5,582,81,108,272,121,1.38,1650.1,8370.1,3914.9,1704.12,1505,3865.4,173.5,180.3,171.7,175,9611.3,223602,760879,2166.1,40.7,51.7,45.8,50
7/1/2009,11111.5,9018.6,102.463,920786,95.9709,83.7567,99.4352,96.9738,78.5978,102.451,105.402,95.0352,91.6581,90.4712,81.355,95.8402,101.494,64.904,154504,140041,9.4,25.1,3233,3557,7880,2916,4965,131488,18690,628.9,6148,11817,7235,112798,5663.1,14746.9,7742,22564,39.3,2.9,39.8,581,67,114,276,124,1.36,1654.4,8347.8,3916,1693.69,1489.2,3839.7,171.5,177.7,171.1,168,9602.3,222131,757021,2279.6,47.1,57.6,49.9,55
8/1/2009,11101.8,9013.1,103.454,919917,97.4422,84.5134,101.026,98.4418,80.1978,103.868,107.644,96.4471,92.5551,92.9217,82.1458,96.068,100.791,65.6512,154577,139649,9.7,24.9,3026,4120,7816,2828,4988,131223,18571,620.2,6093,11771,7196,112652,5646,14738.7,7706,22487,39.3,2.9,39.8,598,78,114,279,127,1.33,1649.6,8297.7,3894,1728.06,1453,3820,173.9,181,173.8,176.1,9538.2,221554,753100,2314.9,46.1,66.6,53.5,65
9/1/2009,11082.9,9000,102.353,920908,98.4622,84.9675,102.163,99.6143,82.8078,104.575,108.274,97.8977,94.7261,94.307,82.8055,96.9483,103.257,66.2966,154006,138864,9.8,26.2,2966,3910,8380,2942,5438,130947,18465,617.3,6038,11719,7150,112482,5649.1,14699.7,7702,22403,39.2,2.8,39.8,590,69,107,300,114,1.32,1662.2,8334.5,3896.1,1819.67,1414.8,3767.1,173.5,180.5,174.3,174.1,9582.7,219007,744383,2329.6,47.8,63.3,54.4,63.5
10/1/2009,11060.5,8986.7,102.554,924233,98.6271,85.2537,102.19,99.9613,82.2743,105.201,107.028,98.4436,95.3188,94.3671,82.9443,104.989,101.732,66.527,153975,138275,10.2,26.9,3147,3717,8834,3240,5594,130848,18340,611.6,5966,11675,7121,112508,5648,14642.1,7697,22447,39.1,3.2,40,529,56,93,272,108,1.3,1673.9,8359.8,3899.6,1975.36,1378.1,3748.3,174.3,181.7,175,186.9,9566.8,218567,720620,2312.2,52.4,59.9,56,65
11/1/2009,11089.3,9000.4,102.577,932633,99.4398,85.165,102.514,100.116,83.7061,104.947,108.057,99.7372,96.381,96.5627,83.8074,95.1892,100.396,67.3401,153877,138502,10,28.5,2806,3526,9050,3163,5887,130996,18306,613.9,5960,11648,7099,112690,5639.7,14627.7,7683,22501,39.7,3.4,40.4,574,64,104,301,105,1.28,1694.2,8392.1,3901.8,2044.51,1361.3,3817.5,176.6,184.7,176.9,195.3,9556.1,215534,709607,2316,51.7,60.6,54.4,55
12/1/2009,11128.2,9007.8,103.109,936331,100.304,85.6031,103.383,100.86,82.903,106.182,109.154,100.825,97.1728,97.2832,83.6942,101.635,98.4899,67.3697,153059,137792,10,29.1,2929,3486,8969,2840,6130,130910,18240,613.5,5907,11630,7089,112670,5618.5,14623,7695,22467,39.6,3.4,40.4,557,51,88,310,108,1.26,1689.4,8410.3,3904.8,2017.28,1343.3,3806.8,177.1,185.5,177.8,200.8,9534.9,213466,702051,2344.1,51.6,63,55.3,61.5
1/1/2010,11121.5,9008.8,103.021,931933,101.052,86.2975,104.664,101.799,85.606,106.555,111.361,101.01,97.9287,97.1109,84.5994,106.994,95.3589,68.2204,153170,138333,9.7,30.2,3008,3362,8945,2632,6313,129527,17846,617.8,5625,11540,7045,111681,5547.9,14398.6,7643,22472,40,3.5,40.8,591,66,91,312,122,1.25,1676.5,8463.1,3871.6,2010.11,1318.4,3777.4,178.9,188,180.8,213.9,9500.3,222451,700438,2339.4,53.6,62.9,57.2,70
2/1/2010,11128.8,9006.1,103.307,937966,100.986,85.9631,104.406,100.87,83.131,106.12,112.762,101.366,98.8286,95.7289,84.5067,107.93,97.8779,68.2689,153512,138641,9.7,29.7,2748,3412,8829,2696,6133,129526,17793,623.1,5555,11555,7056,111733,5546.6,14401.4,7634,22470,39.4,3.4,40.3,575,66,104,268,137,1.27,1710.4,8518.7,3903,2151.01,1300.7,3725.7,177.7,186.4,180.4,208.7,9501.8,218554,691058,2328.2,54.6,57.1,55.8,67
3/1/2010,11158.4,9006.6,103.803,947447,101.61,86.5876,105.421,101.57,85.1518,106.402,114.584,101.918,100.465,96.6546,85.5973,103.205,100.883,69.2754,153910,138905,9.7,31.2,2646,3228,8983,2436,6547,129750,17870,629.8,5592,11579,7086,111880,5568.9,14432.3,7599,22496,40,3.7,41,626,66,83,337,140,1.23,1712.2,8512.1,3899.1,2106.63,1258.2,3704.4,178.9,188,181.3,212.1,9428.6,258958,681848,2331.5,54,61.4,58.8,75
4/1/2010,11241.9,9058.8,103.873,954855,102.267,86.6667,105.701,101.626,85.2467,106.447,115.055,102.888,102.087,97.5849,86.3872,94.4585,101.653,70.0406,154715,139455,9.9,33,2682,2991,8969,2253,6716,130161,17968,636.2,5625,11635,7124,112193,5573,14443.7,7611,22571,40.5,3.9,41.2,672,83,105,367,117,1.23,1700.7,8479.8,3913.5,2044.08,1264.3,3714.5,178.9,187.9,182.7,210.6,9333.7,257339,676127,2330.7,55.6,62.4,58.1,78
5/1/2010,11300.8,9113.9,104.127,953776,103.538,88.0962,107.12,103.03,88.2559,107.343,116.908,103.982,104.544,96.5824,87.6458,100.841,101.446,71.1876,154393,139420,9.7,34.4,2752,3019,8924,2161,6763,130570,17971,647.3,5591,11660,7160,112599,5578.7,14450.8,7599,22968,40.5,4.1,41.5,593,75,107,288,123,1.24,1705.2,8560.1,3934.6,2034.32,1253.5,3700.2,178.9,187.8,183.4,206.2,9382,254828,670312,2305.4,57.1,63.1,58.3,77.5
6/1/2010,11321.6,9217.8,104.126,958196,92.5354,88.0704,93.9574,93.8568,82.9368,97.525,93.0814,93.7561,87.6595,88.7142,87.6399,104.775,100.239,71.3067,153741,139119,9.5,35.2,2769,3121,8959,2208,6751,130470,17977,653.5,5582,11670,7166,112493,5574.9,14435.8,7584,22770,40.3,3.8,41,549,63,94,281,111,1.26,1722.6,8611.8,3943.9,2023.97,1245.1,3677.9,178.3,186.9,182.3,201.5,9415.8,252786,665725,2281.5,55.9,60,56.4,57
7/1/2010,11318.1,9196.5,104.279,971968,93.4009,88.6641,95.1334,95.0615,86.6954,97.9016,94.49,94.4439,88.5199,89.3671,88.3575,104.053,102.486,72.0099,153560,138960,9.5,34.2,2839,3060,8722,2151,6572,130242,18023,660.1,5573,11717,7210,112219,5585.8,14433.7,7573,22505,40.3,3.8,41.1,546,77,93,267,109,1.26,1718.5,8610.4,3942.6,2015.14,1237.4,3656.8,178.5,187.2,181.9,207.1,9433.7,251341,663256,2362.4,59.5,57,56.4,57.5
8/1/2010,11351.1,9203.8,104.845,969631,93.2093,88.5972,94.7813,94.4884,83.9556,98.0299,94.4362,94.3489,88.1234,89.8701,88.454,104.562,101.501,72.2007,154110,139250,9.6,33.6,2760,3635,8484,2235,6249,130311,18031,668.3,5611,11679,7175,112280,5592.3,14433.8,7576,22441,40.5,3.9,41.2,598,56,112,289,141,1.27,1745.6,8658,3955.8,2014.64,1241.4,3648.4,179.5,188.5,182.8,211.4,9512,248909,660324,2405.7,62.1,56.9,58,61.5
9/1/2010,11341.3,9200,104.931,972755,93.1902,88.4763,94.8106,94.4047,82.8296,98.2835,94.8,94.6225,87.9305,90.8114,88.5208,103.389,100.785,72.3574,154158,139391,9.6,33.3,2891,3350,8458,2336,6123,130201,18019,675,5604,11670,7176,112182,5588.8,14446.1,7577,22231,40.7,3.9,41.2,610,72,101,305,132,1.27,1765.5,8709,3969.5,1981.11,1224.2,3637.3,180.1,189.3,183.5,209.7,9615.1,245465,653584,2436.7,57.9,53.5,56.3,70.5
10/1/2010,11372.8,9285.7,105.37,973513,93.3753,88.2251,95.2468,94.6267,84.6318,97.9945,95.8025,94.854,88.7334,91.277,88.5935,99.1719,100.557,72.5076,153904,139061,9.6,33.9,2657,3458,8725,2519,6206,130462,18049,685,5625,11669,7183,112413,5600.4,14488.3,7575,22240,40.6,3.9,41.3,519,79,98,251,91,1.27,1779,8766.1,3978.1,1998.44,1219.6,3621,181.6,191.6,185.7,217,9694.6,243767,631608,2451.4,59.5,59.5,57.7,71
11/1/2010,11393.1,9305.1,105.81,980131,93.8961,88.3256,95.3595,94.2015,82.8864,97.9936,97.1941,95.6585,89.2341,92.0835,88.7276,99.6013,100.357,72.6951,154007,138888,9.8,33.8,2828,3359,8889,2576,6313,130539,18026,686.8,5615,11648,7176,112513,5608.6,14429.8,7573,22261,40.5,4,41.3,555,79,110,269,97,1.25,1831.9,8804.2,3988.4,1991.15,1221.5,3614.8,182.4,192.8,187.3,219.6,9757.4,242037,628521,2456.8,60.5,57.9,57.6,69.5
12/1/2010,11412.7,9327.2,106.026,982642,94.8756,88.9296,96.278,95.5052,82.6209,99.8044,97.6694,96.7376,90.5976,92.5269,89.0769,108.477,102.125,73.0448,153690,139206,9.4,34.2,2725,3184,8647,2205,6441,130712,18041,686.7,5603,11670,7194,112671,5619,14475.7,7585,22259,40.5,4,41.2,529,58,69,262,140,1.25,1836.1,8836.9,3983.8,2009.32,1219.1,3611.5,184,195,189.3,229.8,9786.3,277440,827674,2426.2,58.2,59.8,57.5,72.5
1/1/2011,11498.4,9426.9,106.231,992297,95.1452,88.9344,96.758,95.7672,84.3773,99.5869,98.6884,96.8777,91.1922,93.4189,89.2569,108.491,101.559,73.2406,153186,139323,9,36.9,2678,3016,8495,2285,6210,130265,17804,689.6,5455,11617,7189,112461,5489.5,14471.3,7606,22235,40.2,4,41,596,78,90,307,121,1.23,1853.7,8837,3981.6,2057.1,1225.6,3599,185.5,196.9,192,237.3,9732,276142,822949,2423.6,60.6,62.5,59,81.5
2/1/2011,11510.8,9428.9,106.536,979185,95.485,88.7778,97.3984,95.7469,86.8472,98.7699,101.2,97.1459,92.7699,92.3565,89.2378,104.269,101.445,73.2545,153246,139573,8.9,37.1,2390,3094,8172,2179,5993,130515,17902,693.3,5509,11651,7217,112613,5500.7,14469.7,7608,22217,40.5,4.2,41.2,479,55,57,282,85,1.24,1872.9,8890.1,3991.7,2243.57,1229.9,3572,187.5,199.5,194.7,243.3,9775.2,275265,816382,2414.1,61.5,61.9,59.3,82
3/1/2011,11533.7,9434.9,106.909,990068,93.5904,89.1506,95.4923,94.2168,90.0514,95.6973,95.4598,95.2377,89.5523,90.0274,89.8327,100.291,103.759,73.7543,153406,139864,8.8,39,2449,2914,8078,1957,6122,130738,17939,707.9,5514,11667,7227,112799,5520.1,14487.6,7610,22166,40.7,4.3,41.5,549,59,82,297,111,1.23,1890.2,8913.5,3989.4,2428.16,1241.3,3539.3,188.8,201.2,197.5,247.5,9849.3,275970,814946,2431,60.7,61.9,59.1,85
4/1/2011,11486.5,9408.5,106.96,983348,93.097,88.7132,94.2949,93.2151,86.2056,95.5537,93.9802,95.2048,88.7284,89.667,89.2748,101.33,101.211,73.2896,153421,139674,9,38.3,2691,2907,7845,2006,5839,131028,17997,718.9,5524,11706,7251,113031,5531.3,14531.7,7615,22166,40.9,4.2,41.4,523,60,96,255,112,1.26,1901,8945.7,3997.2,2531.67,1249.9,3506.4,190.3,203.3,200.1,260.3,9937.4,270240,807609,2465.5,59.7,60.4,58.9,85.5
5/1/2011,11491.3,9413.3,106.834,982670,92.9815,89.2339,94.6823,93.1759,87.3702,95.1497,95.354,94.6564,88.3948,88.921,89.4697,104.075,101.694,73.4235,153693,139779,9.1,39.7,2664,2892,8184,1984,6200,131043,17997,726.5,5529,11694,7258,113046,5531.2,14527.7,7612,22127,40.9,4.1,41.4,560,58,94,271,137,1.28,1935.3,9000.7,4005.2,2590.37,1263.9,3493,191.4,204.7,202,253.1,10033.5,270391,807095,2449,57.2,52.4,53.7,76.5
6/1/2011,11432.6,9362.7,106.642,989191,93.07,89.0664,94.3532,93.0119,87.1316,95.0066,94.6802,95.1359,89.3058,88.3615,89.5745,102.53,102.424,73.4638,153421,139334,9.2,39.9,3076,2972,8125,1836,6289,131017,18006,739.3,5513,11707,7280,113011,5543.5,14537.2,7611,22064,40.9,4.1,41.4,629,77,124,292,136,1.28,1947.3,9111.7,4035.2,2671.59,1261.2,3494,190.8,203.7,202.3,253.9,10126.3,269968,807582,2428.3,60.3,55.7,56.6,68
7/1/2011,11459.4,9393.1,107.154,996751,94.1525,89.7694,95.6042,94.034,89.7346,95.5608,96.5699,96.2054,90.1017,88.6717,90.3222,102.77,103.996,74.0119,153228,139296,9.1,40.4,2689,3088,8150,1965,6185,131190,18077,751.9,5532,11745,7311,113113,5545.4,14576.2,7603,22034,40.9,4.1,41.4,604,97,76,303,128,1.27,2006.2,9313.4,4108.4,2703.62,1265.7,3485.4,191.5,204.5,203.2,255.3,10298.6,271192,807544,2440.5,56.1,54.9,52.9,59
8/1/2011,11395.1,9353.1,107.097,1000900,94.0419,90.2575,95.7054,93.7264,89.9923,95.0862,97.7174,95.9043,90.5582,87.8133,90.6006,104.046,104.842,74.1576,153594,139627,9.1,40.3,2755,3050,8273,2239,6034,131132,18084,755.4,5524,11757,7312,113048,5546.3,14569.2,7605,21962,40.8,4.1,41.3,571,61,80,292,138,1.28,2108.7,9544.9,4196.4,2680.62,1285.9,3479.3,191.2,204.1,201.8,250.7,10444,272592,808641,2460.7,54.9,52.1,53,55.5
9/1/2011,11373.3,9342.5,107.503,996991,94.1851,90.409,96.2151,93.8273,90.2442,95.1437,99.3866,95.7658,90.1735,88.0335,90.9274,101.763,105.321,74.3273,154017,140025,9.1,40.5,2772,2904,8328,2086,6242,131334,18097,758.2,5551,11741,7297,113237,5539.9,14591.9,7603,21985,40.8,4,41.3,658,62,94,339,163,1.27,2123,9586.9,4199.1,2656.69,1297.5,3479.9,192.9,206.3,202.7,251.4,10522.6,274042,809533,2469.9,54.8,51.6,52.8,56
10/1/2011,11380.6,9339.8,107.747,1008670,94.7136,90.6194,96.6946,94.2205,92.0299,95.126,100.303,96.5699,90.2105,88.7533,91.3922,99.0433,104.52,74.5958,154198,140302,9,39.4,2694,3250,7924,2048,5876,131516,18094,763.5,5525,11759,7321,113422,5549.9,14612.7,7611,21979,40.9,4.1,41.5,628,68,102,326,132,1.27,2149.2,9606.5,4212.6,2678.5,1313.2,3484.9,192.5,205.7,200.9,244.4,10551,274077,808631,2476.6,55.1,52.4,51.8,41
11/1/2011,11399.1,9361.9,107.788,1006730,94.8263,90.4242,96.5829,93.8661,90.2595,95.1888,100.421,96.8693,90.3822,89.293,91.3445,97.0017,106.125,74.4344,153883,140580,8.6,40.9,2519,2911,7801,2111,5691,131708,18101,767.3,5522,11764,7337,113607,5550.4,14667.2,7626,21989,40.9,4.1,41.3,685,100,90,332,163,1.27,2149.1,9641.9,4229.7,2623.12,1317.6,3486.6,192.9,206.3,201,250.8,10590.4,275083,811994,2490.2,53,55.2,52.1,45
12/1/2011,11438.6,9395.7,107.836,1015810,95.2915,90.9252,96.829,94.1218,90.7553,95.3748,101.146,97.5452,91.9414,90.3735,91.9859,93.6369,105.67,74.8251,153887,140790,8.5,40.8,2669,2858,7628,2039,5588,131900,18159,776,5544,11790,7365,113741,5563.9,14686.9,7624,21972,41,4.1,41.5,657,57,144,320,136,1.26,2158,9675.8,4243.9,2603.6,1339,3475.2,192.8,205.9,200.1,244.9,10649.4,276945,816724,2510.4,55,55.4,53.1,47.5
1/1/2012,11515.9,9485.1,108.114,1016420,95.9054,91.4363,97.6563,94.2104,95.5416,94.0847,104.357,97.8486,93.344,91.0626,92.9363,92.0729,103.812,75.4578,154395,141637,8.3,40.1,2486,2884,7498,1980,5518,132409,18266,782.2,5572,11862,7408,114143,5582.9,14741.4,7690,21973,41.3,4.3,41.9,699,68,102,388,141,1.27,2228.6,9766,4267.7,2647.72,1353.2,3491.2,193.3,206.6,200.2,247.8,10752.3,277523,814356,2546.4,54,55.2,52.8,55.5
2/1/2012,11491.4,9457.6,108.594,1019660,96.1735,92.1329,98.0541,94.4441,95.9823,94.2577,104.921,97.9253,94.2927,91.2284,93.4815,92.4614,105.833,75.7547,154871,142065,8.3,40,2541,2807,7397,1971,5426,132697,18283,789.9,5554,11891,7434,114414,5591.7,14750.2,7701,21986,41.3,4.3,41.9,698,64,103,404,127,1.28,2222.9,9787.4,4271.1,2733.27,1372.7,3525.4,193.8,207.1,200.8,245.8,10769.1,278362,812715,2587.5,53.6,55.2,52.4,61.5
3/1/2012,11527.8,9494.4,108.621,1015160,96.5685,91.6253,95.9069,93.0854,92.7035,93.2324,100.773,100.641,100.278,90.7345,93.1981,88.0209,104.031,75.3769,154707,142034,8.2,39.4,2572,2754,7175,1867,5308,132821,18314,787.1,5551,11928,7455,114507,5594.4,14694,7721,21997,41.1,4.3,41.7,654,89,102,334,129,1.27,2220.7,9821.4,4274,2684.29,1394.2,3538.1,194,207.2,203.1,247.7,10817.3,280233,813331,2597.8,54.6,55.5,53,61
4/1/2012,11499.9,9466,108.863,1017540,97.4133,92.3577,96.6327,93.5695,94.6954,93.2353,102.375,101.505,100.781,89.9838,93.9056,92.0238,102.75,75.7993,154365,141865,8.1,39.1,2543,2814,6984,1884,5101,132989,18342,789.5,5558,11947,7471,114647,5600.7,14749.6,7719,21969,41.3,4.2,41.8,717,69,127,385,136,1.26,2248,9842.3,4293.4,2673.81,1412.6,3534.4,193.6,206.6,201.9,240.6,10861.9,281944,816541,2620.3,56.5,55.8,53.7,61
5/1/2012,11544.9,9501.7,108.899,1024550,97.2853,92.8085,96.5173,93.4028,93.8429,93.287,102.927,101.397,100.397,89.0498,93.7048,101.082,103.862,75.4887,155007,142287,8.2,39.7,2580,3002,7073,1662,5411,133009,18307,789.8,5516,11953,7479,114702,5622.6,14755.6,7724,21969,41,4.1,41.5,708,63,111,367,167,1.27,2238.1,9875.4,4317.2,2635.06,1420.6,3531.4,192.7,205.3,200.6,232.7,10903.2,284298,811811,2618.9,56,57.1,53.2,47.5
6/1/2012,11610.3,9568.9,108.785,1019920,97.4298,92.8063,96.6569,93.1188,94.356,92.7488,104.424,101.627,100.891,88.7538,94.0452,98.1751,104.242,75.6165,155163,142415,8.2,39.9,2810,2826,7182,1811,5370,133088,18314,792.9,5509,11962,7491,114774,5632,14747.2,7737,21943,41.1,4.3,41.7,760,77,101,363,219,1.29,2256.1,9943.7,4334.1,2644.75,1434.4,3517.1,192.2,204.3,198.9,224.4,10966.6,286914,814053,2606.7,55.8,51.3,51,37
7/1/2012,11640.3,9584.3,109.141,1028370,98.0398,93.067,97.3334,93.8594,95.0716,93.4979,104.454,102.513,101.935,88.7662,94.4149,100.126,103.353,75.772,155013,142220,8.3,38.8,2711,3092,6945,1760,5185,133245,18344,790.6,5513,11990,7512,114901,5642.3,14759.5,7738,21928,41.1,4.1,41.7,746,77,117,355,197,1.28,2318.9,10020.9,4379.1,2669.2,1451.2,3518.8,192.5,204.6,198.1,231.3,11059.7,289798,814532,2644.6,53.3,50.3,50.6,39.5
8/1/2012,11575.3,9526.1,109.096,1023140,96.8202,92.4793,96.5599,92.7176,91.5589,93.1105,104.818,100.76,100.414,88.5555,93.9503,98.7718,103.638,75.2638,154645,142101,8.1,39.2,2844,2868,6878,1845,5033,133300,18323,789.1,5515,11970,7489,114977,5646.7,14751.3,7742,21900,40.9,4.1,41.5,750,76,134,364,176,1.28,2332.9,10058.2,4388.1,2669.41,1461,3519.27,194.8,208,199.9,242.3,11122.2,293266,820300,2646.28,52.9,49.6,51.1,54
9/1/2012,11578.5,9526.1,109.591,1024580,97.0328,92.6608,96.5814,92.6572,89.8365,93.5781,104.904,100.935,99.7441,89.4447,94.1176,97.5675,103.474,75.2681,155063,142974,7.8,39.8,2542,2826,6703,1860,4844,133500,18304,788.5,5523,11942,7469,115196,5644.2,14767.9,7758,22001,41,4.2,41.5,872,75,143,451,203,1.28,2379.1,10128,4397.9,2616.28,1463.73,3539.8,196.7,210.8,202,245.2,11214.6,294795,822653,2663.54,54.3,53.5,52.2,58
10/1/2012,11532.5,9480.7,109.409,1022080,96.5879,92.1254,95.6585,92.1045,90.7446,92.5617,103.096,101.077,98.0992,89.0413,93.7218,101.575,105.376,74.828,155641,143384,7.9,40.2,2632,2851,6839,1836,5002,133755,18330,774.8,5539,11966,7476,115425,5649.6,14832,7763,22011,41.1,4.1,41.5,894,72,159,431,232,1.29,2418.4,10221,4427.4,2648.76,1479.65,3532.26,197,211.2,202.4,244.3,11307.2,295890,825505,2674.1,53.1,51.8,51.2,55
11/1/2012,11643.2,9578.8,109.98,1041260,97.509,93.5308,96.5588,93.2747,94.1711,93.017,103.652,102.107,99.5074,89.6194,94.9248,101.715,104.066,75.6687,155291,143262,7.7,40,2577,2747,6605,1819,4786,133852,18301,782.8,5514,11954,7490,115551,5666.7,14908.4,7765,21962,41.1,4.1,41.6,861,73,158,458,172,1.28,2395.9,10269.5,4460.5,2665.09,1481.21,3543.1,195.7,209.2,200.6,246.3,11356.9,296807,829275,2691.08,48.8,51.4,49.5,52.5
12/1/2012,11994,9921.9,110.141,1043590,98.093,93.5134,97.1922,93.3548,95.9239,92.5679,105.995,102.717,100.785,90.438,95.5852,91.8163,104.944,76.08,155511,143305,7.8,38.1,2676,2838,6661,1895,4766,134021,18389,786.1,5564,11988,7503,115632,5659.6,14900.2,7776,21925,41.2,4.2,41.6,954,85,197,469,203,1.27,2455.5,10408,4506.9,2656.87,1503.06,3541.77,195.4,208.9,200.7,248.7,11518.2,298192,832668,2742.27,52.7,50.1,50.4,55.5
1/1/2013,11552.1,9468.5,110.296,1041300,98.6212,93.47,97.9846,94.1937,94.9856,93.9692,106.347,102.91,101.069,90.9333,95.3512,97.6269,105.587,75.784,155654,143322,7.9,35.3,2766,3028,6566,1858,4708,134825,18544,813.9,5731,11950,7494,116281,5729.9,15041.7,7837,21864,41,4.2,41.6,890,75,95,483,237,1.29,2459.8,10440.2,4524.1,2748.97,1518.04,3554.81,196.1,209.8,201.4,249.6,11587.4,299407,831338,2737.12,53.8,50.8,52.3,56.5
2/1/2013,11625.7,9547.8,110.74,1043520,99.4965,94.3838,98.9361,95.1209,97.626,94.3547,107.659,103.537,102.016,92.0578,95.9298,99.051,105.909,76.1368,155524,143492,7.7,36.9,2667,2782,6493,1695,4797,135046,18630,817.8,5784,11977,7506,116416,5736.7,15056.8,7844,21843,41.3,4.3,41.9,917,103,132,463,219,1.28,2471.2,10412.6,4484.9,2874.35,1529.09,3545.83,197.2,211.3,203.3,247,11568.1,299683,828163,2726.5,52.2,55.7,53.1,61.5
3/1/2013,11677.3,9589.3,110.991,1037210,99.4765,94.7796,97.4389,95.1592,95.6474,95.3963,102.298,105.145,106.284,90.1474,96.0018,106.093,105.476,76.0896,155028,143286,7.6,37.1,2464,2838,6348,1737,4611,135195,18652,818.9,5802,11981,7512,116543,5732.7,15017,7844,21865,41.3,4.4,41.8,1036,98,149,560,229,1.29,2457,10446.4,4512.3,2973.3,1541.13,3541.41,196.2,209.8,201.3,247.5,11598.2,301029,829898,2716.89,52.1,51.7,51.5,54.5
4/1/2013,11740.7,9659.7,111.119,1044760,98.7439,94.3619,96.6294,94.2436,95.0373,94.3914,101.671,104.588,105.44,89.3806,95.7941,105.786,105.418,75.8231,155238,143579,7.5,36.5,2474,2848,6320,1967,4353,135474,18644,813.9,5790,11990,7519,116830,5740.7,15077.7,7867,21844,41.3,4.3,41.7,853,82,153,406,212,1.31,2523.2,10525.9,4553.7,3045.67,1549.49,3550.15,194.8,207.7,199.9,247.3,11691.3,302042,831104,2754.07,50.5,49.7,50,50
5/1/2013,11808.5,9711.1,110.901,1152360,98.6709,94.2167,96.5202,93.8975,95.4019,93.8447,102.243,104.702,105.59,89.6059,96.0574,100.262,108.23,75.9284,155658,143898,7.6,36.9,2706,2669,6306,1950,4357,135637,18636,814.2,5804,11967,7508,117001,5748.9,15097.1,7872,21848,41.3,4.2,41.8,914,71,132,490,221,1.29,2534.7,10552.6,4556,3139.09,1548.43,3541.99,196.2,209.6,200.3,250.2,11719,304207,836559,2746.64,49,49.6,50,49.5
6/1/2013,13151.4,10875.8,108.729,1132250,99.0549,94.5601,97.0524,94.5564,96.5914,94.3585,102.553,104.985,105.942,89.6087,96.3536,96.3301,107.401,76.0565,155835,144058,7.6,35.6,2692,2864,6225,1896,4328,135902,18643,815.1,5812,11964,7508,117259,5760.5,15135.9,7896,21851,41.2,4.3,41.8,836,94,126,424,192,1.29,2522.3,10598.1,4551.1,3222.29,1556.77,3540.25,196.5,210,200.5,248.3,11780,305501,840430,2729.67,50,55.7,52.5,52.5
7/1/2013,13149.4,10873.3,108.9,1138000,98.9462,93.9329,96.7877,94.1066,95.4947,94.0866,102.476,105.014,105.41,88.7191,95.9756,95.7609,108.671,75.649,155798,144285,7.4,36.6,2563,2869,6034,1788,4246,136038,18643,824.7,5793,11975,7520,117395,5768.9,15191,7908,21852,41.1,4.2,41.7,896,115,158,401,222,1.28,2549.1,10710,4589.4,3310.29,1570.69,3532.1,196.4,209.9,200.6,251,11912.3,307647,843909,2699.4,55.5,59.1,54.9,49
8/1/2013,13207.8,10919.5,109.168,1140350,99.3579,94.4717,96.9438,94.1493,97.2462,93.6547,102.787,105.721,106.924,89.634,96.6641,94.6095,108.197,76.0766,155486,144170,7.3,37,2563,2766,5984,1694,4290,136133,18638,826.2,5798,11963,7518,117495,5774.7,15242.6,7903,21831,41.3,4.4,41.9,891,101,147,439,204,1.29,2552.5,10770.8,4611,3419.55,1570.84,3517.95,197.1,210.8,200.7,246.9,11980.9,309686,847145,2675.83,55,63.6,56.3,54
9/1/2013,13269.7,10976.5,109.4,1143280,100.044,95.3526,97.4656,94.4402,97.7164,93.8966,103.77,106.253,107.071,89.0212,96.9274,99.7675,108.917,76.1622,155559,144303,7.2,36.9,2596,2703,5950,1804,4146,136290,18669,828.1,5826,11963,7529,117621,5794,15243.5,7900,21880,41.4,4.3,41.8,873,98,164,427,184,1.29,2576.1,10818.5,4624.6,3508.97,1575.87,3519.83,197.1,210.6,200.7,246.5,12056.6,311675,850995,2667.26,54.8,61.3,56,56.5
10/1/2013,13294.5,10990.9,109.845,1152070,99.9778,95.6632,97.379,94.1626,97.4498,93.6145,104.041,106.064,107.597,89.3688,97.2768,102.667,111.313,76.3078,154839,143568,7.3,36.1,2761,2656,5846,1782,4063,136554,18707,835.1,5834,11986,7542,117847,5784.1,15295.8,7910,21862,41.3,4.4,41.9,889,119,151,403,216,1.29,2634.9,10953,4684.3,3630.6,1591.25,3511.79,197.5,211.2,200.6,242.9,12194.2,313947,853412,2673.44,54.3,61.3,56.6,55.5
11/1/2013,13312,11019.5,110.416,1165290,101.282,96.3274,98.3367,95.7339,100.08,94.8991,103.551,107.885,109.007,90.1449,97.5546,104.335,109.815,76.3893,155294,144386,7,37.2,2461,2597,5833,1766,4066,136765,18749,829.6,5851,12014,7560,118016,5789.6,15320.5,7905,21857,41.5,4.5,42,1091,84,214,558,235,1.29,2610.8,10932.8,4674.7,3702.04,1592.7,3508.71,197.2,210.6,199.9,238.5,12186.3,312386,850926,2684.61,55.4,63.4,57,52.5
12/1/2013,13281,10991.4,110.414,1161300,101.763,96.5598,98.9318,96.5058,101.275,95.5575,103.53,108.385,109.562,91.0129,97.7383,106.858,109.769,76.3903,154937,144586,6.7,37.1,2255,2506,5530,1651,3878,136877,18752,838.2,5833,12028,7570,118125,5810.3,15384.9,7915,21849,41.4,4.6,42.1,999,90,147,493,269,1.3,2649.7,10986.3,4683.4,3685.34,1604.57,3514.1,198.2,212.1,200.8,243.6,12227.7,313321,854762,2716.52,55.8,64.4,56.5,53.5
1/1/2014,13302.3,10989.9,110.258,1147690,101.025,95.7929,98.1306,95.7886,97.7003,95.6246,102.853,107.684,108.314,89.4468,96.8485,110.884,109.055,75.5472,155460,145224,6.6,35.4,2434,2429,5336,1689,3646,137499,18887,836,5922,12075,7598,118612,5809.9,15259.5,7900,21813,41,4.3,41.7,880,136,50,457,237,1.32,2683.1,11011.8,4687.1,3733.51,1615.2,3516.52,199.4,213.5,202.3,248.3,12252.6,313632,852557,2720.46,52.3,51.2,51.3,60.5
2/1/2014,13330.1,11004.5,110.449,1150300,101.628,96.7204,99.2219,96.4783,99.2923,96.0694,105.154,107.875,108.919,89.3916,98.2873,114.498,109.327,76.5138,155724,145266,6.7,37.1,2373,2568,5464,1615,3849,137699,18894,834.4,5941,12065,7584,118805,5832.1,15235,7908,21851,40.6,4.2,41.4,907,75,78,529,225,1.31,2731.5,11113,4725.5,3869.43,1651.3,3530.37,199.6,213.6,202.8,259.8,12357.9,313151,848669,2734.75,52.3,54.5,54.3,60
3/1/2014,13396.4,11062.9,111.546,1162040,103.237,97.8681,100.303,97.8836,100.297,97.5949,105.151,110.068,112.33,89.9389,98.9627,110.848,113.943,76.8771,156227,145742,6.7,35.6,2461,2581,5417,1677,3739,137928,18941,841.8,5964,12079,7606,118987,5836.7,15259.6,7910,21841,41.5,4.6,42,946,115,144,477,210,1.3,2744.3,11158,4735.2,3925.64,1669.38,3547.73,200,214.3,202.9,260.8,12395.9,314568,851005,2755.82,51.1,55.1,54.4,59
4/1/2014,13402.6,11076.8,110.706,1166340,102.743,97.2668,99.8138,96.9493,100.959,96.2224,105.641,109.703,112.057,89.837,98.6068,101.01,112.747,76.4343,155421,145669,6.3,35.1,2447,2359,4985,1533,3452,138252,19006,851.7,6000,12100,7624,119246,5849.9,15293.9,7916,21869,41.4,4.4,41.9,1072,139,216,486,231,1.29,2777.7,11215.4,4747.2,3964.97,1686.85,3564.04,200.8,215.4,202.9,263.6,12428.5,316280,854489,2767.73,54.7,55.1,55.3,56.5
5/1/2014,13424.7,11096.9,110.619,1174500,103.659,97.6826,100.227,97.1531,101.657,96.2925,106.966,111.235,114.119,90.8664,99.5222,101.142,114.854,76.9718,155613,145814,6.3,34.5,2559,2390,4814,1441,3374,138463,19009,851.8,6004,12099,7636,119454,5863.7,15319.1,7919,21869,41.5,4.6,42.1,1001,95,172,529,205,1.29,2790.2,11287.3,4760.9,3932.28,1699.01,3571.57,201.1,215.7,203.1,260.7,12508.1,318216,857487,2793.21,52.8,56.9,55.6,60
6/1/2014,13531.4,11227.4,110.99,1176870,103.915,97.7758,100.285,97.2237,102.605,96.1251,106.991,111.694,114.787,90.3463,99.7507,95.693,113.441,77.1586,155694,146221,6.1,33.5,2410,2416,4553,1472,3081,138780,19043,852.3,6015,12121,7657,119737,5877.6,15357.2,7944,21908,41.6,4.5,42.1,893,105,219,375,194,1.29,2833.9,11335.1,4775.8,3970.77,1708.11,3594.24,201.9,216.8,203.4,257.9,12554.5,318204,858412,2809.49,52.8,58.9,55.7,58
7/1/2014,13562.9,11242.7,110.763,1188430,104.388,98.251,100.906,97.6351,107.182,95.4093,108.07,112.166,117.279,90.1081,100.717,92.0815,114.846,77.7636,156023,146352,6.2,32.4,2587,2431,4566,1412,3155,139004,19117,860.8,6041,12160,7695,119887,5876.4,15386.4,7951,21922,41.6,4.4,42,1093,144,164,511,274,1.29,2856.5,11423.1,4801.5,4008.86,1731.14,3605.87,201.9,216.7,203.6,253.4,12641.7,320433,865160,2837.17,58.2,63.4,56.4,59.5
8/1/2014,13623.9,11283.8,111.544,1184860,104.115,97.8038,100.187,96.6695,102.631,95.4085,108.16,112.106,116.185,90.0026,100.161,92.45,113.308,77.1938,155959,146368,6.1,31.7,2609,2449,4450,1486,2963,139118,19144,862.5,6068,12158,7694,119974,5884.9,15366.4,7963,21897,41.5,4.5,42,956,121,157,474,204,1.29,2816.6,11453.4,4823.9,4096.94,1748.34,3613.86,201.5,216.1,203.4,245.7,12667.3,323624,867764,2834.38,58.1,66.7,58.1,58
9/1/2014,13643.9,11290.6,111.339,1188300,105.073,98.3262,100.573,96.9953,103.186,95.6726,108.194,113.597,116.908,90.5226,100.478,99.4198,112.621,77.2977,155862,146600,5.9,31.5,2383,2508,4371,1416,2954,139435,19161,872.2,6079,12154,7696,120274,5879.7,15409.9,7985,21911,41.5,4.5,42.1,1017,120,176,491,230,1.3,2855.4,11474.1,4828.5,4071.96,1732.61,3612.19,201.4,215.9,203,245.9,12691.8,325526,870346,2856.63,54.6,60,56.1,59.5
10/1/2014,13612.5,11267.9,111.799,1194580,104.857,98.0796,100.294,96.7353,102.052,95.6475,108.166,113.417,116.981,91.0438,100.586,100.366,112.725,77.2405,156278,147283,5.8,32.7,2473,2312,4332,1417,2916,139680,19204,872.7,6095,12181,7716,120476,5894.7,15436.5,7988,21914,41.7,4.4,42.1,1009,97,145,546,221,1.3,2853.3,11510.5,4844,4041.24,1742.2,3613.93,200.9,215,201,237.7,12758.2,326076,870159,2864.29,55.5,65.8,57.9,53.5
11/1/2014,13695.4,11354.2,113.128,1200410,106.662,100.274,102.79,99.6643,105.776,98.3733,109.926,114.755,118.655,91.9521,102.227,106.256,114.707,78.3587,156397,147287,5.8,33,2529,2390,4247,1431,2815,140045,19252,869.1,6109,12217,7739,120793,5892.6,15499.7,8013,21933,41.7,4.5,42.2,1028,113,183,454,278,1.31,2852.8,11561.9,4877.8,3847.92,1762.05,3613.61,199.2,212.7,199.4,234.6,12825.8,326109,873373,2874.58,54.9,66,57.6,44.5
12/1/2014,13768,11399.9,113.048,1206100,106.511,99.7435,102.09,98.5343,105.8,96.9294,110.332,115.066,118.738,92.7386,102.498,93.4389,115.391,78.4262,156129,147442,5.6,32.8,2375,2293,4059,1274,2785,140347,19336,875.3,6166,12239,7757,121011,5907.5,15511.3,8022,21945,41.7,4.6,42.2,1089,126,163,508,292,1.33,2897.4,11632,4925.7,3898.46,1783.84,3626.75,197,209.4,196.2,223.8,12919.9,325760,880987,2929.42,56.8,57.3,55.1,38.5
1/1/2015,13909.9,11509.9,113.371,1210470,106.188,99.4056,101.726,98.567,105.064,97.1669,109.891,114.758,118.777,92.2381,102.147,97.5346,114.649,78.0542,157180,148201,5.7,32.3,2383,2318,4180,1380,2800,140849,19556,858.7,6314,12330,7807,121293,5885.2,15550.6,8077,21891,41.4,4.4,42.1,1065,111,140,528,286,1.35,2924,11700.3,4986,4019.74,1801.32,3640.23,192.8,203.4,190.8,202.7,12977.2,327761,880829,2954.06,54.1,52.9,53.5,35
2/1/2015,13947.3,11534.7,113.32,1208730,105.803,99.465,101.882,99.3969,103.734,98.576,109.081,113.832,116.401,91.7921,101.319,112.318,116.191,77.3025,157002,148297,5.5,31.7,2431,2223,4044,1335,2709,141126,19582,844.5,6353,12330,7809,121544,5901.2,15557.1,8081,21911,41.5,4.3,42,897,47,97,514,239,1.36,2988.3,11820.3,5025.9,3866.43,1820.7,3659.26,192.6,203,189.7,194.8,13094.8,328066,879255,2977.07,51.4,52.5,52.9,35
3/1/2015,13928.7,11505.5,113.671,1206320,105.216,98.7166,101.154,98.7563,105.052,97.4115,109.246,113.44,116.148,91.2757,101.23,101.985,117.962,77.1225,156906,148331,5.5,30.7,2488,2312,3816,1253,2563,141183,19547,830,6344,12319,7799,121636,5903.2,15590.9,8083,21898,41.2,4.3,41.8,926,101,126,498,201,1.36,2988,11846,5025,4081.23,1839.54,3698.14,193.6,204.1,189.5,191.5,13163.4,328710,880378,2976.98,50,51.8,51.5,39
4/1/2015,14000.8,11571.1,113.652,1219000,105.179,98.7748,101.012,99.0333,106.633,97.3431,108.676,113.286,115.458,91.9049,101.459,99.079,117.879,77.1901,157072,148523,5.4,30.8,2729,2307,3663,1139,2525,141367,19570,810.9,6383,12322,7800,121797,5903.6,15592.4,8093,21907,41.2,4.3,41.8,1135,184,170,503,278,1.36,2993.8,11894.9,5040.7,4088.79,1856.14,3704.63,192.4,202.5,187.4,193.3,13199.3,330285,882369,2995.03,48.3,53.5,51.5,40.5
5/1/2015,14039,11616,114.521,1208840,105.102,98.6669,100.874,98.9567,108.027,96.8769,109.257,113.247,116.323,91.0064,101.309,102.387,115.27,76.9723,157469,148795,5.5,30.7,2418,2532,3795,1293,2502,141679,19567,791.2,6387,12335,7807,122112,5905.4,15632.1,8111,21941,41.1,4.2,41.8,1036,139,149,495,253,1.36,2986.8,11937.1,5036.3,3958.61,1870.69,3713.66,195.2,206.3,189.2,199.7,13262.7,332599,885141,3026.74,51.7,55.8,52.8,49.5
6/1/2015,13940.7,11511,113.5,1208160,105.707,99.0082,101.213,99.1753,106.888,97.4551,110.061,114.173,116.401,91.9608,101.704,102.118,117.388,77.1695,157037,148739,5.3,28.1,2355,2364,3514,1393,2121,141842,19561,788.7,6380,12338,7806,122281,5904.8,15657.5,8127,21910,41.3,4.4,41.8,1174,206,145,571,252,1.37,3007.9,11982.4,5039.2,3950.9,1889.25,3741.38,197,208.8,190.6,202,13324.7,330587,884236,3028.56,55.5,56,53.5,49.5
7/1/2015,13985.2,11550.7,113.863,1210720,107.477,104.592,104.27,106.15,123.49,101.881,106.517,110.886,108.404,103.26,105.743,102.999,113.144,76.2086,157106,148840,5.3,28.3,2488,2257,3368,1188,2180,142071,19569,781.5,6383,12350,7790,122502,5918.8,15703.6,8140,21923,41.1,4.3,41.8,1206,161,179,589,277,1.36,3035.6,12059.1,5064.7,3989.3,1897.45,3759.49,196.8,208.4,190.3,196.1,13436.7,335643,892337,3018.69,52.7,56.5,52.7,44
8/1/2015,14032.9,11596.3,114.62,1213180,107.079,104.398,104.036,105.918,120.071,102.444,106.321,110.22,107.402,102.79,105.289,103.319,112.494,75.7987,157065,149036,5.1,28.4,2095,2374,3437,1250,2187,142288,19540,769.2,6388,12329,7789,122748,5926.6,15711,8167,21995,41.2,4.3,41.8,1126,108,157,602,259,1.37,3049.5,12138.3,5101.6,4003.07,1910.5,3772.77,195.8,207,189.2,187.5,13551.7,338588,895384,3031.5,51.2,51.7,51.1,39
9/1/2015,14063.1,11618.2,114.736,1229880,107.092,104.875,104.722,106.467,119.817,103.193,107.341,109.602,107.276,102.44,105.544,105.665,112.072,75.8993,156715,148800,5.1,26.3,2363,2218,3318,1214,2104,142371,19523,757.2,6396,12318,7788,122848,5916.4,15724.1,8154,22029,40.8,4.1,41.6,1206,137,137,621,311,1.38,3051.4,12196.2,5133.8,4049.3,1912.91,3784.52,193.2,203.3,186.4,181.6,13591.9,343483,905059,3017.93,50.5,50.1,50.2,38
10/1/2015,14190.4,11737.5,114.683,1228420,107.212,105.264,104.973,107.071,121.426,103.549,107.102,109.357,107.626,103.535,106.301,103.54,112.162,76.3588,157028,149120,5,28,2326,2311,3360,1218,2142,142654,19554,750.6,6434,12317,7785,123100,5930.4,15749.7,8161,21988,41.4,4.3,41.8,1060,140,161,506,253,1.38,3035.5,12200.4,5125.3,4098.85,1929.03,3807.45,192.6,202.6,185.7,181.6,13634,343664,906420,3040.99,47.7,50.8,49.4,39
11/1/2015,14226,11767.2,114.994,1226920,106.534,104.685,104.155,106.093,122.172,102.141,106.626,108.549,107.485,103.493,106.238,95.6021,112.697,76.23,157301,149364,5,28,2406,2262,3321,1270,2050,142900,19597,736.6,6490,12318,7775,123303,5937,15781.7,8183,21985,41.2,4.2,41.8,1173,130,174,615,254,1.38,3092.9,12288.1,5160.7,4026.02,1952.2,3841.84,192.7,202.8,184.6,172.3,13725.1,342720,904888,3067.1,50.8,49,48.4,35.5
12/1/2015,14260.3,11782.3,115.21,1229800,106.022,104.217,103.359,105.369,122.021,101.275,105.384,107.981,107.395,103.308,105.993,92.1121,110.659,75.9709,157833,149929,5,27.6,2405,2192,3320,1235,2085,143242,19651,730.2,6538,12331,7766,123591,5940.9,15771.3,8196,22001,41.3,4.1,41.7,1149,163,148,583,255,1.39,3076.3,12330,5184,3816.11,1977.03,3864.25,191.3,200.7,182.7,167.2,13747.1,340475,904679,3097.47,48,48.8,48,33.5
1/1/2016,14270.6,11793,115.64,1233260,106.848,104.927,104.009,106.741,122.25,102.931,104.683,108.962,107.545,104.299,106.227,99.8456,110.933,76.0713,158335,150544,4.9,28.9,2249,2282,3224,1135,2089,143288,19728,706.8,6615,12356,7751,123560,5911.2,15811.1,8210,22032,41.3,4.3,41.8,1099,156,136,560,247,1.4,3091.9,12418.3,5216.8,3779.88,1984.39,3887.87,190.6,199.6,180.6,165.6,13751.2,339756,900502,3121.86,45.9,51.5,48.2,33.5
2/1/2016,14293.6,11802.3,115.545,1233760,106.328,104.82,103.933,106.411,123.497,102.211,105.484,107.892,106.935,104.276,106.376,94.6299,115.505,76.1041,158890,151074,4.9,29,2297,2236,3297,1132,2165,143560,19692,682,6631,12327,7735,123868,5911.7,15877.8,8212,22042,41.3,4.3,41.9,1178,73,181,615,309,1.41,3101.9,12472.6,5247,3909.06,2006.13,3913.26,189.4,197.9,179.3,162.2,13821.3,338455,896041,3127.41,48.5,51.5,49.7,38.5
3/1/2016,14314.9,11821.5,115.742,1236360,103.376,101.289,99.9967,102.857,117.837,98.9538,101.158,105.471,105.276,101.769,103.121,92.9726,112.196,75.1477,159286,151320,5,28.4,2412,2205,3391,1178,2213,143774,19683,668,6672,12291,7701,124091,5920.2,15942.1,8227,22082,40.9,4.3,41.7,1089,121,150,555,263,1.41,3145.4,12567.2,5282.1,3926.92,2023.14,3932.53,189.8,198.4,179,166.2,13974.1,335904,896561,3137.91,48.1,58.3,51.7,51.5
4/1/2016,14380.9,11888.4,116.46,1239300,104.147,102.276,101.034,103.979,119.005,100.064,102.459,105.939,105.022,101.952,103.39,102.964,111.001,75.2945,158924,151004,5,27.7,2545,2131,3367,1304,2063,143915,19679,661.6,6670,12297,7710,124236,5928.5,15915.2,8249,22077,41.2,4.4,41.9,1172,134,187,616,235,1.4,3184.8,12652.2,5296.2,3912.37,2047.49,3950.62,190.2,199,179.5,170.6,14064.7,335154,895019,3165.49,49.2,55.8,50.7,59
5/1/2016,14395.1,11901.5,116.789,1218000,103.553,101.433,100.129,102.844,115.954,99.4424,101.994,105.691,104.939,101.531,102.804,100.489,109.277,74.8165,158466,151030,4.7,26.7,2207,2239,3058,1173,1885,143894,19625,645.7,6645,12285,7687,124269,5911.2,15928,8255,22089,41.1,4.2,41.8,1164,82,199,613,270,1.4,3237,12733,5318.5,3858.09,2053.27,3978.59,191.2,200.3,181,172.8,14159.1,334610,894913,3190.38,49.2,55.7,51,63.5
6/1/2016,14356,11849.7,116.932,1223770,104.134,101.98,101.054,103.854,119.671,99.7271,102.864,106.314,105.207,100.98,103.162,103.989,110.277,75.0662,158880,151097,4.9,27.7,2418,2140,3108,1129,1979,144175,19631,641.2,6643,12296,7689,124544,5924.9,15952.4,8280,22119,41.1,4.2,41.7,1189,117,184,571,317,1.39,3242.4,12807.6,5338.1,3845.7,2056.93,3998.1,192.8,202.4,182.7,177.6,14248.2,335119,897803,3210.76,50.4,57,52.8,60.5
7/1/2016,14480,11967.6,117.449,1225270,104.914,102.585,101.589,104.399,120.323,100.245,103.537,107.334,106.24,100.953,103.63,108.299,110.011,75.3593,159287,151517,4.9,28.1,2160,2266,3170,1150,2020,144448,19639,632.1,6652,12305,7697,124809,5922,15960,8299,22176,41.4,4.3,42,1211,134,175,613,289,1.39,3242.8,12893.3,5375.4,3788.44,2064.14,4025.72,191.9,201.3,183.1,176.9,14333.9,335409,898539,3252.73,49.4,56.9,52.3,55
8/1/2016,14477.3,11962.7,117.281,1230580,104.402,102.073,101.048,104.124,119.717,100.057,102.473,106.824,105.401,100.695,102.952,108.737,109.529,74.8174,159463,151614,4.9,27.6,2290,2329,3062,1056,2006,144598,19600,629.6,6640,12281,7669,124998,5926.3,15968,8317,22213,41,4.3,41.8,1142,141,171,543,287,1.39,3314.1,13005.8,5412.2,3842.41,2057.64,4046.78,191.4,200.6,182.9,171.9,14466.4,340862,903721,3271.5,48.3,49.1,49.4,53
9/1/2016,14477.6,11966.8,117.37,1237440,104.226,102.136,101.056,104.272,121.499,99.768,101.935,106.317,105.277,100.865,103.094,106.438,110.019,74.8707,159907,151968,5,27.5,2574,2234,3131,1157,1974,144747,19612,632.3,6669,12262,7657,125135,5938.4,15997.6,8319,22181,41.1,4.2,41.7,1047,87,146,532,282,1.38,3317.9,13070.6,5423.4,3749.49,2076.68,4079.54,192.9,202.6,183.8,174.2,14505.7,345358,908667,3306.5,49.7,55.1,51.7,53
10/1/2016,14596.8,12078.6,117.835,1242370,104.269,102.035,100.922,103.674,122.41,98.7671,102.603,106.559,105.765,100.609,103.2,104.332,108.38,74.8956,159712,151925,4.9,27.2,2397,2296,3144,1165,1979,144952,19615,628.7,6679,12258,7657,125337,5945.6,15992.6,8336,22235,41.2,4.3,41.9,1323,139,219,620,345,1.37,3342.2,13138.6,5432.2,3607.5,2094.47,4098.3,193.7,203.7,184.4,173.2,14516.6,344503,906474,3334.69,52.9,52.1,52,54.5
11/1/2016,14563.4,12051.5,118.169,1242750,103.859,101.774,100.559,103.371,120.888,98.7889,101.755,105.945,105.371,101.383,103.178,97.5863,110.21,74.8269,159486,152085,4.6,26.3,2421,2136,2933,1077,1856,145128,19646,633.1,6704,12260,7656,125482,5949.5,15976.8,8335,22245,41.2,4.4,41.8,1090,80,175,567,268,1.38,3353,13222.9,5456.2,3648.64,2101.14,4107.91,193.7,203.7,184.9,173.2,14598.2,343662,905196,3334.39,52.5,54.8,53.5,54.5
12/1/2016,14590.3,12074.8,118.538,1264480,104.571,102.21,101.038,103.87,122.697,98.9387,102.093,107.035,105.834,101.14,103.21,107.999,108.276,74.7957,159640,152111,4.7,26,2379,2156,3030,1199,1831,145303,19655,631.6,6699,12275,7678,125648,5952.6,16017.5,8349,22223,41,4.3,41.8,1226,96,227,572,331,1.35,3320.7,13246.9,5450.7,3509.76,2099.67,4116.48,195.3,205.7,185.8,187.6,14630.5,342428,903001,3328.48,52.8,60.3,54.5,65.5
1/1/2017,14606.1,12079,118.387,1257600,104.555,102.212,100.995,103.48,121.472,98.7712,102.656,106.994,106.113,102.502,103.75,98.7129,107.934,75.1112,159716,152081,4.8,25.1,2468,2089,3043,1192,1850,145554,19822,621.8,6809,12341,7713,125732,5891,15947.1,8397,22276,41,4.2,41.8,1246,143,188,690,225,1.35,3396.2,13270.1,5435,3594.22,2100.46,4128.5,196.8,207.9,187.7,194.9,14626.7,341701,901861,3343.58,56.1,60.4,56,69
2/1/2017,14644.8,12105.1,118.576,1258830,104.736,102.548,101.246,103.469,122.472,98.4916,103.351,106.959,107.347,102.829,104.534,90.2563,111.083,75.6121,160056,152528,4.7,25.1,2566,2138,2858,1057,1801,145798,19943,628.8,6881,12382,7725,125855,5904.2,15894.9,8403,22324,41.3,4.3,42,1288,119,187,659,323,1.35,3374,13313.1,5446,3781.21,2096.03,4134.66,197,208.2,188.5,194.6,14671.4,339659,898073,3346.25,54.2,65.1,57.6,68
3/1/2017,14707.2,12154.6,118.774,1261130,104.1,102.036,100.77,104.572,119.006,100.908,99.4713,106.044,105.172,100.74,102.936,99.7826,110.136,75.3085,160201,153000,4.5,25.3,2334,2109,2802,1115,1687,145858,19969,644,6882,12392,7737,125889,5902.3,15855.7,8409,22318,41.1,4.2,41.8,1215,131,155,645,284,1.35,3436.5,13390.6,5493.5,3887.18,2084.58,4145.97,196.6,207.4,188.7,186.4,14744.4,340752,897405,3351.47,58.9,64.5,56.6,70.5
4/1/2017,14645,12097.3,119.354,1256150,105.124,103.042,102.057,105.923,121.805,101.906,100.695,107.09,105.933,100.679,103.792,98.7595,111.78,75.899,160213,153156,4.4,24.1,2335,2135,2734,1108,1626,146063,19977,652.5,6877,12396,7727,126086,5914.9,15866.5,8422,22340,41.2,4.2,41.8,1172,79,206,592,295,1.37,3434,13435.6,5502.8,3852.48,2093.47,4158.05,197.8,209.1,189.7,192.6,14813.9,338693,893831,3352.82,52,57.5,55.3,68.5
5/1/2017,14704.7,12150.6,119.682,1250210,105.028,102.682,101.678,105.4,120.186,101.647,100.259,107.327,105.611,100.563,103.315,100.762,110.025,75.5152,159784,152923,4.3,24.7,2154,1960,2820,1157,1663,146135,19985,655.3,6881,12398,7736,126150,5906.5,15836.2,8428,22304,41.2,4.2,41.8,1092,87,168,526,311,1.38,3504.2,13495.5,5534.4,3796.43,2097.42,4174.26,196.4,207.2,189.9,186.9,14892.7,339553,896687,3370.99,53.5,59.5,55.5,60.5
6/1/2017,14586,12049.7,120.34,1257070,105.16,102.496,101.467,105.1,120.481,101.205,100.062,107.849,105.903,100.751,103.266,101.139,108.069,75.4153,160145,153168,4.4,24.7,2305,1933,2612,948,1664,146404,20007,664.2,6896,12396,7747,126397,5921.5,15845,8449,22353,41.3,4.3,41.9,1215,158,205,533,319,1.38,3497.6,13519.3,5545.5,3796.59,2103.46,4189.02,196.8,207.5,189.6,189.7,14908.6,339495,901478,3372.97,57.2,63.5,56.7,55
7/1/2017,14637.6,12104.2,120.942,1260870,105.476,102.594,101.495,105.2,116.83,102.205,99.8665,108.43,105.405,102.572,103.356,105.397,108.568,75.4409,160494,153513,4.3,24.9,2133,2017,2742,957,1785,146615,20036,662.9,6899,12425,7766,126579,5924.5,15836.4,8448,22358,41.3,4.4,42,1155,129,179,532,315,1.38,3531.6,13605,5574.7,3802.71,2105.82,4209.37,196.4,207,189.5,189,14970.8,302482,739904,3379.1,55.2,60.4,56.5,62
8/1/2017,14622.9,12087.9,120.752,1265120,104.739,102.241,101.399,104.802,117.828,101.475,100.48,107.223,105.833,100.417,103.285,98.4306,106.557,75.349,160571,153439,4.4,24.4,2222,2015,2795,1055,1740,146730,20117,670.4,6918,12480,7803,126613,5932.4,15828.9,8464,22298,41.4,4.4,42.1,1180,105,200,563,312,1.38,3560.1,13647,5569.5,3928.63,2108.03,4219.56,197.3,208.2,190.3,187.7,15057.6,302105,739174,3384.16,59.9,60.3,59.3,62
9/1/2017,14623.9,12096.5,121.559,1272310,104.637,102.542,101.633,105.086,118.89,101.572,100.825,106.624,106.076,96.7783,103.026,100.348,102.558,75.1207,161146,154345,4.2,26.8,2226,1874,2696,963,1733,146659,20079,672.2,6911,12447,7775,126580,5932.8,15809,8473,22337,41.1,4.4,41.8,1127,99,154,527,347,1.36,3553.1,13692.4,5557.6,3885.51,2125.34,4231.77,198.8,210.3,191.3,187,15126.6,303182,739346,3393.88,60.3,64.6,60.2,71.5
10/1/2017,14636.1,12100.8,121.585,1280880,106.147,103.923,103.218,106.579,120.939,102.929,103.103,108.286,106.523,102.915,104.8,104.637,107.629,76.3732,160381,153861,4.1,26,2129,1942,2474,853,1621,147010,20128,667.7,6930,12481,7798,126882,5944.2,15815.2,8483,22361,41.2,4.5,42,1290,145,212,621,312,1.35,3594.8,13747.3,5573.9,3871.23,2126.32,4257.6,199.1,210.7,193.2,187,15163.5,302890,724429,3408.58,59.8,63.5,58.5,68.1
11/1/2017,14650.7,12118.6,122.009,1288760,106.397,103.732,102.981,105.947,120.813,102.177,104.004,109.078,107.604,102.407,104.84,102.698,107.15,76.3608,160529,153918,4.1,25.4,2250,1878,2508,927,1581,147241,20199,679.7,6955,12514,7818,127042,5948.1,15845,8492,22341,41.3,4.4,42,1297,87,175,691,344,1.33,3617.7,13785.4,5567.8,3925.22,2119.37,4266.05,201.8,214.3,194.2,193,15183.5,303277,727277,3408.27,59.2,63.9,58.2,64.8
12/1/2017,14683.9,12153.6,122.59,1295210,107.464,104.259,103.526,106.686,121.336,102.966,103.897,110.806,107.851,103.155,105.012,112.891,105.316,76.4441,160597,154021,4.1,23.6,2235,1994,2397,882,1515,147380,20259,675.8,6993,12539,7838,127121,5959.2,15814.5,8498,22341,41.3,4.4,41.9,1192,88,178,582,344,1.33,3614.6,13844.5,5583.3,3823.2,2123.73,4272.71,201.2,213.4,195.2,197,15276.7,302868,721648,3451.51,58.1,67.4,59.3,68.3
1/1/2018,14714.2,12160,122.365,1280790,107.243,104.301,103.815,106.969,121.732,103.222,104.374,110.261,107.118,102.182,104.787,114.129,107.385,76.1769,161115,154430,4.1,24.1,2280,1943,2402,981,1421,147810,20358,652.5,7099,12555,7828,127452,5953.2,15876.8,8518,22328,41.1,4.5,41.7,1326,128,150,655,393,1.34,3648,13838.3,5552.1,3824.7,2126.94,4280.79,202.7,215.6,196.5,199.2,15256.9,302531,733758,3446.89,54.2,65.4,59.1,72.7
2/1/2018,14751.8,12210.2,122.415,1281760,108.219,104.697,103.969,107.104,123.878,102.877,103.887,111.951,109.155,102.894,105.9,104.05,104.256,76.9056,161921,155215,4.1,22.9,2508,1906,2330,934,1397,148177,20500,662.8,7173,12614,7875,127677,5956.2,15926.2,8547,22358,41.5,4.7,42.2,1236,109,155,633,339,1.35,3614,13858.3,5551.8,3890.89,2132.54,4293.02,202.1,214.8,197.9,204.8,15276.1,303018,731942,3417.39,59.7,64.2,60.7,74.2
3/1/2018,14774.1,12221.2,122.819,1290760,107.166,103.974,102.937,106.361,122.046,102.4,99.9333,110.537,106.669,101.96,104.188,109.771,107.295,75.942,161763,155178,4.1,24.1,2287,2009,2202,880,1322,148230,20504,671.9,7150,12632,7888,127726,5967.3,15915.9,8546,22326,41.5,4.6,42.2,1319,132,180,621,386,1.34,3664.3,13918.1,5579.2,3833.19,2138.46,4326.88,202.5,215.2,197.3,195,15342.4,301511,726412,3392.27,57.3,61.9,59.3,78.1
4/1/2018,14788.4,12236.2,123.339,1290110,107.305,104.284,103.396,107.085,121.403,103.458,99.8076,110.464,106.194,101.478,104.115,112.328,109.156,75.8043,161527,155181,3.9,23.1,2115,2017,2329,1036,1293,148424,20559,679.4,7174,12655,7903,127865,5952.7,15927,8549,22318,41.8,4.8,42.4,1287,114,164,663,346,1.35,3659.3,13950.9,5580.1,3756.06,2162.81,4338.01,202.3,214.7,198.3,196.8,15374,302376,727879,3376.49,54.2,61.2,57.9,79.3
5/1/2018,14817.7,12256.9,123.19,1486910,107.301,103.561,102.296,105.609,117.41,102.602,98.6481,111.341,105.832,102.024,103.528,109.808,107.837,75.2882,161539,155474,3.8,21.3,2034,1945,2166,977,1189,148662,20616,684.8,7210,12673,7917,128046,5954.8,15970.3,8559,22326,41.7,4.6,42.2,1350,102,266,653,329,1.34,3652,14024.7,5597.9,3695.4,2165.21,4331.81,204.3,217.5,201.2,201.8,15427.9,303422,728728,3375.62,56.3,63.7,58.7,79.5
6/1/2018,16246.7,13500.6,117.075,1488050,107.714,103.984,102.995,106.141,120.221,102.577,99.8425,111.74,106.221,101.975,103.885,111.545,109.171,75.4568,162140,155576,4,21.2,2227,1882,2314,836,1478,148912,20672,688.6,7222,12713,7950,128240,5960.8,15931.5,8576,22341,41.5,4.5,42,1173,96,156,601,320,1.33,3658,14112.3,5625.6,3676.75,2209.53,4346.71,204.4,217.4,202.7,199.8,15522,302536,727080,3412.11,56,63.5,60,76.8
7/1/2018,16264.3,13514.6,117.268,1490040,107.999,104.033,102.943,105.775,120.561,102.039,101.03,112.312,106.997,103.085,104.557,107.736,109.323,75.8521,162245,155965,3.9,23.2,2091,1820,2406,971,1435,149128,20728,686.5,7242,12751,7981,128400,5981.5,15944,8568,22334,41.6,4.4,42.1,1168,97,173,636,262,1.34,3667.7,14147.3,5630,3631.28,2226.87,4359.09,204.8,217.7,202.6,205.2,15543.6,304227,728492,3417.49,56.5,60.2,58.4,73.2
8/1/2018,16299,13534.8,117.686,1499390,108.232,104.108,103.253,106.126,121.619,102.216,101.293,112.738,106.971,103.586,104.608,108.508,109.257,75.7972,161776,155542,3.9,22.6,2208,1720,2255,923,1332,149279,20722,697.3,7259,12717,7950,128557,6007.1,15913.5,8588,22340,41.6,4.6,42.2,1282,99,191,674,318,1.34,3702.8,14217,5645.1,3603.62,2217.37,4362.44,204.9,217.6,202.6,193.3,15582.8,306414,730080,3424.48,58.5,65.1,60.8,72.1
9/1/2018,16322.3,13548.8,118.163,1505250,108.482,104.248,103.35,106.104,122.67,101.932,101.718,113.123,107.424,103.425,104.82,107.081,110.9,75.8584,161926,155962,3.7,24,2065,1720,2245,861,1384,149500,20784,703.3,7286,12747,7981,128716,6009.9,15908.8,8603,22406,41.4,4.4,42.1,1201,120,160,567,354,1.34,3731.1,14253.7,5656.4,3572.63,2219.67,4387.84,204.7,217.1,202.6,196.5,15617,306917,729472,3414.06,58.8,61.8,59.5,66.9
10/1/2018,16342.5,13559.8,118.424,1497100,109.065,104.795,104.05,106.595,121.435,102.844,102.916,113.748,107.907,104.049,105.378,108.235,110.53,76.1705,162637,156562,3.7,22.5,2057,1821,2229,856,1373,149750,20859,708.6,7318,12785,8005,128891,6017.2,15896.4,8609,22397,41.3,4.5,42.1,1228,87,210,596,335,1.35,3738.4,14271.5,5644.8,3560.51,2236.67,4398.31,206.2,219.3,204.3,203.6,15603.2,308813,730996,3416.8,56.5,58,57.5,71.6
11/1/2018,16369.6,13590.5,118.866,1497100,104.461,103.695,104.05,106.182,121.6,102.86,114.882,107.788,103.739,104.902,112.635,108.168,110.53,76.1705,156795,156562,3.7,21.7,2126,1813,2092,839,1253,149893,20869,703.8,7312,12807,8016,129024,6026.3,15910.7,8622,22378,41.1,4.5,41.9,1256,124,156,687,289,1.35,3716.3,14317.6,5661.9,3492.82,2276.93,4397.94,204.5,216.8,202.9,192.9,15630.8,310355,730539,3443.52,57.7,61.8,58.8,60.7
12/1/2018,16369.6,13590.5,118.866,1497100,109.949,104.96,104.15,106.27,124.867,101.604,103.412,115.505,109.306,104.436,106.153,101.903,111.208,76.55,163240,156945,3.9,21.8,2126,2027,2203,897,1306,150263,20952,710.7,7352,12842,8037,129311,6030.8,15952.7,8621,22405,41.5,4.6,42,1078,124,156,687,289,1.35,3780.9,14454.9,5719.4,3373,2316.85,4413.26,203.8,215.5,201,214.5,15753.2,310355,730539,3501.54,56,51.3,54.3,54.9
1/1/2019,16369.6,13590.5,118.866,1497100,109.445,104.513,103.405,105.552,119.252,102.08,102.218,114.933,108.036,104.597,105.229,104.871,114.628,75.797,163229,156694,4,20.5,2325,2013,2153,902,1252,150574,21046,712.3,7464,12822,8059,129528,5904.4,15835.7,8631,22506,41.7,4.5,42,1230,124,156,687,289,1.35,3737.2,14467.2,5725.7,3342.85,2342.56,4425.67,202.6,213.4,198.3,194.4,15780.4,310355,730539,3548.35,55.5,58.2,56.6,49.6
2/1/2019,16369.6,13590.5,118.866,1497100,109.445,104.513,103.405,105.552,118.772,102.08,102.218,114.933,108.036,104.597,105.229,104.871,114.628,75.797,163229,156694,4,20.5,2325,2013,2214,902,1252,150574,21046,708.3,7464,12822,8059,129528,5904.4,15835.7,8631,22483,41.7,4.4,42,1162,124,156,663,289,1.35,3737.2,14467.2,5725.7,3342.85,2345.37,4425.67,203.1,214.1,199,185.4,15780.4,310355,730539,3548.35,52.3,55.5,54.2,49.4
3/1/2019,16369.6,13590.5,118.866,1497100,109.445,104.513,103.405,105.552,120.1304,102.08,102.218,114.933,108.036,104.597,105.229,104.871,114.628,75.797,163229,156694,4,20.5,2325,2013,2256,902,1252,150574,21046,709.9,7464,12822,8059,129528,5904.4,15835.7,8631,22519,41.7,4.3,42,1139,124,156,604,289,1.35,3737.2,14467.2,5725.7,3342.85,2347.23,4425.67,205.9,218.8,200.5,189.7,15780.4,310355,730539,3548.35,57.5,57.4,55.3,54.3
4/1/2019,16369.6,13590.5,118.866,1497100,109.445,104.513,103.405,105.552,120.1304,102.08,102.218,114.933,108.036,104.597,105.229,104.871,114.628,75.797,163229,156694,4,20.5,2325,2013,2084,902,1252,150574,21046,708,7464,12822,8059,129528,5904.4,15835.7,8631,22547,41.7,4.3,42,1139,124,156,604,289,1.35,3737.2,14467.2,5725.7,3342.85,2347.23,4425.67,206.7,219.2,200.3,194.8,15780.4,310355,730539,3548.35,52.4,51.7,52.8,50
