"","V1","V2","V3","Intercept","Intercept p-val","Var1","Var1 p_val","Var2","Var2 p_val","Var1 Beta","Var2 Beta","Var 1 rob p_val","Var 2 rob p_val","r2","r2adj","r2 ex dummy","aic","bic","F","Num_obs","Gap","Max VIF","BG_stat","DW_upper_stat","DW_lower_stat","BP_stat","White_stat","SW_stat","JB_stat","RESET_stat","ADF p (noconst)","PP p (noconst)","KPSS lag (const)","Criteria1","Criteria2","Criteria3","RMSE","V38","V39","V40","V41","V42","V43","V44","V45","V46"
"34539","CES0600000007MoMDifferenceL1","USGG10YR_IndexMoMPercentChangeL0",NA,"0",NA,"-5.77664377940202","0.00720461492842778","-27.7792383858522","6.23402508769255e-06","-0.282405117333338","-0.499095523536724","0.026238868196647","5.73241765033356e-06","0.300558716921396","0.279986914477907",NA,"395.949797868266","402.695283594414","5.26675250178688e-06","70","No gap","1.01051657211741","0.335665099199747","0.788306574023582","0.211693425976418","0.532033320864227","0.843713461223924","0.389280135710003","0.714310686517603","0.204536680882673","0.0182274496960818","0.01","0.1","","","","3.05339783657652","","","","","","","","",""
"34835","CES0600000007MoMPercentChangeL1","USGG10YR_IndexMoMPercentChangeL0",NA,"0",NA,"-236.926085616197","0.00728911033314441","-27.7607890390717","6.31651549344757e-06","-0.281968790672396","-0.498764053455995","0.0274737087313279","5.82346442808909e-06","0.300341868709267","0.279763688377186",NA,"395.971496647945","402.716982374093","5.32255449481323e-06","70","No gap","1.01030411298648","0.333014947480177","0.789830174064886","0.210169825935114","0.52824291280195","0.84162111142741","0.392880004603602","0.713401876334761","0.203947338340522","0.0180581535237143","0.01","0.1","","","","3.04730082469351","","","","","","","","",""
"34543","CES0600000007MoMDifferenceL1","USGG30YR_IndexMoMPercentChangeL0",NA,"0",NA,"-6.364832479849","0.0039307774338159","-38.0162354054842","1.64719492506955e-05","-0.311160135871294","-0.483521609618424","0.0210955260822466","6.74965699299093e-06","0.281068479644769","0.259923434928439",NA,"397.873696136704","404.619181862852","1.3408365755696e-05","70","No gap","1.02794335452896","0.328164199183139","0.784304577301777","0.215695422698223","0.622881912243435","0.95975817051214","0.644215556513859","0.669851909199365","0.246449487393148","0.01","0.01","0.1","","","","3.17547272621318","","","","","","","","",""
"34839","CES0600000007MoMPercentChangeL1","USGG30YR_IndexMoMPercentChangeL0",NA,"0",NA,"-260.911022176053","0.00399946747381885","-37.9744291986627","1.678329742376e-05","-0.310513573061163","-0.482989884049104","0.017310539252124","4.21137983226412e-06","0.280733364060636","0.259578463003596",NA,"397.906317637727","404.651803363876","1.36225097248088e-05","70","No gap","1.02746491160204","0.325087949718095","0.786147518252992","0.213852481747008","0.618271416775717","0.958451779635062","0.64342408318061","0.668980636969543","0.248685151803512","0.01","0.01","0.1","","","","3.16887680067387","","","","","","","","",""
"44883","USGG10YR_IndexMoMPercentChangeL0","BAA10YB_IndexMoMPercentChangeL0",NA,"0",NA,"-35.1266553062162","4.05752997324572e-06","-13.1395571027805","0.0290255816675343","-0.631102846544515","-0.280646867661925","7.15761608704411e-07","0.0148912249314219","0.274653629209721","0.253319912421771",NA,"398.495518967403","405.241004693551","1.81361476481179e-05","70","No gap","1.48816333353669","0.395174717317866","0.755209500240292","0.244790499759708","0.227910507614069","0.777080166403761","0.668578680387078","0.756737264781876","0.300721885360285","0.01","0.01","0.1","","","","2.9066936383584","","","","","","","","",""
"25525","UEMP15T26MoMDifferenceL1","USGG10YR_IndexMoMPercentChangeL0",NA,"0",NA,"-0.0124459735958758","0.0332640412412211","-23.1014667782856","0.000223507659431177","-0.228092775801638","-0.41505236738408","0.0302172890462521","8.3132072142082e-05","0.272135470084043","0.250727689792398",NA,"398.738114608738","405.483600334886","2.04041685973877e-05","70","No gap","1.06050630626488","0.30091151895699","0.812852116234262","0.187147883765738","0.491205728625621","0.949913334277685","0.263198825537186","0.739242777252059","0.182007153556312","0.01","0.01","0.1","","","","2.64292444469354","","","","","","","","",""
"23893","UEMP5TO14MoMDifferenceL1","USGG10YR_IndexMoMPercentChangeL0",NA,"0",NA,"0.0109835648148086","0.0356976829128162","-28.0324849115981","8.5992454376821e-06","0.223331660982906","-0.50364547575627","0.0529476821153816","3.80796215536559e-06","0.270833465327463","0.24938739077827",NA,"398.863218814729","405.608704540878","2.16824705001617e-05","70","No gap","1.02261627180617","0.165610094203808","0.90012905337536","0.0998709466246402","0.424695067961569","0.927034852381089","0.242821756203023","0.724658872704976","0.103225971372704","0.01","0.01","0.1","","","","2.54142675427057","","","","","","","","",""
"25925","UEMP15T26MoMPercentChangeL1","USGG10YR_IndexMoMPercentChangeL0",NA,"0",NA,"-13.4929067769853","0.0465915612715089","-23.7322602803519","0.000147764075099491","-0.213845731691839","-0.426385515139409","0.0276179741841361","0.000168820110281007","0.26594128191299","0.244351319616314",NA,"399.331300013316","406.076785739464","2.72174373805445e-05","70","No gap","1.04356931386295","0.344227010109562","0.783182099411549","0.216817900588451","0.563470447765974","0.801362961731034","0.194918415041042","0.677772599232008","0.121875740006899","0.01","0.01","0.1","","","","2.79799378709333","","","","","","","","",""
"24309","UEMP5TO14MoMPercentChangeL1","USGG10YR_IndexMoMPercentChangeL0",NA,"0",NA,"23.0266146957554","0.0479246415338116","-27.6848890902589","1.08968510345422e-05","0.210569344782893","-0.497400397470796","0.0521380875310635","7.1896828442221e-06","0.26542512668098","0.243819983348067",NA,"399.380503392484","406.125989118632","2.78757359780668e-05","70","No gap","1.0167803922141","0.171810281914932","0.89216780786379","0.10783219213621","0.445387975915858","0.881629445920475","0.268218246409764","0.731409005621649","0.0921787966738599","0.01","0.01","0.1","","","","2.53177798422715","","","","","","","","",""
"15025","IPNMATMoMPercentChangeL0","USGG10YR_IndexMoMPercentChangeL0",NA,"0",NA,"-51.8650542032746","0.0489038294756015","-26.5937029036491","1.91613955581656e-05","-0.206956318225705","-0.477795607248778","0.015550404268142","1.26361315432736e-05","0.265055330533423","0.24343931084323",NA,"399.415733588642","406.16121931479","2.83568448457006e-05","70","No gap","1.00129366828141","0.219847252908535","0.850693446559398","0.149306553440602","0.641902466841498","0.966326280154457","0.289246191454336","0.507714725493356","0.164880335506898","0.01","0.01","0.1","","","","2.82677131089492","","","","","","","","",""
"14529","IPNMATMoMDifferenceL0","USGG10YR_IndexMoMPercentChangeL0",NA,"0",NA,"-0.530556981854761","0.0573126638130716","-26.5821825951483","1.99506888653923e-05","-0.200100949582197","-0.477588627693665","0.0268391174616957","8.88870824667449e-06","0.262162856902238","0.240461764458186",NA,"399.69068730246","406.436173028608","3.2408391575478e-05","70","No gap","1.00131037552591","0.214107332212572","0.85385819127819","0.14614180872181","0.688369080918462","0.966613255034227","0.290363561275177","0.502376647386667","0.165630254068235","0.01","0.01","0.1","","","","2.83945200034284","","","","","","","","",""
"44851","USGG10YR_IndexMoMPercentChangeL0","USGG30YR_IndexMoMDifferenceL1",NA,"0",NA,"-26.5770794737919","2.04736841996823e-05","-5.42208419876331","0.0639130502557816","-0.477496942493743","-0.196442513599781","5.09288370644982e-05","0.0648256382199027","0.260185435778001","0.238426183889119",NA,"399.878038030158","406.623523756306","3.54958686406004e-05","70","No gap","1.00134305640167","0.571986369379848","0.591199352526371","0.408800647473629","0.815667699818175","0.99256145814411","0.481762833698303","0.656053087740377","0.150781034384318","0.0128201748205899","0.01","0.1","","","","2.59118932155886","","","","","","","","",""
"34537","CES0600000007MoMDifferenceL1","USGG10YR_IndexMoMDifferenceL0",NA,"0",NA,"-5.77388060559796","0.00900600251682917","-11.6587235303455","4.6938742936517e-05","-0.282270032939675","-0.45666196437593","0.0268873596979204","0.000289011695078375","0.259552578549962","0.237774713213196",NA,"399.937892311482","406.68337803763","3.65429540838402e-05","70","No gap","1.01254372760494","0.345705412097072","0.78883953187903","0.21116046812097","0.729052529455773","0.797930615938038","0.352791531233005","0.57684367801994","0.213494711444531","0.0196888260509451","0.01","0.1","","","","3.14760699840403","","","","","","","","",""
"34833","CES0600000007MoMPercentChangeL1","USGG10YR_IndexMoMDifferenceL0",NA,"0",NA,"-236.95563349815","0.00906342037574603","-11.6525243341109","4.73258558178226e-05","-0.282003955987855","-0.456419147302289","0.0274257838394044","0.000297783039939917","0.259428090442336","0.23764656369064",NA,"399.949660108663","406.695145834811","3.67524239053285e-05","70","No gap","1.01237020091826","0.342861016389406","0.790439993096536","0.209560006903464","0.725816352253456","0.797406258017094","0.353420664733104","0.575729821055036","0.215548519667563","0.0195577174201122","0.01","0.1","","","","3.14211846167623","","","","","","","","",""
"44852","USGG10YR_IndexMoMPercentChangeL0","USGG30YR_IndexMoMPercentChangeL1",NA,"0",NA,"-26.3845257698501","2.33295963305007e-05","-15.0419112049281","0.0697658861462857","-0.474037427501184","-0.192421938516943","7.12257794110152e-05","0.0436012629872372","0.258602372494687","0.236796559921002",NA,"400.02766476513","406.773150491278","3.817161421793e-05","70","No gap","1.00037731594914","0.520424710755334","0.62811666858056","0.37188333141944","0.968715097434016","0.991381690417523","0.487930879132932","0.695181538587583","0.168202786051613","0.0102163331914861","0.01","0.1","","","","2.58879071701594","","","","","","","","",""
"34541","CES0600000007MoMDifferenceL1","USGG30YR_IndexMoMDifferenceL0",NA,"0",NA,"-6.23636043616838","0.00529208699653897","-12.7410281827184","5.08840243559558e-05","-0.30487947118862","-0.457362499800197","0.0220638785242163","0.000112897990102523","0.25787270109541","0.236045427598217",NA,"400.096523738995","406.842009465143","3.94698837105079e-05","70","No gap","1.02640563047494","0.342720239683033","0.773929302031013","0.226070697968987","0.784084350896888","0.988667686442838","0.642712238547395","0.578644612558646","0.235438001404938","0.0107346224454782","0.01","0.1","","","","3.1757385189895","","","","","","","","",""
"34837","CES0600000007MoMPercentChangeL1","USGG30YR_IndexMoMDifferenceL0",NA,"0",NA,"-255.802624470262","0.0053512764231642","-12.7300533323307","5.15410303286676e-05","-0.304434003056748","-0.456968537481282","0.0189493004964877","9.64127351164218e-05","0.257651823595346","0.235818053701092",NA,"400.117354564934","406.862840291083","3.98712603801865e-05","70","No gap","1.02604500266005","0.339406984833162","0.775903222411626","0.224096777588374","0.781287053197472","0.988464012355314","0.64297138378886","0.577797190020678","0.239874357519863","0.0106148985602529","0.01","0.1","","","","3.17000703363486","","","","","","","","",""
"25725","UEMP15T26MoMPercentChangeL0","USGG10YR_IndexMoMPercentChangeL0",NA,"0",NA,"11.9179873322862","0.0740452827008822","-25.6251004093379","3.85589035452447e-05","0.188805966261242","-0.460393216215501","0.0787317059875923","2.65413589474638e-05","0.257530424659074","0.23569308420787",NA,"400.128800987296","406.874286713444","4.00935496193133e-05","70","No gap","1.00273787522571","0.460578783082444","0.693134657680076","0.306865342319924","0.352830667055992","0.804598227427289","0.46120811414465","0.531259343639936","0.3088658786829","0.01","0.01","0.1","","","","2.50174620971591","","","","","","","","",""
"44881","USGG10YR_IndexMoMPercentChangeL0","BAA10YB_IndexMoMDifferenceL0",NA,"0",NA,"-33.3326846199647","1.14388392576178e-05","-0.073451396643318","0.0756030255131542","-0.598871482731453","-0.228315462427808","5.36156547231272e-07","0.0329231960053519","0.257156273938467","0.235307929054304",NA,"400.164067016317","406.909552742465","4.07862362667988e-05","70","No gap","1.46560888320963","0.308042061623418","0.801674082423544","0.198325917576456","0.379582932455119","0.930719434236387","0.646632141280642","0.700999065991892","0.349415817301943","0.01","0.01","0.1","","","","2.77165090346962","","","","","","","","",""
"44745","USGG2YR_IndexMoMPercentChangeL1","USGG10YR_IndexMoMPercentChangeL0",NA,"0",NA,"-5.83712504153874","0.0800038756597572","-29.099624789382","8.58290216223029e-06","-0.186452020151881","-0.522818238111796","0.0510085597482066","4.50214555078919e-05","0.256141494837335","0.234263303509021",NA,"400.259626902647","407.005112628795","4.27239426130654e-05","70","No gap","1.07996251128364","0.496054491368187","0.642447034123548","0.357552965876452","0.475465330581379","0.992456511987729","0.816629281549491","0.81861316008349","0.0712705644057502","0.01","0.01","0.1","","","","2.77945168481391","","","","","","","","",""
"37555","HOUSTMWMoMPercentChangeL1","USGG10YR_IndexMoMPercentChangeL0",NA,"0",NA,"-3.21575666452106","0.0957084542872973","-24.3481649478501","0.000109785731087919","-0.178451229756073","-0.437451162735791","0.0539878489583549","0.000100154434206304","0.252948073034374","0.230975957535385",NA,"400.559497187604","407.304982913752","4.94227458875951e-05","70","No gap","1.03448167097341","0.391899303450336","0.750512514857408","0.249487485142592","0.404401864981741","0.887577858033274","0.695219202057569","0.808468748357254","0.227268497976356","0.01","0.01","0.1","","","","2.55097434466196","","","","","","","","",""
"40589","AMBSLMoMPercentChangeL0","USGG10YR_IndexMoMPercentChangeL0",NA,"0",NA,"38.0259583408388","0.0957844272344753","-24.5294980842228","9.43646398913619e-05","0.179397936199779","-0.440709083466928","0.102446434615212","0.000153026769806019","0.252934013134067","0.230961484108598",NA,"400.560814611098","407.306300337246","4.94543811987436e-05","70","No gap","1.02799439188542","0.294820147235916","0.805674225527638","0.194325774472362","0.00737106654839382","0.174577022490825","0.758076696447215","0.891907939549661","0.239296818561283","0.01","0.01","0.1","","","","2.65494540623285","","","","","","","","",""
"44868","USGG10YR_IndexMoMPercentChangeL0","AAIIBEAR_IndexMoMPercentChangeL1",NA,"0",NA,"-26.6266979718548","2.17385078958334e-05","2.73819512625024","0.0974293918249757","-0.478388412948184","0.17485773075419","2.59998281351064e-05","0.12867514693642","0.252632469341787","0.230651071381252",NA,"400.589063530168","407.334549256316","5.01376165775724e-05","70","No gap","1.00210938573214","0.516901581853277","0.467981989262616","0.532018010737384","0.639257964342468","0.110595424852892","0.414435348866505","0.677239452278347","0.1015276534312","0.01","0.01","0.1","","","","2.80931426921957","","","","","","","","",""
"37299","HOUSTMWMoMDifferenceL1","USGG10YR_IndexMoMPercentChangeL0",NA,"0",NA,"-0.0208688972021105","0.099987937600485","-24.3296286143046","0.000113027325247719","-0.17800598463795","-0.437118129807859","0.0652403630020596","5.63603413708604e-05","0.252174083857963","0.230179203971432",NA,"400.631983708746","407.377469434894","5.11938035410164e-05","70","No gap","1.03607472021916","0.378125021188265","0.755305259268419","0.244694740731581","0.471960605338145","0.899338201183574","0.605605660253914","0.734865349295361","0.279228843252854","0.01","0.01","0.1","","","","2.59437618394267","","","","","","","","",""
"29123","USCONSMoMDifferenceL0","USGG10YR_IndexMoMPercentChangeL0",NA,"0",NA,"0.0202985148898114","0.100028410816109","-24.960500046882","6.73361284792659e-05","0.143586703324764","-0.448452677701257","0.022202128677656","3.72081377072213e-05","0.252166933745834","0.230171843561888",NA,"400.632652989451","407.378138715599","5.12104482869313e-05","70","No gap","1.01564412124428","0.247263672756747","0.803473424331522","0.196526575668478","0.133126732682707","0.46769890079168","0.220987142677391","0.420561115117324","0.430675620624833","0.0133247895214617","0.01","0.1","","","","2.44537521631051","","","","","","","","",""
"44862","USGG10YR_IndexMoMPercentChangeL0","AAIIBULL_IndexMoMDifferenceL1",NA,"0",NA,"-26.063166347077","3.08168550082806e-05","-0.0933044016371125","0.105236469292717","-0.468263725316674","-0.172297230276805","1.76534052801335e-05","0.154564274757797","0.251271796231474","0.229250378473577",NA,"400.716391136004","407.461876862153","5.33362596432108e-05","70","No gap","1.00014047839253","0.438190609836808","0.738262629752356","0.261737370247644","0.206919936923392","0.394981420174251","0.204595107252937","0.426746555509415","0.268173199299373","0.01","0.01","0.1","","","","2.95572611333253","","","","","","","","",""
"9889","IPDCONGDMoMPercentChangeL0","USGG10YR_IndexMoMPercentChangeL0",NA,"0",NA,"-30.9079527704029","0.107293291420088","-26.9796847488574","1.85277009119605e-05","-0.170400701575279","-0.484730347806964","0.130320749955639","2.25371347977904e-05","0.250931282240959","0.228899849365693",NA,"400.748219188799","407.493704914947","5.41672094300782e-05","70","No gap","1.00710625733852","0.261153430579529","0.830489443308618","0.169510556691382","0.366927368807664","0.917350503577335","0.11462004404094","0.365497622320877","0.269024461884665","0.01","0.01","0.1","","","","2.66021117566418","","","","","","","","",""
"40389","AMBSLMoMDifferenceL0","USGG10YR_IndexMoMPercentChangeL0",NA,"0",NA,"0.00971583762731324","0.108025236899729","-24.4728728017079","0.000102484460922912","0.173634328878538","-0.439691725660726","0.101644335452471","4.04564291158887e-05","0.250811794079864","0.228776846846919",NA,"400.759384391725","407.504870117873","5.44617615164666e-05","70","No gap","1.0321274386097","0.296288308599441","0.80266131243465","0.19733868756535","0.00950900762924078","0.206604629728691","0.771926795478303","0.901565108125054","0.232984630738586","0.01","0.01","0.1","","","","2.64275365557436","","","","","","","","",""
"44665","USGG2YR_IndexMoMDifferenceL1","USGG10YR_IndexMoMPercentChangeL0",NA,"0",NA,"-6.64071096142302","0.108807337499962","-27.4518306039664","1.51674803148121e-05","-0.167446532265013","-0.493213153543688","0.0513830459051969","6.64975244602599e-05","0.250685075918822","0.22864640168114",NA,"400.771223234256","407.516708960404","5.47758348500293e-05","70","No gap","1.01807182249347","0.48892762231281","0.661239099109938","0.338760900890062","0.471250725532177","0.631806710819756","0.685859510561355","0.849850334234509","0.0341579192701485","0.01","0.01","0.1","","","","3.01038645969115","","","","","","","","",""
"44884","USGG10YR_IndexMoMPercentChangeL0","BAA10YB_IndexMoMPercentChangeL1",NA,"0",NA,"-24.7904459546282","7.91544202190569e-05","8.00867426891667","0.110417902546963","-0.445397401850131","0.171065916288684","0.000134597672309291","0.0615891028412267","0.250427185162739","0.228380925902819",NA,"400.795310899576","407.540796625725","5.54204605713871e-05","70","No gap","1.0215509617069","0.561607470446809","0.644610087195358","0.355389912804642","0.565691648859778","0.617871778211814","0.449325571871119","0.682262438703848","0.181806802591378","0.0315867701592313","0.01","0.1","","","","2.7109012118862","","","","","","","","",""
"24921","UEMP15OVMoMPercentChangeL0","USGG10YR_IndexMoMPercentChangeL0",NA,"0",NA,"19.7438917134632","0.111357562233733","-24.6630821096002","8.812948171445e-05","0.159866724176321","-0.443109120075412","0.0409968350525302","6.15284584175214e-05","0.250278585999572","0.22822795617603",NA,"400.809186683603","407.554672409751","5.57952375116466e-05","70","No gap","1.02582595381761","0.376269890572253","0.626507827408022","0.373492172591978","0.530176669014277","0.6469350521774","0.393546734817658","0.739232697567256","0.134111991347549","0.01","0.01","0.1","","","","3.084748275738","","","","","","","","",""
"37043","HOUSTNEMoMPercentChangeL1","USGG10YR_IndexMoMPercentChangeL0",NA,"0",NA,"2.30700393801569","0.111621204860038","-27.0855308635417","1.78060472557641e-05","0.167299329250994","-0.486632031405663","0.104939802143708","3.71076035383181e-05","0.250237135684478","0.228185286734022",NA,"400.81305671025","407.558542436399","5.59002159733479e-05","70","No gap","1.00932379090079","0.270846086448848","0.830548026049675","0.169451973950325","0.318375440571958","0.645312796792825","0.230193247816248","0.794075497136468","0.219729824740824","0.01","0.01","0.1","","","","2.56363647570764","","","","","","","","",""
"25529","UEMP15T26MoMDifferenceL1","USGG30YR_IndexMoMPercentChangeL0",NA,"0",NA,"-0.0137640503817817","0.0195863825266209","-30.0465965516396","0.000663541131394999","-0.252248683774687","-0.382157217126984","0.0162377641145251","8.92716048734679e-05","0.249878192780262","0.227815786685564",NA,"400.846560624587","407.592046350735","5.68173407222705e-05","70","No gap","1.03973313400214","0.336608348014289","0.787734211653095","0.212265788346905","0.755315450579274","0.939585844264627","0.372687790053116","0.610670288290518","0.366872677712753","0.01","0.01","0.1","","","","2.72003550415901","","","","","","","","",""
"35691","AWHMANMoMDifferenceL1","USGG10YR_IndexMoMPercentChangeL0",NA,"0",NA,"-4.67864621470105","0.114739136399058","-26.1640385564032","2.93971774299738e-05","-0.167802375689464","-0.470076045273927","0.1298984252055","2.1628588313355e-05","0.249754785803575","0.227688750091916",NA,"400.858075791562","407.60356151771","5.71360150719569e-05","70","No gap","1.00000184553694","0.325724122056665","0.788739260910121","0.211260739089879","0.375268997952404","0.791877983341749","0.614688694971246","0.707562887227864","0.223210507308636","0.0106294312664335","0.01","0.1","","","","2.87340212191566","","","","","","","","",""
"35971","AWHMANMoMPercentChangeL1","USGG10YR_IndexMoMPercentChangeL0",NA,"0",NA,"-195.506006088485","0.114874058652603","-26.1623918623067","2.94337847008633e-05","-0.167735247940869","-0.470046459954101","0.132259113962664","1.92833550124542e-05","0.249734233401773","0.227667593207707",NA,"400.859993362502","407.60547908865","5.71892558665077e-05","70","No gap","1.00000235780841","0.324360720958763","0.789573085015519","0.210426914984481","0.374779345981104","0.790562946857343","0.614328952806812","0.707637045237759","0.223356676677124","0.0105996112283655","0.01","0.1","","","","2.86988476868615","","","","","","","","",""
"33479","USFIREMoMPercentChangeL0","USGG10YR_IndexMoMPercentChangeL0",NA,"0",NA,"412.106412679857","0.115314832086143","-25.6508783723191","4.13782048750186e-05","0.125068121988869","-0.460856355836218","0.0586175946300036","2.01416009612471e-05","0.24966727262187","0.227598662993101",NA,"400.866240542697","407.611726268845","5.73630513243106e-05","70","No gap","1.00318473253167","0.483679277805356","0.681660728554632","0.318339271445368","0.596981412423629","0.959242614161856","0.409863679260743","0.706653111920715","0.489363017926406","0.01","0.01","0.1","","","","2.68974256209105","","","","","","","","",""
"33167","USFIREMoMDifferenceL0","USGG10YR_IndexMoMPercentChangeL0",NA,"0",NA,"0.0499867965978764","0.116721890245778","-25.6877480761096","4.04154107948314e-05","0.124145423218457","-0.461518775153133","0.0693405573723408","1.2203212525734e-05","0.249455353156389","0.227380510602166",NA,"400.886008130559","407.631493856707","5.79164694578527e-05","70","No gap","1.00277473079833","0.471930482561791","0.687779809201813","0.312220190798187","0.589150836342983","0.957708343295173","0.410638326050737","0.699884190667464","0.47396267306988","0.01","0.01","0.1","","","","2.69754633842724","","","","","","","","",""
"44866","USGG10YR_IndexMoMPercentChangeL0","AAIIBEAR_IndexMoMDifferenceL1",NA,"0",NA,"-26.2687383819685","2.78142079220237e-05","0.0950981553229005","0.120124400364099","-0.47195713407589","0.16543048612107","2.93166856931672e-05","0.140148312702676","0.248954111369368","0.226864526409643",NA,"400.932741145407","407.678226871555","5.92461431659919e-05","70","No gap","1.00010007449238","0.436586914207888","0.73977597594185","0.26022402405815","0.652564427745829","0.119096101475312","0.386040226666196","0.676303849222498","0.090081972003023","0.01","0.01","0.1","","","","2.83154787803968","","","","","","","","",""
"44882","USGG10YR_IndexMoMPercentChangeL0","BAA10YB_IndexMoMDifferenceL1",NA,"0",NA,"-24.4709249159102","0.000106571816905851","0.0539604736584726","0.121882992205573","-0.439656728981966","0.167410929466833","0.000117023300334175","0.131008188077949","0.248701039390292","0.226604011137065",NA,"400.956324331001","407.701810057149","5.99286911028285e-05","70","No gap","1.03470799194803","0.439137343806693","0.72012981879903","0.27987018120097","0.19574652964189","0.0837570658398552","0.284042223201091","0.560126006749355","0.11793966986284","0.0249552734653396","0.01","0.1","","","","2.64470443700014","","","","","","","","",""
"29483","USCONSMoMPercentChangeL0","USGG10YR_IndexMoMPercentChangeL0",NA,"0",NA,"125.243144082204","0.123090561391502","-24.8451100532602","7.79186067610999e-05","0.135287363803825","-0.446379524057603","0.0316053594821627","5.97310651933404e-05","0.248529546857561","0.226427474706313",NA,"400.972300803816","407.717786529964","6.03955468685413e-05","70","No gap","1.02128556838872","0.255625947199589","0.797824054265878","0.202175945734122","0.1477174318363","0.474298805806548","0.260603345663904","0.453327826087624","0.437321511026502","0.0122358461418422","0.01","0.1","","","","2.48139608443415","","","","","","","","",""
"44867","USGG10YR_IndexMoMPercentChangeL0","AAIIBEAR_IndexMoMPercentChangeL0",NA,"0",NA,"-28.8814530284387","1.15021458384699e-05","-2.6458018792595","0.123912694626809","-0.518898456448365","-0.169821998575891","5.13049392847034e-05","0.118712053268246","0.248413834165153","0.226308358699422",NA,"400.983078692529","407.728564418677","6.07125450320378e-05","70","No gap","1.08819678167199","0.492372880214128","0.713882108331312","0.286117891668688","0.311343774800951","0.120052439146842","0.368376761473331","0.509122125261812","0.205702289326457","0.01","0.01","0.1","","","","2.89891884873085","","","","","","","","",""
"24101","UEMP5TO14MoMPercentChangeL0","USGG10YR_IndexMoMPercentChangeL0",NA,"0",NA,"18.3717402952","0.125254810348059","-24.8554103375615","7.7623924995841e-05","0.164126983304027","-0.446564584055092","0.0952702676813212","0.000208323237776299","0.248226717191931","0.226115738285812",NA,"401.000503917355","407.745989643503","6.12285773091692e-05","70","No gap","1.02119581015108","0.152679788763294","0.89532018904318","0.10467981095682","0.364982310391942","0.650158776619387","0.0818575660899632","0.567072900328845","0.217760665354407","0.01","0.01","0.1","","","","2.4902136751452","","","","","","","","",""
"9353","IPDCONGDMoMDifferenceL0","USGG10YR_IndexMoMPercentChangeL0",NA,"0",NA,"-0.26484691571738","0.127476306614096","-27.0075665790197","1.90504544174065e-05","-0.161848776576715","-0.485231286545051","0.170356350825638","2.10584854206455e-05","0.247921741319022","0.225801792534287",NA,"401.028895431819","407.774381157967","6.20787781733245e-05","70","No gap","1.00847792151011","0.253106928490257","0.834807859469764","0.165192140530236","0.311506280042133","0.884931150451058","0.132078347198616","0.380138102747729","0.26051945512989","0.01","0.01","0.1","","","","2.66583269091014","","","","","","","","",""
"44864","USGG10YR_IndexMoMPercentChangeL0","AAIIBULL_IndexMoMPercentChangeL1",NA,"0",NA,"-25.9995131530329","3.34982619709558e-05","-2.7958205626555","0.131897175295428","-0.467120100579201","-0.159441567141802","1.3434511893542e-05","0.162910594280206","0.247331705415406","0.225194402633507",NA,"401.083791740145","407.829277466293","6.37563071851366e-05","70","No gap","1.00039448540812","0.474253658188522","0.713648442099518","0.286351557900482","0.204169949114916","0.48265761415943","0.218864422262787","0.468027377041864","0.217495430375714","0.01","0.01","0.1","","","","2.86786077184047","","","","","","","","",""
"25325","UEMP15T26MoMDifferenceL0","USGG10YR_IndexMoMPercentChangeL0",NA,"0",NA,"0.00863375931031568","0.133892011388532","-25.4485231910135","4.94119597301541e-05","0.158022361143767","-0.457220742658086","0.243970538017875","3.1549889909169e-05","0.247072499519292","0.224927573034565",NA,"401.107894375084","407.853380101232","6.4507088016752e-05","70","No gap","1.00672938481674","0.450776431375887","0.691488317932014","0.308511682067986","0.257843477159021","0.871762184052591","0.419765424718022","0.496446728891907","0.283202375522593","0.01","0.01","0.1","","","","2.52131441594083","","","","","","","","",""
"23685","UEMP5TO14MoMDifferenceL0","USGG10YR_IndexMoMPercentChangeL0",NA,"0",NA,"0.00805093225609068","0.137894513322924","-24.9587277882275","7.31451816240151e-05","0.158176244731299","-0.448420836426535","0.0938157268281709","4.80764922898775e-05","0.246564947236873","0.22440509274384",NA,"401.155065835948","407.900551562096","6.6002126546949e-05","70","No gap","1.0192090543591","0.156328250990206","0.893403509805345","0.106596490194655","0.380865100274994","0.721771930191447","0.101467884039011","0.582157809078457","0.198938979921393","0.01","0.01","0.1","","","","2.51196302572806","","","","","","","","",""
"24513","UEMP15OVMoMDifferenceL0","USGG10YR_IndexMoMPercentChangeL0",NA,"0",NA,"0.00537201933747555","0.138414507408901","-24.7501158306354","8.72112487503327e-05","0.144827610182854","-0.444672810913947","0.0943342265649388","4.48003273542408e-05","0.246500195926385","0.224338436983044",NA,"401.161081479845","407.906567205993","6.61952591343162e-05","70","No gap","1.02642115137438","0.336288781887697","0.731754720252787","0.268245279747213","0.546169666115113","0.87823573008415","0.399709181727016","0.640338125635589","0.119409232426181","0.01","0.01","0.1","","","","2.71137811447122","","","","","","","","",""
"44863","USGG10YR_IndexMoMPercentChangeL0","AAIIBULL_IndexMoMPercentChangeL0",NA,"0",NA,"-27.5987498707855","1.55581168907051e-05","2.79081924957753","0.138660251623136","-0.495852777689325","0.15858966501655","1.85328639328339e-05","0.16242834986072","0.246469687995709","0.224307031760289",NA,"401.163915603894","407.909401330042","6.62864445900579e-05","70","No gap","1.02628442880943","0.607465446714844","0.658962553053564","0.341037446946436","0.421199843470673","0.691211476811779","0.212298019978063","0.55328260391735","0.253148390602933","0.01","0.01","0.1","","","","2.8185924329186","","","","","","","","",""
"8815","IPCONGDMoMPercentChangeL0","USGG10YR_IndexMoMPercentChangeL0",NA,"0",NA,"-61.7786660876902","0.139650614805141","-26.8127162103501","2.13110928173138e-05","-0.156272357585766","-0.481730508539128","0.196542218156162","1.69174553235393e-05","0.246347338710034","0.224181083966211",NA,"401.175280448333","407.920766174481","6.66533619978482e-05","70","No gap","1.00528364590417","0.244132457039108","0.836396911856937","0.163603088143063","0.618258458449685","0.981597951590143","0.193705715605816","0.501805956794484","0.135671501128555","0.01","0.01","0.1","","","","2.77445339019184","","","","","","","","",""
"21325","UNRATEMoMDifferenceL1","USGG10YR_IndexMoMPercentChangeL0",NA,"0",NA,"5.47432518023398","0.141957629400029","-28.6692650759946","1.27994433023869e-05","0.151262440667733","-0.515086182845241","0.108497426149025","1.66406033456084e-05","0.246065993099683","0.223891463484968",NA,"401.201407228794","407.946892954942","6.75045928941742e-05","70","No gap","1.08208634701581","0.382796578123012","0.737149963882851","0.262850036117149","0.328111261338739","0.721171468793541","0.209098865247299","0.529911126401356","0.179182034185604","0.01","0.01","0.1","","","","2.71499976458558","","","","","","","","",""
"21765","UNRATEMoMPercentChangeL1","USGG10YR_IndexMoMPercentChangeL0",NA,"0",NA,"28.42313641998","0.142420838090892","-28.5838981034074","1.29202483453305e-05","0.153118242138203","-0.513552437632923","0.0704501475691485","1.75924353989327e-05","0.246010110675031","0.223833937459591",NA,"401.206595514141","407.952081240289","6.76749206343086e-05","70","No gap","1.076735103012","0.361875233095368","0.752409244544202","0.247590755455798","0.340489618742702","0.678073678782831","0.196873795729295","0.56752725858873","0.20241068198313","0.01","0.01","0.1","","","","2.80424224475982","","","","","","","","",""
"44880","USGG10YR_IndexMoMPercentChangeL0","TED_G_IndexMoMPercentChangeL1",NA,"0",NA,"-26.4101455282449","2.65912367391553e-05","3.25433180055475","0.146694275757149","-0.474497724740127","0.154046723819364","3.023867560664e-05","0.095762468009182","0.245503819819312","0.22331275569635",NA,"401.253583500239","407.999069226387","6.92372075066228e-05","70","No gap","1.00073685910642","0.198327603986631","0.855824971299767","0.144175028700233","0.242184259370927","0.730005524393679","0.520400825451548","0.553005495462406","0.392834306279225","0.01","0.01","0.1","","","","2.50116835375956","","","","","","","","",""
"44865","USGG10YR_IndexMoMPercentChangeL0","AAIIBEAR_IndexMoMDifferenceL0",NA,"0",NA,"-28.6061134024533","1.34197791259133e-05","-0.0912286350018671","0.151368759973916","-0.51395156867294","-0.158966649276422","4.89355217682621e-05","0.124673798611848","0.244968358901878","0.222761545928403",NA,"401.303244414419","408.048730140567","7.09275841016543e-05","70","No gap","1.08164077000233","0.44490758082382","0.502236962914955","0.497763037085045","0.309853802348421","0.26309706044697","0.365894034377488","0.54133923889594","0.185557464249799","0.01","0.01","0.1","","","","2.9992916242585","","","","","","","","",""
"42509","WPSID62MoMDifferenceL0","USGG10YR_IndexMoMPercentChangeL0",NA,"0",NA,"0.101984775908659","0.156417363843078","-27.2950331602546","1.78994052067111e-05","0.151489471261744","-0.490396053190843","0.0992244429922451","1.87708350951585e-05","0.244410269509812","0.222187042142454",NA,"401.354966520244","408.100452246393","7.27320092548389e-05","70","No gap","1.01772282852755","0.237984412316826","0.83518029215985","0.16481970784015","0.312613025284737","0.851180758750171","0.344887144090154","0.668011540579464","0.161133241391886","0.01","0.01","0.1","","","","2.81982780106147","","","","","","","","",""
"42661","WPSID62MoMPercentChangeL0","USGG10YR_IndexMoMPercentChangeL0",NA,"0",NA,"20.3987838066089","0.162416859022512","-27.1206385898901","1.9309855444875e-05","0.14938391910931","-0.487262794165197","0.0771731250970584","2.46168678148298e-05","0.243772589585966","0.22153060692673",NA,"401.414018102752","408.1595038289","7.48483283453671e-05","70","No gap","1.01298925881795","0.241350010475849","0.832988681795088","0.167011318204912","0.32289674538464","0.832899727632064","0.36300189984531","0.661884390435032","0.161550651207427","0.01","0.01","0.1","","","","2.80592851715677","","","","","","","","",""
"8275","IPCONGDMoMDifferenceL0","USGG10YR_IndexMoMPercentChangeL0",NA,"0",NA,"-0.579881609577022","0.163425054178291","-26.8025767832083","2.2170664341033e-05","-0.147742830396793","-0.481548338580852","0.215378946047971","1.80637604771557e-05","0.243668015457127","0.221422957088219",NA,"401.423697311456","408.169183037604","7.52010434980077e-05","70","No gap","1.00573745155844","0.242302690290852","0.837257378327463","0.162742621672537","0.602380804672276","0.980834190832084","0.198821624335871","0.507598080557272","0.135484469538073","0.01","0.01","0.1","","","","2.7775228715794","","","","","","","","",""
"44878","USGG10YR_IndexMoMPercentChangeL0","TED_G_IndexMoMDifferenceL1",NA,"0",NA,"-26.8559831000611","2.17934701419087e-05","0.0964010020214081","0.168856534709703","-0.482507862859366","0.147227217387255","7.86350520194876e-06","0.133558239098625","0.243116807605023","0.220855537240465",NA,"401.474694092273","408.220179818422","7.70870245113686e-05","70","No gap","1.00693146911813","0.222876002474666","0.839128754468912","0.160871245531088","0.272705701003043","0.60254363697571","0.52863348371564","0.552201007542528","0.301337513353028","0.01","0.01","0.1","","","","2.58540961621645","","","","","","","","",""
"25929","UEMP15T26MoMPercentChangeL1","USGG30YR_IndexMoMPercentChangeL0",NA,"0",NA,"-14.9988324446907","0.0285995754785152","-30.9652026345127","0.000457344138882779","-0.237712773953872","-0.39384080144454","0.0152428434646934","0.000113467343725594","0.242544130228629","0.220266016411824",NA,"401.527637873835","408.273123599983","7.90950681422986e-05","70","No gap","1.02642104278783","0.374093062602509","0.760220007168395","0.239779992831605","0.781955245413845","0.81121101486605","0.385376945872076","0.573081365274147","0.265201694175325","0.01","0.01","0.1","","","","2.90370443561535","","","","","","","","",""
"25523","UEMP15T26MoMDifferenceL1","USGG10YR_IndexMoMDifferenceL0",NA,"0",NA,"-0.0136160532668876","0.0218485676333376","-9.51180327635678","0.000961056097125829","-0.249536395138785","-0.372568983013681","0.01849010500094","0.00102692073773934","0.242200139765631","0.219911908582267",NA,"401.559420407102","408.30490613325","8.03255501170552e-05","70","No gap","1.04518505854353","0.32674824128163","0.804070008968734","0.195929991031266","0.527700825822928","0.98505083650551","0.320446404137587","0.656027052834826","0.124315482474387","0.01","0.01","0.1","","","","2.6911743880403","","","","","","","","",""
"1155","RPIMoMPercentChangeL1","USGG10YR_IndexMoMPercentChangeL0",NA,"0",NA,"36.7239533111021","0.184813248743715","-27.1135777148938","2.00618978102061e-05","0.137386437680138","-0.487135934995989","0.31029631744152","1.22859445105485e-05","0.241606359512928","0.219300664204485",NA,"401.614247999747","408.359733725895","8.24934006993239e-05","70","No gap","1.01418045594436","0.264945740560321","0.862723209247293","0.137276790752707","0.261490255143279","0.820349680961053","0.647158441346699","0.847218595529241","0.142868681746255","0.01","0.01","0.1","","","","3.17419257002675","","","","","","","","",""
"2339","W875RX1MoMPercentChangeL1","USGG10YR_IndexMoMPercentChangeL0",NA,"0",NA,"34.4296062430012","0.189531856195195","-27.1462567491847","1.99703634885469e-05","0.136266276452347","-0.487723062673917","0.315443209370143","1.17163483300894e-05","0.241187917267509","0.2188699148342",NA,"401.652859715315","408.398345441463","8.40551020411251e-05","70","No gap","1.01551124424711","0.263847785749116","0.863027458501585","0.136972541498415","0.262227519516639","0.778603604863836","0.635677916508699","0.842139530646369","0.134022858905199","0.01","0.01","0.1","","","","3.15508365822165","","","","","","","","",""
"38051","HOUSTSMoMPercentChangeL1","USGG10YR_IndexMoMPercentChangeL0",NA,"0",NA,"-5.59640112196202","0.189728164323367","-26.3176515943772","2.93959486455635e-05","-0.139488827486815","-0.47283593301976","0.253608985911708","1.53130009705492e-05","0.241170767283504","0.218852260438901",NA,"401.654441774091","408.399927500239","8.4119717204012e-05","70","No gap","1.0003280445694","0.238203963814004","0.854578959501783","0.145421040498217","0.108377271897672","0.46637771335637","0.339731840686393","0.834682386402655","0.143830256578755","0.01","0.01","0.1","","","","2.73450201677829","","","","","","","","",""
"44858","USGG10YR_IndexMoMPercentChangeL0","MOVE_IndexMoMDifferenceL1",NA,"0",NA,"-26.5878312398004","2.55021931897122e-05","-0.0699987334676085","0.19386876193711","-0.477690114034677","-0.138773248830338","8.05043019477794e-06","0.274424073164267","0.240813694394497","0.2184846854061",NA,"401.687373061104","408.432858787252","8.54760470783145e-05","70","No gap","1.00284324354824","0.61041664662371","0.585458341507112","0.414541658492888","0.38529278580852","0.157285209859996","0.624281156521328","0.619102056231114","0.133690644153983","0.01","0.01","0.1","","","","2.72954702460692","","","","","","","","",""
"27655","USGOODMoMDifferenceL0","USGG10YR_IndexMoMPercentChangeL0",NA,"0",NA,"0.0109169414426135","0.198373976829438","-24.8946103563395","8.60205006037594e-05","0.113965860004359","-0.447268870962563","0.106746003875671","3.77152305202614e-05","0.240434985556249","0.21809483807261",NA,"401.722282817397","408.467768543545","8.69377506603763e-05","70","No gap","1.02820833145553","0.319624148522455","0.764263078269655","0.235736921730345","0.0643530010385922","0.128940683215096","0.186346363002647","0.435986492222759","0.353840866487434","0.0152953146633379","0.01","0.1","","","","2.54217417052611","","","","","","","","",""
"23897","UEMP5TO14MoMDifferenceL1","USGG30YR_IndexMoMPercentChangeL0",NA,"0",NA,"0.0115196627419148","0.0319517574205348","-37.3299959320885","3.66186084394836e-05","0.234232278635628","-0.474793454102211","0.0430998946856209","8.57024596950113e-06","0.240403951228651","0.21806289097067",NA,"401.725142820836","408.470628546984","8.70586036827437e-05","70","No gap","1.03385291468899","0.16494754610359","0.896382497143884","0.103617502856116","0.241726836349501","0.776115827563795","0.4826257260382","0.617102528246215","0.0850397429854892","0.01","0.01","0.1","","","","2.66586741685562","","","","","","","","",""
"6632","IPFPNSSMoMPercentChangeL0","USGG10YR_IndexMoMPercentChangeL0",NA,"0",NA,"-64.753017233363","0.203068963891101","-26.829308971591","2.30108014830585e-05","-0.134842489152952","-0.482028622286649","0.303223743631494","1.2308757491783e-05","0.240050721997942","0.217699272644941",NA,"401.757686827466","408.503172553614","8.84456807170864e-05","70","No gap","1.00746037311187","0.213330596886313","0.85830220497769","0.14169779502231","0.332318826486337","0.94071149132083","0.160086359966044","0.428459812401695","0.167890140319569","0.01","0.01","0.1","","","","2.81695106024701","","","","","","","","",""
"44855","USGG10YR_IndexMoMPercentChangeL0","VIX_IndexMoMPercentChangeL0",NA,"0",NA,"-26.1424936364374","3.32322663579383e-05","2.33401603679576","0.20996316325774","-0.46968895859572","0.133247960821795","9.83483949156794e-06","0.0971794770098511","0.239504705972339","0.217137197324466",NA,"401.807963074478","408.553448800626","9.0632102069943e-05","70","No gap","1.00002114225972","0.389385077912791","0.741033437961575","0.258966562038425","0.281431200984327","0.581868669088019","0.220804375192764","0.610996239143594","0.102932797280955","0.01","0.01","0.1","","","","2.57922141736112","","","","","","","","",""
"28023","USGOODMoMPercentChangeL0","USGG10YR_IndexMoMPercentChangeL0",NA,"0",NA,"209.393425592018","0.211568628534088","-24.8795778787677","8.91484314261619e-05","0.110996879693349","-0.446998790042432","0.103234623077243","8.54701988952434e-05","0.239380540238631","0.217009379657414",NA,"401.81939101094","408.564876737088","9.11365735588587e-05","70","No gap","1.03058504895896","0.320633607556676","0.763875253699932","0.236124746300068","0.0680409206437573","0.135197160571527","0.201177906292889","0.450575987183407","0.354031685542114","0.0145326802590246","0.01","0.1","","","","2.55357844982823","","","","","","","","",""
"28759","CES1021000001MoMPercentChangeL0","USGG10YR_IndexMoMPercentChangeL0",NA,"0",NA,"-47.674403159612","0.21304726179549","-25.6089973551689","4.82486013441388e-05","-0.131903416362451","-0.460103900787217","0.193285864743836","3.04690843415493e-05","0.23926715043764","0.216892654862276",NA,"401.82982552507","408.575311251218","9.15996437377276e-05","70","No gap","1.00589631249106","0.237361316612808","0.736143268083646","0.263856731916354","0.112952609901904","0.606801012637896","0.800117991026474","0.927044452826937","0.170720196414486","0.01","0.01","0.1","","","","2.55086837436345","","","","","","","","",""
"44857","USGG10YR_IndexMoMPercentChangeL0","MOVE_IndexMoMDifferenceL0",NA,"0",NA,"-26.7226730029749","2.45874222896963e-05","0.0677504554149325","0.22153608734268","-0.480112747781918","0.130509088686862","1.89154074308718e-06","0.321390202812619","0.238633492586902","0.216240360015928",NA,"401.888108254","408.633593980149","9.42297676460591e-05","70","No gap","1.00565565605561","0.381806940893393","0.724112787978134","0.275887212021866","0.465602664027391","0.226145789355153","0.440104987481067","0.645696234497847","0.204226244184839","0.01","0.01","0.1","","","","2.72316758392453","","","","","","","","",""
"37803","HOUSTSMoMDifferenceL1","USGG10YR_IndexMoMPercentChangeL0",NA,"0",NA,"-0.0100427630190473","0.224925764270649","-26.3095184022414","3.04327070117127e-05","-0.129585418239774","-0.472689808070952","0.28338066178866","2.24770764522046e-05","0.23838837825722","0.215988036441256",NA,"401.91064042685","408.656126152998","9.52667007542152e-05","70","No gap","1.00033952068196","0.275855575273644","0.83262989867997","0.16737010132003","0.129719266425712","0.500017470886757","0.35088477992638","0.827125352398622","0.156136253759454","0.01","0.01","0.1","","","","2.73999293555699","","","","","","","","",""
"25729","UEMP15T26MoMPercentChangeL0","USGG30YR_IndexMoMPercentChangeL0",NA,"0",NA,"14.2497963515794","0.0356378937015128","-34.5127572258088","9.59667855362376e-05","0.225746721671482","-0.438961505477883","0.0314419395646093","1.9877381944749e-05","0.238299888779874","0.215896944332223",NA,"401.918773054318","408.664258780466","9.56437611543404e-05","70","No gap","1.00088637045269","0.521577402808556","0.644824204097197","0.355175795902803","0.399305718217241","0.762251775037186","0.412840206452767","0.385460236054866","0.386543799752437","0.01","0.01","0.1","","","","2.62233732682499","","","","","","","","",""
"6075","IPFPNSSMoMDifferenceL0","USGG10YR_IndexMoMPercentChangeL0",NA,"0",NA,"-0.612485237572883","0.22689769597375","-26.8058922817742","2.38503512948102e-05","-0.128223508808869","-0.481607906466393","0.30134155132369","5.85002805460478e-06","0.238247777100474","0.21584329995637",NA,"401.923561937406","408.669047663555","9.5866490246399e-05","70","No gap","1.00768515443274","0.213246479942968","0.857870897622673","0.142129102377327","0.305899173763178","0.925902354731216","0.172769569477066","0.441259346322314","0.164409885134925","0.01","0.01","0.1","","","","2.81713544825","","","","","","","","",""
"20885","CE16OVMoMPercentChangeL1","USGG10YR_IndexMoMPercentChangeL0",NA,"0",NA,"254.138684480535","0.227271271389484","-25.9471840911683","3.82503389544548e-05","0.110801912817638","-0.466179930796116","0.178192177578811","6.41417663812011e-05","0.238221303142192","0.215816047352257",NA,"401.925994677111","408.671480403259","9.59798346177321e-05","70","No gap","1.00102444350709","0.289282643955622","0.803775012588518","0.196224987411482","0.443174115076189","0.883024734598618","0.576404611008509","0.586584585829191","0.155779162941909","0.01","0.01","0.1","","","","2.86560419180485","","","","","","","","",""
"18845","CUMFNSMoMPercentChangeL0","USGG10YR_IndexMoMPercentChangeL0",NA,"0",NA,"102.013968523185","0.234270427945629","-26.1788858618095","3.31052533432257e-05","0.127061300307271","-0.470342799299432","0.158301215596057","3.36329973210932e-05","0.23773460997358","0.215315039678685",NA,"401.970702731496","408.716188457645","9.80868640600985e-05","70","No gap","1.0000000942574","0.401526492661457","0.728580471763485","0.271419528236515","0.440225743089876","0.976719548285838","0.507082310561836","0.721866558573195","0.124330110635627","0.01","0.01","0.1","","","","2.83402052064705","","","","","","","","",""
"17441","IPFUELSMoMDifferenceL0","USGG10YR_IndexMoMPercentChangeL0",NA,"0",NA,"0.312535982279221","0.235711421618643","-26.0985573424282","3.4840913550665e-05","0.126497427984333","-0.468899577427087","0.251663790236255","4.84762281592124e-06","0.237636549392826","0.215214094963203",NA,"401.97970720587","408.725192932018","9.85167964403511e-05","70","No gap","1.00012311342402","0.340389143687943","0.789357746694673","0.210642253305327","0.532537059215302","0.97631406833302","0.348887372989606","0.692109014887815","0.0237129660759357","0.01","0.01","0.1","","","","2.57537657589273","","","","","","","","",""
"28391","CES1021000001MoMDifferenceL0","USGG10YR_IndexMoMPercentChangeL0",NA,"0",NA,"-0.0622566068242094","0.236322616430628","-25.5916341747433","4.99784174832856e-05","-0.125313933578553","-0.459791945307933","0.244880411721861","2.69311232449011e-05","0.237595172317424","0.215171500914995",NA,"401.983506334328","408.728992060476","9.86987564276509e-05","70","No gap","1.00691671398086","0.244068252630486","0.802841538384089","0.197158461615911","0.154977462261117","0.683139443536038","0.76131844436975","0.900650898331465","0.186721607693674","0.01","0.01","0.1","","","","2.56286249856621","","","","","","","","",""
"20437","CE16OVMoMDifferenceL1","USGG10YR_IndexMoMPercentChangeL0",NA,"0",NA,"0.0016614106053437","0.236962790784344","-25.9330154115571","3.89047810665756e-05","0.108562221859305","-0.465925369296979","0.180434165641893","1.06496378088052e-05","0.237551969742448","0.21512702767605",NA,"401.987472855075","408.732958581223","9.88890923276919e-05","70","No gap","1.00120324738928","0.287041696284931","0.804857084199661","0.195142915800339","0.425255139064105","0.86589182843633","0.57270697765393","0.586294227004181","0.15367330994723","0.01","0.01","0.1","","","","2.88510796782728","","","","","","","","",""
"18381","CUMFNSMoMDifferenceL0","USGG10YR_IndexMoMPercentChangeL0",NA,"0",NA,"1.32121052097509","0.239997524780328","-26.1848722131518","3.31184192997105e-05","0.125532466890499","-0.470450353045714","0.166994814335618","3.45558538584157e-05","0.237349044937276","0.214918134494255",NA,"402.006100808517","408.751586534665","9.97878872522895e-05","70","No gap","1.00000136492138","0.39942648326954","0.729981492592292","0.270018507407708","0.4385029552664","0.976671352528847","0.505009111532362","0.722033010589469","0.124045751619372","0.01","0.01","0.1","","","","2.82763733853684","","","","","","","","",""
"17913","IPFUELSMoMPercentChangeL0","USGG10YR_IndexMoMPercentChangeL0",NA,"0",NA,"33.8966303690797","0.241310185218791","-26.0863469506878","3.52518139950048e-05","0.124957527865011","-0.468680199495495","0.236238024359975","4.12891561236407e-05","0.237262217653472","0.21482875346681",NA,"402.014069806482","408.759555532631","0.000100174880327764","70","No gap","1.00016851597149","0.339219593046025","0.790239387992501","0.209760612007499","0.519649493194725","0.978060301493825","0.354432111954256","0.697715852165509","0.0241121551667616","0.01","0.01","0.1","","","","2.5770898597461","","","","","","","","",""
"43229","DTCOLNVHFNMMoMPercentChangeL0","USGG10YR_IndexMoMPercentChangeL0",NA,"0",NA,"-41.4242331861622","0.242920106533573","-26.4061351042011","2.92364743241924e-05","-0.124801234233211","-0.474425671480064","0.0411863905797333","3.54146775665258e-05","0.237156495835144","0.214719922183236",NA,"402.023771717958","408.769257444106","0.00010064805413279","70","No gap","1.00109343297338","0.273501780694271","0.801507732283554","0.198492267716446","0.326779819340585","0.890701584469032","0.339254504503638","0.589691180363035","0.119627625190155","0.01","0.01","0.1","","","","3.56585139990825","","","","","","","","",""
"19077","CUMFNSMoMPercentChangeL1","USGG10YR_IndexMoMPercentChangeL0",NA,"0",NA,"-100.118273878907","0.244467552859737","-26.7412140516553","2.49301525228465e-05","-0.124776216558376","-0.480445865424292","0.268734397525706","2.27950578640858e-05","0.237055664659435","0.214616125384712",NA,"402.033023570839","408.778509296987","0.000101101359802014","70","No gap","1.00666318080871","0.462279084488075","0.701330048693635","0.298669951306365","0.474646990212612","0.95571076451984","0.479369021873162","0.777935509000173","0.170931809958112","0.01","0.01","0.1","","","","2.98182278873156","","","","","","","","",""
"43093","DTCOLNVHFNMMoMDifferenceL0","USGG10YR_IndexMoMPercentChangeL0",NA,"0",NA,"-0.000121792180198266","0.246218377917476","-26.404341655975","2.9334699440692e-05","-0.123961368094839","-0.474393449503027","0.0450937328198813","2.11715273427282e-05","0.236942500460707","0.214499632827198",NA,"402.043405594955","408.788891321103","0.00010161247097551","70","No gap","1.00109140825213","0.273092781228476","0.802573436274144","0.197426563725856","0.331496670128307","0.895458915628673","0.339429352026791","0.593947599747568","0.120583643390136","0.01","0.01","0.1","","","","3.65200970525235","","","","","","","","",""
"18613","CUMFNSMoMDifferenceL1","USGG10YR_IndexMoMPercentChangeL0",NA,"0",NA,"-1.29740629669131","0.250051605673044","-26.7497639019642","2.49696238287571e-05","-0.123346708893721","-0.480599476259723","0.272924218736099","2.51471905508214e-05","0.236698083133944","0.214248026755531",NA,"402.065823922953","408.811309649101","0.000102724965159173","70","No gap","1.00702907111017","0.45991061195682","0.70272191310101","0.29727808689899","0.47400153335974","0.956621886720861","0.480289507192712","0.777555699582586","0.171214614334915","0.01","0.01","0.1","","","","2.96929531073765","","","","","","","","",""
"44361","ism_man_pmiMoMPercentChangeL0","USGG10YR_IndexMoMPercentChangeL0",NA,"0",NA,"19.1942312035299","0.256235651155888","-26.3925080038488","2.97294649650503e-05","0.121383511886508","-0.474180840261505","0.216920245289646","4.6666942663203e-05","0.236313150019984","0.213851772079395",NA,"402.101116020882","408.84660174703","0.000104501042950234","70","No gap","1.00102280777239","0.212957037959364","0.862090458116345","0.137909541883655","0.129656826570919","0.716898524996126","0.564749679712897","0.800751948651695","0.0768497435969091","0.01","0.01","0.1","","","","3.27447608942818","","","","","","","","",""
"44585","ism_man_pricesMoMPercentChangeL1","USGG10YR_IndexMoMPercentChangeL0",NA,"0",NA,"6.21348975175849","0.261522076678118","-26.9042507295242","2.3808948708269e-05","0.120521972950156","-0.483375062941028","0.190668400625373","3.56563774759114e-05","0.235992914666626","0.213522118039174",NA,"402.130462835116","408.875948561264","0.000106001285209323","70","No gap","1.01188455761853","0.340627064790215","0.764259567259608","0.235740432740392","0.103062357971757","0.632991130983076","0.583457891068275","0.930185532940368","0.10702457519883","0.01","0.01","0.1","","","","2.77718832291688","","","","","","","","",""
"25923","UEMP15T26MoMPercentChangeL1","USGG10YR_IndexMoMDifferenceL0",NA,"0",NA,"-14.9249245198884","0.0302326721622216","-9.8418736153846","0.000628538667434479","-0.236541425591477","-0.385497548393102","0.0178807143442914","0.00211004618447324","0.235867532793406","0.213393048463801",NA,"402.141949654014","408.887435380162","0.000106594352370593","70","No gap","1.02868274104976","0.367927644810472","0.775698645203712","0.224301354796288","0.709417369980315","0.902293470820135","0.227682929281327","0.580061830682046","0.0751300228147416","0.01","0.01","0.1","","","","2.87820899461136","","","","","","","","",""
"13525","IPDMATMoMDifferenceL0","USGG10YR_IndexMoMPercentChangeL0",NA,"0",NA,"0.345456154457059","0.26460391066137","-26.2802222214285","3.18137655087331e-05","0.119242662671724","-0.472163458410198","0.282199582061222","2.09919593800226e-05","0.235809843237516","0.213333662156266",NA,"402.147234230517","408.892719956666","0.000106868309592389","70","No gap","1.00024364622669","0.327232152749686","0.780666273272916","0.219333726727084","0.594901306664739","0.846919006264038","0.211461986415739","0.607339385406074","0.134879839867807","0.01","0.01","0.1","","","","2.67019048235034","","","","","","","","",""
"33939","USGOVTMoMDifferenceL1","USGG10YR_IndexMoMPercentChangeL0",NA,"0",NA,"0.0172343037523476","0.269145269186645","-25.8414401490846","4.245011670652e-05","0.11291575063949","-0.464280082880848","0.190915430655907","2.03360043648501e-05","0.235544772168727","0.213060794879572",NA,"402.171510593352","408.9169963195","0.000108135892625816","70","No gap","1.00260501536072","0.337092407333918","0.776401596950506","0.223598403049494","0.116464571950311","0.557457483792506","0.227361035230495","0.505589965001876","0.082222187589984","0.01","0.01","0.1","","","","2.57429143345635","","","","","","","","",""
"559","RPIMoMDifferenceL1","USGG10YR_IndexMoMPercentChangeL0",NA,"0",NA,"0.00232423098652924","0.269474237557645","-26.9821154392912","2.34109614435429e-05","0.114466579121089","-0.484774018792388","0.435641481897518","2.54135087843262e-06","0.235525784211062","0.213041248452564",NA,"402.173249270101","408.918734996249","0.000108227251972792","70","No gap","1.01505280617165","0.292595513193843","0.838884192063877","0.161115807936123","0.183958486039997","0.704965582981623","0.572675139919121","0.823522831663728","0.160859188947867","0.01","0.01","0.1","","","","3.34806819290618","","","","","","","","",""
"42737","WPSID62MoMPercentChangeL1","USGG10YR_IndexMoMPercentChangeL0",NA,"0",NA,"16.1416842692474","0.269565106454262","-25.8860945168912","4.11197881320512e-05","0.117576498753975","-0.465082365318151","0.107608525515746","5.82816281920122e-05","0.235520544303814","0.213035854430397",NA,"402.173729066859","408.919214793007","0.000108252476638704","70","No gap","1.00196072232175","0.19136920918434","0.857559478863868","0.142440521136132","0.269937998220354","0.619345954249543","0.57785065299552","0.838516200491571","0.0755217183406195","0.01","0.01","0.1","","","","2.67950840985726","","","","","","","","",""
"34243","USGOVTMoMPercentChangeL1","USGG10YR_IndexMoMPercentChangeL0",NA,"0",NA,"381.062600713028","0.270303207344446","-25.8329853741355","4.27457660568352e-05","0.112636751346203","-0.464128180216311","0.175970960703978","5.5651556386866e-05","0.235478062369753","0.212992123027687",NA,"402.17761884145","408.923104567598","0.000108457193435885","70","No gap","1.00275120710388","0.336927913006347","0.77653279279286","0.22346720720714","0.116364641242467","0.558328244943743","0.22673392592546","0.505814604388441","0.0828909123721158","0.01","0.01","0.1","","","","2.57484909317317","","","","","","","","",""
"44861","USGG10YR_IndexMoMPercentChangeL0","AAIIBULL_IndexMoMDifferenceL0",NA,"0",NA,"-27.330245075716","2.15544778376622e-05","0.0649759216096989","0.270485489506325","-0.491028687863466","0.119615438763858","4.8434581167557e-05","0.28712220423016","0.235467592942002","0.212981345675591",NA,"402.178577420777","408.924063146926","0.000108507702393346","70","No gap","1.03100768991057","0.515119946195822","0.702131099082375","0.297868900917625","0.299689719895355","0.63373816845342","0.293747031937723","0.590144079447449","0.118369684607963","0.01","0.01","0.1","","","","2.79720134009333","","","","","","","","",""
"44853","USGG10YR_IndexMoMPercentChangeL0","VIX_IndexMoMDifferenceL0",NA,"0",NA,"-25.7939573589577","4.40197056383208e-05","0.138961473611827","0.271198880520042","-0.463426983610515","0.117821565731383","3.53654334897918e-06","0.223851195892139","0.235426702413526","0.212939252484512",NA,"402.182321226043","408.927806952191","0.000108705194444281","70","No gap","1.00342409462464","0.368469753042012","0.755955496673333","0.244044503326667","0.258778288265604","0.615547313594013","0.263506636552956","0.624314864182135","0.0942606091280021","0.01","0.01","0.1","","","","2.61476281108404","","","","","","","","",""
"10949","IPNCONGDMoMPercentChangeL0","USGG10YR_IndexMoMPercentChangeL0",NA,"0",NA,"-51.5904004774734","0.271567558168831","-26.4782640517574","2.87362670837306e-05","-0.116947394557473","-0.475721575793304","0.308258200379894","2.11262191043695e-05","0.23540562219187","0.212917552256337",NA,"402.184251185117","408.929736911265","0.000108807143414991","70","No gap","1.00212847124701","0.255103100462578","0.827005490701542","0.172994509298458","0.577964399951026","0.964971459104788","0.26034688562889","0.605267300468986","0.0796014124642666","0.01","0.01","0.1","","","","2.82646957898162","","","","","","","","",""
"28943","CES1021000001MoMPercentChangeL1","USGG10YR_IndexMoMPercentChangeL0",NA,"0",NA,"-42.1127852241858","0.272822474522612","-26.7953042518117","2.50398501865187e-05","-0.116557409441438","-0.481417676688167","0.173658003692099","3.96510414304703e-05","0.235334131967252","0.212843959378054",NA,"402.190795938688","408.936281664836","0.000109153578646715","70","No gap","1.0090035161364","0.251951621664913","0.806308981583143","0.193691018416857","0.440574821822409","0.415504299678859","0.696791196459262","0.83170783656634","0.0843107050066377","0.01","0.01","0.1","","","","2.84470087280653","","","","","","","","",""
"28575","CES1021000001MoMDifferenceL1","USGG10YR_IndexMoMPercentChangeL0",NA,"0",NA,"-0.0573349073461971","0.277882866175201","-26.9683236727045","2.37315551054758e-05","-0.115459569854431","-0.484526229098896","0.198926671606378","4.74180312865627e-05","0.235049915326869","0.212551383424718",NA,"402.216809220022","408.96229494617","0.000110541486211146","70","No gap","1.01505580990627","0.256364241500092","0.802553062223704","0.197446937776296","0.51044819400604","0.443583092889066","0.663208218595093","0.812481740363744","0.0917121893717921","0.01","0.01","0.1","","","","2.80899873489516","","","","","","","","",""
"1747","W875RX1MoMDifferenceL1","USGG10YR_IndexMoMPercentChangeL0",NA,"0",NA,"0.00262323883043674","0.277903589231534","-27.0050363300781","2.34761242566971e-05","0.112780952550061","-0.485185826842283","0.44368516400412","2.7355156701568e-06","0.235048764608711","0.212550198861908",NA,"402.216914521286","408.962400247434","0.00011054714014691","70","No gap","1.0164861002034","0.292260970635937","0.838549990009751","0.161450009990249","0.184119369502345","0.650802238543448","0.561454742636114","0.818562979484344","0.152185927920334","0.01","0.01","0.1","","","","3.32303039024398","","","","","","","","",""
"4659","CMRMTSPLMoMPercentChangeL1","USGG10YR_IndexMoMPercentChangeL0",NA,"0",NA,"-28.2594937476389","0.278488327597166","-25.8136386146627","4.35970681436635e-05","-0.113640620975158","-0.463780586775709","0.00492618164115209","5.74246012355028e-05","0.23501633878532","0.212516819337829",NA,"402.219881716351","408.965367442499","0.00011070657654666","70","No gap","1.00317518788458","0.215930212083047","0.853616010174536","0.146383989825464","0.254755771301222","0.825619692827979","0.374141971751757","0.816153470838227","0.104308999673383","0.01","0.01","0.1","","","","2.91747261579788","","","","","","","","",""
"14029","IPDMATMoMPercentChangeL0","USGG10YR_IndexMoMPercentChangeL0",NA,"0",NA,"37.0926884916544","0.279461735744577","-26.2635692611265","3.24104707212569e-05","0.11561105058076","-0.4718642630966","0.293039542472861","2.28243925112605e-05","0.234962546627607","0.212461445057831",NA,"402.224803806648","408.970289532796","0.000110971562662043","70","No gap","1.00018242281325","0.324940270935577","0.782738938083053","0.217261061916947","0.569085809996754","0.836472339983604","0.216821355262559","0.610321904530897","0.131625306260809","0.01","0.01","0.1","","","","2.6715224825828","","","","","","","","",""
"24313","UEMP5TO14MoMPercentChangeL1","USGG30YR_IndexMoMPercentChangeL0",NA,"0",NA,"24.2437880541057","0.0424071369479007","-36.7870886855246","4.60694960593354e-05","0.221699916946514","-0.467888315207416","0.0420800863845338","1.2588897943307e-05","0.2349587435827","0.212457530158662",NA,"402.225151779784","408.970637505932","0.000110990320163817","70","No gap","1.02645322270846","0.172384966566501","0.887439840083874","0.112560159916126","0.303064634726578","0.723058472913059","0.552524307383283","0.625448161006358","0.0700727150008216","0.01","0.01","0.1","","","","2.65731919051447","","","","","","","","",""
"25527","UEMP15T26MoMDifferenceL1","USGG30YR_IndexMoMDifferenceL0",NA,"0",NA,"-0.0142228729990544","0.0167835318583808","-10.02810820132","0.00136388730419308","-0.26065735695466","-0.359977277300395","0.0138578392749838","0.000535212576127685","0.234901680449767","0.212398788698289",NA,"402.230372766641","408.975858492789","0.000111272138575536","70","No gap","1.03489320221904","0.357914201112582","0.774575119264808","0.225424880735192","0.773758877154508","0.976107707661589","0.324712113056516","0.547137241808553","0.281337290048669","0.01","0.01","0.1","","","","2.73281445993218","","","","","","","","",""
"42585","WPSID62MoMDifferenceL1","USGG10YR_IndexMoMPercentChangeL0",NA,"0",NA,"0.077347441211273","0.281932805868837","-25.8482052452928","4.25985869267997e-05","0.114319557937531","-0.464401627942195","0.119265783379167","5.14563012235571e-05","0.234827029592095","0.212321942227156",NA,"402.237202353101","408.982688079249","0.000111641866493706","70","No gap","1.00263655921863","0.187723770111272","0.859079569518555","0.140920430481445","0.262734581035899","0.682687595078374","0.58711522782799","0.832617386968124","0.0738467343199959","0.01","0.01","0.1","","","","2.6838143920456","","","","","","","","",""
"35411","AWOTMANMoMPercentChangeL1","USGG10YR_IndexMoMPercentChangeL0",NA,"0",NA,"-17.8546417769263","0.2852733766339","-26.4052447438073","3.00885727561898e-05","-0.114299881374851","-0.474409674825271","0.440254276983457","2.97509528338504e-05","0.234646159529094","0.212135752456421",NA,"402.253746858403","408.999232584551","0.000112542624008727","70","No gap","1.00129357383405","0.397432885202657","0.740973979437194","0.259026020562806","0.0876978748283248","0.489675689567233","0.330786906997373","0.531030389921674","0.241172783187496","0.01","0.01","0.1","","","","2.84608054098897","","","","","","","","",""
"44860","USGG10YR_IndexMoMPercentChangeL0","MOVE_IndexMoMPercentChangeL1",NA,"0",NA,"-26.2990708617557","3.18810667021226e-05","-3.99282307960759","0.28594637685987","-0.472502102396091","-0.11406805427033","2.78857701731255e-05","0.268387502285104","0.234610040560052","0.212098571164759",NA,"402.257050256181","409.002535982329","0.000112723344437016","70","No gap","1.00037183743764","0.496402797874222","0.662584746593753","0.337415253406247","0.45585514482301","0.669776900065114","0.616613719762258","0.690492402090069","0.121918497348363","0.01","0.01","0.1","","","","2.76089695302347","","","","","","","","",""
"44992","USGG30YR_IndexMoMPercentChangeL0","AAIIBULL_IndexMoMDifferenceL1",NA,"0",NA,"-35.5440420753204","6.83044839466658e-05","-0.118539355591134","0.0437875279331877","-0.452078230611035","-0.218896453852032","1.07033941570024e-05","0.0603486366640273","0.234344892152996","0.211825624275144",NA,"402.281295641344","409.026781367492","0.000114058658852167","70","No gap","1.00831029336914","0.441721256700167","0.729437794404414","0.270562205595586","0.260813676679105","0.752829085675012","0.352747893154209","0.418237881165313","0.165355367839355","0.01","0.01","0.1","","","","3.1582761559743","","","","","","","","",""
"4083","CMRMTSPLMoMDifferenceL1","USGG10YR_IndexMoMPercentChangeL0",NA,"0",NA,"-2.13686728604632e-05","0.293173195306582","-25.8280701514483","4.3544851700656e-05","-0.11033849437877","-0.464039870896729","0.0038065876808536","4.16572754685587e-05","0.234228772243298","0.211706089073983",NA,"402.291911096369","409.037396822517","0.000114648272953488","70","No gap","1.00311023520584","0.220854905081209","0.849696966064769","0.150303033935231","0.260918851881222","0.832845030754253","0.383712978005164","0.810569354248811","0.105303891660747","0.01","0.01","0.1","","","","2.90856094870692","","","","","","","","",""
"15029","IPNMATMoMPercentChangeL0","USGG30YR_IndexMoMPercentChangeL0",NA,"0",NA,"-54.1605184623651","0.0443120271612011","-34.9983031670766","8.30911614719085e-05","-0.21611587351737","-0.445137076324428","0.0189302170611522","1.50392275688496e-05","0.234116845495227","0.211590870362734",NA,"402.302141697305","409.047627423453","0.000115219395127708","70","No gap","1.00353551788366","0.216040456133183","0.848322775644076","0.151677224355924","0.650343570097532","0.856144658630655","0.451510096167475","0.387114580350358","0.0926450739241923","0.01","0.01","0.1","","","","3.07189329342389","","","","","","","","",""
"10421","IPNCONGDMoMDifferenceL0","USGG10YR_IndexMoMPercentChangeL0",NA,"0",NA,"-0.491000247558689","0.300765180102058","-26.4620418934257","2.95125147397289e-05","-0.110199575177647","-0.47543012048078","0.328368165007288","8.23427400952547e-06","0.233840775119305","0.211306680269873",NA,"402.327369363046","409.072855089194","0.000116639914148342","70","No gap","1.0021490412127","0.256358741973767","0.826126466729211","0.173873533270789","0.564608199149803","0.962631738690008","0.256676032918466","0.610908583961118","0.0798828330674126","0.01","0.01","0.1","","","","2.82466385493223","","","","","","","","",""
"16003","IPMANSICSMoMPercentChangeL0","USGG10YR_IndexMoMPercentChangeL0",NA,"0",NA,"-37.6904998881597","0.303447283057303","-26.2157512762946","3.3772918557286e-05","-0.109541490379866","-0.471005141552566","0.218729040487113","4.2940624182029e-05","0.233706657648468","0.211168618167541",NA,"402.339621909302","409.08510763545","0.000117336135526558","70","No gap","1.00004066734752","0.275880958396603","0.822140425484101","0.177859574515899","0.175729649693796","0.707781888412211","0.190864362499026","0.549312806126606","0.120618211600566","0.01","0.01","0.1","","","","2.77830544212055","","","","","","","","",""
"35123","AWOTMANMoMDifferenceL1","USGG10YR_IndexMoMPercentChangeL0",NA,"0",NA,"-3.91912901502498","0.30460768638179","-26.4140833127038","3.02956711777249e-05","-0.109891623169389","-0.474568472921513","0.456491013805291","3.05513318389805e-05","0.23364909851252","0.211109366115829",NA,"402.344879671545","409.090365397693","0.000117636168000534","70","No gap","1.00151095894614","0.394384405117763","0.743628593226132","0.256371406773868","0.107956236380716","0.528952918231988","0.353709783497434","0.554388726360131","0.234672504867187","0.01","0.01","0.1","","","","2.85465707016379","","","","","","","","",""
"26899","PAYEMSMoMDifferenceL0","USGG10YR_IndexMoMPercentChangeL0",NA,"0",NA,"0.00213007406022471","0.305874890594113","-25.990535252905","3.90547060337993e-05","0.0542270781130411","-0.466958799189208","0.255369463394844","1.2255571387045e-05","0.233586560024409","0.211044988260421",NA,"402.350591827095","409.096077553243","0.000117962999856669","70","No gap","1.00093442331408","0.38942028240146","0.713947629842591","0.286052370157409","0.523065225597149","0.840717049595532","0.499740319208149","0.715661786533248","0.184467860469879","0.01","0.01","0.1","","","","2.58509645166308","","","","","","","","",""
"15517","IPMANSICSMoMDifferenceL0","USGG10YR_IndexMoMPercentChangeL0",NA,"0",NA,"-0.352563603213721","0.306238277938384","-26.1826977915659","3.44987563170613e-05","-0.109032424374106","-0.470411286313043","0.198480384305673","4.05239656080567e-06","0.233568687235823","0.211026589801583",NA,"402.352224210542","409.09770993669","0.00011805656649988","70","No gap","1.00000096580998","0.274262853031719","0.823201715492219","0.176798284507781","0.182187512708112","0.729032140228666","0.198258461273116","0.555819802599657","0.121809128077806","0.01","0.01","0.1","","","","2.79039178885308","","","","","","","","",""
"31881","USWTRADEMoMDifferenceL0","USGG10YR_IndexMoMPercentChangeL0",NA,"0",NA,"-0.0253795756310088","0.313058397199696","-25.4752857536253","5.88951851474753e-05","-0.108091371274753","-0.45770157208229","0.163161898486446","3.73121770592382e-05","0.233238197431532","0.21068637970893",NA,"402.382402126719","409.127887852867","0.000119799765915474","70","No gap","1.01365963929503","0.210294664594639","0.84713161088783","0.15286838911217","0.235237417711706","0.665823241067431","0.271341475372863","0.620445647930855","0.149547115608179","0.01","0.01","0.1","","","","2.57196208391374","","","","","","","","",""
"32207","USWTRADEMoMPercentChangeL0","USGG10YR_IndexMoMPercentChangeL0",NA,"0",NA,"-150.980619335726","0.315674679423444","-25.4712750655449","5.9243686803988e-05","-0.107480385866546","-0.457629514078416","0.153969340415081","8.0915825590424e-05","0.233113861385926","0.210558386720807",NA,"402.393752219498","409.139237945646","0.000120462034142066","70","No gap","1.01396536675597","0.210882247779811","0.846710100951431","0.153289899048569","0.228599998293188","0.658965711868895","0.269561396903061","0.618459874099077","0.14897115375387","0.01","0.01","0.1","","","","2.57275208220264","","","","","","","","",""
"44497","ism_man_pricesMoMDifferenceL1","USGG10YR_IndexMoMPercentChangeL0",NA,"0",NA,"0.107596396198856","0.318884758697478","-26.692586906164","2.70313005841467e-05","0.107037114503941","-0.479572206100017","0.284184695694209","2.84129735243536e-05","0.232963109444199","0.21040320089844",NA,"402.407511235765","409.152996961913","0.000121269772014432","70","No gap","1.00756711297448","0.334729746539412","0.76971755136288","0.23028244863712","0.0771120870247356","0.635051264401205","0.647135530458174","0.92232256704953","0.10649076505655","0.01","0.01","0.1","","","","2.86965189190257","","","","","","","","",""
"27280","PAYEMSMoMPercentChangeL0","USGG10YR_IndexMoMPercentChangeL0",NA,"0",NA,"294.573470358854","0.320951996550353","-25.9711337444648","3.98970109831991e-05","0.0529857789913922","-0.466610222101605","0.287135748046857","3.17308744563471e-05","0.232867062990616","0.210304329549163",NA,"402.416275913102","409.16176163925","0.000121787133532725","70","No gap","1.00121201035127","0.38836774786566","0.714820706920281","0.285179293079719","0.528731564486584","0.836355986821049","0.505733090874138","0.723831073847117","0.186683928279094","0.01","0.01","0.1","","","","2.59107812058988","","","","","","","","",""
"36779","HOUSTNEMoMDifferenceL1","USGG10YR_IndexMoMPercentChangeL0",NA,"0",NA,"0.0138180526196592","0.323624135361029","-26.420051908108","3.05247802686794e-05","0.105681138132225","-0.474675707655837","0.363030386872867","4.78961374189166e-05","0.232744094775793","0.21017774462214",NA,"402.427495722344","409.172981448492","0.000122452639059745","70","No gap","1.00171673963146","0.291186186030058","0.817257531665276","0.182742468334724","0.181835303708752","0.84119948532892","0.328720781838194","0.835671331136801","0.178255854691984","0.01","0.01","0.1","","","","2.60402185191252","","","","","","","","",""
"44265","ism_man_pmiMoMDifferenceL0","USGG10YR_IndexMoMPercentChangeL0",NA,"0",NA,"0.301474478253886","0.324452719199118","-26.3847299818476","3.10877426125753e-05","0.105500647001473","-0.474041096474838","0.271812128308269","2.68220734546257e-05","0.232706232347117","0.210138768592621",NA,"402.430949986555","409.176435712703","0.000122658260765185","70","No gap","1.0012587904963","0.228301887717529","0.851642739875693","0.148357260124307","0.116106783031049","0.673437174713558","0.576079996475172","0.807077441734473","0.0854808905792688","0.01","0.01","0.1","","","","3.30888663873466","","","","","","","","",""
"19761","CLF16OVMoMPercentChangeL0","USGG10YR_IndexMoMPercentChangeL0",NA,"0",NA,"71.4385411542735","0.326122772560552","-25.4299402110777","6.20920442293928e-05","0.105411273940433","-0.456886871658056","0.00110313013003811","5.77829185314904e-05","0.232630300095443","0.210060603039427",NA,"402.437876922308","409.183362648457","0.000123071640933947","70","No gap","1.01633536899542","0.262152507486814","0.834030361336093","0.165969638663907","0.557086962672553","0.874447003916641","0.403685093684249","0.732255891254417","0.126801718132654","0.01","0.01","0.1","","","","2.79765939910292","","","","","","","","",""
"19305","CLF16OVMoMDifferenceL0","USGG10YR_IndexMoMPercentChangeL0",NA,"0",NA,"0.000446979132237518","0.32770181445474","-25.4566456172663","6.06839716174585e-05","0.105049900249413","-0.457366674181719","0.00432538730882406","5.11587681367667e-05","0.23255897104138","0.209987176072009",NA,"402.444383306052","409.1898690322","0.000123461192505947","70","No gap","1.01528668994183","0.263883496224822","0.833122487226034","0.166877512773966","0.557393168143888","0.87560475399227","0.406564715633315","0.73416517947008","0.125671499771989","0.01","0.01","0.1","","","","2.83158169064244","","","","","","","","",""
"21981","UEMPMEANMoMDifferenceL0","USGG10YR_IndexMoMPercentChangeL0",NA,"0",NA,"0.489318029113787","0.332792207295039","-26.0556633869013","3.78815801568546e-05","0.101193845625029","-0.468128923426682","0.270608198048798","3.78019421616075e-06","0.232332054313409","0.209753585322627",NA,"402.465077825251","409.210563551399","0.00012470843585255","70","No gap","1.00044115815029","0.401951406666039","0.764241587639983","0.235758412360017","0.143790975299714","0.662287122893069","0.553520422901945","0.860242892282266","0.1419006553253","0.01","0.01","0.1","","","","3.04161395774061","","","","","","","","",""
"21545","UNRATEMoMPercentChangeL0","USGG10YR_IndexMoMPercentChangeL0",NA,"0",NA,"19.6978892449275","0.341193854857579","-23.5382461954055","0.000579806311350094","0.106114474154096","-0.422899762220093","0.324253049772494","0.000360823053608439","0.231967351632727","0.209378156092513",NA,"402.498325436441","409.243811162589","0.000126738681328176","70","No gap","1.21694373641146","0.241637928562226","0.760436903839361","0.239563096160639","0.493195846484545","0.94161756980017","0.605168161272868","0.710186471849104","0.0941757946317998","0.01","0.01","0.1","","","","2.70667344266529","","","","","","","","",""
"37559","HOUSTMWMoMPercentChangeL1","USGG30YR_IndexMoMPercentChangeL0",NA,"0",NA,"-3.81204678007675","0.0499792281675524","-32.0663056855365","0.000298928409683417","-0.211541017172607","-0.407845531631739","0.0198589206036411","0.000104645566581857","0.231816238453722","0.209222598408243",NA,"402.512096832835","409.257582558983","0.000127589273418716","70","No gap","1.01319285308485","0.428559623917513","0.714647587397034","0.285352412602966","0.533322928986901","0.856884487682097","0.788086625685228","0.724588430494531","0.199937409390663","0.01","0.01","0.1","","","","2.66179425473902","","","","","","","","",""
"38291","HOUSTWMoMDifferenceL1","USGG10YR_IndexMoMPercentChangeL0",NA,"0",NA,"0.0118622359878567","0.347674130980993","-26.6798813565922","2.7730894033027e-05","0.100896623573769","-0.479343931918152","0.255424742529356","2.37572343864024e-05","0.231694097026611","0.209096864586217",NA,"402.523225967138","409.268711693286","0.000128280834843064","70","No gap","1.00810312094639","0.269730276710117","0.824011214210062","0.175988785789938","0.116407633613399","0.623984734145347","0.31152887351238","0.559236383955986","0.119610011748746","0.01","0.01","0.1","","","","2.75279760785858","","","","","","","","",""
"40977","BUSLOANSMoMPercentChangeL0","USGG10YR_IndexMoMPercentChangeL0",NA,"0",NA,"55.3021881771098","0.354600548461497","-26.139345991093","3.62355420333661e-05","0.070537430659321","-0.469632406444101","0.284075757565097","4.31503889178295e-05","0.231409467365535","0.208803863464521",NA,"402.549153643254","409.294639369402","0.000129906547357228","70","No gap","1.00004599414132","0.392167806753082","0.723331863388253","0.276668136611747","0.476686635156446","0.971421413539678","0.479219047732309","0.749746578743945","0.171761861292893","0.01","0.01","0.1","","","","2.7337017730969","","","","","","","","",""
"34391","CES0600000007MoMDifferenceL0","USGG10YR_IndexMoMPercentChangeL0",NA,"0",NA,"2.00353735168192","0.365529700091877","-26.9394903461152","2.62664657759435e-05","0.0977973392177417","-0.484008195305833","0.52008354745389","4.1839797581576e-05","0.230975308583243","0.20835693530628",NA,"402.588683839226","409.334169565374","0.000132424901864381","70","No gap","1.0200480913453","0.400574863778032","0.742683016746403","0.257316983253597","0.482667559519432","0.977913291803264","0.243673720358192","0.702685607816866","0.110347962412826","0.01","0.01","0.1","","","","2.6470407672059","","","","","","","","",""
"35267","AWOTMANMoMPercentChangeL0","USGG10YR_IndexMoMPercentChangeL0",NA,"0",NA,"15.5347825336569","0.367571276598454","-27.4220943712872","2.56789897210563e-05","0.0990239958205914","-0.492678897693658","0.433909669690948","2.08704542697709e-05","0.230896166281465","0.208275465289743",NA,"402.595887347956","409.341373074104","0.00013288904786235","70","No gap","1.05389663097872","0.307396142585997","0.793923889073705","0.206076110926295","0.3447735791125","0.927528673690754","0.460164238948787","0.650113220749397","0.111561473036188","0.01","0.01","0.1","","","","2.61590787287191","","","","","","","","",""
"34687","CES0600000007MoMPercentChangeL0","USGG10YR_IndexMoMPercentChangeL0",NA,"0",NA,"81.7457709381193","0.368717617559472","-26.9314705916726","2.63957908837537e-05","0.0971373057168819","-0.483864108434677","0.490101856648951","3.9887908437917e-05","0.230851991784754","0.208229991543129",NA,"402.599907775153","409.345393501301","0.000133148804335237","70","No gap","1.01989008746625","0.399131354615265","0.743599037468064","0.256400962531936","0.482505314465655","0.97729449935539","0.24522781106707","0.702585343877078","0.110690164606184","0.01","0.01","0.1","","","","2.64705129137826","","","","","","","","",""
"40489","AMBSLMoMDifferenceL1","USGG10YR_IndexMoMPercentChangeL0",NA,"0",NA,"-0.00535077154076963","0.368978581840614","-25.900422795694","4.29966696490327e-05","-0.0962588971627685","-0.465339794255227","0.278468549177768","1.01106135670475e-05","0.23084196181729","0.208219666576622",NA,"402.600820594451","409.346306320599","0.00013320785152604","70","No gap","1.002668325416","0.35242011418084","0.7420268869941","0.2579731130059","0.311744835936909","0.785621814557008","0.517908138343284","0.646902057716321","0.0573628276986954","0.01","0.01","0.1","","","","2.64455326539848","","","","","","","","",""
"26317","UEMP27OVMoMDifferenceL1","USGG10YR_IndexMoMPercentChangeL0",NA,"0",NA,"0.00397907419296544","0.371056029791687","-26.6615175160817","2.83624608869943e-05","0.0884958453795874","-0.479013998085322","0.463262167464833","4.91149410531242e-06","0.230762463090525","0.208137829652011",NA,"402.608055288789","409.353541014937","0.00013367676656928","70","No gap","1.00828650172119","0.327372858246578","0.775520893195699","0.224479106804301","0.174664387843661","0.619248336451122","0.244905538553792","0.54823873495321","0.134564647334408","0.01","0.01","0.1","","","","2.73893636495958","","","","","","","","",""
"44859","USGG10YR_IndexMoMPercentChangeL0","MOVE_IndexMoMPercentChangeL0",NA,"0",NA,"-26.4285515170575","3.11557901780706e-05","3.39478762737899","0.372502679742102","-0.474828415830179","0.0955881706571456","1.62218951756611e-05","0.42884689304814","0.230707464641267","0.208081213601305",NA,"402.613059924732","409.35854565088","0.000134002106412678","70","No gap","1.00224951124882","0.331414355136985","0.77111225069117","0.22888774930883","0.616664008887011","0.667286443258268","0.511293495168415","0.726300386532459","0.150712766247025","0.01","0.01","0.1","","","","2.70274029144121","","","","","","","","",""
"40785","BUSLOANSMoMDifferenceL0","USGG10YR_IndexMoMPercentChangeL0",NA,"0",NA,"0.0273395296350486","0.37490078107081","-26.1561149325002","3.61542652785458e-05","0.0684947038496783","-0.469933685531545","0.344376805713368","3.71569023200379e-05","0.230616940820463","0.207988027315183",NA,"402.621296446435","409.366782172583","0.000134539268505707","70","No gap","1.00001520531448","0.380902620481636","0.728280255968665","0.271719744031335","0.503412474410153","0.966427378361103","0.467053298419399","0.734602333614885","0.158728708143858","0.01","0.01","0.1","","","","2.76766397401914","","","","","","","","",""
"34979","AWOTMANMoMDifferenceL0","USGG10YR_IndexMoMPercentChangeL0",NA,"0",NA,"3.46559444543952","0.379195013991536","-27.4188786985733","2.63301249137481e-05","0.0967779332637657","-0.492621123328704","0.447412038135795","2.16582351254599e-05","0.23045682986435","0.207823207213302",NA,"402.635862143938","409.381347870086","0.000135494477487508","70","No gap","1.0562754367564","0.306672524217507","0.794870972488056","0.205129027511944","0.352180889614301","0.935224221481708","0.468210448197801","0.65557002859493","0.109309541742086","0.01","0.01","0.1","","","","2.61655101441642","","","","","","","","",""
"14533","IPNMATMoMDifferenceL0","USGG30YR_IndexMoMPercentChangeL0",NA,"0",NA,"-0.550374435351477","0.0538183622450812","-34.9008324214737","8.93880165503639e-05","-0.20757515385924","-0.443897363572707","0.0308635761326331","1.2675264966554e-05","0.230405817616528","0.20777069460525",NA,"402.640502220203","409.385987946351","0.000135800192719748","70","No gap","1.00313614607943","0.210821762923366","0.851146061827955","0.148853938172045","0.733194606667559","0.863747530308983","0.428373375276399","0.381976037773157","0.092942810754694","0.01","0.01","0.1","","","","3.09082977330606","","","","","","","","",""
"11733","IPBUSEQMoMDifferenceL1","USGG10YR_IndexMoMPercentChangeL0",NA,"0",NA,"-0.187982903301278","0.384810471912125","-26.5620886967664","2.96345049737245e-05","-0.093324134096323","-0.477227610786235","0.336221829575056","1.02114141695348e-05","0.230251228536856","0.20761155878794",NA,"402.654561771502","409.40004749765","0.000136730735727508","70","No gap","1.0055451328825","0.364787290488161","0.767406636198822","0.232593363801178","0.293536722661238","0.902169238176334","0.433869777788036","0.700574005290527","0.155347944459071","0.01","0.01","0.1","","","","4.83429630577518","","","","","","","","",""
"44541","ism_man_pricesMoMPercentChangeL0","USGG10YR_IndexMoMPercentChangeL0",NA,"0",NA,"4.8134913942893","0.386286140985788","-26.9180592715135","2.69596053214452e-05","0.0936718963522267","-0.483623154029693","0.224494199868312","2.97675134689374e-05","0.230197895175417","0.207556656798223",NA,"402.659411673327","409.404897399475","0.000137053207423743","70","No gap","1.02064771690738","0.147725968344973","0.868751385861965","0.131248614138035","0.31281235339733","0.836714533311328","0.635862032697195","0.782386854127185","0.122207473900523","0.01","0.01","0.1","","","","2.6874590589995","","","","","","","","",""
"21105","UNRATEMoMDifferenceL0","USGG10YR_IndexMoMPercentChangeL0",NA,"0",NA,"3.38741110965011","0.390759338316312","-23.8886032362912","0.00045550539584641","0.0935983989114745","-0.429194449940355","0.415631826446663","0.000246407467250041","0.230037962434742","0.207392020153411",NA,"402.673953240544","409.419438966692","0.000138024647284407","70","No gap","1.20041690060974","0.241344418262621","0.815110652636219","0.184889347363781","0.391109053080701","0.915088875554571","0.578943595488015","0.669837598000201","0.0912527810812197","0.01","0.01","0.1","","","","2.65771278320261","","","","","","","","",""
"44815","USGG10YR_IndexMoMDifferenceL0","BAA10YB_IndexMoMPercentChangeL0",NA,"0",NA,"-15.1581412694531","3.36274500397682e-05","-13.0206113430684","0.0409732103541532","-0.593731084743474","-0.27810631362165","0.000133855602498483","0.0120985455054762","0.229971449437912","0.207323550891968",NA,"402.679999913579","409.425485639727","0.000138430615390983","70","No gap","1.57757179434667","0.374939492143117","0.770200667304918","0.229799332695082","0.341396044243758","0.836424870242649","0.399917847651046","0.64779008851697","0.334326807214538","0.01","0.01","0.1","","","","3.10550964160355","","","","","","","","",""
"31215","SRVPRDMoMDifferenceL0","USGG10YR_IndexMoMPercentChangeL0",NA,"0",NA,"0.00214450119944038","0.39279640436541","-26.2411285124742","3.46063463995084e-05","0.0441671807716816","-0.471461081517552","0.373627481653739","2.18312145431393e-05","0.229965984495602","0.207317925216061",NA,"402.680496706332","409.42598243248","0.000138464022637286","70","No gap","1.00016018712967","0.381788222878075","0.718440893832729","0.281559106167271","0.48977887432701","0.866549351094245","0.554705598150623","0.761543427037112","0.150837206732656","0.01","0.01","0.1","","","","2.61205142104085","","","","","","","","",""
"23477","UEMPLT5MoMPercentChangeL1","USGG10YR_IndexMoMPercentChangeL0",NA,"0",NA,"6.73064851283368","0.393825695406137","-26.9609857205586","2.70244978123016e-05","0.0924058838987076","-0.484394391824703","0.280274246618463","3.13599003975924e-05","0.229929816294031","0.207280693243856",NA,"402.683784502199","409.429270228347","0.000138685316557141","70","No gap","1.02385091828219","0.353257608343547","0.775179802255175","0.224820197744825","0.319574277333026","0.347164328130856","0.315424095639407","0.674898989786997","0.227538823339096","0.01","0.01","0.1","","","","2.69163047423555","","","","","","","","",""
"40689","AMBSLMoMPercentChangeL1","USGG10YR_IndexMoMPercentChangeL0",NA,"0",NA,"-19.0408284180494","0.39717221270597","-25.9188704802891","4.29493814301591e-05","-0.0906809245282554","-0.465671234472312","0.333740954704932","4.96652483875342e-05","0.229813145818175","0.207160591283415",NA,"402.69438913912","409.439874865268","0.000139401503056913","70","No gap","1.00261465746243","0.35457940844596","0.737564154262533","0.262435845737467","0.263023240892616","0.824773095944796","0.520062756942929","0.637493880217817","0.0548680572344814","0.01","0.01","0.1","","","","2.6454093031037","","","","","","","","",""
"23891","UEMP5TO14MoMDifferenceL1","USGG10YR_IndexMoMDifferenceL0",NA,"0",NA,"0.0109665880650487","0.0415393660621378","-11.7813993694624","6.02506868978199e-05","0.222986468344096","-0.461467069285295","0.0528536307565256","0.00023681959187654","0.229706224311953","0.207050525027011",NA,"402.704106243383","409.449591969531","0.000140060996492331","70","No gap","1.02685139631427","0.15966315408989","0.906453873501912","0.0935461264980879","0.37173136421942","0.956919851465635","0.196206247757082","0.595968149266946","0.0248506010901681","0.01","0.01","0.1","","","","2.70196387129838","","","","","","","","",""
"12253","IPBUSEQMoMPercentChangeL1","USGG10YR_IndexMoMPercentChangeL0",NA,"0",NA,"-19.4758518696874","0.400757750574691","-26.5668459909743","2.98508483029626e-05","-0.0902668159268569","-0.47731308268472","0.366340696738736","3.76436263086636e-05","0.229689688704813","0.207033503078484",NA,"402.70560889096","409.451094617109","0.000140163258360082","70","No gap","1.00607688027461","0.367896507901216","0.765291899361821","0.234708100638179","0.304091559676466","0.903483428419015","0.442312754588606","0.706173482926064","0.156706578205334","0.01","0.01","0.1","","","","4.85396368549598","","","","","","","","",""
"44998","USGG30YR_IndexMoMPercentChangeL0","AAIIBEAR_IndexMoMPercentChangeL1",NA,"0",NA,"-35.9193340588565","6.38003798148652e-05","3.23585174131708","0.0559694037120969","-0.456851501347098","0.206637462436266","4.03306741627377e-05","0.0725241257047337","0.229660371360695","0.207003323459539",NA,"402.708272979713","409.453758705861","0.000140344745044541","70","No gap","1.01418018016875","0.553166216613632","0.666793828617953","0.333206171382047","0.803356122486789","0.398503140104671","0.595569101613836","0.682873131643287","0.0603349292662273","0.01","0.01","0.1","","","","2.98328551904528","","","","","","","","",""
"38531","HOUSTWMoMPercentChangeL1","USGG10YR_IndexMoMPercentChangeL0",NA,"0",NA,"2.74399307326951","0.405949914797284","-26.5000664910726","3.06966794114278e-05","0.0887819105466088","-0.476113289191392","0.290021026778631","3.63880311800375e-05","0.229513694517876","0.206852332591931",NA,"402.721600090584","409.467085816732","0.000141256166887316","70","No gap","1.00426726515583","0.284225066332128","0.814264356406264","0.185735643593736","0.0920074680307404","0.704486316567156","0.346268315757196","0.567639666435357","0.124878617640545","0.01","0.01","0.1","","","","2.7050626649514","","","","","","","","",""
"31551","SRVPRDMoMPercentChangeL0","USGG10YR_IndexMoMPercentChangeL0",NA,"0",NA,"255.979138831862","0.406333899539445","-26.222132460556","3.515559291054e-05","0.0433180444524003","-0.471119789062173","0.387774247290643","3.14920039434219e-05","0.229500807791147","0.206839066843828",NA,"402.72277086198","409.468256588128","0.000141336516518265","70","No gap","1.00008431909065","0.380944726307282","0.719093695542089","0.280906304457911","0.472408752480823","0.829624530196953","0.554250890172218","0.766550590227105","0.152847294661553","0.01","0.01","0.1","","","","2.61552208645092","","","","","","","","",""
"44994","USGG30YR_IndexMoMPercentChangeL0","AAIIBULL_IndexMoMPercentChangeL1",NA,"0",NA,"-35.309324732743","7.83010885317073e-05","-3.59748893077743","0.0574122673572418","-0.449092903261342","-0.205159544414266","1.33852967151205e-05","0.0628460703278477","0.229176792682089","0.206505521878621",NA,"402.752201509293","409.497687235441","0.000143371415559868","70","No gap","1.00673313717479","0.48036876347012","0.703938381729479","0.296061618270521","0.299662769278864","0.729006299234676","0.468697944535926","0.464685123938775","0.134844536521182","0.01","0.01","0.1","","","","3.05210896019334","","","","","","","","",""
"44217","ism_man_newordersMoMPercentChangeL1","USGG10YR_IndexMoMPercentChangeL0",NA,"0",NA,"6.07133526785393","0.418554942853909","-26.9448536077819","2.78727102378116e-05","0.0875643022272483","-0.484104554315114","0.52735742806244","2.31943232041844e-05","0.229099686445238","0.206426147811274",NA,"402.75920333097","409.504689057118","0.000143859835288751","70","No gap","1.02540903452237","0.285875777220842","0.825348626827729","0.174651373172271","0.209393362773889","0.187031458584968","0.509345835550766","0.831706103185934","0.116727753202092","0.01","0.01","0.1","","","","2.66814170745755","","","","","","","","",""
"36515","HOUSTMoMPercentChangeL1","USGG10YR_IndexMoMPercentChangeL0",NA,"0",NA,"-4.25625208952743","0.423625911713077","-25.4904910204854","6.41602651691486e-05","-0.0863355394011153","-0.457974757420155","0.412650967955726","0.00012453215119995","0.228938248077082","0.206259961255819",NA,"402.7738608716","409.519346597748","0.000144887682146932","70","No gap","1.02072444445321","0.301144635439873","0.816553795895499","0.183446204104501","0.179159900616253","0.78462749551544","0.50115233426322","0.784768143803809","0.15363866184033","0.01","0.01","0.1","","","","2.65758028007001","","","","","","","","",""
"13777","IPDMATMoMDifferenceL1","USGG10YR_IndexMoMPercentChangeL0",NA,"0",NA,"-0.247966241492375","0.424103448315078","-26.1947259116301","3.59389339449106e-05","-0.0856152182562727","-0.470627389461633","0.266568297915728","3.48892205534646e-05","0.228923192511528","0.206244462879515",NA,"402.775227661351","409.520713387499","0.000144983900566831","70","No gap","1.00001430320012","0.368221081744914","0.757997733959239","0.242002266040761","0.426715174677524","0.923046082335056","0.419081991962521","0.724550602564191","0.115966545366073","0.01","0.01","0.1","","","","2.78285690851901","","","","","","","","",""
"29837","MANEMPMoMDifferenceL0","USGG10YR_IndexMoMPercentChangeL0",NA,"0",NA,"0.0152886339151781","0.424258993801618","-25.125043171001","9.69239778774863e-05","0.0780294929157185","-0.451408940775712","0.369778882776109","9.2121445784374e-05","0.228918293966336","0.206239420259464",NA,"402.775672360337","409.521158086485","0.000145015219986","70","No gap","1.0488080941084","0.34474805467551","0.757230467783871","0.242769532216129","0.0933456952569542","0.37061521704132","0.303143751725433","0.58313260843068","0.232664957116939","0.01","0.01","0.1","","","","2.63035944512233","","","","","","","","",""
"26709","UEMP27OVMoMPercentChangeL1","USGG10YR_IndexMoMPercentChangeL0",NA,"0",NA,"7.58162795672441","0.426282611557554","-26.528710635535","3.06809043227437e-05","0.0812344529036529","-0.47662792404488","0.433304721593645","4.95798056305005e-05","0.228854806812678","0.20617406583658",NA,"402.781435585917","409.526921312066","0.000145421727033801","70","No gap","1.00551543184019","0.349365804888141","0.768302194697403","0.231697805302597","0.292488557747589","0.799394276998226","0.300471509146482","0.608492121322071","0.13885416066797","0.01","0.01","0.1","","","","3.01680408674167","","","","","","","","",""
"14281","IPDMATMoMPercentChangeL1","USGG10YR_IndexMoMPercentChangeL0",NA,"0",NA,"-27.2068511163617","0.428326648790687","-26.1836640528357","3.62266301585965e-05","-0.0848224621279783","-0.470428646640481","0.266662031457668","3.77932143401544e-05","0.228791132542866","0.206108518794127",NA,"402.787215320938","409.532701047086","0.000145830542994774","70","No gap","1.00000216761124","0.365496366654318","0.760457784038459","0.239542215961541","0.426352702557359","0.924125669720387","0.426831053320298","0.725376529896217","0.115887111072486","0.01","0.01","0.1","","","","2.81164262136248","","","","","","","","",""
"30185","MANEMPMoMPercentChangeL0","USGG10YR_IndexMoMPercentChangeL0",NA,"0",NA,"187.505642860827","0.428599488706827","-25.1195004315649","9.83263636771489e-05","0.0773370398673721","-0.451309357180141","0.350910558814471","0.000111417051427854","0.228782667508301","0.206099804787957",NA,"402.787983659053","409.533469385201","0.000145884976059607","70","No gap","1.05025401622819","0.345158481754389","0.756924903478022","0.243075096521978","0.0942628182642542","0.36560599831328","0.307343017922579","0.585558241329862","0.233374948190799","0.01","0.01","0.1","","","","2.63252617544406","","","","","","","","",""
"4371","CMRMTSPLMoMPercentChangeL0","USGG10YR_IndexMoMPercentChangeL0",NA,"0",NA,"-20.7812735694996","0.429072380295479","-26.4271544221446","3.19674395313504e-05","-0.082817118459523","-0.47480331493262","0.0450973278128302","3.41301935057194e-05","0.228768014779559","0.206084721096605",NA,"402.789313610061","409.534799336209","0.000145979244727035","70","No gap","1.00282571663882","0.267560335464008","0.812598643059293","0.187401356940707","0.227531104775395","0.587508799477555","0.494596572939306","0.819883103885078","0.124829662061176","0.01","0.01","0.1","","","","2.66139838168246","","","","","","","","",""
"43361","DTCTHFNMMoMDifferenceL0","USGG10YR_IndexMoMPercentChangeL0",NA,"0",NA,"-2.01635328844604e-05","0.429161963287389","-26.1177799893109","3.77585710251115e-05","-0.0844444310704083","-0.469244940999566","0.00329061345538211","3.41021346148409e-05","0.2287652417329","0.20608186648975",NA,"402.789565302056","409.535051028204","0.000145997091838601","70","No gap","1.00015655509855","0.290519872507049","0.800508907920863","0.199491092079137","0.241886355974123","0.553403485752371","0.355493452004866","0.642708401402325","0.123672777086051","0.01","0.01","0.1","","","","10.9666118996261","","","","","","","","",""
"44453","ism_man_pricesMoMDifferenceL0","USGG10YR_IndexMoMPercentChangeL0",NA,"0",NA,"0.0859336436949962","0.429431427384567","-26.9394883439016","2.82527108455088e-05","0.0857596275687712","-0.484008159333075","0.266473071274817","3.01212415608572e-05","0.228756905666958","0.206073285245398",NA,"402.790321908856","409.535807635004","0.000146050754860516","70","No gap","1.02625371011842","0.163038878848574","0.860652224618874","0.139347775381126","0.263473744367692","0.685924687404515","0.644909003452044","0.798404806265348","0.145389197094599","0.01","0.01","0.1","","","","2.67276487192455","","","","","","","","",""
"3795","CMRMTSPLMoMDifferenceL0","USGG10YR_IndexMoMPercentChangeL0",NA,"0",NA,"-1.61661610886361e-05","0.429436719572126","-26.4310504905235","3.19193855925418e-05","-0.0828539029551029","-0.474873313622299","0.0294621841876119","1.56421928558603e-05","0.228756742027594","0.206073116793112",NA,"402.790336761182","409.53582248733","0.000146051808472603","70","No gap","1.0029189041831","0.267336534080872","0.81303620846337","0.18696379153663","0.220696041108796","0.543167588789637","0.494456731720553","0.822025245500965","0.125797862510763","0.01","0.01","0.1","","","","2.65860717328135","","","","","","","","",""
"25519","UEMP15T26MoMDifferenceL1","USGG2YR_IndexMoMDifferenceL0",NA,"0",NA,"-0.0161692707886234","0.00640560371134118","-13.390856354602","0.00185139641134654","-0.29632827263008","-0.337528675871445","0.00377911266986056","0.00122098261933875","0.2284986372743","0.205807420723545",NA,"402.813759086118","409.559244812266","0.000147722862716693","70","No gap","1.00754054989844","0.556071139229802","0.71005816151488","0.28994183848512","0.506467532255703","0.82990581690179","0.671124334826249","0.650822757813202","0.0221999843935372","0.01","0.01","0.1","","","","3.11534383848165","","","","","","","","",""
"37303","HOUSTMWMoMDifferenceL1","USGG30YR_IndexMoMPercentChangeL0",NA,"0",NA,"-0.024137563942275","0.0595953449871266","-31.8325643048274","0.000346893752672996","-0.205886817817647","-0.404872617364203","0.0320816465975357","8.9756903909416e-05","0.22846859006803","0.205776489775914",NA,"402.816485281538","409.561971007686","0.000147918599814112","70","No gap","1.01794441637629","0.420871258544506","0.731692812862012","0.268307187137988","0.605794313039877","0.871001395562926","0.641434740840083","0.642946272480734","0.224063568097793","0.01","0.01","0.1","","","","2.73118987224833","","","","","","","","",""
"25329","UEMP15T26MoMDifferenceL0","USGG30YR_IndexMoMPercentChangeL0",NA,"0",NA,"0.0109953106390528","0.0597385297358596","-34.2173148225287","0.000118370460629139","0.201245469817108","-0.435203827084432","0.13292668917538","1.62581815259739e-05","0.228423085490064","0.205729646828007",NA,"402.820613728528","409.566099454676","0.000148215510537453","70","No gap","1.00021589288753","0.514211449204342","0.637752397554518","0.362247602445482","0.252663777304494","0.834468707736559","0.414585688792733","0.348762892304552","0.382787140668197","0.01","0.01","0.1","","","","2.59792589174177","","","","","","","","",""
"43489","DTCTHFNMMoMPercentChangeL0","USGG10YR_IndexMoMPercentChangeL0",NA,"0",NA,"-17.42922000099","0.446270865455198","-26.1049053319004","3.82833626090809e-05","-0.0813727271496488","-0.469013628542708","0.00517294365494204","5.30762344541604e-05","0.228251110421505","0.205552613669196",NA,"402.836214134893","409.581699861041","0.000149342855633616","70","No gap","1.00025036461703","0.29139771998096","0.800071902808238","0.199928097191762","0.222345251953217","0.496465900848272","0.352441298567541","0.641732248234892","0.12251934859983","0.01","0.01","0.1","","","","10.702293518489","","","","","","","","",""
"23053","UEMPLT5MoMDifferenceL1","USGG10YR_IndexMoMPercentChangeL0",NA,"0",NA,"0.00248824316858903","0.449416797205809","-26.8196790682023","2.9165012266108e-05","0.0818244036039099","-0.481855606683893","0.374651994438769","2.74837246792478e-05","0.228159831064294","0.205458649625008",NA,"402.844492963999","409.589978690147","0.000149944594023288","70","No gap","1.02034939012616","0.343423341579013","0.783390456967751","0.216609543032249","0.346327751148225","0.397149779286552","0.346300409455613","0.692716580784576","0.212458810495153","0.01","0.01","0.1","","","","2.68298554373599","","","","","","","","",""
"22413","UEMPMEANMoMPercentChangeL0","USGG10YR_IndexMoMPercentChangeL0",NA,"0",NA,"10.2190928299054","0.452003891166173","-26.0942138921376","3.86241207195787e-05","0.0790673547319909","-0.468821540852914","0.341590089150557","4.05864433114882e-05","0.228085501098275","0.205382133483518",NA,"402.85123379884","409.596719524988","0.00015043633515488","70","No gap","1.00033888977634","0.386757945486663","0.752654952396233","0.247345047603767","0.20536331059975","0.539033947609959","0.565431588844466","0.816842688022128","0.133722570005701","0.01","0.01","0.1","","","","3.22930461871082","","","","","","","","",""
"44856","USGG10YR_IndexMoMPercentChangeL0","VIX_IndexMoMPercentChangeL1",NA,"0",NA,"-27.1132529042462","2.94297508692572e-05","-1.43315974971375","0.452889504607512","-0.487130099287393","-0.0817801435755906","1.00445766956614e-05","0.422328799208185","0.228060207464924","0.205356095919775",NA,"402.85352747946","409.599013205608","0.000150604025673351","70","No gap","1.04383950161902","0.421260362426801","0.732034000813053","0.267965999186947","0.368080238956329","0.847947988415538","0.446963495888103","0.76913905823282","0.126742794934008","0.01","0.01","0.1","","","","2.78168865119969","","","","","","","","",""
"30531","DMANEMPMoMDifferenceL0","USGG10YR_IndexMoMPercentChangeL0",NA,"0",NA,"0.0193961670943881","0.453195384481935","-25.5683638820686","6.08128994984674e-05","0.074302527770478","-0.459373859731072","0.414798239901838","4.83220679010542e-05","0.228051489159785","0.205347121193897",NA,"402.854318056548","409.599803782697","0.000150661867908575","70","No gap","1.01852306819298","0.368888468732263","0.748245219485673","0.251754780514327","0.119866760969476","0.555489744159142","0.261309564299371","0.598714344895839","0.227846176098189","0.0107995274659009","0.01","0.1","","","","2.62587536199241","","","","","","","","",""
"30875","DMANEMPMoMPercentChangeL0","USGG10YR_IndexMoMPercentChangeL0",NA,"0",NA,"148.017527756183","0.461512062337975","-25.5738766243551","6.09108577637343e-05","0.0729308457289235","-0.459472904383031","0.425418235474688","7.2550077026283e-05","0.227817902690144","0.205106664533972",NA,"402.875496385523","409.620982111671","0.000152219667336362","70","No gap","1.01887111012334","0.367759131584558","0.748899031987959","0.251100968012041","0.123521870353424","0.563463499129984","0.268041789352107","0.603306105817445","0.225973347730019","0.0104624844550603","0.01","0.1","","","","2.62668342175363","","","","","","","","",""
"24925","UEMP15OVMoMPercentChangeL0","USGG30YR_IndexMoMPercentChangeL0",NA,"0",NA,"23.3372453274911","0.0624839437846386","-32.470570273262","0.000256942647198557","0.188962187189323","-0.412987299670679","0.0245198760016794","0.000101512080933963","0.227571857935094","0.204853383168479",NA,"402.897797329231","409.643283055379","0.000153877455843388","70","No gap","1.00906694593319","0.386925023583545","0.716663489754686","0.283336510245314","0.632639257172878","0.532547735633604","0.721149583333599","0.686090354123156","0.175430550075749","0.01","0.01","0.1","","","","3.24702427969439","","","","","","","","",""
"25927","UEMP15T26MoMPercentChangeL1","USGG30YR_IndexMoMDifferenceL0",NA,"0",NA,"-15.5661570620415","0.0242838358073946","-10.3772661009024","0.0009312399921472","-0.246704161051507","-0.372510938437304","0.013104828030879","0.00115913654228319","0.227560932507739","0.204842136405025",NA,"402.89878742069","409.644273146838","0.00015395147354913","70","No gap","1.0215330070952","0.39171221574389","0.748689842688142","0.251310157311858","0.941674124310664","0.884819714329295","0.341040667015034","0.503078096544763","0.192837203396865","0.01","0.01","0.1","","","","2.94161846677886","","","","","","","","",""
"2631","DPCERA3M086SBEAMoMDifferenceL0","USGG10YR_IndexMoMPercentChangeL0",NA,"0",NA,"0.423505527611013","0.471241807145299","-26.126978818748","3.80113963878783e-05","0.0761092726615145","-0.469410211714696","0.203593022237793","2.92068032670952e-05","0.227552895478633","0.20483386299271",NA,"402.899515748832","409.64500147498","0.000154005944961733","70","No gap","1.00013416886265","0.265411522955346","0.817848510649352","0.182151489350648","0.424480729855875","0.91621182099407","0.459413744737291","0.744294276086583","0.157449200151328","0.01","0.01","0.1","","","","2.92513221812419","","","","","","","","",""
"26121","UEMP27OVMoMDifferenceL0","USGG10YR_IndexMoMPercentChangeL0",NA,"0",NA,"0.00321709559525498","0.4716163465064","-25.6578271438413","5.63029439666249e-05","0.0716299871920476","-0.460981200899017","0.525828873534092","1.15165512117309e-05","0.227542868190177","0.204823540784006",NA,"402.900424426762","409.64591015291","0.000154073931696863","70","No gap","1.01462713597889","0.271980631288346","0.809358265406269","0.190641734593731","0.500914745485204","0.548598705606579","0.439773374392354","0.770706076258549","0.109204648570611","0.01","0.01","0.1","","","","2.79601104299967","","","","","","","","",""
"36243","HOUSTMoMDifferenceL1","USGG10YR_IndexMoMPercentChangeL0",NA,"0",NA,"-0.00353193049888264","0.474298095336374","-25.5918605754388","6.04435838858216e-05","-0.0773706949848602","-0.459796012934702","0.458861586762031","3.92710752634981e-05","0.227471442199861","0.204750014029268",NA,"402.906896744738","409.652382470886","0.000154559055642212","70","No gap","1.01880832679899","0.31152873446945","0.411432023935226","0.588567976064774","0.206550015210932","0.827915901188212","0.538109572351401","0.77519275830875","0.153428425387071","0.01","0.01","0.1","","","","2.65348057639481","","","","","","","","",""
"43553","DTCTHFNMMoMPercentChangeL1","USGG10YR_IndexMoMPercentChangeL0",NA,"0",NA,"-16.3194722095473","0.477317484248192","-25.8109465831893","4.87470858052428e-05","-0.076233722784545","-0.463732220408032","0.000308896641174333","7.04653793891647e-05","0.227391795976958","0.204668025270398",NA,"402.914113239414","409.659598965562","0.000155101759595433","70","No gap","1.0074574447397","0.282987600812794","0.804440587311961","0.195559412688039","0.311269500606731","0.851704965875875","0.447043119144005","0.68054053719088","0.0982110526792533","0.01","0.01","0.1","","","","5.47145316266237","","","","","","","","",""
"39657","M2SLMoMDifferenceL1","USGG10YR_IndexMoMPercentChangeL0",NA,"0",NA,"0.00554205473584239","0.477616849607942","-26.3539151900701","3.36153002338257e-05","0.0378760209101764","-0.473487462699095","0.465463600879186","2.87223787882928e-05","0.227383943490529","0.204659941828486",NA,"402.914824688314","409.660310414462","0.00015515536595978","70","No gap","1.00175259858636","0.332619492801895","0.754156050557898","0.245843949442102","0.39190195225768","0.761997557498057","0.538922038674338","0.776964390325083","0.131585546433842","0.01","0.01","0.1","","","","2.629349281951","","","","","","","","",""
"44877","USGG10YR_IndexMoMPercentChangeL0","TED_G_IndexMoMDifferenceL0",NA,"0",NA,"-25.6310713332289","5.82053379626533e-05","0.0499363925865853","0.478719029716361","-0.460500492784571","0.0765508757751979","1.73862909265982e-05","0.16012217158947","0.227355101238666","0.204630251275098",NA,"402.91743778434","409.662923510488","0.000155352416977839","70","No gap","1.01670129805779","0.260268915329348","0.819748282623162","0.180251717376838","0.421089063058234","0.27235669362751","0.423933178637459","0.70873451391328","0.183603743425408","0.01","0.01","0.1","","","","2.70449591467363","","","","","","","","",""
"1451","W875RX1MoMDifferenceL0","USGG10YR_IndexMoMPercentChangeL0",NA,"0",NA,"-0.00227253589873658","0.480673285093151","-26.2182180836612","3.60498058604708e-05","-0.073222043619558","-0.471049461432651","0.136787924937366","2.92420079859978e-05","0.227304225032117","0.204577878709532",NA,"402.92204690972","409.667532635868","0.000155700596829345","70","No gap","1.00009747787255","0.271883742072353","0.812120058522921","0.187879941477079","0.476717943456102","0.829738276605778","0.399579011987499","0.734043671563377","0.095020619356523","0.01","0.01","0.1","","","","4.44393456859813","","","","","","","","",""
"38995","ISRATIOMoMPercentChangeL1","USGG10YR_IndexMoMPercentChangeL0",NA,"0",NA,"-51.4569481634604","0.481711394531183","-27.2688521175257","3.24913909481904e-05","-0.0775774577108329","-0.489925671640205","0.515933152113642","1.08207365013369e-05","0.227277335680741","0.204550198494881",NA,"402.924482825519","409.669968551667","0.000155884924430638","70","No gap","1.06782358778266","0.332740579595722","0.7662035776653","0.2337964223347","0.440393285266852","0.930336492393102","0.33670630370226","0.726979502192475","0.0883284213294685","0.01","0.01","0.1","","","","2.64017742253955","","","","","","","","",""
"25125","UEMP15OVMoMPercentChangeL1","USGG10YR_IndexMoMPercentChangeL0",NA,"0",NA,"-9.03602616858829","0.481871461465225","-25.4276568319573","7.33937338329871e-05","-0.071762196225639","-0.456845847340481","0.40245534757287","6.84511664755494e-05","0.227273197973649","0.204545939090521",NA,"402.924857654335","409.670343380483","0.000155913307378519","70","No gap","1.03192837119352","0.309012533330441","0.78205659853119","0.21794340146881","0.183460625482044","0.721604673532386","0.432993770418201","0.827229146063903","0.12276747635187","0.01","0.01","0.1","","","","2.64245914321723","","","","","","","","",""
"38763","ISRATIOMoMDifferenceL1","USGG10YR_IndexMoMPercentChangeL0",NA,"0",NA,"-38.1721129501131","0.482138939158638","-27.2662693413481","3.24983468038898e-05","-0.0775339994384989","-0.489879268207157","0.510038777615127","1.09927070505736e-05","0.227266288703935","0.204538826606992",NA,"402.925483550468","409.670969276616","0.000155960713273062","70","No gap","1.06763455402804","0.333174143657124","0.766110299483143","0.233889700516857","0.442655111605588","0.932454011486369","0.335541233856873","0.727215270334102","0.0890745487418355","0.01","0.01","0.1","","","","2.64052728552239","","","","","","","","",""
"19989","CLF16OVMoMPercentChangeL1","USGG10YR_IndexMoMPercentChangeL0",NA,"0",NA,"51.0010165116441","0.483824040334659","-26.6991321045998","3.05215146090915e-05","0.0752514309660892","-0.479689800369326","0.315512881669448","3.83476040606327e-05","0.22722290371563","0.20449416558962",NA,"402.929413576926","409.674899303074","0.000156258706323298","70","No gap","1.01566882717071","0.280421707421859","0.821354935046927","0.178645064953073","0.212087197985351","0.845027782965262","0.441822164909341","0.669446790432094","0.162458425838027","0.01","0.01","0.1","","","","7.60074727319237","","","","","","","","",""
"44879","USGG10YR_IndexMoMPercentChangeL0","TED_G_IndexMoMPercentChangeL0",NA,"0",NA,"-25.6193901931748","5.92100252616715e-05","1.57778696487386","0.484370847158243","-0.460290623650297","0.0753989959824977","0.000114877747829735","0.20071688627132","0.227208878456824","0.204479727823201",NA,"402.930684006927","409.676169733075","0.00015635515801371","70","No gap","1.01787748421763","0.251805178803009","0.825361771401765","0.174638228598235","0.33208054058965","0.359170806993584","0.406824705283751","0.677863992902889","0.167340075539053","0.01","0.01","0.1","","","","2.71328540379684","","","","","","","","",""
"44996","USGG30YR_IndexMoMPercentChangeL0","AAIIBEAR_IndexMoMDifferenceL1",NA,"0",NA,"-35.4244314212801","7.69797086008451e-05","0.115947919577312","0.0638239631583669","-0.450556924375627","0.201700239455459","5.17580152668799e-05","0.0705041495822369","0.227170408928537","0.2044401268382",NA,"402.934168518953","409.679654245101","0.000156620009629127","70","No gap","1.00834672384826","0.450702860366678","0.860056638143672","0.139943361856328","0.823166970686824","0.4395420699388","0.536831653015668","0.690001399310208","0.0677383269068235","0.01","0.01","0.1","","","","3.04467008839709","","","","","","","","",""
"43425","DTCTHFNMMoMDifferenceL1","USGG10YR_IndexMoMPercentChangeL0",NA,"0",NA,"-1.77718490371486e-05","0.487697266045721","-25.8082610513403","4.91349090886957e-05","-0.074465227237229","-0.463683970815816","0.000276997390079095","4.49107548954198e-05","0.227124113065269","0.204392469331894",NA,"402.938361698671","409.683847424819","0.000156939320670291","70","No gap","1.00793339796892","0.282660250779647","0.804599647424102","0.195400352575898","0.311881192397282","0.833607976004563","0.447875341156916","0.682276268140972","0.0976650220195586","0.01","0.01","0.1","","","","5.48000364080871","","","","","","","","",""
"261","RPIMoMDifferenceL0","USGG10YR_IndexMoMPercentChangeL0",NA,"0",NA,"-0.00194844957798738","0.489442412524166","-26.2600626306588","3.53156909230673e-05","-0.0716048294540442","-0.471801261240867","0.135279509091367","2.75003750651209e-05","0.227080021206988","0.204347080654253",NA,"402.942355020362","409.68784074651","0.000157244017680247","70","No gap","1.00040919733997","0.27335605751662","0.810767664645313","0.189232335354687","0.465011591975093","0.822919791090553","0.406808675514506","0.736543470210959","0.0966451828400198","0.01","0.01","0.1","","","","4.64795519090089","","","","","","","","",""
"3215","DPCERA3M086SBEAMoMPercentChangeL0","USGG10YR_IndexMoMPercentChangeL0",NA,"0",NA,"48.920022663669","0.490563079443588","-26.1170545560954","3.84598985590262e-05","0.0726586668115725","-0.469231907507953","0.209283691838908","5.52543472807447e-05","0.227051843510729","0.204318074202221",NA,"402.944906905213","409.690392631362","0.000157439040423757","70","No gap","1.00021076306259","0.269046169651727","0.815845940446199","0.184154059553801","0.41966430686156","0.926859481603374","0.472231781781444","0.746052186806717","0.158875842269659","0.01","0.01","0.1","","","","2.90028583668198","","","","","","","","",""
"41947","WPSFD49502MoMDifferenceL1","USGG10YR_IndexMoMPercentChangeL0",NA,"0",NA,"-0.196334772384764","0.493349531075664","-26.0398003224985","4.06164882999311e-05","-0.0732667665932629","-0.467843919773125","0.339613612647981","5.33903891948142e-05","0.22698224116729","0.204246424731034",NA,"402.951209973083","409.696695699231","0.000157921777058312","70","No gap","1.0011242902258","0.334494309358342","0.759470391345699","0.240529608654301","0.372023752202807","0.454371693533972","0.389024277689502","0.668681403757851","0.205730640043221","0.01","0.01","0.1","","","","2.63061715256884","","","","","","","","",""
"17677","IPFUELSMoMDifferenceL1","USGG10YR_IndexMoMPercentChangeL0",NA,"0",NA,"-0.18094449427855","0.493853622637753","-26.3873353138908","3.33244415349719e-05","-0.0733595744376598","-0.474087905157714","0.406904685360923","2.46129621486222e-05","0.226969719154105","0.204233534423344",NA,"402.952343884709","409.697829610857","0.000158008777550234","70","No gap","1.00266668516847","0.338402269825666","0.784898273369488","0.215101726630512","0.262515412738259","0.581072209757202","0.491639468622051","0.811750211592876","0.1039374045748","0.01","0.01","0.1","","","","2.72945013121129","","","","","","","","",""
"2043","W875RX1MoMPercentChangeL0","USGG10YR_IndexMoMPercentChangeL0",NA,"0",NA,"-26.7397277442499","0.496253612324765","-26.2235045155386","3.60904638926269e-05","-0.0705360644065815","-0.471144440079971","0.164991967530527","4.90372295495356e-05","0.226910392123238","0.204172462479804",NA,"402.957715903002","409.70320162915","0.000158421602836856","70","No gap","1.00013306417114","0.272846337840326","0.811577570073413","0.188422429926587","0.489999973603151","0.798123051824849","0.398528974223907","0.729735768163879","0.0947238528277845","0.01","0.01","0.1","","","","4.30614716496362","","","","","","","","",""
"43161","DTCOLNVHFNMMoMDifferenceL1","USGG10YR_IndexMoMPercentChangeL0",NA,"0",NA,"-7.23588611362632e-05","0.496463553962015","-25.5788763748215","6.2591802740658e-05","-0.0736815870107181","-0.459562732370463","0.0842948882089532","1.14265448929676e-05","0.226905225183115","0.204167143570854",NA,"402.958183746051","409.7036694722","0.00015845760634392","70","No gap","1.02174634829489","0.250857797832913","0.816564051922498","0.183435948077502","0.355651792555745","0.896811314426727","0.496757393053152","0.690208032055168","0.0928653769523673","0.01","0.01","0.1","","","","2.77255007656963","","","","","","","","",""
"43297","DTCOLNVHFNMMoMPercentChangeL1","USGG10YR_IndexMoMPercentChangeL0",NA,"0",NA,"-24.3468327800153","0.497960081107061","-25.5886806735728","6.19963100131108e-05","-0.0733905540617139","-0.459738881246477","0.0807217554623935","6.9860555380761e-05","0.226868499217863","0.204129337430153",NA,"402.961509025939","409.706994752087","0.000158713743712458","70","No gap","1.02118532464721","0.250320137465843","0.816700242276929","0.183299757723071","0.348346835674531","0.891730705764777","0.495940081518883","0.688446976533937","0.0925946974862239","0.01","0.01","0.1","","","","2.77588842774849","","","","","","","","",""
"38647","ISRATIOMoMDifferenceL0","USGG10YR_IndexMoMPercentChangeL0",NA,"0",NA,"35.6013497523033","0.498604881008272","-26.0126664055682","4.15127334409139e-05","0.0723123458036586","-0.467356418413733","0.350133023844028","4.93785234659295e-05","0.226852732218","0.204113106695",NA,"402.962936569294","409.708422295442","0.000158823830524013","70","No gap","1.00165378942015","0.341176183725335","0.756515959878252","0.243484040121748","0.33015331001624","0.622065536185355","0.400245605376566","0.677848404613233","0.167749998593722","0.01","0.01","0.1","","","","2.64136489016525","","","","","","","","",""
"23265","UEMPLT5MoMPercentChangeL0","USGG10YR_IndexMoMPercentChangeL0",NA,"0",NA,"-5.37481794462954","0.499193817640407","-26.9558760622064","3.11514170340848e-05","-0.0737881530058643","-0.484302589177886","0.568958725207277","4.78407427622272e-06","0.226838361065111","0.204098312861143",NA,"402.964237707376","409.709723433524","0.000158924235947322","70","No gap","1.03740820884439","0.368830579403977","0.771688626674508","0.228311373325492","0.47292069606694","0.833440943615686","0.294785248152578","0.755042966737945","0.178028698423828","0.01","0.01","0.1","","","","2.71130656895527","","","","","","","","",""
"19533","CLF16OVMoMDifferenceL1","USGG10YR_IndexMoMPercentChangeL0",NA,"0",NA,"0.000308052399614881","0.50081639573757","-26.6827439209121","3.10179699989692e-05","0.0723962977392221","-0.479395362163217","0.350262874913048","3.32579339044465e-05","0.22679891404365","0.20405770563317",NA,"402.967809044758","409.713294770906","0.000159200153047934","70","No gap","1.01589786426089","0.282232993830299","0.820498688363494","0.179501311636506","0.217823280446197","0.846585243233878","0.445426650113602","0.673801185631795","0.162181062519797","0.01","0.01","0.1","","","","7.73552386135083","","","","","","","","",""
"857","RPIMoMPercentChangeL0","USGG10YR_IndexMoMPercentChangeL0",NA,"0",NA,"-27.8156284020746","0.503626189838306","-26.2670581344737","3.53220869141314e-05","-0.0691679057606491","-0.47192694591913","0.163375654082276","4.92162910352801e-05","0.22673111112689","0.203987908512975",NA,"402.973947158337","409.719432884485","0.000159675495755129","70","No gap","1.00051340025269","0.274427091765429","0.810121028997272","0.189878971002728","0.477638752270821","0.789980219884631","0.406643717421072","0.73281858167067","0.0961708330114939","0.01","0.01","0.1","","","","4.48348852847444","","","","","","","","",""
"38879","ISRATIOMoMPercentChangeL0","USGG10YR_IndexMoMPercentChangeL0",NA,"0",NA,"47.3597150658043","0.503835446108249","-26.0157620929594","4.14812623565619e-05","0.0714003924415298","-0.467412037063092","0.354251581202769","4.88055840514969e-05","0.226726087154911","0.203982736777114",NA,"402.974401950844","409.719887676992","0.00015971077184318","70","No gap","1.00163121918238","0.341655489465536","0.755784187477325","0.244215812522675","0.322360829640555","0.631224098566469","0.404887821778477","0.677289029365933","0.168623032041292","0.01","0.01","0.1","","","","2.64319087669068","","","","","","","","",""
"42433","WPSID61MoMPercentChangeL1","USGG10YR_IndexMoMPercentChangeL0",NA,"0",NA,"-46.37902333718","0.506687389597555","-26.0935897484609","3.92373921799912e-05","-0.0712041716926436","-0.468810327179207","0.420264408147278","5.92024704871422e-05","0.22665796670282","0.203912612782314",NA,"402.980568228466","409.726053954614","0.000160189830495594","70","No gap","1.00044094828818","0.335829259753056","0.75053256715089","0.24946743284911","0.49062633158088","0.915213887488182","0.334948273671376","0.697812298278694","0.23107458518613","0.01","0.01","0.1","","","","2.63387265106855","","","","","","","","",""
"39873","M2SLMoMPercentChangeL1","USGG10YR_IndexMoMPercentChangeL0",NA,"0",NA,"63.2509670031117","0.508250821105544","-26.3176526961014","3.45034625582969e-05","0.0362959044430839","-0.472835952813882","0.512684865506689","3.22979451709076e-05","0.226620899236854","0.203874455096762",NA,"402.983923355077","409.729409081225","0.000160451093941583","70","No gap","1.0012768428683","0.331387221903649","0.75586321487211","0.24413678512789","0.280488063052931","0.493079752109705","0.553702305758901","0.793967711040131","0.138265746932862","0.01","0.01","0.1","","","","2.63535521523377","","","","","","","","",""
"42113","WPSFD49502MoMPercentChangeL1","USGG10YR_IndexMoMPercentChangeL0",NA,"0",NA,"-39.6790183846119","0.508331213042287","-26.0408142485775","4.07619771244343e-05","-0.0707446728499854","-0.467862136470076","0.340724868161921","6.6787737621044e-05","0.2266189984786","0.203872498433853",NA,"402.984095396077","409.729581122225","0.000160464502239943","70","No gap","1.00118771231738","0.331827044246131","0.76281114604187","0.23718885395813","0.369339932669079","0.459415784519221","0.390085617137671","0.670841484900555","0.201840628218985","0.01","0.01","0.1","","","","2.63324707825117","","","","","","","","",""
"18149","IPFUELSMoMPercentChangeL1","USGG10YR_IndexMoMPercentChangeL0",NA,"0",NA,"-19.0357063836138","0.511828955872463","-26.3577595004682","3.3937451290081e-05","-0.07029844878328","-0.473556531479316","0.420072996542759","4.25676660135013e-05","0.226536794109379","0.203787876289067",NA,"402.991535454776","409.737021180924","0.000161045428706319","70","No gap","1.00214278254199","0.334798716696673","0.787101697861428","0.212898302138572","0.248527831871907","0.571374085733471","0.502875745000511","0.811077443092605","0.104117161444338","0.01","0.01","0.1","","","","2.73331011076993","","","","","","","","",""
"42273","WPSID61MoMDifferenceL1","USGG10YR_IndexMoMPercentChangeL0",NA,"0",NA,"-0.23599913273291","0.512371838525771","-26.0974445679563","3.91905903082383e-05","-0.0702575209609263","-0.468879584771063","0.432160744447734","1.2566931154937e-05","0.226524121571394","0.203774831029376",NA,"402.992682335953","409.738168062102","0.000161135165112514","70","No gap","1.00041187875618","0.336147289074845","0.750431529701769","0.249568470298231","0.481994625773433","0.905903600967715","0.333251596682031","0.69647393895335","0.231310853580365","0.01","0.01","0.1","","","","2.63556609260192","","","","","","","","",""
"24717","UEMP15OVMoMDifferenceL1","USGG10YR_IndexMoMPercentChangeL0",NA,"0",NA,"-0.00234857042153516","0.528273019072963","-25.3305200463134","8.95212289736189e-05","-0.062965320243091","-0.455100639850908","0.56936861698284","9.40603828666753e-05","0.226163005741613","0.203403094145778",NA,"403.025355894081","409.770841620229","0.000163712781737102","70","No gap","1.05063855804556","0.310012114707542","0.675023167911918","0.324976832088082","0.0497420149065052","0.385229786326981","0.485259646004595","0.861217696990221","0.140736219021441","0.01","0.01","0.1","","","","2.64045425025092","","","","","","","","",""
"22841","UEMPLT5MoMDifferenceL0","USGG10YR_IndexMoMPercentChangeL0",NA,"0",NA,"-0.00207411527891761","0.532078082923162","-26.8973214834598","3.25140720614037e-05","-0.0682051021754947","-0.483250568682253","0.605029844680145","4.33506165140082e-06","0.226079415542206","0.203317045411095",NA,"403.032916915322","409.77840264147","0.000164315121646719","70","No gap","1.03740636512702","0.359421381921506","0.776949711036153","0.223050288963847","0.461273475593086","0.865519489740289","0.301584311629995","0.758540783752235","0.171118321353047","0.01","0.01","0.1","","","","2.70713194142498","","","","","","","","",""
"42881","MZMSLMoMDifferenceL1","USGG10YR_IndexMoMPercentChangeL0",NA,"0",NA,"0.00417315646457404","0.562595923303399","-26.3150556083062","3.50696912448868e-05","0.0345782840391464","-0.472789292251241","0.536452077285244","2.81808800607009e-05","0.225446377451013","0.202665388552514",NA,"403.09015089268","409.835636618829","0.000168947061120472","70","No gap","1.001604922274","0.347613051757222","0.745171678309209","0.254828321690791","0.327655909113559","0.500753418528855","0.563165547496496","0.780202566591376","0.170948035479827","0.01","0.01","0.1","","","","2.6405366189274","","","","","","","","",""
"35695","AWHMANMoMDifferenceL1","USGG30YR_IndexMoMPercentChangeL0",NA,"0",NA,"-5.48761084057847","0.0700502496482511","-34.9690677564942","9.16925536144026e-05","-0.196816363890673","-0.444765236434657","0.0787488428272092","4.44072278863305e-05","0.225413650471174","0.202631699014444",NA,"403.093108519016","409.838594245164","0.00016918993835302","70","No gap","1.00408728171916","0.332648491696267","0.777359987927621","0.222640012072379","0.459297640775193","0.871916399223752","0.70012787671702","0.647873855011585","0.125593408822106","0.01","0.01","0.1","","","","2.99794171415675","","","","","","","","",""
"12508","IPMATMoMDifferenceL0","USGG10YR_IndexMoMPercentChangeL0",NA,"0",NA,"0.193507188493514","0.56505864656162","-26.0944611384237","3.97645793028552e-05","0.0614476224963194","-0.468825983001864","0.440257966841703","3.87259898900953e-05","0.225398083762328","0.202615674461221",NA,"403.094515281051","409.840001007199","0.000169305582706003","70","No gap","1.0005746029004","0.338049264899134","0.786032712450007","0.213967287549993","0.34511456576422","0.815619590483903","0.366934380946314","0.682874944447942","0.111544200430595","0.01","0.01","0.1","","","","2.64173400609347","","","","","","","","",""
"35975","AWHMANMoMPercentChangeL1","USGG30YR_IndexMoMPercentChangeL0",NA,"0",NA,"-229.301175267798","0.0701621247127134","-34.9652471144315","9.18448876709431e-05","-0.196729963729447","-0.444716642380558","0.0788821533341549","4.47240306681809e-05","0.225383597282168","0.202600761908114",NA,"403.095824397525","409.841310123673","0.000169413271007057","70","No gap","1.00405887201353","0.330857217242041","0.778463772362829","0.221536227637171","0.458556448038619","0.872437720678551","0.700615151999749","0.648081837078138","0.125972548956733","0.01","0.01","0.1","","","","2.99377449179898","","","","","","","","",""
"29303","USCONSMoMDifferenceL1","USGG10YR_IndexMoMPercentChangeL0",NA,"0",NA,"0.00707820501716324","0.569223247104995","-26.5743289909317","3.30516753625905e-05","0.0499671187387978","-0.477447525959568","0.525798047551947","1.47386223155285e-05","0.225317330185609","0.202532545779304",NA,"403.101812520598","409.847298246746","0.000169906729641012","70","No gap","1.0137172508754","0.281524638715906","0.787930921085694","0.212069078914306","0.398978104943107","0.895829715301864","0.536204942968737","0.69552717275483","0.18037601946202","0.01","0.01","0.1","","","","2.6519867506658","","","","","","","","",""
"13018","IPMATMoMPercentChangeL0","USGG10YR_IndexMoMPercentChangeL0",NA,"0",NA,"20.8810916907528","0.571956563248621","-26.0814406343141","4.02030965946695e-05","0.06033047587767","-0.468592050191142","0.447984119222987","4.54212578245767e-05","0.2252649484245","0.202478623378161",NA,"403.106545554471","409.852031280619","0.000170297777908557","70","No gap","1.0007988424746","0.336516021587558","0.786720941134195","0.213279058865805","0.345489700041718","0.816482298760465","0.372337273862016","0.684895502762337","0.111535883288202","0.01","0.01","0.1","","","","2.63971541489379","","","","","","","","",""
"7731","IPFINALMoMPercentChangeL0","USGG10YR_IndexMoMPercentChangeL0",NA,"0",NA,"-32.9041432224693","0.573647205221715","-26.3835146160208","3.43134654918551e-05","-0.0601063139902928","-0.474019260611839","0.650856553886251","2.66801146980475e-05","0.225232792006828","0.202445521183499",NA,"403.109450938085","409.854936664233","0.000170538269453568","70","No gap","1.00379668033367","0.250364857343468","0.83315764663286","0.16684235336714","0.104174780685122","0.612327116194841","0.255459717856592","0.607244482775849","0.125591536700996","0.01","0.01","0.1","","","","2.72556631928901","","","","","","","","",""
"32043","USWTRADEMoMDifferenceL1","USGG10YR_IndexMoMPercentChangeL0",NA,"0",NA,"-0.0140636314273931","0.573688257819055","-26.2324725138496","3.65597899843278e-05","-0.0599879446016887","-0.471305563569029","0.426729766842292","1.64152659756003e-05","0.225232013479693","0.202444719758507",NA,"403.109521277758","409.855007003906","0.000170544095990377","70","No gap","1.00027604876539","0.321504238725688","0.778953744768367","0.221046255231633","0.502098604024787","0.608523897331622","0.484247838599904","0.713496916886728","0.10231668131384","0.01","0.01","0.1","","","","3.16544846125663","","","","","","","","",""
"32371","USWTRADEMoMPercentChangeL1","USGG10YR_IndexMoMPercentChangeL0",NA,"0",NA,"-84.0578062841504","0.573812459318935","-26.2341971567225","3.65276340239681e-05","-0.059937679980275","-0.471336549355089","0.394179952555742","5.22444395033653e-05","0.225229658769044","0.202442295791663",NA,"403.109734024668","409.855219750816","0.000170561719940898","70","No gap","1.00029358020439","0.32166773388251","0.778761528097808","0.221238471902192","0.500465792916261","0.606570209210273","0.483783544214284","0.713181352603885","0.101990879432168","0.01","0.01","0.1","","","","3.1276105221692","","","","","","","","",""
"29663","USCONSMoMPercentChangeL1","USGG10YR_IndexMoMPercentChangeL0",NA,"0",NA,"45.7815347399185","0.574363076520285","-26.5692768904201","3.31900137475282e-05","0.0493423777453375","-0.477356757425356","0.552277881179735","6.40517311121303e-05","0.225219231739355","0.20243156208463",NA,"403.110676093727","409.856161819875","0.000170639782817283","70","No gap","1.0137323174235","0.286847179209709","0.785352410637443","0.214647589362557","0.434608566864877","0.826068410859519","0.547595324730467","0.702065668217325","0.18387948281735","0.01","0.01","0.1","","","","2.64952902587862","","","","","","","","",""
"41611","WPSFD49207MoMDifferenceL1","USGG10YR_IndexMoMPercentChangeL0",NA,"0",NA,"-0.2293956006632","0.575096417689839","-26.0794206767292","4.02916046232e-05","-0.0597695866239603","-0.46855575863504","0.450538687193281","5.12763635103176e-05","0.225205374858169","0.202417297648116",NA,"403.11192802595","409.857413752098","0.000170743577243893","70","No gap","1.00084680233155","0.325920482124772","0.762577982792327","0.237422017207673","0.356762802722341","0.472848751222433","0.39432761093715","0.681814104866987","0.184891913137648","0.01","0.01","0.1","","","","2.64366349942622","","","","","","","","",""
"43025","MZMSLMoMPercentChangeL1","USGG10YR_IndexMoMPercentChangeL0",NA,"0",NA,"53.6158982907029","0.581287791962727","-26.2889736552966","3.56333563917702e-05","0.0335561375072965","-0.472320690995463","0.57021085598793","2.9920951280951e-05","0.225089759488035","0.202298281825918",NA,"403.122372693323","409.867858419471","0.000171611981508391","70","No gap","1.00116448995154","0.346535262064442","0.746334105119658","0.253665894880342","0.245511238918527","0.328883327949264","0.567449312616147","0.792916765728951","0.172755382318414","0.01","0.01","0.1","","","","2.64358709874774","","","","","","","","",""
"44117","ism_man_newordersMoMDifferenceL1","USGG10YR_IndexMoMPercentChangeL0",NA,"0",NA,"0.0702470163568443","0.582394126693312","-26.7196623226037","3.38056444567564e-05","0.0597648022668109","-0.480058656410686","0.655428241150718","5.3581794405453e-06","0.22506935701905","0.202277279284316",NA,"403.124215686167","409.869701412316","0.000171765671833635","70","No gap","1.0274006429025","0.297111161421891","0.813693999807786","0.186306000192214","0.222476071736604","0.201102120011414","0.530189576656436","0.800632094357887","0.114078370326559","0.01","0.01","0.1","","","","2.65844254201998","","","","","","","","",""
"7183","IPFINALMoMDifferenceL0","USGG10YR_IndexMoMPercentChangeL0",NA,"0",NA,"-0.312131747424791","0.586660348326787","-26.3781328394017","3.45275979567748e-05","-0.0581201011047288","-0.473922568953776","0.635480827307761","2.83990548748308e-05","0.224991402746185","0.202197032238719",NA,"403.131256993289","409.876742719437","0.000172354127034868","70","No gap","1.00385725533636","0.251527832274774","0.832234688728566","0.167765311271434","0.104572749062397","0.608955566066259","0.265147557585035","0.612578133030272","0.125428794387797","0.01","0.01","0.1","","","","2.72457937208529","","","","","","","","",""
"41781","WPSFD49207MoMPercentChangeL1","USGG10YR_IndexMoMPercentChangeL0",NA,"0",NA,"-43.4369802680762","0.590781693372742","-26.0825495042351","4.033821568516e-05","-0.0573310101135568","-0.468611972696075","0.45398986955656","6.270948318508e-05","0.22491717402858","0.202120620323538",NA,"403.137961127198","409.883446853346","0.000172916277444535","70","No gap","1.00086192833649","0.324304364202733","0.769762579270888","0.230237420729112","0.352230943156735","0.480980341199154","0.396888538790224","0.683659852523001","0.182084626106726","0.01","0.01","0.1","","","","2.64561828568178","","","","","","","","",""
"44876","USGG10YR_IndexMoMPercentChangeL0","SPX_Index_30DRSIMoMPercentChangeL1",NA,"0",NA,"-25.8542205596937","4.97764724541171e-05","-1.88563600488755","0.59379740297217","-0.4645097020531","-0.0573463965037081","4.99203403115706e-05","0.625808454399642","0.224863523138131","0.202065391465723",NA,"403.142806328553","409.888292054701","0.000173323694978134","70","No gap","1.01027500463998","0.271717230636398","0.830130405943021","0.169869594056979","0.317661282133562","0.712015782513677","0.442235897316333","0.775943728423063","0.145852209904268","0.01","0.01","0.1","","","","2.6430917199262","","","","","","","","",""
"7457","IPFINALMoMDifferenceL1","USGG10YR_IndexMoMPercentChangeL0",NA,"0",NA,"-0.299572746508683","0.600213101589352","-26.1343838624653","3.89540602336453e-05","-0.0558769392366784","-0.469543254389214","0.658740954554877","4.11188868928357e-05","0.224751230215032","0.201949795809592",NA,"403.152946394898","409.898432121046","0.000174179450163958","70","No gap","1.00018333550012","0.310844229075233","0.793741486341635","0.206258513658365","0.50729494895783","0.968705171592631","0.549772972169572","0.747292015338202","0.146586302794615","0.01","0.01","0.1","","","","2.70379420943158","","","","","","","","",""
"40081","M2REALMoMDifferenceL1","USGG10YR_IndexMoMPercentChangeL0",NA,"0",NA,"0.0105441585855069","0.601273878304809","-26.165793154038","3.81779307085188e-05","0.0416013582237168","-0.470107569242042","0.54625532714229","3.8584851558275e-05","0.22473290323664","0.201930929802424",NA,"403.154601184139","409.900086910287","0.000174319504005593","70","No gap","1.00001227833536","0.342858641472439","0.750008114972213","0.249991885027787","0.536889608524739","0.938781533497745","0.502506051994934","0.734377330953905","0.154144145093279","0.01","0.01","0.1","","","","2.65213357488064","","","","","","","","",""
"8005","IPFINALMoMPercentChangeL1","USGG10YR_IndexMoMPercentChangeL0",NA,"0",NA,"-30.104316086814","0.605053309632676","-26.1337753044926","3.90045082794829e-05","-0.0550965393402689","-0.469532320735967","0.665836707372966","4.22439271425679e-05","0.224668153477536","0.20186427563864",NA,"403.160447290458","409.905933016606","0.000174815194181166","70","No gap","1.00019373620469","0.310183504392676","0.793981405221085","0.206018594778915","0.508678415871783","0.969323186740488","0.551494075976054","0.747820662843051","0.1457456972603","0.01","0.01","0.1","","","","2.70224383090785","","","","","","","","",""
"44874","USGG10YR_IndexMoMPercentChangeL0","SPX_Index_30DRSIMoMDifferenceL1",NA,"0",NA,"-25.8421957257071","5.11233145665616e-05","-0.0333366487292894","0.614365737901292","-0.464293657943805","-0.0543900115189086","1.95117250475005e-05","0.641202905419479","0.224512214495416","0.201703750215869",NA,"403.174524657754","409.920010383902","0.000176014602628838","70","No gap","1.01238472693045","0.281432120184764","0.824360010937784","0.175639989062216","0.306441531673686","0.836010274634366","0.468428107562034","0.777787068585365","0.149941324875554","0.01","0.01","0.1","","","","2.64638687383847","","","","","","","","",""
"39765","M2SLMoMPercentChangeL0","USGG10YR_IndexMoMPercentChangeL0",NA,"0",NA,"46.6090125471844","0.627653465574852","-26.2254564421359","3.70696286240758e-05","0.0272722023527256","-0.471179509357734","0.630828235842046","4.74608593555896e-05","0.22429838651792","0.201483633180212",NA,"403.193823343691","409.939309069839","0.00017767225846399","70","No gap","1.00028366897003","0.293767450201011","0.783849568362751","0.216150431637249","0.298396091724393","0.640780313693959","0.512215893247316","0.780304577912581","0.14608033182383","0.01","0.01","0.1","","","","2.678353500692","","","","","","","","",""
"44872","USGG10YR_IndexMoMPercentChangeL0","SPX_Index_14DRSIMoMPercentChangeL1",NA,"0",NA,"-25.970166115177","4.49348994957747e-05","-0.906555464453293","0.630562243595351","-0.46659283719568","-0.0512745561289437","4.16141415378454e-05","0.665361161217666","0.224252910961284","0.201436820107204",NA,"403.197926977875","409.943412704023","0.00017802674686318","70","No gap","1.00518144623691","0.271483680035706","0.83018354740684","0.16981645259316","0.337581803155246","0.725637788464008","0.441910071229117","0.764612768212912","0.156536914245325","0.01","0.01","0.1","","","","2.64833273909235","","","","","","","","",""
"37927","HOUSTSMoMPercentChangeL0","USGG10YR_IndexMoMPercentChangeL0",NA,"0",NA,"-2.03957955514371","0.638522537428859","-25.9852642209868","4.44068357442138e-05","-0.0502750285046399","-0.466864097225163","0.721253026828198","9.59579546641026e-05","0.224130860943256","0.201311180382764",NA,"403.208939367569","409.954425093717","0.000178981540938428","70","No gap","1.00466549279809","0.321951690395295","0.796160568491349","0.203839431508651","0.141815806785478","0.71855040867922","0.423435603441954","0.661815674775718","0.11605240281856","0.01","0.01","0.1","","","","2.74973942772264","","","","","","","","",""
"44871","USGG10YR_IndexMoMPercentChangeL0","SPX_Index_14DRSIMoMPercentChangeL0",NA,"0",NA,"-26.0007852094255","4.37651068022932e-05","-0.877948519143242","0.639674848263127","-0.467142954972919","-0.049779229009107","1.23662576458194e-05","0.669152752239946","0.224113481872936","0.201293290163317",NA,"403.210507314065","409.955993040213","0.000179117900546033","70","No gap","1.00396683034218","0.278856392212931","0.818259064689809","0.181740935310191","0.276463723194743","0.759662603932668","0.427382554681807","0.686839306234478","0.125031072511477","0.01","0.01","0.1","","","","2.71358000659533","","","","","","","","",""
"20213","CE16OVMoMDifferenceL0","USGG10YR_IndexMoMPercentChangeL0",NA,"0",NA,"0.000660183765753209","0.640151111572475","-26.1770992128992","3.81573128537918e-05","0.0432453132175007","-0.470310699482263","0.605510334060309","4.90505818967669e-06","0.22410632005827","0.201285917707042",NA,"403.211153445556","409.956639171704","0.000179174122887149","70","No gap","1.00000001881358","0.261985754737685","0.818757948349713","0.181242051650287","0.552469699931766","0.879186887016644","0.412806500886147","0.742987146324702","0.132075638685758","0.01","0.01","0.1","","","","2.66424716710514","","","","","","","","",""
"39331","M1SLMoMPercentChangeL0","USGG10YR_IndexMoMPercentChangeL0",NA,"0",NA,"22.3438659985756","0.640953244001549","-26.3882772295297","3.51666571903257e-05","0.0422861192978751","-0.474104828079515","0.589458682592629","4.70263498863693e-05","0.224094285898566","0.201273529601465",NA,"403.212239141532","409.95772486768","0.00017926863313622","70","No gap","1.00578020265068","0.292532669669354","0.805166463936004","0.194833536063996","0.0978932827688585","0.347686817761137","0.611123719537536","0.818373282544127","0.158703415843187","0.01","0.01","0.1","","","","2.65761546452009","","","","","","","","",""
"24517","UEMP15OVMoMDifferenceL0","USGG30YR_IndexMoMPercentChangeL0",NA,"0",NA,"0.00651110981975681","0.0752050722737859","-32.6038000759765","0.000249577122039948","0.175537058896111","-0.414681825390296","0.0520585461997479","8.0075661980872e-05","0.224078625001902","0.201257408090193",NA,"403.213652008693","409.959137734841","0.000179391698415188","70","No gap","1.00824554063453","0.339406187560782","0.729110273480504","0.270889726519496","0.667747618175225","0.637070727893648","0.637871891659589","0.585323882942097","0.189342336558326","0.01","0.01","0.1","","","","2.82140321453651","","","","","","","","",""
"16965","IPB51222SMoMPercentChangeL0","USGG10YR_IndexMoMPercentChangeL0",NA,"0",NA,"-4.41188539333636","0.646044181299927","-26.2848982836877","3.62284971912038e-05","-0.0492595882535815","-0.472247470855353","0.626702815648285","4.40876778351811e-05","0.224018720748591","0.201195741947079",NA,"403.219056081844","409.964541807992","0.000179863190643226","70","No gap","1.00155843340289","0.310423247631905","0.797222602688949","0.202777397311051","0.41147491103812","0.923887058815371","0.431318285924067","0.759697818746171","0.073263656755307","0.01","0.01","0.1","","","","2.67455766166844","","","","","","","","",""
"30359","MANEMPMoMPercentChangeL1","USGG10YR_IndexMoMPercentChangeL0",NA,"0",NA,"106.283901940588","0.646174258961797","-26.229802417527","3.7105882401375e-05","0.0438837841932124","-0.471257591299108","0.580323011224734","4.77987332826584e-05","0.224016808308429","0.201193773258677",NA,"403.219228599726","409.964714325874","0.000179878262802746","70","No gap","1.00037556039903","0.30166791480116","0.78224644574739","0.21775355425261","0.28169877096395","0.598508096568996","0.498765775819337","0.688328746035794","0.159068510445179","0.01","0.01","0.1","","","","2.64877060556025","","","","","","","","",""
"39107","M1SLMoMDifferenceL0","USGG10YR_IndexMoMPercentChangeL0",NA,"0",NA,"0.00696796520857731","0.649357517462604","-26.3718141993623","3.53920590195873e-05","0.0415594976567289","-0.473809045144567","0.610588220240624","4.25262757192287e-05","0.223970289670831","0.201145886425855",NA,"403.223424833699","409.968910559847","0.000180245259296941","70","No gap","1.00517169896852","0.291410055069733","0.806928311590239","0.193071688409761","0.138999818728279","0.350276074190047","0.609454104499195","0.807811931312624","0.152048402223786","0.01","0.01","0.1","","","","2.65602001449784","","","","","","","","",""
"30011","MANEMPMoMDifferenceL1","USGG10YR_IndexMoMPercentChangeL0",NA,"0",NA,"0.00849025715905387","0.650057057128694","-26.2241125507199","3.72348074218862e-05","0.043376745021783","-0.471155364340489","0.592267514174074","5.24158551651426e-05","0.223960139475375","0.201135437695239",NA,"403.224340403072","409.96982612922","0.00018032543311286","70","No gap","1.00030652627087","0.301243268291859","0.782597086017603","0.217402913982397","0.27766384800452","0.573633898350822","0.496647668135328","0.688442787987217","0.157966834394326","0.01","0.01","0.1","","","","2.64905313645233","","","","","","","","",""
"24307","UEMP5TO14MoMPercentChangeL1","USGG10YR_IndexMoMDifferenceL0",NA,"0",NA,"22.8470131561226","0.0562638007098664","-11.5904106446909","7.69578236145658e-05","0.208926959264129","-0.453986208623251","0.0559912124869456","0.000418505892127567","0.223868853040446","0.201041466365166",NA,"403.232574096939","409.978059823087","0.000181048038651821","70","No gap","1.01920066519805","0.170978144237066","0.896091633905909","0.103908366094091","0.407206673655906","0.922990713712819","0.212377488828503","0.603654169072113","0.0207285043683582","0.01","0.01","0.1","","","","2.68976103807291","","","","","","","","",""
"37171","HOUSTMWMoMDifferenceL0","USGG10YR_IndexMoMPercentChangeL0",NA,"0",NA,"0.00554022287855503","0.659730321111577","-26.1452917027478","3.90532451774101e-05","0.0472480103819835","-0.469739230037677","0.602871928805001","2.91116652610238e-05","0.223822435027772","0.200993683116825",NA,"403.236760456086","409.982246182234","0.000181416551642166","70","No gap","1.00014306428944","0.352160923878464","0.784770588532295","0.215229411467705","0.0734590817558975","0.469289546189353","0.554459764481161","0.812897407950653","0.13595596461899","0.01","0.01","0.1","","","","2.66994540782455","","","","","","","","",""
"20661","CE16OVMoMPercentChangeL0","USGG10YR_IndexMoMPercentChangeL0",NA,"0",NA,"93.0529400961383","0.660249967111793","-26.1672891840511","3.8501725745743e-05","0.0406711785297731","-0.470134447656498","0.619190800161906","3.64953512240846e-05","0.223815176482927","0.200986211085366",NA,"403.237415068879","409.982900795027","0.000181474243073909","70","No gap","1.0000129176782","0.264797460283124","0.817065794345264","0.182934205654736","0.542943812209706","0.893624226876617","0.414346394185882","0.744977527730631","0.130344508258092","0.01","0.01","0.1","","","","2.66750369622295","","","","","","","","",""
"37427","HOUSTMWMoMPercentChangeL0","USGG10YR_IndexMoMPercentChangeL0",NA,"0",NA,"0.834330881130939","0.663347404836654","-26.2235682592742","3.73240888691272e-05","0.0462732799076787","-0.471145585331422","0.606287096331499","5.26318899748275e-05","0.22377220167818","0.200941972315774",NA,"403.241290631717","409.986776357865","0.000181816174863458","70","No gap","1.00032532509644","0.345871299549486","0.781057606066893","0.218942393933107","0.0513049876805484","0.351406065963313","0.586185023031566","0.81796511733131","0.133713682879385","0.01","0.01","0.1","","","","2.68704144127213","","","","","","","","",""
"40289","M2REALMoMPercentChangeL1","USGG10YR_IndexMoMPercentChangeL0",NA,"0",NA,"44.3981771305678","0.666134604487893","-26.1689491246746","3.84938091779851e-05","0.0343689946192719","-0.470164270969975","0.629325430640547","4.29514508524165e-05","0.223733955218946","0.20090260096068",NA,"403.244739601462","409.99022532761","0.000182121011104153","70","No gap","1.00000910142848","0.336433653854496","0.753989405945618","0.246010594054382","0.521255386649475","0.959156624734962","0.511566807396555","0.741582284975891","0.148963639071277","0.01","0.01","0.1","","","","2.659984565287","","","","","","","","",""
"16485","IPB51222SMoMDifferenceL0","USGG10YR_IndexMoMPercentChangeL0",NA,"0",NA,"-0.0396122373910647","0.675461354741046","-26.2771411861257","3.65680356367327e-05","-0.0449547313532417","-0.4721081030075","0.648277108130645","3.47511447688442e-05","0.22360886111287","0.200773827616189",NA,"403.256019087412","410.00150481356","0.00018312151882649","70","No gap","1.00161562206048","0.310842489881642","0.796846940808438","0.203153059191562","0.424920327662027","0.892706680021032","0.441216627089955","0.755948528736864","0.077397024834394","0.01","0.01","0.1","","","","2.67555825248885","","","","","","","","",""
"10157","IPDCONGDMoMPercentChangeL1","USGG10YR_IndexMoMPercentChangeL0",NA,"0",NA,"8.04200792708583","0.67743508726046","-26.3869975033217","3.57711350127908e-05","0.0443688871995317","-0.474081835886105","0.682275567927819","3.38756938530722e-05","0.223582953357221","0.200747157867727",NA,"403.258354910873","410.003840637021","0.000183329395932019","70","No gap","1.00717578347788","0.333788596537884","0.782725514406509","0.217274485593491","0.168185262782135","0.72679932056946","0.326370259434658","0.68749427388629","0.144825320334059","0.01","0.01","0.1","","","","2.65952014912008","","","","","","","","",""
"39550","M2SLMoMDifferenceL0","USGG10YR_IndexMoMPercentChangeL0",NA,"0",NA,"0.00323195534340777","0.680005433741659","-26.2150580490095","3.75770383753586e-05","0.0225427584570725","-0.470992686688613","0.67999297198217","4.06385784137332e-05","0.223549507174897","0.200712727974159",NA,"403.261370277868","410.006856004016","0.000183598098140281","70","No gap","1.00024263723869","0.293376379487208","0.781313267489135","0.218686732510865","0.407134723961693","0.885742009885193","0.505500702259092","0.761633590841719","0.13779059327814","0.01","0.01","0.1","","","","2.6796219844388","","","","","","","","",""
"28207","USGOODMoMPercentChangeL1","USGG10YR_IndexMoMPercentChangeL0",NA,"0",NA,"68.1237412373327","0.682136413593482","-26.3455949506686","3.6008340060343e-05","0.0360628558908856","-0.473337977166684","0.628948244008999","4.94136346616527e-05","0.223522028256614","0.200684440852397",NA,"403.263847564265","410.009333290413","0.00018381914613641","70","No gap","1.00477422331578","0.298377982123161","0.778118893840752","0.221881106159248","0.285920128262762","0.854920602345041","0.508582920387637","0.694535227287769","0.173002398368256","0.01","0.01","0.1","","","","2.65298790063818","","","","","","","","",""
"9621","IPDCONGDMoMDifferenceL1","USGG10YR_IndexMoMPercentChangeL0",NA,"0",NA,"0.0712302780974871","0.6839273582946","-26.4030720846981","3.58800099181578e-05","0.0435515630651514","-0.474370639758128","0.692041753764081","3.76752423336394e-05","0.223499108642154","0.200660847131629",NA,"403.265913752093","410.011399478241","0.000184003715392844","70","No gap","1.00868001041347","0.329903538100494","0.785921650641626","0.214078349358374","0.17562276489527","0.769507943422182","0.333550114766987","0.689839539134359","0.144237722150764","0.01","0.01","0.1","","","","2.65922823218505","","","","","","","","",""
"27839","USGOODMoMDifferenceL1","USGG10YR_IndexMoMPercentChangeL0",NA,"0",NA,"0.00342723737698123","0.684535951465988","-26.3426306726906","3.6057911494029e-05","0.0357320132435038","-0.473284719483779","0.624095623582405","1.38484982259708e-05","0.223491356353009","0.20065286683398",NA,"403.266612601943","410.012098328091","0.000184066184465093","70","No gap","1.00468243705521","0.297022705836432","0.778628723423294","0.221371276576706","0.270158942463502","0.83289867444111","0.505309068713176","0.692851979142589","0.171462990657602","0.01","0.01","0.1","","","","2.65299579844253","","","","","","","","",""
"40881","BUSLOANSMoMDifferenceL1","USGG10YR_IndexMoMPercentChangeL0",NA,"0",NA,"-0.0124130289162739","0.687183447881215","-26.1532012590657","3.89970434396323e-05","-0.0309053498324068","-0.469881337034872","0.628791490408139","4.58823462079292e-05","0.223457845276815","0.200618370137898",NA,"403.269633462995","410.015119189143","0.000184336458478374","70","No gap","1.00009574856734","0.331229762890464","0.747853350635589","0.252146649364411","0.442005891344715","0.627021987680355","0.486100490292832","0.741197159090219","0.109896497456147","0.01","0.01","0.1","","","","2.69064183867343","","","","","","","","",""
"6355","IPFPNSSMoMDifferenceL1","USGG10YR_IndexMoMPercentChangeL0",NA,"0",NA,"-0.203234472503519","0.688542619911898","-26.1280852317209","3.969796040562e-05","-0.0425529078769311","-0.469430090076886","0.750305451800694","2.48078832350857e-05","0.2234407754114","0.200600798217618",NA,"403.27117217849","410.016657904638","0.000184474278636659","70","No gap","1.00041328534982","0.277539793017142","0.810782000008269","0.189217999991731","0.471833239275371","0.844798941096302","0.548707935251403","0.735642212969906","0.134379592386931","0.01","0.01","0.1","","","","2.68972781897372","","","","","","","","",""
"44869","USGG10YR_IndexMoMPercentChangeL0","SPX_Index_14DRSIMoMDifferenceL0",NA,"0",NA,"-26.0378623669031","4.29221758447498e-05","-0.0147447340508965","0.690788312375164","-0.467809101505285","-0.0427485231765714","9.07188326300938e-06","0.708917978683242","0.22341277017483","0.200571969297619",NA,"403.27369655931","410.019182285458","0.000184700606408073","70","No gap","1.00342103612193","0.282892187617376","0.816047030015856","0.183952969984144","0.348684578776274","0.665390178425884","0.454773627604691","0.705943614986769","0.123839289829133","0.01","0.01","0.1","","","","2.70519822787724","","","","","","","","",""
"41073","BUSLOANSMoMPercentChangeL1","USGG10YR_IndexMoMPercentChangeL0",NA,"0",NA,"-23.7171920358355","0.691278907323885","-26.150215495118","3.90966353786874e-05","-0.0300390227595755","-0.469827693324417","0.633259723292463","5.44956024587553e-05","0.22340668495824","0.20056570510407",NA,"403.274245066259","410.019730792408","0.000184749820467123","70","No gap","1.0001250317456","0.330979697330769","0.747081108132517","0.252918891867483","0.454375136467124","0.514580267304944","0.477145762884049","0.732807622910316","0.102244939146564","0.01","0.01","0.1","","","","2.67635146741916","","","","","","","","",""
"6909","IPFPNSSMoMPercentChangeL1","USGG10YR_IndexMoMPercentChangeL0",NA,"0",NA,"-19.9050707579193","0.695863604075843","-26.1307008832904","3.96642028538367e-05","-0.0414577812937882","-0.469477084165468","0.760406457091172","4.17583958621859e-05","0.223350383688009","0.200507747914128",NA,"403.279319725011","410.02480545116","0.000185205759829166","70","No gap","1.00038902579191","0.275819670065096","0.811181245445629","0.188818754554371","0.475901757427779","0.839344885386463","0.549202092065412","0.736204710261673","0.134020064816078","0.01","0.01","0.1","","","","2.68792950660392","","","","","","","","",""
"44854","USGG10YR_IndexMoMPercentChangeL0","VIX_IndexMoMDifferenceL1",NA,"0",NA,"-26.6289121496283","3.95121442768318e-05","-0.0499052909010661","0.698813281397622","-0.478428193960165","-0.0423146361627705","1.74322004442705e-05","0.720180765183777","0.22331469881226","0.200471013483208",NA,"403.282535955169","410.028021681317","0.000185495308616557","70","No gap","1.0383454101197","0.370625773802356","0.764901243401165","0.235098756598835","0.409084209988061","0.863626586497546","0.501161720292074","0.753068152346219","0.121208040583624","0.01","0.01","0.1","","","","2.74624633339386","","","","","","","","",""
"38411","HOUSTWMoMPercentChangeL0","USGG10YR_IndexMoMPercentChangeL0",NA,"0",NA,"-1.22060200594249","0.714174509334886","-26.3732428669573","3.64937692784407e-05","-0.0392298968880222","-0.473834713292534","0.681188896692756","5.14776736671809e-05","0.223135570454231","0.200286616644061",NA,"403.29867832238","410.044164048528","0.000186955415681145","70","No gap","1.00808225760365","0.327058373929465","0.793106754728843","0.206893245271157","0.32595988995853","0.833681002103534","0.562647418044801","0.711287768564989","0.141182338768801","0.01","0.01","0.1","","","","2.82184636206813","","","","","","","","",""
"44873","USGG10YR_IndexMoMPercentChangeL0","SPX_Index_30DRSIMoMDifferenceL0",NA,"0",NA,"-25.9226680874306","4.99501985115884e-05","-0.0239662864812791","0.71700172276095","-0.465739464158747","-0.039156479963158","2.14641033627364e-05","0.712460453136444","0.223103812849235","0.200253924991859",NA,"403.301539808669","410.047025534817","0.000187215439083621","70","No gap","1.01378931867365","0.288380162672688","0.829225660802094","0.170774339197906","0.227982410003649","0.608523422175643","0.426607061089","0.695690813216624","0.122572140650265","0.01","0.01","0.1","","","","2.67592929422944","","","","","","","","",""
"44875","USGG10YR_IndexMoMPercentChangeL0","SPX_Index_30DRSIMoMPercentChangeL0",NA,"0",NA,"-25.8985997211688","5.18928200618581e-05","-1.27058315473155","0.720008232295218","-0.465307039997462","-0.0386091813151599","8.00736233752146e-05","0.727797923988263","0.223070448904914","0.200219579755059",NA,"403.304545906515","410.050031632663","0.000187488992880125","70","No gap","1.01689835119439","0.295966028817304","0.768048150935207","0.231951849064793","0.215562210678523","0.584441118976108","0.429758461102143","0.694655891889196","0.121634933009893","0.01","0.01","0.1","","","","2.67560973015809","","","","","","","","",""
"15273","IPNMATMoMPercentChangeL1","USGG10YR_IndexMoMPercentChangeL0",NA,"0",NA,"9.4882317230562","0.723167881635263","-25.992950372447","4.56999903347853e-05","0.037860629210077","-0.467002190420294","0.634767646093087","6.77551101928463e-05","0.223035835964057","0.200183948786529",NA,"403.307664402764","410.053150128912","0.000187773197303676","70","No gap","1.00755434767028","0.336208850006976","0.770614017046519","0.229385982953481","0.473252523767709","0.917480580616459","0.400667383445906","0.741807050245075","0.129787492842179","0.01","0.01","0.1","","","","2.65948132531803","","","","","","","","",""
"26513","UEMP27OVMoMPercentChangeL0","USGG10YR_IndexMoMPercentChangeL0",NA,"0",NA,"3.368437763368","0.726178439348827","-25.8798810381482","5.38113864614402e-05","0.0361093634756712","-0.464970730888756","0.710182318248824","3.93650430544216e-05","0.22300328342784","0.200150438822776",NA,"403.310597137511","410.056082863659","0.000188040865405914","70","No gap","1.02016455461134","0.311302371742556","0.792746812879459","0.207253187120541","0.314325546868121","0.438922276024984","0.442895663065164","0.767157901190508","0.122885285428657","0.01","0.01","0.1","","","","3.15491910626773","","","","","","","","",""
"38171","HOUSTWMoMDifferenceL0","USGG10YR_IndexMoMPercentChangeL0",NA,"0",NA,"-0.00444876795198958","0.727362654374546","-26.4342847975301","3.72881851388963e-05","-0.0376850265037838","-0.474931422780164","0.694858441561383","3.9176533206631e-05","0.222990592498417","0.200137374630723",NA,"403.311740459981","410.057226186129","0.000188145318774535","70","No gap","1.01532001569076","0.324602824222865","0.80502185640857","0.19497814359143","0.277722469401722","0.827530309107193","0.540407589772949","0.706557295671423","0.136795560047231","0.01","0.01","0.1","","","","2.8812671084375","","","","","","","","",""
"9085","IPCONGDMoMPercentChangeL1","USGG10YR_IndexMoMPercentChangeL0",NA,"0",NA,"14.5027977820194","0.729587134273681","-26.2466076361382","3.73542387940972e-05","0.0367330542942933","-0.471559522160726","0.739010359186266","3.95352356341402e-05","0.222966926295914","0.200113012363441",NA,"403.313872492014","410.059358218162","0.000188340255159347","70","No gap","1.00114741302873","0.334124594930807","0.7782308569065","0.2217691430935","0.345037379075668","0.852925700025283","0.380041898970482","0.721845804420258","0.120341102636322","0.01","0.01","0.1","","","","2.6586873876755","","","","","","","","",""
"14777","IPNMATMoMDifferenceL1","USGG10YR_IndexMoMPercentChangeL0",NA,"0",NA,"0.0960020383338366","0.735050893924184","-25.9956032906982","4.58560782107121e-05","0.0362073206304899","-0.467049854060495","0.66494948984037","2.56512976103236e-05","0.222909750920834","0.200054155359682",NA,"403.319023017971","410.064508744119","0.000188812012817396","70","No gap","1.00803895305384","0.333202379923337","0.773456546373275","0.226543453626725","0.477269729600255","0.921277233227442","0.406827185110639","0.74285727173502","0.128494541908179","0.01","0.01","0.1","","","","2.6619704375171","","","","","","","","",""
