This is pdfTeX, Version 3.14159265-2.6-1.40.18 (MiKTeX 2.9.6500 64-bit) (preloaded format=pdflatex 2018.4.2)  10 FEB 2020 09:22
entering extended mode
**\def\ac{Commodity} \input{ProductPackage.tex}
(ProductPackage.tex ("C:\Program Files\MiKTeX 2.9\tex\latex\base\article.cls"
Document Class: article 2014/09/29 v1.4h Standard LaTeX document class
("C:\Program Files\MiKTeX 2.9\tex\latex\base\size10.clo"
File: size10.clo 2014/09/29 v1.4h Standard LaTeX file (size option)
)
\c@part=\count79
\c@section=\count80
\c@subsection=\count81
\c@subsubsection=\count82
\c@paragraph=\count83
\c@subparagraph=\count84
\c@figure=\count85
\c@table=\count86
\abovecaptionskip=\skip41
\belowcaptionskip=\skip42
\bibindent=\dimen102
)
(GlobalParameters.tex)
("C:\Program Files\MiKTeX 2.9\tex\latex\graphics\graphicx.sty"
Package: graphicx 2017/06/01 v1.1a Enhanced LaTeX Graphics (DPC,SPQR)

("C:\Program Files\MiKTeX 2.9\tex\latex\graphics\keyval.sty"
Package: keyval 2014/10/28 v1.15 key=value parser (DPC)
\KV@toks@=\toks14
)
("C:\Program Files\MiKTeX 2.9\tex\latex\graphics\graphics.sty"
Package: graphics 2017/06/25 v1.2c Standard LaTeX Graphics (DPC,SPQR)

("C:\Program Files\MiKTeX 2.9\tex\latex\graphics\trig.sty"
Package: trig 2016/01/03 v1.10 sin cos tan (DPC)
)
("C:\Program Files\MiKTeX 2.9\tex\latex\graphics-cfg\graphics.cfg"
File: graphics.cfg 2016/06/04 v1.11 sample graphics configuration
)
Package graphics Info: Driver file: pdftex.def on input line 99.

("C:\Program Files\MiKTeX 2.9\tex\latex\graphics-def\pdftex.def"
File: pdftex.def 2017/12/07 v1.0i Graphics/color driver for pdftex
))
\Gin@req@height=\dimen103
\Gin@req@width=\dimen104
)
("C:\Program Files\MiKTeX 2.9\tex\latex\oberdiek\grffile.sty"
Package: grffile 2016/05/16 v1.17 Extended file name support for graphics (HO)

("C:\Program Files\MiKTeX 2.9\tex\generic\oberdiek\ifpdf.sty"
Package: ifpdf 2017/03/15 v3.2 Provides the ifpdf switch
)
("C:\Program Files\MiKTeX 2.9\tex\generic\ifxetex\ifxetex.sty"
Package: ifxetex 2010/09/12 v0.6 Provides ifxetex conditional
)
("C:\Program Files\MiKTeX 2.9\tex\latex\oberdiek\kvoptions.sty"
Package: kvoptions 2016/05/16 v3.12 Key value format for package options (HO)

("C:\Program Files\MiKTeX 2.9\tex\generic\oberdiek\ltxcmds.sty"
Package: ltxcmds 2016/05/16 v1.23 LaTeX kernel commands for general use (HO)
)
("C:\Program Files\MiKTeX 2.9\tex\generic\oberdiek\kvsetkeys.sty"
Package: kvsetkeys 2016/05/16 v1.17 Key value parser (HO)

("C:\Program Files\MiKTeX 2.9\tex\generic\oberdiek\infwarerr.sty"
Package: infwarerr 2016/05/16 v1.4 Providing info/warning/error messages (HO)
)
("C:\Program Files\MiKTeX 2.9\tex\generic\oberdiek\etexcmds.sty"
Package: etexcmds 2016/05/16 v1.6 Avoid name clashes with e-TeX commands (HO)

("C:\Program Files\MiKTeX 2.9\tex\generic\oberdiek\ifluatex.sty"
Package: ifluatex 2016/05/16 v1.4 Provides the ifluatex switch (HO)
Package ifluatex Info: LuaTeX not detected.
)
Package etexcmds Info: Could not find \expanded.
(etexcmds)             That can mean that you are not using pdfTeX 1.50 or
(etexcmds)             that some package has redefined \expanded.
(etexcmds)             In the latter case, load this package earlier.
)))
("C:\Program Files\MiKTeX 2.9\tex\generic\oberdiek\pdftexcmds.sty"
Package: pdftexcmds 2017/03/19 v0.25 Utility functions of pdfTeX for LuaTeX (HO
)
Package pdftexcmds Info: LuaTeX not detected.
Package pdftexcmds Info: \pdf@primitive is available.
Package pdftexcmds Info: \pdf@ifprimitive is available.
Package pdftexcmds Info: \pdfdraftmode found.
)
Package grffile Info: Option `multidot' is set to `true'.
Package grffile Info: Option `extendedchars' is set to `false'.
Package grffile Info: Option `space' is set to `true'.
Package grffile Info: \Gin@ii of package `graphicx' fixed on input line 486.
)
("C:\Program Files\MiKTeX 2.9\tex\latex\geometry\geometry.sty"
Package: geometry 2010/09/12 v5.6 Page Geometry

("C:\Program Files\MiKTeX 2.9\tex\generic\oberdiek\ifvtex.sty"
Package: ifvtex 2016/05/16 v1.6 Detect VTeX and its facilities (HO)
Package ifvtex Info: VTeX not detected.
)
\Gm@cnth=\count87
\Gm@cntv=\count88
\c@Gm@tempcnt=\count89
\Gm@bindingoffset=\dimen105
\Gm@wd@mp=\dimen106
\Gm@odd@mp=\dimen107
\Gm@even@mp=\dimen108
\Gm@layoutwidth=\dimen109
\Gm@layoutheight=\dimen110
\Gm@layouthoffset=\dimen111
\Gm@layoutvoffset=\dimen112
\Gm@dimlist=\toks15

("C:\Program Files\MiKTeX 2.9\tex\latex\geometry\geometry.cfg"))
("C:\Program Files\MiKTeX 2.9\tex\latex\oberdiek\pdflscape.sty"
Package: pdflscape 2016/05/14 v0.11 Display of landscape pages in PDF (HO)

("C:\Program Files\MiKTeX 2.9\tex\latex\graphics\lscape.sty"
Package: lscape 2000/10/22 v3.01 Landscape Pages (DPC)
)
Package pdflscape Info: Auto-detected driver: pdftex on input line 81.
)
("C:\Program Files\MiKTeX 2.9\tex\latex\float\float.sty"
Package: float 2001/11/08 v1.3d Float enhancements (AL)
\c@float@type=\count90
\float@exts=\toks16
\float@box=\box26
\@float@everytoks=\toks17
\@floatcapt=\box27
)
("C:\Program Files\MiKTeX 2.9\tex\latex\hyperref\hyperref.sty"
Package: hyperref 2017/03/14 v6.85a Hypertext links for LaTeX

("C:\Program Files\MiKTeX 2.9\tex\generic\oberdiek\hobsub-hyperref.sty"
Package: hobsub-hyperref 2016/05/16 v1.14 Bundle oberdiek, subset hyperref (HO)


("C:\Program Files\MiKTeX 2.9\tex\generic\oberdiek\hobsub-generic.sty"
Package: hobsub-generic 2016/05/16 v1.14 Bundle oberdiek, subset generic (HO)
Package: hobsub 2016/05/16 v1.14 Construct package bundles (HO)
Package hobsub Info: Skipping package `infwarerr' (already loaded).
Package hobsub Info: Skipping package `ltxcmds' (already loaded).
Package hobsub Info: Skipping package `ifluatex' (already loaded).
Package hobsub Info: Skipping package `ifvtex' (already loaded).
Package: intcalc 2016/05/16 v1.2 Expandable calculations with integers (HO)
Package hobsub Info: Skipping package `ifpdf' (already loaded).
Package hobsub Info: Skipping package `etexcmds' (already loaded).
Package hobsub Info: Skipping package `kvsetkeys' (already loaded).
Package: kvdefinekeys 2016/05/16 v1.4 Define keys (HO)
Package hobsub Info: Skipping package `pdftexcmds' (already loaded).
Package: pdfescape 2016/05/16 v1.14 Implements pdfTeX's escape features (HO)
Package: bigintcalc 2016/05/16 v1.4 Expandable calculations on big integers (HO
)
Package: bitset 2016/05/16 v1.2 Handle bit-vector datatype (HO)
Package: uniquecounter 2016/05/16 v1.3 Provide unlimited unique counter (HO)
)
Package hobsub Info: Skipping package `hobsub' (already loaded).
Package: letltxmacro 2016/05/16 v1.5 Let assignment for LaTeX macros (HO)
Package: hopatch 2016/05/16 v1.3 Wrapper for package hooks (HO)
Package: xcolor-patch 2016/05/16 xcolor patch
Package: atveryend 2016/05/16 v1.9 Hooks at the very end of document (HO)
Package atveryend Info: \enddocument detected (standard20110627).
Package: atbegshi 2016/06/09 v1.18 At begin shipout hook (HO)
Package: refcount 2016/05/16 v3.5 Data extraction from label references (HO)
Package: hycolor 2016/05/16 v1.8 Color options for hyperref/bookmark (HO)
)
("C:\Program Files\MiKTeX 2.9\tex\latex\oberdiek\auxhook.sty"
Package: auxhook 2016/05/16 v1.4 Hooks for auxiliary files (HO)
)
\@linkdim=\dimen113
\Hy@linkcounter=\count91
\Hy@pagecounter=\count92

("C:\Program Files\MiKTeX 2.9\tex\latex\hyperref\pd1enc.def"
File: pd1enc.def 2017/03/14 v6.85a Hyperref: PDFDocEncoding definition (HO)
)
\Hy@SavedSpaceFactor=\count93

("C:\Program Files\MiKTeX 2.9\tex\latex\00miktex\hyperref.cfg"
File: hyperref.cfg 2002/06/06 v1.2 hyperref configuration of TeXLive
)
Package hyperref Info: Option `bookmarks' set `true' on input line 4374.
Package hyperref Info: Hyper figures OFF on input line 4498.
Package hyperref Info: Link nesting OFF on input line 4503.
Package hyperref Info: Hyper index ON on input line 4506.
Package hyperref Info: Plain pages OFF on input line 4513.
Package hyperref Info: Backreferencing OFF on input line 4518.
Package hyperref Info: Implicit mode ON; LaTeX internals redefined.
Package hyperref Info: Bookmarks ON on input line 4751.
\c@Hy@tempcnt=\count94

("C:\Program Files\MiKTeX 2.9\tex\latex\url\url.sty"
\Urlmuskip=\muskip10
Package: url 2013/09/16  ver 3.4  Verb mode for urls, etc.
)
LaTeX Info: Redefining \url on input line 5104.
\XeTeXLinkMargin=\dimen114
\Fld@menulength=\count95
\Field@Width=\dimen115
\Fld@charsize=\dimen116
Package hyperref Info: Hyper figures OFF on input line 6358.
Package hyperref Info: Link nesting OFF on input line 6363.
Package hyperref Info: Hyper index ON on input line 6366.
Package hyperref Info: backreferencing OFF on input line 6373.
Package hyperref Info: Link coloring OFF on input line 6378.
Package hyperref Info: Link coloring with OCG OFF on input line 6383.
Package hyperref Info: PDF/A mode OFF on input line 6388.
LaTeX Info: Redefining \ref on input line 6428.
LaTeX Info: Redefining \pageref on input line 6432.
\Hy@abspage=\count96
\c@Item=\count97
\c@Hfootnote=\count98
)

Package hyperref Message: Driver (autodetected): hpdftex.

("C:\Program Files\MiKTeX 2.9\tex\latex\hyperref\hpdftex.def"
File: hpdftex.def 2017/03/14 v6.85a Hyperref driver for pdfTeX
\Fld@listcount=\count99
\c@bookmark@seq@number=\count100

("C:\Program Files\MiKTeX 2.9\tex\latex\oberdiek\rerunfilecheck.sty"
Package: rerunfilecheck 2016/05/16 v1.8 Rerun checks for auxiliary files (HO)
Package uniquecounter Info: New unique counter `rerunfilecheck' on input line 2
82.
)
\Hy@SectionHShift=\skip43
)
("C:\Program Files\MiKTeX 2.9\tex\latex\multirow\multirow.sty"
Package: multirow 2016/11/25 v2.2 Span multiple rows of a table
\multirow@colwidth=\skip44
\multirow@cntb=\count101
\multirow@dima=\skip45
\bigstrutjot=\dimen117
)
("C:\Program Files\MiKTeX 2.9\tex\latex\tools\array.sty"
Package: array 2016/10/06 v2.4d Tabular extension package (FMi)
\col@sep=\dimen118
\extrarowheight=\dimen119
\NC@list=\toks18
\extratabsurround=\skip46
\backup@length=\skip47
)
("C:\Program Files\MiKTeX 2.9\tex\latex\xcolor\xcolor.sty"
Package: xcolor 2016/05/11 v2.12 LaTeX color extensions (UK)

("C:\Program Files\MiKTeX 2.9\tex\latex\graphics-cfg\color.cfg"
File: color.cfg 2016/01/02 v1.6 sample color configuration
)
Package xcolor Info: Driver file: pdftex.def on input line 225.
Package xcolor Info: Model `cmy' substituted by `cmy0' on input line 1348.
Package xcolor Info: Model `hsb' substituted by `rgb' on input line 1352.
Package xcolor Info: Model `RGB' extended on input line 1364.
Package xcolor Info: Model `HTML' substituted by `rgb' on input line 1366.
Package xcolor Info: Model `Hsb' substituted by `hsb' on input line 1367.
Package xcolor Info: Model `tHsb' substituted by `hsb' on input line 1368.
Package xcolor Info: Model `HSB' substituted by `hsb' on input line 1369.
Package xcolor Info: Model `Gray' substituted by `gray' on input line 1370.
Package xcolor Info: Model `wave' substituted by `hsb' on input line 1371.
)
("C:\Program Files\MiKTeX 2.9\tex\latex\pgf\frontendlayer\tikz.sty"
("C:\Program Files\MiKTeX 2.9\tex\latex\pgf\basiclayer\pgf.sty"
("C:\Program Files\MiKTeX 2.9\tex\latex\pgf\utilities\pgfrcs.sty"
("C:\Program Files\MiKTeX 2.9\tex\generic\pgf\utilities\pgfutil-common.tex"
\pgfutil@everybye=\toks19
\pgfutil@tempdima=\dimen120
\pgfutil@tempdimb=\dimen121

("C:\Program Files\MiKTeX 2.9\tex\generic\pgf\utilities\pgfutil-common-lists.te
x")) ("C:\Program Files\MiKTeX 2.9\tex\generic\pgf\utilities\pgfutil-latex.def"
\pgfutil@abb=\box28
("C:\Program Files\MiKTeX 2.9\tex\latex\ms\everyshi.sty"
Package: everyshi 2001/05/15 v3.00 EveryShipout Package (MS)
))
("C:\Program Files\MiKTeX 2.9\tex\generic\pgf\utilities\pgfrcs.code.tex"
Package: pgfrcs 2015/08/07 v3.0.1a (rcs-revision 1.31)
))
Package: pgf 2015/08/07 v3.0.1a (rcs-revision 1.15)

("C:\Program Files\MiKTeX 2.9\tex\latex\pgf\basiclayer\pgfcore.sty"
("C:\Program Files\MiKTeX 2.9\tex\latex\pgf\systemlayer\pgfsys.sty"
("C:\Program Files\MiKTeX 2.9\tex\generic\pgf\systemlayer\pgfsys.code.tex"
Package: pgfsys 2014/07/09 v3.0.1a (rcs-revision 1.48)

("C:\Program Files\MiKTeX 2.9\tex\generic\pgf\utilities\pgfkeys.code.tex"
\pgfkeys@pathtoks=\toks20
\pgfkeys@temptoks=\toks21

("C:\Program Files\MiKTeX 2.9\tex\generic\pgf\utilities\pgfkeysfiltered.code.te
x"
\pgfkeys@tmptoks=\toks22
))
\pgf@x=\dimen122
\pgf@y=\dimen123
\pgf@xa=\dimen124
\pgf@ya=\dimen125
\pgf@xb=\dimen126
\pgf@yb=\dimen127
\pgf@xc=\dimen128
\pgf@yc=\dimen129
\w@pgf@writea=\write3
\r@pgf@reada=\read1
\c@pgf@counta=\count102
\c@pgf@countb=\count103
\c@pgf@countc=\count104
\c@pgf@countd=\count105
\t@pgf@toka=\toks23
\t@pgf@tokb=\toks24
\t@pgf@tokc=\toks25
 ("C:\Program Files\MiKTeX 2.9\tex\generic\pgf\systemlayer\pgf.cfg"
File: pgf.cfg 2008/05/14  (rcs-revision 1.7)
)
Driver file for pgf: pgfsys-pdftex.def

("C:\Program Files\MiKTeX 2.9\tex\generic\pgf\systemlayer\pgfsys-pdftex.def"
File: pgfsys-pdftex.def 2014/10/11  (rcs-revision 1.35)

("C:\Program Files\MiKTeX 2.9\tex\generic\pgf\systemlayer\pgfsys-common-pdf.def
"
File: pgfsys-common-pdf.def 2013/10/10  (rcs-revision 1.13)
)))
("C:\Program Files\MiKTeX 2.9\tex\generic\pgf\systemlayer\pgfsyssoftpath.code.t
ex"
File: pgfsyssoftpath.code.tex 2013/09/09  (rcs-revision 1.9)
\pgfsyssoftpath@smallbuffer@items=\count106
\pgfsyssoftpath@bigbuffer@items=\count107
)
("C:\Program Files\MiKTeX 2.9\tex\generic\pgf\systemlayer\pgfsysprotocol.code.t
ex"
File: pgfsysprotocol.code.tex 2006/10/16  (rcs-revision 1.4)
)) ("C:\Program Files\MiKTeX 2.9\tex\generic\pgf\basiclayer\pgfcore.code.tex"
Package: pgfcore 2010/04/11 v3.0.1a (rcs-revision 1.7)
 ("C:\Program Files\MiKTeX 2.9\tex\generic\pgf\math\pgfmath.code.tex"
("C:\Program Files\MiKTeX 2.9\tex\generic\pgf\math\pgfmathcalc.code.tex"
("C:\Program Files\MiKTeX 2.9\tex\generic\pgf\math\pgfmathutil.code.tex")
("C:\Program Files\MiKTeX 2.9\tex\generic\pgf\math\pgfmathparser.code.tex"
\pgfmath@dimen=\dimen130
\pgfmath@count=\count108
\pgfmath@box=\box29
\pgfmath@toks=\toks26
\pgfmath@stack@operand=\toks27
\pgfmath@stack@operation=\toks28
)
("C:\Program Files\MiKTeX 2.9\tex\generic\pgf\math\pgfmathfunctions.code.tex"
("C:\Program Files\MiKTeX 2.9\tex\generic\pgf\math\pgfmathfunctions.basic.code.
tex")
("C:\Program Files\MiKTeX 2.9\tex\generic\pgf\math\pgfmathfunctions.trigonometr
ic.code.tex")
("C:\Program Files\MiKTeX 2.9\tex\generic\pgf\math\pgfmathfunctions.random.code
.tex")
("C:\Program Files\MiKTeX 2.9\tex\generic\pgf\math\pgfmathfunctions.comparison.
code.tex")
("C:\Program Files\MiKTeX 2.9\tex\generic\pgf\math\pgfmathfunctions.base.code.t
ex")
("C:\Program Files\MiKTeX 2.9\tex\generic\pgf\math\pgfmathfunctions.round.code.
tex")
("C:\Program Files\MiKTeX 2.9\tex\generic\pgf\math\pgfmathfunctions.misc.code.t
ex")
("C:\Program Files\MiKTeX 2.9\tex\generic\pgf\math\pgfmathfunctions.integerarit
hmetics.code.tex")))
("C:\Program Files\MiKTeX 2.9\tex\generic\pgf\math\pgfmathfloat.code.tex"
\c@pgfmathroundto@lastzeros=\count109
))
("C:\Program Files\MiKTeX 2.9\tex\generic\pgf\basiclayer\pgfcorepoints.code.tex
"
File: pgfcorepoints.code.tex 2013/10/07  (rcs-revision 1.27)
\pgf@picminx=\dimen131
\pgf@picmaxx=\dimen132
\pgf@picminy=\dimen133
\pgf@picmaxy=\dimen134
\pgf@pathminx=\dimen135
\pgf@pathmaxx=\dimen136
\pgf@pathminy=\dimen137
\pgf@pathmaxy=\dimen138
\pgf@xx=\dimen139
\pgf@xy=\dimen140
\pgf@yx=\dimen141
\pgf@yy=\dimen142
\pgf@zx=\dimen143
\pgf@zy=\dimen144
)
("C:\Program Files\MiKTeX 2.9\tex\generic\pgf\basiclayer\pgfcorepathconstruct.c
ode.tex"
File: pgfcorepathconstruct.code.tex 2013/10/07  (rcs-revision 1.29)
\pgf@path@lastx=\dimen145
\pgf@path@lasty=\dimen146
)
("C:\Program Files\MiKTeX 2.9\tex\generic\pgf\basiclayer\pgfcorepathusage.code.
tex"
File: pgfcorepathusage.code.tex 2014/11/02  (rcs-revision 1.24)
\pgf@shorten@end@additional=\dimen147
\pgf@shorten@start@additional=\dimen148
)
("C:\Program Files\MiKTeX 2.9\tex\generic\pgf\basiclayer\pgfcorescopes.code.tex
"
File: pgfcorescopes.code.tex 2015/05/08  (rcs-revision 1.46)
\pgfpic=\box30
\pgf@hbox=\box31
\pgf@layerbox@main=\box32
\pgf@picture@serial@count=\count110
)
("C:\Program Files\MiKTeX 2.9\tex\generic\pgf\basiclayer\pgfcoregraphicstate.co
de.tex"
File: pgfcoregraphicstate.code.tex 2014/11/02  (rcs-revision 1.12)
\pgflinewidth=\dimen149
)
("C:\Program Files\MiKTeX 2.9\tex\generic\pgf\basiclayer\pgfcoretransformations
.code.tex"
File: pgfcoretransformations.code.tex 2015/08/07  (rcs-revision 1.20)
\pgf@pt@x=\dimen150
\pgf@pt@y=\dimen151
\pgf@pt@temp=\dimen152
)
("C:\Program Files\MiKTeX 2.9\tex\generic\pgf\basiclayer\pgfcorequick.code.tex"
File: pgfcorequick.code.tex 2008/10/09  (rcs-revision 1.3)
)
("C:\Program Files\MiKTeX 2.9\tex\generic\pgf\basiclayer\pgfcoreobjects.code.te
x"
File: pgfcoreobjects.code.tex 2006/10/11  (rcs-revision 1.2)
)
("C:\Program Files\MiKTeX 2.9\tex\generic\pgf\basiclayer\pgfcorepathprocessing.
code.tex"
File: pgfcorepathprocessing.code.tex 2013/09/09  (rcs-revision 1.9)
)
("C:\Program Files\MiKTeX 2.9\tex\generic\pgf\basiclayer\pgfcorearrows.code.tex
"
File: pgfcorearrows.code.tex 2015/05/14  (rcs-revision 1.43)
\pgfarrowsep=\dimen153
)
("C:\Program Files\MiKTeX 2.9\tex\generic\pgf\basiclayer\pgfcoreshade.code.tex"
File: pgfcoreshade.code.tex 2013/07/15  (rcs-revision 1.15)
\pgf@max=\dimen154
\pgf@sys@shading@range@num=\count111
) ("C:\Program Files\MiKTeX 2.9\tex\generic\pgf\basiclayer\pgfcoreimage.code.te
x"
File: pgfcoreimage.code.tex 2013/07/15  (rcs-revision 1.18)

("C:\Program Files\MiKTeX 2.9\tex\generic\pgf\basiclayer\pgfcoreexternal.code.t
ex"
File: pgfcoreexternal.code.tex 2014/07/09  (rcs-revision 1.21)
\pgfexternal@startupbox=\box33
))
("C:\Program Files\MiKTeX 2.9\tex\generic\pgf\basiclayer\pgfcorelayers.code.tex
"
File: pgfcorelayers.code.tex 2013/07/18  (rcs-revision 1.7)
)
("C:\Program Files\MiKTeX 2.9\tex\generic\pgf\basiclayer\pgfcoretransparency.co
de.tex"
File: pgfcoretransparency.code.tex 2013/09/30  (rcs-revision 1.5)
)
("C:\Program Files\MiKTeX 2.9\tex\generic\pgf\basiclayer\pgfcorepatterns.code.t
ex"
File: pgfcorepatterns.code.tex 2013/11/07  (rcs-revision 1.5)
)))
("C:\Program Files\MiKTeX 2.9\tex\generic\pgf\modules\pgfmoduleshapes.code.tex"
File: pgfmoduleshapes.code.tex 2014/03/21  (rcs-revision 1.35)
\pgfnodeparttextbox=\box34
) ("C:\Program Files\MiKTeX 2.9\tex\generic\pgf\modules\pgfmoduleplot.code.tex"
File: pgfmoduleplot.code.tex 2015/08/03  (rcs-revision 1.13)
)
("C:\Program Files\MiKTeX 2.9\tex\latex\pgf\compatibility\pgfcomp-version-0-65.
sty"
Package: pgfcomp-version-0-65 2007/07/03 v3.0.1a (rcs-revision 1.7)
\pgf@nodesepstart=\dimen155
\pgf@nodesepend=\dimen156
)
("C:\Program Files\MiKTeX 2.9\tex\latex\pgf\compatibility\pgfcomp-version-1-18.
sty"
Package: pgfcomp-version-1-18 2007/07/23 v3.0.1a (rcs-revision 1.1)
)) ("C:\Program Files\MiKTeX 2.9\tex\latex\pgf\utilities\pgffor.sty"
("C:\Program Files\MiKTeX 2.9\tex\latex\pgf\utilities\pgfkeys.sty"
("C:\Program Files\MiKTeX 2.9\tex\generic\pgf\utilities\pgfkeys.code.tex"))
("C:\Program Files\MiKTeX 2.9\tex\latex\pgf\math\pgfmath.sty"
("C:\Program Files\MiKTeX 2.9\tex\generic\pgf\math\pgfmath.code.tex"))
("C:\Program Files\MiKTeX 2.9\tex\generic\pgf\utilities\pgffor.code.tex"
Package: pgffor 2013/12/13 v3.0.1a (rcs-revision 1.25)

("C:\Program Files\MiKTeX 2.9\tex\generic\pgf\math\pgfmath.code.tex")
\pgffor@iter=\dimen157
\pgffor@skip=\dimen158
\pgffor@stack=\toks29
\pgffor@toks=\toks30
))
("C:\Program Files\MiKTeX 2.9\tex\generic\pgf\frontendlayer\tikz\tikz.code.tex"
Package: tikz 2015/08/07 v3.0.1a (rcs-revision 1.151)

("C:\Program Files\MiKTeX 2.9\tex\generic\pgf\libraries\pgflibraryplothandlers.
code.tex"
File: pgflibraryplothandlers.code.tex 2013/08/31 v3.0.1a (rcs-revision 1.20)
\pgf@plot@mark@count=\count112
\pgfplotmarksize=\dimen159
)
\tikz@lastx=\dimen160
\tikz@lasty=\dimen161
\tikz@lastxsaved=\dimen162
\tikz@lastysaved=\dimen163
\tikzleveldistance=\dimen164
\tikzsiblingdistance=\dimen165
\tikz@figbox=\box35
\tikz@figbox@bg=\box36
\tikz@tempbox=\box37
\tikz@tempbox@bg=\box38
\tikztreelevel=\count113
\tikznumberofchildren=\count114
\tikznumberofcurrentchild=\count115
\tikz@fig@count=\count116

("C:\Program Files\MiKTeX 2.9\tex\generic\pgf\modules\pgfmodulematrix.code.tex"
File: pgfmodulematrix.code.tex 2013/09/17  (rcs-revision 1.8)
\pgfmatrixcurrentrow=\count117
\pgfmatrixcurrentcolumn=\count118
\pgf@matrix@numberofcolumns=\count119
)
\tikz@expandcount=\count120

("C:\Program Files\MiKTeX 2.9\tex\generic\pgf\frontendlayer\tikz\libraries\tikz
librarytopaths.code.tex"
File: tikzlibrarytopaths.code.tex 2008/06/17 v3.0.1a (rcs-revision 1.2)
)))
("C:\Program Files\MiKTeX 2.9\tex\latex\tools\longtable.sty"
Package: longtable 2014/10/28 v4.11 Multi-page Table package (DPC)
\LTleft=\skip48
\LTright=\skip49
\LTpre=\skip50
\LTpost=\skip51
\LTchunksize=\count121
\LTcapwidth=\dimen166
\LT@head=\box39
\LT@firsthead=\box40
\LT@foot=\box41
\LT@lastfoot=\box42
\LT@cols=\count122
\LT@rows=\count123
\c@LT@tables=\count124
\c@LT@chunks=\count125
\LT@p@ftn=\toks31
)
("C:\Program Files\MiKTeX 2.9\tex\latex\tools\tabularx.sty"
Package: tabularx 2016/02/03 v2.11 `tabularx' package (DPC)
\TX@col@width=\dimen167
\TX@old@table=\dimen168
\TX@old@col=\dimen169
\TX@target=\dimen170
\TX@delta=\dimen171
\TX@cols=\count126
\TX@ftn=\toks32
)
("C:\Program Files\MiKTeX 2.9\tex\latex\sectsty\sectsty.sty"
Package: sectsty 2002/02/25 v2.0.2 Commands to change all sectional heading sty
les
)
("C:\Program Files\MiKTeX 2.9\tex\latex\fancyhdr\fancyhdr.sty"
Package: fancyhdr 2017/06/30 v3.9a Extensive control of page headers and footer
s
\f@nch@headwidth=\skip52
\f@nch@O@elh=\skip53
\f@nch@O@erh=\skip54
\f@nch@O@olh=\skip55
\f@nch@O@orh=\skip56
\f@nch@O@elf=\skip57
\f@nch@O@erf=\skip58
\f@nch@O@olf=\skip59
\f@nch@O@orf=\skip60
)
Runaway argument?
{ \normalsize \textsc {}\\[4.0cm] \Huge \textbf {\color {color_gold}\uppercase 
\ETC.
! Paragraph ended before \title was complete.
<to be read again> 
                   \par 
l.75 
     
I suspect you've forgotten a `}', causing me to apply this
control sequence to too much text. How can we recover?
My plan is to forget the whole thing and hope for the best.


! LaTeX Error: There's no line here to end.

See the LaTeX manual or LaTeX Companion for explanation.
Type  H <return>  for immediate help.
 ...                                              
                                                  
l.78 			}
         
Your command was ignored.
Type  I <command> <return>  to replace it with another command,
or  <return>  to continue without it.

! Too many }'s.
<recently read> }
                 
l.78 			}
         
You've closed more groups than you opened.
Such booboos are generally harmless, so keep going.


! LaTeX Error: There's no line here to end.

See the LaTeX manual or LaTeX Companion for explanation.
Type  H <return>  for immediate help.
 ...                                              
                                                  
l.81 			\\[0.5cm]
                 
Your command was ignored.
Type  I <command> <return>  to replace it with another command,
or  <return>  to continue without it.


! LaTeX Error: Missing \begin{document}.

See the LaTeX manual or LaTeX Companion for explanation.
Type  H <return>  for immediate help.
 ...                                              
                                                  
l.82 			\normalsize \today
                          									% Todays date
You're in trouble here.  Try typing  <return>  to proceed.
If that doesn't work, type  X <return>  to quit.

! Too many }'s.
l.83 		}
        
You've closed more groups than you opened.
Such booboos are generally harmless, so keep going.

(ProductPackage_Commodity.aux)
\openout1 = `ProductPackage_Commodity.aux'.

LaTeX Font Info:    Checking defaults for OML/cmm/m/it on input line 91.
LaTeX Font Info:    ... okay on input line 91.
LaTeX Font Info:    Checking defaults for T1/cmr/m/n on input line 91.
LaTeX Font Info:    ... okay on input line 91.
LaTeX Font Info:    Checking defaults for OT1/cmr/m/n on input line 91.
LaTeX Font Info:    ... okay on input line 91.
LaTeX Font Info:    Checking defaults for OMS/cmsy/m/n on input line 91.
LaTeX Font Info:    ... okay on input line 91.
LaTeX Font Info:    Checking defaults for OMX/cmex/m/n on input line 91.
LaTeX Font Info:    ... okay on input line 91.
LaTeX Font Info:    Checking defaults for U/cmr/m/n on input line 91.
LaTeX Font Info:    ... okay on input line 91.
LaTeX Font Info:    Checking defaults for PD1/pdf/m/n on input line 91.
LaTeX Font Info:    ... okay on input line 91.

("C:\Program Files\MiKTeX 2.9\tex\context\base\supp-pdf.mkii"
[Loading MPS to PDF converter (version 2006.09.02).]
\scratchcounter=\count127
\scratchdimen=\dimen172
\scratchbox=\box43
\nofMPsegments=\count128
\nofMParguments=\count129
\everyMPshowfont=\toks33
\MPscratchCnt=\count130
\MPscratchDim=\dimen173
\MPnumerator=\count131
\makeMPintoPDFobject=\count132
\everyMPtoPDFconversion=\toks34
) ("C:\Program Files\MiKTeX 2.9\tex\latex\oberdiek\epstopdf-base.sty"
Package: epstopdf-base 2016/05/15 v2.6 Base part for package epstopdf

("C:\Program Files\MiKTeX 2.9\tex\latex\oberdiek\grfext.sty"
Package: grfext 2016/05/16 v1.2 Manage graphics extensions (HO)
)
Package epstopdf-base Info: Redefining graphics rule for `.eps' on input line 4
38.
Package grfext Info: Graphics extension search list:
(grfext)             [.pdf,.png,.jpg,.eps]
(grfext)             \AppendGraphicsExtensions on input line 456.
)
*geometry* driver: auto-detecting
*geometry* detected driver: pdftex
*geometry* verbose mode - [ preamble ] result:
* driver: pdftex
* paper: <default>
* layout: <same size as paper>
* layoutoffset:(h,v)=(0.0pt,0.0pt)
* modes: 
* h-part:(L,W,R)=(28.45274pt, 528.93675pt, 56.9055pt)
* v-part:(T,H,B)=(85.35826pt, 652.70622pt, 56.9055pt)
* \paperwidth=614.295pt
* \paperheight=794.96999pt
* \textwidth=528.93675pt
* \textheight=652.70622pt
* \oddsidemargin=-43.81725pt
* \evensidemargin=-43.81725pt
* \topmargin=-23.91173pt
* \headheight=12.0pt
* \headsep=25.0pt
* \topskip=10.0pt
* \footskip=30.0pt
* \marginparwidth=65.0pt
* \marginparsep=11.0pt
* \columnsep=10.0pt
* \skip\footins=9.0pt plus 4.0pt minus 2.0pt
* \hoffset=0.0pt
* \voffset=0.0pt
* \mag=1000
* \@twocolumnfalse
* \@twosidefalse
* \@mparswitchfalse
* \@reversemarginfalse
* (1in=72.27pt=25.4mm, 1cm=28.453pt)

\AtBeginShipoutBox=\box44
Package hyperref Info: Link coloring OFF on input line 91.
("C:\Program Files\MiKTeX 2.9\tex\latex\hyperref\nameref.sty"
Package: nameref 2016/05/21 v2.44 Cross-referencing by name of section

("C:\Program Files\MiKTeX 2.9\tex\generic\oberdiek\gettitlestring.sty"
Package: gettitlestring 2016/05/16 v1.5 Cleanup title references (HO)
)
\c@section@level=\count133
)
LaTeX Info: Redefining \ref on input line 91.
LaTeX Info: Redefining \pageref on input line 91.
LaTeX Info: Redefining \nameref on input line 91.

(ProductPackage_Commodity.out) (ProductPackage_Commodity.out)
\@outlinefile=\write4
\openout4 = `ProductPackage_Commodity.out'.


ABD: EveryShipout initializing macros
<./Picture/titleheader.png, id=910, 862.422pt x 233.07076pt>
File: ./Picture/titleheader.png Graphic file (type png)
<use ./Picture/titleheader.png>
Package pdftex.def Info: ./Picture/titleheader.png  used on input line 99.
(pdftex.def)             Requested size: 614.295pt x 166.02194pt.


! LaTeX Error: No \title given.

See the LaTeX manual or LaTeX Companion for explanation.
Type  H <return>  for immediate help.
 ...                                              
                                                  
l.101 \printtitle
                 									% Print the title data as defined above
Try typing  <return>  to proceed.
If that doesn't work, type  X <return>  to quit.

[1

{C:/ProgramData/MiKTeX/2.9/pdftex/config/pdftex.map} <./Picture/titleheader.png
>] (ProductPackage_Commodity.toc
LaTeX Font Info:    External font `cmex10' loaded for size
(Font)              <7> on input line 2.
LaTeX Font Info:    External font `cmex10' loaded for size
(Font)              <5> on input line 2.

! Missing $ inserted.
<inserted text> 
                $
l.21 ...tor Model for CO_oil1}{28}{subsection.4.1}
                                                  
I've inserted a begin-math/end-math symbol since I think
you left one out. Proceed, with fingers crossed.

! Extra }, or forgotten $.
<argument> ...4.1}Single Factor Model for CO_oil1}
                                                  \hyper@linkend 
l.21 ...tor Model for CO_oil1}{28}{subsection.4.1}
                                                  
I've deleted a group-closing symbol because it seems to be
spurious, as in `$x}$'. But perhaps the } is legitimate and
you forgot something else, as in `\hbox{$x}'. In such cases
the way to recover is to insert both the forgotten and the
deleted material, e.g., by typing `I$}'.

! Missing $ inserted.
<inserted text> 
                $
l.21 ...tor Model for CO_oil1}{28}{subsection.4.1}
                                                  
I've inserted something that you may have forgotten.
(See the <inserted text> above.)
With luck, this will get me unwedged. But if you
really didn't forget anything, try typing `2' now; then
my insertion and my current dilemma will both disappear.

! Missing } inserted.
<inserted text> 
                }
l.21 ...tor Model for CO_oil1}{28}{subsection.4.1}
                                                  
I've inserted something that you may have forgotten.
(See the <inserted text> above.)
With luck, this will get me unwedged. But if you
really didn't forget anything, try typing `2' now; then
my insertion and my current dilemma will both disappear.

! Missing $ inserted.
<inserted text> 
                $
l.34 ...tor Model for CO_oil1}{41}{subsection.4.2}
                                                  
I've inserted a begin-math/end-math symbol since I think
you left one out. Proceed, with fingers crossed.

! Extra }, or forgotten $.
<argument> ...e {4.2}Two Factor Model for CO_oil1}
                                                  \hyper@linkend 
l.34 ...tor Model for CO_oil1}{41}{subsection.4.2}
                                                  
I've deleted a group-closing symbol because it seems to be
spurious, as in `$x}$'. But perhaps the } is legitimate and
you forgot something else, as in `\hbox{$x}'. In such cases
the way to recover is to insert both the forgotten and the
deleted material, e.g., by typing `I$}'.

! Missing $ inserted.
<inserted text> 
                $
l.34 ...tor Model for CO_oil1}{41}{subsection.4.2}
                                                  
I've inserted something that you may have forgotten.
(See the <inserted text> above.)
With luck, this will get me unwedged. But if you
really didn't forget anything, try typing `2' now; then
my insertion and my current dilemma will both disappear.

! Missing } inserted.
<inserted text> 
                }
l.34 ...tor Model for CO_oil1}{41}{subsection.4.2}
                                                  
I've inserted something that you may have forgotten.
(See the <inserted text> above.)
With luck, this will get me unwedged. But if you
really didn't forget anything, try typing `2' now; then
my insertion and my current dilemma will both disappear.

<./Picture/Logo.png, id=971, 380.55461pt x 137.46461pt>
File: ./Picture/Logo.png Graphic file (type png)
<use ./Picture/Logo.png>
Package pdftex.def Info: ./Picture/Logo.png  used on input line 52.
(pdftex.def)             Requested size: 56.9055pt x 20.55377pt.

Package Fancyhdr Warning: \headheight is too small (12.0pt): 
 Make it at least 20.39996pt.
 We now make it that large for the rest of the document.
 This may cause the page layout to be inconsistent, however.

[2 <./Picture/Logo.png>]
! Missing $ inserted.
<inserted text> 
                $
l.65 ...or Model for CO_oil2}{104}{subsection.4.3}
                                                  
I've inserted a begin-math/end-math symbol since I think
you left one out. Proceed, with fingers crossed.

! Extra }, or forgotten $.
<argument> ...4.3}Single Factor Model for CO_oil2}
                                                  \hyper@linkend 
l.65 ...or Model for CO_oil2}{104}{subsection.4.3}
                                                  
I've deleted a group-closing symbol because it seems to be
spurious, as in `$x}$'. But perhaps the } is legitimate and
you forgot something else, as in `\hbox{$x}'. In such cases
the way to recover is to insert both the forgotten and the
deleted material, e.g., by typing `I$}'.

! Missing $ inserted.
<inserted text> 
                $
l.65 ...or Model for CO_oil2}{104}{subsection.4.3}
                                                  
I've inserted something that you may have forgotten.
(See the <inserted text> above.)
With luck, this will get me unwedged. But if you
really didn't forget anything, try typing `2' now; then
my insertion and my current dilemma will both disappear.

! Missing } inserted.
<inserted text> 
                }
l.65 ...or Model for CO_oil2}{104}{subsection.4.3}
                                                  
I've inserted something that you may have forgotten.
(See the <inserted text> above.)
With luck, this will get me unwedged. But if you
really didn't forget anything, try typing `2' now; then
my insertion and my current dilemma will both disappear.

! Missing $ inserted.
<inserted text> 
                $
l.76 ...or Model for CO_oil2}{115}{subsection.4.4}
                                                  
I've inserted a begin-math/end-math symbol since I think
you left one out. Proceed, with fingers crossed.

! Extra }, or forgotten $.
<argument> ...e {4.4}Two Factor Model for CO_oil2}
                                                  \hyper@linkend 
l.76 ...or Model for CO_oil2}{115}{subsection.4.4}
                                                  
I've deleted a group-closing symbol because it seems to be
spurious, as in `$x}$'. But perhaps the } is legitimate and
you forgot something else, as in `\hbox{$x}'. In such cases
the way to recover is to insert both the forgotten and the
deleted material, e.g., by typing `I$}'.

! Missing $ inserted.
<inserted text> 
                $
l.76 ...or Model for CO_oil2}{115}{subsection.4.4}
                                                  
I've inserted something that you may have forgotten.
(See the <inserted text> above.)
With luck, this will get me unwedged. But if you
really didn't forget anything, try typing `2' now; then
my insertion and my current dilemma will both disappear.

! Missing } inserted.
<inserted text> 
                }
l.76 ...or Model for CO_oil2}{115}{subsection.4.4}
                                                  
I've inserted something that you may have forgotten.
(See the <inserted text> above.)
With luck, this will get me unwedged. But if you
really didn't forget anything, try typing `2' now; then
my insertion and my current dilemma will both disappear.

File: ./Picture/Logo.png Graphic file (type png)
<use ./Picture/Logo.png>
Package pdftex.def Info: ./Picture/Logo.png  used on input line 106.
(pdftex.def)             Requested size: 56.9055pt x 20.55377pt.
[3]
! Missing $ inserted.
<inserted text> 
                $
l.107 ...odel for CO_nat_gas}{178}{subsection.4.5}
                                                  
I've inserted a begin-math/end-math symbol since I think
you left one out. Proceed, with fingers crossed.

! Extra }, or forgotten $.
<argument> ...}Single Factor Model for CO_nat_gas}
                                                  \hyper@linkend 
l.107 ...odel for CO_nat_gas}{178}{subsection.4.5}
                                                  
I've deleted a group-closing symbol because it seems to be
spurious, as in `$x}$'. But perhaps the } is legitimate and
you forgot something else, as in `\hbox{$x}'. In such cases
the way to recover is to insert both the forgotten and the
deleted material, e.g., by typing `I$}'.

! Missing $ inserted.
<inserted text> 
                $
l.107 ...odel for CO_nat_gas}{178}{subsection.4.5}
                                                  
I've inserted something that you may have forgotten.
(See the <inserted text> above.)
With luck, this will get me unwedged. But if you
really didn't forget anything, try typing `2' now; then
my insertion and my current dilemma will both disappear.

! Missing } inserted.
<inserted text> 
                }
l.107 ...odel for CO_nat_gas}{178}{subsection.4.5}
                                                  
I've inserted something that you may have forgotten.
(See the <inserted text> above.)
With luck, this will get me unwedged. But if you
really didn't forget anything, try typing `2' now; then
my insertion and my current dilemma will both disappear.

! Missing $ inserted.
<inserted text> 
                $
l.111 ...odel for CO_nat_gas}{182}{subsection.4.6}
                                                  
I've inserted a begin-math/end-math symbol since I think
you left one out. Proceed, with fingers crossed.

! Extra }, or forgotten $.
<argument> ...4.6}Two Factor Model for CO_nat_gas}
                                                  \hyper@linkend 
l.111 ...odel for CO_nat_gas}{182}{subsection.4.6}
                                                  
I've deleted a group-closing symbol because it seems to be
spurious, as in `$x}$'. But perhaps the } is legitimate and
you forgot something else, as in `\hbox{$x}'. In such cases
the way to recover is to insert both the forgotten and the
deleted material, e.g., by typing `I$}'.

! Missing $ inserted.
<inserted text> 
                $
l.111 ...odel for CO_nat_gas}{182}{subsection.4.6}
                                                  
I've inserted something that you may have forgotten.
(See the <inserted text> above.)
With luck, this will get me unwedged. But if you
really didn't forget anything, try typing `2' now; then
my insertion and my current dilemma will both disappear.

! Missing } inserted.
<inserted text> 
                }
l.111 ...odel for CO_nat_gas}{182}{subsection.4.6}
                                                  
I've inserted something that you may have forgotten.
(See the <inserted text> above.)
With luck, this will get me unwedged. But if you
really didn't forget anything, try typing `2' now; then
my insertion and my current dilemma will both disappear.

! Missing $ inserted.
<inserted text> 
                $
l.142 ...del for CO_gasoline}{245}{subsection.4.7}
                                                  
I've inserted a begin-math/end-math symbol since I think
you left one out. Proceed, with fingers crossed.

! Extra }, or forgotten $.
<argument> ...Single Factor Model for CO_gasoline}
                                                  \hyper@linkend 
l.142 ...del for CO_gasoline}{245}{subsection.4.7}
                                                  
I've deleted a group-closing symbol because it seems to be
spurious, as in `$x}$'. But perhaps the } is legitimate and
you forgot something else, as in `\hbox{$x}'. In such cases
the way to recover is to insert both the forgotten and the
deleted material, e.g., by typing `I$}'.

! Missing $ inserted.
<inserted text> 
                $
l.142 ...del for CO_gasoline}{245}{subsection.4.7}
                                                  
I've inserted something that you may have forgotten.
(See the <inserted text> above.)
With luck, this will get me unwedged. But if you
really didn't forget anything, try typing `2' now; then
my insertion and my current dilemma will both disappear.

! Missing } inserted.
<inserted text> 
                }
l.142 ...del for CO_gasoline}{245}{subsection.4.7}
                                                  
I've inserted something that you may have forgotten.
(See the <inserted text> above.)
With luck, this will get me unwedged. But if you
really didn't forget anything, try typing `2' now; then
my insertion and my current dilemma will both disappear.

! Missing $ inserted.
<inserted text> 
                $
l.151 ...del for CO_gasoline}{254}{subsection.4.8}
                                                  
I've inserted a begin-math/end-math symbol since I think
you left one out. Proceed, with fingers crossed.

! Extra }, or forgotten $.
<argument> ....8}Two Factor Model for CO_gasoline}
                                                  \hyper@linkend 
l.151 ...del for CO_gasoline}{254}{subsection.4.8}
                                                  
I've deleted a group-closing symbol because it seems to be
spurious, as in `$x}$'. But perhaps the } is legitimate and
you forgot something else, as in `\hbox{$x}'. In such cases
the way to recover is to insert both the forgotten and the
deleted material, e.g., by typing `I$}'.

! Missing $ inserted.
<inserted text> 
                $
l.151 ...del for CO_gasoline}{254}{subsection.4.8}
                                                  
I've inserted something that you may have forgotten.
(See the <inserted text> above.)
With luck, this will get me unwedged. But if you
really didn't forget anything, try typing `2' now; then
my insertion and my current dilemma will both disappear.

! Missing } inserted.
<inserted text> 
                }
l.151 ...del for CO_gasoline}{254}{subsection.4.8}
                                                  
I've inserted something that you may have forgotten.
(See the <inserted text> above.)
With luck, this will get me unwedged. But if you
really didn't forget anything, try typing `2' now; then
my insertion and my current dilemma will both disappear.

File: ./Picture/Logo.png Graphic file (type png)
<use ./Picture/Logo.png>
Package pdftex.def Info: ./Picture/Logo.png  used on input line 160.
(pdftex.def)             Requested size: 56.9055pt x 20.55377pt.
[4]
! Missing $ inserted.
<inserted text> 
                $
l.182 ...r Model for CO_gold}{317}{subsection.4.9}
                                                  
I've inserted a begin-math/end-math symbol since I think
you left one out. Proceed, with fingers crossed.

! Extra }, or forgotten $.
<argument> ...4.9}Single Factor Model for CO_gold}
                                                  \hyper@linkend 
l.182 ...r Model for CO_gold}{317}{subsection.4.9}
                                                  
I've deleted a group-closing symbol because it seems to be
spurious, as in `$x}$'. But perhaps the } is legitimate and
you forgot something else, as in `\hbox{$x}'. In such cases
the way to recover is to insert both the forgotten and the
deleted material, e.g., by typing `I$}'.

! Missing $ inserted.
<inserted text> 
                $
l.182 ...r Model for CO_gold}{317}{subsection.4.9}
                                                  
I've inserted something that you may have forgotten.
(See the <inserted text> above.)
With luck, this will get me unwedged. But if you
really didn't forget anything, try typing `2' now; then
my insertion and my current dilemma will both disappear.

! Missing } inserted.
<inserted text> 
                }
l.182 ...r Model for CO_gold}{317}{subsection.4.9}
                                                  
I've inserted something that you may have forgotten.
(See the <inserted text> above.)
With luck, this will get me unwedged. But if you
really didn't forget anything, try typing `2' now; then
my insertion and my current dilemma will both disappear.

! Missing $ inserted.
<inserted text> 
                $
l.189 ... Model for CO_gold}{324}{subsection.4.10}
                                                  
I've inserted a begin-math/end-math symbol since I think
you left one out. Proceed, with fingers crossed.

! Extra }, or forgotten $.
<argument> ... {4.10}Two Factor Model for CO_gold}
                                                  \hyper@linkend 
l.189 ... Model for CO_gold}{324}{subsection.4.10}
                                                  
I've deleted a group-closing symbol because it seems to be
spurious, as in `$x}$'. But perhaps the } is legitimate and
you forgot something else, as in `\hbox{$x}'. In such cases
the way to recover is to insert both the forgotten and the
deleted material, e.g., by typing `I$}'.

! Missing $ inserted.
<inserted text> 
                $
l.189 ... Model for CO_gold}{324}{subsection.4.10}
                                                  
I've inserted something that you may have forgotten.
(See the <inserted text> above.)
With luck, this will get me unwedged. But if you
really didn't forget anything, try typing `2' now; then
my insertion and my current dilemma will both disappear.

! Missing } inserted.
<inserted text> 
                }
l.189 ... Model for CO_gold}{324}{subsection.4.10}
                                                  
I've inserted something that you may have forgotten.
(See the <inserted text> above.)
With luck, this will get me unwedged. But if you
really didn't forget anything, try typing `2' now; then
my insertion and my current dilemma will both disappear.

File: ./Picture/Logo.png Graphic file (type png)
<use ./Picture/Logo.png>
Package pdftex.def Info: ./Picture/Logo.png  used on input line 214.
(pdftex.def)             Requested size: 56.9055pt x 20.55377pt.
[5]
! Missing $ inserted.
<inserted text> 
                $
l.220 ...odel for CO_silver}{387}{subsection.4.11}
                                                  
I've inserted a begin-math/end-math symbol since I think
you left one out. Proceed, with fingers crossed.

! Extra }, or forgotten $.
<argument> ...1}Single Factor Model for CO_silver}
                                                  \hyper@linkend 
l.220 ...odel for CO_silver}{387}{subsection.4.11}
                                                  
I've deleted a group-closing symbol because it seems to be
spurious, as in `$x}$'. But perhaps the } is legitimate and
you forgot something else, as in `\hbox{$x}'. In such cases
the way to recover is to insert both the forgotten and the
deleted material, e.g., by typing `I$}'.

! Missing $ inserted.
<inserted text> 
                $
l.220 ...odel for CO_silver}{387}{subsection.4.11}
                                                  
I've inserted something that you may have forgotten.
(See the <inserted text> above.)
With luck, this will get me unwedged. But if you
really didn't forget anything, try typing `2' now; then
my insertion and my current dilemma will both disappear.

! Missing } inserted.
<inserted text> 
                }
l.220 ...odel for CO_silver}{387}{subsection.4.11}
                                                  
I've inserted something that you may have forgotten.
(See the <inserted text> above.)
With luck, this will get me unwedged. But if you
really didn't forget anything, try typing `2' now; then
my insertion and my current dilemma will both disappear.

! Missing $ inserted.
<inserted text> 
                $
l.223 ...odel for CO_silver}{390}{subsection.4.12}
                                                  
I've inserted a begin-math/end-math symbol since I think
you left one out. Proceed, with fingers crossed.

! Extra }, or forgotten $.
<argument> ...4.12}Two Factor Model for CO_silver}
                                                  \hyper@linkend 
l.223 ...odel for CO_silver}{390}{subsection.4.12}
                                                  
I've deleted a group-closing symbol because it seems to be
spurious, as in `$x}$'. But perhaps the } is legitimate and
you forgot something else, as in `\hbox{$x}'. In such cases
the way to recover is to insert both the forgotten and the
deleted material, e.g., by typing `I$}'.

! Missing $ inserted.
<inserted text> 
                $
l.223 ...odel for CO_silver}{390}{subsection.4.12}
                                                  
I've inserted something that you may have forgotten.
(See the <inserted text> above.)
With luck, this will get me unwedged. But if you
really didn't forget anything, try typing `2' now; then
my insertion and my current dilemma will both disappear.

! Missing } inserted.
<inserted text> 
                }
l.223 ...odel for CO_silver}{390}{subsection.4.12}
                                                  
I've inserted something that you may have forgotten.
(See the <inserted text> above.)
With luck, this will get me unwedged. But if you
really didn't forget anything, try typing `2' now; then
my insertion and my current dilemma will both disappear.

! Missing $ inserted.
<inserted text> 
                $
l.224 ...odel for CO_grains}{393}{subsection.4.13}
                                                  
I've inserted a begin-math/end-math symbol since I think
you left one out. Proceed, with fingers crossed.

! Extra }, or forgotten $.
<argument> ...3}Single Factor Model for CO_grains}
                                                  \hyper@linkend 
l.224 ...odel for CO_grains}{393}{subsection.4.13}
                                                  
I've deleted a group-closing symbol because it seems to be
spurious, as in `$x}$'. But perhaps the } is legitimate and
you forgot something else, as in `\hbox{$x}'. In such cases
the way to recover is to insert both the forgotten and the
deleted material, e.g., by typing `I$}'.

! Missing $ inserted.
<inserted text> 
                $
l.224 ...odel for CO_grains}{393}{subsection.4.13}
                                                  
I've inserted something that you may have forgotten.
(See the <inserted text> above.)
With luck, this will get me unwedged. But if you
really didn't forget anything, try typing `2' now; then
my insertion and my current dilemma will both disappear.

! Missing } inserted.
<inserted text> 
                }
l.224 ...odel for CO_grains}{393}{subsection.4.13}
                                                  
I've inserted something that you may have forgotten.
(See the <inserted text> above.)
With luck, this will get me unwedged. But if you
really didn't forget anything, try typing `2' now; then
my insertion and my current dilemma will both disappear.

! Missing $ inserted.
<inserted text> 
                $
l.226 ...odel for CO_grains}{395}{subsection.4.14}
                                                  
I've inserted a begin-math/end-math symbol since I think
you left one out. Proceed, with fingers crossed.

! Extra }, or forgotten $.
<argument> ...4.14}Two Factor Model for CO_grains}
                                                  \hyper@linkend 
l.226 ...odel for CO_grains}{395}{subsection.4.14}
                                                  
I've deleted a group-closing symbol because it seems to be
spurious, as in `$x}$'. But perhaps the } is legitimate and
you forgot something else, as in `\hbox{$x}'. In such cases
the way to recover is to insert both the forgotten and the
deleted material, e.g., by typing `I$}'.

! Missing $ inserted.
<inserted text> 
                $
l.226 ...odel for CO_grains}{395}{subsection.4.14}
                                                  
I've inserted something that you may have forgotten.
(See the <inserted text> above.)
With luck, this will get me unwedged. But if you
really didn't forget anything, try typing `2' now; then
my insertion and my current dilemma will both disappear.

! Missing } inserted.
<inserted text> 
                }
l.226 ...odel for CO_grains}{395}{subsection.4.14}
                                                  
I've inserted something that you may have forgotten.
(See the <inserted text> above.)
With luck, this will get me unwedged. But if you
really didn't forget anything, try typing `2' now; then
my insertion and my current dilemma will both disappear.

)
\tf@toc=\write5
\openout5 = `ProductPackage_Commodity.toc'.

 [6] (ACParameters/Commodity.tex) (ACParameters/Commodity_mapping.tex)
File: ./Picture/Logo.png Graphic file (type png)
<use ./Picture/Logo.png>
Package pdftex.def Info: ./Picture/Logo.png  used on input line 454.
(pdftex.def)             Requested size: 56.9055pt x 20.55377pt.

[7

]
LaTeX Font Info:    External font `cmex10' loaded for size
(Font)              <12> on input line 454.
LaTeX Font Info:    External font `cmex10' loaded for size
(Font)              <8> on input line 454.
LaTeX Font Info:    External font `cmex10' loaded for size
(Font)              <6> on input line 454.


Package hyperref Warning: Token not allowed in a PDF string (PDFDocEncoding):
(hyperref)                removing `math shift' on input line 454.


Package hyperref Warning: Token not allowed in a PDF string (PDFDocEncoding):
(hyperref)                removing `subscript' on input line 454.


Package hyperref Warning: Token not allowed in a PDF string (PDFDocEncoding):
(hyperref)                removing `math shift' on input line 454.


! LaTeX Error: There's no line here to end.

See the LaTeX manual or LaTeX Companion for explanation.
Type  H <return>  for immediate help.
 ...                                              
                                                  
l.454 
      
Your command was ignored.
Type  I <command> <return>  to replace it with another command,
or  <return>  to continue without it.

! Missing $ inserted.
<inserted text> 
                $
l.454 
      
I've inserted a begin-math/end-math symbol since I think
you left one out. Proceed, with fingers crossed.

! Undefined control sequence.
\pgffor@body ... . Prior Version is \PriorVersion 
                                                  . \par \begin {tabularx}{\...
l.454 
      
The control sequence at the end of the top line
of your error message was never \def'ed. If you have
misspelled it (e.g., `\hobx'), type `I' and the correct
spelling (e.g., `I\hbox'). Otherwise just continue,
and I'll forget about whatever was undefined.

! Missing $ inserted.
<inserted text> 
                $
l.454 
      
I've inserted a begin-math/end-math symbol since I think
you left one out. Proceed, with fingers crossed.

File: C:/Users/huang/workspace/MASG/Output_FI/2020_02_09_10_28_30_AM/CurveInfo/
CO_oil1_daily.png Graphic file (type png)
<use C:/Users/huang/workspace/MASG/Output_FI/2020_02_09_10_28_30_AM/CurveInfo/C
O_oil1_daily.png>
Package pdftex.def Info: C:/Users/huang/workspace/MASG/Output_FI/2020_02_09_10_
28_30_AM/CurveInfo/CO_oil1_daily.png  used on input line 454.
(pdftex.def)             Requested size: 264.46837pt x 176.31746pt.

Underfull \hbox (badness 10000) in alignment at lines 454--454
[][] 
 []


Overfull \hbox (15.0pt too wide) in paragraph at lines 454--454
[][]
 []


Underfull \hbox (badness 10000) in paragraph at lines 454--454

 []

File: ./Picture/Logo.png Graphic file (type png)
<use ./Picture/Logo.png>
Package pdftex.def Info: ./Picture/Logo.png  used on input line 454.
(pdftex.def)             Requested size: 56.9055pt x 20.55377pt.
[8

 <C:/Users/huang/workspace/MASG/Output_FI/2020_02_09_10_28_30_AM/CurveInfo/CO_o
il1_daily.png>]

Package hyperref Warning: Token not allowed in a PDF string (PDFDocEncoding):
(hyperref)                removing `math shift' on input line 454.


Package hyperref Warning: Token not allowed in a PDF string (PDFDocEncoding):
(hyperref)                removing `subscript' on input line 454.


Package hyperref Warning: Token not allowed in a PDF string (PDFDocEncoding):
(hyperref)                removing `math shift' on input line 454.


! LaTeX Error: There's no line here to end.

See the LaTeX manual or LaTeX Companion for explanation.
Type  H <return>  for immediate help.
 ...                                              
                                                  
l.454 
      
Your command was ignored.
Type  I <command> <return>  to replace it with another command,
or  <return>  to continue without it.

! Missing $ inserted.
<inserted text> 
                $
l.454 
      
I've inserted a begin-math/end-math symbol since I think
you left one out. Proceed, with fingers crossed.

! Undefined control sequence.
\pgffor@body ... . Prior Version is \PriorVersion 
                                                  . \par \begin {tabularx}{\...
l.454 
      
The control sequence at the end of the top line
of your error message was never \def'ed. If you have
misspelled it (e.g., `\hobx'), type `I' and the correct
spelling (e.g., `I\hbox'). Otherwise just continue,
and I'll forget about whatever was undefined.

! Missing $ inserted.
<inserted text> 
                $
l.454 
      
I've inserted a begin-math/end-math symbol since I think
you left one out. Proceed, with fingers crossed.

File: C:/Users/huang/workspace/MASG/Output_FI/2020_02_09_10_28_30_AM/CurveInfo/
CO_oil2_daily.png Graphic file (type png)
<use C:/Users/huang/workspace/MASG/Output_FI/2020_02_09_10_28_30_AM/CurveInfo/C
O_oil2_daily.png>
Package pdftex.def Info: C:/Users/huang/workspace/MASG/Output_FI/2020_02_09_10_
28_30_AM/CurveInfo/CO_oil2_daily.png  used on input line 454.
(pdftex.def)             Requested size: 264.46837pt x 176.31746pt.

Underfull \hbox (badness 10000) in alignment at lines 454--454
[][] 
 []


Overfull \hbox (15.0pt too wide) in paragraph at lines 454--454
[][]
 []


Underfull \hbox (badness 10000) in paragraph at lines 454--454

 []

File: ./Picture/Logo.png Graphic file (type png)
<use ./Picture/Logo.png>
Package pdftex.def Info: ./Picture/Logo.png  used on input line 454.
(pdftex.def)             Requested size: 56.9055pt x 20.55377pt.
[9 <C:/Users/huang/workspace/MASG/Output_FI/2020_02_09_10_28_30_AM/CurveInfo/CO
_oil2_daily.png>]

Package hyperref Warning: Token not allowed in a PDF string (PDFDocEncoding):
(hyperref)                removing `math shift' on input line 454.


Package hyperref Warning: Token not allowed in a PDF string (PDFDocEncoding):
(hyperref)                removing `subscript' on input line 454.


Package hyperref Warning: Token not allowed in a PDF string (PDFDocEncoding):
(hyperref)                removing `subscript' on input line 454.


Package hyperref Warning: Token not allowed in a PDF string (PDFDocEncoding):
(hyperref)                removing `math shift' on input line 454.


! LaTeX Error: There's no line here to end.

See the LaTeX manual or LaTeX Companion for explanation.
Type  H <return>  for immediate help.
 ...                                              
                                                  
l.454 
      
Your command was ignored.
Type  I <command> <return>  to replace it with another command,
or  <return>  to continue without it.

! Missing $ inserted.
<inserted text> 
                $
l.454 
      
I've inserted a begin-math/end-math symbol since I think
you left one out. Proceed, with fingers crossed.

! Undefined control sequence.
\pgffor@body ... . Prior Version is \PriorVersion 
                                                  . \par \begin {tabularx}{\...
l.454 
      
The control sequence at the end of the top line
of your error message was never \def'ed. If you have
misspelled it (e.g., `\hobx'), type `I' and the correct
spelling (e.g., `I\hbox'). Otherwise just continue,
and I'll forget about whatever was undefined.

! Missing $ inserted.
<inserted text> 
                $
l.454 
      
I've inserted a begin-math/end-math symbol since I think
you left one out. Proceed, with fingers crossed.

File: C:/Users/huang/workspace/MASG/Output_FI/2020_02_09_10_28_30_AM/CurveInfo/
CO_nat_gas_daily.png Graphic file (type png)
<use C:/Users/huang/workspace/MASG/Output_FI/2020_02_09_10_28_30_AM/CurveInfo/C
O_nat_gas_daily.png>
Package pdftex.def Info: C:/Users/huang/workspace/MASG/Output_FI/2020_02_09_10_
28_30_AM/CurveInfo/CO_nat_gas_daily.png  used on input line 454.
(pdftex.def)             Requested size: 264.46837pt x 176.31746pt.

Underfull \hbox (badness 10000) in alignment at lines 454--454
[][] 
 []


Overfull \hbox (15.0pt too wide) in paragraph at lines 454--454
[][]
 []


Underfull \hbox (badness 10000) in paragraph at lines 454--454

 []

File: ./Picture/Logo.png Graphic file (type png)
<use ./Picture/Logo.png>
Package pdftex.def Info: ./Picture/Logo.png  used on input line 454.
(pdftex.def)             Requested size: 56.9055pt x 20.55377pt.
[10 <C:/Users/huang/workspace/MASG/Output_FI/2020_02_09_10_28_30_AM/CurveInfo/C
O_nat_gas_daily.png>]

Package hyperref Warning: Token not allowed in a PDF string (PDFDocEncoding):
(hyperref)                removing `math shift' on input line 454.


Package hyperref Warning: Token not allowed in a PDF string (PDFDocEncoding):
(hyperref)                removing `subscript' on input line 454.


Package hyperref Warning: Token not allowed in a PDF string (PDFDocEncoding):
(hyperref)                removing `math shift' on input line 454.


! LaTeX Error: There's no line here to end.

See the LaTeX manual or LaTeX Companion for explanation.
Type  H <return>  for immediate help.
 ...                                              
                                                  
l.454 
      
Your command was ignored.
Type  I <command> <return>  to replace it with another command,
or  <return>  to continue without it.

! Missing $ inserted.
<inserted text> 
                $
l.454 
      
I've inserted a begin-math/end-math symbol since I think
you left one out. Proceed, with fingers crossed.

! Undefined control sequence.
\pgffor@body ... . Prior Version is \PriorVersion 
                                                  . \par \begin {tabularx}{\...
l.454 
      
The control sequence at the end of the top line
of your error message was never \def'ed. If you have
misspelled it (e.g., `\hobx'), type `I' and the correct
spelling (e.g., `I\hbox'). Otherwise just continue,
and I'll forget about whatever was undefined.

! Missing $ inserted.
<inserted text> 
                $
l.454 
      
I've inserted a begin-math/end-math symbol since I think
you left one out. Proceed, with fingers crossed.

File: C:/Users/huang/workspace/MASG/Output_FI/2020_02_09_10_28_30_AM/CurveInfo/
CO_gasoline_daily.png Graphic file (type png)
<use C:/Users/huang/workspace/MASG/Output_FI/2020_02_09_10_28_30_AM/CurveInfo/C
O_gasoline_daily.png>
Package pdftex.def Info: C:/Users/huang/workspace/MASG/Output_FI/2020_02_09_10_
28_30_AM/CurveInfo/CO_gasoline_daily.png  used on input line 454.
(pdftex.def)             Requested size: 264.46837pt x 176.31746pt.

Underfull \hbox (badness 10000) in alignment at lines 454--454
[][] 
 []


Overfull \hbox (15.0pt too wide) in paragraph at lines 454--454
[][]
 []


Underfull \hbox (badness 10000) in paragraph at lines 454--454

 []

File: ./Picture/Logo.png Graphic file (type png)
<use ./Picture/Logo.png>
Package pdftex.def Info: ./Picture/Logo.png  used on input line 454.
(pdftex.def)             Requested size: 56.9055pt x 20.55377pt.
[11 <C:/Users/huang/workspace/MASG/Output_FI/2020_02_09_10_28_30_AM/CurveInfo/C
O_gasoline_daily.png>]

Package hyperref Warning: Token not allowed in a PDF string (PDFDocEncoding):
(hyperref)                removing `math shift' on input line 454.


Package hyperref Warning: Token not allowed in a PDF string (PDFDocEncoding):
(hyperref)                removing `subscript' on input line 454.


Package hyperref Warning: Token not allowed in a PDF string (PDFDocEncoding):
(hyperref)                removing `math shift' on input line 454.


! LaTeX Error: There's no line here to end.

See the LaTeX manual or LaTeX Companion for explanation.
Type  H <return>  for immediate help.
 ...                                              
                                                  
l.454 
      
Your command was ignored.
Type  I <command> <return>  to replace it with another command,
or  <return>  to continue without it.

! Missing $ inserted.
<inserted text> 
                $
l.454 
      
I've inserted a begin-math/end-math symbol since I think
you left one out. Proceed, with fingers crossed.

! Undefined control sequence.
\pgffor@body ... . Prior Version is \PriorVersion 
                                                  . \par \begin {tabularx}{\...
l.454 
      
The control sequence at the end of the top line
of your error message was never \def'ed. If you have
misspelled it (e.g., `\hobx'), type `I' and the correct
spelling (e.g., `I\hbox'). Otherwise just continue,
and I'll forget about whatever was undefined.

! Missing $ inserted.
<inserted text> 
                $
l.454 
      
I've inserted a begin-math/end-math symbol since I think
you left one out. Proceed, with fingers crossed.

File: C:/Users/huang/workspace/MASG/Output_FI/2020_02_09_10_28_30_AM/CurveInfo/
CO_gold_daily.png Graphic file (type png)
<use C:/Users/huang/workspace/MASG/Output_FI/2020_02_09_10_28_30_AM/CurveInfo/C
O_gold_daily.png>
Package pdftex.def Info: C:/Users/huang/workspace/MASG/Output_FI/2020_02_09_10_
28_30_AM/CurveInfo/CO_gold_daily.png  used on input line 454.
(pdftex.def)             Requested size: 264.46837pt x 176.31746pt.

Underfull \hbox (badness 10000) in alignment at lines 454--454
[][] 
 []


Overfull \hbox (15.0pt too wide) in paragraph at lines 454--454
[][]
 []


Underfull \hbox (badness 10000) in paragraph at lines 454--454

 []

File: ./Picture/Logo.png Graphic file (type png)
<use ./Picture/Logo.png>
Package pdftex.def Info: ./Picture/Logo.png  used on input line 454.
(pdftex.def)             Requested size: 56.9055pt x 20.55377pt.
[12 <C:/Users/huang/workspace/MASG/Output_FI/2020_02_09_10_28_30_AM/CurveInfo/C
O_gold_daily.png>]

Package hyperref Warning: Token not allowed in a PDF string (PDFDocEncoding):
(hyperref)                removing `math shift' on input line 454.


Package hyperref Warning: Token not allowed in a PDF string (PDFDocEncoding):
(hyperref)                removing `subscript' on input line 454.


Package hyperref Warning: Token not allowed in a PDF string (PDFDocEncoding):
(hyperref)                removing `math shift' on input line 454.


! LaTeX Error: There's no line here to end.

See the LaTeX manual or LaTeX Companion for explanation.
Type  H <return>  for immediate help.
 ...                                              
                                                  
l.454 
      
Your command was ignored.
Type  I <command> <return>  to replace it with another command,
or  <return>  to continue without it.

! Missing $ inserted.
<inserted text> 
                $
l.454 
      
I've inserted a begin-math/end-math symbol since I think
you left one out. Proceed, with fingers crossed.

! Undefined control sequence.
\pgffor@body ... . Prior Version is \PriorVersion 
                                                  . \par \begin {tabularx}{\...
l.454 
      
The control sequence at the end of the top line
of your error message was never \def'ed. If you have
misspelled it (e.g., `\hobx'), type `I' and the correct
spelling (e.g., `I\hbox'). Otherwise just continue,
and I'll forget about whatever was undefined.

! Missing $ inserted.
<inserted text> 
                $
l.454 
      
I've inserted a begin-math/end-math symbol since I think
you left one out. Proceed, with fingers crossed.

File: C:/Users/huang/workspace/MASG/Output_FI/2020_02_09_10_28_30_AM/CurveInfo/
CO_silver_daily.png Graphic file (type png)
<use C:/Users/huang/workspace/MASG/Output_FI/2020_02_09_10_28_30_AM/CurveInfo/C
O_silver_daily.png>
Package pdftex.def Info: C:/Users/huang/workspace/MASG/Output_FI/2020_02_09_10_
28_30_AM/CurveInfo/CO_silver_daily.png  used on input line 454.
(pdftex.def)             Requested size: 264.46837pt x 176.31746pt.

Underfull \hbox (badness 10000) in alignment at lines 454--454
[][] 
 []


Overfull \hbox (15.0pt too wide) in paragraph at lines 454--454
[][]
 []


Underfull \hbox (badness 10000) in paragraph at lines 454--454

 []

File: ./Picture/Logo.png Graphic file (type png)
<use ./Picture/Logo.png>
Package pdftex.def Info: ./Picture/Logo.png  used on input line 454.
(pdftex.def)             Requested size: 56.9055pt x 20.55377pt.
[13 <C:/Users/huang/workspace/MASG/Output_FI/2020_02_09_10_28_30_AM/CurveInfo/C
O_silver_daily.png>]

Package hyperref Warning: Token not allowed in a PDF string (PDFDocEncoding):
(hyperref)                removing `math shift' on input line 454.


Package hyperref Warning: Token not allowed in a PDF string (PDFDocEncoding):
(hyperref)                removing `subscript' on input line 454.


Package hyperref Warning: Token not allowed in a PDF string (PDFDocEncoding):
(hyperref)                removing `math shift' on input line 454.


! LaTeX Error: There's no line here to end.

See the LaTeX manual or LaTeX Companion for explanation.
Type  H <return>  for immediate help.
 ...                                              
                                                  
l.454 
      
Your command was ignored.
Type  I <command> <return>  to replace it with another command,
or  <return>  to continue without it.

! Missing $ inserted.
<inserted text> 
                $
l.454 
      
I've inserted a begin-math/end-math symbol since I think
you left one out. Proceed, with fingers crossed.

! Undefined control sequence.
\pgffor@body ... . Prior Version is \PriorVersion 
                                                  . \par \begin {tabularx}{\...
l.454 
      
The control sequence at the end of the top line
of your error message was never \def'ed. If you have
misspelled it (e.g., `\hobx'), type `I' and the correct
spelling (e.g., `I\hbox'). Otherwise just continue,
and I'll forget about whatever was undefined.

! Missing $ inserted.
<inserted text> 
                $
l.454 
      
I've inserted a begin-math/end-math symbol since I think
you left one out. Proceed, with fingers crossed.

File: C:/Users/huang/workspace/MASG/Output_FI/2020_02_09_10_28_30_AM/CurveInfo/
CO_grains_daily.png Graphic file (type png)
<use C:/Users/huang/workspace/MASG/Output_FI/2020_02_09_10_28_30_AM/CurveInfo/C
O_grains_daily.png>
Package pdftex.def Info: C:/Users/huang/workspace/MASG/Output_FI/2020_02_09_10_
28_30_AM/CurveInfo/CO_grains_daily.png  used on input line 454.
(pdftex.def)             Requested size: 264.46837pt x 176.31746pt.

Underfull \hbox (badness 10000) in alignment at lines 454--454
[][] 
 []


Overfull \hbox (15.0pt too wide) in paragraph at lines 454--454
[][]
 []


Underfull \hbox (badness 10000) in paragraph at lines 454--454

 []

File: ./Picture/Logo.png Graphic file (type png)
<use ./Picture/Logo.png>
Package pdftex.def Info: ./Picture/Logo.png  used on input line 454.
(pdftex.def)             Requested size: 56.9055pt x 20.55377pt.
[14 <C:/Users/huang/workspace/MASG/Output_FI/2020_02_09_10_28_30_AM/CurveInfo/C
O_grains_daily.png>]
(C:/Users/huang/workspace/MASG/Output_FI/2020_02_09_10_28_30_AM/ClusterAnalysis
/AssetClassAll.tex

! LaTeX Error: Command \ASSETCLASS already defined.
               Or name \end... illegal, see p.192 of the manual.

See the LaTeX manual or LaTeX Companion for explanation.
Type  H <return>  for immediate help.
 ...                                              
                                                  
l.1 ...nd\ASSETCLASS{FixedIncome,Equity,Commodity}
                                                  
Your command was ignored.
Type  I <command> <return>  to replace it with another command,
or  <return>  to continue without it.

)

Package hyperref Warning: Token not allowed in a PDF string (PDFDocEncoding):
(hyperref)                removing `math shift' on input line 454.


Package hyperref Warning: Token not allowed in a PDF string (PDFDocEncoding):
(hyperref)                removing `math shift' on input line 454.

File: C:/Users/huang/workspace/MASG/Output_FI/2020_02_09_10_28_30_AM/ClusterAna
lysis/clustering_result-Commodity-trend.png Graphic file (type png)
<use C:/Users/huang/workspace/MASG/Output_FI/2020_02_09_10_28_30_AM/ClusterAnal
ysis/clustering_result-Commodity-trend.png>
Package pdftex.def Info: C:/Users/huang/workspace/MASG/Output_FI/2020_02_09_10_
28_30_AM/ClusterAnalysis/clustering_result-Commodity-trend.png  used on input l
ine 454.
(pdftex.def)             Requested size: 264.46837pt x 198.35715pt.
File: C:/Users/huang/workspace/MASG/Output_FI/2020_02_09_10_28_30_AM/ClusterAna
lysis/clustering_result-Commodity-heatmap.png Graphic file (type png)
<use C:/Users/huang/workspace/MASG/Output_FI/2020_02_09_10_28_30_AM/ClusterAnal
ysis/clustering_result-Commodity-heatmap.png>
Package pdftex.def Info: C:/Users/huang/workspace/MASG/Output_FI/2020_02_09_10_
28_30_AM/ClusterAnalysis/clustering_result-Commodity-heatmap.png  used on input
 line 454.
(pdftex.def)             Requested size: 264.46837pt x 264.46921pt.

Overfull \hbox (23.99998pt too wide) in alignment at lines 454--454
[][] 
 []


(C:/Users/huang/workspace/MASG/Output_FI/2020_02_09_10_28_30_AM/ClusterAnalysis
/clustering_result-Commodity-matrix.tex
Underfull \hbox (badness 10000) in paragraph at lines 454--3

 []

)
File: ./Picture/Logo.png Graphic file (type png)
<use ./Picture/Logo.png>
Package pdftex.def Info: ./Picture/Logo.png  used on input line 454.
(pdftex.def)             Requested size: 56.9055pt x 20.55377pt.
 [15 <C:/Users/huang/workspace/MASG/Output_FI/2020_02_09_10_28_30_AM/ClusterAna
lysis/clustering_result-Commodity-trend.png> <C:/Users/huang/workspace/MASG/Out
put_FI/2020_02_09_10_28_30_AM/ClusterAnalysis/clustering_result-Commodity-heatm
ap.png (PNG copy)>]

Package hyperref Warning: Token not allowed in a PDF string (PDFDocEncoding):
(hyperref)                removing `math shift' on input line 454.


Package hyperref Warning: Token not allowed in a PDF string (PDFDocEncoding):
(hyperref)                removing `subscript' on input line 454.


Package hyperref Warning: Token not allowed in a PDF string (PDFDocEncoding):
(hyperref)                removing `math shift' on input line 454.


(C:/Users/huang/workspace/MASG/Output_FI/2020_02_09_10_28_30_AM/PCA_MONTHLY_MOD
_ID/CO_oil1_PCAOutput.tex)
(C:/Users/huang/workspace/MASG/Output_FI/2020_02_09_10_28_30_AM/PCA_MONTHLY_MOD
_ID/CO_oil1_PCAOutput.tex)
File: C:/Users/huang/workspace/MASG/Output_FI/2020_02_09_10_28_30_AM/PCA_MONTHL
Y_MOD_ID/CO_oil1_leveldata.png Graphic file (type png)
<use C:/Users/huang/workspace/MASG/Output_FI/2020_02_09_10_28_30_AM/PCA_MONTHLY
_MOD_ID/CO_oil1_leveldata.png>
Package pdftex.def Info: C:/Users/huang/workspace/MASG/Output_FI/2020_02_09_10_
28_30_AM/PCA_MONTHLY_MOD_ID/CO_oil1_leveldata.png  used on input line 454.
(pdftex.def)             Requested size: 264.46837pt x 176.31746pt.
File: C:/Users/huang/workspace/MASG/Output_FI/2020_02_09_10_28_30_AM/PCA_MONTHL
Y_MOD_ID/CO_oil1_diffdata.png Graphic file (type png)
<use C:/Users/huang/workspace/MASG/Output_FI/2020_02_09_10_28_30_AM/PCA_MONTHLY
_MOD_ID/CO_oil1_diffdata.png>
Package pdftex.def Info: C:/Users/huang/workspace/MASG/Output_FI/2020_02_09_10_
28_30_AM/PCA_MONTHLY_MOD_ID/CO_oil1_diffdata.png  used on input line 454.
(pdftex.def)             Requested size: 264.46837pt x 176.31746pt.
File: C:/Users/huang/workspace/MASG/Output_FI/2020_02_09_10_28_30_AM/PCA_MONTHL
Y_MOD_ID/CO_oil1_pc1level.png Graphic file (type png)
<use C:/Users/huang/workspace/MASG/Output_FI/2020_02_09_10_28_30_AM/PCA_MONTHLY
_MOD_ID/CO_oil1_pc1level.png>
Package pdftex.def Info: C:/Users/huang/workspace/MASG/Output_FI/2020_02_09_10_
28_30_AM/PCA_MONTHLY_MOD_ID/CO_oil1_pc1level.png  used on input line 454.
(pdftex.def)             Requested size: 264.46837pt x 176.31746pt.
File: C:/Users/huang/workspace/MASG/Output_FI/2020_02_09_10_28_30_AM/PCA_MONTHL
Y_MOD_ID/CO_oil1_pc1data.png Graphic file (type png)
<use C:/Users/huang/workspace/MASG/Output_FI/2020_02_09_10_28_30_AM/PCA_MONTHLY
_MOD_ID/CO_oil1_pc1data.png>
Package pdftex.def Info: C:/Users/huang/workspace/MASG/Output_FI/2020_02_09_10_
28_30_AM/PCA_MONTHLY_MOD_ID/CO_oil1_pc1data.png  used on input line 454.
(pdftex.def)             Requested size: 264.46837pt x 176.31746pt.

(C:/Users/huang/workspace/MASG/Output_FI/2020_02_09_10_28_30_AM/PCA_MONTHLY_MOD
_ID/CO_oil1_PCAOutput.tex)
Overfull \hbox (23.99998pt too wide) in alignment at lines 454--454
[][] 
 []

File: C:/Users/huang/workspace/MASG/Output_FI/2020_02_09_10_28_30_AM/PCA_MONTHL
Y_MOD_ID/CO_oil1_RetainedCorrelation_kendall.png Graphic file (type png)
<use C:/Users/huang/workspace/MASG/Output_FI/2020_02_09_10_28_30_AM/PCA_MONTHLY
_MOD_ID/CO_oil1_RetainedCorrelation_kendall.png>
Package pdftex.def Info: C:/Users/huang/workspace/MASG/Output_FI/2020_02_09_10_
28_30_AM/PCA_MONTHLY_MOD_ID/CO_oil1_RetainedCorrelation_kendall.png  used on in
put line 454.
(pdftex.def)             Requested size: 528.9616pt x 282.11284pt.
File: C:/Users/huang/workspace/MASG/Output_FI/2020_02_09_10_28_30_AM/PCA_MONTHL
Y_MOD_ID/CO_oil1_RetainedCorrelation_spearman.png Graphic file (type png)
<use C:/Users/huang/workspace/MASG/Output_FI/2020_02_09_10_28_30_AM/PCA_MONTHLY
_MOD_ID/CO_oil1_RetainedCorrelation_spearman.png>
Package pdftex.def Info: C:/Users/huang/workspace/MASG/Output_FI/2020_02_09_10_
28_30_AM/PCA_MONTHLY_MOD_ID/CO_oil1_RetainedCorrelation_spearman.png  used on i
nput line 454.
(pdftex.def)             Requested size: 528.9616pt x 282.11284pt.

Overfull \hbox (12.02484pt too wide) in alignment at lines 454--454
[] 
 []


Overfull \hbox (15.0pt too wide) in paragraph at lines 454--454
[][] 
 []

File: ./Picture/Logo.png Graphic file (type png)
<use ./Picture/Logo.png>
Package pdftex.def Info: ./Picture/Logo.png  used on input line 454.
(pdftex.def)             Requested size: 56.9055pt x 20.55377pt.
[16 <C:/Users/huang/workspace/MASG/Output_FI/2020_02_09_10_28_30_AM/PCA_MONTHLY
_MOD_ID/CO_oil1_leveldata.png> <C:/Users/huang/workspace/MASG/Output_FI/2020_02
_09_10_28_30_AM/PCA_MONTHLY_MOD_ID/CO_oil1_diffdata.png> <C:/Users/huang/worksp
ace/MASG/Output_FI/2020_02_09_10_28_30_AM/PCA_MONTHLY_MOD_ID/CO_oil1_pc1level.p
ng> <C:/Users/huang/workspace/MASG/Output_FI/2020_02_09_10_28_30_AM/PCA_MONTHLY
_MOD_ID/CO_oil1_pc1data.png>]
File: ./Picture/Logo.png Graphic file (type png)
<use ./Picture/Logo.png>
Package pdftex.def Info: ./Picture/Logo.png  used on input line 454.
(pdftex.def)             Requested size: 56.9055pt x 20.55377pt.
 [17 <C:/Users/huang/workspace/MASG/Output_FI/2020_02_09_10_28_30_AM/PCA_MONTHL
Y_MOD_ID/CO_oil1_RetainedCorrelation_kendall.png> <C:/Users/huang/workspace/MAS
G/Output_FI/2020_02_09_10_28_30_AM/PCA_MONTHLY_MOD_ID/CO_oil1_RetainedCorrelati
on_spearman.png>]

Package hyperref Warning: Token not allowed in a PDF string (PDFDocEncoding):
(hyperref)                removing `math shift' on input line 454.


Package hyperref Warning: Token not allowed in a PDF string (PDFDocEncoding):
(hyperref)                removing `subscript' on input line 454.


Package hyperref Warning: Token not allowed in a PDF string (PDFDocEncoding):
(hyperref)                removing `math shift' on input line 454.


(C:/Users/huang/workspace/MASG/Output_FI/2020_02_09_10_28_30_AM/PCA_MONTHLY_MOD
_ID/CO_oil2_PCAOutput.tex)
(C:/Users/huang/workspace/MASG/Output_FI/2020_02_09_10_28_30_AM/PCA_MONTHLY_MOD
_ID/CO_oil2_PCAOutput.tex)
File: C:/Users/huang/workspace/MASG/Output_FI/2020_02_09_10_28_30_AM/PCA_MONTHL
Y_MOD_ID/CO_oil2_leveldata.png Graphic file (type png)
<use C:/Users/huang/workspace/MASG/Output_FI/2020_02_09_10_28_30_AM/PCA_MONTHLY
_MOD_ID/CO_oil2_leveldata.png>
Package pdftex.def Info: C:/Users/huang/workspace/MASG/Output_FI/2020_02_09_10_
28_30_AM/PCA_MONTHLY_MOD_ID/CO_oil2_leveldata.png  used on input line 454.
(pdftex.def)             Requested size: 264.46837pt x 176.31746pt.
File: C:/Users/huang/workspace/MASG/Output_FI/2020_02_09_10_28_30_AM/PCA_MONTHL
Y_MOD_ID/CO_oil2_diffdata.png Graphic file (type png)
<use C:/Users/huang/workspace/MASG/Output_FI/2020_02_09_10_28_30_AM/PCA_MONTHLY
_MOD_ID/CO_oil2_diffdata.png>
Package pdftex.def Info: C:/Users/huang/workspace/MASG/Output_FI/2020_02_09_10_
28_30_AM/PCA_MONTHLY_MOD_ID/CO_oil2_diffdata.png  used on input line 454.
(pdftex.def)             Requested size: 264.46837pt x 176.31746pt.
File: C:/Users/huang/workspace/MASG/Output_FI/2020_02_09_10_28_30_AM/PCA_MONTHL
Y_MOD_ID/CO_oil2_pc1level.png Graphic file (type png)
<use C:/Users/huang/workspace/MASG/Output_FI/2020_02_09_10_28_30_AM/PCA_MONTHLY
_MOD_ID/CO_oil2_pc1level.png>
Package pdftex.def Info: C:/Users/huang/workspace/MASG/Output_FI/2020_02_09_10_
28_30_AM/PCA_MONTHLY_MOD_ID/CO_oil2_pc1level.png  used on input line 454.
(pdftex.def)             Requested size: 264.46837pt x 176.31746pt.
File: C:/Users/huang/workspace/MASG/Output_FI/2020_02_09_10_28_30_AM/PCA_MONTHL
Y_MOD_ID/CO_oil2_pc1data.png Graphic file (type png)
<use C:/Users/huang/workspace/MASG/Output_FI/2020_02_09_10_28_30_AM/PCA_MONTHLY
_MOD_ID/CO_oil2_pc1data.png>
Package pdftex.def Info: C:/Users/huang/workspace/MASG/Output_FI/2020_02_09_10_
28_30_AM/PCA_MONTHLY_MOD_ID/CO_oil2_pc1data.png  used on input line 454.
(pdftex.def)             Requested size: 264.46837pt x 176.31746pt.

(C:/Users/huang/workspace/MASG/Output_FI/2020_02_09_10_28_30_AM/PCA_MONTHLY_MOD
_ID/CO_oil2_PCAOutput.tex)
Overfull \hbox (23.99998pt too wide) in alignment at lines 454--454
[][] 
 []

File: C:/Users/huang/workspace/MASG/Output_FI/2020_02_09_10_28_30_AM/PCA_MONTHL
Y_MOD_ID/CO_oil2_RetainedCorrelation_kendall.png Graphic file (type png)
<use C:/Users/huang/workspace/MASG/Output_FI/2020_02_09_10_28_30_AM/PCA_MONTHLY
_MOD_ID/CO_oil2_RetainedCorrelation_kendall.png>
Package pdftex.def Info: C:/Users/huang/workspace/MASG/Output_FI/2020_02_09_10_
28_30_AM/PCA_MONTHLY_MOD_ID/CO_oil2_RetainedCorrelation_kendall.png  used on in
put line 454.
(pdftex.def)             Requested size: 528.9616pt x 282.11284pt.
File: C:/Users/huang/workspace/MASG/Output_FI/2020_02_09_10_28_30_AM/PCA_MONTHL
Y_MOD_ID/CO_oil2_RetainedCorrelation_spearman.png Graphic file (type png)
<use C:/Users/huang/workspace/MASG/Output_FI/2020_02_09_10_28_30_AM/PCA_MONTHLY
_MOD_ID/CO_oil2_RetainedCorrelation_spearman.png>
Package pdftex.def Info: C:/Users/huang/workspace/MASG/Output_FI/2020_02_09_10_
28_30_AM/PCA_MONTHLY_MOD_ID/CO_oil2_RetainedCorrelation_spearman.png  used on i
nput line 454.
(pdftex.def)             Requested size: 528.9616pt x 282.11284pt.

Overfull \hbox (12.02484pt too wide) in alignment at lines 454--454
[] 
 []


Overfull \hbox (15.0pt too wide) in paragraph at lines 454--454
[][] 
 []

File: ./Picture/Logo.png Graphic file (type png)
<use ./Picture/Logo.png>
Package pdftex.def Info: ./Picture/Logo.png  used on input line 454.
(pdftex.def)             Requested size: 56.9055pt x 20.55377pt.
[18 <C:/Users/huang/workspace/MASG/Output_FI/2020_02_09_10_28_30_AM/PCA_MONTHLY
_MOD_ID/CO_oil2_leveldata.png> <C:/Users/huang/workspace/MASG/Output_FI/2020_02
_09_10_28_30_AM/PCA_MONTHLY_MOD_ID/CO_oil2_diffdata.png> <C:/Users/huang/worksp
ace/MASG/Output_FI/2020_02_09_10_28_30_AM/PCA_MONTHLY_MOD_ID/CO_oil2_pc1level.p
ng> <C:/Users/huang/workspace/MASG/Output_FI/2020_02_09_10_28_30_AM/PCA_MONTHLY
_MOD_ID/CO_oil2_pc1data.png>]
File: ./Picture/Logo.png Graphic file (type png)
<use ./Picture/Logo.png>
Package pdftex.def Info: ./Picture/Logo.png  used on input line 454.
(pdftex.def)             Requested size: 56.9055pt x 20.55377pt.
 [19 <C:/Users/huang/workspace/MASG/Output_FI/2020_02_09_10_28_30_AM/PCA_MONTHL
Y_MOD_ID/CO_oil2_RetainedCorrelation_kendall.png> <C:/Users/huang/workspace/MAS
G/Output_FI/2020_02_09_10_28_30_AM/PCA_MONTHLY_MOD_ID/CO_oil2_RetainedCorrelati
on_spearman.png>]

Package hyperref Warning: Token not allowed in a PDF string (PDFDocEncoding):
(hyperref)                removing `math shift' on input line 454.


Package hyperref Warning: Token not allowed in a PDF string (PDFDocEncoding):
(hyperref)                removing `subscript' on input line 454.


Package hyperref Warning: Token not allowed in a PDF string (PDFDocEncoding):
(hyperref)                removing `subscript' on input line 454.


Package hyperref Warning: Token not allowed in a PDF string (PDFDocEncoding):
(hyperref)                removing `math shift' on input line 454.


(C:/Users/huang/workspace/MASG/Output_FI/2020_02_09_10_28_30_AM/PCA_MONTHLY_MOD
_ID/CO_nat_gas_PCAOutput.tex)
(C:/Users/huang/workspace/MASG/Output_FI/2020_02_09_10_28_30_AM/PCA_MONTHLY_MOD
_ID/CO_nat_gas_PCAOutput.tex)
File: C:/Users/huang/workspace/MASG/Output_FI/2020_02_09_10_28_30_AM/PCA_MONTHL
Y_MOD_ID/CO_nat_gas_leveldata.png Graphic file (type png)
<use C:/Users/huang/workspace/MASG/Output_FI/2020_02_09_10_28_30_AM/PCA_MONTHLY
_MOD_ID/CO_nat_gas_leveldata.png>
Package pdftex.def Info: C:/Users/huang/workspace/MASG/Output_FI/2020_02_09_10_
28_30_AM/PCA_MONTHLY_MOD_ID/CO_nat_gas_leveldata.png  used on input line 454.
(pdftex.def)             Requested size: 264.46837pt x 176.31746pt.
File: C:/Users/huang/workspace/MASG/Output_FI/2020_02_09_10_28_30_AM/PCA_MONTHL
Y_MOD_ID/CO_nat_gas_diffdata.png Graphic file (type png)
<use C:/Users/huang/workspace/MASG/Output_FI/2020_02_09_10_28_30_AM/PCA_MONTHLY
_MOD_ID/CO_nat_gas_diffdata.png>
Package pdftex.def Info: C:/Users/huang/workspace/MASG/Output_FI/2020_02_09_10_
28_30_AM/PCA_MONTHLY_MOD_ID/CO_nat_gas_diffdata.png  used on input line 454.
(pdftex.def)             Requested size: 264.46837pt x 176.31746pt.
File: C:/Users/huang/workspace/MASG/Output_FI/2020_02_09_10_28_30_AM/PCA_MONTHL
Y_MOD_ID/CO_nat_gas_pc1level.png Graphic file (type png)
<use C:/Users/huang/workspace/MASG/Output_FI/2020_02_09_10_28_30_AM/PCA_MONTHLY
_MOD_ID/CO_nat_gas_pc1level.png>
Package pdftex.def Info: C:/Users/huang/workspace/MASG/Output_FI/2020_02_09_10_
28_30_AM/PCA_MONTHLY_MOD_ID/CO_nat_gas_pc1level.png  used on input line 454.
(pdftex.def)             Requested size: 264.46837pt x 176.31746pt.
File: C:/Users/huang/workspace/MASG/Output_FI/2020_02_09_10_28_30_AM/PCA_MONTHL
Y_MOD_ID/CO_nat_gas_pc1data.png Graphic file (type png)
<use C:/Users/huang/workspace/MASG/Output_FI/2020_02_09_10_28_30_AM/PCA_MONTHLY
_MOD_ID/CO_nat_gas_pc1data.png>
Package pdftex.def Info: C:/Users/huang/workspace/MASG/Output_FI/2020_02_09_10_
28_30_AM/PCA_MONTHLY_MOD_ID/CO_nat_gas_pc1data.png  used on input line 454.
(pdftex.def)             Requested size: 264.46837pt x 176.31746pt.

(C:/Users/huang/workspace/MASG/Output_FI/2020_02_09_10_28_30_AM/PCA_MONTHLY_MOD
_ID/CO_nat_gas_PCAOutput.tex)
Overfull \hbox (23.99998pt too wide) in alignment at lines 454--454
[][] 
 []

File: C:/Users/huang/workspace/MASG/Output_FI/2020_02_09_10_28_30_AM/PCA_MONTHL
Y_MOD_ID/CO_nat_gas_RetainedCorrelation_kendall.png Graphic file (type png)
<use C:/Users/huang/workspace/MASG/Output_FI/2020_02_09_10_28_30_AM/PCA_MONTHLY
_MOD_ID/CO_nat_gas_RetainedCorrelation_kendall.png>
Package pdftex.def Info: C:/Users/huang/workspace/MASG/Output_FI/2020_02_09_10_
28_30_AM/PCA_MONTHLY_MOD_ID/CO_nat_gas_RetainedCorrelation_kendall.png  used on
 input line 454.
(pdftex.def)             Requested size: 528.9616pt x 282.11284pt.
File: C:/Users/huang/workspace/MASG/Output_FI/2020_02_09_10_28_30_AM/PCA_MONTHL
Y_MOD_ID/CO_nat_gas_RetainedCorrelation_spearman.png Graphic file (type png)
<use C:/Users/huang/workspace/MASG/Output_FI/2020_02_09_10_28_30_AM/PCA_MONTHLY
_MOD_ID/CO_nat_gas_RetainedCorrelation_spearman.png>
Package pdftex.def Info: C:/Users/huang/workspace/MASG/Output_FI/2020_02_09_10_
28_30_AM/PCA_MONTHLY_MOD_ID/CO_nat_gas_RetainedCorrelation_spearman.png  used o
n input line 454.
(pdftex.def)             Requested size: 528.9616pt x 282.11284pt.

Overfull \hbox (12.02484pt too wide) in alignment at lines 454--454
[] 
 []


Overfull \hbox (15.0pt too wide) in paragraph at lines 454--454
[][] 
 []

File: ./Picture/Logo.png Graphic file (type png)
<use ./Picture/Logo.png>
Package pdftex.def Info: ./Picture/Logo.png  used on input line 454.
(pdftex.def)             Requested size: 56.9055pt x 20.55377pt.
[20 <C:/Users/huang/workspace/MASG/Output_FI/2020_02_09_10_28_30_AM/PCA_MONTHLY
_MOD_ID/CO_nat_gas_leveldata.png> <C:/Users/huang/workspace/MASG/Output_FI/2020
_02_09_10_28_30_AM/PCA_MONTHLY_MOD_ID/CO_nat_gas_diffdata.png> <C:/Users/huang/
workspace/MASG/Output_FI/2020_02_09_10_28_30_AM/PCA_MONTHLY_MOD_ID/CO_nat_gas_p
c1level.png> <C:/Users/huang/workspace/MASG/Output_FI/2020_02_09_10_28_30_AM/PC
A_MONTHLY_MOD_ID/CO_nat_gas_pc1data.png>]
File: ./Picture/Logo.png Graphic file (type png)
<use ./Picture/Logo.png>
Package pdftex.def Info: ./Picture/Logo.png  used on input line 454.
(pdftex.def)             Requested size: 56.9055pt x 20.55377pt.
 [21 <C:/Users/huang/workspace/MASG/Output_FI/2020_02_09_10_28_30_AM/PCA_MONTHL
Y_MOD_ID/CO_nat_gas_RetainedCorrelation_kendall.png> <C:/Users/huang/workspace/
MASG/Output_FI/2020_02_09_10_28_30_AM/PCA_MONTHLY_MOD_ID/CO_nat_gas_RetainedCor
relation_spearman.png>]

Package hyperref Warning: Token not allowed in a PDF string (PDFDocEncoding):
(hyperref)                removing `math shift' on input line 454.


Package hyperref Warning: Token not allowed in a PDF string (PDFDocEncoding):
(hyperref)                removing `subscript' on input line 454.


Package hyperref Warning: Token not allowed in a PDF string (PDFDocEncoding):
(hyperref)                removing `math shift' on input line 454.


(C:/Users/huang/workspace/MASG/Output_FI/2020_02_09_10_28_30_AM/PCA_MONTHLY_MOD
_ID/CO_gasoline_PCAOutput.tex)
(C:/Users/huang/workspace/MASG/Output_FI/2020_02_09_10_28_30_AM/PCA_MONTHLY_MOD
_ID/CO_gasoline_PCAOutput.tex)
File: C:/Users/huang/workspace/MASG/Output_FI/2020_02_09_10_28_30_AM/PCA_MONTHL
Y_MOD_ID/CO_gasoline_leveldata.png Graphic file (type png)
<use C:/Users/huang/workspace/MASG/Output_FI/2020_02_09_10_28_30_AM/PCA_MONTHLY
_MOD_ID/CO_gasoline_leveldata.png>
Package pdftex.def Info: C:/Users/huang/workspace/MASG/Output_FI/2020_02_09_10_
28_30_AM/PCA_MONTHLY_MOD_ID/CO_gasoline_leveldata.png  used on input line 454.
(pdftex.def)             Requested size: 264.46837pt x 176.31746pt.
File: C:/Users/huang/workspace/MASG/Output_FI/2020_02_09_10_28_30_AM/PCA_MONTHL
Y_MOD_ID/CO_gasoline_diffdata.png Graphic file (type png)
<use C:/Users/huang/workspace/MASG/Output_FI/2020_02_09_10_28_30_AM/PCA_MONTHLY
_MOD_ID/CO_gasoline_diffdata.png>
Package pdftex.def Info: C:/Users/huang/workspace/MASG/Output_FI/2020_02_09_10_
28_30_AM/PCA_MONTHLY_MOD_ID/CO_gasoline_diffdata.png  used on input line 454.
(pdftex.def)             Requested size: 264.46837pt x 176.31746pt.
File: C:/Users/huang/workspace/MASG/Output_FI/2020_02_09_10_28_30_AM/PCA_MONTHL
Y_MOD_ID/CO_gasoline_pc1level.png Graphic file (type png)
<use C:/Users/huang/workspace/MASG/Output_FI/2020_02_09_10_28_30_AM/PCA_MONTHLY
_MOD_ID/CO_gasoline_pc1level.png>
Package pdftex.def Info: C:/Users/huang/workspace/MASG/Output_FI/2020_02_09_10_
28_30_AM/PCA_MONTHLY_MOD_ID/CO_gasoline_pc1level.png  used on input line 454.
(pdftex.def)             Requested size: 264.46837pt x 176.31746pt.
File: C:/Users/huang/workspace/MASG/Output_FI/2020_02_09_10_28_30_AM/PCA_MONTHL
Y_MOD_ID/CO_gasoline_pc1data.png Graphic file (type png)
<use C:/Users/huang/workspace/MASG/Output_FI/2020_02_09_10_28_30_AM/PCA_MONTHLY
_MOD_ID/CO_gasoline_pc1data.png>
Package pdftex.def Info: C:/Users/huang/workspace/MASG/Output_FI/2020_02_09_10_
28_30_AM/PCA_MONTHLY_MOD_ID/CO_gasoline_pc1data.png  used on input line 454.
(pdftex.def)             Requested size: 264.46837pt x 176.31746pt.

(C:/Users/huang/workspace/MASG/Output_FI/2020_02_09_10_28_30_AM/PCA_MONTHLY_MOD
_ID/CO_gasoline_PCAOutput.tex)
Overfull \hbox (23.99998pt too wide) in alignment at lines 454--454
[][] 
 []

File: C:/Users/huang/workspace/MASG/Output_FI/2020_02_09_10_28_30_AM/PCA_MONTHL
Y_MOD_ID/CO_gasoline_RetainedCorrelation_kendall.png Graphic file (type png)
<use C:/Users/huang/workspace/MASG/Output_FI/2020_02_09_10_28_30_AM/PCA_MONTHLY
_MOD_ID/CO_gasoline_RetainedCorrelation_kendall.png>
Package pdftex.def Info: C:/Users/huang/workspace/MASG/Output_FI/2020_02_09_10_
28_30_AM/PCA_MONTHLY_MOD_ID/CO_gasoline_RetainedCorrelation_kendall.png  used o
n input line 454.
(pdftex.def)             Requested size: 528.9616pt x 282.11284pt.
File: C:/Users/huang/workspace/MASG/Output_FI/2020_02_09_10_28_30_AM/PCA_MONTHL
Y_MOD_ID/CO_gasoline_RetainedCorrelation_spearman.png Graphic file (type png)
<use C:/Users/huang/workspace/MASG/Output_FI/2020_02_09_10_28_30_AM/PCA_MONTHLY
_MOD_ID/CO_gasoline_RetainedCorrelation_spearman.png>
Package pdftex.def Info: C:/Users/huang/workspace/MASG/Output_FI/2020_02_09_10_
28_30_AM/PCA_MONTHLY_MOD_ID/CO_gasoline_RetainedCorrelation_spearman.png  used 
on input line 454.
(pdftex.def)             Requested size: 528.9616pt x 282.11284pt.

Overfull \hbox (12.02484pt too wide) in alignment at lines 454--454
[] 
 []


Overfull \hbox (15.0pt too wide) in paragraph at lines 454--454
[][] 
 []

File: ./Picture/Logo.png Graphic file (type png)
<use ./Picture/Logo.png>
Package pdftex.def Info: ./Picture/Logo.png  used on input line 454.
(pdftex.def)             Requested size: 56.9055pt x 20.55377pt.
[22 <C:/Users/huang/workspace/MASG/Output_FI/2020_02_09_10_28_30_AM/PCA_MONTHLY
_MOD_ID/CO_gasoline_leveldata.png> <C:/Users/huang/workspace/MASG/Output_FI/202
0_02_09_10_28_30_AM/PCA_MONTHLY_MOD_ID/CO_gasoline_diffdata.png> <C:/Users/huan
g/workspace/MASG/Output_FI/2020_02_09_10_28_30_AM/PCA_MONTHLY_MOD_ID/CO_gasolin
e_pc1level.png> <C:/Users/huang/workspace/MASG/Output_FI/2020_02_09_10_28_30_AM
/PCA_MONTHLY_MOD_ID/CO_gasoline_pc1data.png>]
File: ./Picture/Logo.png Graphic file (type png)
<use ./Picture/Logo.png>
Package pdftex.def Info: ./Picture/Logo.png  used on input line 454.
(pdftex.def)             Requested size: 56.9055pt x 20.55377pt.
 [23 <C:/Users/huang/workspace/MASG/Output_FI/2020_02_09_10_28_30_AM/PCA_MONTHL
Y_MOD_ID/CO_gasoline_RetainedCorrelation_kendall.png> <C:/Users/huang/workspace
/MASG/Output_FI/2020_02_09_10_28_30_AM/PCA_MONTHLY_MOD_ID/CO_gasoline_RetainedC
orrelation_spearman.png>]

Package hyperref Warning: Token not allowed in a PDF string (PDFDocEncoding):
(hyperref)                removing `math shift' on input line 454.


Package hyperref Warning: Token not allowed in a PDF string (PDFDocEncoding):
(hyperref)                removing `subscript' on input line 454.


Package hyperref Warning: Token not allowed in a PDF string (PDFDocEncoding):
(hyperref)                removing `math shift' on input line 454.


(C:/Users/huang/workspace/MASG/Output_FI/2020_02_09_10_28_30_AM/PCA_MONTHLY_MOD
_ID/CO_gold_PCAOutput.tex)
(C:/Users/huang/workspace/MASG/Output_FI/2020_02_09_10_28_30_AM/PCA_MONTHLY_MOD
_ID/CO_gold_PCAOutput.tex)
File: C:/Users/huang/workspace/MASG/Output_FI/2020_02_09_10_28_30_AM/PCA_MONTHL
Y_MOD_ID/CO_gold_leveldata.png Graphic file (type png)
<use C:/Users/huang/workspace/MASG/Output_FI/2020_02_09_10_28_30_AM/PCA_MONTHLY
_MOD_ID/CO_gold_leveldata.png>
Package pdftex.def Info: C:/Users/huang/workspace/MASG/Output_FI/2020_02_09_10_
28_30_AM/PCA_MONTHLY_MOD_ID/CO_gold_leveldata.png  used on input line 454.
(pdftex.def)             Requested size: 264.46837pt x 176.31746pt.
File: C:/Users/huang/workspace/MASG/Output_FI/2020_02_09_10_28_30_AM/PCA_MONTHL
Y_MOD_ID/CO_gold_diffdata.png Graphic file (type png)
<use C:/Users/huang/workspace/MASG/Output_FI/2020_02_09_10_28_30_AM/PCA_MONTHLY
_MOD_ID/CO_gold_diffdata.png>
Package pdftex.def Info: C:/Users/huang/workspace/MASG/Output_FI/2020_02_09_10_
28_30_AM/PCA_MONTHLY_MOD_ID/CO_gold_diffdata.png  used on input line 454.
(pdftex.def)             Requested size: 264.46837pt x 176.31746pt.
File: C:/Users/huang/workspace/MASG/Output_FI/2020_02_09_10_28_30_AM/PCA_MONTHL
Y_MOD_ID/CO_gold_pc1level.png Graphic file (type png)
<use C:/Users/huang/workspace/MASG/Output_FI/2020_02_09_10_28_30_AM/PCA_MONTHLY
_MOD_ID/CO_gold_pc1level.png>
Package pdftex.def Info: C:/Users/huang/workspace/MASG/Output_FI/2020_02_09_10_
28_30_AM/PCA_MONTHLY_MOD_ID/CO_gold_pc1level.png  used on input line 454.
(pdftex.def)             Requested size: 264.46837pt x 176.31746pt.
File: C:/Users/huang/workspace/MASG/Output_FI/2020_02_09_10_28_30_AM/PCA_MONTHL
Y_MOD_ID/CO_gold_pc1data.png Graphic file (type png)
<use C:/Users/huang/workspace/MASG/Output_FI/2020_02_09_10_28_30_AM/PCA_MONTHLY
_MOD_ID/CO_gold_pc1data.png>
Package pdftex.def Info: C:/Users/huang/workspace/MASG/Output_FI/2020_02_09_10_
28_30_AM/PCA_MONTHLY_MOD_ID/CO_gold_pc1data.png  used on input line 454.
(pdftex.def)             Requested size: 264.46837pt x 176.31746pt.

(C:/Users/huang/workspace/MASG/Output_FI/2020_02_09_10_28_30_AM/PCA_MONTHLY_MOD
_ID/CO_gold_PCAOutput.tex)
Overfull \hbox (23.99998pt too wide) in alignment at lines 454--454
[][] 
 []

File: C:/Users/huang/workspace/MASG/Output_FI/2020_02_09_10_28_30_AM/PCA_MONTHL
Y_MOD_ID/CO_gold_RetainedCorrelation_kendall.png Graphic file (type png)
<use C:/Users/huang/workspace/MASG/Output_FI/2020_02_09_10_28_30_AM/PCA_MONTHLY
_MOD_ID/CO_gold_RetainedCorrelation_kendall.png>
Package pdftex.def Info: C:/Users/huang/workspace/MASG/Output_FI/2020_02_09_10_
28_30_AM/PCA_MONTHLY_MOD_ID/CO_gold_RetainedCorrelation_kendall.png  used on in
put line 454.
(pdftex.def)             Requested size: 528.9616pt x 282.11284pt.
File: C:/Users/huang/workspace/MASG/Output_FI/2020_02_09_10_28_30_AM/PCA_MONTHL
Y_MOD_ID/CO_gold_RetainedCorrelation_spearman.png Graphic file (type png)
<use C:/Users/huang/workspace/MASG/Output_FI/2020_02_09_10_28_30_AM/PCA_MONTHLY
_MOD_ID/CO_gold_RetainedCorrelation_spearman.png>
Package pdftex.def Info: C:/Users/huang/workspace/MASG/Output_FI/2020_02_09_10_
28_30_AM/PCA_MONTHLY_MOD_ID/CO_gold_RetainedCorrelation_spearman.png  used on i
nput line 454.
(pdftex.def)             Requested size: 528.9616pt x 282.11284pt.

Overfull \hbox (12.02484pt too wide) in alignment at lines 454--454
[] 
 []


Overfull \hbox (15.0pt too wide) in paragraph at lines 454--454
[][] 
 []

File: ./Picture/Logo.png Graphic file (type png)
<use ./Picture/Logo.png>
Package pdftex.def Info: ./Picture/Logo.png  used on input line 454.
(pdftex.def)             Requested size: 56.9055pt x 20.55377pt.
[24 <C:/Users/huang/workspace/MASG/Output_FI/2020_02_09_10_28_30_AM/PCA_MONTHLY
_MOD_ID/CO_gold_leveldata.png> <C:/Users/huang/workspace/MASG/Output_FI/2020_02
_09_10_28_30_AM/PCA_MONTHLY_MOD_ID/CO_gold_diffdata.png> <C:/Users/huang/worksp
ace/MASG/Output_FI/2020_02_09_10_28_30_AM/PCA_MONTHLY_MOD_ID/CO_gold_pc1level.p
ng> <C:/Users/huang/workspace/MASG/Output_FI/2020_02_09_10_28_30_AM/PCA_MONTHLY
_MOD_ID/CO_gold_pc1data.png>]
File: ./Picture/Logo.png Graphic file (type png)
<use ./Picture/Logo.png>
Package pdftex.def Info: ./Picture/Logo.png  used on input line 454.
(pdftex.def)             Requested size: 56.9055pt x 20.55377pt.
 [25 <C:/Users/huang/workspace/MASG/Output_FI/2020_02_09_10_28_30_AM/PCA_MONTHL
Y_MOD_ID/CO_gold_RetainedCorrelation_kendall.png> <C:/Users/huang/workspace/MAS
G/Output_FI/2020_02_09_10_28_30_AM/PCA_MONTHLY_MOD_ID/CO_gold_RetainedCorrelati
on_spearman.png>]

Package hyperref Warning: Token not allowed in a PDF string (PDFDocEncoding):
(hyperref)                removing `math shift' on input line 454.


Package hyperref Warning: Token not allowed in a PDF string (PDFDocEncoding):
(hyperref)                removing `subscript' on input line 454.


Package hyperref Warning: Token not allowed in a PDF string (PDFDocEncoding):
(hyperref)                removing `math shift' on input line 454.


(C:/Users/huang/workspace/MASG/Output_FI/2020_02_09_10_28_30_AM/PCA_MONTHLY_MOD
_ID/CO_silver_PCAOutput.tex)
(C:/Users/huang/workspace/MASG/Output_FI/2020_02_09_10_28_30_AM/PCA_MONTHLY_MOD
_ID/CO_silver_PCAOutput.tex)
File: C:/Users/huang/workspace/MASG/Output_FI/2020_02_09_10_28_30_AM/PCA_MONTHL
Y_MOD_ID/CO_silver_leveldata.png Graphic file (type png)
<use C:/Users/huang/workspace/MASG/Output_FI/2020_02_09_10_28_30_AM/PCA_MONTHLY
_MOD_ID/CO_silver_leveldata.png>
Package pdftex.def Info: C:/Users/huang/workspace/MASG/Output_FI/2020_02_09_10_
28_30_AM/PCA_MONTHLY_MOD_ID/CO_silver_leveldata.png  used on input line 454.
(pdftex.def)             Requested size: 264.46837pt x 176.31746pt.
File: C:/Users/huang/workspace/MASG/Output_FI/2020_02_09_10_28_30_AM/PCA_MONTHL
Y_MOD_ID/CO_silver_diffdata.png Graphic file (type png)
<use C:/Users/huang/workspace/MASG/Output_FI/2020_02_09_10_28_30_AM/PCA_MONTHLY
_MOD_ID/CO_silver_diffdata.png>
Package pdftex.def Info: C:/Users/huang/workspace/MASG/Output_FI/2020_02_09_10_
28_30_AM/PCA_MONTHLY_MOD_ID/CO_silver_diffdata.png  used on input line 454.
(pdftex.def)             Requested size: 264.46837pt x 176.31746pt.
File: C:/Users/huang/workspace/MASG/Output_FI/2020_02_09_10_28_30_AM/PCA_MONTHL
Y_MOD_ID/CO_silver_pc1level.png Graphic file (type png)
<use C:/Users/huang/workspace/MASG/Output_FI/2020_02_09_10_28_30_AM/PCA_MONTHLY
_MOD_ID/CO_silver_pc1level.png>
Package pdftex.def Info: C:/Users/huang/workspace/MASG/Output_FI/2020_02_09_10_
28_30_AM/PCA_MONTHLY_MOD_ID/CO_silver_pc1level.png  used on input line 454.
(pdftex.def)             Requested size: 264.46837pt x 176.31746pt.
File: C:/Users/huang/workspace/MASG/Output_FI/2020_02_09_10_28_30_AM/PCA_MONTHL
Y_MOD_ID/CO_silver_pc1data.png Graphic file (type png)
<use C:/Users/huang/workspace/MASG/Output_FI/2020_02_09_10_28_30_AM/PCA_MONTHLY
_MOD_ID/CO_silver_pc1data.png>
Package pdftex.def Info: C:/Users/huang/workspace/MASG/Output_FI/2020_02_09_10_
28_30_AM/PCA_MONTHLY_MOD_ID/CO_silver_pc1data.png  used on input line 454.
(pdftex.def)             Requested size: 264.46837pt x 176.31746pt.

(C:/Users/huang/workspace/MASG/Output_FI/2020_02_09_10_28_30_AM/PCA_MONTHLY_MOD
_ID/CO_silver_PCAOutput.tex)
Overfull \hbox (23.99998pt too wide) in alignment at lines 454--454
[][] 
 []

File: C:/Users/huang/workspace/MASG/Output_FI/2020_02_09_10_28_30_AM/PCA_MONTHL
Y_MOD_ID/CO_silver_RetainedCorrelation_kendall.png Graphic file (type png)
<use C:/Users/huang/workspace/MASG/Output_FI/2020_02_09_10_28_30_AM/PCA_MONTHLY
_MOD_ID/CO_silver_RetainedCorrelation_kendall.png>
Package pdftex.def Info: C:/Users/huang/workspace/MASG/Output_FI/2020_02_09_10_
28_30_AM/PCA_MONTHLY_MOD_ID/CO_silver_RetainedCorrelation_kendall.png  used on 
input line 454.
(pdftex.def)             Requested size: 528.9616pt x 282.11284pt.
File: C:/Users/huang/workspace/MASG/Output_FI/2020_02_09_10_28_30_AM/PCA_MONTHL
Y_MOD_ID/CO_silver_RetainedCorrelation_spearman.png Graphic file (type png)
<use C:/Users/huang/workspace/MASG/Output_FI/2020_02_09_10_28_30_AM/PCA_MONTHLY
_MOD_ID/CO_silver_RetainedCorrelation_spearman.png>
Package pdftex.def Info: C:/Users/huang/workspace/MASG/Output_FI/2020_02_09_10_
28_30_AM/PCA_MONTHLY_MOD_ID/CO_silver_RetainedCorrelation_spearman.png  used on
 input line 454.
(pdftex.def)             Requested size: 528.9616pt x 282.11284pt.

Overfull \hbox (12.02484pt too wide) in alignment at lines 454--454
[] 
 []


Overfull \hbox (15.0pt too wide) in paragraph at lines 454--454
[][] 
 []

File: ./Picture/Logo.png Graphic file (type png)
<use ./Picture/Logo.png>
Package pdftex.def Info: ./Picture/Logo.png  used on input line 454.
(pdftex.def)             Requested size: 56.9055pt x 20.55377pt.
[26 <C:/Users/huang/workspace/MASG/Output_FI/2020_02_09_10_28_30_AM/PCA_MONTHLY
_MOD_ID/CO_silver_leveldata.png> <C:/Users/huang/workspace/MASG/Output_FI/2020_
02_09_10_28_30_AM/PCA_MONTHLY_MOD_ID/CO_silver_diffdata.png> <C:/Users/huang/wo
rkspace/MASG/Output_FI/2020_02_09_10_28_30_AM/PCA_MONTHLY_MOD_ID/CO_silver_pc1l
evel.png> <C:/Users/huang/workspace/MASG/Output_FI/2020_02_09_10_28_30_AM/PCA_M
ONTHLY_MOD_ID/CO_silver_pc1data.png>]
File: ./Picture/Logo.png Graphic file (type png)
<use ./Picture/Logo.png>
Package pdftex.def Info: ./Picture/Logo.png  used on input line 454.
(pdftex.def)             Requested size: 56.9055pt x 20.55377pt.
 [27 <C:/Users/huang/workspace/MASG/Output_FI/2020_02_09_10_28_30_AM/PCA_MONTHL
Y_MOD_ID/CO_silver_RetainedCorrelation_kendall.png> <C:/Users/huang/workspace/M
ASG/Output_FI/2020_02_09_10_28_30_AM/PCA_MONTHLY_MOD_ID/CO_silver_RetainedCorre
lation_spearman.png>]

Package hyperref Warning: Token not allowed in a PDF string (PDFDocEncoding):
(hyperref)                removing `math shift' on input line 454.


Package hyperref Warning: Token not allowed in a PDF string (PDFDocEncoding):
(hyperref)                removing `subscript' on input line 454.


Package hyperref Warning: Token not allowed in a PDF string (PDFDocEncoding):
(hyperref)                removing `math shift' on input line 454.


(C:/Users/huang/workspace/MASG/Output_FI/2020_02_09_10_28_30_AM/PCA_MONTHLY_MOD
_ID/CO_grains_PCAOutput.tex)
(C:/Users/huang/workspace/MASG/Output_FI/2020_02_09_10_28_30_AM/PCA_MONTHLY_MOD
_ID/CO_grains_PCAOutput.tex)
File: C:/Users/huang/workspace/MASG/Output_FI/2020_02_09_10_28_30_AM/PCA_MONTHL
Y_MOD_ID/CO_grains_leveldata.png Graphic file (type png)
<use C:/Users/huang/workspace/MASG/Output_FI/2020_02_09_10_28_30_AM/PCA_MONTHLY
_MOD_ID/CO_grains_leveldata.png>
Package pdftex.def Info: C:/Users/huang/workspace/MASG/Output_FI/2020_02_09_10_
28_30_AM/PCA_MONTHLY_MOD_ID/CO_grains_leveldata.png  used on input line 454.
(pdftex.def)             Requested size: 264.46837pt x 176.31746pt.
File: C:/Users/huang/workspace/MASG/Output_FI/2020_02_09_10_28_30_AM/PCA_MONTHL
Y_MOD_ID/CO_grains_diffdata.png Graphic file (type png)
<use C:/Users/huang/workspace/MASG/Output_FI/2020_02_09_10_28_30_AM/PCA_MONTHLY
_MOD_ID/CO_grains_diffdata.png>
Package pdftex.def Info: C:/Users/huang/workspace/MASG/Output_FI/2020_02_09_10_
28_30_AM/PCA_MONTHLY_MOD_ID/CO_grains_diffdata.png  used on input line 454.
(pdftex.def)             Requested size: 264.46837pt x 176.31746pt.
File: C:/Users/huang/workspace/MASG/Output_FI/2020_02_09_10_28_30_AM/PCA_MONTHL
Y_MOD_ID/CO_grains_pc1level.png Graphic file (type png)
<use C:/Users/huang/workspace/MASG/Output_FI/2020_02_09_10_28_30_AM/PCA_MONTHLY
_MOD_ID/CO_grains_pc1level.png>
Package pdftex.def Info: C:/Users/huang/workspace/MASG/Output_FI/2020_02_09_10_
28_30_AM/PCA_MONTHLY_MOD_ID/CO_grains_pc1level.png  used on input line 454.
(pdftex.def)             Requested size: 264.46837pt x 176.31746pt.
File: C:/Users/huang/workspace/MASG/Output_FI/2020_02_09_10_28_30_AM/PCA_MONTHL
Y_MOD_ID/CO_grains_pc1data.png Graphic file (type png)
<use C:/Users/huang/workspace/MASG/Output_FI/2020_02_09_10_28_30_AM/PCA_MONTHLY
_MOD_ID/CO_grains_pc1data.png>
Package pdftex.def Info: C:/Users/huang/workspace/MASG/Output_FI/2020_02_09_10_
28_30_AM/PCA_MONTHLY_MOD_ID/CO_grains_pc1data.png  used on input line 454.
(pdftex.def)             Requested size: 264.46837pt x 176.31746pt.

(C:/Users/huang/workspace/MASG/Output_FI/2020_02_09_10_28_30_AM/PCA_MONTHLY_MOD
_ID/CO_grains_PCAOutput.tex)
Overfull \hbox (23.99998pt too wide) in alignment at lines 454--454
[][] 
 []

File: C:/Users/huang/workspace/MASG/Output_FI/2020_02_09_10_28_30_AM/PCA_MONTHL
Y_MOD_ID/CO_grains_RetainedCorrelation_kendall.png Graphic file (type png)
<use C:/Users/huang/workspace/MASG/Output_FI/2020_02_09_10_28_30_AM/PCA_MONTHLY
_MOD_ID/CO_grains_RetainedCorrelation_kendall.png>
Package pdftex.def Info: C:/Users/huang/workspace/MASG/Output_FI/2020_02_09_10_
28_30_AM/PCA_MONTHLY_MOD_ID/CO_grains_RetainedCorrelation_kendall.png  used on 
input line 454.
(pdftex.def)             Requested size: 528.9616pt x 282.11284pt.
File: C:/Users/huang/workspace/MASG/Output_FI/2020_02_09_10_28_30_AM/PCA_MONTHL
Y_MOD_ID/CO_grains_RetainedCorrelation_spearman.png Graphic file (type png)
<use C:/Users/huang/workspace/MASG/Output_FI/2020_02_09_10_28_30_AM/PCA_MONTHLY
_MOD_ID/CO_grains_RetainedCorrelation_spearman.png>
Package pdftex.def Info: C:/Users/huang/workspace/MASG/Output_FI/2020_02_09_10_
28_30_AM/PCA_MONTHLY_MOD_ID/CO_grains_RetainedCorrelation_spearman.png  used on
 input line 454.
(pdftex.def)             Requested size: 528.9616pt x 282.11284pt.

Overfull \hbox (12.02484pt too wide) in alignment at lines 454--454
[] 
 []


Overfull \hbox (15.0pt too wide) in paragraph at lines 454--454
[][] 
 []

File: ./Picture/Logo.png Graphic file (type png)
<use ./Picture/Logo.png>
Package pdftex.def Info: ./Picture/Logo.png  used on input line 454.
(pdftex.def)             Requested size: 56.9055pt x 20.55377pt.
[28 <C:/Users/huang/workspace/MASG/Output_FI/2020_02_09_10_28_30_AM/PCA_MONTHLY
_MOD_ID/CO_grains_leveldata.png> <C:/Users/huang/workspace/MASG/Output_FI/2020_
02_09_10_28_30_AM/PCA_MONTHLY_MOD_ID/CO_grains_diffdata.png> <C:/Users/huang/wo
rkspace/MASG/Output_FI/2020_02_09_10_28_30_AM/PCA_MONTHLY_MOD_ID/CO_grains_pc1l
evel.png> <C:/Users/huang/workspace/MASG/Output_FI/2020_02_09_10_28_30_AM/PCA_M
ONTHLY_MOD_ID/CO_grains_pc1data.png>]
File: ./Picture/Logo.png Graphic file (type png)
<use ./Picture/Logo.png>
Package pdftex.def Info: ./Picture/Logo.png  used on input line 454.
(pdftex.def)             Requested size: 56.9055pt x 20.55377pt.
 [29 <C:/Users/huang/workspace/MASG/Output_FI/2020_02_09_10_28_30_AM/PCA_MONTHL
Y_MOD_ID/CO_grains_RetainedCorrelation_kendall.png> <C:/Users/huang/workspace/M
ASG/Output_FI/2020_02_09_10_28_30_AM/PCA_MONTHLY_MOD_ID/CO_grains_RetainedCorre
lation_spearman.png>]
File: ./Picture/Logo.png Graphic file (type png)
<use ./Picture/Logo.png>
Package pdftex.def Info: ./Picture/Logo.png  used on input line 454.
(pdftex.def)             Requested size: 56.9055pt x 20.55377pt.
 [30]
! Missing $ inserted.
<inserted text> 
                $
l.454 
      
I've inserted a begin-math/end-math symbol since I think
you left one out. Proceed, with fingers crossed.

! Missing $ inserted.
<inserted text> 
                $
l.454 
      
I've inserted a begin-math/end-math symbol since I think
you left one out. Proceed, with fingers crossed.


Package hyperref Warning: Token not allowed in a PDF string (PDFDocEncoding):
(hyperref)                removing `subscript' on input line 454.


(C:/Users/huang/workspace/MASG/Output_FI/2020_02_09_10_28_30_AM/SFA_MONTHLY/Sim
pleReg-CO_oil1.tex
! Missing $ inserted.
<inserted text> 
                $
l.21 \caption{Single Factor Analysis-CO_oil1}
                                             
I've inserted a begin-math/end-math symbol since I think
you left one out. Proceed, with fingers crossed.

! Missing $ inserted.
<inserted text> 
                $
l.21 \caption{Single Factor Analysis-CO_oil1}
                                             
I've inserted a begin-math/end-math symbol since I think
you left one out. Proceed, with fingers crossed.


Underfull \vbox (badness 10000) detected at line 22
 []

)
File: ./Picture/Logo.png Graphic file (type png)
<use ./Picture/Logo.png>
Package pdftex.def Info: ./Picture/Logo.png  used on input line 454.
(pdftex.def)             Requested size: 56.9055pt x 20.55377pt.
 [31

]
File: C:/Users/huang/workspace/MASG/Output_FI/2020_02_09_10_28_30_AM/SFA_MONTHL
Y/CO_oil1/1_insample_diff.png Graphic file (type png)
<use C:/Users/huang/workspace/MASG/Output_FI/2020_02_09_10_28_30_AM/SFA_MONTHLY
/CO_oil1/1_insample_diff.png>
Package pdftex.def Info: C:/Users/huang/workspace/MASG/Output_FI/2020_02_09_10_
28_30_AM/SFA_MONTHLY/CO_oil1/1_insample_diff.png  used on input line 454.
(pdftex.def)             Requested size: 264.46837pt x 264.46921pt.
File: C:/Users/huang/workspace/MASG/Output_FI/2020_02_09_10_28_30_AM/SFA_MONTHL
Y/CO_oil1/1_insample_level.png Graphic file (type png)
<use C:/Users/huang/workspace/MASG/Output_FI/2020_02_09_10_28_30_AM/SFA_MONTHLY
/CO_oil1/1_insample_level.png>
Package pdftex.def Info: C:/Users/huang/workspace/MASG/Output_FI/2020_02_09_10_
28_30_AM/SFA_MONTHLY/CO_oil1/1_insample_level.png  used on input line 454.
(pdftex.def)             Requested size: 264.46837pt x 264.46921pt.
File: C:/Users/huang/workspace/MASG/Output_FI/2020_02_09_10_28_30_AM/SFA_MONTHL
Y/CO_oil1/CO_oil11-Recent-9.png Graphic file (type png)
<use C:/Users/huang/workspace/MASG/Output_FI/2020_02_09_10_28_30_AM/SFA_MONTHLY
/CO_oil1/CO_oil11-Recent-9.png>
Package pdftex.def Info: C:/Users/huang/workspace/MASG/Output_FI/2020_02_09_10_
28_30_AM/SFA_MONTHLY/CO_oil1/CO_oil11-Recent-9.png  used on input line 454.
(pdftex.def)             Requested size: 264.46837pt x 198.35715pt.
File: C:/Users/huang/workspace/MASG/Output_FI/2020_02_09_10_28_30_AM/SFA_MONTHL
Y/CO_oil1/CO_oil11-Acient-9.png Graphic file (type png)
<use C:/Users/huang/workspace/MASG/Output_FI/2020_02_09_10_28_30_AM/SFA_MONTHLY
/CO_oil1/CO_oil11-Acient-9.png>
Package pdftex.def Info: C:/Users/huang/workspace/MASG/Output_FI/2020_02_09_10_
28_30_AM/SFA_MONTHLY/CO_oil1/CO_oil11-Acient-9.png  used on input line 454.
(pdftex.def)             Requested size: 264.46837pt x 198.35715pt.

Overfull \hbox (23.99998pt too wide) in alignment at lines 454--454
[][] 
 []

File: ./Picture/Logo.png Graphic file (type png)
<use ./Picture/Logo.png>
Package pdftex.def Info: ./Picture/Logo.png  used on input line 454.
(pdftex.def)             Requested size: 56.9055pt x 20.55377pt.
[32

 <C:/Users/huang/workspace/MASG/Output_FI/2020_02_09_10_28_30_AM/SFA_MONTHLY/CO
_oil1/1_insample_diff.png> <C:/Users/huang/workspace/MASG/Output_FI/2020_02_09_
10_28_30_AM/SFA_MONTHLY/CO_oil1/1_insample_level.png> <C:/Users/huang/workspace
/MASG/Output_FI/2020_02_09_10_28_30_AM/SFA_MONTHLY/CO_oil1/CO_oil11-Recent-9.pn
g> <C:/Users/huang/workspace/MASG/Output_FI/2020_02_09_10_28_30_AM/SFA_MONTHLY/
CO_oil1/CO_oil11-Acient-9.png>]
File: C:/Users/huang/workspace/MASG/Output_FI/2020_02_09_10_28_30_AM/SFA_MONTHL
Y/CO_oil1/2_insample_diff.png Graphic file (type png)
<use C:/Users/huang/workspace/MASG/Output_FI/2020_02_09_10_28_30_AM/SFA_MONTHLY
/CO_oil1/2_insample_diff.png>
Package pdftex.def Info: C:/Users/huang/workspace/MASG/Output_FI/2020_02_09_10_
28_30_AM/SFA_MONTHLY/CO_oil1/2_insample_diff.png  used on input line 454.
(pdftex.def)             Requested size: 264.46837pt x 264.46921pt.
File: C:/Users/huang/workspace/MASG/Output_FI/2020_02_09_10_28_30_AM/SFA_MONTHL
Y/CO_oil1/2_insample_level.png Graphic file (type png)
<use C:/Users/huang/workspace/MASG/Output_FI/2020_02_09_10_28_30_AM/SFA_MONTHLY
/CO_oil1/2_insample_level.png>
Package pdftex.def Info: C:/Users/huang/workspace/MASG/Output_FI/2020_02_09_10_
28_30_AM/SFA_MONTHLY/CO_oil1/2_insample_level.png  used on input line 454.
(pdftex.def)             Requested size: 264.46837pt x 264.46921pt.
File: C:/Users/huang/workspace/MASG/Output_FI/2020_02_09_10_28_30_AM/SFA_MONTHL
Y/CO_oil1/CO_oil12-Recent-9.png Graphic file (type png)
<use C:/Users/huang/workspace/MASG/Output_FI/2020_02_09_10_28_30_AM/SFA_MONTHLY
/CO_oil1/CO_oil12-Recent-9.png>
Package pdftex.def Info: C:/Users/huang/workspace/MASG/Output_FI/2020_02_09_10_
28_30_AM/SFA_MONTHLY/CO_oil1/CO_oil12-Recent-9.png  used on input line 454.
(pdftex.def)             Requested size: 264.46837pt x 198.35715pt.
File: C:/Users/huang/workspace/MASG/Output_FI/2020_02_09_10_28_30_AM/SFA_MONTHL
Y/CO_oil1/CO_oil12-Acient-9.png Graphic file (type png)
<use C:/Users/huang/workspace/MASG/Output_FI/2020_02_09_10_28_30_AM/SFA_MONTHLY
/CO_oil1/CO_oil12-Acient-9.png>
Package pdftex.def Info: C:/Users/huang/workspace/MASG/Output_FI/2020_02_09_10_
28_30_AM/SFA_MONTHLY/CO_oil1/CO_oil12-Acient-9.png  used on input line 454.
(pdftex.def)             Requested size: 264.46837pt x 198.35715pt.

Overfull \hbox (23.99998pt too wide) in alignment at lines 454--454
[][] 
 []

File: ./Picture/Logo.png Graphic file (type png)
<use ./Picture/Logo.png>
Package pdftex.def Info: ./Picture/Logo.png  used on input line 454.
(pdftex.def)             Requested size: 56.9055pt x 20.55377pt.
[33 <C:/Users/huang/workspace/MASG/Output_FI/2020_02_09_10_28_30_AM/SFA_MONTHLY
/CO_oil1/2_insample_diff.png> <C:/Users/huang/workspace/MASG/Output_FI/2020_02_
09_10_28_30_AM/SFA_MONTHLY/CO_oil1/2_insample_level.png> <C:/Users/huang/worksp
ace/MASG/Output_FI/2020_02_09_10_28_30_AM/SFA_MONTHLY/CO_oil1/CO_oil12-Recent-9
.png> <C:/Users/huang/workspace/MASG/Output_FI/2020_02_09_10_28_30_AM/SFA_MONTH
LY/CO_oil1/CO_oil12-Acient-9.png>]
File: C:/Users/huang/workspace/MASG/Output_FI/2020_02_09_10_28_30_AM/SFA_MONTHL
Y/CO_oil1/3_insample_diff.png Graphic file (type png)
<use C:/Users/huang/workspace/MASG/Output_FI/2020_02_09_10_28_30_AM/SFA_MONTHLY
/CO_oil1/3_insample_diff.png>
Package pdftex.def Info: C:/Users/huang/workspace/MASG/Output_FI/2020_02_09_10_
28_30_AM/SFA_MONTHLY/CO_oil1/3_insample_diff.png  used on input line 454.
(pdftex.def)             Requested size: 264.46837pt x 264.46921pt.
File: C:/Users/huang/workspace/MASG/Output_FI/2020_02_09_10_28_30_AM/SFA_MONTHL
Y/CO_oil1/3_insample_level.png Graphic file (type png)
<use C:/Users/huang/workspace/MASG/Output_FI/2020_02_09_10_28_30_AM/SFA_MONTHLY
/CO_oil1/3_insample_level.png>
Package pdftex.def Info: C:/Users/huang/workspace/MASG/Output_FI/2020_02_09_10_
28_30_AM/SFA_MONTHLY/CO_oil1/3_insample_level.png  used on input line 454.
(pdftex.def)             Requested size: 264.46837pt x 264.46921pt.
File: C:/Users/huang/workspace/MASG/Output_FI/2020_02_09_10_28_30_AM/SFA_MONTHL
Y/CO_oil1/CO_oil13-Recent-9.png Graphic file (type png)
<use C:/Users/huang/workspace/MASG/Output_FI/2020_02_09_10_28_30_AM/SFA_MONTHLY
/CO_oil1/CO_oil13-Recent-9.png>
Package pdftex.def Info: C:/Users/huang/workspace/MASG/Output_FI/2020_02_09_10_
28_30_AM/SFA_MONTHLY/CO_oil1/CO_oil13-Recent-9.png  used on input line 454.
(pdftex.def)             Requested size: 264.46837pt x 198.35715pt.
File: C:/Users/huang/workspace/MASG/Output_FI/2020_02_09_10_28_30_AM/SFA_MONTHL
Y/CO_oil1/CO_oil13-Acient-9.png Graphic file (type png)
<use C:/Users/huang/workspace/MASG/Output_FI/2020_02_09_10_28_30_AM/SFA_MONTHLY
/CO_oil1/CO_oil13-Acient-9.png>
Package pdftex.def Info: C:/Users/huang/workspace/MASG/Output_FI/2020_02_09_10_
28_30_AM/SFA_MONTHLY/CO_oil1/CO_oil13-Acient-9.png  used on input line 454.
(pdftex.def)             Requested size: 264.46837pt x 198.35715pt.

Overfull \hbox (23.99998pt too wide) in alignment at lines 454--454
[][] 
 []

File: ./Picture/Logo.png Graphic file (type png)
<use ./Picture/Logo.png>
Package pdftex.def Info: ./Picture/Logo.png  used on input line 454.
(pdftex.def)             Requested size: 56.9055pt x 20.55377pt.
[34 <C:/Users/huang/workspace/MASG/Output_FI/2020_02_09_10_28_30_AM/SFA_MONTHLY
/CO_oil1/3_insample_diff.png> <C:/Users/huang/workspace/MASG/Output_FI/2020_02_
09_10_28_30_AM/SFA_MONTHLY/CO_oil1/3_insample_level.png> <C:/Users/huang/worksp
ace/MASG/Output_FI/2020_02_09_10_28_30_AM/SFA_MONTHLY/CO_oil1/CO_oil13-Recent-9
.png> <C:/Users/huang/workspace/MASG/Output_FI/2020_02_09_10_28_30_AM/SFA_MONTH
LY/CO_oil1/CO_oil13-Acient-9.png>]
File: C:/Users/huang/workspace/MASG/Output_FI/2020_02_09_10_28_30_AM/SFA_MONTHL
Y/CO_oil1/4_insample_diff.png Graphic file (type png)
<use C:/Users/huang/workspace/MASG/Output_FI/2020_02_09_10_28_30_AM/SFA_MONTHLY
/CO_oil1/4_insample_diff.png>
Package pdftex.def Info: C:/Users/huang/workspace/MASG/Output_FI/2020_02_09_10_
28_30_AM/SFA_MONTHLY/CO_oil1/4_insample_diff.png  used on input line 454.
(pdftex.def)             Requested size: 264.46837pt x 264.46921pt.
File: C:/Users/huang/workspace/MASG/Output_FI/2020_02_09_10_28_30_AM/SFA_MONTHL
Y/CO_oil1/4_insample_level.png Graphic file (type png)
<use C:/Users/huang/workspace/MASG/Output_FI/2020_02_09_10_28_30_AM/SFA_MONTHLY
/CO_oil1/4_insample_level.png>
Package pdftex.def Info: C:/Users/huang/workspace/MASG/Output_FI/2020_02_09_10_
28_30_AM/SFA_MONTHLY/CO_oil1/4_insample_level.png  used on input line 454.
(pdftex.def)             Requested size: 264.46837pt x 264.46921pt.
File: C:/Users/huang/workspace/MASG/Output_FI/2020_02_09_10_28_30_AM/SFA_MONTHL
Y/CO_oil1/CO_oil14-Recent-9.png Graphic file (type png)
<use C:/Users/huang/workspace/MASG/Output_FI/2020_02_09_10_28_30_AM/SFA_MONTHLY
/CO_oil1/CO_oil14-Recent-9.png>
Package pdftex.def Info: C:/Users/huang/workspace/MASG/Output_FI/2020_02_09_10_
28_30_AM/SFA_MONTHLY/CO_oil1/CO_oil14-Recent-9.png  used on input line 454.
(pdftex.def)             Requested size: 264.46837pt x 198.35715pt.
File: C:/Users/huang/workspace/MASG/Output_FI/2020_02_09_10_28_30_AM/SFA_MONTHL
Y/CO_oil1/CO_oil14-Acient-9.png Graphic file (type png)
<use C:/Users/huang/workspace/MASG/Output_FI/2020_02_09_10_28_30_AM/SFA_MONTHLY
/CO_oil1/CO_oil14-Acient-9.png>
Package pdftex.def Info: C:/Users/huang/workspace/MASG/Output_FI/2020_02_09_10_
28_30_AM/SFA_MONTHLY/CO_oil1/CO_oil14-Acient-9.png  used on input line 454.
(pdftex.def)             Requested size: 264.46837pt x 198.35715pt.

Overfull \hbox (23.99998pt too wide) in alignment at lines 454--454
[][] 
 []

File: ./Picture/Logo.png Graphic file (type png)
<use ./Picture/Logo.png>
Package pdftex.def Info: ./Picture/Logo.png  used on input line 454.
(pdftex.def)             Requested size: 56.9055pt x 20.55377pt.
[35 <C:/Users/huang/workspace/MASG/Output_FI/2020_02_09_10_28_30_AM/SFA_MONTHLY
/CO_oil1/4_insample_diff.png> <C:/Users/huang/workspace/MASG/Output_FI/2020_02_
09_10_28_30_AM/SFA_MONTHLY/CO_oil1/4_insample_level.png> <C:/Users/huang/worksp
ace/MASG/Output_FI/2020_02_09_10_28_30_AM/SFA_MONTHLY/CO_oil1/CO_oil14-Recent-9
.png> <C:/Users/huang/workspace/MASG/Output_FI/2020_02_09_10_28_30_AM/SFA_MONTH
LY/CO_oil1/CO_oil14-Acient-9.png>]
File: C:/Users/huang/workspace/MASG/Output_FI/2020_02_09_10_28_30_AM/SFA_MONTHL
Y/CO_oil1/5_insample_diff.png Graphic file (type png)
<use C:/Users/huang/workspace/MASG/Output_FI/2020_02_09_10_28_30_AM/SFA_MONTHLY
/CO_oil1/5_insample_diff.png>
Package pdftex.def Info: C:/Users/huang/workspace/MASG/Output_FI/2020_02_09_10_
28_30_AM/SFA_MONTHLY/CO_oil1/5_insample_diff.png  used on input line 454.
(pdftex.def)             Requested size: 264.46837pt x 264.46921pt.
File: C:/Users/huang/workspace/MASG/Output_FI/2020_02_09_10_28_30_AM/SFA_MONTHL
Y/CO_oil1/5_insample_level.png Graphic file (type png)
<use C:/Users/huang/workspace/MASG/Output_FI/2020_02_09_10_28_30_AM/SFA_MONTHLY
/CO_oil1/5_insample_level.png>
Package pdftex.def Info: C:/Users/huang/workspace/MASG/Output_FI/2020_02_09_10_
28_30_AM/SFA_MONTHLY/CO_oil1/5_insample_level.png  used on input line 454.
(pdftex.def)             Requested size: 264.46837pt x 264.46921pt.
File: C:/Users/huang/workspace/MASG/Output_FI/2020_02_09_10_28_30_AM/SFA_MONTHL
Y/CO_oil1/CO_oil15-Recent-9.png Graphic file (type png)
<use C:/Users/huang/workspace/MASG/Output_FI/2020_02_09_10_28_30_AM/SFA_MONTHLY
/CO_oil1/CO_oil15-Recent-9.png>
Package pdftex.def Info: C:/Users/huang/workspace/MASG/Output_FI/2020_02_09_10_
28_30_AM/SFA_MONTHLY/CO_oil1/CO_oil15-Recent-9.png  used on input line 454.
(pdftex.def)             Requested size: 264.46837pt x 198.35715pt.
File: C:/Users/huang/workspace/MASG/Output_FI/2020_02_09_10_28_30_AM/SFA_MONTHL
Y/CO_oil1/CO_oil15-Acient-9.png Graphic file (type png)
<use C:/Users/huang/workspace/MASG/Output_FI/2020_02_09_10_28_30_AM/SFA_MONTHLY
/CO_oil1/CO_oil15-Acient-9.png>
Package pdftex.def Info: C:/Users/huang/workspace/MASG/Output_FI/2020_02_09_10_
28_30_AM/SFA_MONTHLY/CO_oil1/CO_oil15-Acient-9.png  used on input line 454.
(pdftex.def)             Requested size: 264.46837pt x 198.35715pt.

Overfull \hbox (23.99998pt too wide) in alignment at lines 454--454
[][] 
 []

File: ./Picture/Logo.png Graphic file (type png)
<use ./Picture/Logo.png>
Package pdftex.def Info: ./Picture/Logo.png  used on input line 454.
(pdftex.def)             Requested size: 56.9055pt x 20.55377pt.
[36 <C:/Users/huang/workspace/MASG/Output_FI/2020_02_09_10_28_30_AM/SFA_MONTHLY
/CO_oil1/5_insample_diff.png> <C:/Users/huang/workspace/MASG/Output_FI/2020_02_
09_10_28_30_AM/SFA_MONTHLY/CO_oil1/5_insample_level.png> <C:/Users/huang/worksp
ace/MASG/Output_FI/2020_02_09_10_28_30_AM/SFA_MONTHLY/CO_oil1/CO_oil15-Recent-9
.png> <C:/Users/huang/workspace/MASG/Output_FI/2020_02_09_10_28_30_AM/SFA_MONTH
LY/CO_oil1/CO_oil15-Acient-9.png>]
File: C:/Users/huang/workspace/MASG/Output_FI/2020_02_09_10_28_30_AM/SFA_MONTHL
Y/CO_oil1/6_insample_diff.png Graphic file (type png)
<use C:/Users/huang/workspace/MASG/Output_FI/2020_02_09_10_28_30_AM/SFA_MONTHLY
/CO_oil1/6_insample_diff.png>
Package pdftex.def Info: C:/Users/huang/workspace/MASG/Output_FI/2020_02_09_10_
28_30_AM/SFA_MONTHLY/CO_oil1/6_insample_diff.png  used on input line 454.
(pdftex.def)             Requested size: 264.46837pt x 264.46921pt.
File: C:/Users/huang/workspace/MASG/Output_FI/2020_02_09_10_28_30_AM/SFA_MONTHL
Y/CO_oil1/6_insample_level.png Graphic file (type png)
<use C:/Users/huang/workspace/MASG/Output_FI/2020_02_09_10_28_30_AM/SFA_MONTHLY
/CO_oil1/6_insample_level.png>
Package pdftex.def Info: C:/Users/huang/workspace/MASG/Output_FI/2020_02_09_10_
28_30_AM/SFA_MONTHLY/CO_oil1/6_insample_level.png  used on input line 454.
(pdftex.def)             Requested size: 264.46837pt x 264.46921pt.
File: C:/Users/huang/workspace/MASG/Output_FI/2020_02_09_10_28_30_AM/SFA_MONTHL
Y/CO_oil1/CO_oil16-Recent-9.png Graphic file (type png)
<use C:/Users/huang/workspace/MASG/Output_FI/2020_02_09_10_28_30_AM/SFA_MONTHLY
/CO_oil1/CO_oil16-Recent-9.png>
Package pdftex.def Info: C:/Users/huang/workspace/MASG/Output_FI/2020_02_09_10_
28_30_AM/SFA_MONTHLY/CO_oil1/CO_oil16-Recent-9.png  used on input line 454.
(pdftex.def)             Requested size: 264.46837pt x 198.35715pt.
File: C:/Users/huang/workspace/MASG/Output_FI/2020_02_09_10_28_30_AM/SFA_MONTHL
Y/CO_oil1/CO_oil16-Acient-9.png Graphic file (type png)
<use C:/Users/huang/workspace/MASG/Output_FI/2020_02_09_10_28_30_AM/SFA_MONTHLY
/CO_oil1/CO_oil16-Acient-9.png>
Package pdftex.def Info: C:/Users/huang/workspace/MASG/Output_FI/2020_02_09_10_
28_30_AM/SFA_MONTHLY/CO_oil1/CO_oil16-Acient-9.png  used on input line 454.
(pdftex.def)             Requested size: 264.46837pt x 198.35715pt.

Overfull \hbox (23.99998pt too wide) in alignment at lines 454--454
[][] 
 []

File: ./Picture/Logo.png Graphic file (type png)
<use ./Picture/Logo.png>
Package pdftex.def Info: ./Picture/Logo.png  used on input line 454.
(pdftex.def)             Requested size: 56.9055pt x 20.55377pt.
[37 <C:/Users/huang/workspace/MASG/Output_FI/2020_02_09_10_28_30_AM/SFA_MONTHLY
/CO_oil1/6_insample_diff.png> <C:/Users/huang/workspace/MASG/Output_FI/2020_02_
09_10_28_30_AM/SFA_MONTHLY/CO_oil1/6_insample_level.png> <C:/Users/huang/worksp
ace/MASG/Output_FI/2020_02_09_10_28_30_AM/SFA_MONTHLY/CO_oil1/CO_oil16-Recent-9
.png> <C:/Users/huang/workspace/MASG/Output_FI/2020_02_09_10_28_30_AM/SFA_MONTH
LY/CO_oil1/CO_oil16-Acient-9.png>]
File: C:/Users/huang/workspace/MASG/Output_FI/2020_02_09_10_28_30_AM/SFA_MONTHL
Y/CO_oil1/7_insample_diff.png Graphic file (type png)
<use C:/Users/huang/workspace/MASG/Output_FI/2020_02_09_10_28_30_AM/SFA_MONTHLY
/CO_oil1/7_insample_diff.png>
Package pdftex.def Info: C:/Users/huang/workspace/MASG/Output_FI/2020_02_09_10_
28_30_AM/SFA_MONTHLY/CO_oil1/7_insample_diff.png  used on input line 454.
(pdftex.def)             Requested size: 264.46837pt x 264.46921pt.
File: C:/Users/huang/workspace/MASG/Output_FI/2020_02_09_10_28_30_AM/SFA_MONTHL
Y/CO_oil1/7_insample_level.png Graphic file (type png)
<use C:/Users/huang/workspace/MASG/Output_FI/2020_02_09_10_28_30_AM/SFA_MONTHLY
/CO_oil1/7_insample_level.png>
Package pdftex.def Info: C:/Users/huang/workspace/MASG/Output_FI/2020_02_09_10_
28_30_AM/SFA_MONTHLY/CO_oil1/7_insample_level.png  used on input line 454.
(pdftex.def)             Requested size: 264.46837pt x 264.46921pt.
File: C:/Users/huang/workspace/MASG/Output_FI/2020_02_09_10_28_30_AM/SFA_MONTHL
Y/CO_oil1/CO_oil17-Recent-9.png Graphic file (type png)
<use C:/Users/huang/workspace/MASG/Output_FI/2020_02_09_10_28_30_AM/SFA_MONTHLY
/CO_oil1/CO_oil17-Recent-9.png>
Package pdftex.def Info: C:/Users/huang/workspace/MASG/Output_FI/2020_02_09_10_
28_30_AM/SFA_MONTHLY/CO_oil1/CO_oil17-Recent-9.png  used on input line 454.
(pdftex.def)             Requested size: 264.46837pt x 198.35715pt.
File: C:/Users/huang/workspace/MASG/Output_FI/2020_02_09_10_28_30_AM/SFA_MONTHL
Y/CO_oil1/CO_oil17-Acient-9.png Graphic file (type png)
<use C:/Users/huang/workspace/MASG/Output_FI/2020_02_09_10_28_30_AM/SFA_MONTHLY
/CO_oil1/CO_oil17-Acient-9.png>
Package pdftex.def Info: C:/Users/huang/workspace/MASG/Output_FI/2020_02_09_10_
28_30_AM/SFA_MONTHLY/CO_oil1/CO_oil17-Acient-9.png  used on input line 454.
(pdftex.def)             Requested size: 264.46837pt x 198.35715pt.

Overfull \hbox (23.99998pt too wide) in alignment at lines 454--454
[][] 
 []

File: ./Picture/Logo.png Graphic file (type png)
<use ./Picture/Logo.png>
Package pdftex.def Info: ./Picture/Logo.png  used on input line 454.
(pdftex.def)             Requested size: 56.9055pt x 20.55377pt.
[38 <C:/Users/huang/workspace/MASG/Output_FI/2020_02_09_10_28_30_AM/SFA_MONTHLY
/CO_oil1/7_insample_diff.png> <C:/Users/huang/workspace/MASG/Output_FI/2020_02_
09_10_28_30_AM/SFA_MONTHLY/CO_oil1/7_insample_level.png> <C:/Users/huang/worksp
ace/MASG/Output_FI/2020_02_09_10_28_30_AM/SFA_MONTHLY/CO_oil1/CO_oil17-Recent-9
.png> <C:/Users/huang/workspace/MASG/Output_FI/2020_02_09_10_28_30_AM/SFA_MONTH
LY/CO_oil1/CO_oil17-Acient-9.png>]
File: C:/Users/huang/workspace/MASG/Output_FI/2020_02_09_10_28_30_AM/SFA_MONTHL
Y/CO_oil1/8_insample_diff.png Graphic file (type png)
<use C:/Users/huang/workspace/MASG/Output_FI/2020_02_09_10_28_30_AM/SFA_MONTHLY
/CO_oil1/8_insample_diff.png>
Package pdftex.def Info: C:/Users/huang/workspace/MASG/Output_FI/2020_02_09_10_
28_30_AM/SFA_MONTHLY/CO_oil1/8_insample_diff.png  used on input line 454.
(pdftex.def)             Requested size: 264.46837pt x 264.46921pt.
File: C:/Users/huang/workspace/MASG/Output_FI/2020_02_09_10_28_30_AM/SFA_MONTHL
Y/CO_oil1/8_insample_level.png Graphic file (type png)
<use C:/Users/huang/workspace/MASG/Output_FI/2020_02_09_10_28_30_AM/SFA_MONTHLY
/CO_oil1/8_insample_level.png>
Package pdftex.def Info: C:/Users/huang/workspace/MASG/Output_FI/2020_02_09_10_
28_30_AM/SFA_MONTHLY/CO_oil1/8_insample_level.png  used on input line 454.
(pdftex.def)             Requested size: 264.46837pt x 264.46921pt.
File: C:/Users/huang/workspace/MASG/Output_FI/2020_02_09_10_28_30_AM/SFA_MONTHL
Y/CO_oil1/CO_oil18-Recent-9.png Graphic file (type png)
<use C:/Users/huang/workspace/MASG/Output_FI/2020_02_09_10_28_30_AM/SFA_MONTHLY
/CO_oil1/CO_oil18-Recent-9.png>
Package pdftex.def Info: C:/Users/huang/workspace/MASG/Output_FI/2020_02_09_10_
28_30_AM/SFA_MONTHLY/CO_oil1/CO_oil18-Recent-9.png  used on input line 454.
(pdftex.def)             Requested size: 264.46837pt x 198.35715pt.
File: C:/Users/huang/workspace/MASG/Output_FI/2020_02_09_10_28_30_AM/SFA_MONTHL
Y/CO_oil1/CO_oil18-Acient-9.png Graphic file (type png)
<use C:/Users/huang/workspace/MASG/Output_FI/2020_02_09_10_28_30_AM/SFA_MONTHLY
/CO_oil1/CO_oil18-Acient-9.png>
Package pdftex.def Info: C:/Users/huang/workspace/MASG/Output_FI/2020_02_09_10_
28_30_AM/SFA_MONTHLY/CO_oil1/CO_oil18-Acient-9.png  used on input line 454.
(pdftex.def)             Requested size: 264.46837pt x 198.35715pt.

Overfull \hbox (23.99998pt too wide) in alignment at lines 454--454
[][] 
 []

File: ./Picture/Logo.png Graphic file (type png)
<use ./Picture/Logo.png>
Package pdftex.def Info: ./Picture/Logo.png  used on input line 454.
(pdftex.def)             Requested size: 56.9055pt x 20.55377pt.
[39 <C:/Users/huang/workspace/MASG/Output_FI/2020_02_09_10_28_30_AM/SFA_MONTHLY
/CO_oil1/8_insample_diff.png> <C:/Users/huang/workspace/MASG/Output_FI/2020_02_
09_10_28_30_AM/SFA_MONTHLY/CO_oil1/8_insample_level.png> <C:/Users/huang/worksp
ace/MASG/Output_FI/2020_02_09_10_28_30_AM/SFA_MONTHLY/CO_oil1/CO_oil18-Recent-9
.png> <C:/Users/huang/workspace/MASG/Output_FI/2020_02_09_10_28_30_AM/SFA_MONTH
LY/CO_oil1/CO_oil18-Acient-9.png>]
File: C:/Users/huang/workspace/MASG/Output_FI/2020_02_09_10_28_30_AM/SFA_MONTHL
Y/CO_oil1/9_insample_diff.png Graphic file (type png)
<use C:/Users/huang/workspace/MASG/Output_FI/2020_02_09_10_28_30_AM/SFA_MONTHLY
/CO_oil1/9_insample_diff.png>
Package pdftex.def Info: C:/Users/huang/workspace/MASG/Output_FI/2020_02_09_10_
28_30_AM/SFA_MONTHLY/CO_oil1/9_insample_diff.png  used on input line 454.
(pdftex.def)             Requested size: 264.46837pt x 264.46921pt.
File: C:/Users/huang/workspace/MASG/Output_FI/2020_02_09_10_28_30_AM/SFA_MONTHL
Y/CO_oil1/9_insample_level.png Graphic file (type png)
<use C:/Users/huang/workspace/MASG/Output_FI/2020_02_09_10_28_30_AM/SFA_MONTHLY
/CO_oil1/9_insample_level.png>
Package pdftex.def Info: C:/Users/huang/workspace/MASG/Output_FI/2020_02_09_10_
28_30_AM/SFA_MONTHLY/CO_oil1/9_insample_level.png  used on input line 454.
(pdftex.def)             Requested size: 264.46837pt x 264.46921pt.
File: C:/Users/huang/workspace/MASG/Output_FI/2020_02_09_10_28_30_AM/SFA_MONTHL
Y/CO_oil1/CO_oil19-Recent-9.png Graphic file (type png)
<use C:/Users/huang/workspace/MASG/Output_FI/2020_02_09_10_28_30_AM/SFA_MONTHLY
/CO_oil1/CO_oil19-Recent-9.png>
Package pdftex.def Info: C:/Users/huang/workspace/MASG/Output_FI/2020_02_09_10_
28_30_AM/SFA_MONTHLY/CO_oil1/CO_oil19-Recent-9.png  used on input line 454.
(pdftex.def)             Requested size: 264.46837pt x 198.35715pt.
File: C:/Users/huang/workspace/MASG/Output_FI/2020_02_09_10_28_30_AM/SFA_MONTHL
Y/CO_oil1/CO_oil19-Acient-9.png Graphic file (type png)
<use C:/Users/huang/workspace/MASG/Output_FI/2020_02_09_10_28_30_AM/SFA_MONTHLY
/CO_oil1/CO_oil19-Acient-9.png>
Package pdftex.def Info: C:/Users/huang/workspace/MASG/Output_FI/2020_02_09_10_
28_30_AM/SFA_MONTHLY/CO_oil1/CO_oil19-Acient-9.png  used on input line 454.
(pdftex.def)             Requested size: 264.46837pt x 198.35715pt.

Overfull \hbox (23.99998pt too wide) in alignment at lines 454--454
[][] 
 []

File: ./Picture/Logo.png Graphic file (type png)
<use ./Picture/Logo.png>
Package pdftex.def Info: ./Picture/Logo.png  used on input line 454.
(pdftex.def)             Requested size: 56.9055pt x 20.55377pt.
[40 <C:/Users/huang/workspace/MASG/Output_FI/2020_02_09_10_28_30_AM/SFA_MONTHLY
/CO_oil1/9_insample_diff.png> <C:/Users/huang/workspace/MASG/Output_FI/2020_02_
09_10_28_30_AM/SFA_MONTHLY/CO_oil1/9_insample_level.png> <C:/Users/huang/worksp
ace/MASG/Output_FI/2020_02_09_10_28_30_AM/SFA_MONTHLY/CO_oil1/CO_oil19-Recent-9
.png> <C:/Users/huang/workspace/MASG/Output_FI/2020_02_09_10_28_30_AM/SFA_MONTH
LY/CO_oil1/CO_oil19-Acient-9.png>]
File: C:/Users/huang/workspace/MASG/Output_FI/2020_02_09_10_28_30_AM/SFA_MONTHL
Y/CO_oil1/10_insample_diff.png Graphic file (type png)
<use C:/Users/huang/workspace/MASG/Output_FI/2020_02_09_10_28_30_AM/SFA_MONTHLY
/CO_oil1/10_insample_diff.png>
Package pdftex.def Info: C:/Users/huang/workspace/MASG/Output_FI/2020_02_09_10_
28_30_AM/SFA_MONTHLY/CO_oil1/10_insample_diff.png  used on input line 454.
(pdftex.def)             Requested size: 264.46837pt x 264.46921pt.
File: C:/Users/huang/workspace/MASG/Output_FI/2020_02_09_10_28_30_AM/SFA_MONTHL
Y/CO_oil1/10_insample_level.png Graphic file (type png)
<use C:/Users/huang/workspace/MASG/Output_FI/2020_02_09_10_28_30_AM/SFA_MONTHLY
/CO_oil1/10_insample_level.png>
Package pdftex.def Info: C:/Users/huang/workspace/MASG/Output_FI/2020_02_09_10_
28_30_AM/SFA_MONTHLY/CO_oil1/10_insample_level.png  used on input line 454.
(pdftex.def)             Requested size: 264.46837pt x 264.46921pt.
File: C:/Users/huang/workspace/MASG/Output_FI/2020_02_09_10_28_30_AM/SFA_MONTHL
Y/CO_oil1/CO_oil110-Recent-9.png Graphic file (type png)
<use C:/Users/huang/workspace/MASG/Output_FI/2020_02_09_10_28_30_AM/SFA_MONTHLY
/CO_oil1/CO_oil110-Recent-9.png>
Package pdftex.def Info: C:/Users/huang/workspace/MASG/Output_FI/2020_02_09_10_
28_30_AM/SFA_MONTHLY/CO_oil1/CO_oil110-Recent-9.png  used on input line 454.
(pdftex.def)             Requested size: 264.46837pt x 198.35715pt.
File: C:/Users/huang/workspace/MASG/Output_FI/2020_02_09_10_28_30_AM/SFA_MONTHL
Y/CO_oil1/CO_oil110-Acient-9.png Graphic file (type png)
<use C:/Users/huang/workspace/MASG/Output_FI/2020_02_09_10_28_30_AM/SFA_MONTHLY
/CO_oil1/CO_oil110-Acient-9.png>
Package pdftex.def Info: C:/Users/huang/workspace/MASG/Output_FI/2020_02_09_10_
28_30_AM/SFA_MONTHLY/CO_oil1/CO_oil110-Acient-9.png  used on input line 454.
(pdftex.def)             Requested size: 264.46837pt x 198.35715pt.

Overfull \hbox (23.99998pt too wide) in alignment at lines 454--454
[][] 
 []

File: ./Picture/Logo.png Graphic file (type png)
<use ./Picture/Logo.png>
Package pdftex.def Info: ./Picture/Logo.png  used on input line 454.
(pdftex.def)             Requested size: 56.9055pt x 20.55377pt.
[41 <C:/Users/huang/workspace/MASG/Output_FI/2020_02_09_10_28_30_AM/SFA_MONTHLY
/CO_oil1/10_insample_diff.png> <C:/Users/huang/workspace/MASG/Output_FI/2020_02
_09_10_28_30_AM/SFA_MONTHLY/CO_oil1/10_insample_level.png> <C:/Users/huang/work
space/MASG/Output_FI/2020_02_09_10_28_30_AM/SFA_MONTHLY/CO_oil1/CO_oil110-Recen
t-9.png> <C:/Users/huang/workspace/MASG/Output_FI/2020_02_09_10_28_30_AM/SFA_MO
NTHLY/CO_oil1/CO_oil110-Acient-9.png>]
File: C:/Users/huang/workspace/MASG/Output_FI/2020_02_09_10_28_30_AM/SFA_MONTHL
Y/CO_oil1/11_insample_diff.png Graphic file (type png)
<use C:/Users/huang/workspace/MASG/Output_FI/2020_02_09_10_28_30_AM/SFA_MONTHLY
/CO_oil1/11_insample_diff.png>
Package pdftex.def Info: C:/Users/huang/workspace/MASG/Output_FI/2020_02_09_10_
28_30_AM/SFA_MONTHLY/CO_oil1/11_insample_diff.png  used on input line 454.
(pdftex.def)             Requested size: 264.46837pt x 264.46921pt.
File: C:/Users/huang/workspace/MASG/Output_FI/2020_02_09_10_28_30_AM/SFA_MONTHL
Y/CO_oil1/11_insample_level.png Graphic file (type png)
<use C:/Users/huang/workspace/MASG/Output_FI/2020_02_09_10_28_30_AM/SFA_MONTHLY
/CO_oil1/11_insample_level.png>
Package pdftex.def Info: C:/Users/huang/workspace/MASG/Output_FI/2020_02_09_10_
28_30_AM/SFA_MONTHLY/CO_oil1/11_insample_level.png  used on input line 454.
(pdftex.def)             Requested size: 264.46837pt x 264.46921pt.
File: C:/Users/huang/workspace/MASG/Output_FI/2020_02_09_10_28_30_AM/SFA_MONTHL
Y/CO_oil1/CO_oil111-Recent-9.png Graphic file (type png)
<use C:/Users/huang/workspace/MASG/Output_FI/2020_02_09_10_28_30_AM/SFA_MONTHLY
/CO_oil1/CO_oil111-Recent-9.png>
Package pdftex.def Info: C:/Users/huang/workspace/MASG/Output_FI/2020_02_09_10_
28_30_AM/SFA_MONTHLY/CO_oil1/CO_oil111-Recent-9.png  used on input line 454.
(pdftex.def)             Requested size: 264.46837pt x 198.35715pt.
File: C:/Users/huang/workspace/MASG/Output_FI/2020_02_09_10_28_30_AM/SFA_MONTHL
Y/CO_oil1/CO_oil111-Acient-9.png Graphic file (type png)
<use C:/Users/huang/workspace/MASG/Output_FI/2020_02_09_10_28_30_AM/SFA_MONTHLY
/CO_oil1/CO_oil111-Acient-9.png>
Package pdftex.def Info: C:/Users/huang/workspace/MASG/Output_FI/2020_02_09_10_
28_30_AM/SFA_MONTHLY/CO_oil1/CO_oil111-Acient-9.png  used on input line 454.
(pdftex.def)             Requested size: 264.46837pt x 198.35715pt.

Overfull \hbox (23.99998pt too wide) in alignment at lines 454--454
[][] 
 []

File: ./Picture/Logo.png Graphic file (type png)
<use ./Picture/Logo.png>
Package pdftex.def Info: ./Picture/Logo.png  used on input line 454.
(pdftex.def)             Requested size: 56.9055pt x 20.55377pt.
[42 <C:/Users/huang/workspace/MASG/Output_FI/2020_02_09_10_28_30_AM/SFA_MONTHLY
/CO_oil1/11_insample_diff.png> <C:/Users/huang/workspace/MASG/Output_FI/2020_02
_09_10_28_30_AM/SFA_MONTHLY/CO_oil1/11_insample_level.png> <C:/Users/huang/work
space/MASG/Output_FI/2020_02_09_10_28_30_AM/SFA_MONTHLY/CO_oil1/CO_oil111-Recen
t-9.png> <C:/Users/huang/workspace/MASG/Output_FI/2020_02_09_10_28_30_AM/SFA_MO
NTHLY/CO_oil1/CO_oil111-Acient-9.png>]
File: C:/Users/huang/workspace/MASG/Output_FI/2020_02_09_10_28_30_AM/SFA_MONTHL
Y/CO_oil1/12_insample_diff.png Graphic file (type png)
<use C:/Users/huang/workspace/MASG/Output_FI/2020_02_09_10_28_30_AM/SFA_MONTHLY
/CO_oil1/12_insample_diff.png>
Package pdftex.def Info: C:/Users/huang/workspace/MASG/Output_FI/2020_02_09_10_
28_30_AM/SFA_MONTHLY/CO_oil1/12_insample_diff.png  used on input line 454.
(pdftex.def)             Requested size: 264.46837pt x 264.46921pt.
File: C:/Users/huang/workspace/MASG/Output_FI/2020_02_09_10_28_30_AM/SFA_MONTHL
Y/CO_oil1/12_insample_level.png Graphic file (type png)
<use C:/Users/huang/workspace/MASG/Output_FI/2020_02_09_10_28_30_AM/SFA_MONTHLY
/CO_oil1/12_insample_level.png>
Package pdftex.def Info: C:/Users/huang/workspace/MASG/Output_FI/2020_02_09_10_
28_30_AM/SFA_MONTHLY/CO_oil1/12_insample_level.png  used on input line 454.
(pdftex.def)             Requested size: 264.46837pt x 264.46921pt.
File: C:/Users/huang/workspace/MASG/Output_FI/2020_02_09_10_28_30_AM/SFA_MONTHL
Y/CO_oil1/CO_oil112-Recent-9.png Graphic file (type png)
<use C:/Users/huang/workspace/MASG/Output_FI/2020_02_09_10_28_30_AM/SFA_MONTHLY
/CO_oil1/CO_oil112-Recent-9.png>
Package pdftex.def Info: C:/Users/huang/workspace/MASG/Output_FI/2020_02_09_10_
28_30_AM/SFA_MONTHLY/CO_oil1/CO_oil112-Recent-9.png  used on input line 454.
(pdftex.def)             Requested size: 264.46837pt x 198.35715pt.
File: C:/Users/huang/workspace/MASG/Output_FI/2020_02_09_10_28_30_AM/SFA_MONTHL
Y/CO_oil1/CO_oil112-Acient-9.png Graphic file (type png)
<use C:/Users/huang/workspace/MASG/Output_FI/2020_02_09_10_28_30_AM/SFA_MONTHLY
/CO_oil1/CO_oil112-Acient-9.png>
Package pdftex.def Info: C:/Users/huang/workspace/MASG/Output_FI/2020_02_09_10_
28_30_AM/SFA_MONTHLY/CO_oil1/CO_oil112-Acient-9.png  used on input line 454.
(pdftex.def)             Requested size: 264.46837pt x 198.35715pt.

Overfull \hbox (23.99998pt too wide) in alignment at lines 454--454
[][] 
 []

File: ./Picture/Logo.png Graphic file (type png)
<use ./Picture/Logo.png>
Package pdftex.def Info: ./Picture/Logo.png  used on input line 454.
(pdftex.def)             Requested size: 56.9055pt x 20.55377pt.
[43 <C:/Users/huang/workspace/MASG/Output_FI/2020_02_09_10_28_30_AM/SFA_MONTHLY
/CO_oil1/12_insample_diff.png> <C:/Users/huang/workspace/MASG/Output_FI/2020_02
_09_10_28_30_AM/SFA_MONTHLY/CO_oil1/12_insample_level.png> <C:/Users/huang/work
space/MASG/Output_FI/2020_02_09_10_28_30_AM/SFA_MONTHLY/CO_oil1/CO_oil112-Recen
t-9.png> <C:/Users/huang/workspace/MASG/Output_FI/2020_02_09_10_28_30_AM/SFA_MO
NTHLY/CO_oil1/CO_oil112-Acient-9.png>]
! Missing $ inserted.
<inserted text> 
                $
l.454 
      
I've inserted a begin-math/end-math symbol since I think
you left one out. Proceed, with fingers crossed.

! Missing $ inserted.
<inserted text> 
                $
l.454 
      
I've inserted a begin-math/end-math symbol since I think
you left one out. Proceed, with fingers crossed.


Package hyperref Warning: Token not allowed in a PDF string (PDFDocEncoding):
(hyperref)                removing `subscript' on input line 454.


(C:/Users/huang/workspace/MASG/Output_FI/2020_02_09_10_28_30_AM/MFA_MONTHLY/CO_
oil1/MFA_CO_oil1.tex
Overfull \hbox (17.05751pt too wide) in alignment at lines 3--26
 [] [] [] [] [] [] [] [] [] [] [] 
 []


Underfull \vbox (badness 10000) detected at line 26
 []


Overfull \hbox (17.05751pt too wide) in alignment at lines 26--46
 [] [] [] [] [] [] [] [] [] [] [] 
 []

! Missing $ inserted.
<inserted text> 
                $
l.59 \caption{Two Factor Analysis-CO_oil1}
                                          
I've inserted a begin-math/end-math symbol since I think
you left one out. Proceed, with fingers crossed.

! Missing $ inserted.
<inserted text> 
                $
l.59 \caption{Two Factor Analysis-CO_oil1}
                                          
I've inserted a begin-math/end-math symbol since I think
you left one out. Proceed, with fingers crossed.


Overfull \hbox (17.05751pt too wide) in alignment at lines 46--60
 [] [] [] [] [] [] [] [] [] [] [] 
 []


Overfull \vbox (2.12627pt too high) has occurred while \output is active []

File: ./Picture/Logo.png Graphic file (type png)
<use ./Picture/Logo.png>
Package pdftex.def Info: ./Picture/Logo.png  used on input line 60.
(pdftex.def)             Requested size: 56.9055pt x 20.55377pt.

[44

])

! LaTeX Error: There's no line here to end.

See the LaTeX manual or LaTeX Companion for explanation.
Type  H <return>  for immediate help.
 ...                                              
                                                  
l.454 
      
Your command was ignored.
Type  I <command> <return>  to replace it with another command,
or  <return>  to continue without it.


(C:/Users/huang/workspace/MASG/Output_FI/2020_02_09_10_28_30_AM/MFA_MONTHLY/CO_
oil1/MFA_RelevantVariables_CO_oil1.tex
! Missing $ inserted.
<inserted text> 
                $
l.4 \caption{Relevant Variables: CO_oil1}
                                          \\
I've inserted a begin-math/end-math symbol since I think
you left one out. Proceed, with fingers crossed.

! Missing $ inserted.
<inserted text> 
                $
l.4 \caption{Relevant Variables: CO_oil1}
                                          \\
I've inserted a begin-math/end-math symbol since I think
you left one out. Proceed, with fingers crossed.

File: ./Picture/Logo.png Graphic file (type png)
<use ./Picture/Logo.png>
Package pdftex.def Info: ./Picture/Logo.png  used on input line 86.
(pdftex.def)             Requested size: 56.9055pt x 20.55377pt.
[45])
File: ./Picture/Logo.png Graphic file (type png)
<use ./Picture/Logo.png>
Package pdftex.def Info: ./Picture/Logo.png  used on input line 454.
(pdftex.def)             Requested size: 56.9055pt x 20.55377pt.
 [46]
File: C:/Users/huang/workspace/MASG/Output_FI/2020_02_09_10_28_30_AM/MFA_MONTHL
Y/CO_oil1/1_insample_diff.png Graphic file (type png)
<use C:/Users/huang/workspace/MASG/Output_FI/2020_02_09_10_28_30_AM/MFA_MONTHLY
/CO_oil1/1_insample_diff.png>
Package pdftex.def Info: C:/Users/huang/workspace/MASG/Output_FI/2020_02_09_10_
28_30_AM/MFA_MONTHLY/CO_oil1/1_insample_diff.png  used on input line 454.
(pdftex.def)             Requested size: 264.46837pt x 198.35715pt.

Underfull \hbox (badness 10000) in alignment at lines 454--454
[][] 
 []


Underfull \hbox (badness 10000) in alignment at lines 454--454
[] 
 []

File: C:/Users/huang/workspace/MASG/Output_FI/2020_02_09_10_28_30_AM/MFA_MONTHL
Y/CO_oil1/CO_oil11-Recent-9.png Graphic file (type png)
<use C:/Users/huang/workspace/MASG/Output_FI/2020_02_09_10_28_30_AM/MFA_MONTHLY
/CO_oil1/CO_oil11-Recent-9.png>
Package pdftex.def Info: C:/Users/huang/workspace/MASG/Output_FI/2020_02_09_10_
28_30_AM/MFA_MONTHLY/CO_oil1/CO_oil11-Recent-9.png  used on input line 454.
(pdftex.def)             Requested size: 264.46837pt x 198.35715pt.
File: C:/Users/huang/workspace/MASG/Output_FI/2020_02_09_10_28_30_AM/MFA_MONTHL
Y/CO_oil1/CO_oil11-Acient-9.png Graphic file (type png)
<use C:/Users/huang/workspace/MASG/Output_FI/2020_02_09_10_28_30_AM/MFA_MONTHLY
/CO_oil1/CO_oil11-Acient-9.png>
Package pdftex.def Info: C:/Users/huang/workspace/MASG/Output_FI/2020_02_09_10_
28_30_AM/MFA_MONTHLY/CO_oil1/CO_oil11-Acient-9.png  used on input line 454.
(pdftex.def)             Requested size: 264.46837pt x 198.35715pt.
File: C:/Users/huang/workspace/MASG/Output_FI/2020_02_09_10_28_30_AM/MFA_MONTHL
Y/CO_oil1/1_insample_residuals.png Graphic file (type png)
<use C:/Users/huang/workspace/MASG/Output_FI/2020_02_09_10_28_30_AM/MFA_MONTHLY
/CO_oil1/1_insample_residuals.png>
Package pdftex.def Info: C:/Users/huang/workspace/MASG/Output_FI/2020_02_09_10_
28_30_AM/MFA_MONTHLY/CO_oil1/1_insample_residuals.png  used on input line 454.
(pdftex.def)             Requested size: 264.46837pt x 198.35715pt.

Overfull \hbox (23.99998pt too wide) in alignment at lines 454--454
[][] 
 []


Overfull \hbox (15.0pt too wide) in paragraph at lines 454--454
[][] 
 []

File: ./Picture/Logo.png Graphic file (type png)
<use ./Picture/Logo.png>
Package pdftex.def Info: ./Picture/Logo.png  used on input line 454.
(pdftex.def)             Requested size: 56.9055pt x 20.55377pt.
[47

 <C:/Users/huang/workspace/MASG/Output_FI/2020_02_09_10_28_30_AM/MFA_MONTHLY/CO
_oil1/1_insample_diff.png>]
File: ./Picture/Logo.png Graphic file (type png)
<use ./Picture/Logo.png>
Package pdftex.def Info: ./Picture/Logo.png  used on input line 454.
(pdftex.def)             Requested size: 56.9055pt x 20.55377pt.
 [48 <C:/Users/huang/workspace/MASG/Output_FI/2020_02_09_10_28_30_AM/MFA_MONTHL
Y/CO_oil1/CO_oil11-Recent-9.png> <C:/Users/huang/workspace/MASG/Output_FI/2020_
02_09_10_28_30_AM/MFA_MONTHLY/CO_oil1/CO_oil11-Acient-9.png> <C:/Users/huang/wo
rkspace/MASG/Output_FI/2020_02_09_10_28_30_AM/MFA_MONTHLY/CO_oil1/1_insample_re
siduals.png>]
File: C:/Users/huang/workspace/MASG/Output_FI/2020_02_09_10_28_30_AM/MFA_MONTHL
Y/CO_oil1/2_insample_diff.png Graphic file (type png)
<use C:/Users/huang/workspace/MASG/Output_FI/2020_02_09_10_28_30_AM/MFA_MONTHLY
/CO_oil1/2_insample_diff.png>
Package pdftex.def Info: C:/Users/huang/workspace/MASG/Output_FI/2020_02_09_10_
28_30_AM/MFA_MONTHLY/CO_oil1/2_insample_diff.png  used on input line 454.
(pdftex.def)             Requested size: 264.46837pt x 198.35715pt.

Underfull \hbox (badness 10000) in alignment at lines 454--454
[][] 
 []


Underfull \hbox (badness 10000) in alignment at lines 454--454
[] 
 []

File: C:/Users/huang/workspace/MASG/Output_FI/2020_02_09_10_28_30_AM/MFA_MONTHL
Y/CO_oil1/CO_oil12-Recent-9.png Graphic file (type png)
<use C:/Users/huang/workspace/MASG/Output_FI/2020_02_09_10_28_30_AM/MFA_MONTHLY
/CO_oil1/CO_oil12-Recent-9.png>
Package pdftex.def Info: C:/Users/huang/workspace/MASG/Output_FI/2020_02_09_10_
28_30_AM/MFA_MONTHLY/CO_oil1/CO_oil12-Recent-9.png  used on input line 454.
(pdftex.def)             Requested size: 264.46837pt x 198.35715pt.
File: C:/Users/huang/workspace/MASG/Output_FI/2020_02_09_10_28_30_AM/MFA_MONTHL
Y/CO_oil1/CO_oil12-Acient-9.png Graphic file (type png)
<use C:/Users/huang/workspace/MASG/Output_FI/2020_02_09_10_28_30_AM/MFA_MONTHLY
/CO_oil1/CO_oil12-Acient-9.png>
Package pdftex.def Info: C:/Users/huang/workspace/MASG/Output_FI/2020_02_09_10_
28_30_AM/MFA_MONTHLY/CO_oil1/CO_oil12-Acient-9.png  used on input line 454.
(pdftex.def)             Requested size: 264.46837pt x 198.35715pt.
File: C:/Users/huang/workspace/MASG/Output_FI/2020_02_09_10_28_30_AM/MFA_MONTHL
Y/CO_oil1/2_insample_residuals.png Graphic file (type png)
<use C:/Users/huang/workspace/MASG/Output_FI/2020_02_09_10_28_30_AM/MFA_MONTHLY
/CO_oil1/2_insample_residuals.png>
Package pdftex.def Info: C:/Users/huang/workspace/MASG/Output_FI/2020_02_09_10_
28_30_AM/MFA_MONTHLY/CO_oil1/2_insample_residuals.png  used on input line 454.
(pdftex.def)             Requested size: 264.46837pt x 198.35715pt.

Overfull \hbox (23.99998pt too wide) in alignment at lines 454--454
[][] 
 []


Overfull \hbox (15.0pt too wide) in paragraph at lines 454--454
[][] 
 []

File: ./Picture/Logo.png Graphic file (type png)
<use ./Picture/Logo.png>
Package pdftex.def Info: ./Picture/Logo.png  used on input line 454.
(pdftex.def)             Requested size: 56.9055pt x 20.55377pt.
[49 <C:/Users/huang/workspace/MASG/Output_FI/2020_02_09_10_28_30_AM/MFA_MONTHLY
/CO_oil1/2_insample_diff.png>]
File: ./Picture/Logo.png Graphic file (type png)
<use ./Picture/Logo.png>
Package pdftex.def Info: ./Picture/Logo.png  used on input line 454.
(pdftex.def)             Requested size: 56.9055pt x 20.55377pt.
 [50 <C:/Users/huang/workspace/MASG/Output_FI/2020_02_09_10_28_30_AM/MFA_MONTHL
Y/CO_oil1/CO_oil12-Recent-9.png> <C:/Users/huang/workspace/MASG/Output_FI/2020_
02_09_10_28_30_AM/MFA_MONTHLY/CO_oil1/CO_oil12-Acient-9.png> <C:/Users/huang/wo
rkspace/MASG/Output_FI/2020_02_09_10_28_30_AM/MFA_MONTHLY/CO_oil1/2_insample_re
siduals.png>]
File: C:/Users/huang/workspace/MASG/Output_FI/2020_02_09_10_28_30_AM/MFA_MONTHL
Y/CO_oil1/3_insample_diff.png Graphic file (type png)
<use C:/Users/huang/workspace/MASG/Output_FI/2020_02_09_10_28_30_AM/MFA_MONTHLY
/CO_oil1/3_insample_diff.png>
Package pdftex.def Info: C:/Users/huang/workspace/MASG/Output_FI/2020_02_09_10_
28_30_AM/MFA_MONTHLY/CO_oil1/3_insample_diff.png  used on input line 454.
(pdftex.def)             Requested size: 264.46837pt x 198.35715pt.

Underfull \hbox (badness 10000) in alignment at lines 454--454
[][] 
 []


Underfull \hbox (badness 10000) in alignment at lines 454--454
[] 
 []

File: C:/Users/huang/workspace/MASG/Output_FI/2020_02_09_10_28_30_AM/MFA_MONTHL
Y/CO_oil1/CO_oil13-Recent-9.png Graphic file (type png)
<use C:/Users/huang/workspace/MASG/Output_FI/2020_02_09_10_28_30_AM/MFA_MONTHLY
/CO_oil1/CO_oil13-Recent-9.png>
Package pdftex.def Info: C:/Users/huang/workspace/MASG/Output_FI/2020_02_09_10_
28_30_AM/MFA_MONTHLY/CO_oil1/CO_oil13-Recent-9.png  used on input line 454.
(pdftex.def)             Requested size: 264.46837pt x 198.35715pt.
File: C:/Users/huang/workspace/MASG/Output_FI/2020_02_09_10_28_30_AM/MFA_MONTHL
Y/CO_oil1/CO_oil13-Acient-9.png Graphic file (type png)
<use C:/Users/huang/workspace/MASG/Output_FI/2020_02_09_10_28_30_AM/MFA_MONTHLY
/CO_oil1/CO_oil13-Acient-9.png>
Package pdftex.def Info: C:/Users/huang/workspace/MASG/Output_FI/2020_02_09_10_
28_30_AM/MFA_MONTHLY/CO_oil1/CO_oil13-Acient-9.png  used on input line 454.
(pdftex.def)             Requested size: 264.46837pt x 198.35715pt.
File: C:/Users/huang/workspace/MASG/Output_FI/2020_02_09_10_28_30_AM/MFA_MONTHL
Y/CO_oil1/3_insample_residuals.png Graphic file (type png)
<use C:/Users/huang/workspace/MASG/Output_FI/2020_02_09_10_28_30_AM/MFA_MONTHLY
/CO_oil1/3_insample_residuals.png>
Package pdftex.def Info: C:/Users/huang/workspace/MASG/Output_FI/2020_02_09_10_
28_30_AM/MFA_MONTHLY/CO_oil1/3_insample_residuals.png  used on input line 454.
(pdftex.def)             Requested size: 264.46837pt x 198.35715pt.

Overfull \hbox (23.99998pt too wide) in alignment at lines 454--454
[][] 
 []


Overfull \hbox (15.0pt too wide) in paragraph at lines 454--454
[][] 
 []

File: ./Picture/Logo.png Graphic file (type png)
<use ./Picture/Logo.png>
Package pdftex.def Info: ./Picture/Logo.png  used on input line 454.
(pdftex.def)             Requested size: 56.9055pt x 20.55377pt.
[51 <C:/Users/huang/workspace/MASG/Output_FI/2020_02_09_10_28_30_AM/MFA_MONTHLY
/CO_oil1/3_insample_diff.png>]
File: ./Picture/Logo.png Graphic file (type png)
<use ./Picture/Logo.png>
Package pdftex.def Info: ./Picture/Logo.png  used on input line 454.
(pdftex.def)             Requested size: 56.9055pt x 20.55377pt.
 [52 <C:/Users/huang/workspace/MASG/Output_FI/2020_02_09_10_28_30_AM/MFA_MONTHL
Y/CO_oil1/CO_oil13-Recent-9.png> <C:/Users/huang/workspace/MASG/Output_FI/2020_
02_09_10_28_30_AM/MFA_MONTHLY/CO_oil1/CO_oil13-Acient-9.png> <C:/Users/huang/wo
rkspace/MASG/Output_FI/2020_02_09_10_28_30_AM/MFA_MONTHLY/CO_oil1/3_insample_re
siduals.png>]
File: C:/Users/huang/workspace/MASG/Output_FI/2020_02_09_10_28_30_AM/MFA_MONTHL
Y/CO_oil1/4_insample_diff.png Graphic file (type png)
<use C:/Users/huang/workspace/MASG/Output_FI/2020_02_09_10_28_30_AM/MFA_MONTHLY
/CO_oil1/4_insample_diff.png>
Package pdftex.def Info: C:/Users/huang/workspace/MASG/Output_FI/2020_02_09_10_
28_30_AM/MFA_MONTHLY/CO_oil1/4_insample_diff.png  used on input line 454.
(pdftex.def)             Requested size: 264.46837pt x 198.35715pt.

Underfull \hbox (badness 10000) in alignment at lines 454--454
[][] 
 []


Underfull \hbox (badness 10000) in alignment at lines 454--454
[] 
 []

File: C:/Users/huang/workspace/MASG/Output_FI/2020_02_09_10_28_30_AM/MFA_MONTHL
Y/CO_oil1/CO_oil14-Recent-9.png Graphic file (type png)
<use C:/Users/huang/workspace/MASG/Output_FI/2020_02_09_10_28_30_AM/MFA_MONTHLY
/CO_oil1/CO_oil14-Recent-9.png>
Package pdftex.def Info: C:/Users/huang/workspace/MASG/Output_FI/2020_02_09_10_
28_30_AM/MFA_MONTHLY/CO_oil1/CO_oil14-Recent-9.png  used on input line 454.
(pdftex.def)             Requested size: 264.46837pt x 198.35715pt.
File: C:/Users/huang/workspace/MASG/Output_FI/2020_02_09_10_28_30_AM/MFA_MONTHL
Y/CO_oil1/CO_oil14-Acient-9.png Graphic file (type png)
<use C:/Users/huang/workspace/MASG/Output_FI/2020_02_09_10_28_30_AM/MFA_MONTHLY
/CO_oil1/CO_oil14-Acient-9.png>
Package pdftex.def Info: C:/Users/huang/workspace/MASG/Output_FI/2020_02_09_10_
28_30_AM/MFA_MONTHLY/CO_oil1/CO_oil14-Acient-9.png  used on input line 454.
(pdftex.def)             Requested size: 264.46837pt x 198.35715pt.
File: C:/Users/huang/workspace/MASG/Output_FI/2020_02_09_10_28_30_AM/MFA_MONTHL
Y/CO_oil1/4_insample_residuals.png Graphic file (type png)
<use C:/Users/huang/workspace/MASG/Output_FI/2020_02_09_10_28_30_AM/MFA_MONTHLY
/CO_oil1/4_insample_residuals.png>
Package pdftex.def Info: C:/Users/huang/workspace/MASG/Output_FI/2020_02_09_10_
28_30_AM/MFA_MONTHLY/CO_oil1/4_insample_residuals.png  used on input line 454.
(pdftex.def)             Requested size: 264.46837pt x 198.35715pt.

Overfull \hbox (23.99998pt too wide) in alignment at lines 454--454
[][] 
 []


Overfull \hbox (15.0pt too wide) in paragraph at lines 454--454
[][] 
 []

File: ./Picture/Logo.png Graphic file (type png)
<use ./Picture/Logo.png>
Package pdftex.def Info: ./Picture/Logo.png  used on input line 454.
(pdftex.def)             Requested size: 56.9055pt x 20.55377pt.
[53 <C:/Users/huang/workspace/MASG/Output_FI/2020_02_09_10_28_30_AM/MFA_MONTHLY
/CO_oil1/4_insample_diff.png>]
File: ./Picture/Logo.png Graphic file (type png)
<use ./Picture/Logo.png>
Package pdftex.def Info: ./Picture/Logo.png  used on input line 454.
(pdftex.def)             Requested size: 56.9055pt x 20.55377pt.
 [54 <C:/Users/huang/workspace/MASG/Output_FI/2020_02_09_10_28_30_AM/MFA_MONTHL
Y/CO_oil1/CO_oil14-Recent-9.png> <C:/Users/huang/workspace/MASG/Output_FI/2020_
02_09_10_28_30_AM/MFA_MONTHLY/CO_oil1/CO_oil14-Acient-9.png> <C:/Users/huang/wo
rkspace/MASG/Output_FI/2020_02_09_10_28_30_AM/MFA_MONTHLY/CO_oil1/4_insample_re
siduals.png>]
File: C:/Users/huang/workspace/MASG/Output_FI/2020_02_09_10_28_30_AM/MFA_MONTHL
Y/CO_oil1/5_insample_diff.png Graphic file (type png)
<use C:/Users/huang/workspace/MASG/Output_FI/2020_02_09_10_28_30_AM/MFA_MONTHLY
/CO_oil1/5_insample_diff.png>
Package pdftex.def Info: C:/Users/huang/workspace/MASG/Output_FI/2020_02_09_10_
28_30_AM/MFA_MONTHLY/CO_oil1/5_insample_diff.png  used on input line 454.
(pdftex.def)             Requested size: 264.46837pt x 198.35715pt.

Underfull \hbox (badness 10000) in alignment at lines 454--454
[][] 
 []


Underfull \hbox (badness 10000) in alignment at lines 454--454
[] 
 []

File: C:/Users/huang/workspace/MASG/Output_FI/2020_02_09_10_28_30_AM/MFA_MONTHL
Y/CO_oil1/CO_oil15-Recent-9.png Graphic file (type png)
<use C:/Users/huang/workspace/MASG/Output_FI/2020_02_09_10_28_30_AM/MFA_MONTHLY
/CO_oil1/CO_oil15-Recent-9.png>
Package pdftex.def Info: C:/Users/huang/workspace/MASG/Output_FI/2020_02_09_10_
28_30_AM/MFA_MONTHLY/CO_oil1/CO_oil15-Recent-9.png  used on input line 454.
(pdftex.def)             Requested size: 264.46837pt x 198.35715pt.
File: C:/Users/huang/workspace/MASG/Output_FI/2020_02_09_10_28_30_AM/MFA_MONTHL
Y/CO_oil1/CO_oil15-Acient-9.png Graphic file (type png)
<use C:/Users/huang/workspace/MASG/Output_FI/2020_02_09_10_28_30_AM/MFA_MONTHLY
/CO_oil1/CO_oil15-Acient-9.png>
Package pdftex.def Info: C:/Users/huang/workspace/MASG/Output_FI/2020_02_09_10_
28_30_AM/MFA_MONTHLY/CO_oil1/CO_oil15-Acient-9.png  used on input line 454.
(pdftex.def)             Requested size: 264.46837pt x 198.35715pt.
File: C:/Users/huang/workspace/MASG/Output_FI/2020_02_09_10_28_30_AM/MFA_MONTHL
Y/CO_oil1/5_insample_residuals.png Graphic file (type png)
<use C:/Users/huang/workspace/MASG/Output_FI/2020_02_09_10_28_30_AM/MFA_MONTHLY
/CO_oil1/5_insample_residuals.png>
Package pdftex.def Info: C:/Users/huang/workspace/MASG/Output_FI/2020_02_09_10_
28_30_AM/MFA_MONTHLY/CO_oil1/5_insample_residuals.png  used on input line 454.
(pdftex.def)             Requested size: 264.46837pt x 198.35715pt.

Overfull \hbox (23.99998pt too wide) in alignment at lines 454--454
[][] 
 []


Overfull \hbox (15.0pt too wide) in paragraph at lines 454--454
[][] 
 []

File: ./Picture/Logo.png Graphic file (type png)
<use ./Picture/Logo.png>
Package pdftex.def Info: ./Picture/Logo.png  used on input line 454.
(pdftex.def)             Requested size: 56.9055pt x 20.55377pt.
[55 <C:/Users/huang/workspace/MASG/Output_FI/2020_02_09_10_28_30_AM/MFA_MONTHLY
/CO_oil1/5_insample_diff.png>]
File: ./Picture/Logo.png Graphic file (type png)
<use ./Picture/Logo.png>
Package pdftex.def Info: ./Picture/Logo.png  used on input line 454.
(pdftex.def)             Requested size: 56.9055pt x 20.55377pt.
 [56 <C:/Users/huang/workspace/MASG/Output_FI/2020_02_09_10_28_30_AM/MFA_MONTHL
Y/CO_oil1/CO_oil15-Recent-9.png> <C:/Users/huang/workspace/MASG/Output_FI/2020_
02_09_10_28_30_AM/MFA_MONTHLY/CO_oil1/CO_oil15-Acient-9.png> <C:/Users/huang/wo
rkspace/MASG/Output_FI/2020_02_09_10_28_30_AM/MFA_MONTHLY/CO_oil1/5_insample_re
siduals.png>]
File: C:/Users/huang/workspace/MASG/Output_FI/2020_02_09_10_28_30_AM/MFA_MONTHL
Y/CO_oil1/6_insample_diff.png Graphic file (type png)
<use C:/Users/huang/workspace/MASG/Output_FI/2020_02_09_10_28_30_AM/MFA_MONTHLY
/CO_oil1/6_insample_diff.png>
Package pdftex.def Info: C:/Users/huang/workspace/MASG/Output_FI/2020_02_09_10_
28_30_AM/MFA_MONTHLY/CO_oil1/6_insample_diff.png  used on input line 454.
(pdftex.def)             Requested size: 264.46837pt x 198.35715pt.

Underfull \hbox (badness 10000) in alignment at lines 454--454
[][] 
 []


Underfull \hbox (badness 10000) in alignment at lines 454--454
[] 
 []

File: C:/Users/huang/workspace/MASG/Output_FI/2020_02_09_10_28_30_AM/MFA_MONTHL
Y/CO_oil1/CO_oil16-Recent-9.png Graphic file (type png)
<use C:/Users/huang/workspace/MASG/Output_FI/2020_02_09_10_28_30_AM/MFA_MONTHLY
/CO_oil1/CO_oil16-Recent-9.png>
Package pdftex.def Info: C:/Users/huang/workspace/MASG/Output_FI/2020_02_09_10_
28_30_AM/MFA_MONTHLY/CO_oil1/CO_oil16-Recent-9.png  used on input line 454.
(pdftex.def)             Requested size: 264.46837pt x 198.35715pt.
File: C:/Users/huang/workspace/MASG/Output_FI/2020_02_09_10_28_30_AM/MFA_MONTHL
Y/CO_oil1/CO_oil16-Acient-9.png Graphic file (type png)
<use C:/Users/huang/workspace/MASG/Output_FI/2020_02_09_10_28_30_AM/MFA_MONTHLY
/CO_oil1/CO_oil16-Acient-9.png>
Package pdftex.def Info: C:/Users/huang/workspace/MASG/Output_FI/2020_02_09_10_
28_30_AM/MFA_MONTHLY/CO_oil1/CO_oil16-Acient-9.png  used on input line 454.
(pdftex.def)             Requested size: 264.46837pt x 198.35715pt.
File: C:/Users/huang/workspace/MASG/Output_FI/2020_02_09_10_28_30_AM/MFA_MONTHL
Y/CO_oil1/6_insample_residuals.png Graphic file (type png)
<use C:/Users/huang/workspace/MASG/Output_FI/2020_02_09_10_28_30_AM/MFA_MONTHLY
/CO_oil1/6_insample_residuals.png>
Package pdftex.def Info: C:/Users/huang/workspace/MASG/Output_FI/2020_02_09_10_
28_30_AM/MFA_MONTHLY/CO_oil1/6_insample_residuals.png  used on input line 454.
(pdftex.def)             Requested size: 264.46837pt x 198.35715pt.

Overfull \hbox (23.99998pt too wide) in alignment at lines 454--454
[][] 
 []


Overfull \hbox (15.0pt too wide) in paragraph at lines 454--454
[][] 
 []

File: ./Picture/Logo.png Graphic file (type png)
<use ./Picture/Logo.png>
Package pdftex.def Info: ./Picture/Logo.png  used on input line 454.
(pdftex.def)             Requested size: 56.9055pt x 20.55377pt.
[57 <C:/Users/huang/workspace/MASG/Output_FI/2020_02_09_10_28_30_AM/MFA_MONTHLY
/CO_oil1/6_insample_diff.png>]
File: ./Picture/Logo.png Graphic file (type png)
<use ./Picture/Logo.png>
Package pdftex.def Info: ./Picture/Logo.png  used on input line 454.
(pdftex.def)             Requested size: 56.9055pt x 20.55377pt.
 [58 <C:/Users/huang/workspace/MASG/Output_FI/2020_02_09_10_28_30_AM/MFA_MONTHL
Y/CO_oil1/CO_oil16-Recent-9.png> <C:/Users/huang/workspace/MASG/Output_FI/2020_
02_09_10_28_30_AM/MFA_MONTHLY/CO_oil1/CO_oil16-Acient-9.png> <C:/Users/huang/wo
rkspace/MASG/Output_FI/2020_02_09_10_28_30_AM/MFA_MONTHLY/CO_oil1/6_insample_re
siduals.png>]
File: C:/Users/huang/workspace/MASG/Output_FI/2020_02_09_10_28_30_AM/MFA_MONTHL
Y/CO_oil1/7_insample_diff.png Graphic file (type png)
<use C:/Users/huang/workspace/MASG/Output_FI/2020_02_09_10_28_30_AM/MFA_MONTHLY
/CO_oil1/7_insample_diff.png>
Package pdftex.def Info: C:/Users/huang/workspace/MASG/Output_FI/2020_02_09_10_
28_30_AM/MFA_MONTHLY/CO_oil1/7_insample_diff.png  used on input line 454.
(pdftex.def)             Requested size: 264.46837pt x 198.35715pt.

Underfull \hbox (badness 10000) in alignment at lines 454--454
[][] 
 []


Underfull \hbox (badness 10000) in alignment at lines 454--454
[] 
 []

File: C:/Users/huang/workspace/MASG/Output_FI/2020_02_09_10_28_30_AM/MFA_MONTHL
Y/CO_oil1/CO_oil17-Recent-9.png Graphic file (type png)
<use C:/Users/huang/workspace/MASG/Output_FI/2020_02_09_10_28_30_AM/MFA_MONTHLY
/CO_oil1/CO_oil17-Recent-9.png>
Package pdftex.def Info: C:/Users/huang/workspace/MASG/Output_FI/2020_02_09_10_
28_30_AM/MFA_MONTHLY/CO_oil1/CO_oil17-Recent-9.png  used on input line 454.
(pdftex.def)             Requested size: 264.46837pt x 198.35715pt.
File: C:/Users/huang/workspace/MASG/Output_FI/2020_02_09_10_28_30_AM/MFA_MONTHL
Y/CO_oil1/CO_oil17-Acient-9.png Graphic file (type png)
<use C:/Users/huang/workspace/MASG/Output_FI/2020_02_09_10_28_30_AM/MFA_MONTHLY
/CO_oil1/CO_oil17-Acient-9.png>
Package pdftex.def Info: C:/Users/huang/workspace/MASG/Output_FI/2020_02_09_10_
28_30_AM/MFA_MONTHLY/CO_oil1/CO_oil17-Acient-9.png  used on input line 454.
(pdftex.def)             Requested size: 264.46837pt x 198.35715pt.
File: C:/Users/huang/workspace/MASG/Output_FI/2020_02_09_10_28_30_AM/MFA_MONTHL
Y/CO_oil1/7_insample_residuals.png Graphic file (type png)
<use C:/Users/huang/workspace/MASG/Output_FI/2020_02_09_10_28_30_AM/MFA_MONTHLY
/CO_oil1/7_insample_residuals.png>
Package pdftex.def Info: C:/Users/huang/workspace/MASG/Output_FI/2020_02_09_10_
28_30_AM/MFA_MONTHLY/CO_oil1/7_insample_residuals.png  used on input line 454.
(pdftex.def)             Requested size: 264.46837pt x 198.35715pt.

Overfull \hbox (23.99998pt too wide) in alignment at lines 454--454
[][] 
 []


Overfull \hbox (15.0pt too wide) in paragraph at lines 454--454
[][] 
 []

File: ./Picture/Logo.png Graphic file (type png)
<use ./Picture/Logo.png>
Package pdftex.def Info: ./Picture/Logo.png  used on input line 454.
(pdftex.def)             Requested size: 56.9055pt x 20.55377pt.
[59 <C:/Users/huang/workspace/MASG/Output_FI/2020_02_09_10_28_30_AM/MFA_MONTHLY
/CO_oil1/7_insample_diff.png>]
File: ./Picture/Logo.png Graphic file (type png)
<use ./Picture/Logo.png>
Package pdftex.def Info: ./Picture/Logo.png  used on input line 454.
(pdftex.def)             Requested size: 56.9055pt x 20.55377pt.
 [60 <C:/Users/huang/workspace/MASG/Output_FI/2020_02_09_10_28_30_AM/MFA_MONTHL
Y/CO_oil1/CO_oil17-Recent-9.png> <C:/Users/huang/workspace/MASG/Output_FI/2020_
02_09_10_28_30_AM/MFA_MONTHLY/CO_oil1/CO_oil17-Acient-9.png> <C:/Users/huang/wo
rkspace/MASG/Output_FI/2020_02_09_10_28_30_AM/MFA_MONTHLY/CO_oil1/7_insample_re
siduals.png>]
File: C:/Users/huang/workspace/MASG/Output_FI/2020_02_09_10_28_30_AM/MFA_MONTHL
Y/CO_oil1/8_insample_diff.png Graphic file (type png)
<use C:/Users/huang/workspace/MASG/Output_FI/2020_02_09_10_28_30_AM/MFA_MONTHLY
/CO_oil1/8_insample_diff.png>
Package pdftex.def Info: C:/Users/huang/workspace/MASG/Output_FI/2020_02_09_10_
28_30_AM/MFA_MONTHLY/CO_oil1/8_insample_diff.png  used on input line 454.
(pdftex.def)             Requested size: 264.46837pt x 198.35715pt.

Underfull \hbox (badness 10000) in alignment at lines 454--454
[][] 
 []


Underfull \hbox (badness 10000) in alignment at lines 454--454
[] 
 []

File: C:/Users/huang/workspace/MASG/Output_FI/2020_02_09_10_28_30_AM/MFA_MONTHL
Y/CO_oil1/CO_oil18-Recent-9.png Graphic file (type png)
<use C:/Users/huang/workspace/MASG/Output_FI/2020_02_09_10_28_30_AM/MFA_MONTHLY
/CO_oil1/CO_oil18-Recent-9.png>
Package pdftex.def Info: C:/Users/huang/workspace/MASG/Output_FI/2020_02_09_10_
28_30_AM/MFA_MONTHLY/CO_oil1/CO_oil18-Recent-9.png  used on input line 454.
(pdftex.def)             Requested size: 264.46837pt x 198.35715pt.
File: C:/Users/huang/workspace/MASG/Output_FI/2020_02_09_10_28_30_AM/MFA_MONTHL
Y/CO_oil1/CO_oil18-Acient-9.png Graphic file (type png)
<use C:/Users/huang/workspace/MASG/Output_FI/2020_02_09_10_28_30_AM/MFA_MONTHLY
/CO_oil1/CO_oil18-Acient-9.png>
Package pdftex.def Info: C:/Users/huang/workspace/MASG/Output_FI/2020_02_09_10_
28_30_AM/MFA_MONTHLY/CO_oil1/CO_oil18-Acient-9.png  used on input line 454.
(pdftex.def)             Requested size: 264.46837pt x 198.35715pt.
File: C:/Users/huang/workspace/MASG/Output_FI/2020_02_09_10_28_30_AM/MFA_MONTHL
Y/CO_oil1/8_insample_residuals.png Graphic file (type png)
<use C:/Users/huang/workspace/MASG/Output_FI/2020_02_09_10_28_30_AM/MFA_MONTHLY
/CO_oil1/8_insample_residuals.png>
Package pdftex.def Info: C:/Users/huang/workspace/MASG/Output_FI/2020_02_09_10_
28_30_AM/MFA_MONTHLY/CO_oil1/8_insample_residuals.png  used on input line 454.
(pdftex.def)             Requested size: 264.46837pt x 198.35715pt.

Overfull \hbox (23.99998pt too wide) in alignment at lines 454--454
[][] 
 []


Overfull \hbox (15.0pt too wide) in paragraph at lines 454--454
[][] 
 []

File: ./Picture/Logo.png Graphic file (type png)
<use ./Picture/Logo.png>
Package pdftex.def Info: ./Picture/Logo.png  used on input line 454.
(pdftex.def)             Requested size: 56.9055pt x 20.55377pt.
[61 <C:/Users/huang/workspace/MASG/Output_FI/2020_02_09_10_28_30_AM/MFA_MONTHLY
/CO_oil1/8_insample_diff.png>]
File: ./Picture/Logo.png Graphic file (type png)
<use ./Picture/Logo.png>
Package pdftex.def Info: ./Picture/Logo.png  used on input line 454.
(pdftex.def)             Requested size: 56.9055pt x 20.55377pt.
 [62 <C:/Users/huang/workspace/MASG/Output_FI/2020_02_09_10_28_30_AM/MFA_MONTHL
Y/CO_oil1/CO_oil18-Recent-9.png> <C:/Users/huang/workspace/MASG/Output_FI/2020_
02_09_10_28_30_AM/MFA_MONTHLY/CO_oil1/CO_oil18-Acient-9.png> <C:/Users/huang/wo
rkspace/MASG/Output_FI/2020_02_09_10_28_30_AM/MFA_MONTHLY/CO_oil1/8_insample_re
siduals.png>]
File: C:/Users/huang/workspace/MASG/Output_FI/2020_02_09_10_28_30_AM/MFA_MONTHL
Y/CO_oil1/9_insample_diff.png Graphic file (type png)
<use C:/Users/huang/workspace/MASG/Output_FI/2020_02_09_10_28_30_AM/MFA_MONTHLY
/CO_oil1/9_insample_diff.png>
Package pdftex.def Info: C:/Users/huang/workspace/MASG/Output_FI/2020_02_09_10_
28_30_AM/MFA_MONTHLY/CO_oil1/9_insample_diff.png  used on input line 454.
(pdftex.def)             Requested size: 264.46837pt x 198.35715pt.

Underfull \hbox (badness 10000) in alignment at lines 454--454
[][] 
 []


Underfull \hbox (badness 10000) in alignment at lines 454--454
[] 
 []

File: C:/Users/huang/workspace/MASG/Output_FI/2020_02_09_10_28_30_AM/MFA_MONTHL
Y/CO_oil1/CO_oil19-Recent-9.png Graphic file (type png)
<use C:/Users/huang/workspace/MASG/Output_FI/2020_02_09_10_28_30_AM/MFA_MONTHLY
/CO_oil1/CO_oil19-Recent-9.png>
Package pdftex.def Info: C:/Users/huang/workspace/MASG/Output_FI/2020_02_09_10_
28_30_AM/MFA_MONTHLY/CO_oil1/CO_oil19-Recent-9.png  used on input line 454.
(pdftex.def)             Requested size: 264.46837pt x 198.35715pt.
File: C:/Users/huang/workspace/MASG/Output_FI/2020_02_09_10_28_30_AM/MFA_MONTHL
Y/CO_oil1/CO_oil19-Acient-9.png Graphic file (type png)
<use C:/Users/huang/workspace/MASG/Output_FI/2020_02_09_10_28_30_AM/MFA_MONTHLY
/CO_oil1/CO_oil19-Acient-9.png>
Package pdftex.def Info: C:/Users/huang/workspace/MASG/Output_FI/2020_02_09_10_
28_30_AM/MFA_MONTHLY/CO_oil1/CO_oil19-Acient-9.png  used on input line 454.
(pdftex.def)             Requested size: 264.46837pt x 198.35715pt.
File: C:/Users/huang/workspace/MASG/Output_FI/2020_02_09_10_28_30_AM/MFA_MONTHL
Y/CO_oil1/9_insample_residuals.png Graphic file (type png)
<use C:/Users/huang/workspace/MASG/Output_FI/2020_02_09_10_28_30_AM/MFA_MONTHLY
/CO_oil1/9_insample_residuals.png>
Package pdftex.def Info: C:/Users/huang/workspace/MASG/Output_FI/2020_02_09_10_
28_30_AM/MFA_MONTHLY/CO_oil1/9_insample_residuals.png  used on input line 454.
(pdftex.def)             Requested size: 264.46837pt x 198.35715pt.

Overfull \hbox (23.99998pt too wide) in alignment at lines 454--454
[][] 
 []


Overfull \hbox (15.0pt too wide) in paragraph at lines 454--454
[][] 
 []

File: ./Picture/Logo.png Graphic file (type png)
<use ./Picture/Logo.png>
Package pdftex.def Info: ./Picture/Logo.png  used on input line 454.
(pdftex.def)             Requested size: 56.9055pt x 20.55377pt.
[63 <C:/Users/huang/workspace/MASG/Output_FI/2020_02_09_10_28_30_AM/MFA_MONTHLY
/CO_oil1/9_insample_diff.png>]
File: ./Picture/Logo.png Graphic file (type png)
<use ./Picture/Logo.png>
Package pdftex.def Info: ./Picture/Logo.png  used on input line 454.
(pdftex.def)             Requested size: 56.9055pt x 20.55377pt.
 [64 <C:/Users/huang/workspace/MASG/Output_FI/2020_02_09_10_28_30_AM/MFA_MONTHL
Y/CO_oil1/CO_oil19-Recent-9.png> <C:/Users/huang/workspace/MASG/Output_FI/2020_
02_09_10_28_30_AM/MFA_MONTHLY/CO_oil1/CO_oil19-Acient-9.png> <C:/Users/huang/wo
rkspace/MASG/Output_FI/2020_02_09_10_28_30_AM/MFA_MONTHLY/CO_oil1/9_insample_re
siduals.png>]
File: C:/Users/huang/workspace/MASG/Output_FI/2020_02_09_10_28_30_AM/MFA_MONTHL
Y/CO_oil1/10_insample_diff.png Graphic file (type png)
<use C:/Users/huang/workspace/MASG/Output_FI/2020_02_09_10_28_30_AM/MFA_MONTHLY
/CO_oil1/10_insample_diff.png>
Package pdftex.def Info: C:/Users/huang/workspace/MASG/Output_FI/2020_02_09_10_
28_30_AM/MFA_MONTHLY/CO_oil1/10_insample_diff.png  used on input line 454.
(pdftex.def)             Requested size: 264.46837pt x 198.35715pt.

Underfull \hbox (badness 10000) in alignment at lines 454--454
[][] 
 []


Underfull \hbox (badness 10000) in alignment at lines 454--454
[] 
 []

File: C:/Users/huang/workspace/MASG/Output_FI/2020_02_09_10_28_30_AM/MFA_MONTHL
Y/CO_oil1/CO_oil110-Recent-9.png Graphic file (type png)
<use C:/Users/huang/workspace/MASG/Output_FI/2020_02_09_10_28_30_AM/MFA_MONTHLY
/CO_oil1/CO_oil110-Recent-9.png>
Package pdftex.def Info: C:/Users/huang/workspace/MASG/Output_FI/2020_02_09_10_
28_30_AM/MFA_MONTHLY/CO_oil1/CO_oil110-Recent-9.png  used on input line 454.
(pdftex.def)             Requested size: 264.46837pt x 198.35715pt.
File: C:/Users/huang/workspace/MASG/Output_FI/2020_02_09_10_28_30_AM/MFA_MONTHL
Y/CO_oil1/CO_oil110-Acient-9.png Graphic file (type png)
<use C:/Users/huang/workspace/MASG/Output_FI/2020_02_09_10_28_30_AM/MFA_MONTHLY
/CO_oil1/CO_oil110-Acient-9.png>
Package pdftex.def Info: C:/Users/huang/workspace/MASG/Output_FI/2020_02_09_10_
28_30_AM/MFA_MONTHLY/CO_oil1/CO_oil110-Acient-9.png  used on input line 454.
(pdftex.def)             Requested size: 264.46837pt x 198.35715pt.
File: C:/Users/huang/workspace/MASG/Output_FI/2020_02_09_10_28_30_AM/MFA_MONTHL
Y/CO_oil1/10_insample_residuals.png Graphic file (type png)
<use C:/Users/huang/workspace/MASG/Output_FI/2020_02_09_10_28_30_AM/MFA_MONTHLY
/CO_oil1/10_insample_residuals.png>
Package pdftex.def Info: C:/Users/huang/workspace/MASG/Output_FI/2020_02_09_10_
28_30_AM/MFA_MONTHLY/CO_oil1/10_insample_residuals.png  used on input line 454.

(pdftex.def)             Requested size: 264.46837pt x 198.35715pt.

Overfull \hbox (23.99998pt too wide) in alignment at lines 454--454
[][] 
 []


Overfull \hbox (15.0pt too wide) in paragraph at lines 454--454
[][] 
 []

File: ./Picture/Logo.png Graphic file (type png)
<use ./Picture/Logo.png>
Package pdftex.def Info: ./Picture/Logo.png  used on input line 454.
(pdftex.def)             Requested size: 56.9055pt x 20.55377pt.
[65 <C:/Users/huang/workspace/MASG/Output_FI/2020_02_09_10_28_30_AM/MFA_MONTHLY
/CO_oil1/10_insample_diff.png>]
File: ./Picture/Logo.png Graphic file (type png)
<use ./Picture/Logo.png>
Package pdftex.def Info: ./Picture/Logo.png  used on input line 454.
(pdftex.def)             Requested size: 56.9055pt x 20.55377pt.
 [66 <C:/Users/huang/workspace/MASG/Output_FI/2020_02_09_10_28_30_AM/MFA_MONTHL
Y/CO_oil1/CO_oil110-Recent-9.png> <C:/Users/huang/workspace/MASG/Output_FI/2020
_02_09_10_28_30_AM/MFA_MONTHLY/CO_oil1/CO_oil110-Acient-9.png> <C:/Users/huang/
workspace/MASG/Output_FI/2020_02_09_10_28_30_AM/MFA_MONTHLY/CO_oil1/10_insample
_residuals.png>]
File: C:/Users/huang/workspace/MASG/Output_FI/2020_02_09_10_28_30_AM/MFA_MONTHL
Y/CO_oil1/11_insample_diff.png Graphic file (type png)
<use C:/Users/huang/workspace/MASG/Output_FI/2020_02_09_10_28_30_AM/MFA_MONTHLY
/CO_oil1/11_insample_diff.png>
Package pdftex.def Info: C:/Users/huang/workspace/MASG/Output_FI/2020_02_09_10_
28_30_AM/MFA_MONTHLY/CO_oil1/11_insample_diff.png  used on input line 454.
(pdftex.def)             Requested size: 264.46837pt x 198.35715pt.

Underfull \hbox (badness 10000) in alignment at lines 454--454
[][] 
 []


Underfull \hbox (badness 10000) in alignment at lines 454--454
[] 
 []

File: C:/Users/huang/workspace/MASG/Output_FI/2020_02_09_10_28_30_AM/MFA_MONTHL
Y/CO_oil1/CO_oil111-Recent-9.png Graphic file (type png)
<use C:/Users/huang/workspace/MASG/Output_FI/2020_02_09_10_28_30_AM/MFA_MONTHLY
/CO_oil1/CO_oil111-Recent-9.png>
Package pdftex.def Info: C:/Users/huang/workspace/MASG/Output_FI/2020_02_09_10_
28_30_AM/MFA_MONTHLY/CO_oil1/CO_oil111-Recent-9.png  used on input line 454.
(pdftex.def)             Requested size: 264.46837pt x 198.35715pt.
File: C:/Users/huang/workspace/MASG/Output_FI/2020_02_09_10_28_30_AM/MFA_MONTHL
Y/CO_oil1/CO_oil111-Acient-9.png Graphic file (type png)
<use C:/Users/huang/workspace/MASG/Output_FI/2020_02_09_10_28_30_AM/MFA_MONTHLY
/CO_oil1/CO_oil111-Acient-9.png>
Package pdftex.def Info: C:/Users/huang/workspace/MASG/Output_FI/2020_02_09_10_
28_30_AM/MFA_MONTHLY/CO_oil1/CO_oil111-Acient-9.png  used on input line 454.
(pdftex.def)             Requested size: 264.46837pt x 198.35715pt.
File: C:/Users/huang/workspace/MASG/Output_FI/2020_02_09_10_28_30_AM/MFA_MONTHL
Y/CO_oil1/11_insample_residuals.png Graphic file (type png)
<use C:/Users/huang/workspace/MASG/Output_FI/2020_02_09_10_28_30_AM/MFA_MONTHLY
/CO_oil1/11_insample_residuals.png>
Package pdftex.def Info: C:/Users/huang/workspace/MASG/Output_FI/2020_02_09_10_
28_30_AM/MFA_MONTHLY/CO_oil1/11_insample_residuals.png  used on input line 454.

(pdftex.def)             Requested size: 264.46837pt x 198.35715pt.

Overfull \hbox (23.99998pt too wide) in alignment at lines 454--454
[][] 
 []


Overfull \hbox (15.0pt too wide) in paragraph at lines 454--454
[][] 
 []

File: ./Picture/Logo.png Graphic file (type png)
<use ./Picture/Logo.png>
Package pdftex.def Info: ./Picture/Logo.png  used on input line 454.
(pdftex.def)             Requested size: 56.9055pt x 20.55377pt.
[67 <C:/Users/huang/workspace/MASG/Output_FI/2020_02_09_10_28_30_AM/MFA_MONTHLY
/CO_oil1/11_insample_diff.png>]
File: ./Picture/Logo.png Graphic file (type png)
<use ./Picture/Logo.png>
Package pdftex.def Info: ./Picture/Logo.png  used on input line 454.
(pdftex.def)             Requested size: 56.9055pt x 20.55377pt.
 [68 <C:/Users/huang/workspace/MASG/Output_FI/2020_02_09_10_28_30_AM/MFA_MONTHL
Y/CO_oil1/CO_oil111-Recent-9.png> <C:/Users/huang/workspace/MASG/Output_FI/2020
_02_09_10_28_30_AM/MFA_MONTHLY/CO_oil1/CO_oil111-Acient-9.png> <C:/Users/huang/
workspace/MASG/Output_FI/2020_02_09_10_28_30_AM/MFA_MONTHLY/CO_oil1/11_insample
_residuals.png>]
File: C:/Users/huang/workspace/MASG/Output_FI/2020_02_09_10_28_30_AM/MFA_MONTHL
Y/CO_oil1/12_insample_diff.png Graphic file (type png)
<use C:/Users/huang/workspace/MASG/Output_FI/2020_02_09_10_28_30_AM/MFA_MONTHLY
/CO_oil1/12_insample_diff.png>
Package pdftex.def Info: C:/Users/huang/workspace/MASG/Output_FI/2020_02_09_10_
28_30_AM/MFA_MONTHLY/CO_oil1/12_insample_diff.png  used on input line 454.
(pdftex.def)             Requested size: 264.46837pt x 198.35715pt.

Underfull \hbox (badness 10000) in alignment at lines 454--454
[][] 
 []


Underfull \hbox (badness 10000) in alignment at lines 454--454
[] 
 []

File: C:/Users/huang/workspace/MASG/Output_FI/2020_02_09_10_28_30_AM/MFA_MONTHL
Y/CO_oil1/CO_oil112-Recent-9.png Graphic file (type png)
<use C:/Users/huang/workspace/MASG/Output_FI/2020_02_09_10_28_30_AM/MFA_MONTHLY
/CO_oil1/CO_oil112-Recent-9.png>
Package pdftex.def Info: C:/Users/huang/workspace/MASG/Output_FI/2020_02_09_10_
28_30_AM/MFA_MONTHLY/CO_oil1/CO_oil112-Recent-9.png  used on input line 454.
(pdftex.def)             Requested size: 264.46837pt x 198.35715pt.
File: C:/Users/huang/workspace/MASG/Output_FI/2020_02_09_10_28_30_AM/MFA_MONTHL
Y/CO_oil1/CO_oil112-Acient-9.png Graphic file (type png)
<use C:/Users/huang/workspace/MASG/Output_FI/2020_02_09_10_28_30_AM/MFA_MONTHLY
/CO_oil1/CO_oil112-Acient-9.png>
Package pdftex.def Info: C:/Users/huang/workspace/MASG/Output_FI/2020_02_09_10_
28_30_AM/MFA_MONTHLY/CO_oil1/CO_oil112-Acient-9.png  used on input line 454.
(pdftex.def)             Requested size: 264.46837pt x 198.35715pt.
File: C:/Users/huang/workspace/MASG/Output_FI/2020_02_09_10_28_30_AM/MFA_MONTHL
Y/CO_oil1/12_insample_residuals.png Graphic file (type png)
<use C:/Users/huang/workspace/MASG/Output_FI/2020_02_09_10_28_30_AM/MFA_MONTHLY
/CO_oil1/12_insample_residuals.png>
Package pdftex.def Info: C:/Users/huang/workspace/MASG/Output_FI/2020_02_09_10_
28_30_AM/MFA_MONTHLY/CO_oil1/12_insample_residuals.png  used on input line 454.

(pdftex.def)             Requested size: 264.46837pt x 198.35715pt.

Overfull \hbox (23.99998pt too wide) in alignment at lines 454--454
[][] 
 []


Overfull \hbox (15.0pt too wide) in paragraph at lines 454--454
[][] 
 []

File: ./Picture/Logo.png Graphic file (type png)
<use ./Picture/Logo.png>
Package pdftex.def Info: ./Picture/Logo.png  used on input line 454.
(pdftex.def)             Requested size: 56.9055pt x 20.55377pt.
[69 <C:/Users/huang/workspace/MASG/Output_FI/2020_02_09_10_28_30_AM/MFA_MONTHLY
/CO_oil1/12_insample_diff.png>]
File: ./Picture/Logo.png Graphic file (type png)
<use ./Picture/Logo.png>
Package pdftex.def Info: ./Picture/Logo.png  used on input line 454.
(pdftex.def)             Requested size: 56.9055pt x 20.55377pt.
 [70 <C:/Users/huang/workspace/MASG/Output_FI/2020_02_09_10_28_30_AM/MFA_MONTHL
Y/CO_oil1/CO_oil112-Recent-9.png> <C:/Users/huang/workspace/MASG/Output_FI/2020
_02_09_10_28_30_AM/MFA_MONTHLY/CO_oil1/CO_oil112-Acient-9.png> <C:/Users/huang/
workspace/MASG/Output_FI/2020_02_09_10_28_30_AM/MFA_MONTHLY/CO_oil1/12_insample
_residuals.png>]
File: C:/Users/huang/workspace/MASG/Output_FI/2020_02_09_10_28_30_AM/MFA_MONTHL
Y/CO_oil1/13_insample_diff.png Graphic file (type png)
<use C:/Users/huang/workspace/MASG/Output_FI/2020_02_09_10_28_30_AM/MFA_MONTHLY
/CO_oil1/13_insample_diff.png>
Package pdftex.def Info: C:/Users/huang/workspace/MASG/Output_FI/2020_02_09_10_
28_30_AM/MFA_MONTHLY/CO_oil1/13_insample_diff.png  used on input line 454.
(pdftex.def)             Requested size: 264.46837pt x 198.35715pt.

Underfull \hbox (badness 10000) in alignment at lines 454--454
[][] 
 []


Underfull \hbox (badness 10000) in alignment at lines 454--454
[] 
 []

File: C:/Users/huang/workspace/MASG/Output_FI/2020_02_09_10_28_30_AM/MFA_MONTHL
Y/CO_oil1/CO_oil113-Recent-9.png Graphic file (type png)
<use C:/Users/huang/workspace/MASG/Output_FI/2020_02_09_10_28_30_AM/MFA_MONTHLY
/CO_oil1/CO_oil113-Recent-9.png>
Package pdftex.def Info: C:/Users/huang/workspace/MASG/Output_FI/2020_02_09_10_
28_30_AM/MFA_MONTHLY/CO_oil1/CO_oil113-Recent-9.png  used on input line 454.
(pdftex.def)             Requested size: 264.46837pt x 198.35715pt.
File: C:/Users/huang/workspace/MASG/Output_FI/2020_02_09_10_28_30_AM/MFA_MONTHL
Y/CO_oil1/CO_oil113-Acient-9.png Graphic file (type png)
<use C:/Users/huang/workspace/MASG/Output_FI/2020_02_09_10_28_30_AM/MFA_MONTHLY
/CO_oil1/CO_oil113-Acient-9.png>
Package pdftex.def Info: C:/Users/huang/workspace/MASG/Output_FI/2020_02_09_10_
28_30_AM/MFA_MONTHLY/CO_oil1/CO_oil113-Acient-9.png  used on input line 454.
(pdftex.def)             Requested size: 264.46837pt x 198.35715pt.
File: C:/Users/huang/workspace/MASG/Output_FI/2020_02_09_10_28_30_AM/MFA_MONTHL
Y/CO_oil1/13_insample_residuals.png Graphic file (type png)
<use C:/Users/huang/workspace/MASG/Output_FI/2020_02_09_10_28_30_AM/MFA_MONTHLY
/CO_oil1/13_insample_residuals.png>
Package pdftex.def Info: C:/Users/huang/workspace/MASG/Output_FI/2020_02_09_10_
28_30_AM/MFA_MONTHLY/CO_oil1/13_insample_residuals.png  used on input line 454.

(pdftex.def)             Requested size: 264.46837pt x 198.35715pt.

Overfull \hbox (23.99998pt too wide) in alignment at lines 454--454
[][] 
 []


Overfull \hbox (15.0pt too wide) in paragraph at lines 454--454
[][] 
 []

File: ./Picture/Logo.png Graphic file (type png)
<use ./Picture/Logo.png>
Package pdftex.def Info: ./Picture/Logo.png  used on input line 454.
(pdftex.def)             Requested size: 56.9055pt x 20.55377pt.
[71 <C:/Users/huang/workspace/MASG/Output_FI/2020_02_09_10_28_30_AM/MFA_MONTHLY
/CO_oil1/13_insample_diff.png>]
File: ./Picture/Logo.png Graphic file (type png)
<use ./Picture/Logo.png>
Package pdftex.def Info: ./Picture/Logo.png  used on input line 454.
(pdftex.def)             Requested size: 56.9055pt x 20.55377pt.
 [72 <C:/Users/huang/workspace/MASG/Output_FI/2020_02_09_10_28_30_AM/MFA_MONTHL
Y/CO_oil1/CO_oil113-Recent-9.png> <C:/Users/huang/workspace/MASG/Output_FI/2020
_02_09_10_28_30_AM/MFA_MONTHLY/CO_oil1/CO_oil113-Acient-9.png> <C:/Users/huang/
workspace/MASG/Output_FI/2020_02_09_10_28_30_AM/MFA_MONTHLY/CO_oil1/13_insample
_residuals.png>]
File: C:/Users/huang/workspace/MASG/Output_FI/2020_02_09_10_28_30_AM/MFA_MONTHL
Y/CO_oil1/14_insample_diff.png Graphic file (type png)
<use C:/Users/huang/workspace/MASG/Output_FI/2020_02_09_10_28_30_AM/MFA_MONTHLY
/CO_oil1/14_insample_diff.png>
Package pdftex.def Info: C:/Users/huang/workspace/MASG/Output_FI/2020_02_09_10_
28_30_AM/MFA_MONTHLY/CO_oil1/14_insample_diff.png  used on input line 454.
(pdftex.def)             Requested size: 264.46837pt x 198.35715pt.

Underfull \hbox (badness 10000) in alignment at lines 454--454
[][] 
 []


Underfull \hbox (badness 10000) in alignment at lines 454--454
[] 
 []

File: C:/Users/huang/workspace/MASG/Output_FI/2020_02_09_10_28_30_AM/MFA_MONTHL
Y/CO_oil1/CO_oil114-Recent-9.png Graphic file (type png)
<use C:/Users/huang/workspace/MASG/Output_FI/2020_02_09_10_28_30_AM/MFA_MONTHLY
/CO_oil1/CO_oil114-Recent-9.png>
Package pdftex.def Info: C:/Users/huang/workspace/MASG/Output_FI/2020_02_09_10_
28_30_AM/MFA_MONTHLY/CO_oil1/CO_oil114-Recent-9.png  used on input line 454.
(pdftex.def)             Requested size: 264.46837pt x 198.35715pt.
File: C:/Users/huang/workspace/MASG/Output_FI/2020_02_09_10_28_30_AM/MFA_MONTHL
Y/CO_oil1/CO_oil114-Acient-9.png Graphic file (type png)
<use C:/Users/huang/workspace/MASG/Output_FI/2020_02_09_10_28_30_AM/MFA_MONTHLY
/CO_oil1/CO_oil114-Acient-9.png>
Package pdftex.def Info: C:/Users/huang/workspace/MASG/Output_FI/2020_02_09_10_
28_30_AM/MFA_MONTHLY/CO_oil1/CO_oil114-Acient-9.png  used on input line 454.
(pdftex.def)             Requested size: 264.46837pt x 198.35715pt.
File: C:/Users/huang/workspace/MASG/Output_FI/2020_02_09_10_28_30_AM/MFA_MONTHL
Y/CO_oil1/14_insample_residuals.png Graphic file (type png)
<use C:/Users/huang/workspace/MASG/Output_FI/2020_02_09_10_28_30_AM/MFA_MONTHLY
/CO_oil1/14_insample_residuals.png>
Package pdftex.def Info: C:/Users/huang/workspace/MASG/Output_FI/2020_02_09_10_
28_30_AM/MFA_MONTHLY/CO_oil1/14_insample_residuals.png  used on input line 454.

(pdftex.def)             Requested size: 264.46837pt x 198.35715pt.

Overfull \hbox (23.99998pt too wide) in alignment at lines 454--454
[][] 
 []


Overfull \hbox (15.0pt too wide) in paragraph at lines 454--454
[][] 
 []

File: ./Picture/Logo.png Graphic file (type png)
<use ./Picture/Logo.png>
Package pdftex.def Info: ./Picture/Logo.png  used on input line 454.
(pdftex.def)             Requested size: 56.9055pt x 20.55377pt.
[73 <C:/Users/huang/workspace/MASG/Output_FI/2020_02_09_10_28_30_AM/MFA_MONTHLY
/CO_oil1/14_insample_diff.png>]
File: ./Picture/Logo.png Graphic file (type png)
<use ./Picture/Logo.png>
Package pdftex.def Info: ./Picture/Logo.png  used on input line 454.
(pdftex.def)             Requested size: 56.9055pt x 20.55377pt.
 [74 <C:/Users/huang/workspace/MASG/Output_FI/2020_02_09_10_28_30_AM/MFA_MONTHL
Y/CO_oil1/CO_oil114-Recent-9.png> <C:/Users/huang/workspace/MASG/Output_FI/2020
_02_09_10_28_30_AM/MFA_MONTHLY/CO_oil1/CO_oil114-Acient-9.png> <C:/Users/huang/
workspace/MASG/Output_FI/2020_02_09_10_28_30_AM/MFA_MONTHLY/CO_oil1/14_insample
_residuals.png>]
File: C:/Users/huang/workspace/MASG/Output_FI/2020_02_09_10_28_30_AM/MFA_MONTHL
Y/CO_oil1/15_insample_diff.png Graphic file (type png)
<use C:/Users/huang/workspace/MASG/Output_FI/2020_02_09_10_28_30_AM/MFA_MONTHLY
/CO_oil1/15_insample_diff.png>
Package pdftex.def Info: C:/Users/huang/workspace/MASG/Output_FI/2020_02_09_10_
28_30_AM/MFA_MONTHLY/CO_oil1/15_insample_diff.png  used on input line 454.
(pdftex.def)             Requested size: 264.46837pt x 198.35715pt.

Underfull \hbox (badness 10000) in alignment at lines 454--454
[][] 
 []


Underfull \hbox (badness 10000) in alignment at lines 454--454
[] 
 []

File: C:/Users/huang/workspace/MASG/Output_FI/2020_02_09_10_28_30_AM/MFA_MONTHL
Y/CO_oil1/CO_oil115-Recent-9.png Graphic file (type png)
<use C:/Users/huang/workspace/MASG/Output_FI/2020_02_09_10_28_30_AM/MFA_MONTHLY
/CO_oil1/CO_oil115-Recent-9.png>
Package pdftex.def Info: C:/Users/huang/workspace/MASG/Output_FI/2020_02_09_10_
28_30_AM/MFA_MONTHLY/CO_oil1/CO_oil115-Recent-9.png  used on input line 454.
(pdftex.def)             Requested size: 264.46837pt x 198.35715pt.
File: C:/Users/huang/workspace/MASG/Output_FI/2020_02_09_10_28_30_AM/MFA_MONTHL
Y/CO_oil1/CO_oil115-Acient-9.png Graphic file (type png)
<use C:/Users/huang/workspace/MASG/Output_FI/2020_02_09_10_28_30_AM/MFA_MONTHLY
/CO_oil1/CO_oil115-Acient-9.png>
Package pdftex.def Info: C:/Users/huang/workspace/MASG/Output_FI/2020_02_09_10_
28_30_AM/MFA_MONTHLY/CO_oil1/CO_oil115-Acient-9.png  used on input line 454.
(pdftex.def)             Requested size: 264.46837pt x 198.35715pt.
File: C:/Users/huang/workspace/MASG/Output_FI/2020_02_09_10_28_30_AM/MFA_MONTHL
Y/CO_oil1/15_insample_residuals.png Graphic file (type png)
<use C:/Users/huang/workspace/MASG/Output_FI/2020_02_09_10_28_30_AM/MFA_MONTHLY
/CO_oil1/15_insample_residuals.png>
Package pdftex.def Info: C:/Users/huang/workspace/MASG/Output_FI/2020_02_09_10_
28_30_AM/MFA_MONTHLY/CO_oil1/15_insample_residuals.png  used on input line 454.

(pdftex.def)             Requested size: 264.46837pt x 198.35715pt.

Overfull \hbox (23.99998pt too wide) in alignment at lines 454--454
[][] 
 []


Overfull \hbox (15.0pt too wide) in paragraph at lines 454--454
[][] 
 []

File: ./Picture/Logo.png Graphic file (type png)
<use ./Picture/Logo.png>
Package pdftex.def Info: ./Picture/Logo.png  used on input line 454.
(pdftex.def)             Requested size: 56.9055pt x 20.55377pt.
[75 <C:/Users/huang/workspace/MASG/Output_FI/2020_02_09_10_28_30_AM/MFA_MONTHLY
/CO_oil1/15_insample_diff.png>]
File: ./Picture/Logo.png Graphic file (type png)
<use ./Picture/Logo.png>
Package pdftex.def Info: ./Picture/Logo.png  used on input line 454.
(pdftex.def)             Requested size: 56.9055pt x 20.55377pt.
 [76 <C:/Users/huang/workspace/MASG/Output_FI/2020_02_09_10_28_30_AM/MFA_MONTHL
Y/CO_oil1/CO_oil115-Recent-9.png> <C:/Users/huang/workspace/MASG/Output_FI/2020
_02_09_10_28_30_AM/MFA_MONTHLY/CO_oil1/CO_oil115-Acient-9.png> <C:/Users/huang/
workspace/MASG/Output_FI/2020_02_09_10_28_30_AM/MFA_MONTHLY/CO_oil1/15_insample
_residuals.png>]
File: C:/Users/huang/workspace/MASG/Output_FI/2020_02_09_10_28_30_AM/MFA_MONTHL
Y/CO_oil1/16_insample_diff.png Graphic file (type png)
<use C:/Users/huang/workspace/MASG/Output_FI/2020_02_09_10_28_30_AM/MFA_MONTHLY
/CO_oil1/16_insample_diff.png>
Package pdftex.def Info: C:/Users/huang/workspace/MASG/Output_FI/2020_02_09_10_
28_30_AM/MFA_MONTHLY/CO_oil1/16_insample_diff.png  used on input line 454.
(pdftex.def)             Requested size: 264.46837pt x 198.35715pt.

Underfull \hbox (badness 10000) in alignment at lines 454--454
[][] 
 []


Underfull \hbox (badness 10000) in alignment at lines 454--454
[] 
 []

File: C:/Users/huang/workspace/MASG/Output_FI/2020_02_09_10_28_30_AM/MFA_MONTHL
Y/CO_oil1/CO_oil116-Recent-9.png Graphic file (type png)
<use C:/Users/huang/workspace/MASG/Output_FI/2020_02_09_10_28_30_AM/MFA_MONTHLY
/CO_oil1/CO_oil116-Recent-9.png>
Package pdftex.def Info: C:/Users/huang/workspace/MASG/Output_FI/2020_02_09_10_
28_30_AM/MFA_MONTHLY/CO_oil1/CO_oil116-Recent-9.png  used on input line 454.
(pdftex.def)             Requested size: 264.46837pt x 198.35715pt.
File: C:/Users/huang/workspace/MASG/Output_FI/2020_02_09_10_28_30_AM/MFA_MONTHL
Y/CO_oil1/CO_oil116-Acient-9.png Graphic file (type png)
<use C:/Users/huang/workspace/MASG/Output_FI/2020_02_09_10_28_30_AM/MFA_MONTHLY
/CO_oil1/CO_oil116-Acient-9.png>
Package pdftex.def Info: C:/Users/huang/workspace/MASG/Output_FI/2020_02_09_10_
28_30_AM/MFA_MONTHLY/CO_oil1/CO_oil116-Acient-9.png  used on input line 454.
(pdftex.def)             Requested size: 264.46837pt x 198.35715pt.
File: C:/Users/huang/workspace/MASG/Output_FI/2020_02_09_10_28_30_AM/MFA_MONTHL
Y/CO_oil1/16_insample_residuals.png Graphic file (type png)
<use C:/Users/huang/workspace/MASG/Output_FI/2020_02_09_10_28_30_AM/MFA_MONTHLY
/CO_oil1/16_insample_residuals.png>
Package pdftex.def Info: C:/Users/huang/workspace/MASG/Output_FI/2020_02_09_10_
28_30_AM/MFA_MONTHLY/CO_oil1/16_insample_residuals.png  used on input line 454.

(pdftex.def)             Requested size: 264.46837pt x 198.35715pt.

Overfull \hbox (23.99998pt too wide) in alignment at lines 454--454
[][] 
 []


Overfull \hbox (15.0pt too wide) in paragraph at lines 454--454
[][] 
 []

File: ./Picture/Logo.png Graphic file (type png)
<use ./Picture/Logo.png>
Package pdftex.def Info: ./Picture/Logo.png  used on input line 454.
(pdftex.def)             Requested size: 56.9055pt x 20.55377pt.
[77 <C:/Users/huang/workspace/MASG/Output_FI/2020_02_09_10_28_30_AM/MFA_MONTHLY
/CO_oil1/16_insample_diff.png>]
File: ./Picture/Logo.png Graphic file (type png)
<use ./Picture/Logo.png>
Package pdftex.def Info: ./Picture/Logo.png  used on input line 454.
(pdftex.def)             Requested size: 56.9055pt x 20.55377pt.
 [78 <C:/Users/huang/workspace/MASG/Output_FI/2020_02_09_10_28_30_AM/MFA_MONTHL
Y/CO_oil1/CO_oil116-Recent-9.png> <C:/Users/huang/workspace/MASG/Output_FI/2020
_02_09_10_28_30_AM/MFA_MONTHLY/CO_oil1/CO_oil116-Acient-9.png> <C:/Users/huang/
workspace/MASG/Output_FI/2020_02_09_10_28_30_AM/MFA_MONTHLY/CO_oil1/16_insample
_residuals.png>]
File: C:/Users/huang/workspace/MASG/Output_FI/2020_02_09_10_28_30_AM/MFA_MONTHL
Y/CO_oil1/17_insample_diff.png Graphic file (type png)
<use C:/Users/huang/workspace/MASG/Output_FI/2020_02_09_10_28_30_AM/MFA_MONTHLY
/CO_oil1/17_insample_diff.png>
Package pdftex.def Info: C:/Users/huang/workspace/MASG/Output_FI/2020_02_09_10_
28_30_AM/MFA_MONTHLY/CO_oil1/17_insample_diff.png  used on input line 454.
(pdftex.def)             Requested size: 264.46837pt x 198.35715pt.

Underfull \hbox (badness 10000) in alignment at lines 454--454
[][] 
 []


Underfull \hbox (badness 10000) in alignment at lines 454--454
[] 
 []

File: C:/Users/huang/workspace/MASG/Output_FI/2020_02_09_10_28_30_AM/MFA_MONTHL
Y/CO_oil1/CO_oil117-Recent-9.png Graphic file (type png)
<use C:/Users/huang/workspace/MASG/Output_FI/2020_02_09_10_28_30_AM/MFA_MONTHLY
/CO_oil1/CO_oil117-Recent-9.png>
Package pdftex.def Info: C:/Users/huang/workspace/MASG/Output_FI/2020_02_09_10_
28_30_AM/MFA_MONTHLY/CO_oil1/CO_oil117-Recent-9.png  used on input line 454.
(pdftex.def)             Requested size: 264.46837pt x 198.35715pt.
File: C:/Users/huang/workspace/MASG/Output_FI/2020_02_09_10_28_30_AM/MFA_MONTHL
Y/CO_oil1/CO_oil117-Acient-9.png Graphic file (type png)
<use C:/Users/huang/workspace/MASG/Output_FI/2020_02_09_10_28_30_AM/MFA_MONTHLY
/CO_oil1/CO_oil117-Acient-9.png>
Package pdftex.def Info: C:/Users/huang/workspace/MASG/Output_FI/2020_02_09_10_
28_30_AM/MFA_MONTHLY/CO_oil1/CO_oil117-Acient-9.png  used on input line 454.
(pdftex.def)             Requested size: 264.46837pt x 198.35715pt.
File: C:/Users/huang/workspace/MASG/Output_FI/2020_02_09_10_28_30_AM/MFA_MONTHL
Y/CO_oil1/17_insample_residuals.png Graphic file (type png)
<use C:/Users/huang/workspace/MASG/Output_FI/2020_02_09_10_28_30_AM/MFA_MONTHLY
/CO_oil1/17_insample_residuals.png>
Package pdftex.def Info: C:/Users/huang/workspace/MASG/Output_FI/2020_02_09_10_
28_30_AM/MFA_MONTHLY/CO_oil1/17_insample_residuals.png  used on input line 454.

(pdftex.def)             Requested size: 264.46837pt x 198.35715pt.

Overfull \hbox (23.99998pt too wide) in alignment at lines 454--454
[][] 
 []


Overfull \hbox (15.0pt too wide) in paragraph at lines 454--454
[][] 
 []

File: ./Picture/Logo.png Graphic file (type png)
<use ./Picture/Logo.png>
Package pdftex.def Info: ./Picture/Logo.png  used on input line 454.
(pdftex.def)             Requested size: 56.9055pt x 20.55377pt.
[79 <C:/Users/huang/workspace/MASG/Output_FI/2020_02_09_10_28_30_AM/MFA_MONTHLY
/CO_oil1/17_insample_diff.png>]
File: ./Picture/Logo.png Graphic file (type png)
<use ./Picture/Logo.png>
Package pdftex.def Info: ./Picture/Logo.png  used on input line 454.
(pdftex.def)             Requested size: 56.9055pt x 20.55377pt.
 [80 <C:/Users/huang/workspace/MASG/Output_FI/2020_02_09_10_28_30_AM/MFA_MONTHL
Y/CO_oil1/CO_oil117-Recent-9.png> <C:/Users/huang/workspace/MASG/Output_FI/2020
_02_09_10_28_30_AM/MFA_MONTHLY/CO_oil1/CO_oil117-Acient-9.png> <C:/Users/huang/
workspace/MASG/Output_FI/2020_02_09_10_28_30_AM/MFA_MONTHLY/CO_oil1/17_insample
_residuals.png>]
File: C:/Users/huang/workspace/MASG/Output_FI/2020_02_09_10_28_30_AM/MFA_MONTHL
Y/CO_oil1/18_insample_diff.png Graphic file (type png)
<use C:/Users/huang/workspace/MASG/Output_FI/2020_02_09_10_28_30_AM/MFA_MONTHLY
/CO_oil1/18_insample_diff.png>
Package pdftex.def Info: C:/Users/huang/workspace/MASG/Output_FI/2020_02_09_10_
28_30_AM/MFA_MONTHLY/CO_oil1/18_insample_diff.png  used on input line 454.
(pdftex.def)             Requested size: 264.46837pt x 198.35715pt.

Underfull \hbox (badness 10000) in alignment at lines 454--454
[][] 
 []


Underfull \hbox (badness 10000) in alignment at lines 454--454
[] 
 []

File: C:/Users/huang/workspace/MASG/Output_FI/2020_02_09_10_28_30_AM/MFA_MONTHL
Y/CO_oil1/CO_oil118-Recent-9.png Graphic file (type png)
<use C:/Users/huang/workspace/MASG/Output_FI/2020_02_09_10_28_30_AM/MFA_MONTHLY
/CO_oil1/CO_oil118-Recent-9.png>
Package pdftex.def Info: C:/Users/huang/workspace/MASG/Output_FI/2020_02_09_10_
28_30_AM/MFA_MONTHLY/CO_oil1/CO_oil118-Recent-9.png  used on input line 454.
(pdftex.def)             Requested size: 264.46837pt x 198.35715pt.
File: C:/Users/huang/workspace/MASG/Output_FI/2020_02_09_10_28_30_AM/MFA_MONTHL
Y/CO_oil1/CO_oil118-Acient-9.png Graphic file (type png)
<use C:/Users/huang/workspace/MASG/Output_FI/2020_02_09_10_28_30_AM/MFA_MONTHLY
/CO_oil1/CO_oil118-Acient-9.png>
Package pdftex.def Info: C:/Users/huang/workspace/MASG/Output_FI/2020_02_09_10_
28_30_AM/MFA_MONTHLY/CO_oil1/CO_oil118-Acient-9.png  used on input line 454.
(pdftex.def)             Requested size: 264.46837pt x 198.35715pt.
File: C:/Users/huang/workspace/MASG/Output_FI/2020_02_09_10_28_30_AM/MFA_MONTHL
Y/CO_oil1/18_insample_residuals.png Graphic file (type png)
<use C:/Users/huang/workspace/MASG/Output_FI/2020_02_09_10_28_30_AM/MFA_MONTHLY
/CO_oil1/18_insample_residuals.png>
Package pdftex.def Info: C:/Users/huang/workspace/MASG/Output_FI/2020_02_09_10_
28_30_AM/MFA_MONTHLY/CO_oil1/18_insample_residuals.png  used on input line 454.

(pdftex.def)             Requested size: 264.46837pt x 198.35715pt.

Overfull \hbox (23.99998pt too wide) in alignment at lines 454--454
[][] 
 []


Overfull \hbox (15.0pt too wide) in paragraph at lines 454--454
[][] 
 []

File: ./Picture/Logo.png Graphic file (type png)
<use ./Picture/Logo.png>
Package pdftex.def Info: ./Picture/Logo.png  used on input line 454.
(pdftex.def)             Requested size: 56.9055pt x 20.55377pt.
[81 <C:/Users/huang/workspace/MASG/Output_FI/2020_02_09_10_28_30_AM/MFA_MONTHLY
/CO_oil1/18_insample_diff.png>]
File: ./Picture/Logo.png Graphic file (type png)
<use ./Picture/Logo.png>
Package pdftex.def Info: ./Picture/Logo.png  used on input line 454.
(pdftex.def)             Requested size: 56.9055pt x 20.55377pt.
 [82 <C:/Users/huang/workspace/MASG/Output_FI/2020_02_09_10_28_30_AM/MFA_MONTHL
Y/CO_oil1/CO_oil118-Recent-9.png> <C:/Users/huang/workspace/MASG/Output_FI/2020
_02_09_10_28_30_AM/MFA_MONTHLY/CO_oil1/CO_oil118-Acient-9.png> <C:/Users/huang/
workspace/MASG/Output_FI/2020_02_09_10_28_30_AM/MFA_MONTHLY/CO_oil1/18_insample
_residuals.png>]
File: C:/Users/huang/workspace/MASG/Output_FI/2020_02_09_10_28_30_AM/MFA_MONTHL
Y/CO_oil1/19_insample_diff.png Graphic file (type png)
<use C:/Users/huang/workspace/MASG/Output_FI/2020_02_09_10_28_30_AM/MFA_MONTHLY
/CO_oil1/19_insample_diff.png>
Package pdftex.def Info: C:/Users/huang/workspace/MASG/Output_FI/2020_02_09_10_
28_30_AM/MFA_MONTHLY/CO_oil1/19_insample_diff.png  used on input line 454.
(pdftex.def)             Requested size: 264.46837pt x 198.35715pt.

Underfull \hbox (badness 10000) in alignment at lines 454--454
[][] 
 []


Underfull \hbox (badness 10000) in alignment at lines 454--454
[] 
 []

File: C:/Users/huang/workspace/MASG/Output_FI/2020_02_09_10_28_30_AM/MFA_MONTHL
Y/CO_oil1/CO_oil119-Recent-9.png Graphic file (type png)
<use C:/Users/huang/workspace/MASG/Output_FI/2020_02_09_10_28_30_AM/MFA_MONTHLY
/CO_oil1/CO_oil119-Recent-9.png>
Package pdftex.def Info: C:/Users/huang/workspace/MASG/Output_FI/2020_02_09_10_
28_30_AM/MFA_MONTHLY/CO_oil1/CO_oil119-Recent-9.png  used on input line 454.
(pdftex.def)             Requested size: 264.46837pt x 198.35715pt.
File: C:/Users/huang/workspace/MASG/Output_FI/2020_02_09_10_28_30_AM/MFA_MONTHL
Y/CO_oil1/CO_oil119-Acient-9.png Graphic file (type png)
<use C:/Users/huang/workspace/MASG/Output_FI/2020_02_09_10_28_30_AM/MFA_MONTHLY
/CO_oil1/CO_oil119-Acient-9.png>
Package pdftex.def Info: C:/Users/huang/workspace/MASG/Output_FI/2020_02_09_10_
28_30_AM/MFA_MONTHLY/CO_oil1/CO_oil119-Acient-9.png  used on input line 454.
(pdftex.def)             Requested size: 264.46837pt x 198.35715pt.
File: C:/Users/huang/workspace/MASG/Output_FI/2020_02_09_10_28_30_AM/MFA_MONTHL
Y/CO_oil1/19_insample_residuals.png Graphic file (type png)
<use C:/Users/huang/workspace/MASG/Output_FI/2020_02_09_10_28_30_AM/MFA_MONTHLY
/CO_oil1/19_insample_residuals.png>
Package pdftex.def Info: C:/Users/huang/workspace/MASG/Output_FI/2020_02_09_10_
28_30_AM/MFA_MONTHLY/CO_oil1/19_insample_residuals.png  used on input line 454.

(pdftex.def)             Requested size: 264.46837pt x 198.35715pt.

Overfull \hbox (23.99998pt too wide) in alignment at lines 454--454
[][] 
 []


Overfull \hbox (15.0pt too wide) in paragraph at lines 454--454
[][] 
 []

File: ./Picture/Logo.png Graphic file (type png)
<use ./Picture/Logo.png>
Package pdftex.def Info: ./Picture/Logo.png  used on input line 454.
(pdftex.def)             Requested size: 56.9055pt x 20.55377pt.
[83 <C:/Users/huang/workspace/MASG/Output_FI/2020_02_09_10_28_30_AM/MFA_MONTHLY
/CO_oil1/19_insample_diff.png>]
File: ./Picture/Logo.png Graphic file (type png)
<use ./Picture/Logo.png>
Package pdftex.def Info: ./Picture/Logo.png  used on input line 454.
(pdftex.def)             Requested size: 56.9055pt x 20.55377pt.
 [84 <C:/Users/huang/workspace/MASG/Output_FI/2020_02_09_10_28_30_AM/MFA_MONTHL
Y/CO_oil1/CO_oil119-Recent-9.png> <C:/Users/huang/workspace/MASG/Output_FI/2020
_02_09_10_28_30_AM/MFA_MONTHLY/CO_oil1/CO_oil119-Acient-9.png> <C:/Users/huang/
workspace/MASG/Output_FI/2020_02_09_10_28_30_AM/MFA_MONTHLY/CO_oil1/19_insample
_residuals.png>]
File: C:/Users/huang/workspace/MASG/Output_FI/2020_02_09_10_28_30_AM/MFA_MONTHL
Y/CO_oil1/20_insample_diff.png Graphic file (type png)
<use C:/Users/huang/workspace/MASG/Output_FI/2020_02_09_10_28_30_AM/MFA_MONTHLY
/CO_oil1/20_insample_diff.png>
Package pdftex.def Info: C:/Users/huang/workspace/MASG/Output_FI/2020_02_09_10_
28_30_AM/MFA_MONTHLY/CO_oil1/20_insample_diff.png  used on input line 454.
(pdftex.def)             Requested size: 264.46837pt x 198.35715pt.

Underfull \hbox (badness 10000) in alignment at lines 454--454
[][] 
 []


Underfull \hbox (badness 10000) in alignment at lines 454--454
[] 
 []

File: C:/Users/huang/workspace/MASG/Output_FI/2020_02_09_10_28_30_AM/MFA_MONTHL
Y/CO_oil1/CO_oil120-Recent-9.png Graphic file (type png)
<use C:/Users/huang/workspace/MASG/Output_FI/2020_02_09_10_28_30_AM/MFA_MONTHLY
/CO_oil1/CO_oil120-Recent-9.png>
Package pdftex.def Info: C:/Users/huang/workspace/MASG/Output_FI/2020_02_09_10_
28_30_AM/MFA_MONTHLY/CO_oil1/CO_oil120-Recent-9.png  used on input line 454.
(pdftex.def)             Requested size: 264.46837pt x 198.35715pt.
File: C:/Users/huang/workspace/MASG/Output_FI/2020_02_09_10_28_30_AM/MFA_MONTHL
Y/CO_oil1/CO_oil120-Acient-9.png Graphic file (type png)
<use C:/Users/huang/workspace/MASG/Output_FI/2020_02_09_10_28_30_AM/MFA_MONTHLY
/CO_oil1/CO_oil120-Acient-9.png>
Package pdftex.def Info: C:/Users/huang/workspace/MASG/Output_FI/2020_02_09_10_
28_30_AM/MFA_MONTHLY/CO_oil1/CO_oil120-Acient-9.png  used on input line 454.
(pdftex.def)             Requested size: 264.46837pt x 198.35715pt.
File: C:/Users/huang/workspace/MASG/Output_FI/2020_02_09_10_28_30_AM/MFA_MONTHL
Y/CO_oil1/20_insample_residuals.png Graphic file (type png)
<use C:/Users/huang/workspace/MASG/Output_FI/2020_02_09_10_28_30_AM/MFA_MONTHLY
/CO_oil1/20_insample_residuals.png>
Package pdftex.def Info: C:/Users/huang/workspace/MASG/Output_FI/2020_02_09_10_
28_30_AM/MFA_MONTHLY/CO_oil1/20_insample_residuals.png  used on input line 454.

(pdftex.def)             Requested size: 264.46837pt x 198.35715pt.

Overfull \hbox (23.99998pt too wide) in alignment at lines 454--454
[][] 
 []


Overfull \hbox (15.0pt too wide) in paragraph at lines 454--454
[][] 
 []

File: ./Picture/Logo.png Graphic file (type png)
<use ./Picture/Logo.png>
Package pdftex.def Info: ./Picture/Logo.png  used on input line 454.
(pdftex.def)             Requested size: 56.9055pt x 20.55377pt.
[85 <C:/Users/huang/workspace/MASG/Output_FI/2020_02_09_10_28_30_AM/MFA_MONTHLY
/CO_oil1/20_insample_diff.png>]
File: ./Picture/Logo.png Graphic file (type png)
<use ./Picture/Logo.png>
Package pdftex.def Info: ./Picture/Logo.png  used on input line 454.
(pdftex.def)             Requested size: 56.9055pt x 20.55377pt.
 [86 <C:/Users/huang/workspace/MASG/Output_FI/2020_02_09_10_28_30_AM/MFA_MONTHL
Y/CO_oil1/CO_oil120-Recent-9.png> <C:/Users/huang/workspace/MASG/Output_FI/2020
_02_09_10_28_30_AM/MFA_MONTHLY/CO_oil1/CO_oil120-Acient-9.png> <C:/Users/huang/
workspace/MASG/Output_FI/2020_02_09_10_28_30_AM/MFA_MONTHLY/CO_oil1/20_insample
_residuals.png>]
File: C:/Users/huang/workspace/MASG/Output_FI/2020_02_09_10_28_30_AM/MFA_MONTHL
Y/CO_oil1/21_insample_diff.png Graphic file (type png)
<use C:/Users/huang/workspace/MASG/Output_FI/2020_02_09_10_28_30_AM/MFA_MONTHLY
/CO_oil1/21_insample_diff.png>
Package pdftex.def Info: C:/Users/huang/workspace/MASG/Output_FI/2020_02_09_10_
28_30_AM/MFA_MONTHLY/CO_oil1/21_insample_diff.png  used on input line 454.
(pdftex.def)             Requested size: 264.46837pt x 198.35715pt.

Underfull \hbox (badness 10000) in alignment at lines 454--454
[][] 
 []


Underfull \hbox (badness 10000) in alignment at lines 454--454
[] 
 []

File: C:/Users/huang/workspace/MASG/Output_FI/2020_02_09_10_28_30_AM/MFA_MONTHL
Y/CO_oil1/CO_oil121-Recent-9.png Graphic file (type png)
<use C:/Users/huang/workspace/MASG/Output_FI/2020_02_09_10_28_30_AM/MFA_MONTHLY
/CO_oil1/CO_oil121-Recent-9.png>
Package pdftex.def Info: C:/Users/huang/workspace/MASG/Output_FI/2020_02_09_10_
28_30_AM/MFA_MONTHLY/CO_oil1/CO_oil121-Recent-9.png  used on input line 454.
(pdftex.def)             Requested size: 264.46837pt x 198.35715pt.
File: C:/Users/huang/workspace/MASG/Output_FI/2020_02_09_10_28_30_AM/MFA_MONTHL
Y/CO_oil1/CO_oil121-Acient-9.png Graphic file (type png)
<use C:/Users/huang/workspace/MASG/Output_FI/2020_02_09_10_28_30_AM/MFA_MONTHLY
/CO_oil1/CO_oil121-Acient-9.png>
Package pdftex.def Info: C:/Users/huang/workspace/MASG/Output_FI/2020_02_09_10_
28_30_AM/MFA_MONTHLY/CO_oil1/CO_oil121-Acient-9.png  used on input line 454.
(pdftex.def)             Requested size: 264.46837pt x 198.35715pt.
File: C:/Users/huang/workspace/MASG/Output_FI/2020_02_09_10_28_30_AM/MFA_MONTHL
Y/CO_oil1/21_insample_residuals.png Graphic file (type png)
<use C:/Users/huang/workspace/MASG/Output_FI/2020_02_09_10_28_30_AM/MFA_MONTHLY
/CO_oil1/21_insample_residuals.png>
Package pdftex.def Info: C:/Users/huang/workspace/MASG/Output_FI/2020_02_09_10_
28_30_AM/MFA_MONTHLY/CO_oil1/21_insample_residuals.png  used on input line 454.

(pdftex.def)             Requested size: 264.46837pt x 198.35715pt.

Overfull \hbox (23.99998pt too wide) in alignment at lines 454--454
[][] 
 []


Overfull \hbox (15.0pt too wide) in paragraph at lines 454--454
[][] 
 []

File: ./Picture/Logo.png Graphic file (type png)
<use ./Picture/Logo.png>
Package pdftex.def Info: ./Picture/Logo.png  used on input line 454.
(pdftex.def)             Requested size: 56.9055pt x 20.55377pt.
[87 <C:/Users/huang/workspace/MASG/Output_FI/2020_02_09_10_28_30_AM/MFA_MONTHLY
/CO_oil1/21_insample_diff.png>]
File: ./Picture/Logo.png Graphic file (type png)
<use ./Picture/Logo.png>
Package pdftex.def Info: ./Picture/Logo.png  used on input line 454.
(pdftex.def)             Requested size: 56.9055pt x 20.55377pt.
 [88 <C:/Users/huang/workspace/MASG/Output_FI/2020_02_09_10_28_30_AM/MFA_MONTHL
Y/CO_oil1/CO_oil121-Recent-9.png> <C:/Users/huang/workspace/MASG/Output_FI/2020
_02_09_10_28_30_AM/MFA_MONTHLY/CO_oil1/CO_oil121-Acient-9.png> <C:/Users/huang/
workspace/MASG/Output_FI/2020_02_09_10_28_30_AM/MFA_MONTHLY/CO_oil1/21_insample
_residuals.png>]
File: C:/Users/huang/workspace/MASG/Output_FI/2020_02_09_10_28_30_AM/MFA_MONTHL
Y/CO_oil1/22_insample_diff.png Graphic file (type png)
<use C:/Users/huang/workspace/MASG/Output_FI/2020_02_09_10_28_30_AM/MFA_MONTHLY
/CO_oil1/22_insample_diff.png>
Package pdftex.def Info: C:/Users/huang/workspace/MASG/Output_FI/2020_02_09_10_
28_30_AM/MFA_MONTHLY/CO_oil1/22_insample_diff.png  used on input line 454.
(pdftex.def)             Requested size: 264.46837pt x 198.35715pt.

Underfull \hbox (badness 10000) in alignment at lines 454--454
[][] 
 []


Underfull \hbox (badness 10000) in alignment at lines 454--454
[] 
 []

File: C:/Users/huang/workspace/MASG/Output_FI/2020_02_09_10_28_30_AM/MFA_MONTHL
Y/CO_oil1/CO_oil122-Recent-9.png Graphic file (type png)
<use C:/Users/huang/workspace/MASG/Output_FI/2020_02_09_10_28_30_AM/MFA_MONTHLY
/CO_oil1/CO_oil122-Recent-9.png>
Package pdftex.def Info: C:/Users/huang/workspace/MASG/Output_FI/2020_02_09_10_
28_30_AM/MFA_MONTHLY/CO_oil1/CO_oil122-Recent-9.png  used on input line 454.
(pdftex.def)             Requested size: 264.46837pt x 198.35715pt.
File: C:/Users/huang/workspace/MASG/Output_FI/2020_02_09_10_28_30_AM/MFA_MONTHL
Y/CO_oil1/CO_oil122-Acient-9.png Graphic file (type png)
<use C:/Users/huang/workspace/MASG/Output_FI/2020_02_09_10_28_30_AM/MFA_MONTHLY
/CO_oil1/CO_oil122-Acient-9.png>
Package pdftex.def Info: C:/Users/huang/workspace/MASG/Output_FI/2020_02_09_10_
28_30_AM/MFA_MONTHLY/CO_oil1/CO_oil122-Acient-9.png  used on input line 454.
(pdftex.def)             Requested size: 264.46837pt x 198.35715pt.
File: C:/Users/huang/workspace/MASG/Output_FI/2020_02_09_10_28_30_AM/MFA_MONTHL
Y/CO_oil1/22_insample_residuals.png Graphic file (type png)
<use C:/Users/huang/workspace/MASG/Output_FI/2020_02_09_10_28_30_AM/MFA_MONTHLY
/CO_oil1/22_insample_residuals.png>
Package pdftex.def Info: C:/Users/huang/workspace/MASG/Output_FI/2020_02_09_10_
28_30_AM/MFA_MONTHLY/CO_oil1/22_insample_residuals.png  used on input line 454.

(pdftex.def)             Requested size: 264.46837pt x 198.35715pt.

Overfull \hbox (23.99998pt too wide) in alignment at lines 454--454
[][] 
 []


Overfull \hbox (15.0pt too wide) in paragraph at lines 454--454
[][] 
 []

File: ./Picture/Logo.png Graphic file (type png)
<use ./Picture/Logo.png>
Package pdftex.def Info: ./Picture/Logo.png  used on input line 454.
(pdftex.def)             Requested size: 56.9055pt x 20.55377pt.
[89 <C:/Users/huang/workspace/MASG/Output_FI/2020_02_09_10_28_30_AM/MFA_MONTHLY
/CO_oil1/22_insample_diff.png>]
File: ./Picture/Logo.png Graphic file (type png)
<use ./Picture/Logo.png>
Package pdftex.def Info: ./Picture/Logo.png  used on input line 454.
(pdftex.def)             Requested size: 56.9055pt x 20.55377pt.
 [90 <C:/Users/huang/workspace/MASG/Output_FI/2020_02_09_10_28_30_AM/MFA_MONTHL
Y/CO_oil1/CO_oil122-Recent-9.png> <C:/Users/huang/workspace/MASG/Output_FI/2020
_02_09_10_28_30_AM/MFA_MONTHLY/CO_oil1/CO_oil122-Acient-9.png> <C:/Users/huang/
workspace/MASG/Output_FI/2020_02_09_10_28_30_AM/MFA_MONTHLY/CO_oil1/22_insample
_residuals.png>]
File: C:/Users/huang/workspace/MASG/Output_FI/2020_02_09_10_28_30_AM/MFA_MONTHL
Y/CO_oil1/23_insample_diff.png Graphic file (type png)
<use C:/Users/huang/workspace/MASG/Output_FI/2020_02_09_10_28_30_AM/MFA_MONTHLY
/CO_oil1/23_insample_diff.png>
Package pdftex.def Info: C:/Users/huang/workspace/MASG/Output_FI/2020_02_09_10_
28_30_AM/MFA_MONTHLY/CO_oil1/23_insample_diff.png  used on input line 454.
(pdftex.def)             Requested size: 264.46837pt x 198.35715pt.

Underfull \hbox (badness 10000) in alignment at lines 454--454
[][] 
 []


Underfull \hbox (badness 10000) in alignment at lines 454--454
[] 
 []

File: C:/Users/huang/workspace/MASG/Output_FI/2020_02_09_10_28_30_AM/MFA_MONTHL
Y/CO_oil1/CO_oil123-Recent-9.png Graphic file (type png)
<use C:/Users/huang/workspace/MASG/Output_FI/2020_02_09_10_28_30_AM/MFA_MONTHLY
/CO_oil1/CO_oil123-Recent-9.png>
Package pdftex.def Info: C:/Users/huang/workspace/MASG/Output_FI/2020_02_09_10_
28_30_AM/MFA_MONTHLY/CO_oil1/CO_oil123-Recent-9.png  used on input line 454.
(pdftex.def)             Requested size: 264.46837pt x 198.35715pt.
File: C:/Users/huang/workspace/MASG/Output_FI/2020_02_09_10_28_30_AM/MFA_MONTHL
Y/CO_oil1/CO_oil123-Acient-9.png Graphic file (type png)
<use C:/Users/huang/workspace/MASG/Output_FI/2020_02_09_10_28_30_AM/MFA_MONTHLY
/CO_oil1/CO_oil123-Acient-9.png>
Package pdftex.def Info: C:/Users/huang/workspace/MASG/Output_FI/2020_02_09_10_
28_30_AM/MFA_MONTHLY/CO_oil1/CO_oil123-Acient-9.png  used on input line 454.
(pdftex.def)             Requested size: 264.46837pt x 198.35715pt.
File: C:/Users/huang/workspace/MASG/Output_FI/2020_02_09_10_28_30_AM/MFA_MONTHL
Y/CO_oil1/23_insample_residuals.png Graphic file (type png)
<use C:/Users/huang/workspace/MASG/Output_FI/2020_02_09_10_28_30_AM/MFA_MONTHLY
/CO_oil1/23_insample_residuals.png>
Package pdftex.def Info: C:/Users/huang/workspace/MASG/Output_FI/2020_02_09_10_
28_30_AM/MFA_MONTHLY/CO_oil1/23_insample_residuals.png  used on input line 454.

(pdftex.def)             Requested size: 264.46837pt x 198.35715pt.

Overfull \hbox (23.99998pt too wide) in alignment at lines 454--454
[][] 
 []


Overfull \hbox (15.0pt too wide) in paragraph at lines 454--454
[][] 
 []

File: ./Picture/Logo.png Graphic file (type png)
<use ./Picture/Logo.png>
Package pdftex.def Info: ./Picture/Logo.png  used on input line 454.
(pdftex.def)             Requested size: 56.9055pt x 20.55377pt.
[91 <C:/Users/huang/workspace/MASG/Output_FI/2020_02_09_10_28_30_AM/MFA_MONTHLY
/CO_oil1/23_insample_diff.png>]
File: ./Picture/Logo.png Graphic file (type png)
<use ./Picture/Logo.png>
Package pdftex.def Info: ./Picture/Logo.png  used on input line 454.
(pdftex.def)             Requested size: 56.9055pt x 20.55377pt.
 [92 <C:/Users/huang/workspace/MASG/Output_FI/2020_02_09_10_28_30_AM/MFA_MONTHL
Y/CO_oil1/CO_oil123-Recent-9.png> <C:/Users/huang/workspace/MASG/Output_FI/2020
_02_09_10_28_30_AM/MFA_MONTHLY/CO_oil1/CO_oil123-Acient-9.png> <C:/Users/huang/
workspace/MASG/Output_FI/2020_02_09_10_28_30_AM/MFA_MONTHLY/CO_oil1/23_insample
_residuals.png>]
File: C:/Users/huang/workspace/MASG/Output_FI/2020_02_09_10_28_30_AM/MFA_MONTHL
Y/CO_oil1/24_insample_diff.png Graphic file (type png)
<use C:/Users/huang/workspace/MASG/Output_FI/2020_02_09_10_28_30_AM/MFA_MONTHLY
/CO_oil1/24_insample_diff.png>
Package pdftex.def Info: C:/Users/huang/workspace/MASG/Output_FI/2020_02_09_10_
28_30_AM/MFA_MONTHLY/CO_oil1/24_insample_diff.png  used on input line 454.
(pdftex.def)             Requested size: 264.46837pt x 198.35715pt.

Underfull \hbox (badness 10000) in alignment at lines 454--454
[][] 
 []


Underfull \hbox (badness 10000) in alignment at lines 454--454
[] 
 []

File: C:/Users/huang/workspace/MASG/Output_FI/2020_02_09_10_28_30_AM/MFA_MONTHL
Y/CO_oil1/CO_oil124-Recent-9.png Graphic file (type png)
<use C:/Users/huang/workspace/MASG/Output_FI/2020_02_09_10_28_30_AM/MFA_MONTHLY
/CO_oil1/CO_oil124-Recent-9.png>
Package pdftex.def Info: C:/Users/huang/workspace/MASG/Output_FI/2020_02_09_10_
28_30_AM/MFA_MONTHLY/CO_oil1/CO_oil124-Recent-9.png  used on input line 454.
(pdftex.def)             Requested size: 264.46837pt x 198.35715pt.
File: C:/Users/huang/workspace/MASG/Output_FI/2020_02_09_10_28_30_AM/MFA_MONTHL
Y/CO_oil1/CO_oil124-Acient-9.png Graphic file (type png)
<use C:/Users/huang/workspace/MASG/Output_FI/2020_02_09_10_28_30_AM/MFA_MONTHLY
/CO_oil1/CO_oil124-Acient-9.png>
Package pdftex.def Info: C:/Users/huang/workspace/MASG/Output_FI/2020_02_09_10_
28_30_AM/MFA_MONTHLY/CO_oil1/CO_oil124-Acient-9.png  used on input line 454.
(pdftex.def)             Requested size: 264.46837pt x 198.35715pt.
File: C:/Users/huang/workspace/MASG/Output_FI/2020_02_09_10_28_30_AM/MFA_MONTHL
Y/CO_oil1/24_insample_residuals.png Graphic file (type png)
<use C:/Users/huang/workspace/MASG/Output_FI/2020_02_09_10_28_30_AM/MFA_MONTHLY
/CO_oil1/24_insample_residuals.png>
Package pdftex.def Info: C:/Users/huang/workspace/MASG/Output_FI/2020_02_09_10_
28_30_AM/MFA_MONTHLY/CO_oil1/24_insample_residuals.png  used on input line 454.

(pdftex.def)             Requested size: 264.46837pt x 198.35715pt.

Overfull \hbox (23.99998pt too wide) in alignment at lines 454--454
[][] 
 []


Overfull \hbox (15.0pt too wide) in paragraph at lines 454--454
[][] 
 []

File: ./Picture/Logo.png Graphic file (type png)
<use ./Picture/Logo.png>
Package pdftex.def Info: ./Picture/Logo.png  used on input line 454.
(pdftex.def)             Requested size: 56.9055pt x 20.55377pt.
[93 <C:/Users/huang/workspace/MASG/Output_FI/2020_02_09_10_28_30_AM/MFA_MONTHLY
/CO_oil1/24_insample_diff.png>]
File: ./Picture/Logo.png Graphic file (type png)
<use ./Picture/Logo.png>
Package pdftex.def Info: ./Picture/Logo.png  used on input line 454.
(pdftex.def)             Requested size: 56.9055pt x 20.55377pt.
 [94 <C:/Users/huang/workspace/MASG/Output_FI/2020_02_09_10_28_30_AM/MFA_MONTHL
Y/CO_oil1/CO_oil124-Recent-9.png> <C:/Users/huang/workspace/MASG/Output_FI/2020
_02_09_10_28_30_AM/MFA_MONTHLY/CO_oil1/CO_oil124-Acient-9.png> <C:/Users/huang/
workspace/MASG/Output_FI/2020_02_09_10_28_30_AM/MFA_MONTHLY/CO_oil1/24_insample
_residuals.png>]
File: C:/Users/huang/workspace/MASG/Output_FI/2020_02_09_10_28_30_AM/MFA_MONTHL
Y/CO_oil1/25_insample_diff.png Graphic file (type png)
<use C:/Users/huang/workspace/MASG/Output_FI/2020_02_09_10_28_30_AM/MFA_MONTHLY
/CO_oil1/25_insample_diff.png>
Package pdftex.def Info: C:/Users/huang/workspace/MASG/Output_FI/2020_02_09_10_
28_30_AM/MFA_MONTHLY/CO_oil1/25_insample_diff.png  used on input line 454.
(pdftex.def)             Requested size: 264.46837pt x 198.35715pt.

Underfull \hbox (badness 10000) in alignment at lines 454--454
[][] 
 []


Underfull \hbox (badness 10000) in alignment at lines 454--454
[] 
 []

File: C:/Users/huang/workspace/MASG/Output_FI/2020_02_09_10_28_30_AM/MFA_MONTHL
Y/CO_oil1/CO_oil125-Recent-9.png Graphic file (type png)
<use C:/Users/huang/workspace/MASG/Output_FI/2020_02_09_10_28_30_AM/MFA_MONTHLY
/CO_oil1/CO_oil125-Recent-9.png>
Package pdftex.def Info: C:/Users/huang/workspace/MASG/Output_FI/2020_02_09_10_
28_30_AM/MFA_MONTHLY/CO_oil1/CO_oil125-Recent-9.png  used on input line 454.
(pdftex.def)             Requested size: 264.46837pt x 198.35715pt.
File: C:/Users/huang/workspace/MASG/Output_FI/2020_02_09_10_28_30_AM/MFA_MONTHL
Y/CO_oil1/CO_oil125-Acient-9.png Graphic file (type png)
<use C:/Users/huang/workspace/MASG/Output_FI/2020_02_09_10_28_30_AM/MFA_MONTHLY
/CO_oil1/CO_oil125-Acient-9.png>
Package pdftex.def Info: C:/Users/huang/workspace/MASG/Output_FI/2020_02_09_10_
28_30_AM/MFA_MONTHLY/CO_oil1/CO_oil125-Acient-9.png  used on input line 454.
(pdftex.def)             Requested size: 264.46837pt x 198.35715pt.
File: C:/Users/huang/workspace/MASG/Output_FI/2020_02_09_10_28_30_AM/MFA_MONTHL
Y/CO_oil1/25_insample_residuals.png Graphic file (type png)
<use C:/Users/huang/workspace/MASG/Output_FI/2020_02_09_10_28_30_AM/MFA_MONTHLY
/CO_oil1/25_insample_residuals.png>
Package pdftex.def Info: C:/Users/huang/workspace/MASG/Output_FI/2020_02_09_10_
28_30_AM/MFA_MONTHLY/CO_oil1/25_insample_residuals.png  used on input line 454.

(pdftex.def)             Requested size: 264.46837pt x 198.35715pt.

Overfull \hbox (23.99998pt too wide) in alignment at lines 454--454
[][] 
 []


Overfull \hbox (15.0pt too wide) in paragraph at lines 454--454
[][] 
 []

File: ./Picture/Logo.png Graphic file (type png)
<use ./Picture/Logo.png>
Package pdftex.def Info: ./Picture/Logo.png  used on input line 454.
(pdftex.def)             Requested size: 56.9055pt x 20.55377pt.
[95 <C:/Users/huang/workspace/MASG/Output_FI/2020_02_09_10_28_30_AM/MFA_MONTHLY
/CO_oil1/25_insample_diff.png>]
File: ./Picture/Logo.png Graphic file (type png)
<use ./Picture/Logo.png>
Package pdftex.def Info: ./Picture/Logo.png  used on input line 454.
(pdftex.def)             Requested size: 56.9055pt x 20.55377pt.
 [96 <C:/Users/huang/workspace/MASG/Output_FI/2020_02_09_10_28_30_AM/MFA_MONTHL
Y/CO_oil1/CO_oil125-Recent-9.png> <C:/Users/huang/workspace/MASG/Output_FI/2020
_02_09_10_28_30_AM/MFA_MONTHLY/CO_oil1/CO_oil125-Acient-9.png> <C:/Users/huang/
workspace/MASG/Output_FI/2020_02_09_10_28_30_AM/MFA_MONTHLY/CO_oil1/25_insample
_residuals.png>]
File: C:/Users/huang/workspace/MASG/Output_FI/2020_02_09_10_28_30_AM/MFA_MONTHL
Y/CO_oil1/26_insample_diff.png Graphic file (type png)
<use C:/Users/huang/workspace/MASG/Output_FI/2020_02_09_10_28_30_AM/MFA_MONTHLY
/CO_oil1/26_insample_diff.png>
Package pdftex.def Info: C:/Users/huang/workspace/MASG/Output_FI/2020_02_09_10_
28_30_AM/MFA_MONTHLY/CO_oil1/26_insample_diff.png  used on input line 454.
(pdftex.def)             Requested size: 264.46837pt x 198.35715pt.

Underfull \hbox (badness 10000) in alignment at lines 454--454
[][] 
 []


Underfull \hbox (badness 10000) in alignment at lines 454--454
[] 
 []

File: C:/Users/huang/workspace/MASG/Output_FI/2020_02_09_10_28_30_AM/MFA_MONTHL
Y/CO_oil1/CO_oil126-Recent-9.png Graphic file (type png)
<use C:/Users/huang/workspace/MASG/Output_FI/2020_02_09_10_28_30_AM/MFA_MONTHLY
/CO_oil1/CO_oil126-Recent-9.png>
Package pdftex.def Info: C:/Users/huang/workspace/MASG/Output_FI/2020_02_09_10_
28_30_AM/MFA_MONTHLY/CO_oil1/CO_oil126-Recent-9.png  used on input line 454.
(pdftex.def)             Requested size: 264.46837pt x 198.35715pt.
File: C:/Users/huang/workspace/MASG/Output_FI/2020_02_09_10_28_30_AM/MFA_MONTHL
Y/CO_oil1/CO_oil126-Acient-9.png Graphic file (type png)
<use C:/Users/huang/workspace/MASG/Output_FI/2020_02_09_10_28_30_AM/MFA_MONTHLY
/CO_oil1/CO_oil126-Acient-9.png>
Package pdftex.def Info: C:/Users/huang/workspace/MASG/Output_FI/2020_02_09_10_
28_30_AM/MFA_MONTHLY/CO_oil1/CO_oil126-Acient-9.png  used on input line 454.
(pdftex.def)             Requested size: 264.46837pt x 198.35715pt.
File: C:/Users/huang/workspace/MASG/Output_FI/2020_02_09_10_28_30_AM/MFA_MONTHL
Y/CO_oil1/26_insample_residuals.png Graphic file (type png)
<use C:/Users/huang/workspace/MASG/Output_FI/2020_02_09_10_28_30_AM/MFA_MONTHLY
/CO_oil1/26_insample_residuals.png>
Package pdftex.def Info: C:/Users/huang/workspace/MASG/Output_FI/2020_02_09_10_
28_30_AM/MFA_MONTHLY/CO_oil1/26_insample_residuals.png  used on input line 454.

(pdftex.def)             Requested size: 264.46837pt x 198.35715pt.

Overfull \hbox (23.99998pt too wide) in alignment at lines 454--454
[][] 
 []


Overfull \hbox (15.0pt too wide) in paragraph at lines 454--454
[][] 
 []

File: ./Picture/Logo.png Graphic file (type png)
<use ./Picture/Logo.png>
Package pdftex.def Info: ./Picture/Logo.png  used on input line 454.
(pdftex.def)             Requested size: 56.9055pt x 20.55377pt.
[97 <C:/Users/huang/workspace/MASG/Output_FI/2020_02_09_10_28_30_AM/MFA_MONTHLY
/CO_oil1/26_insample_diff.png>]
File: ./Picture/Logo.png Graphic file (type png)
<use ./Picture/Logo.png>
Package pdftex.def Info: ./Picture/Logo.png  used on input line 454.
(pdftex.def)             Requested size: 56.9055pt x 20.55377pt.
 [98 <C:/Users/huang/workspace/MASG/Output_FI/2020_02_09_10_28_30_AM/MFA_MONTHL
Y/CO_oil1/CO_oil126-Recent-9.png> <C:/Users/huang/workspace/MASG/Output_FI/2020
_02_09_10_28_30_AM/MFA_MONTHLY/CO_oil1/CO_oil126-Acient-9.png> <C:/Users/huang/
workspace/MASG/Output_FI/2020_02_09_10_28_30_AM/MFA_MONTHLY/CO_oil1/26_insample
_residuals.png>]
File: C:/Users/huang/workspace/MASG/Output_FI/2020_02_09_10_28_30_AM/MFA_MONTHL
Y/CO_oil1/27_insample_diff.png Graphic file (type png)
<use C:/Users/huang/workspace/MASG/Output_FI/2020_02_09_10_28_30_AM/MFA_MONTHLY
/CO_oil1/27_insample_diff.png>
Package pdftex.def Info: C:/Users/huang/workspace/MASG/Output_FI/2020_02_09_10_
28_30_AM/MFA_MONTHLY/CO_oil1/27_insample_diff.png  used on input line 454.
(pdftex.def)             Requested size: 264.46837pt x 198.35715pt.

Underfull \hbox (badness 10000) in alignment at lines 454--454
[][] 
 []


Underfull \hbox (badness 10000) in alignment at lines 454--454
[] 
 []

File: C:/Users/huang/workspace/MASG/Output_FI/2020_02_09_10_28_30_AM/MFA_MONTHL
Y/CO_oil1/CO_oil127-Recent-9.png Graphic file (type png)
<use C:/Users/huang/workspace/MASG/Output_FI/2020_02_09_10_28_30_AM/MFA_MONTHLY
/CO_oil1/CO_oil127-Recent-9.png>
Package pdftex.def Info: C:/Users/huang/workspace/MASG/Output_FI/2020_02_09_10_
28_30_AM/MFA_MONTHLY/CO_oil1/CO_oil127-Recent-9.png  used on input line 454.
(pdftex.def)             Requested size: 264.46837pt x 198.35715pt.
File: C:/Users/huang/workspace/MASG/Output_FI/2020_02_09_10_28_30_AM/MFA_MONTHL
Y/CO_oil1/CO_oil127-Acient-9.png Graphic file (type png)
<use C:/Users/huang/workspace/MASG/Output_FI/2020_02_09_10_28_30_AM/MFA_MONTHLY
/CO_oil1/CO_oil127-Acient-9.png>
Package pdftex.def Info: C:/Users/huang/workspace/MASG/Output_FI/2020_02_09_10_
28_30_AM/MFA_MONTHLY/CO_oil1/CO_oil127-Acient-9.png  used on input line 454.
(pdftex.def)             Requested size: 264.46837pt x 198.35715pt.
File: C:/Users/huang/workspace/MASG/Output_FI/2020_02_09_10_28_30_AM/MFA_MONTHL
Y/CO_oil1/27_insample_residuals.png Graphic file (type png)
<use C:/Users/huang/workspace/MASG/Output_FI/2020_02_09_10_28_30_AM/MFA_MONTHLY
/CO_oil1/27_insample_residuals.png>
Package pdftex.def Info: C:/Users/huang/workspace/MASG/Output_FI/2020_02_09_10_
28_30_AM/MFA_MONTHLY/CO_oil1/27_insample_residuals.png  used on input line 454.

(pdftex.def)             Requested size: 264.46837pt x 198.35715pt.

Overfull \hbox (23.99998pt too wide) in alignment at lines 454--454
[][] 
 []


Overfull \hbox (15.0pt too wide) in paragraph at lines 454--454
[][] 
 []

File: ./Picture/Logo.png Graphic file (type png)
<use ./Picture/Logo.png>
Package pdftex.def Info: ./Picture/Logo.png  used on input line 454.
(pdftex.def)             Requested size: 56.9055pt x 20.55377pt.
[99 <C:/Users/huang/workspace/MASG/Output_FI/2020_02_09_10_28_30_AM/MFA_MONTHLY
/CO_oil1/27_insample_diff.png>]
File: ./Picture/Logo.png Graphic file (type png)
<use ./Picture/Logo.png>
Package pdftex.def Info: ./Picture/Logo.png  used on input line 454.
(pdftex.def)             Requested size: 56.9055pt x 20.55377pt.
 [100 <C:/Users/huang/workspace/MASG/Output_FI/2020_02_09_10_28_30_AM/MFA_MONTH
LY/CO_oil1/CO_oil127-Recent-9.png> <C:/Users/huang/workspace/MASG/Output_FI/202
0_02_09_10_28_30_AM/MFA_MONTHLY/CO_oil1/CO_oil127-Acient-9.png> <C:/Users/huang
/workspace/MASG/Output_FI/2020_02_09_10_28_30_AM/MFA_MONTHLY/CO_oil1/27_insampl
e_residuals.png>]
File: C:/Users/huang/workspace/MASG/Output_FI/2020_02_09_10_28_30_AM/MFA_MONTHL
Y/CO_oil1/28_insample_diff.png Graphic file (type png)
<use C:/Users/huang/workspace/MASG/Output_FI/2020_02_09_10_28_30_AM/MFA_MONTHLY
/CO_oil1/28_insample_diff.png>
Package pdftex.def Info: C:/Users/huang/workspace/MASG/Output_FI/2020_02_09_10_
28_30_AM/MFA_MONTHLY/CO_oil1/28_insample_diff.png  used on input line 454.
(pdftex.def)             Requested size: 264.46837pt x 198.35715pt.

Underfull \hbox (badness 10000) in alignment at lines 454--454
[][] 
 []


Underfull \hbox (badness 10000) in alignment at lines 454--454
[] 
 []

File: C:/Users/huang/workspace/MASG/Output_FI/2020_02_09_10_28_30_AM/MFA_MONTHL
Y/CO_oil1/CO_oil128-Recent-9.png Graphic file (type png)
<use C:/Users/huang/workspace/MASG/Output_FI/2020_02_09_10_28_30_AM/MFA_MONTHLY
/CO_oil1/CO_oil128-Recent-9.png>
Package pdftex.def Info: C:/Users/huang/workspace/MASG/Output_FI/2020_02_09_10_
28_30_AM/MFA_MONTHLY/CO_oil1/CO_oil128-Recent-9.png  used on input line 454.
(pdftex.def)             Requested size: 264.46837pt x 198.35715pt.
File: C:/Users/huang/workspace/MASG/Output_FI/2020_02_09_10_28_30_AM/MFA_MONTHL
Y/CO_oil1/CO_oil128-Acient-9.png Graphic file (type png)
<use C:/Users/huang/workspace/MASG/Output_FI/2020_02_09_10_28_30_AM/MFA_MONTHLY
/CO_oil1/CO_oil128-Acient-9.png>
Package pdftex.def Info: C:/Users/huang/workspace/MASG/Output_FI/2020_02_09_10_
28_30_AM/MFA_MONTHLY/CO_oil1/CO_oil128-Acient-9.png  used on input line 454.
(pdftex.def)             Requested size: 264.46837pt x 198.35715pt.
File: C:/Users/huang/workspace/MASG/Output_FI/2020_02_09_10_28_30_AM/MFA_MONTHL
Y/CO_oil1/28_insample_residuals.png Graphic file (type png)
<use C:/Users/huang/workspace/MASG/Output_FI/2020_02_09_10_28_30_AM/MFA_MONTHLY
/CO_oil1/28_insample_residuals.png>
Package pdftex.def Info: C:/Users/huang/workspace/MASG/Output_FI/2020_02_09_10_
28_30_AM/MFA_MONTHLY/CO_oil1/28_insample_residuals.png  used on input line 454.

(pdftex.def)             Requested size: 264.46837pt x 198.35715pt.

Overfull \hbox (23.99998pt too wide) in alignment at lines 454--454
[][] 
 []


Overfull \hbox (15.0pt too wide) in paragraph at lines 454--454
[][] 
 []

File: ./Picture/Logo.png Graphic file (type png)
<use ./Picture/Logo.png>
Package pdftex.def Info: ./Picture/Logo.png  used on input line 454.
(pdftex.def)             Requested size: 56.9055pt x 20.55377pt.
[101 <C:/Users/huang/workspace/MASG/Output_FI/2020_02_09_10_28_30_AM/MFA_MONTHL
Y/CO_oil1/28_insample_diff.png>]
File: ./Picture/Logo.png Graphic file (type png)
<use ./Picture/Logo.png>
Package pdftex.def Info: ./Picture/Logo.png  used on input line 454.
(pdftex.def)             Requested size: 56.9055pt x 20.55377pt.
 [102 <C:/Users/huang/workspace/MASG/Output_FI/2020_02_09_10_28_30_AM/MFA_MONTH
LY/CO_oil1/CO_oil128-Recent-9.png> <C:/Users/huang/workspace/MASG/Output_FI/202
0_02_09_10_28_30_AM/MFA_MONTHLY/CO_oil1/CO_oil128-Acient-9.png> <C:/Users/huang
/workspace/MASG/Output_FI/2020_02_09_10_28_30_AM/MFA_MONTHLY/CO_oil1/28_insampl
e_residuals.png>]
File: C:/Users/huang/workspace/MASG/Output_FI/2020_02_09_10_28_30_AM/MFA_MONTHL
Y/CO_oil1/29_insample_diff.png Graphic file (type png)
<use C:/Users/huang/workspace/MASG/Output_FI/2020_02_09_10_28_30_AM/MFA_MONTHLY
/CO_oil1/29_insample_diff.png>
Package pdftex.def Info: C:/Users/huang/workspace/MASG/Output_FI/2020_02_09_10_
28_30_AM/MFA_MONTHLY/CO_oil1/29_insample_diff.png  used on input line 454.
(pdftex.def)             Requested size: 264.46837pt x 198.35715pt.

Underfull \hbox (badness 10000) in alignment at lines 454--454
[][] 
 []


Underfull \hbox (badness 10000) in alignment at lines 454--454
[] 
 []

File: C:/Users/huang/workspace/MASG/Output_FI/2020_02_09_10_28_30_AM/MFA_MONTHL
Y/CO_oil1/CO_oil129-Recent-9.png Graphic file (type png)
<use C:/Users/huang/workspace/MASG/Output_FI/2020_02_09_10_28_30_AM/MFA_MONTHLY
/CO_oil1/CO_oil129-Recent-9.png>
Package pdftex.def Info: C:/Users/huang/workspace/MASG/Output_FI/2020_02_09_10_
28_30_AM/MFA_MONTHLY/CO_oil1/CO_oil129-Recent-9.png  used on input line 454.
(pdftex.def)             Requested size: 264.46837pt x 198.35715pt.
File: C:/Users/huang/workspace/MASG/Output_FI/2020_02_09_10_28_30_AM/MFA_MONTHL
Y/CO_oil1/CO_oil129-Acient-9.png Graphic file (type png)
<use C:/Users/huang/workspace/MASG/Output_FI/2020_02_09_10_28_30_AM/MFA_MONTHLY
/CO_oil1/CO_oil129-Acient-9.png>
Package pdftex.def Info: C:/Users/huang/workspace/MASG/Output_FI/2020_02_09_10_
28_30_AM/MFA_MONTHLY/CO_oil1/CO_oil129-Acient-9.png  used on input line 454.
(pdftex.def)             Requested size: 264.46837pt x 198.35715pt.
File: C:/Users/huang/workspace/MASG/Output_FI/2020_02_09_10_28_30_AM/MFA_MONTHL
Y/CO_oil1/29_insample_residuals.png Graphic file (type png)
<use C:/Users/huang/workspace/MASG/Output_FI/2020_02_09_10_28_30_AM/MFA_MONTHLY
/CO_oil1/29_insample_residuals.png>
Package pdftex.def Info: C:/Users/huang/workspace/MASG/Output_FI/2020_02_09_10_
28_30_AM/MFA_MONTHLY/CO_oil1/29_insample_residuals.png  used on input line 454.

(pdftex.def)             Requested size: 264.46837pt x 198.35715pt.

Overfull \hbox (23.99998pt too wide) in alignment at lines 454--454
[][] 
 []


Overfull \hbox (15.0pt too wide) in paragraph at lines 454--454
[][] 
 []

File: ./Picture/Logo.png Graphic file (type png)
<use ./Picture/Logo.png>
Package pdftex.def Info: ./Picture/Logo.png  used on input line 454.
(pdftex.def)             Requested size: 56.9055pt x 20.55377pt.
[103 <C:/Users/huang/workspace/MASG/Output_FI/2020_02_09_10_28_30_AM/MFA_MONTHL
Y/CO_oil1/29_insample_diff.png>]
File: ./Picture/Logo.png Graphic file (type png)
<use ./Picture/Logo.png>
Package pdftex.def Info: ./Picture/Logo.png  used on input line 454.
(pdftex.def)             Requested size: 56.9055pt x 20.55377pt.
 [104 <C:/Users/huang/workspace/MASG/Output_FI/2020_02_09_10_28_30_AM/MFA_MONTH
LY/CO_oil1/CO_oil129-Recent-9.png> <C:/Users/huang/workspace/MASG/Output_FI/202
0_02_09_10_28_30_AM/MFA_MONTHLY/CO_oil1/CO_oil129-Acient-9.png> <C:/Users/huang
/workspace/MASG/Output_FI/2020_02_09_10_28_30_AM/MFA_MONTHLY/CO_oil1/29_insampl
e_residuals.png>]
File: C:/Users/huang/workspace/MASG/Output_FI/2020_02_09_10_28_30_AM/MFA_MONTHL
Y/CO_oil1/30_insample_diff.png Graphic file (type png)
<use C:/Users/huang/workspace/MASG/Output_FI/2020_02_09_10_28_30_AM/MFA_MONTHLY
/CO_oil1/30_insample_diff.png>
Package pdftex.def Info: C:/Users/huang/workspace/MASG/Output_FI/2020_02_09_10_
28_30_AM/MFA_MONTHLY/CO_oil1/30_insample_diff.png  used on input line 454.
(pdftex.def)             Requested size: 264.46837pt x 198.35715pt.

Underfull \hbox (badness 10000) in alignment at lines 454--454
[][] 
 []


Underfull \hbox (badness 10000) in alignment at lines 454--454
[] 
 []

File: C:/Users/huang/workspace/MASG/Output_FI/2020_02_09_10_28_30_AM/MFA_MONTHL
Y/CO_oil1/CO_oil130-Recent-9.png Graphic file (type png)
<use C:/Users/huang/workspace/MASG/Output_FI/2020_02_09_10_28_30_AM/MFA_MONTHLY
/CO_oil1/CO_oil130-Recent-9.png>
Package pdftex.def Info: C:/Users/huang/workspace/MASG/Output_FI/2020_02_09_10_
28_30_AM/MFA_MONTHLY/CO_oil1/CO_oil130-Recent-9.png  used on input line 454.
(pdftex.def)             Requested size: 264.46837pt x 198.35715pt.
File: C:/Users/huang/workspace/MASG/Output_FI/2020_02_09_10_28_30_AM/MFA_MONTHL
Y/CO_oil1/CO_oil130-Acient-9.png Graphic file (type png)
<use C:/Users/huang/workspace/MASG/Output_FI/2020_02_09_10_28_30_AM/MFA_MONTHLY
/CO_oil1/CO_oil130-Acient-9.png>
Package pdftex.def Info: C:/Users/huang/workspace/MASG/Output_FI/2020_02_09_10_
28_30_AM/MFA_MONTHLY/CO_oil1/CO_oil130-Acient-9.png  used on input line 454.
(pdftex.def)             Requested size: 264.46837pt x 198.35715pt.
File: C:/Users/huang/workspace/MASG/Output_FI/2020_02_09_10_28_30_AM/MFA_MONTHL
Y/CO_oil1/30_insample_residuals.png Graphic file (type png)
<use C:/Users/huang/workspace/MASG/Output_FI/2020_02_09_10_28_30_AM/MFA_MONTHLY
/CO_oil1/30_insample_residuals.png>
Package pdftex.def Info: C:/Users/huang/workspace/MASG/Output_FI/2020_02_09_10_
28_30_AM/MFA_MONTHLY/CO_oil1/30_insample_residuals.png  used on input line 454.

(pdftex.def)             Requested size: 264.46837pt x 198.35715pt.

Overfull \hbox (23.99998pt too wide) in alignment at lines 454--454
[][] 
 []


Overfull \hbox (15.0pt too wide) in paragraph at lines 454--454
[][] 
 []

File: ./Picture/Logo.png Graphic file (type png)
<use ./Picture/Logo.png>
Package pdftex.def Info: ./Picture/Logo.png  used on input line 454.
(pdftex.def)             Requested size: 56.9055pt x 20.55377pt.
[105 <C:/Users/huang/workspace/MASG/Output_FI/2020_02_09_10_28_30_AM/MFA_MONTHL
Y/CO_oil1/30_insample_diff.png>]
File: ./Picture/Logo.png Graphic file (type png)
<use ./Picture/Logo.png>
Package pdftex.def Info: ./Picture/Logo.png  used on input line 454.
(pdftex.def)             Requested size: 56.9055pt x 20.55377pt.
 [106 <C:/Users/huang/workspace/MASG/Output_FI/2020_02_09_10_28_30_AM/MFA_MONTH
LY/CO_oil1/CO_oil130-Recent-9.png> <C:/Users/huang/workspace/MASG/Output_FI/202
0_02_09_10_28_30_AM/MFA_MONTHLY/CO_oil1/CO_oil130-Acient-9.png> <C:/Users/huang
/workspace/MASG/Output_FI/2020_02_09_10_28_30_AM/MFA_MONTHLY/CO_oil1/30_insampl
e_residuals.png>]
! Missing $ inserted.
<inserted text> 
                $
l.454 
      
I've inserted a begin-math/end-math symbol since I think
you left one out. Proceed, with fingers crossed.

! Missing $ inserted.
<inserted text> 
                $
l.454 
      
I've inserted a begin-math/end-math symbol since I think
you left one out. Proceed, with fingers crossed.


Package hyperref Warning: Token not allowed in a PDF string (PDFDocEncoding):
(hyperref)                removing `subscript' on input line 454.


(C:/Users/huang/workspace/MASG/Output_FI/2020_02_09_10_28_30_AM/SFA_MONTHLY/Sim
pleReg-CO_oil2.tex
! Missing $ inserted.
<inserted text> 
                $
l.19 \caption{Single Factor Analysis-CO_oil2}
                                             
I've inserted a begin-math/end-math symbol since I think
you left one out. Proceed, with fingers crossed.

! Missing $ inserted.
<inserted text> 
                $
l.19 \caption{Single Factor Analysis-CO_oil2}
                                             
I've inserted a begin-math/end-math symbol since I think
you left one out. Proceed, with fingers crossed.


Underfull \vbox (badness 10000) detected at line 20
 []

)
File: ./Picture/Logo.png Graphic file (type png)
<use ./Picture/Logo.png>
Package pdftex.def Info: ./Picture/Logo.png  used on input line 454.
(pdftex.def)             Requested size: 56.9055pt x 20.55377pt.
 [107

]
File: C:/Users/huang/workspace/MASG/Output_FI/2020_02_09_10_28_30_AM/SFA_MONTHL
Y/CO_oil2/1_insample_diff.png Graphic file (type png)
<use C:/Users/huang/workspace/MASG/Output_FI/2020_02_09_10_28_30_AM/SFA_MONTHLY
/CO_oil2/1_insample_diff.png>
Package pdftex.def Info: C:/Users/huang/workspace/MASG/Output_FI/2020_02_09_10_
28_30_AM/SFA_MONTHLY/CO_oil2/1_insample_diff.png  used on input line 454.
(pdftex.def)             Requested size: 264.46837pt x 264.46921pt.
File: C:/Users/huang/workspace/MASG/Output_FI/2020_02_09_10_28_30_AM/SFA_MONTHL
Y/CO_oil2/1_insample_level.png Graphic file (type png)
<use C:/Users/huang/workspace/MASG/Output_FI/2020_02_09_10_28_30_AM/SFA_MONTHLY
/CO_oil2/1_insample_level.png>
Package pdftex.def Info: C:/Users/huang/workspace/MASG/Output_FI/2020_02_09_10_
28_30_AM/SFA_MONTHLY/CO_oil2/1_insample_level.png  used on input line 454.
(pdftex.def)             Requested size: 264.46837pt x 264.46921pt.
File: C:/Users/huang/workspace/MASG/Output_FI/2020_02_09_10_28_30_AM/SFA_MONTHL
Y/CO_oil2/CO_oil21-Recent-9.png Graphic file (type png)
<use C:/Users/huang/workspace/MASG/Output_FI/2020_02_09_10_28_30_AM/SFA_MONTHLY
/CO_oil2/CO_oil21-Recent-9.png>
Package pdftex.def Info: C:/Users/huang/workspace/MASG/Output_FI/2020_02_09_10_
28_30_AM/SFA_MONTHLY/CO_oil2/CO_oil21-Recent-9.png  used on input line 454.
(pdftex.def)             Requested size: 264.46837pt x 198.35715pt.
File: C:/Users/huang/workspace/MASG/Output_FI/2020_02_09_10_28_30_AM/SFA_MONTHL
Y/CO_oil2/CO_oil21-Acient-9.png Graphic file (type png)
<use C:/Users/huang/workspace/MASG/Output_FI/2020_02_09_10_28_30_AM/SFA_MONTHLY
/CO_oil2/CO_oil21-Acient-9.png>
Package pdftex.def Info: C:/Users/huang/workspace/MASG/Output_FI/2020_02_09_10_
28_30_AM/SFA_MONTHLY/CO_oil2/CO_oil21-Acient-9.png  used on input line 454.
(pdftex.def)             Requested size: 264.46837pt x 198.35715pt.

Overfull \hbox (23.99998pt too wide) in alignment at lines 454--454
[][] 
 []

File: ./Picture/Logo.png Graphic file (type png)
<use ./Picture/Logo.png>
Package pdftex.def Info: ./Picture/Logo.png  used on input line 454.
(pdftex.def)             Requested size: 56.9055pt x 20.55377pt.
[108

 <C:/Users/huang/workspace/MASG/Output_FI/2020_02_09_10_28_30_AM/SFA_MONTHLY/CO
_oil2/1_insample_diff.png> <C:/Users/huang/workspace/MASG/Output_FI/2020_02_09_
10_28_30_AM/SFA_MONTHLY/CO_oil2/1_insample_level.png> <C:/Users/huang/workspace
/MASG/Output_FI/2020_02_09_10_28_30_AM/SFA_MONTHLY/CO_oil2/CO_oil21-Recent-9.pn
g> <C:/Users/huang/workspace/MASG/Output_FI/2020_02_09_10_28_30_AM/SFA_MONTHLY/
CO_oil2/CO_oil21-Acient-9.png>]
File: C:/Users/huang/workspace/MASG/Output_FI/2020_02_09_10_28_30_AM/SFA_MONTHL
Y/CO_oil2/2_insample_diff.png Graphic file (type png)
<use C:/Users/huang/workspace/MASG/Output_FI/2020_02_09_10_28_30_AM/SFA_MONTHLY
/CO_oil2/2_insample_diff.png>
Package pdftex.def Info: C:/Users/huang/workspace/MASG/Output_FI/2020_02_09_10_
28_30_AM/SFA_MONTHLY/CO_oil2/2_insample_diff.png  used on input line 454.
(pdftex.def)             Requested size: 264.46837pt x 264.46921pt.
File: C:/Users/huang/workspace/MASG/Output_FI/2020_02_09_10_28_30_AM/SFA_MONTHL
Y/CO_oil2/2_insample_level.png Graphic file (type png)
<use C:/Users/huang/workspace/MASG/Output_FI/2020_02_09_10_28_30_AM/SFA_MONTHLY
/CO_oil2/2_insample_level.png>
Package pdftex.def Info: C:/Users/huang/workspace/MASG/Output_FI/2020_02_09_10_
28_30_AM/SFA_MONTHLY/CO_oil2/2_insample_level.png  used on input line 454.
(pdftex.def)             Requested size: 264.46837pt x 264.46921pt.
File: C:/Users/huang/workspace/MASG/Output_FI/2020_02_09_10_28_30_AM/SFA_MONTHL
Y/CO_oil2/CO_oil22-Recent-9.png Graphic file (type png)
<use C:/Users/huang/workspace/MASG/Output_FI/2020_02_09_10_28_30_AM/SFA_MONTHLY
/CO_oil2/CO_oil22-Recent-9.png>
Package pdftex.def Info: C:/Users/huang/workspace/MASG/Output_FI/2020_02_09_10_
28_30_AM/SFA_MONTHLY/CO_oil2/CO_oil22-Recent-9.png  used on input line 454.
(pdftex.def)             Requested size: 264.46837pt x 198.35715pt.
File: C:/Users/huang/workspace/MASG/Output_FI/2020_02_09_10_28_30_AM/SFA_MONTHL
Y/CO_oil2/CO_oil22-Acient-9.png Graphic file (type png)
<use C:/Users/huang/workspace/MASG/Output_FI/2020_02_09_10_28_30_AM/SFA_MONTHLY
/CO_oil2/CO_oil22-Acient-9.png>
Package pdftex.def Info: C:/Users/huang/workspace/MASG/Output_FI/2020_02_09_10_
28_30_AM/SFA_MONTHLY/CO_oil2/CO_oil22-Acient-9.png  used on input line 454.
(pdftex.def)             Requested size: 264.46837pt x 198.35715pt.

Overfull \hbox (23.99998pt too wide) in alignment at lines 454--454
[][] 
 []

File: ./Picture/Logo.png Graphic file (type png)
<use ./Picture/Logo.png>
Package pdftex.def Info: ./Picture/Logo.png  used on input line 454.
(pdftex.def)             Requested size: 56.9055pt x 20.55377pt.
[109 <C:/Users/huang/workspace/MASG/Output_FI/2020_02_09_10_28_30_AM/SFA_MONTHL
Y/CO_oil2/2_insample_diff.png> <C:/Users/huang/workspace/MASG/Output_FI/2020_02
_09_10_28_30_AM/SFA_MONTHLY/CO_oil2/2_insample_level.png> <C:/Users/huang/works
pace/MASG/Output_FI/2020_02_09_10_28_30_AM/SFA_MONTHLY/CO_oil2/CO_oil22-Recent-
9.png> <C:/Users/huang/workspace/MASG/Output_FI/2020_02_09_10_28_30_AM/SFA_MONT
HLY/CO_oil2/CO_oil22-Acient-9.png>]
File: C:/Users/huang/workspace/MASG/Output_FI/2020_02_09_10_28_30_AM/SFA_MONTHL
Y/CO_oil2/3_insample_diff.png Graphic file (type png)
<use C:/Users/huang/workspace/MASG/Output_FI/2020_02_09_10_28_30_AM/SFA_MONTHLY
/CO_oil2/3_insample_diff.png>
Package pdftex.def Info: C:/Users/huang/workspace/MASG/Output_FI/2020_02_09_10_
28_30_AM/SFA_MONTHLY/CO_oil2/3_insample_diff.png  used on input line 454.
(pdftex.def)             Requested size: 264.46837pt x 264.46921pt.
File: C:/Users/huang/workspace/MASG/Output_FI/2020_02_09_10_28_30_AM/SFA_MONTHL
Y/CO_oil2/3_insample_level.png Graphic file (type png)
<use C:/Users/huang/workspace/MASG/Output_FI/2020_02_09_10_28_30_AM/SFA_MONTHLY
/CO_oil2/3_insample_level.png>
Package pdftex.def Info: C:/Users/huang/workspace/MASG/Output_FI/2020_02_09_10_
28_30_AM/SFA_MONTHLY/CO_oil2/3_insample_level.png  used on input line 454.
(pdftex.def)             Requested size: 264.46837pt x 264.46921pt.
File: C:/Users/huang/workspace/MASG/Output_FI/2020_02_09_10_28_30_AM/SFA_MONTHL
Y/CO_oil2/CO_oil23-Recent-9.png Graphic file (type png)
<use C:/Users/huang/workspace/MASG/Output_FI/2020_02_09_10_28_30_AM/SFA_MONTHLY
/CO_oil2/CO_oil23-Recent-9.png>
Package pdftex.def Info: C:/Users/huang/workspace/MASG/Output_FI/2020_02_09_10_
28_30_AM/SFA_MONTHLY/CO_oil2/CO_oil23-Recent-9.png  used on input line 454.
(pdftex.def)             Requested size: 264.46837pt x 198.35715pt.
File: C:/Users/huang/workspace/MASG/Output_FI/2020_02_09_10_28_30_AM/SFA_MONTHL
Y/CO_oil2/CO_oil23-Acient-9.png Graphic file (type png)
<use C:/Users/huang/workspace/MASG/Output_FI/2020_02_09_10_28_30_AM/SFA_MONTHLY
/CO_oil2/CO_oil23-Acient-9.png>
Package pdftex.def Info: C:/Users/huang/workspace/MASG/Output_FI/2020_02_09_10_
28_30_AM/SFA_MONTHLY/CO_oil2/CO_oil23-Acient-9.png  used on input line 454.
(pdftex.def)             Requested size: 264.46837pt x 198.35715pt.

Overfull \hbox (23.99998pt too wide) in alignment at lines 454--454
[][] 
 []

File: ./Picture/Logo.png Graphic file (type png)
<use ./Picture/Logo.png>
Package pdftex.def Info: ./Picture/Logo.png  used on input line 454.
(pdftex.def)             Requested size: 56.9055pt x 20.55377pt.
[110 <C:/Users/huang/workspace/MASG/Output_FI/2020_02_09_10_28_30_AM/SFA_MONTHL
Y/CO_oil2/3_insample_diff.png> <C:/Users/huang/workspace/MASG/Output_FI/2020_02
_09_10_28_30_AM/SFA_MONTHLY/CO_oil2/3_insample_level.png> <C:/Users/huang/works
pace/MASG/Output_FI/2020_02_09_10_28_30_AM/SFA_MONTHLY/CO_oil2/CO_oil23-Recent-
9.png> <C:/Users/huang/workspace/MASG/Output_FI/2020_02_09_10_28_30_AM/SFA_MONT
HLY/CO_oil2/CO_oil23-Acient-9.png>]
File: C:/Users/huang/workspace/MASG/Output_FI/2020_02_09_10_28_30_AM/SFA_MONTHL
Y/CO_oil2/4_insample_diff.png Graphic file (type png)
<use C:/Users/huang/workspace/MASG/Output_FI/2020_02_09_10_28_30_AM/SFA_MONTHLY
/CO_oil2/4_insample_diff.png>
Package pdftex.def Info: C:/Users/huang/workspace/MASG/Output_FI/2020_02_09_10_
28_30_AM/SFA_MONTHLY/CO_oil2/4_insample_diff.png  used on input line 454.
(pdftex.def)             Requested size: 264.46837pt x 264.46921pt.
File: C:/Users/huang/workspace/MASG/Output_FI/2020_02_09_10_28_30_AM/SFA_MONTHL
Y/CO_oil2/4_insample_level.png Graphic file (type png)
<use C:/Users/huang/workspace/MASG/Output_FI/2020_02_09_10_28_30_AM/SFA_MONTHLY
/CO_oil2/4_insample_level.png>
Package pdftex.def Info: C:/Users/huang/workspace/MASG/Output_FI/2020_02_09_10_
28_30_AM/SFA_MONTHLY/CO_oil2/4_insample_level.png  used on input line 454.
(pdftex.def)             Requested size: 264.46837pt x 264.46921pt.
File: C:/Users/huang/workspace/MASG/Output_FI/2020_02_09_10_28_30_AM/SFA_MONTHL
Y/CO_oil2/CO_oil24-Recent-9.png Graphic file (type png)
<use C:/Users/huang/workspace/MASG/Output_FI/2020_02_09_10_28_30_AM/SFA_MONTHLY
/CO_oil2/CO_oil24-Recent-9.png>
Package pdftex.def Info: C:/Users/huang/workspace/MASG/Output_FI/2020_02_09_10_
28_30_AM/SFA_MONTHLY/CO_oil2/CO_oil24-Recent-9.png  used on input line 454.
(pdftex.def)             Requested size: 264.46837pt x 198.35715pt.
File: C:/Users/huang/workspace/MASG/Output_FI/2020_02_09_10_28_30_AM/SFA_MONTHL
Y/CO_oil2/CO_oil24-Acient-9.png Graphic file (type png)
<use C:/Users/huang/workspace/MASG/Output_FI/2020_02_09_10_28_30_AM/SFA_MONTHLY
/CO_oil2/CO_oil24-Acient-9.png>
Package pdftex.def Info: C:/Users/huang/workspace/MASG/Output_FI/2020_02_09_10_
28_30_AM/SFA_MONTHLY/CO_oil2/CO_oil24-Acient-9.png  used on input line 454.
(pdftex.def)             Requested size: 264.46837pt x 198.35715pt.

Overfull \hbox (23.99998pt too wide) in alignment at lines 454--454
[][] 
 []

File: ./Picture/Logo.png Graphic file (type png)
<use ./Picture/Logo.png>
Package pdftex.def Info: ./Picture/Logo.png  used on input line 454.
(pdftex.def)             Requested size: 56.9055pt x 20.55377pt.
[111 <C:/Users/huang/workspace/MASG/Output_FI/2020_02_09_10_28_30_AM/SFA_MONTHL
Y/CO_oil2/4_insample_diff.png> <C:/Users/huang/workspace/MASG/Output_FI/2020_02
_09_10_28_30_AM/SFA_MONTHLY/CO_oil2/4_insample_level.png> <C:/Users/huang/works
pace/MASG/Output_FI/2020_02_09_10_28_30_AM/SFA_MONTHLY/CO_oil2/CO_oil24-Recent-
9.png> <C:/Users/huang/workspace/MASG/Output_FI/2020_02_09_10_28_30_AM/SFA_MONT
HLY/CO_oil2/CO_oil24-Acient-9.png>]
File: C:/Users/huang/workspace/MASG/Output_FI/2020_02_09_10_28_30_AM/SFA_MONTHL
Y/CO_oil2/5_insample_diff.png Graphic file (type png)
<use C:/Users/huang/workspace/MASG/Output_FI/2020_02_09_10_28_30_AM/SFA_MONTHLY
/CO_oil2/5_insample_diff.png>
Package pdftex.def Info: C:/Users/huang/workspace/MASG/Output_FI/2020_02_09_10_
28_30_AM/SFA_MONTHLY/CO_oil2/5_insample_diff.png  used on input line 454.
(pdftex.def)             Requested size: 264.46837pt x 264.46921pt.
File: C:/Users/huang/workspace/MASG/Output_FI/2020_02_09_10_28_30_AM/SFA_MONTHL
Y/CO_oil2/5_insample_level.png Graphic file (type png)
<use C:/Users/huang/workspace/MASG/Output_FI/2020_02_09_10_28_30_AM/SFA_MONTHLY
/CO_oil2/5_insample_level.png>
Package pdftex.def Info: C:/Users/huang/workspace/MASG/Output_FI/2020_02_09_10_
28_30_AM/SFA_MONTHLY/CO_oil2/5_insample_level.png  used on input line 454.
(pdftex.def)             Requested size: 264.46837pt x 264.46921pt.
File: C:/Users/huang/workspace/MASG/Output_FI/2020_02_09_10_28_30_AM/SFA_MONTHL
Y/CO_oil2/CO_oil25-Recent-9.png Graphic file (type png)
<use C:/Users/huang/workspace/MASG/Output_FI/2020_02_09_10_28_30_AM/SFA_MONTHLY
/CO_oil2/CO_oil25-Recent-9.png>
Package pdftex.def Info: C:/Users/huang/workspace/MASG/Output_FI/2020_02_09_10_
28_30_AM/SFA_MONTHLY/CO_oil2/CO_oil25-Recent-9.png  used on input line 454.
(pdftex.def)             Requested size: 264.46837pt x 198.35715pt.
File: C:/Users/huang/workspace/MASG/Output_FI/2020_02_09_10_28_30_AM/SFA_MONTHL
Y/CO_oil2/CO_oil25-Acient-9.png Graphic file (type png)
<use C:/Users/huang/workspace/MASG/Output_FI/2020_02_09_10_28_30_AM/SFA_MONTHLY
/CO_oil2/CO_oil25-Acient-9.png>
Package pdftex.def Info: C:/Users/huang/workspace/MASG/Output_FI/2020_02_09_10_
28_30_AM/SFA_MONTHLY/CO_oil2/CO_oil25-Acient-9.png  used on input line 454.
(pdftex.def)             Requested size: 264.46837pt x 198.35715pt.

Overfull \hbox (23.99998pt too wide) in alignment at lines 454--454
[][] 
 []

File: ./Picture/Logo.png Graphic file (type png)
<use ./Picture/Logo.png>
Package pdftex.def Info: ./Picture/Logo.png  used on input line 454.
(pdftex.def)             Requested size: 56.9055pt x 20.55377pt.
[112 <C:/Users/huang/workspace/MASG/Output_FI/2020_02_09_10_28_30_AM/SFA_MONTHL
Y/CO_oil2/5_insample_diff.png> <C:/Users/huang/workspace/MASG/Output_FI/2020_02
_09_10_28_30_AM/SFA_MONTHLY/CO_oil2/5_insample_level.png> <C:/Users/huang/works
pace/MASG/Output_FI/2020_02_09_10_28_30_AM/SFA_MONTHLY/CO_oil2/CO_oil25-Recent-
9.png> <C:/Users/huang/workspace/MASG/Output_FI/2020_02_09_10_28_30_AM/SFA_MONT
HLY/CO_oil2/CO_oil25-Acient-9.png>]
File: C:/Users/huang/workspace/MASG/Output_FI/2020_02_09_10_28_30_AM/SFA_MONTHL
Y/CO_oil2/6_insample_diff.png Graphic file (type png)
<use C:/Users/huang/workspace/MASG/Output_FI/2020_02_09_10_28_30_AM/SFA_MONTHLY
/CO_oil2/6_insample_diff.png>
Package pdftex.def Info: C:/Users/huang/workspace/MASG/Output_FI/2020_02_09_10_
28_30_AM/SFA_MONTHLY/CO_oil2/6_insample_diff.png  used on input line 454.
(pdftex.def)             Requested size: 264.46837pt x 264.46921pt.
File: C:/Users/huang/workspace/MASG/Output_FI/2020_02_09_10_28_30_AM/SFA_MONTHL
Y/CO_oil2/6_insample_level.png Graphic file (type png)
<use C:/Users/huang/workspace/MASG/Output_FI/2020_02_09_10_28_30_AM/SFA_MONTHLY
/CO_oil2/6_insample_level.png>
Package pdftex.def Info: C:/Users/huang/workspace/MASG/Output_FI/2020_02_09_10_
28_30_AM/SFA_MONTHLY/CO_oil2/6_insample_level.png  used on input line 454.
(pdftex.def)             Requested size: 264.46837pt x 264.46921pt.
File: C:/Users/huang/workspace/MASG/Output_FI/2020_02_09_10_28_30_AM/SFA_MONTHL
Y/CO_oil2/CO_oil26-Recent-9.png Graphic file (type png)
<use C:/Users/huang/workspace/MASG/Output_FI/2020_02_09_10_28_30_AM/SFA_MONTHLY
/CO_oil2/CO_oil26-Recent-9.png>
Package pdftex.def Info: C:/Users/huang/workspace/MASG/Output_FI/2020_02_09_10_
28_30_AM/SFA_MONTHLY/CO_oil2/CO_oil26-Recent-9.png  used on input line 454.
(pdftex.def)             Requested size: 264.46837pt x 198.35715pt.
File: C:/Users/huang/workspace/MASG/Output_FI/2020_02_09_10_28_30_AM/SFA_MONTHL
Y/CO_oil2/CO_oil26-Acient-9.png Graphic file (type png)
<use C:/Users/huang/workspace/MASG/Output_FI/2020_02_09_10_28_30_AM/SFA_MONTHLY
/CO_oil2/CO_oil26-Acient-9.png>
Package pdftex.def Info: C:/Users/huang/workspace/MASG/Output_FI/2020_02_09_10_
28_30_AM/SFA_MONTHLY/CO_oil2/CO_oil26-Acient-9.png  used on input line 454.
(pdftex.def)             Requested size: 264.46837pt x 198.35715pt.

Overfull \hbox (23.99998pt too wide) in alignment at lines 454--454
[][] 
 []

File: ./Picture/Logo.png Graphic file (type png)
<use ./Picture/Logo.png>
Package pdftex.def Info: ./Picture/Logo.png  used on input line 454.
(pdftex.def)             Requested size: 56.9055pt x 20.55377pt.
[113 <C:/Users/huang/workspace/MASG/Output_FI/2020_02_09_10_28_30_AM/SFA_MONTHL
Y/CO_oil2/6_insample_diff.png> <C:/Users/huang/workspace/MASG/Output_FI/2020_02
_09_10_28_30_AM/SFA_MONTHLY/CO_oil2/6_insample_level.png> <C:/Users/huang/works
pace/MASG/Output_FI/2020_02_09_10_28_30_AM/SFA_MONTHLY/CO_oil2/CO_oil26-Recent-
9.png> <C:/Users/huang/workspace/MASG/Output_FI/2020_02_09_10_28_30_AM/SFA_MONT
HLY/CO_oil2/CO_oil26-Acient-9.png>]
File: C:/Users/huang/workspace/MASG/Output_FI/2020_02_09_10_28_30_AM/SFA_MONTHL
Y/CO_oil2/7_insample_diff.png Graphic file (type png)
<use C:/Users/huang/workspace/MASG/Output_FI/2020_02_09_10_28_30_AM/SFA_MONTHLY
/CO_oil2/7_insample_diff.png>
Package pdftex.def Info: C:/Users/huang/workspace/MASG/Output_FI/2020_02_09_10_
28_30_AM/SFA_MONTHLY/CO_oil2/7_insample_diff.png  used on input line 454.
(pdftex.def)             Requested size: 264.46837pt x 264.46921pt.
File: C:/Users/huang/workspace/MASG/Output_FI/2020_02_09_10_28_30_AM/SFA_MONTHL
Y/CO_oil2/7_insample_level.png Graphic file (type png)
<use C:/Users/huang/workspace/MASG/Output_FI/2020_02_09_10_28_30_AM/SFA_MONTHLY
/CO_oil2/7_insample_level.png>
Package pdftex.def Info: C:/Users/huang/workspace/MASG/Output_FI/2020_02_09_10_
28_30_AM/SFA_MONTHLY/CO_oil2/7_insample_level.png  used on input line 454.
(pdftex.def)             Requested size: 264.46837pt x 264.46921pt.
File: C:/Users/huang/workspace/MASG/Output_FI/2020_02_09_10_28_30_AM/SFA_MONTHL
Y/CO_oil2/CO_oil27-Recent-9.png Graphic file (type png)
<use C:/Users/huang/workspace/MASG/Output_FI/2020_02_09_10_28_30_AM/SFA_MONTHLY
/CO_oil2/CO_oil27-Recent-9.png>
Package pdftex.def Info: C:/Users/huang/workspace/MASG/Output_FI/2020_02_09_10_
28_30_AM/SFA_MONTHLY/CO_oil2/CO_oil27-Recent-9.png  used on input line 454.
(pdftex.def)             Requested size: 264.46837pt x 198.35715pt.
File: C:/Users/huang/workspace/MASG/Output_FI/2020_02_09_10_28_30_AM/SFA_MONTHL
Y/CO_oil2/CO_oil27-Acient-9.png Graphic file (type png)
<use C:/Users/huang/workspace/MASG/Output_FI/2020_02_09_10_28_30_AM/SFA_MONTHLY
/CO_oil2/CO_oil27-Acient-9.png>
Package pdftex.def Info: C:/Users/huang/workspace/MASG/Output_FI/2020_02_09_10_
28_30_AM/SFA_MONTHLY/CO_oil2/CO_oil27-Acient-9.png  used on input line 454.
(pdftex.def)             Requested size: 264.46837pt x 198.35715pt.

Overfull \hbox (23.99998pt too wide) in alignment at lines 454--454
[][] 
 []

File: ./Picture/Logo.png Graphic file (type png)
<use ./Picture/Logo.png>
Package pdftex.def Info: ./Picture/Logo.png  used on input line 454.
(pdftex.def)             Requested size: 56.9055pt x 20.55377pt.
[114 <C:/Users/huang/workspace/MASG/Output_FI/2020_02_09_10_28_30_AM/SFA_MONTHL
Y/CO_oil2/7_insample_diff.png> <C:/Users/huang/workspace/MASG/Output_FI/2020_02
_09_10_28_30_AM/SFA_MONTHLY/CO_oil2/7_insample_level.png> <C:/Users/huang/works
pace/MASG/Output_FI/2020_02_09_10_28_30_AM/SFA_MONTHLY/CO_oil2/CO_oil27-Recent-
9.png> <C:/Users/huang/workspace/MASG/Output_FI/2020_02_09_10_28_30_AM/SFA_MONT
HLY/CO_oil2/CO_oil27-Acient-9.png>]
File: C:/Users/huang/workspace/MASG/Output_FI/2020_02_09_10_28_30_AM/SFA_MONTHL
Y/CO_oil2/8_insample_diff.png Graphic file (type png)
<use C:/Users/huang/workspace/MASG/Output_FI/2020_02_09_10_28_30_AM/SFA_MONTHLY
/CO_oil2/8_insample_diff.png>
Package pdftex.def Info: C:/Users/huang/workspace/MASG/Output_FI/2020_02_09_10_
28_30_AM/SFA_MONTHLY/CO_oil2/8_insample_diff.png  used on input line 454.
(pdftex.def)             Requested size: 264.46837pt x 264.46921pt.
File: C:/Users/huang/workspace/MASG/Output_FI/2020_02_09_10_28_30_AM/SFA_MONTHL
Y/CO_oil2/8_insample_level.png Graphic file (type png)
<use C:/Users/huang/workspace/MASG/Output_FI/2020_02_09_10_28_30_AM/SFA_MONTHLY
/CO_oil2/8_insample_level.png>
Package pdftex.def Info: C:/Users/huang/workspace/MASG/Output_FI/2020_02_09_10_
28_30_AM/SFA_MONTHLY/CO_oil2/8_insample_level.png  used on input line 454.
(pdftex.def)             Requested size: 264.46837pt x 264.46921pt.
File: C:/Users/huang/workspace/MASG/Output_FI/2020_02_09_10_28_30_AM/SFA_MONTHL
Y/CO_oil2/CO_oil28-Recent-9.png Graphic file (type png)
<use C:/Users/huang/workspace/MASG/Output_FI/2020_02_09_10_28_30_AM/SFA_MONTHLY
/CO_oil2/CO_oil28-Recent-9.png>
Package pdftex.def Info: C:/Users/huang/workspace/MASG/Output_FI/2020_02_09_10_
28_30_AM/SFA_MONTHLY/CO_oil2/CO_oil28-Recent-9.png  used on input line 454.
(pdftex.def)             Requested size: 264.46837pt x 198.35715pt.
File: C:/Users/huang/workspace/MASG/Output_FI/2020_02_09_10_28_30_AM/SFA_MONTHL
Y/CO_oil2/CO_oil28-Acient-9.png Graphic file (type png)
<use C:/Users/huang/workspace/MASG/Output_FI/2020_02_09_10_28_30_AM/SFA_MONTHLY
/CO_oil2/CO_oil28-Acient-9.png>
Package pdftex.def Info: C:/Users/huang/workspace/MASG/Output_FI/2020_02_09_10_
28_30_AM/SFA_MONTHLY/CO_oil2/CO_oil28-Acient-9.png  used on input line 454.
(pdftex.def)             Requested size: 264.46837pt x 198.35715pt.

Overfull \hbox (23.99998pt too wide) in alignment at lines 454--454
[][] 
 []

File: ./Picture/Logo.png Graphic file (type png)
<use ./Picture/Logo.png>
Package pdftex.def Info: ./Picture/Logo.png  used on input line 454.
(pdftex.def)             Requested size: 56.9055pt x 20.55377pt.
[115 <C:/Users/huang/workspace/MASG/Output_FI/2020_02_09_10_28_30_AM/SFA_MONTHL
Y/CO_oil2/8_insample_diff.png> <C:/Users/huang/workspace/MASG/Output_FI/2020_02
_09_10_28_30_AM/SFA_MONTHLY/CO_oil2/8_insample_level.png> <C:/Users/huang/works
pace/MASG/Output_FI/2020_02_09_10_28_30_AM/SFA_MONTHLY/CO_oil2/CO_oil28-Recent-
9.png> <C:/Users/huang/workspace/MASG/Output_FI/2020_02_09_10_28_30_AM/SFA_MONT
HLY/CO_oil2/CO_oil28-Acient-9.png>]
File: C:/Users/huang/workspace/MASG/Output_FI/2020_02_09_10_28_30_AM/SFA_MONTHL
Y/CO_oil2/9_insample_diff.png Graphic file (type png)
<use C:/Users/huang/workspace/MASG/Output_FI/2020_02_09_10_28_30_AM/SFA_MONTHLY
/CO_oil2/9_insample_diff.png>
Package pdftex.def Info: C:/Users/huang/workspace/MASG/Output_FI/2020_02_09_10_
28_30_AM/SFA_MONTHLY/CO_oil2/9_insample_diff.png  used on input line 454.
(pdftex.def)             Requested size: 264.46837pt x 264.46921pt.
File: C:/Users/huang/workspace/MASG/Output_FI/2020_02_09_10_28_30_AM/SFA_MONTHL
Y/CO_oil2/9_insample_level.png Graphic file (type png)
<use C:/Users/huang/workspace/MASG/Output_FI/2020_02_09_10_28_30_AM/SFA_MONTHLY
/CO_oil2/9_insample_level.png>
Package pdftex.def Info: C:/Users/huang/workspace/MASG/Output_FI/2020_02_09_10_
28_30_AM/SFA_MONTHLY/CO_oil2/9_insample_level.png  used on input line 454.
(pdftex.def)             Requested size: 264.46837pt x 264.46921pt.
File: C:/Users/huang/workspace/MASG/Output_FI/2020_02_09_10_28_30_AM/SFA_MONTHL
Y/CO_oil2/CO_oil29-Recent-9.png Graphic file (type png)
<use C:/Users/huang/workspace/MASG/Output_FI/2020_02_09_10_28_30_AM/SFA_MONTHLY
/CO_oil2/CO_oil29-Recent-9.png>
Package pdftex.def Info: C:/Users/huang/workspace/MASG/Output_FI/2020_02_09_10_
28_30_AM/SFA_MONTHLY/CO_oil2/CO_oil29-Recent-9.png  used on input line 454.
(pdftex.def)             Requested size: 264.46837pt x 198.35715pt.
File: C:/Users/huang/workspace/MASG/Output_FI/2020_02_09_10_28_30_AM/SFA_MONTHL
Y/CO_oil2/CO_oil29-Acient-9.png Graphic file (type png)
<use C:/Users/huang/workspace/MASG/Output_FI/2020_02_09_10_28_30_AM/SFA_MONTHLY
/CO_oil2/CO_oil29-Acient-9.png>
Package pdftex.def Info: C:/Users/huang/workspace/MASG/Output_FI/2020_02_09_10_
28_30_AM/SFA_MONTHLY/CO_oil2/CO_oil29-Acient-9.png  used on input line 454.
(pdftex.def)             Requested size: 264.46837pt x 198.35715pt.

Overfull \hbox (23.99998pt too wide) in alignment at lines 454--454
[][] 
 []

File: ./Picture/Logo.png Graphic file (type png)
<use ./Picture/Logo.png>
Package pdftex.def Info: ./Picture/Logo.png  used on input line 454.
(pdftex.def)             Requested size: 56.9055pt x 20.55377pt.
[116 <C:/Users/huang/workspace/MASG/Output_FI/2020_02_09_10_28_30_AM/SFA_MONTHL
Y/CO_oil2/9_insample_diff.png> <C:/Users/huang/workspace/MASG/Output_FI/2020_02
_09_10_28_30_AM/SFA_MONTHLY/CO_oil2/9_insample_level.png> <C:/Users/huang/works
pace/MASG/Output_FI/2020_02_09_10_28_30_AM/SFA_MONTHLY/CO_oil2/CO_oil29-Recent-
9.png> <C:/Users/huang/workspace/MASG/Output_FI/2020_02_09_10_28_30_AM/SFA_MONT
HLY/CO_oil2/CO_oil29-Acient-9.png>]
File: C:/Users/huang/workspace/MASG/Output_FI/2020_02_09_10_28_30_AM/SFA_MONTHL
Y/CO_oil2/10_insample_diff.png Graphic file (type png)
<use C:/Users/huang/workspace/MASG/Output_FI/2020_02_09_10_28_30_AM/SFA_MONTHLY
/CO_oil2/10_insample_diff.png>
Package pdftex.def Info: C:/Users/huang/workspace/MASG/Output_FI/2020_02_09_10_
28_30_AM/SFA_MONTHLY/CO_oil2/10_insample_diff.png  used on input line 454.
(pdftex.def)             Requested size: 264.46837pt x 264.46921pt.
File: C:/Users/huang/workspace/MASG/Output_FI/2020_02_09_10_28_30_AM/SFA_MONTHL
Y/CO_oil2/10_insample_level.png Graphic file (type png)
<use C:/Users/huang/workspace/MASG/Output_FI/2020_02_09_10_28_30_AM/SFA_MONTHLY
/CO_oil2/10_insample_level.png>
Package pdftex.def Info: C:/Users/huang/workspace/MASG/Output_FI/2020_02_09_10_
28_30_AM/SFA_MONTHLY/CO_oil2/10_insample_level.png  used on input line 454.
(pdftex.def)             Requested size: 264.46837pt x 264.46921pt.
File: C:/Users/huang/workspace/MASG/Output_FI/2020_02_09_10_28_30_AM/SFA_MONTHL
Y/CO_oil2/CO_oil210-Recent-9.png Graphic file (type png)
<use C:/Users/huang/workspace/MASG/Output_FI/2020_02_09_10_28_30_AM/SFA_MONTHLY
/CO_oil2/CO_oil210-Recent-9.png>
Package pdftex.def Info: C:/Users/huang/workspace/MASG/Output_FI/2020_02_09_10_
28_30_AM/SFA_MONTHLY/CO_oil2/CO_oil210-Recent-9.png  used on input line 454.
(pdftex.def)             Requested size: 264.46837pt x 198.35715pt.
File: C:/Users/huang/workspace/MASG/Output_FI/2020_02_09_10_28_30_AM/SFA_MONTHL
Y/CO_oil2/CO_oil210-Acient-9.png Graphic file (type png)
<use C:/Users/huang/workspace/MASG/Output_FI/2020_02_09_10_28_30_AM/SFA_MONTHLY
/CO_oil2/CO_oil210-Acient-9.png>
Package pdftex.def Info: C:/Users/huang/workspace/MASG/Output_FI/2020_02_09_10_
28_30_AM/SFA_MONTHLY/CO_oil2/CO_oil210-Acient-9.png  used on input line 454.
(pdftex.def)             Requested size: 264.46837pt x 198.35715pt.

Overfull \hbox (23.99998pt too wide) in alignment at lines 454--454
[][] 
 []

File: ./Picture/Logo.png Graphic file (type png)
<use ./Picture/Logo.png>
Package pdftex.def Info: ./Picture/Logo.png  used on input line 454.
(pdftex.def)             Requested size: 56.9055pt x 20.55377pt.
[117 <C:/Users/huang/workspace/MASG/Output_FI/2020_02_09_10_28_30_AM/SFA_MONTHL
Y/CO_oil2/10_insample_diff.png> <C:/Users/huang/workspace/MASG/Output_FI/2020_0
2_09_10_28_30_AM/SFA_MONTHLY/CO_oil2/10_insample_level.png> <C:/Users/huang/wor
kspace/MASG/Output_FI/2020_02_09_10_28_30_AM/SFA_MONTHLY/CO_oil2/CO_oil210-Rece
nt-9.png> <C:/Users/huang/workspace/MASG/Output_FI/2020_02_09_10_28_30_AM/SFA_M
ONTHLY/CO_oil2/CO_oil210-Acient-9.png>]
! Missing $ inserted.
<inserted text> 
                $
l.454 
      
I've inserted a begin-math/end-math symbol since I think
you left one out. Proceed, with fingers crossed.

! Missing $ inserted.
<inserted text> 
                $
l.454 
      
I've inserted a begin-math/end-math symbol since I think
you left one out. Proceed, with fingers crossed.


Package hyperref Warning: Token not allowed in a PDF string (PDFDocEncoding):
(hyperref)                removing `subscript' on input line 454.


(C:/Users/huang/workspace/MASG/Output_FI/2020_02_09_10_28_30_AM/MFA_MONTHLY/CO_
oil2/MFA_CO_oil2.tex
Overfull \hbox (17.05751pt too wide) in alignment at lines 3--26
 [] [] [] [] [] [] [] [] [] [] [] 
 []


Underfull \vbox (badness 10000) detected at line 26
 []


Overfull \hbox (17.05751pt too wide) in alignment at lines 26--46
 [] [] [] [] [] [] [] [] [] [] [] 
 []

! Missing $ inserted.
<inserted text> 
                $
l.59 \caption{Two Factor Analysis-CO_oil2}
                                          
I've inserted a begin-math/end-math symbol since I think
you left one out. Proceed, with fingers crossed.

! Missing $ inserted.
<inserted text> 
                $
l.59 \caption{Two Factor Analysis-CO_oil2}
                                          
I've inserted a begin-math/end-math symbol since I think
you left one out. Proceed, with fingers crossed.


Overfull \hbox (17.05751pt too wide) in alignment at lines 46--60
 [] [] [] [] [] [] [] [] [] [] [] 
 []


Overfull \vbox (2.12627pt too high) has occurred while \output is active []

File: ./Picture/Logo.png Graphic file (type png)
<use ./Picture/Logo.png>
Package pdftex.def Info: ./Picture/Logo.png  used on input line 60.
(pdftex.def)             Requested size: 56.9055pt x 20.55377pt.

[118

])

! LaTeX Error: There's no line here to end.

See the LaTeX manual or LaTeX Companion for explanation.
Type  H <return>  for immediate help.
 ...                                              
                                                  
l.454 
      
Your command was ignored.
Type  I <command> <return>  to replace it with another command,
or  <return>  to continue without it.


(C:/Users/huang/workspace/MASG/Output_FI/2020_02_09_10_28_30_AM/MFA_MONTHLY/CO_
oil2/MFA_RelevantVariables_CO_oil2.tex
! Missing $ inserted.
<inserted text> 
                $
l.4 \caption{Relevant Variables: CO_oil2}
                                          \\
I've inserted a begin-math/end-math symbol since I think
you left one out. Proceed, with fingers crossed.

! Missing $ inserted.
<inserted text> 
                $
l.4 \caption{Relevant Variables: CO_oil2}
                                          \\
I've inserted a begin-math/end-math symbol since I think
you left one out. Proceed, with fingers crossed.

File: ./Picture/Logo.png Graphic file (type png)
<use ./Picture/Logo.png>
Package pdftex.def Info: ./Picture/Logo.png  used on input line 86.
(pdftex.def)             Requested size: 56.9055pt x 20.55377pt.
[119])
File: ./Picture/Logo.png Graphic file (type png)
<use ./Picture/Logo.png>
Package pdftex.def Info: ./Picture/Logo.png  used on input line 454.
(pdftex.def)             Requested size: 56.9055pt x 20.55377pt.
 [120]
File: C:/Users/huang/workspace/MASG/Output_FI/2020_02_09_10_28_30_AM/MFA_MONTHL
Y/CO_oil2/1_insample_diff.png Graphic file (type png)
<use C:/Users/huang/workspace/MASG/Output_FI/2020_02_09_10_28_30_AM/MFA_MONTHLY
/CO_oil2/1_insample_diff.png>
Package pdftex.def Info: C:/Users/huang/workspace/MASG/Output_FI/2020_02_09_10_
28_30_AM/MFA_MONTHLY/CO_oil2/1_insample_diff.png  used on input line 454.
(pdftex.def)             Requested size: 264.46837pt x 198.35715pt.

Underfull \hbox (badness 10000) in alignment at lines 454--454
[][] 
 []


Underfull \hbox (badness 10000) in alignment at lines 454--454
[] 
 []

File: C:/Users/huang/workspace/MASG/Output_FI/2020_02_09_10_28_30_AM/MFA_MONTHL
Y/CO_oil2/CO_oil21-Recent-9.png Graphic file (type png)
<use C:/Users/huang/workspace/MASG/Output_FI/2020_02_09_10_28_30_AM/MFA_MONTHLY
/CO_oil2/CO_oil21-Recent-9.png>
Package pdftex.def Info: C:/Users/huang/workspace/MASG/Output_FI/2020_02_09_10_
28_30_AM/MFA_MONTHLY/CO_oil2/CO_oil21-Recent-9.png  used on input line 454.
(pdftex.def)             Requested size: 264.46837pt x 198.35715pt.
File: C:/Users/huang/workspace/MASG/Output_FI/2020_02_09_10_28_30_AM/MFA_MONTHL
Y/CO_oil2/CO_oil21-Acient-9.png Graphic file (type png)
<use C:/Users/huang/workspace/MASG/Output_FI/2020_02_09_10_28_30_AM/MFA_MONTHLY
/CO_oil2/CO_oil21-Acient-9.png>
Package pdftex.def Info: C:/Users/huang/workspace/MASG/Output_FI/2020_02_09_10_
28_30_AM/MFA_MONTHLY/CO_oil2/CO_oil21-Acient-9.png  used on input line 454.
(pdftex.def)             Requested size: 264.46837pt x 198.35715pt.
File: C:/Users/huang/workspace/MASG/Output_FI/2020_02_09_10_28_30_AM/MFA_MONTHL
Y/CO_oil2/1_insample_residuals.png Graphic file (type png)
<use C:/Users/huang/workspace/MASG/Output_FI/2020_02_09_10_28_30_AM/MFA_MONTHLY
/CO_oil2/1_insample_residuals.png>
Package pdftex.def Info: C:/Users/huang/workspace/MASG/Output_FI/2020_02_09_10_
28_30_AM/MFA_MONTHLY/CO_oil2/1_insample_residuals.png  used on input line 454.
(pdftex.def)             Requested size: 264.46837pt x 198.35715pt.

Overfull \hbox (23.99998pt too wide) in alignment at lines 454--454
[][] 
 []


Overfull \hbox (15.0pt too wide) in paragraph at lines 454--454
[][] 
 []

File: ./Picture/Logo.png Graphic file (type png)
<use ./Picture/Logo.png>
Package pdftex.def Info: ./Picture/Logo.png  used on input line 454.
(pdftex.def)             Requested size: 56.9055pt x 20.55377pt.
[121

 <C:/Users/huang/workspace/MASG/Output_FI/2020_02_09_10_28_30_AM/MFA_MONTHLY/CO
_oil2/1_insample_diff.png>]
File: ./Picture/Logo.png Graphic file (type png)
<use ./Picture/Logo.png>
Package pdftex.def Info: ./Picture/Logo.png  used on input line 454.
(pdftex.def)             Requested size: 56.9055pt x 20.55377pt.
 [122 <C:/Users/huang/workspace/MASG/Output_FI/2020_02_09_10_28_30_AM/MFA_MONTH
LY/CO_oil2/CO_oil21-Recent-9.png> <C:/Users/huang/workspace/MASG/Output_FI/2020
_02_09_10_28_30_AM/MFA_MONTHLY/CO_oil2/CO_oil21-Acient-9.png> <C:/Users/huang/w
orkspace/MASG/Output_FI/2020_02_09_10_28_30_AM/MFA_MONTHLY/CO_oil2/1_insample_r
esiduals.png>]
File: C:/Users/huang/workspace/MASG/Output_FI/2020_02_09_10_28_30_AM/MFA_MONTHL
Y/CO_oil2/2_insample_diff.png Graphic file (type png)
<use C:/Users/huang/workspace/MASG/Output_FI/2020_02_09_10_28_30_AM/MFA_MONTHLY
/CO_oil2/2_insample_diff.png>
Package pdftex.def Info: C:/Users/huang/workspace/MASG/Output_FI/2020_02_09_10_
28_30_AM/MFA_MONTHLY/CO_oil2/2_insample_diff.png  used on input line 454.
(pdftex.def)             Requested size: 264.46837pt x 198.35715pt.

Underfull \hbox (badness 10000) in alignment at lines 454--454
[][] 
 []


Underfull \hbox (badness 10000) in alignment at lines 454--454
[] 
 []

File: C:/Users/huang/workspace/MASG/Output_FI/2020_02_09_10_28_30_AM/MFA_MONTHL
Y/CO_oil2/CO_oil22-Recent-9.png Graphic file (type png)
<use C:/Users/huang/workspace/MASG/Output_FI/2020_02_09_10_28_30_AM/MFA_MONTHLY
/CO_oil2/CO_oil22-Recent-9.png>
Package pdftex.def Info: C:/Users/huang/workspace/MASG/Output_FI/2020_02_09_10_
28_30_AM/MFA_MONTHLY/CO_oil2/CO_oil22-Recent-9.png  used on input line 454.
(pdftex.def)             Requested size: 264.46837pt x 198.35715pt.
File: C:/Users/huang/workspace/MASG/Output_FI/2020_02_09_10_28_30_AM/MFA_MONTHL
Y/CO_oil2/CO_oil22-Acient-9.png Graphic file (type png)
<use C:/Users/huang/workspace/MASG/Output_FI/2020_02_09_10_28_30_AM/MFA_MONTHLY
/CO_oil2/CO_oil22-Acient-9.png>
Package pdftex.def Info: C:/Users/huang/workspace/MASG/Output_FI/2020_02_09_10_
28_30_AM/MFA_MONTHLY/CO_oil2/CO_oil22-Acient-9.png  used on input line 454.
(pdftex.def)             Requested size: 264.46837pt x 198.35715pt.
File: C:/Users/huang/workspace/MASG/Output_FI/2020_02_09_10_28_30_AM/MFA_MONTHL
Y/CO_oil2/2_insample_residuals.png Graphic file (type png)
<use C:/Users/huang/workspace/MASG/Output_FI/2020_02_09_10_28_30_AM/MFA_MONTHLY
/CO_oil2/2_insample_residuals.png>
Package pdftex.def Info: C:/Users/huang/workspace/MASG/Output_FI/2020_02_09_10_
28_30_AM/MFA_MONTHLY/CO_oil2/2_insample_residuals.png  used on input line 454.
(pdftex.def)             Requested size: 264.46837pt x 198.35715pt.

Overfull \hbox (23.99998pt too wide) in alignment at lines 454--454
[][] 
 []


Overfull \hbox (15.0pt too wide) in paragraph at lines 454--454
[][] 
 []

File: ./Picture/Logo.png Graphic file (type png)
<use ./Picture/Logo.png>
Package pdftex.def Info: ./Picture/Logo.png  used on input line 454.
(pdftex.def)             Requested size: 56.9055pt x 20.55377pt.
[123 <C:/Users/huang/workspace/MASG/Output_FI/2020_02_09_10_28_30_AM/MFA_MONTHL
Y/CO_oil2/2_insample_diff.png>]
File: ./Picture/Logo.png Graphic file (type png)
<use ./Picture/Logo.png>
Package pdftex.def Info: ./Picture/Logo.png  used on input line 454.
(pdftex.def)             Requested size: 56.9055pt x 20.55377pt.
 [124 <C:/Users/huang/workspace/MASG/Output_FI/2020_02_09_10_28_30_AM/MFA_MONTH
LY/CO_oil2/CO_oil22-Recent-9.png> <C:/Users/huang/workspace/MASG/Output_FI/2020
_02_09_10_28_30_AM/MFA_MONTHLY/CO_oil2/CO_oil22-Acient-9.png> <C:/Users/huang/w
orkspace/MASG/Output_FI/2020_02_09_10_28_30_AM/MFA_MONTHLY/CO_oil2/2_insample_r
esiduals.png>]
File: C:/Users/huang/workspace/MASG/Output_FI/2020_02_09_10_28_30_AM/MFA_MONTHL
Y/CO_oil2/3_insample_diff.png Graphic file (type png)
<use C:/Users/huang/workspace/MASG/Output_FI/2020_02_09_10_28_30_AM/MFA_MONTHLY
/CO_oil2/3_insample_diff.png>
Package pdftex.def Info: C:/Users/huang/workspace/MASG/Output_FI/2020_02_09_10_
28_30_AM/MFA_MONTHLY/CO_oil2/3_insample_diff.png  used on input line 454.
(pdftex.def)             Requested size: 264.46837pt x 198.35715pt.

Underfull \hbox (badness 10000) in alignment at lines 454--454
[][] 
 []


Underfull \hbox (badness 10000) in alignment at lines 454--454
[] 
 []

File: C:/Users/huang/workspace/MASG/Output_FI/2020_02_09_10_28_30_AM/MFA_MONTHL
Y/CO_oil2/CO_oil23-Recent-9.png Graphic file (type png)
<use C:/Users/huang/workspace/MASG/Output_FI/2020_02_09_10_28_30_AM/MFA_MONTHLY
/CO_oil2/CO_oil23-Recent-9.png>
Package pdftex.def Info: C:/Users/huang/workspace/MASG/Output_FI/2020_02_09_10_
28_30_AM/MFA_MONTHLY/CO_oil2/CO_oil23-Recent-9.png  used on input line 454.
(pdftex.def)             Requested size: 264.46837pt x 198.35715pt.
File: C:/Users/huang/workspace/MASG/Output_FI/2020_02_09_10_28_30_AM/MFA_MONTHL
Y/CO_oil2/CO_oil23-Acient-9.png Graphic file (type png)
<use C:/Users/huang/workspace/MASG/Output_FI/2020_02_09_10_28_30_AM/MFA_MONTHLY
/CO_oil2/CO_oil23-Acient-9.png>
Package pdftex.def Info: C:/Users/huang/workspace/MASG/Output_FI/2020_02_09_10_
28_30_AM/MFA_MONTHLY/CO_oil2/CO_oil23-Acient-9.png  used on input line 454.
(pdftex.def)             Requested size: 264.46837pt x 198.35715pt.
File: C:/Users/huang/workspace/MASG/Output_FI/2020_02_09_10_28_30_AM/MFA_MONTHL
Y/CO_oil2/3_insample_residuals.png Graphic file (type png)
<use C:/Users/huang/workspace/MASG/Output_FI/2020_02_09_10_28_30_AM/MFA_MONTHLY
/CO_oil2/3_insample_residuals.png>
Package pdftex.def Info: C:/Users/huang/workspace/MASG/Output_FI/2020_02_09_10_
28_30_AM/MFA_MONTHLY/CO_oil2/3_insample_residuals.png  used on input line 454.
(pdftex.def)             Requested size: 264.46837pt x 198.35715pt.

Overfull \hbox (23.99998pt too wide) in alignment at lines 454--454
[][] 
 []


Overfull \hbox (15.0pt too wide) in paragraph at lines 454--454
[][] 
 []

File: ./Picture/Logo.png Graphic file (type png)
<use ./Picture/Logo.png>
Package pdftex.def Info: ./Picture/Logo.png  used on input line 454.
(pdftex.def)             Requested size: 56.9055pt x 20.55377pt.
[125 <C:/Users/huang/workspace/MASG/Output_FI/2020_02_09_10_28_30_AM/MFA_MONTHL
Y/CO_oil2/3_insample_diff.png>]
File: ./Picture/Logo.png Graphic file (type png)
<use ./Picture/Logo.png>
Package pdftex.def Info: ./Picture/Logo.png  used on input line 454.
(pdftex.def)             Requested size: 56.9055pt x 20.55377pt.
 [126 <C:/Users/huang/workspace/MASG/Output_FI/2020_02_09_10_28_30_AM/MFA_MONTH
LY/CO_oil2/CO_oil23-Recent-9.png> <C:/Users/huang/workspace/MASG/Output_FI/2020
_02_09_10_28_30_AM/MFA_MONTHLY/CO_oil2/CO_oil23-Acient-9.png> <C:/Users/huang/w
orkspace/MASG/Output_FI/2020_02_09_10_28_30_AM/MFA_MONTHLY/CO_oil2/3_insample_r
esiduals.png>]
File: C:/Users/huang/workspace/MASG/Output_FI/2020_02_09_10_28_30_AM/MFA_MONTHL
Y/CO_oil2/4_insample_diff.png Graphic file (type png)
<use C:/Users/huang/workspace/MASG/Output_FI/2020_02_09_10_28_30_AM/MFA_MONTHLY
/CO_oil2/4_insample_diff.png>
Package pdftex.def Info: C:/Users/huang/workspace/MASG/Output_FI/2020_02_09_10_
28_30_AM/MFA_MONTHLY/CO_oil2/4_insample_diff.png  used on input line 454.
(pdftex.def)             Requested size: 264.46837pt x 198.35715pt.

Underfull \hbox (badness 10000) in alignment at lines 454--454
[][] 
 []


Underfull \hbox (badness 10000) in alignment at lines 454--454
[] 
 []

File: C:/Users/huang/workspace/MASG/Output_FI/2020_02_09_10_28_30_AM/MFA_MONTHL
Y/CO_oil2/CO_oil24-Recent-9.png Graphic file (type png)
<use C:/Users/huang/workspace/MASG/Output_FI/2020_02_09_10_28_30_AM/MFA_MONTHLY
/CO_oil2/CO_oil24-Recent-9.png>
Package pdftex.def Info: C:/Users/huang/workspace/MASG/Output_FI/2020_02_09_10_
28_30_AM/MFA_MONTHLY/CO_oil2/CO_oil24-Recent-9.png  used on input line 454.
(pdftex.def)             Requested size: 264.46837pt x 198.35715pt.
File: C:/Users/huang/workspace/MASG/Output_FI/2020_02_09_10_28_30_AM/MFA_MONTHL
Y/CO_oil2/CO_oil24-Acient-9.png Graphic file (type png)
<use C:/Users/huang/workspace/MASG/Output_FI/2020_02_09_10_28_30_AM/MFA_MONTHLY
/CO_oil2/CO_oil24-Acient-9.png>
Package pdftex.def Info: C:/Users/huang/workspace/MASG/Output_FI/2020_02_09_10_
28_30_AM/MFA_MONTHLY/CO_oil2/CO_oil24-Acient-9.png  used on input line 454.
(pdftex.def)             Requested size: 264.46837pt x 198.35715pt.
File: C:/Users/huang/workspace/MASG/Output_FI/2020_02_09_10_28_30_AM/MFA_MONTHL
Y/CO_oil2/4_insample_residuals.png Graphic file (type png)
<use C:/Users/huang/workspace/MASG/Output_FI/2020_02_09_10_28_30_AM/MFA_MONTHLY
/CO_oil2/4_insample_residuals.png>
Package pdftex.def Info: C:/Users/huang/workspace/MASG/Output_FI/2020_02_09_10_
28_30_AM/MFA_MONTHLY/CO_oil2/4_insample_residuals.png  used on input line 454.
(pdftex.def)             Requested size: 264.46837pt x 198.35715pt.

Overfull \hbox (23.99998pt too wide) in alignment at lines 454--454
[][] 
 []


Overfull \hbox (15.0pt too wide) in paragraph at lines 454--454
[][] 
 []

File: ./Picture/Logo.png Graphic file (type png)
<use ./Picture/Logo.png>
Package pdftex.def Info: ./Picture/Logo.png  used on input line 454.
(pdftex.def)             Requested size: 56.9055pt x 20.55377pt.
[127 <C:/Users/huang/workspace/MASG/Output_FI/2020_02_09_10_28_30_AM/MFA_MONTHL
Y/CO_oil2/4_insample_diff.png>]
File: ./Picture/Logo.png Graphic file (type png)
<use ./Picture/Logo.png>
Package pdftex.def Info: ./Picture/Logo.png  used on input line 454.
(pdftex.def)             Requested size: 56.9055pt x 20.55377pt.
 [128 <C:/Users/huang/workspace/MASG/Output_FI/2020_02_09_10_28_30_AM/MFA_MONTH
LY/CO_oil2/CO_oil24-Recent-9.png> <C:/Users/huang/workspace/MASG/Output_FI/2020
_02_09_10_28_30_AM/MFA_MONTHLY/CO_oil2/CO_oil24-Acient-9.png> <C:/Users/huang/w
orkspace/MASG/Output_FI/2020_02_09_10_28_30_AM/MFA_MONTHLY/CO_oil2/4_insample_r
esiduals.png>]
File: C:/Users/huang/workspace/MASG/Output_FI/2020_02_09_10_28_30_AM/MFA_MONTHL
Y/CO_oil2/5_insample_diff.png Graphic file (type png)
<use C:/Users/huang/workspace/MASG/Output_FI/2020_02_09_10_28_30_AM/MFA_MONTHLY
/CO_oil2/5_insample_diff.png>
Package pdftex.def Info: C:/Users/huang/workspace/MASG/Output_FI/2020_02_09_10_
28_30_AM/MFA_MONTHLY/CO_oil2/5_insample_diff.png  used on input line 454.
(pdftex.def)             Requested size: 264.46837pt x 198.35715pt.

Underfull \hbox (badness 10000) in alignment at lines 454--454
[][] 
 []


Underfull \hbox (badness 10000) in alignment at lines 454--454
[] 
 []

File: C:/Users/huang/workspace/MASG/Output_FI/2020_02_09_10_28_30_AM/MFA_MONTHL
Y/CO_oil2/CO_oil25-Recent-9.png Graphic file (type png)
<use C:/Users/huang/workspace/MASG/Output_FI/2020_02_09_10_28_30_AM/MFA_MONTHLY
/CO_oil2/CO_oil25-Recent-9.png>
Package pdftex.def Info: C:/Users/huang/workspace/MASG/Output_FI/2020_02_09_10_
28_30_AM/MFA_MONTHLY/CO_oil2/CO_oil25-Recent-9.png  used on input line 454.
(pdftex.def)             Requested size: 264.46837pt x 198.35715pt.
File: C:/Users/huang/workspace/MASG/Output_FI/2020_02_09_10_28_30_AM/MFA_MONTHL
Y/CO_oil2/CO_oil25-Acient-9.png Graphic file (type png)
<use C:/Users/huang/workspace/MASG/Output_FI/2020_02_09_10_28_30_AM/MFA_MONTHLY
/CO_oil2/CO_oil25-Acient-9.png>
Package pdftex.def Info: C:/Users/huang/workspace/MASG/Output_FI/2020_02_09_10_
28_30_AM/MFA_MONTHLY/CO_oil2/CO_oil25-Acient-9.png  used on input line 454.
(pdftex.def)             Requested size: 264.46837pt x 198.35715pt.
File: C:/Users/huang/workspace/MASG/Output_FI/2020_02_09_10_28_30_AM/MFA_MONTHL
Y/CO_oil2/5_insample_residuals.png Graphic file (type png)
<use C:/Users/huang/workspace/MASG/Output_FI/2020_02_09_10_28_30_AM/MFA_MONTHLY
/CO_oil2/5_insample_residuals.png>
Package pdftex.def Info: C:/Users/huang/workspace/MASG/Output_FI/2020_02_09_10_
28_30_AM/MFA_MONTHLY/CO_oil2/5_insample_residuals.png  used on input line 454.
(pdftex.def)             Requested size: 264.46837pt x 198.35715pt.

Overfull \hbox (23.99998pt too wide) in alignment at lines 454--454
[][] 
 []


Overfull \hbox (15.0pt too wide) in paragraph at lines 454--454
[][] 
 []

File: ./Picture/Logo.png Graphic file (type png)
<use ./Picture/Logo.png>
Package pdftex.def Info: ./Picture/Logo.png  used on input line 454.
(pdftex.def)             Requested size: 56.9055pt x 20.55377pt.
[129 <C:/Users/huang/workspace/MASG/Output_FI/2020_02_09_10_28_30_AM/MFA_MONTHL
Y/CO_oil2/5_insample_diff.png>]
File: ./Picture/Logo.png Graphic file (type png)
<use ./Picture/Logo.png>
Package pdftex.def Info: ./Picture/Logo.png  used on input line 454.
(pdftex.def)             Requested size: 56.9055pt x 20.55377pt.
 [130 <C:/Users/huang/workspace/MASG/Output_FI/2020_02_09_10_28_30_AM/MFA_MONTH
LY/CO_oil2/CO_oil25-Recent-9.png> <C:/Users/huang/workspace/MASG/Output_FI/2020
_02_09_10_28_30_AM/MFA_MONTHLY/CO_oil2/CO_oil25-Acient-9.png> <C:/Users/huang/w
orkspace/MASG/Output_FI/2020_02_09_10_28_30_AM/MFA_MONTHLY/CO_oil2/5_insample_r
esiduals.png>]
File: C:/Users/huang/workspace/MASG/Output_FI/2020_02_09_10_28_30_AM/MFA_MONTHL
Y/CO_oil2/6_insample_diff.png Graphic file (type png)
<use C:/Users/huang/workspace/MASG/Output_FI/2020_02_09_10_28_30_AM/MFA_MONTHLY
/CO_oil2/6_insample_diff.png>
Package pdftex.def Info: C:/Users/huang/workspace/MASG/Output_FI/2020_02_09_10_
28_30_AM/MFA_MONTHLY/CO_oil2/6_insample_diff.png  used on input line 454.
(pdftex.def)             Requested size: 264.46837pt x 198.35715pt.

Underfull \hbox (badness 10000) in alignment at lines 454--454
[][] 
 []


Underfull \hbox (badness 10000) in alignment at lines 454--454
[] 
 []

File: C:/Users/huang/workspace/MASG/Output_FI/2020_02_09_10_28_30_AM/MFA_MONTHL
Y/CO_oil2/CO_oil26-Recent-9.png Graphic file (type png)
<use C:/Users/huang/workspace/MASG/Output_FI/2020_02_09_10_28_30_AM/MFA_MONTHLY
/CO_oil2/CO_oil26-Recent-9.png>
Package pdftex.def Info: C:/Users/huang/workspace/MASG/Output_FI/2020_02_09_10_
28_30_AM/MFA_MONTHLY/CO_oil2/CO_oil26-Recent-9.png  used on input line 454.
(pdftex.def)             Requested size: 264.46837pt x 198.35715pt.
File: C:/Users/huang/workspace/MASG/Output_FI/2020_02_09_10_28_30_AM/MFA_MONTHL
Y/CO_oil2/CO_oil26-Acient-9.png Graphic file (type png)
<use C:/Users/huang/workspace/MASG/Output_FI/2020_02_09_10_28_30_AM/MFA_MONTHLY
/CO_oil2/CO_oil26-Acient-9.png>
Package pdftex.def Info: C:/Users/huang/workspace/MASG/Output_FI/2020_02_09_10_
28_30_AM/MFA_MONTHLY/CO_oil2/CO_oil26-Acient-9.png  used on input line 454.
(pdftex.def)             Requested size: 264.46837pt x 198.35715pt.
File: C:/Users/huang/workspace/MASG/Output_FI/2020_02_09_10_28_30_AM/MFA_MONTHL
Y/CO_oil2/6_insample_residuals.png Graphic file (type png)
<use C:/Users/huang/workspace/MASG/Output_FI/2020_02_09_10_28_30_AM/MFA_MONTHLY
/CO_oil2/6_insample_residuals.png>
Package pdftex.def Info: C:/Users/huang/workspace/MASG/Output_FI/2020_02_09_10_
28_30_AM/MFA_MONTHLY/CO_oil2/6_insample_residuals.png  used on input line 454.
(pdftex.def)             Requested size: 264.46837pt x 198.35715pt.

Overfull \hbox (23.99998pt too wide) in alignment at lines 454--454
[][] 
 []


Overfull \hbox (15.0pt too wide) in paragraph at lines 454--454
[][] 
 []

File: ./Picture/Logo.png Graphic file (type png)
<use ./Picture/Logo.png>
Package pdftex.def Info: ./Picture/Logo.png  used on input line 454.
(pdftex.def)             Requested size: 56.9055pt x 20.55377pt.
[131 <C:/Users/huang/workspace/MASG/Output_FI/2020_02_09_10_28_30_AM/MFA_MONTHL
Y/CO_oil2/6_insample_diff.png>]
File: ./Picture/Logo.png Graphic file (type png)
<use ./Picture/Logo.png>
Package pdftex.def Info: ./Picture/Logo.png  used on input line 454.
(pdftex.def)             Requested size: 56.9055pt x 20.55377pt.
 [132 <C:/Users/huang/workspace/MASG/Output_FI/2020_02_09_10_28_30_AM/MFA_MONTH
LY/CO_oil2/CO_oil26-Recent-9.png> <C:/Users/huang/workspace/MASG/Output_FI/2020
_02_09_10_28_30_AM/MFA_MONTHLY/CO_oil2/CO_oil26-Acient-9.png> <C:/Users/huang/w
orkspace/MASG/Output_FI/2020_02_09_10_28_30_AM/MFA_MONTHLY/CO_oil2/6_insample_r
esiduals.png>]
File: C:/Users/huang/workspace/MASG/Output_FI/2020_02_09_10_28_30_AM/MFA_MONTHL
Y/CO_oil2/7_insample_diff.png Graphic file (type png)
<use C:/Users/huang/workspace/MASG/Output_FI/2020_02_09_10_28_30_AM/MFA_MONTHLY
/CO_oil2/7_insample_diff.png>
Package pdftex.def Info: C:/Users/huang/workspace/MASG/Output_FI/2020_02_09_10_
28_30_AM/MFA_MONTHLY/CO_oil2/7_insample_diff.png  used on input line 454.
(pdftex.def)             Requested size: 264.46837pt x 198.35715pt.

Underfull \hbox (badness 10000) in alignment at lines 454--454
[][] 
 []


Underfull \hbox (badness 10000) in alignment at lines 454--454
[] 
 []

File: C:/Users/huang/workspace/MASG/Output_FI/2020_02_09_10_28_30_AM/MFA_MONTHL
Y/CO_oil2/CO_oil27-Recent-9.png Graphic file (type png)
<use C:/Users/huang/workspace/MASG/Output_FI/2020_02_09_10_28_30_AM/MFA_MONTHLY
/CO_oil2/CO_oil27-Recent-9.png>
Package pdftex.def Info: C:/Users/huang/workspace/MASG/Output_FI/2020_02_09_10_
28_30_AM/MFA_MONTHLY/CO_oil2/CO_oil27-Recent-9.png  used on input line 454.
(pdftex.def)             Requested size: 264.46837pt x 198.35715pt.
File: C:/Users/huang/workspace/MASG/Output_FI/2020_02_09_10_28_30_AM/MFA_MONTHL
Y/CO_oil2/CO_oil27-Acient-9.png Graphic file (type png)
<use C:/Users/huang/workspace/MASG/Output_FI/2020_02_09_10_28_30_AM/MFA_MONTHLY
/CO_oil2/CO_oil27-Acient-9.png>
Package pdftex.def Info: C:/Users/huang/workspace/MASG/Output_FI/2020_02_09_10_
28_30_AM/MFA_MONTHLY/CO_oil2/CO_oil27-Acient-9.png  used on input line 454.
(pdftex.def)             Requested size: 264.46837pt x 198.35715pt.
File: C:/Users/huang/workspace/MASG/Output_FI/2020_02_09_10_28_30_AM/MFA_MONTHL
Y/CO_oil2/7_insample_residuals.png Graphic file (type png)
<use C:/Users/huang/workspace/MASG/Output_FI/2020_02_09_10_28_30_AM/MFA_MONTHLY
/CO_oil2/7_insample_residuals.png>
Package pdftex.def Info: C:/Users/huang/workspace/MASG/Output_FI/2020_02_09_10_
28_30_AM/MFA_MONTHLY/CO_oil2/7_insample_residuals.png  used on input line 454.
(pdftex.def)             Requested size: 264.46837pt x 198.35715pt.

Overfull \hbox (23.99998pt too wide) in alignment at lines 454--454
[][] 
 []


Overfull \hbox (15.0pt too wide) in paragraph at lines 454--454
[][] 
 []

File: ./Picture/Logo.png Graphic file (type png)
<use ./Picture/Logo.png>
Package pdftex.def Info: ./Picture/Logo.png  used on input line 454.
(pdftex.def)             Requested size: 56.9055pt x 20.55377pt.
[133 <C:/Users/huang/workspace/MASG/Output_FI/2020_02_09_10_28_30_AM/MFA_MONTHL
Y/CO_oil2/7_insample_diff.png>]
File: ./Picture/Logo.png Graphic file (type png)
<use ./Picture/Logo.png>
Package pdftex.def Info: ./Picture/Logo.png  used on input line 454.
(pdftex.def)             Requested size: 56.9055pt x 20.55377pt.
 [134 <C:/Users/huang/workspace/MASG/Output_FI/2020_02_09_10_28_30_AM/MFA_MONTH
LY/CO_oil2/CO_oil27-Recent-9.png> <C:/Users/huang/workspace/MASG/Output_FI/2020
_02_09_10_28_30_AM/MFA_MONTHLY/CO_oil2/CO_oil27-Acient-9.png> <C:/Users/huang/w
orkspace/MASG/Output_FI/2020_02_09_10_28_30_AM/MFA_MONTHLY/CO_oil2/7_insample_r
esiduals.png>]
File: C:/Users/huang/workspace/MASG/Output_FI/2020_02_09_10_28_30_AM/MFA_MONTHL
Y/CO_oil2/8_insample_diff.png Graphic file (type png)
<use C:/Users/huang/workspace/MASG/Output_FI/2020_02_09_10_28_30_AM/MFA_MONTHLY
/CO_oil2/8_insample_diff.png>
Package pdftex.def Info: C:/Users/huang/workspace/MASG/Output_FI/2020_02_09_10_
28_30_AM/MFA_MONTHLY/CO_oil2/8_insample_diff.png  used on input line 454.
(pdftex.def)             Requested size: 264.46837pt x 198.35715pt.

Underfull \hbox (badness 10000) in alignment at lines 454--454
[][] 
 []


Underfull \hbox (badness 10000) in alignment at lines 454--454
[] 
 []

File: C:/Users/huang/workspace/MASG/Output_FI/2020_02_09_10_28_30_AM/MFA_MONTHL
Y/CO_oil2/CO_oil28-Recent-9.png Graphic file (type png)
<use C:/Users/huang/workspace/MASG/Output_FI/2020_02_09_10_28_30_AM/MFA_MONTHLY
/CO_oil2/CO_oil28-Recent-9.png>
Package pdftex.def Info: C:/Users/huang/workspace/MASG/Output_FI/2020_02_09_10_
28_30_AM/MFA_MONTHLY/CO_oil2/CO_oil28-Recent-9.png  used on input line 454.
(pdftex.def)             Requested size: 264.46837pt x 198.35715pt.
File: C:/Users/huang/workspace/MASG/Output_FI/2020_02_09_10_28_30_AM/MFA_MONTHL
Y/CO_oil2/CO_oil28-Acient-9.png Graphic file (type png)
<use C:/Users/huang/workspace/MASG/Output_FI/2020_02_09_10_28_30_AM/MFA_MONTHLY
/CO_oil2/CO_oil28-Acient-9.png>
Package pdftex.def Info: C:/Users/huang/workspace/MASG/Output_FI/2020_02_09_10_
28_30_AM/MFA_MONTHLY/CO_oil2/CO_oil28-Acient-9.png  used on input line 454.
(pdftex.def)             Requested size: 264.46837pt x 198.35715pt.
File: C:/Users/huang/workspace/MASG/Output_FI/2020_02_09_10_28_30_AM/MFA_MONTHL
Y/CO_oil2/8_insample_residuals.png Graphic file (type png)
<use C:/Users/huang/workspace/MASG/Output_FI/2020_02_09_10_28_30_AM/MFA_MONTHLY
/CO_oil2/8_insample_residuals.png>
Package pdftex.def Info: C:/Users/huang/workspace/MASG/Output_FI/2020_02_09_10_
28_30_AM/MFA_MONTHLY/CO_oil2/8_insample_residuals.png  used on input line 454.
(pdftex.def)             Requested size: 264.46837pt x 198.35715pt.

Overfull \hbox (23.99998pt too wide) in alignment at lines 454--454
[][] 
 []


Overfull \hbox (15.0pt too wide) in paragraph at lines 454--454
[][] 
 []

File: ./Picture/Logo.png Graphic file (type png)
<use ./Picture/Logo.png>
Package pdftex.def Info: ./Picture/Logo.png  used on input line 454.
(pdftex.def)             Requested size: 56.9055pt x 20.55377pt.
[135 <C:/Users/huang/workspace/MASG/Output_FI/2020_02_09_10_28_30_AM/MFA_MONTHL
Y/CO_oil2/8_insample_diff.png>]
File: ./Picture/Logo.png Graphic file (type png)
<use ./Picture/Logo.png>
Package pdftex.def Info: ./Picture/Logo.png  used on input line 454.
(pdftex.def)             Requested size: 56.9055pt x 20.55377pt.
 [136 <C:/Users/huang/workspace/MASG/Output_FI/2020_02_09_10_28_30_AM/MFA_MONTH
LY/CO_oil2/CO_oil28-Recent-9.png> <C:/Users/huang/workspace/MASG/Output_FI/2020
_02_09_10_28_30_AM/MFA_MONTHLY/CO_oil2/CO_oil28-Acient-9.png> <C:/Users/huang/w
orkspace/MASG/Output_FI/2020_02_09_10_28_30_AM/MFA_MONTHLY/CO_oil2/8_insample_r
esiduals.png>]
File: C:/Users/huang/workspace/MASG/Output_FI/2020_02_09_10_28_30_AM/MFA_MONTHL
Y/CO_oil2/9_insample_diff.png Graphic file (type png)
<use C:/Users/huang/workspace/MASG/Output_FI/2020_02_09_10_28_30_AM/MFA_MONTHLY
/CO_oil2/9_insample_diff.png>
Package pdftex.def Info: C:/Users/huang/workspace/MASG/Output_FI/2020_02_09_10_
28_30_AM/MFA_MONTHLY/CO_oil2/9_insample_diff.png  used on input line 454.
(pdftex.def)             Requested size: 264.46837pt x 198.35715pt.

Underfull \hbox (badness 10000) in alignment at lines 454--454
[][] 
 []


Underfull \hbox (badness 10000) in alignment at lines 454--454
[] 
 []

File: C:/Users/huang/workspace/MASG/Output_FI/2020_02_09_10_28_30_AM/MFA_MONTHL
Y/CO_oil2/CO_oil29-Recent-9.png Graphic file (type png)
<use C:/Users/huang/workspace/MASG/Output_FI/2020_02_09_10_28_30_AM/MFA_MONTHLY
/CO_oil2/CO_oil29-Recent-9.png>
Package pdftex.def Info: C:/Users/huang/workspace/MASG/Output_FI/2020_02_09_10_
28_30_AM/MFA_MONTHLY/CO_oil2/CO_oil29-Recent-9.png  used on input line 454.
(pdftex.def)             Requested size: 264.46837pt x 198.35715pt.
File: C:/Users/huang/workspace/MASG/Output_FI/2020_02_09_10_28_30_AM/MFA_MONTHL
Y/CO_oil2/CO_oil29-Acient-9.png Graphic file (type png)
<use C:/Users/huang/workspace/MASG/Output_FI/2020_02_09_10_28_30_AM/MFA_MONTHLY
/CO_oil2/CO_oil29-Acient-9.png>
Package pdftex.def Info: C:/Users/huang/workspace/MASG/Output_FI/2020_02_09_10_
28_30_AM/MFA_MONTHLY/CO_oil2/CO_oil29-Acient-9.png  used on input line 454.
(pdftex.def)             Requested size: 264.46837pt x 198.35715pt.
File: C:/Users/huang/workspace/MASG/Output_FI/2020_02_09_10_28_30_AM/MFA_MONTHL
Y/CO_oil2/9_insample_residuals.png Graphic file (type png)
<use C:/Users/huang/workspace/MASG/Output_FI/2020_02_09_10_28_30_AM/MFA_MONTHLY
/CO_oil2/9_insample_residuals.png>
Package pdftex.def Info: C:/Users/huang/workspace/MASG/Output_FI/2020_02_09_10_
28_30_AM/MFA_MONTHLY/CO_oil2/9_insample_residuals.png  used on input line 454.
(pdftex.def)             Requested size: 264.46837pt x 198.35715pt.

Overfull \hbox (23.99998pt too wide) in alignment at lines 454--454
[][] 
 []


Overfull \hbox (15.0pt too wide) in paragraph at lines 454--454
[][] 
 []

File: ./Picture/Logo.png Graphic file (type png)
<use ./Picture/Logo.png>
Package pdftex.def Info: ./Picture/Logo.png  used on input line 454.
(pdftex.def)             Requested size: 56.9055pt x 20.55377pt.
[137 <C:/Users/huang/workspace/MASG/Output_FI/2020_02_09_10_28_30_AM/MFA_MONTHL
Y/CO_oil2/9_insample_diff.png>]
File: ./Picture/Logo.png Graphic file (type png)
<use ./Picture/Logo.png>
Package pdftex.def Info: ./Picture/Logo.png  used on input line 454.
(pdftex.def)             Requested size: 56.9055pt x 20.55377pt.
 [138 <C:/Users/huang/workspace/MASG/Output_FI/2020_02_09_10_28_30_AM/MFA_MONTH
LY/CO_oil2/CO_oil29-Recent-9.png> <C:/Users/huang/workspace/MASG/Output_FI/2020
_02_09_10_28_30_AM/MFA_MONTHLY/CO_oil2/CO_oil29-Acient-9.png> <C:/Users/huang/w
orkspace/MASG/Output_FI/2020_02_09_10_28_30_AM/MFA_MONTHLY/CO_oil2/9_insample_r
esiduals.png>]
File: C:/Users/huang/workspace/MASG/Output_FI/2020_02_09_10_28_30_AM/MFA_MONTHL
Y/CO_oil2/10_insample_diff.png Graphic file (type png)
<use C:/Users/huang/workspace/MASG/Output_FI/2020_02_09_10_28_30_AM/MFA_MONTHLY
/CO_oil2/10_insample_diff.png>
Package pdftex.def Info: C:/Users/huang/workspace/MASG/Output_FI/2020_02_09_10_
28_30_AM/MFA_MONTHLY/CO_oil2/10_insample_diff.png  used on input line 454.
(pdftex.def)             Requested size: 264.46837pt x 198.35715pt.

Underfull \hbox (badness 10000) in alignment at lines 454--454
[][] 
 []


Underfull \hbox (badness 10000) in alignment at lines 454--454
[] 
 []

File: C:/Users/huang/workspace/MASG/Output_FI/2020_02_09_10_28_30_AM/MFA_MONTHL
Y/CO_oil2/CO_oil210-Recent-9.png Graphic file (type png)
<use C:/Users/huang/workspace/MASG/Output_FI/2020_02_09_10_28_30_AM/MFA_MONTHLY
/CO_oil2/CO_oil210-Recent-9.png>
Package pdftex.def Info: C:/Users/huang/workspace/MASG/Output_FI/2020_02_09_10_
28_30_AM/MFA_MONTHLY/CO_oil2/CO_oil210-Recent-9.png  used on input line 454.
(pdftex.def)             Requested size: 264.46837pt x 198.35715pt.
File: C:/Users/huang/workspace/MASG/Output_FI/2020_02_09_10_28_30_AM/MFA_MONTHL
Y/CO_oil2/CO_oil210-Acient-9.png Graphic file (type png)
<use C:/Users/huang/workspace/MASG/Output_FI/2020_02_09_10_28_30_AM/MFA_MONTHLY
/CO_oil2/CO_oil210-Acient-9.png>
Package pdftex.def Info: C:/Users/huang/workspace/MASG/Output_FI/2020_02_09_10_
28_30_AM/MFA_MONTHLY/CO_oil2/CO_oil210-Acient-9.png  used on input line 454.
(pdftex.def)             Requested size: 264.46837pt x 198.35715pt.
File: C:/Users/huang/workspace/MASG/Output_FI/2020_02_09_10_28_30_AM/MFA_MONTHL
Y/CO_oil2/10_insample_residuals.png Graphic file (type png)
<use C:/Users/huang/workspace/MASG/Output_FI/2020_02_09_10_28_30_AM/MFA_MONTHLY
/CO_oil2/10_insample_residuals.png>
Package pdftex.def Info: C:/Users/huang/workspace/MASG/Output_FI/2020_02_09_10_
28_30_AM/MFA_MONTHLY/CO_oil2/10_insample_residuals.png  used on input line 454.

(pdftex.def)             Requested size: 264.46837pt x 198.35715pt.

Overfull \hbox (23.99998pt too wide) in alignment at lines 454--454
[][] 
 []


Overfull \hbox (15.0pt too wide) in paragraph at lines 454--454
[][] 
 []

File: ./Picture/Logo.png Graphic file (type png)
<use ./Picture/Logo.png>
Package pdftex.def Info: ./Picture/Logo.png  used on input line 454.
(pdftex.def)             Requested size: 56.9055pt x 20.55377pt.
[139 <C:/Users/huang/workspace/MASG/Output_FI/2020_02_09_10_28_30_AM/MFA_MONTHL
Y/CO_oil2/10_insample_diff.png>]
File: ./Picture/Logo.png Graphic file (type png)
<use ./Picture/Logo.png>
Package pdftex.def Info: ./Picture/Logo.png  used on input line 454.
(pdftex.def)             Requested size: 56.9055pt x 20.55377pt.
 [140 <C:/Users/huang/workspace/MASG/Output_FI/2020_02_09_10_28_30_AM/MFA_MONTH
LY/CO_oil2/CO_oil210-Recent-9.png> <C:/Users/huang/workspace/MASG/Output_FI/202
0_02_09_10_28_30_AM/MFA_MONTHLY/CO_oil2/CO_oil210-Acient-9.png> <C:/Users/huang
/workspace/MASG/Output_FI/2020_02_09_10_28_30_AM/MFA_MONTHLY/CO_oil2/10_insampl
e_residuals.png>]
File: C:/Users/huang/workspace/MASG/Output_FI/2020_02_09_10_28_30_AM/MFA_MONTHL
Y/CO_oil2/11_insample_diff.png Graphic file (type png)
<use C:/Users/huang/workspace/MASG/Output_FI/2020_02_09_10_28_30_AM/MFA_MONTHLY
/CO_oil2/11_insample_diff.png>
Package pdftex.def Info: C:/Users/huang/workspace/MASG/Output_FI/2020_02_09_10_
28_30_AM/MFA_MONTHLY/CO_oil2/11_insample_diff.png  used on input line 454.
(pdftex.def)             Requested size: 264.46837pt x 198.35715pt.

Underfull \hbox (badness 10000) in alignment at lines 454--454
[][] 
 []


Underfull \hbox (badness 10000) in alignment at lines 454--454
[] 
 []

File: C:/Users/huang/workspace/MASG/Output_FI/2020_02_09_10_28_30_AM/MFA_MONTHL
Y/CO_oil2/CO_oil211-Recent-9.png Graphic file (type png)
<use C:/Users/huang/workspace/MASG/Output_FI/2020_02_09_10_28_30_AM/MFA_MONTHLY
/CO_oil2/CO_oil211-Recent-9.png>
Package pdftex.def Info: C:/Users/huang/workspace/MASG/Output_FI/2020_02_09_10_
28_30_AM/MFA_MONTHLY/CO_oil2/CO_oil211-Recent-9.png  used on input line 454.
(pdftex.def)             Requested size: 264.46837pt x 198.35715pt.
File: C:/Users/huang/workspace/MASG/Output_FI/2020_02_09_10_28_30_AM/MFA_MONTHL
Y/CO_oil2/CO_oil211-Acient-9.png Graphic file (type png)
<use C:/Users/huang/workspace/MASG/Output_FI/2020_02_09_10_28_30_AM/MFA_MONTHLY
/CO_oil2/CO_oil211-Acient-9.png>
Package pdftex.def Info: C:/Users/huang/workspace/MASG/Output_FI/2020_02_09_10_
28_30_AM/MFA_MONTHLY/CO_oil2/CO_oil211-Acient-9.png  used on input line 454.
(pdftex.def)             Requested size: 264.46837pt x 198.35715pt.
File: C:/Users/huang/workspace/MASG/Output_FI/2020_02_09_10_28_30_AM/MFA_MONTHL
Y/CO_oil2/11_insample_residuals.png Graphic file (type png)
<use C:/Users/huang/workspace/MASG/Output_FI/2020_02_09_10_28_30_AM/MFA_MONTHLY
/CO_oil2/11_insample_residuals.png>
Package pdftex.def Info: C:/Users/huang/workspace/MASG/Output_FI/2020_02_09_10_
28_30_AM/MFA_MONTHLY/CO_oil2/11_insample_residuals.png  used on input line 454.

(pdftex.def)             Requested size: 264.46837pt x 198.35715pt.

Overfull \hbox (23.99998pt too wide) in alignment at lines 454--454
[][] 
 []


Overfull \hbox (15.0pt too wide) in paragraph at lines 454--454
[][] 
 []

File: ./Picture/Logo.png Graphic file (type png)
<use ./Picture/Logo.png>
Package pdftex.def Info: ./Picture/Logo.png  used on input line 454.
(pdftex.def)             Requested size: 56.9055pt x 20.55377pt.
[141 <C:/Users/huang/workspace/MASG/Output_FI/2020_02_09_10_28_30_AM/MFA_MONTHL
Y/CO_oil2/11_insample_diff.png>]
File: ./Picture/Logo.png Graphic file (type png)
<use ./Picture/Logo.png>
Package pdftex.def Info: ./Picture/Logo.png  used on input line 454.
(pdftex.def)             Requested size: 56.9055pt x 20.55377pt.
 [142 <C:/Users/huang/workspace/MASG/Output_FI/2020_02_09_10_28_30_AM/MFA_MONTH
LY/CO_oil2/CO_oil211-Recent-9.png> <C:/Users/huang/workspace/MASG/Output_FI/202
0_02_09_10_28_30_AM/MFA_MONTHLY/CO_oil2/CO_oil211-Acient-9.png> <C:/Users/huang
/workspace/MASG/Output_FI/2020_02_09_10_28_30_AM/MFA_MONTHLY/CO_oil2/11_insampl
e_residuals.png>]
File: C:/Users/huang/workspace/MASG/Output_FI/2020_02_09_10_28_30_AM/MFA_MONTHL
Y/CO_oil2/12_insample_diff.png Graphic file (type png)
<use C:/Users/huang/workspace/MASG/Output_FI/2020_02_09_10_28_30_AM/MFA_MONTHLY
/CO_oil2/12_insample_diff.png>
Package pdftex.def Info: C:/Users/huang/workspace/MASG/Output_FI/2020_02_09_10_
28_30_AM/MFA_MONTHLY/CO_oil2/12_insample_diff.png  used on input line 454.
(pdftex.def)             Requested size: 264.46837pt x 198.35715pt.

Underfull \hbox (badness 10000) in alignment at lines 454--454
[][] 
 []


Underfull \hbox (badness 10000) in alignment at lines 454--454
[] 
 []

File: C:/Users/huang/workspace/MASG/Output_FI/2020_02_09_10_28_30_AM/MFA_MONTHL
Y/CO_oil2/CO_oil212-Recent-9.png Graphic file (type png)
<use C:/Users/huang/workspace/MASG/Output_FI/2020_02_09_10_28_30_AM/MFA_MONTHLY
/CO_oil2/CO_oil212-Recent-9.png>
Package pdftex.def Info: C:/Users/huang/workspace/MASG/Output_FI/2020_02_09_10_
28_30_AM/MFA_MONTHLY/CO_oil2/CO_oil212-Recent-9.png  used on input line 454.
(pdftex.def)             Requested size: 264.46837pt x 198.35715pt.
File: C:/Users/huang/workspace/MASG/Output_FI/2020_02_09_10_28_30_AM/MFA_MONTHL
Y/CO_oil2/CO_oil212-Acient-9.png Graphic file (type png)
<use C:/Users/huang/workspace/MASG/Output_FI/2020_02_09_10_28_30_AM/MFA_MONTHLY
/CO_oil2/CO_oil212-Acient-9.png>
Package pdftex.def Info: C:/Users/huang/workspace/MASG/Output_FI/2020_02_09_10_
28_30_AM/MFA_MONTHLY/CO_oil2/CO_oil212-Acient-9.png  used on input line 454.
(pdftex.def)             Requested size: 264.46837pt x 198.35715pt.
File: C:/Users/huang/workspace/MASG/Output_FI/2020_02_09_10_28_30_AM/MFA_MONTHL
Y/CO_oil2/12_insample_residuals.png Graphic file (type png)
<use C:/Users/huang/workspace/MASG/Output_FI/2020_02_09_10_28_30_AM/MFA_MONTHLY
/CO_oil2/12_insample_residuals.png>
Package pdftex.def Info: C:/Users/huang/workspace/MASG/Output_FI/2020_02_09_10_
28_30_AM/MFA_MONTHLY/CO_oil2/12_insample_residuals.png  used on input line 454.

(pdftex.def)             Requested size: 264.46837pt x 198.35715pt.

Overfull \hbox (23.99998pt too wide) in alignment at lines 454--454
[][] 
 []


Overfull \hbox (15.0pt too wide) in paragraph at lines 454--454
[][] 
 []

File: ./Picture/Logo.png Graphic file (type png)
<use ./Picture/Logo.png>
Package pdftex.def Info: ./Picture/Logo.png  used on input line 454.
(pdftex.def)             Requested size: 56.9055pt x 20.55377pt.
[143 <C:/Users/huang/workspace/MASG/Output_FI/2020_02_09_10_28_30_AM/MFA_MONTHL
Y/CO_oil2/12_insample_diff.png>]
File: ./Picture/Logo.png Graphic file (type png)
<use ./Picture/Logo.png>
Package pdftex.def Info: ./Picture/Logo.png  used on input line 454.
(pdftex.def)             Requested size: 56.9055pt x 20.55377pt.
 [144 <C:/Users/huang/workspace/MASG/Output_FI/2020_02_09_10_28_30_AM/MFA_MONTH
LY/CO_oil2/CO_oil212-Recent-9.png> <C:/Users/huang/workspace/MASG/Output_FI/202
0_02_09_10_28_30_AM/MFA_MONTHLY/CO_oil2/CO_oil212-Acient-9.png> <C:/Users/huang
/workspace/MASG/Output_FI/2020_02_09_10_28_30_AM/MFA_MONTHLY/CO_oil2/12_insampl
e_residuals.png>]
File: C:/Users/huang/workspace/MASG/Output_FI/2020_02_09_10_28_30_AM/MFA_MONTHL
Y/CO_oil2/13_insample_diff.png Graphic file (type png)
<use C:/Users/huang/workspace/MASG/Output_FI/2020_02_09_10_28_30_AM/MFA_MONTHLY
/CO_oil2/13_insample_diff.png>
Package pdftex.def Info: C:/Users/huang/workspace/MASG/Output_FI/2020_02_09_10_
28_30_AM/MFA_MONTHLY/CO_oil2/13_insample_diff.png  used on input line 454.
(pdftex.def)             Requested size: 264.46837pt x 198.35715pt.

Underfull \hbox (badness 10000) in alignment at lines 454--454
[][] 
 []


Underfull \hbox (badness 10000) in alignment at lines 454--454
[] 
 []

File: C:/Users/huang/workspace/MASG/Output_FI/2020_02_09_10_28_30_AM/MFA_MONTHL
Y/CO_oil2/CO_oil213-Recent-9.png Graphic file (type png)
<use C:/Users/huang/workspace/MASG/Output_FI/2020_02_09_10_28_30_AM/MFA_MONTHLY
/CO_oil2/CO_oil213-Recent-9.png>
Package pdftex.def Info: C:/Users/huang/workspace/MASG/Output_FI/2020_02_09_10_
28_30_AM/MFA_MONTHLY/CO_oil2/CO_oil213-Recent-9.png  used on input line 454.
(pdftex.def)             Requested size: 264.46837pt x 198.35715pt.
File: C:/Users/huang/workspace/MASG/Output_FI/2020_02_09_10_28_30_AM/MFA_MONTHL
Y/CO_oil2/CO_oil213-Acient-9.png Graphic file (type png)
<use C:/Users/huang/workspace/MASG/Output_FI/2020_02_09_10_28_30_AM/MFA_MONTHLY
/CO_oil2/CO_oil213-Acient-9.png>
Package pdftex.def Info: C:/Users/huang/workspace/MASG/Output_FI/2020_02_09_10_
28_30_AM/MFA_MONTHLY/CO_oil2/CO_oil213-Acient-9.png  used on input line 454.
(pdftex.def)             Requested size: 264.46837pt x 198.35715pt.
File: C:/Users/huang/workspace/MASG/Output_FI/2020_02_09_10_28_30_AM/MFA_MONTHL
Y/CO_oil2/13_insample_residuals.png Graphic file (type png)
<use C:/Users/huang/workspace/MASG/Output_FI/2020_02_09_10_28_30_AM/MFA_MONTHLY
/CO_oil2/13_insample_residuals.png>
Package pdftex.def Info: C:/Users/huang/workspace/MASG/Output_FI/2020_02_09_10_
28_30_AM/MFA_MONTHLY/CO_oil2/13_insample_residuals.png  used on input line 454.

(pdftex.def)             Requested size: 264.46837pt x 198.35715pt.

Overfull \hbox (23.99998pt too wide) in alignment at lines 454--454
[][] 
 []


Overfull \hbox (15.0pt too wide) in paragraph at lines 454--454
[][] 
 []

File: ./Picture/Logo.png Graphic file (type png)
<use ./Picture/Logo.png>
Package pdftex.def Info: ./Picture/Logo.png  used on input line 454.
(pdftex.def)             Requested size: 56.9055pt x 20.55377pt.
[145 <C:/Users/huang/workspace/MASG/Output_FI/2020_02_09_10_28_30_AM/MFA_MONTHL
Y/CO_oil2/13_insample_diff.png>]
File: ./Picture/Logo.png Graphic file (type png)
<use ./Picture/Logo.png>
Package pdftex.def Info: ./Picture/Logo.png  used on input line 454.
(pdftex.def)             Requested size: 56.9055pt x 20.55377pt.
 [146 <C:/Users/huang/workspace/MASG/Output_FI/2020_02_09_10_28_30_AM/MFA_MONTH
LY/CO_oil2/CO_oil213-Recent-9.png> <C:/Users/huang/workspace/MASG/Output_FI/202
0_02_09_10_28_30_AM/MFA_MONTHLY/CO_oil2/CO_oil213-Acient-9.png> <C:/Users/huang
/workspace/MASG/Output_FI/2020_02_09_10_28_30_AM/MFA_MONTHLY/CO_oil2/13_insampl
e_residuals.png>]
File: C:/Users/huang/workspace/MASG/Output_FI/2020_02_09_10_28_30_AM/MFA_MONTHL
Y/CO_oil2/14_insample_diff.png Graphic file (type png)
<use C:/Users/huang/workspace/MASG/Output_FI/2020_02_09_10_28_30_AM/MFA_MONTHLY
/CO_oil2/14_insample_diff.png>
Package pdftex.def Info: C:/Users/huang/workspace/MASG/Output_FI/2020_02_09_10_
28_30_AM/MFA_MONTHLY/CO_oil2/14_insample_diff.png  used on input line 454.
(pdftex.def)             Requested size: 264.46837pt x 198.35715pt.

Underfull \hbox (badness 10000) in alignment at lines 454--454
[][] 
 []


Underfull \hbox (badness 10000) in alignment at lines 454--454
[] 
 []

File: C:/Users/huang/workspace/MASG/Output_FI/2020_02_09_10_28_30_AM/MFA_MONTHL
Y/CO_oil2/CO_oil214-Recent-9.png Graphic file (type png)
<use C:/Users/huang/workspace/MASG/Output_FI/2020_02_09_10_28_30_AM/MFA_MONTHLY
/CO_oil2/CO_oil214-Recent-9.png>
Package pdftex.def Info: C:/Users/huang/workspace/MASG/Output_FI/2020_02_09_10_
28_30_AM/MFA_MONTHLY/CO_oil2/CO_oil214-Recent-9.png  used on input line 454.
(pdftex.def)             Requested size: 264.46837pt x 198.35715pt.
File: C:/Users/huang/workspace/MASG/Output_FI/2020_02_09_10_28_30_AM/MFA_MONTHL
Y/CO_oil2/CO_oil214-Acient-9.png Graphic file (type png)
<use C:/Users/huang/workspace/MASG/Output_FI/2020_02_09_10_28_30_AM/MFA_MONTHLY
/CO_oil2/CO_oil214-Acient-9.png>
Package pdftex.def Info: C:/Users/huang/workspace/MASG/Output_FI/2020_02_09_10_
28_30_AM/MFA_MONTHLY/CO_oil2/CO_oil214-Acient-9.png  used on input line 454.
(pdftex.def)             Requested size: 264.46837pt x 198.35715pt.
File: C:/Users/huang/workspace/MASG/Output_FI/2020_02_09_10_28_30_AM/MFA_MONTHL
Y/CO_oil2/14_insample_residuals.png Graphic file (type png)
<use C:/Users/huang/workspace/MASG/Output_FI/2020_02_09_10_28_30_AM/MFA_MONTHLY
/CO_oil2/14_insample_residuals.png>
Package pdftex.def Info: C:/Users/huang/workspace/MASG/Output_FI/2020_02_09_10_
28_30_AM/MFA_MONTHLY/CO_oil2/14_insample_residuals.png  used on input line 454.

(pdftex.def)             Requested size: 264.46837pt x 198.35715pt.

Overfull \hbox (23.99998pt too wide) in alignment at lines 454--454
[][] 
 []


Overfull \hbox (15.0pt too wide) in paragraph at lines 454--454
[][] 
 []

File: ./Picture/Logo.png Graphic file (type png)
<use ./Picture/Logo.png>
Package pdftex.def Info: ./Picture/Logo.png  used on input line 454.
(pdftex.def)             Requested size: 56.9055pt x 20.55377pt.
[147 <C:/Users/huang/workspace/MASG/Output_FI/2020_02_09_10_28_30_AM/MFA_MONTHL
Y/CO_oil2/14_insample_diff.png>]
File: ./Picture/Logo.png Graphic file (type png)
<use ./Picture/Logo.png>
Package pdftex.def Info: ./Picture/Logo.png  used on input line 454.
(pdftex.def)             Requested size: 56.9055pt x 20.55377pt.
 [148 <C:/Users/huang/workspace/MASG/Output_FI/2020_02_09_10_28_30_AM/MFA_MONTH
LY/CO_oil2/CO_oil214-Recent-9.png> <C:/Users/huang/workspace/MASG/Output_FI/202
0_02_09_10_28_30_AM/MFA_MONTHLY/CO_oil2/CO_oil214-Acient-9.png> <C:/Users/huang
/workspace/MASG/Output_FI/2020_02_09_10_28_30_AM/MFA_MONTHLY/CO_oil2/14_insampl
e_residuals.png>]
File: C:/Users/huang/workspace/MASG/Output_FI/2020_02_09_10_28_30_AM/MFA_MONTHL
Y/CO_oil2/15_insample_diff.png Graphic file (type png)
<use C:/Users/huang/workspace/MASG/Output_FI/2020_02_09_10_28_30_AM/MFA_MONTHLY
/CO_oil2/15_insample_diff.png>
Package pdftex.def Info: C:/Users/huang/workspace/MASG/Output_FI/2020_02_09_10_
28_30_AM/MFA_MONTHLY/CO_oil2/15_insample_diff.png  used on input line 454.
(pdftex.def)             Requested size: 264.46837pt x 198.35715pt.

Underfull \hbox (badness 10000) in alignment at lines 454--454
[][] 
 []


Underfull \hbox (badness 10000) in alignment at lines 454--454
[] 
 []

File: C:/Users/huang/workspace/MASG/Output_FI/2020_02_09_10_28_30_AM/MFA_MONTHL
Y/CO_oil2/CO_oil215-Recent-9.png Graphic file (type png)
<use C:/Users/huang/workspace/MASG/Output_FI/2020_02_09_10_28_30_AM/MFA_MONTHLY
/CO_oil2/CO_oil215-Recent-9.png>
Package pdftex.def Info: C:/Users/huang/workspace/MASG/Output_FI/2020_02_09_10_
28_30_AM/MFA_MONTHLY/CO_oil2/CO_oil215-Recent-9.png  used on input line 454.
(pdftex.def)             Requested size: 264.46837pt x 198.35715pt.
File: C:/Users/huang/workspace/MASG/Output_FI/2020_02_09_10_28_30_AM/MFA_MONTHL
Y/CO_oil2/CO_oil215-Acient-9.png Graphic file (type png)
<use C:/Users/huang/workspace/MASG/Output_FI/2020_02_09_10_28_30_AM/MFA_MONTHLY
/CO_oil2/CO_oil215-Acient-9.png>
Package pdftex.def Info: C:/Users/huang/workspace/MASG/Output_FI/2020_02_09_10_
28_30_AM/MFA_MONTHLY/CO_oil2/CO_oil215-Acient-9.png  used on input line 454.
(pdftex.def)             Requested size: 264.46837pt x 198.35715pt.
File: C:/Users/huang/workspace/MASG/Output_FI/2020_02_09_10_28_30_AM/MFA_MONTHL
Y/CO_oil2/15_insample_residuals.png Graphic file (type png)
<use C:/Users/huang/workspace/MASG/Output_FI/2020_02_09_10_28_30_AM/MFA_MONTHLY
/CO_oil2/15_insample_residuals.png>
Package pdftex.def Info: C:/Users/huang/workspace/MASG/Output_FI/2020_02_09_10_
28_30_AM/MFA_MONTHLY/CO_oil2/15_insample_residuals.png  used on input line 454.

(pdftex.def)             Requested size: 264.46837pt x 198.35715pt.

Overfull \hbox (23.99998pt too wide) in alignment at lines 454--454
[][] 
 []


Overfull \hbox (15.0pt too wide) in paragraph at lines 454--454
[][] 
 []

File: ./Picture/Logo.png Graphic file (type png)
<use ./Picture/Logo.png>
Package pdftex.def Info: ./Picture/Logo.png  used on input line 454.
(pdftex.def)             Requested size: 56.9055pt x 20.55377pt.
[149 <C:/Users/huang/workspace/MASG/Output_FI/2020_02_09_10_28_30_AM/MFA_MONTHL
Y/CO_oil2/15_insample_diff.png>]
File: ./Picture/Logo.png Graphic file (type png)
<use ./Picture/Logo.png>
Package pdftex.def Info: ./Picture/Logo.png  used on input line 454.
(pdftex.def)             Requested size: 56.9055pt x 20.55377pt.
 [150 <C:/Users/huang/workspace/MASG/Output_FI/2020_02_09_10_28_30_AM/MFA_MONTH
LY/CO_oil2/CO_oil215-Recent-9.png> <C:/Users/huang/workspace/MASG/Output_FI/202
0_02_09_10_28_30_AM/MFA_MONTHLY/CO_oil2/CO_oil215-Acient-9.png> <C:/Users/huang
/workspace/MASG/Output_FI/2020_02_09_10_28_30_AM/MFA_MONTHLY/CO_oil2/15_insampl
e_residuals.png>]
File: C:/Users/huang/workspace/MASG/Output_FI/2020_02_09_10_28_30_AM/MFA_MONTHL
Y/CO_oil2/16_insample_diff.png Graphic file (type png)
<use C:/Users/huang/workspace/MASG/Output_FI/2020_02_09_10_28_30_AM/MFA_MONTHLY
/CO_oil2/16_insample_diff.png>
Package pdftex.def Info: C:/Users/huang/workspace/MASG/Output_FI/2020_02_09_10_
28_30_AM/MFA_MONTHLY/CO_oil2/16_insample_diff.png  used on input line 454.
(pdftex.def)             Requested size: 264.46837pt x 198.35715pt.

Underfull \hbox (badness 10000) in alignment at lines 454--454
[][] 
 []


Underfull \hbox (badness 10000) in alignment at lines 454--454
[] 
 []

File: C:/Users/huang/workspace/MASG/Output_FI/2020_02_09_10_28_30_AM/MFA_MONTHL
Y/CO_oil2/CO_oil216-Recent-9.png Graphic file (type png)
<use C:/Users/huang/workspace/MASG/Output_FI/2020_02_09_10_28_30_AM/MFA_MONTHLY
/CO_oil2/CO_oil216-Recent-9.png>
Package pdftex.def Info: C:/Users/huang/workspace/MASG/Output_FI/2020_02_09_10_
28_30_AM/MFA_MONTHLY/CO_oil2/CO_oil216-Recent-9.png  used on input line 454.
(pdftex.def)             Requested size: 264.46837pt x 198.35715pt.
File: C:/Users/huang/workspace/MASG/Output_FI/2020_02_09_10_28_30_AM/MFA_MONTHL
Y/CO_oil2/CO_oil216-Acient-9.png Graphic file (type png)
<use C:/Users/huang/workspace/MASG/Output_FI/2020_02_09_10_28_30_AM/MFA_MONTHLY
/CO_oil2/CO_oil216-Acient-9.png>
Package pdftex.def Info: C:/Users/huang/workspace/MASG/Output_FI/2020_02_09_10_
28_30_AM/MFA_MONTHLY/CO_oil2/CO_oil216-Acient-9.png  used on input line 454.
(pdftex.def)             Requested size: 264.46837pt x 198.35715pt.
File: C:/Users/huang/workspace/MASG/Output_FI/2020_02_09_10_28_30_AM/MFA_MONTHL
Y/CO_oil2/16_insample_residuals.png Graphic file (type png)
<use C:/Users/huang/workspace/MASG/Output_FI/2020_02_09_10_28_30_AM/MFA_MONTHLY
/CO_oil2/16_insample_residuals.png>
Package pdftex.def Info: C:/Users/huang/workspace/MASG/Output_FI/2020_02_09_10_
28_30_AM/MFA_MONTHLY/CO_oil2/16_insample_residuals.png  used on input line 454.

(pdftex.def)             Requested size: 264.46837pt x 198.35715pt.

Overfull \hbox (23.99998pt too wide) in alignment at lines 454--454
[][] 
 []


Overfull \hbox (15.0pt too wide) in paragraph at lines 454--454
[][] 
 []

File: ./Picture/Logo.png Graphic file (type png)
<use ./Picture/Logo.png>
Package pdftex.def Info: ./Picture/Logo.png  used on input line 454.
(pdftex.def)             Requested size: 56.9055pt x 20.55377pt.
[151 <C:/Users/huang/workspace/MASG/Output_FI/2020_02_09_10_28_30_AM/MFA_MONTHL
Y/CO_oil2/16_insample_diff.png>]
File: ./Picture/Logo.png Graphic file (type png)
<use ./Picture/Logo.png>
Package pdftex.def Info: ./Picture/Logo.png  used on input line 454.
(pdftex.def)             Requested size: 56.9055pt x 20.55377pt.
 [152 <C:/Users/huang/workspace/MASG/Output_FI/2020_02_09_10_28_30_AM/MFA_MONTH
LY/CO_oil2/CO_oil216-Recent-9.png> <C:/Users/huang/workspace/MASG/Output_FI/202
0_02_09_10_28_30_AM/MFA_MONTHLY/CO_oil2/CO_oil216-Acient-9.png> <C:/Users/huang
/workspace/MASG/Output_FI/2020_02_09_10_28_30_AM/MFA_MONTHLY/CO_oil2/16_insampl
e_residuals.png>]
File: C:/Users/huang/workspace/MASG/Output_FI/2020_02_09_10_28_30_AM/MFA_MONTHL
Y/CO_oil2/17_insample_diff.png Graphic file (type png)
<use C:/Users/huang/workspace/MASG/Output_FI/2020_02_09_10_28_30_AM/MFA_MONTHLY
/CO_oil2/17_insample_diff.png>
Package pdftex.def Info: C:/Users/huang/workspace/MASG/Output_FI/2020_02_09_10_
28_30_AM/MFA_MONTHLY/CO_oil2/17_insample_diff.png  used on input line 454.
(pdftex.def)             Requested size: 264.46837pt x 198.35715pt.

Underfull \hbox (badness 10000) in alignment at lines 454--454
[][] 
 []


Underfull \hbox (badness 10000) in alignment at lines 454--454
[] 
 []

File: C:/Users/huang/workspace/MASG/Output_FI/2020_02_09_10_28_30_AM/MFA_MONTHL
Y/CO_oil2/CO_oil217-Recent-9.png Graphic file (type png)
<use C:/Users/huang/workspace/MASG/Output_FI/2020_02_09_10_28_30_AM/MFA_MONTHLY
/CO_oil2/CO_oil217-Recent-9.png>
Package pdftex.def Info: C:/Users/huang/workspace/MASG/Output_FI/2020_02_09_10_
28_30_AM/MFA_MONTHLY/CO_oil2/CO_oil217-Recent-9.png  used on input line 454.
(pdftex.def)             Requested size: 264.46837pt x 198.35715pt.
File: C:/Users/huang/workspace/MASG/Output_FI/2020_02_09_10_28_30_AM/MFA_MONTHL
Y/CO_oil2/CO_oil217-Acient-9.png Graphic file (type png)
<use C:/Users/huang/workspace/MASG/Output_FI/2020_02_09_10_28_30_AM/MFA_MONTHLY
/CO_oil2/CO_oil217-Acient-9.png>
Package pdftex.def Info: C:/Users/huang/workspace/MASG/Output_FI/2020_02_09_10_
28_30_AM/MFA_MONTHLY/CO_oil2/CO_oil217-Acient-9.png  used on input line 454.
(pdftex.def)             Requested size: 264.46837pt x 198.35715pt.
File: C:/Users/huang/workspace/MASG/Output_FI/2020_02_09_10_28_30_AM/MFA_MONTHL
Y/CO_oil2/17_insample_residuals.png Graphic file (type png)
<use C:/Users/huang/workspace/MASG/Output_FI/2020_02_09_10_28_30_AM/MFA_MONTHLY
/CO_oil2/17_insample_residuals.png>
Package pdftex.def Info: C:/Users/huang/workspace/MASG/Output_FI/2020_02_09_10_
28_30_AM/MFA_MONTHLY/CO_oil2/17_insample_residuals.png  used on input line 454.

(pdftex.def)             Requested size: 264.46837pt x 198.35715pt.

Overfull \hbox (23.99998pt too wide) in alignment at lines 454--454
[][] 
 []


Overfull \hbox (15.0pt too wide) in paragraph at lines 454--454
[][] 
 []

File: ./Picture/Logo.png Graphic file (type png)
<use ./Picture/Logo.png>
Package pdftex.def Info: ./Picture/Logo.png  used on input line 454.
(pdftex.def)             Requested size: 56.9055pt x 20.55377pt.
[153 <C:/Users/huang/workspace/MASG/Output_FI/2020_02_09_10_28_30_AM/MFA_MONTHL
Y/CO_oil2/17_insample_diff.png>]
File: ./Picture/Logo.png Graphic file (type png)
<use ./Picture/Logo.png>
Package pdftex.def Info: ./Picture/Logo.png  used on input line 454.
(pdftex.def)             Requested size: 56.9055pt x 20.55377pt.
 [154 <C:/Users/huang/workspace/MASG/Output_FI/2020_02_09_10_28_30_AM/MFA_MONTH
LY/CO_oil2/CO_oil217-Recent-9.png> <C:/Users/huang/workspace/MASG/Output_FI/202
0_02_09_10_28_30_AM/MFA_MONTHLY/CO_oil2/CO_oil217-Acient-9.png> <C:/Users/huang
/workspace/MASG/Output_FI/2020_02_09_10_28_30_AM/MFA_MONTHLY/CO_oil2/17_insampl
e_residuals.png>]
File: C:/Users/huang/workspace/MASG/Output_FI/2020_02_09_10_28_30_AM/MFA_MONTHL
Y/CO_oil2/18_insample_diff.png Graphic file (type png)
<use C:/Users/huang/workspace/MASG/Output_FI/2020_02_09_10_28_30_AM/MFA_MONTHLY
/CO_oil2/18_insample_diff.png>
Package pdftex.def Info: C:/Users/huang/workspace/MASG/Output_FI/2020_02_09_10_
28_30_AM/MFA_MONTHLY/CO_oil2/18_insample_diff.png  used on input line 454.
(pdftex.def)             Requested size: 264.46837pt x 198.35715pt.

Underfull \hbox (badness 10000) in alignment at lines 454--454
[][] 
 []


Underfull \hbox (badness 10000) in alignment at lines 454--454
[] 
 []

File: C:/Users/huang/workspace/MASG/Output_FI/2020_02_09_10_28_30_AM/MFA_MONTHL
Y/CO_oil2/CO_oil218-Recent-9.png Graphic file (type png)
<use C:/Users/huang/workspace/MASG/Output_FI/2020_02_09_10_28_30_AM/MFA_MONTHLY
/CO_oil2/CO_oil218-Recent-9.png>
Package pdftex.def Info: C:/Users/huang/workspace/MASG/Output_FI/2020_02_09_10_
28_30_AM/MFA_MONTHLY/CO_oil2/CO_oil218-Recent-9.png  used on input line 454.
(pdftex.def)             Requested size: 264.46837pt x 198.35715pt.
File: C:/Users/huang/workspace/MASG/Output_FI/2020_02_09_10_28_30_AM/MFA_MONTHL
Y/CO_oil2/CO_oil218-Acient-9.png Graphic file (type png)
<use C:/Users/huang/workspace/MASG/Output_FI/2020_02_09_10_28_30_AM/MFA_MONTHLY
/CO_oil2/CO_oil218-Acient-9.png>
Package pdftex.def Info: C:/Users/huang/workspace/MASG/Output_FI/2020_02_09_10_
28_30_AM/MFA_MONTHLY/CO_oil2/CO_oil218-Acient-9.png  used on input line 454.
(pdftex.def)             Requested size: 264.46837pt x 198.35715pt.
File: C:/Users/huang/workspace/MASG/Output_FI/2020_02_09_10_28_30_AM/MFA_MONTHL
Y/CO_oil2/18_insample_residuals.png Graphic file (type png)
<use C:/Users/huang/workspace/MASG/Output_FI/2020_02_09_10_28_30_AM/MFA_MONTHLY
/CO_oil2/18_insample_residuals.png>
Package pdftex.def Info: C:/Users/huang/workspace/MASG/Output_FI/2020_02_09_10_
28_30_AM/MFA_MONTHLY/CO_oil2/18_insample_residuals.png  used on input line 454.

(pdftex.def)             Requested size: 264.46837pt x 198.35715pt.

Overfull \hbox (23.99998pt too wide) in alignment at lines 454--454
[][] 
 []


Overfull \hbox (15.0pt too wide) in paragraph at lines 454--454
[][] 
 []

File: ./Picture/Logo.png Graphic file (type png)
<use ./Picture/Logo.png>
Package pdftex.def Info: ./Picture/Logo.png  used on input line 454.
(pdftex.def)             Requested size: 56.9055pt x 20.55377pt.
[155 <C:/Users/huang/workspace/MASG/Output_FI/2020_02_09_10_28_30_AM/MFA_MONTHL
Y/CO_oil2/18_insample_diff.png>]
File: ./Picture/Logo.png Graphic file (type png)
<use ./Picture/Logo.png>
Package pdftex.def Info: ./Picture/Logo.png  used on input line 454.
(pdftex.def)             Requested size: 56.9055pt x 20.55377pt.
 [156 <C:/Users/huang/workspace/MASG/Output_FI/2020_02_09_10_28_30_AM/MFA_MONTH
LY/CO_oil2/CO_oil218-Recent-9.png> <C:/Users/huang/workspace/MASG/Output_FI/202
0_02_09_10_28_30_AM/MFA_MONTHLY/CO_oil2/CO_oil218-Acient-9.png> <C:/Users/huang
/workspace/MASG/Output_FI/2020_02_09_10_28_30_AM/MFA_MONTHLY/CO_oil2/18_insampl
e_residuals.png>]
File: C:/Users/huang/workspace/MASG/Output_FI/2020_02_09_10_28_30_AM/MFA_MONTHL
Y/CO_oil2/19_insample_diff.png Graphic file (type png)
<use C:/Users/huang/workspace/MASG/Output_FI/2020_02_09_10_28_30_AM/MFA_MONTHLY
/CO_oil2/19_insample_diff.png>
Package pdftex.def Info: C:/Users/huang/workspace/MASG/Output_FI/2020_02_09_10_
28_30_AM/MFA_MONTHLY/CO_oil2/19_insample_diff.png  used on input line 454.
(pdftex.def)             Requested size: 264.46837pt x 198.35715pt.

Underfull \hbox (badness 10000) in alignment at lines 454--454
[][] 
 []


Underfull \hbox (badness 10000) in alignment at lines 454--454
[] 
 []

File: C:/Users/huang/workspace/MASG/Output_FI/2020_02_09_10_28_30_AM/MFA_MONTHL
Y/CO_oil2/CO_oil219-Recent-9.png Graphic file (type png)
<use C:/Users/huang/workspace/MASG/Output_FI/2020_02_09_10_28_30_AM/MFA_MONTHLY
/CO_oil2/CO_oil219-Recent-9.png>
Package pdftex.def Info: C:/Users/huang/workspace/MASG/Output_FI/2020_02_09_10_
28_30_AM/MFA_MONTHLY/CO_oil2/CO_oil219-Recent-9.png  used on input line 454.
(pdftex.def)             Requested size: 264.46837pt x 198.35715pt.
File: C:/Users/huang/workspace/MASG/Output_FI/2020_02_09_10_28_30_AM/MFA_MONTHL
Y/CO_oil2/CO_oil219-Acient-9.png Graphic file (type png)
<use C:/Users/huang/workspace/MASG/Output_FI/2020_02_09_10_28_30_AM/MFA_MONTHLY
/CO_oil2/CO_oil219-Acient-9.png>
Package pdftex.def Info: C:/Users/huang/workspace/MASG/Output_FI/2020_02_09_10_
28_30_AM/MFA_MONTHLY/CO_oil2/CO_oil219-Acient-9.png  used on input line 454.
(pdftex.def)             Requested size: 264.46837pt x 198.35715pt.
File: C:/Users/huang/workspace/MASG/Output_FI/2020_02_09_10_28_30_AM/MFA_MONTHL
Y/CO_oil2/19_insample_residuals.png Graphic file (type png)
<use C:/Users/huang/workspace/MASG/Output_FI/2020_02_09_10_28_30_AM/MFA_MONTHLY
/CO_oil2/19_insample_residuals.png>
Package pdftex.def Info: C:/Users/huang/workspace/MASG/Output_FI/2020_02_09_10_
28_30_AM/MFA_MONTHLY/CO_oil2/19_insample_residuals.png  used on input line 454.

(pdftex.def)             Requested size: 264.46837pt x 198.35715pt.

Overfull \hbox (23.99998pt too wide) in alignment at lines 454--454
[][] 
 []


Overfull \hbox (15.0pt too wide) in paragraph at lines 454--454
[][] 
 []

File: ./Picture/Logo.png Graphic file (type png)
<use ./Picture/Logo.png>
Package pdftex.def Info: ./Picture/Logo.png  used on input line 454.
(pdftex.def)             Requested size: 56.9055pt x 20.55377pt.
[157 <C:/Users/huang/workspace/MASG/Output_FI/2020_02_09_10_28_30_AM/MFA_MONTHL
Y/CO_oil2/19_insample_diff.png>]
File: ./Picture/Logo.png Graphic file (type png)
<use ./Picture/Logo.png>
Package pdftex.def Info: ./Picture/Logo.png  used on input line 454.
(pdftex.def)             Requested size: 56.9055pt x 20.55377pt.
 [158 <C:/Users/huang/workspace/MASG/Output_FI/2020_02_09_10_28_30_AM/MFA_MONTH
LY/CO_oil2/CO_oil219-Recent-9.png> <C:/Users/huang/workspace/MASG/Output_FI/202
0_02_09_10_28_30_AM/MFA_MONTHLY/CO_oil2/CO_oil219-Acient-9.png> <C:/Users/huang
/workspace/MASG/Output_FI/2020_02_09_10_28_30_AM/MFA_MONTHLY/CO_oil2/19_insampl
e_residuals.png>]
File: C:/Users/huang/workspace/MASG/Output_FI/2020_02_09_10_28_30_AM/MFA_MONTHL
Y/CO_oil2/20_insample_diff.png Graphic file (type png)
<use C:/Users/huang/workspace/MASG/Output_FI/2020_02_09_10_28_30_AM/MFA_MONTHLY
/CO_oil2/20_insample_diff.png>
Package pdftex.def Info: C:/Users/huang/workspace/MASG/Output_FI/2020_02_09_10_
28_30_AM/MFA_MONTHLY/CO_oil2/20_insample_diff.png  used on input line 454.
(pdftex.def)             Requested size: 264.46837pt x 198.35715pt.

Underfull \hbox (badness 10000) in alignment at lines 454--454
[][] 
 []


Underfull \hbox (badness 10000) in alignment at lines 454--454
[] 
 []

File: C:/Users/huang/workspace/MASG/Output_FI/2020_02_09_10_28_30_AM/MFA_MONTHL
Y/CO_oil2/CO_oil220-Recent-9.png Graphic file (type png)
<use C:/Users/huang/workspace/MASG/Output_FI/2020_02_09_10_28_30_AM/MFA_MONTHLY
/CO_oil2/CO_oil220-Recent-9.png>
Package pdftex.def Info: C:/Users/huang/workspace/MASG/Output_FI/2020_02_09_10_
28_30_AM/MFA_MONTHLY/CO_oil2/CO_oil220-Recent-9.png  used on input line 454.
(pdftex.def)             Requested size: 264.46837pt x 198.35715pt.
File: C:/Users/huang/workspace/MASG/Output_FI/2020_02_09_10_28_30_AM/MFA_MONTHL
Y/CO_oil2/CO_oil220-Acient-9.png Graphic file (type png)
<use C:/Users/huang/workspace/MASG/Output_FI/2020_02_09_10_28_30_AM/MFA_MONTHLY
/CO_oil2/CO_oil220-Acient-9.png>
Package pdftex.def Info: C:/Users/huang/workspace/MASG/Output_FI/2020_02_09_10_
28_30_AM/MFA_MONTHLY/CO_oil2/CO_oil220-Acient-9.png  used on input line 454.
(pdftex.def)             Requested size: 264.46837pt x 198.35715pt.
File: C:/Users/huang/workspace/MASG/Output_FI/2020_02_09_10_28_30_AM/MFA_MONTHL
Y/CO_oil2/20_insample_residuals.png Graphic file (type png)
<use C:/Users/huang/workspace/MASG/Output_FI/2020_02_09_10_28_30_AM/MFA_MONTHLY
/CO_oil2/20_insample_residuals.png>
Package pdftex.def Info: C:/Users/huang/workspace/MASG/Output_FI/2020_02_09_10_
28_30_AM/MFA_MONTHLY/CO_oil2/20_insample_residuals.png  used on input line 454.

(pdftex.def)             Requested size: 264.46837pt x 198.35715pt.

Overfull \hbox (23.99998pt too wide) in alignment at lines 454--454
[][] 
 []


Overfull \hbox (15.0pt too wide) in paragraph at lines 454--454
[][] 
 []

File: ./Picture/Logo.png Graphic file (type png)
<use ./Picture/Logo.png>
Package pdftex.def Info: ./Picture/Logo.png  used on input line 454.
(pdftex.def)             Requested size: 56.9055pt x 20.55377pt.
[159 <C:/Users/huang/workspace/MASG/Output_FI/2020_02_09_10_28_30_AM/MFA_MONTHL
Y/CO_oil2/20_insample_diff.png>]
File: ./Picture/Logo.png Graphic file (type png)
<use ./Picture/Logo.png>
Package pdftex.def Info: ./Picture/Logo.png  used on input line 454.
(pdftex.def)             Requested size: 56.9055pt x 20.55377pt.
 [160 <C:/Users/huang/workspace/MASG/Output_FI/2020_02_09_10_28_30_AM/MFA_MONTH
LY/CO_oil2/CO_oil220-Recent-9.png> <C:/Users/huang/workspace/MASG/Output_FI/202
0_02_09_10_28_30_AM/MFA_MONTHLY/CO_oil2/CO_oil220-Acient-9.png> <C:/Users/huang
/workspace/MASG/Output_FI/2020_02_09_10_28_30_AM/MFA_MONTHLY/CO_oil2/20_insampl
e_residuals.png>]
File: C:/Users/huang/workspace/MASG/Output_FI/2020_02_09_10_28_30_AM/MFA_MONTHL
Y/CO_oil2/21_insample_diff.png Graphic file (type png)
<use C:/Users/huang/workspace/MASG/Output_FI/2020_02_09_10_28_30_AM/MFA_MONTHLY
/CO_oil2/21_insample_diff.png>
Package pdftex.def Info: C:/Users/huang/workspace/MASG/Output_FI/2020_02_09_10_
28_30_AM/MFA_MONTHLY/CO_oil2/21_insample_diff.png  used on input line 454.
(pdftex.def)             Requested size: 264.46837pt x 198.35715pt.

Underfull \hbox (badness 10000) in alignment at lines 454--454
[][] 
 []


Underfull \hbox (badness 10000) in alignment at lines 454--454
[] 
 []

File: C:/Users/huang/workspace/MASG/Output_FI/2020_02_09_10_28_30_AM/MFA_MONTHL
Y/CO_oil2/CO_oil221-Recent-9.png Graphic file (type png)
<use C:/Users/huang/workspace/MASG/Output_FI/2020_02_09_10_28_30_AM/MFA_MONTHLY
/CO_oil2/CO_oil221-Recent-9.png>
Package pdftex.def Info: C:/Users/huang/workspace/MASG/Output_FI/2020_02_09_10_
28_30_AM/MFA_MONTHLY/CO_oil2/CO_oil221-Recent-9.png  used on input line 454.
(pdftex.def)             Requested size: 264.46837pt x 198.35715pt.
File: C:/Users/huang/workspace/MASG/Output_FI/2020_02_09_10_28_30_AM/MFA_MONTHL
Y/CO_oil2/CO_oil221-Acient-9.png Graphic file (type png)
<use C:/Users/huang/workspace/MASG/Output_FI/2020_02_09_10_28_30_AM/MFA_MONTHLY
/CO_oil2/CO_oil221-Acient-9.png>
Package pdftex.def Info: C:/Users/huang/workspace/MASG/Output_FI/2020_02_09_10_
28_30_AM/MFA_MONTHLY/CO_oil2/CO_oil221-Acient-9.png  used on input line 454.
(pdftex.def)             Requested size: 264.46837pt x 198.35715pt.
File: C:/Users/huang/workspace/MASG/Output_FI/2020_02_09_10_28_30_AM/MFA_MONTHL
Y/CO_oil2/21_insample_residuals.png Graphic file (type png)
<use C:/Users/huang/workspace/MASG/Output_FI/2020_02_09_10_28_30_AM/MFA_MONTHLY
/CO_oil2/21_insample_residuals.png>
Package pdftex.def Info: C:/Users/huang/workspace/MASG/Output_FI/2020_02_09_10_
28_30_AM/MFA_MONTHLY/CO_oil2/21_insample_residuals.png  used on input line 454.

(pdftex.def)             Requested size: 264.46837pt x 198.35715pt.

Overfull \hbox (23.99998pt too wide) in alignment at lines 454--454
[][] 
 []


Overfull \hbox (15.0pt too wide) in paragraph at lines 454--454
[][] 
 []

File: ./Picture/Logo.png Graphic file (type png)
<use ./Picture/Logo.png>
Package pdftex.def Info: ./Picture/Logo.png  used on input line 454.
(pdftex.def)             Requested size: 56.9055pt x 20.55377pt.
[161 <C:/Users/huang/workspace/MASG/Output_FI/2020_02_09_10_28_30_AM/MFA_MONTHL
Y/CO_oil2/21_insample_diff.png>]
File: ./Picture/Logo.png Graphic file (type png)
<use ./Picture/Logo.png>
Package pdftex.def Info: ./Picture/Logo.png  used on input line 454.
(pdftex.def)             Requested size: 56.9055pt x 20.55377pt.
 [162 <C:/Users/huang/workspace/MASG/Output_FI/2020_02_09_10_28_30_AM/MFA_MONTH
LY/CO_oil2/CO_oil221-Recent-9.png> <C:/Users/huang/workspace/MASG/Output_FI/202
0_02_09_10_28_30_AM/MFA_MONTHLY/CO_oil2/CO_oil221-Acient-9.png> <C:/Users/huang
/workspace/MASG/Output_FI/2020_02_09_10_28_30_AM/MFA_MONTHLY/CO_oil2/21_insampl
e_residuals.png>]
File: C:/Users/huang/workspace/MASG/Output_FI/2020_02_09_10_28_30_AM/MFA_MONTHL
Y/CO_oil2/22_insample_diff.png Graphic file (type png)
<use C:/Users/huang/workspace/MASG/Output_FI/2020_02_09_10_28_30_AM/MFA_MONTHLY
/CO_oil2/22_insample_diff.png>
Package pdftex.def Info: C:/Users/huang/workspace/MASG/Output_FI/2020_02_09_10_
28_30_AM/MFA_MONTHLY/CO_oil2/22_insample_diff.png  used on input line 454.
(pdftex.def)             Requested size: 264.46837pt x 198.35715pt.

Underfull \hbox (badness 10000) in alignment at lines 454--454
[][] 
 []


Underfull \hbox (badness 10000) in alignment at lines 454--454
[] 
 []

File: C:/Users/huang/workspace/MASG/Output_FI/2020_02_09_10_28_30_AM/MFA_MONTHL
Y/CO_oil2/CO_oil222-Recent-9.png Graphic file (type png)
<use C:/Users/huang/workspace/MASG/Output_FI/2020_02_09_10_28_30_AM/MFA_MONTHLY
/CO_oil2/CO_oil222-Recent-9.png>
Package pdftex.def Info: C:/Users/huang/workspace/MASG/Output_FI/2020_02_09_10_
28_30_AM/MFA_MONTHLY/CO_oil2/CO_oil222-Recent-9.png  used on input line 454.
(pdftex.def)             Requested size: 264.46837pt x 198.35715pt.
File: C:/Users/huang/workspace/MASG/Output_FI/2020_02_09_10_28_30_AM/MFA_MONTHL
Y/CO_oil2/CO_oil222-Acient-9.png Graphic file (type png)
<use C:/Users/huang/workspace/MASG/Output_FI/2020_02_09_10_28_30_AM/MFA_MONTHLY
/CO_oil2/CO_oil222-Acient-9.png>
Package pdftex.def Info: C:/Users/huang/workspace/MASG/Output_FI/2020_02_09_10_
28_30_AM/MFA_MONTHLY/CO_oil2/CO_oil222-Acient-9.png  used on input line 454.
(pdftex.def)             Requested size: 264.46837pt x 198.35715pt.
File: C:/Users/huang/workspace/MASG/Output_FI/2020_02_09_10_28_30_AM/MFA_MONTHL
Y/CO_oil2/22_insample_residuals.png Graphic file (type png)
<use C:/Users/huang/workspace/MASG/Output_FI/2020_02_09_10_28_30_AM/MFA_MONTHLY
/CO_oil2/22_insample_residuals.png>
Package pdftex.def Info: C:/Users/huang/workspace/MASG/Output_FI/2020_02_09_10_
28_30_AM/MFA_MONTHLY/CO_oil2/22_insample_residuals.png  used on input line 454.

(pdftex.def)             Requested size: 264.46837pt x 198.35715pt.

Overfull \hbox (23.99998pt too wide) in alignment at lines 454--454
[][] 
 []


Overfull \hbox (15.0pt too wide) in paragraph at lines 454--454
[][] 
 []

File: ./Picture/Logo.png Graphic file (type png)
<use ./Picture/Logo.png>
Package pdftex.def Info: ./Picture/Logo.png  used on input line 454.
(pdftex.def)             Requested size: 56.9055pt x 20.55377pt.
[163 <C:/Users/huang/workspace/MASG/Output_FI/2020_02_09_10_28_30_AM/MFA_MONTHL
Y/CO_oil2/22_insample_diff.png>]
File: ./Picture/Logo.png Graphic file (type png)
<use ./Picture/Logo.png>
Package pdftex.def Info: ./Picture/Logo.png  used on input line 454.
(pdftex.def)             Requested size: 56.9055pt x 20.55377pt.
 [164 <C:/Users/huang/workspace/MASG/Output_FI/2020_02_09_10_28_30_AM/MFA_MONTH
LY/CO_oil2/CO_oil222-Recent-9.png> <C:/Users/huang/workspace/MASG/Output_FI/202
0_02_09_10_28_30_AM/MFA_MONTHLY/CO_oil2/CO_oil222-Acient-9.png> <C:/Users/huang
/workspace/MASG/Output_FI/2020_02_09_10_28_30_AM/MFA_MONTHLY/CO_oil2/22_insampl
e_residuals.png>]
File: C:/Users/huang/workspace/MASG/Output_FI/2020_02_09_10_28_30_AM/MFA_MONTHL
Y/CO_oil2/23_insample_diff.png Graphic file (type png)
<use C:/Users/huang/workspace/MASG/Output_FI/2020_02_09_10_28_30_AM/MFA_MONTHLY
/CO_oil2/23_insample_diff.png>
Package pdftex.def Info: C:/Users/huang/workspace/MASG/Output_FI/2020_02_09_10_
28_30_AM/MFA_MONTHLY/CO_oil2/23_insample_diff.png  used on input line 454.
(pdftex.def)             Requested size: 264.46837pt x 198.35715pt.

Underfull \hbox (badness 10000) in alignment at lines 454--454
[][] 
 []


Underfull \hbox (badness 10000) in alignment at lines 454--454
[] 
 []

File: C:/Users/huang/workspace/MASG/Output_FI/2020_02_09_10_28_30_AM/MFA_MONTHL
Y/CO_oil2/CO_oil223-Recent-9.png Graphic file (type png)
<use C:/Users/huang/workspace/MASG/Output_FI/2020_02_09_10_28_30_AM/MFA_MONTHLY
/CO_oil2/CO_oil223-Recent-9.png>
Package pdftex.def Info: C:/Users/huang/workspace/MASG/Output_FI/2020_02_09_10_
28_30_AM/MFA_MONTHLY/CO_oil2/CO_oil223-Recent-9.png  used on input line 454.
(pdftex.def)             Requested size: 264.46837pt x 198.35715pt.
File: C:/Users/huang/workspace/MASG/Output_FI/2020_02_09_10_28_30_AM/MFA_MONTHL
Y/CO_oil2/CO_oil223-Acient-9.png Graphic file (type png)
<use C:/Users/huang/workspace/MASG/Output_FI/2020_02_09_10_28_30_AM/MFA_MONTHLY
/CO_oil2/CO_oil223-Acient-9.png>
Package pdftex.def Info: C:/Users/huang/workspace/MASG/Output_FI/2020_02_09_10_
28_30_AM/MFA_MONTHLY/CO_oil2/CO_oil223-Acient-9.png  used on input line 454.
(pdftex.def)             Requested size: 264.46837pt x 198.35715pt.
File: C:/Users/huang/workspace/MASG/Output_FI/2020_02_09_10_28_30_AM/MFA_MONTHL
Y/CO_oil2/23_insample_residuals.png Graphic file (type png)
<use C:/Users/huang/workspace/MASG/Output_FI/2020_02_09_10_28_30_AM/MFA_MONTHLY
/CO_oil2/23_insample_residuals.png>
Package pdftex.def Info: C:/Users/huang/workspace/MASG/Output_FI/2020_02_09_10_
28_30_AM/MFA_MONTHLY/CO_oil2/23_insample_residuals.png  used on input line 454.

(pdftex.def)             Requested size: 264.46837pt x 198.35715pt.

Overfull \hbox (23.99998pt too wide) in alignment at lines 454--454
[][] 
 []


Overfull \hbox (15.0pt too wide) in paragraph at lines 454--454
[][] 
 []

File: ./Picture/Logo.png Graphic file (type png)
<use ./Picture/Logo.png>
Package pdftex.def Info: ./Picture/Logo.png  used on input line 454.
(pdftex.def)             Requested size: 56.9055pt x 20.55377pt.
[165 <C:/Users/huang/workspace/MASG/Output_FI/2020_02_09_10_28_30_AM/MFA_MONTHL
Y/CO_oil2/23_insample_diff.png>]
File: ./Picture/Logo.png Graphic file (type png)
<use ./Picture/Logo.png>
Package pdftex.def Info: ./Picture/Logo.png  used on input line 454.
(pdftex.def)             Requested size: 56.9055pt x 20.55377pt.
 [166 <C:/Users/huang/workspace/MASG/Output_FI/2020_02_09_10_28_30_AM/MFA_MONTH
LY/CO_oil2/CO_oil223-Recent-9.png> <C:/Users/huang/workspace/MASG/Output_FI/202
0_02_09_10_28_30_AM/MFA_MONTHLY/CO_oil2/CO_oil223-Acient-9.png> <C:/Users/huang
/workspace/MASG/Output_FI/2020_02_09_10_28_30_AM/MFA_MONTHLY/CO_oil2/23_insampl
e_residuals.png>]
File: C:/Users/huang/workspace/MASG/Output_FI/2020_02_09_10_28_30_AM/MFA_MONTHL
Y/CO_oil2/24_insample_diff.png Graphic file (type png)
<use C:/Users/huang/workspace/MASG/Output_FI/2020_02_09_10_28_30_AM/MFA_MONTHLY
/CO_oil2/24_insample_diff.png>
Package pdftex.def Info: C:/Users/huang/workspace/MASG/Output_FI/2020_02_09_10_
28_30_AM/MFA_MONTHLY/CO_oil2/24_insample_diff.png  used on input line 454.
(pdftex.def)             Requested size: 264.46837pt x 198.35715pt.

Underfull \hbox (badness 10000) in alignment at lines 454--454
[][] 
 []


Underfull \hbox (badness 10000) in alignment at lines 454--454
[] 
 []

File: C:/Users/huang/workspace/MASG/Output_FI/2020_02_09_10_28_30_AM/MFA_MONTHL
Y/CO_oil2/CO_oil224-Recent-9.png Graphic file (type png)
<use C:/Users/huang/workspace/MASG/Output_FI/2020_02_09_10_28_30_AM/MFA_MONTHLY
/CO_oil2/CO_oil224-Recent-9.png>
Package pdftex.def Info: C:/Users/huang/workspace/MASG/Output_FI/2020_02_09_10_
28_30_AM/MFA_MONTHLY/CO_oil2/CO_oil224-Recent-9.png  used on input line 454.
(pdftex.def)             Requested size: 264.46837pt x 198.35715pt.
File: C:/Users/huang/workspace/MASG/Output_FI/2020_02_09_10_28_30_AM/MFA_MONTHL
Y/CO_oil2/CO_oil224-Acient-9.png Graphic file (type png)
<use C:/Users/huang/workspace/MASG/Output_FI/2020_02_09_10_28_30_AM/MFA_MONTHLY
/CO_oil2/CO_oil224-Acient-9.png>
Package pdftex.def Info: C:/Users/huang/workspace/MASG/Output_FI/2020_02_09_10_
28_30_AM/MFA_MONTHLY/CO_oil2/CO_oil224-Acient-9.png  used on input line 454.
(pdftex.def)             Requested size: 264.46837pt x 198.35715pt.
File: C:/Users/huang/workspace/MASG/Output_FI/2020_02_09_10_28_30_AM/MFA_MONTHL
Y/CO_oil2/24_insample_residuals.png Graphic file (type png)
<use C:/Users/huang/workspace/MASG/Output_FI/2020_02_09_10_28_30_AM/MFA_MONTHLY
/CO_oil2/24_insample_residuals.png>
Package pdftex.def Info: C:/Users/huang/workspace/MASG/Output_FI/2020_02_09_10_
28_30_AM/MFA_MONTHLY/CO_oil2/24_insample_residuals.png  used on input line 454.

(pdftex.def)             Requested size: 264.46837pt x 198.35715pt.

Overfull \hbox (23.99998pt too wide) in alignment at lines 454--454
[][] 
 []


Overfull \hbox (15.0pt too wide) in paragraph at lines 454--454
[][] 
 []

File: ./Picture/Logo.png Graphic file (type png)
<use ./Picture/Logo.png>
Package pdftex.def Info: ./Picture/Logo.png  used on input line 454.
(pdftex.def)             Requested size: 56.9055pt x 20.55377pt.
[167 <C:/Users/huang/workspace/MASG/Output_FI/2020_02_09_10_28_30_AM/MFA_MONTHL
Y/CO_oil2/24_insample_diff.png>]
File: ./Picture/Logo.png Graphic file (type png)
<use ./Picture/Logo.png>
Package pdftex.def Info: ./Picture/Logo.png  used on input line 454.
(pdftex.def)             Requested size: 56.9055pt x 20.55377pt.
 [168 <C:/Users/huang/workspace/MASG/Output_FI/2020_02_09_10_28_30_AM/MFA_MONTH
LY/CO_oil2/CO_oil224-Recent-9.png> <C:/Users/huang/workspace/MASG/Output_FI/202
0_02_09_10_28_30_AM/MFA_MONTHLY/CO_oil2/CO_oil224-Acient-9.png> <C:/Users/huang
/workspace/MASG/Output_FI/2020_02_09_10_28_30_AM/MFA_MONTHLY/CO_oil2/24_insampl
e_residuals.png>]
File: C:/Users/huang/workspace/MASG/Output_FI/2020_02_09_10_28_30_AM/MFA_MONTHL
Y/CO_oil2/25_insample_diff.png Graphic file (type png)
<use C:/Users/huang/workspace/MASG/Output_FI/2020_02_09_10_28_30_AM/MFA_MONTHLY
/CO_oil2/25_insample_diff.png>
Package pdftex.def Info: C:/Users/huang/workspace/MASG/Output_FI/2020_02_09_10_
28_30_AM/MFA_MONTHLY/CO_oil2/25_insample_diff.png  used on input line 454.
(pdftex.def)             Requested size: 264.46837pt x 198.35715pt.

Underfull \hbox (badness 10000) in alignment at lines 454--454
[][] 
 []


Underfull \hbox (badness 10000) in alignment at lines 454--454
[] 
 []

File: C:/Users/huang/workspace/MASG/Output_FI/2020_02_09_10_28_30_AM/MFA_MONTHL
Y/CO_oil2/CO_oil225-Recent-9.png Graphic file (type png)
<use C:/Users/huang/workspace/MASG/Output_FI/2020_02_09_10_28_30_AM/MFA_MONTHLY
/CO_oil2/CO_oil225-Recent-9.png>
Package pdftex.def Info: C:/Users/huang/workspace/MASG/Output_FI/2020_02_09_10_
28_30_AM/MFA_MONTHLY/CO_oil2/CO_oil225-Recent-9.png  used on input line 454.
(pdftex.def)             Requested size: 264.46837pt x 198.35715pt.
File: C:/Users/huang/workspace/MASG/Output_FI/2020_02_09_10_28_30_AM/MFA_MONTHL
Y/CO_oil2/CO_oil225-Acient-9.png Graphic file (type png)
<use C:/Users/huang/workspace/MASG/Output_FI/2020_02_09_10_28_30_AM/MFA_MONTHLY
/CO_oil2/CO_oil225-Acient-9.png>
Package pdftex.def Info: C:/Users/huang/workspace/MASG/Output_FI/2020_02_09_10_
28_30_AM/MFA_MONTHLY/CO_oil2/CO_oil225-Acient-9.png  used on input line 454.
(pdftex.def)             Requested size: 264.46837pt x 198.35715pt.
File: C:/Users/huang/workspace/MASG/Output_FI/2020_02_09_10_28_30_AM/MFA_MONTHL
Y/CO_oil2/25_insample_residuals.png Graphic file (type png)
<use C:/Users/huang/workspace/MASG/Output_FI/2020_02_09_10_28_30_AM/MFA_MONTHLY
/CO_oil2/25_insample_residuals.png>
Package pdftex.def Info: C:/Users/huang/workspace/MASG/Output_FI/2020_02_09_10_
28_30_AM/MFA_MONTHLY/CO_oil2/25_insample_residuals.png  used on input line 454.

(pdftex.def)             Requested size: 264.46837pt x 198.35715pt.

Overfull \hbox (23.99998pt too wide) in alignment at lines 454--454
[][] 
 []


Overfull \hbox (15.0pt too wide) in paragraph at lines 454--454
[][] 
 []

File: ./Picture/Logo.png Graphic file (type png)
<use ./Picture/Logo.png>
Package pdftex.def Info: ./Picture/Logo.png  used on input line 454.
(pdftex.def)             Requested size: 56.9055pt x 20.55377pt.
[169 <C:/Users/huang/workspace/MASG/Output_FI/2020_02_09_10_28_30_AM/MFA_MONTHL
Y/CO_oil2/25_insample_diff.png>]
File: ./Picture/Logo.png Graphic file (type png)
<use ./Picture/Logo.png>
Package pdftex.def Info: ./Picture/Logo.png  used on input line 454.
(pdftex.def)             Requested size: 56.9055pt x 20.55377pt.
 [170 <C:/Users/huang/workspace/MASG/Output_FI/2020_02_09_10_28_30_AM/MFA_MONTH
LY/CO_oil2/CO_oil225-Recent-9.png> <C:/Users/huang/workspace/MASG/Output_FI/202
0_02_09_10_28_30_AM/MFA_MONTHLY/CO_oil2/CO_oil225-Acient-9.png> <C:/Users/huang
/workspace/MASG/Output_FI/2020_02_09_10_28_30_AM/MFA_MONTHLY/CO_oil2/25_insampl
e_residuals.png>]
File: C:/Users/huang/workspace/MASG/Output_FI/2020_02_09_10_28_30_AM/MFA_MONTHL
Y/CO_oil2/26_insample_diff.png Graphic file (type png)
<use C:/Users/huang/workspace/MASG/Output_FI/2020_02_09_10_28_30_AM/MFA_MONTHLY
/CO_oil2/26_insample_diff.png>
Package pdftex.def Info: C:/Users/huang/workspace/MASG/Output_FI/2020_02_09_10_
28_30_AM/MFA_MONTHLY/CO_oil2/26_insample_diff.png  used on input line 454.
(pdftex.def)             Requested size: 264.46837pt x 198.35715pt.

Underfull \hbox (badness 10000) in alignment at lines 454--454
[][] 
 []


Underfull \hbox (badness 10000) in alignment at lines 454--454
[] 
 []

File: C:/Users/huang/workspace/MASG/Output_FI/2020_02_09_10_28_30_AM/MFA_MONTHL
Y/CO_oil2/CO_oil226-Recent-9.png Graphic file (type png)
<use C:/Users/huang/workspace/MASG/Output_FI/2020_02_09_10_28_30_AM/MFA_MONTHLY
/CO_oil2/CO_oil226-Recent-9.png>
Package pdftex.def Info: C:/Users/huang/workspace/MASG/Output_FI/2020_02_09_10_
28_30_AM/MFA_MONTHLY/CO_oil2/CO_oil226-Recent-9.png  used on input line 454.
(pdftex.def)             Requested size: 264.46837pt x 198.35715pt.
File: C:/Users/huang/workspace/MASG/Output_FI/2020_02_09_10_28_30_AM/MFA_MONTHL
Y/CO_oil2/CO_oil226-Acient-9.png Graphic file (type png)
<use C:/Users/huang/workspace/MASG/Output_FI/2020_02_09_10_28_30_AM/MFA_MONTHLY
/CO_oil2/CO_oil226-Acient-9.png>
Package pdftex.def Info: C:/Users/huang/workspace/MASG/Output_FI/2020_02_09_10_
28_30_AM/MFA_MONTHLY/CO_oil2/CO_oil226-Acient-9.png  used on input line 454.
(pdftex.def)             Requested size: 264.46837pt x 198.35715pt.
File: C:/Users/huang/workspace/MASG/Output_FI/2020_02_09_10_28_30_AM/MFA_MONTHL
Y/CO_oil2/26_insample_residuals.png Graphic file (type png)
<use C:/Users/huang/workspace/MASG/Output_FI/2020_02_09_10_28_30_AM/MFA_MONTHLY
/CO_oil2/26_insample_residuals.png>
Package pdftex.def Info: C:/Users/huang/workspace/MASG/Output_FI/2020_02_09_10_
28_30_AM/MFA_MONTHLY/CO_oil2/26_insample_residuals.png  used on input line 454.

(pdftex.def)             Requested size: 264.46837pt x 198.35715pt.

Overfull \hbox (23.99998pt too wide) in alignment at lines 454--454
[][] 
 []


Overfull \hbox (15.0pt too wide) in paragraph at lines 454--454
[][] 
 []

File: ./Picture/Logo.png Graphic file (type png)
<use ./Picture/Logo.png>
Package pdftex.def Info: ./Picture/Logo.png  used on input line 454.
(pdftex.def)             Requested size: 56.9055pt x 20.55377pt.
[171 <C:/Users/huang/workspace/MASG/Output_FI/2020_02_09_10_28_30_AM/MFA_MONTHL
Y/CO_oil2/26_insample_diff.png>]
File: ./Picture/Logo.png Graphic file (type png)
<use ./Picture/Logo.png>
Package pdftex.def Info: ./Picture/Logo.png  used on input line 454.
(pdftex.def)             Requested size: 56.9055pt x 20.55377pt.
 [172 <C:/Users/huang/workspace/MASG/Output_FI/2020_02_09_10_28_30_AM/MFA_MONTH
LY/CO_oil2/CO_oil226-Recent-9.png> <C:/Users/huang/workspace/MASG/Output_FI/202
0_02_09_10_28_30_AM/MFA_MONTHLY/CO_oil2/CO_oil226-Acient-9.png> <C:/Users/huang
/workspace/MASG/Output_FI/2020_02_09_10_28_30_AM/MFA_MONTHLY/CO_oil2/26_insampl
e_residuals.png>]
File: C:/Users/huang/workspace/MASG/Output_FI/2020_02_09_10_28_30_AM/MFA_MONTHL
Y/CO_oil2/27_insample_diff.png Graphic file (type png)
<use C:/Users/huang/workspace/MASG/Output_FI/2020_02_09_10_28_30_AM/MFA_MONTHLY
/CO_oil2/27_insample_diff.png>
Package pdftex.def Info: C:/Users/huang/workspace/MASG/Output_FI/2020_02_09_10_
28_30_AM/MFA_MONTHLY/CO_oil2/27_insample_diff.png  used on input line 454.
(pdftex.def)             Requested size: 264.46837pt x 198.35715pt.

Underfull \hbox (badness 10000) in alignment at lines 454--454
[][] 
 []


Underfull \hbox (badness 10000) in alignment at lines 454--454
[] 
 []

File: C:/Users/huang/workspace/MASG/Output_FI/2020_02_09_10_28_30_AM/MFA_MONTHL
Y/CO_oil2/CO_oil227-Recent-9.png Graphic file (type png)
<use C:/Users/huang/workspace/MASG/Output_FI/2020_02_09_10_28_30_AM/MFA_MONTHLY
/CO_oil2/CO_oil227-Recent-9.png>
Package pdftex.def Info: C:/Users/huang/workspace/MASG/Output_FI/2020_02_09_10_
28_30_AM/MFA_MONTHLY/CO_oil2/CO_oil227-Recent-9.png  used on input line 454.
(pdftex.def)             Requested size: 264.46837pt x 198.35715pt.
File: C:/Users/huang/workspace/MASG/Output_FI/2020_02_09_10_28_30_AM/MFA_MONTHL
Y/CO_oil2/CO_oil227-Acient-9.png Graphic file (type png)
<use C:/Users/huang/workspace/MASG/Output_FI/2020_02_09_10_28_30_AM/MFA_MONTHLY
/CO_oil2/CO_oil227-Acient-9.png>
Package pdftex.def Info: C:/Users/huang/workspace/MASG/Output_FI/2020_02_09_10_
28_30_AM/MFA_MONTHLY/CO_oil2/CO_oil227-Acient-9.png  used on input line 454.
(pdftex.def)             Requested size: 264.46837pt x 198.35715pt.
File: C:/Users/huang/workspace/MASG/Output_FI/2020_02_09_10_28_30_AM/MFA_MONTHL
Y/CO_oil2/27_insample_residuals.png Graphic file (type png)
<use C:/Users/huang/workspace/MASG/Output_FI/2020_02_09_10_28_30_AM/MFA_MONTHLY
/CO_oil2/27_insample_residuals.png>
Package pdftex.def Info: C:/Users/huang/workspace/MASG/Output_FI/2020_02_09_10_
28_30_AM/MFA_MONTHLY/CO_oil2/27_insample_residuals.png  used on input line 454.

(pdftex.def)             Requested size: 264.46837pt x 198.35715pt.

Overfull \hbox (23.99998pt too wide) in alignment at lines 454--454
[][] 
 []


Overfull \hbox (15.0pt too wide) in paragraph at lines 454--454
[][] 
 []

File: ./Picture/Logo.png Graphic file (type png)
<use ./Picture/Logo.png>
Package pdftex.def Info: ./Picture/Logo.png  used on input line 454.
(pdftex.def)             Requested size: 56.9055pt x 20.55377pt.
[173 <C:/Users/huang/workspace/MASG/Output_FI/2020_02_09_10_28_30_AM/MFA_MONTHL
Y/CO_oil2/27_insample_diff.png>]
File: ./Picture/Logo.png Graphic file (type png)
<use ./Picture/Logo.png>
Package pdftex.def Info: ./Picture/Logo.png  used on input line 454.
(pdftex.def)             Requested size: 56.9055pt x 20.55377pt.
 [174 <C:/Users/huang/workspace/MASG/Output_FI/2020_02_09_10_28_30_AM/MFA_MONTH
LY/CO_oil2/CO_oil227-Recent-9.png> <C:/Users/huang/workspace/MASG/Output_FI/202
0_02_09_10_28_30_AM/MFA_MONTHLY/CO_oil2/CO_oil227-Acient-9.png> <C:/Users/huang
/workspace/MASG/Output_FI/2020_02_09_10_28_30_AM/MFA_MONTHLY/CO_oil2/27_insampl
e_residuals.png>]
File: C:/Users/huang/workspace/MASG/Output_FI/2020_02_09_10_28_30_AM/MFA_MONTHL
Y/CO_oil2/28_insample_diff.png Graphic file (type png)
<use C:/Users/huang/workspace/MASG/Output_FI/2020_02_09_10_28_30_AM/MFA_MONTHLY
/CO_oil2/28_insample_diff.png>
Package pdftex.def Info: C:/Users/huang/workspace/MASG/Output_FI/2020_02_09_10_
28_30_AM/MFA_MONTHLY/CO_oil2/28_insample_diff.png  used on input line 454.
(pdftex.def)             Requested size: 264.46837pt x 198.35715pt.

Underfull \hbox (badness 10000) in alignment at lines 454--454
[][] 
 []


Underfull \hbox (badness 10000) in alignment at lines 454--454
[] 
 []

File: C:/Users/huang/workspace/MASG/Output_FI/2020_02_09_10_28_30_AM/MFA_MONTHL
Y/CO_oil2/CO_oil228-Recent-9.png Graphic file (type png)
<use C:/Users/huang/workspace/MASG/Output_FI/2020_02_09_10_28_30_AM/MFA_MONTHLY
/CO_oil2/CO_oil228-Recent-9.png>
Package pdftex.def Info: C:/Users/huang/workspace/MASG/Output_FI/2020_02_09_10_
28_30_AM/MFA_MONTHLY/CO_oil2/CO_oil228-Recent-9.png  used on input line 454.
(pdftex.def)             Requested size: 264.46837pt x 198.35715pt.
File: C:/Users/huang/workspace/MASG/Output_FI/2020_02_09_10_28_30_AM/MFA_MONTHL
Y/CO_oil2/CO_oil228-Acient-9.png Graphic file (type png)
<use C:/Users/huang/workspace/MASG/Output_FI/2020_02_09_10_28_30_AM/MFA_MONTHLY
/CO_oil2/CO_oil228-Acient-9.png>
Package pdftex.def Info: C:/Users/huang/workspace/MASG/Output_FI/2020_02_09_10_
28_30_AM/MFA_MONTHLY/CO_oil2/CO_oil228-Acient-9.png  used on input line 454.
(pdftex.def)             Requested size: 264.46837pt x 198.35715pt.
File: C:/Users/huang/workspace/MASG/Output_FI/2020_02_09_10_28_30_AM/MFA_MONTHL
Y/CO_oil2/28_insample_residuals.png Graphic file (type png)
<use C:/Users/huang/workspace/MASG/Output_FI/2020_02_09_10_28_30_AM/MFA_MONTHLY
/CO_oil2/28_insample_residuals.png>
Package pdftex.def Info: C:/Users/huang/workspace/MASG/Output_FI/2020_02_09_10_
28_30_AM/MFA_MONTHLY/CO_oil2/28_insample_residuals.png  used on input line 454.

(pdftex.def)             Requested size: 264.46837pt x 198.35715pt.

Overfull \hbox (23.99998pt too wide) in alignment at lines 454--454
[][] 
 []


Overfull \hbox (15.0pt too wide) in paragraph at lines 454--454
[][] 
 []

File: ./Picture/Logo.png Graphic file (type png)
<use ./Picture/Logo.png>
Package pdftex.def Info: ./Picture/Logo.png  used on input line 454.
(pdftex.def)             Requested size: 56.9055pt x 20.55377pt.
[175 <C:/Users/huang/workspace/MASG/Output_FI/2020_02_09_10_28_30_AM/MFA_MONTHL
Y/CO_oil2/28_insample_diff.png>]
File: ./Picture/Logo.png Graphic file (type png)
<use ./Picture/Logo.png>
Package pdftex.def Info: ./Picture/Logo.png  used on input line 454.
(pdftex.def)             Requested size: 56.9055pt x 20.55377pt.
 [176 <C:/Users/huang/workspace/MASG/Output_FI/2020_02_09_10_28_30_AM/MFA_MONTH
LY/CO_oil2/CO_oil228-Recent-9.png> <C:/Users/huang/workspace/MASG/Output_FI/202
0_02_09_10_28_30_AM/MFA_MONTHLY/CO_oil2/CO_oil228-Acient-9.png> <C:/Users/huang
/workspace/MASG/Output_FI/2020_02_09_10_28_30_AM/MFA_MONTHLY/CO_oil2/28_insampl
e_residuals.png>]
File: C:/Users/huang/workspace/MASG/Output_FI/2020_02_09_10_28_30_AM/MFA_MONTHL
Y/CO_oil2/29_insample_diff.png Graphic file (type png)
<use C:/Users/huang/workspace/MASG/Output_FI/2020_02_09_10_28_30_AM/MFA_MONTHLY
/CO_oil2/29_insample_diff.png>
Package pdftex.def Info: C:/Users/huang/workspace/MASG/Output_FI/2020_02_09_10_
28_30_AM/MFA_MONTHLY/CO_oil2/29_insample_diff.png  used on input line 454.
(pdftex.def)             Requested size: 264.46837pt x 198.35715pt.

Underfull \hbox (badness 10000) in alignment at lines 454--454
[][] 
 []


Underfull \hbox (badness 10000) in alignment at lines 454--454
[] 
 []

File: C:/Users/huang/workspace/MASG/Output_FI/2020_02_09_10_28_30_AM/MFA_MONTHL
Y/CO_oil2/CO_oil229-Recent-9.png Graphic file (type png)
<use C:/Users/huang/workspace/MASG/Output_FI/2020_02_09_10_28_30_AM/MFA_MONTHLY
/CO_oil2/CO_oil229-Recent-9.png>
Package pdftex.def Info: C:/Users/huang/workspace/MASG/Output_FI/2020_02_09_10_
28_30_AM/MFA_MONTHLY/CO_oil2/CO_oil229-Recent-9.png  used on input line 454.
(pdftex.def)             Requested size: 264.46837pt x 198.35715pt.
File: C:/Users/huang/workspace/MASG/Output_FI/2020_02_09_10_28_30_AM/MFA_MONTHL
Y/CO_oil2/CO_oil229-Acient-9.png Graphic file (type png)
<use C:/Users/huang/workspace/MASG/Output_FI/2020_02_09_10_28_30_AM/MFA_MONTHLY
/CO_oil2/CO_oil229-Acient-9.png>
Package pdftex.def Info: C:/Users/huang/workspace/MASG/Output_FI/2020_02_09_10_
28_30_AM/MFA_MONTHLY/CO_oil2/CO_oil229-Acient-9.png  used on input line 454.
(pdftex.def)             Requested size: 264.46837pt x 198.35715pt.
File: C:/Users/huang/workspace/MASG/Output_FI/2020_02_09_10_28_30_AM/MFA_MONTHL
Y/CO_oil2/29_insample_residuals.png Graphic file (type png)
<use C:/Users/huang/workspace/MASG/Output_FI/2020_02_09_10_28_30_AM/MFA_MONTHLY
/CO_oil2/29_insample_residuals.png>
Package pdftex.def Info: C:/Users/huang/workspace/MASG/Output_FI/2020_02_09_10_
28_30_AM/MFA_MONTHLY/CO_oil2/29_insample_residuals.png  used on input line 454.

(pdftex.def)             Requested size: 264.46837pt x 198.35715pt.

Overfull \hbox (23.99998pt too wide) in alignment at lines 454--454
[][] 
 []


Overfull \hbox (15.0pt too wide) in paragraph at lines 454--454
[][] 
 []

File: ./Picture/Logo.png Graphic file (type png)
<use ./Picture/Logo.png>
Package pdftex.def Info: ./Picture/Logo.png  used on input line 454.
(pdftex.def)             Requested size: 56.9055pt x 20.55377pt.
[177 <C:/Users/huang/workspace/MASG/Output_FI/2020_02_09_10_28_30_AM/MFA_MONTHL
Y/CO_oil2/29_insample_diff.png>]
File: ./Picture/Logo.png Graphic file (type png)
<use ./Picture/Logo.png>
Package pdftex.def Info: ./Picture/Logo.png  used on input line 454.
(pdftex.def)             Requested size: 56.9055pt x 20.55377pt.
 [178 <C:/Users/huang/workspace/MASG/Output_FI/2020_02_09_10_28_30_AM/MFA_MONTH
LY/CO_oil2/CO_oil229-Recent-9.png> <C:/Users/huang/workspace/MASG/Output_FI/202
0_02_09_10_28_30_AM/MFA_MONTHLY/CO_oil2/CO_oil229-Acient-9.png> <C:/Users/huang
/workspace/MASG/Output_FI/2020_02_09_10_28_30_AM/MFA_MONTHLY/CO_oil2/29_insampl
e_residuals.png>]
File: C:/Users/huang/workspace/MASG/Output_FI/2020_02_09_10_28_30_AM/MFA_MONTHL
Y/CO_oil2/30_insample_diff.png Graphic file (type png)
<use C:/Users/huang/workspace/MASG/Output_FI/2020_02_09_10_28_30_AM/MFA_MONTHLY
/CO_oil2/30_insample_diff.png>
Package pdftex.def Info: C:/Users/huang/workspace/MASG/Output_FI/2020_02_09_10_
28_30_AM/MFA_MONTHLY/CO_oil2/30_insample_diff.png  used on input line 454.
(pdftex.def)             Requested size: 264.46837pt x 198.35715pt.

Underfull \hbox (badness 10000) in alignment at lines 454--454
[][] 
 []


Underfull \hbox (badness 10000) in alignment at lines 454--454
[] 
 []

File: C:/Users/huang/workspace/MASG/Output_FI/2020_02_09_10_28_30_AM/MFA_MONTHL
Y/CO_oil2/CO_oil230-Recent-9.png Graphic file (type png)
<use C:/Users/huang/workspace/MASG/Output_FI/2020_02_09_10_28_30_AM/MFA_MONTHLY
/CO_oil2/CO_oil230-Recent-9.png>
Package pdftex.def Info: C:/Users/huang/workspace/MASG/Output_FI/2020_02_09_10_
28_30_AM/MFA_MONTHLY/CO_oil2/CO_oil230-Recent-9.png  used on input line 454.
(pdftex.def)             Requested size: 264.46837pt x 198.35715pt.
File: C:/Users/huang/workspace/MASG/Output_FI/2020_02_09_10_28_30_AM/MFA_MONTHL
Y/CO_oil2/CO_oil230-Acient-9.png Graphic file (type png)
<use C:/Users/huang/workspace/MASG/Output_FI/2020_02_09_10_28_30_AM/MFA_MONTHLY
/CO_oil2/CO_oil230-Acient-9.png>
Package pdftex.def Info: C:/Users/huang/workspace/MASG/Output_FI/2020_02_09_10_
28_30_AM/MFA_MONTHLY/CO_oil2/CO_oil230-Acient-9.png  used on input line 454.
(pdftex.def)             Requested size: 264.46837pt x 198.35715pt.
File: C:/Users/huang/workspace/MASG/Output_FI/2020_02_09_10_28_30_AM/MFA_MONTHL
Y/CO_oil2/30_insample_residuals.png Graphic file (type png)
<use C:/Users/huang/workspace/MASG/Output_FI/2020_02_09_10_28_30_AM/MFA_MONTHLY
/CO_oil2/30_insample_residuals.png>
Package pdftex.def Info: C:/Users/huang/workspace/MASG/Output_FI/2020_02_09_10_
28_30_AM/MFA_MONTHLY/CO_oil2/30_insample_residuals.png  used on input line 454.

(pdftex.def)             Requested size: 264.46837pt x 198.35715pt.

Overfull \hbox (23.99998pt too wide) in alignment at lines 454--454
[][] 
 []


Overfull \hbox (15.0pt too wide) in paragraph at lines 454--454
[][] 
 []

File: ./Picture/Logo.png Graphic file (type png)
<use ./Picture/Logo.png>
Package pdftex.def Info: ./Picture/Logo.png  used on input line 454.
(pdftex.def)             Requested size: 56.9055pt x 20.55377pt.
[179 <C:/Users/huang/workspace/MASG/Output_FI/2020_02_09_10_28_30_AM/MFA_MONTHL
Y/CO_oil2/30_insample_diff.png>]
File: ./Picture/Logo.png Graphic file (type png)
<use ./Picture/Logo.png>
Package pdftex.def Info: ./Picture/Logo.png  used on input line 454.
(pdftex.def)             Requested size: 56.9055pt x 20.55377pt.
 [180 <C:/Users/huang/workspace/MASG/Output_FI/2020_02_09_10_28_30_AM/MFA_MONTH
LY/CO_oil2/CO_oil230-Recent-9.png> <C:/Users/huang/workspace/MASG/Output_FI/202
0_02_09_10_28_30_AM/MFA_MONTHLY/CO_oil2/CO_oil230-Acient-9.png> <C:/Users/huang
/workspace/MASG/Output_FI/2020_02_09_10_28_30_AM/MFA_MONTHLY/CO_oil2/30_insampl
e_residuals.png>]
! Missing $ inserted.
<inserted text> 
                $
l.454 
      
I've inserted a begin-math/end-math symbol since I think
you left one out. Proceed, with fingers crossed.

! Missing $ inserted.
<inserted text> 
                $
l.454 
      
I've inserted a begin-math/end-math symbol since I think
you left one out. Proceed, with fingers crossed.


Package hyperref Warning: Token not allowed in a PDF string (PDFDocEncoding):
(hyperref)                removing `subscript' on input line 454.


Package hyperref Warning: Token not allowed in a PDF string (PDFDocEncoding):
(hyperref)                removing `subscript' on input line 454.


(C:/Users/huang/workspace/MASG/Output_FI/2020_02_09_10_28_30_AM/SFA_MONTHLY/Sim
pleReg-CO_nat_gas.tex
! Missing $ inserted.
<inserted text> 
                $
l.12 \caption{Single Factor Analysis-CO_nat_gas}
                                                
I've inserted a begin-math/end-math symbol since I think
you left one out. Proceed, with fingers crossed.

! Missing $ inserted.
<inserted text> 
                $
l.12 \caption{Single Factor Analysis-CO_nat_gas}
                                                
I've inserted a begin-math/end-math symbol since I think
you left one out. Proceed, with fingers crossed.


Underfull \vbox (badness 10000) detected at line 13
 []

)
File: ./Picture/Logo.png Graphic file (type png)
<use ./Picture/Logo.png>
Package pdftex.def Info: ./Picture/Logo.png  used on input line 454.
(pdftex.def)             Requested size: 56.9055pt x 20.55377pt.
 [181

]
File: C:/Users/huang/workspace/MASG/Output_FI/2020_02_09_10_28_30_AM/SFA_MONTHL
Y/CO_nat_gas/1_insample_diff.png Graphic file (type png)
<use C:/Users/huang/workspace/MASG/Output_FI/2020_02_09_10_28_30_AM/SFA_MONTHLY
/CO_nat_gas/1_insample_diff.png>
Package pdftex.def Info: C:/Users/huang/workspace/MASG/Output_FI/2020_02_09_10_
28_30_AM/SFA_MONTHLY/CO_nat_gas/1_insample_diff.png  used on input line 454.
(pdftex.def)             Requested size: 264.46837pt x 264.46921pt.
File: C:/Users/huang/workspace/MASG/Output_FI/2020_02_09_10_28_30_AM/SFA_MONTHL
Y/CO_nat_gas/1_insample_level.png Graphic file (type png)
<use C:/Users/huang/workspace/MASG/Output_FI/2020_02_09_10_28_30_AM/SFA_MONTHLY
/CO_nat_gas/1_insample_level.png>
Package pdftex.def Info: C:/Users/huang/workspace/MASG/Output_FI/2020_02_09_10_
28_30_AM/SFA_MONTHLY/CO_nat_gas/1_insample_level.png  used on input line 454.
(pdftex.def)             Requested size: 264.46837pt x 264.46921pt.
File: C:/Users/huang/workspace/MASG/Output_FI/2020_02_09_10_28_30_AM/SFA_MONTHL
Y/CO_nat_gas/CO_nat_gas1-Recent-9.png Graphic file (type png)
<use C:/Users/huang/workspace/MASG/Output_FI/2020_02_09_10_28_30_AM/SFA_MONTHLY
/CO_nat_gas/CO_nat_gas1-Recent-9.png>
Package pdftex.def Info: C:/Users/huang/workspace/MASG/Output_FI/2020_02_09_10_
28_30_AM/SFA_MONTHLY/CO_nat_gas/CO_nat_gas1-Recent-9.png  used on input line 45
4.
(pdftex.def)             Requested size: 264.46837pt x 198.35715pt.
File: C:/Users/huang/workspace/MASG/Output_FI/2020_02_09_10_28_30_AM/SFA_MONTHL
Y/CO_nat_gas/CO_nat_gas1-Acient-9.png Graphic file (type png)
<use C:/Users/huang/workspace/MASG/Output_FI/2020_02_09_10_28_30_AM/SFA_MONTHLY
/CO_nat_gas/CO_nat_gas1-Acient-9.png>
Package pdftex.def Info: C:/Users/huang/workspace/MASG/Output_FI/2020_02_09_10_
28_30_AM/SFA_MONTHLY/CO_nat_gas/CO_nat_gas1-Acient-9.png  used on input line 45
4.
(pdftex.def)             Requested size: 264.46837pt x 198.35715pt.

Overfull \hbox (23.99998pt too wide) in alignment at lines 454--454
[][] 
 []

File: ./Picture/Logo.png Graphic file (type png)
<use ./Picture/Logo.png>
Package pdftex.def Info: ./Picture/Logo.png  used on input line 454.
(pdftex.def)             Requested size: 56.9055pt x 20.55377pt.
[182

 <C:/Users/huang/workspace/MASG/Output_FI/2020_02_09_10_28_30_AM/SFA_MONTHLY/CO
_nat_gas/1_insample_diff.png> <C:/Users/huang/workspace/MASG/Output_FI/2020_02_
09_10_28_30_AM/SFA_MONTHLY/CO_nat_gas/1_insample_level.png> <C:/Users/huang/wor
kspace/MASG/Output_FI/2020_02_09_10_28_30_AM/SFA_MONTHLY/CO_nat_gas/CO_nat_gas1
-Recent-9.png> <C:/Users/huang/workspace/MASG/Output_FI/2020_02_09_10_28_30_AM/
SFA_MONTHLY/CO_nat_gas/CO_nat_gas1-Acient-9.png>]
File: C:/Users/huang/workspace/MASG/Output_FI/2020_02_09_10_28_30_AM/SFA_MONTHL
Y/CO_nat_gas/2_insample_diff.png Graphic file (type png)
<use C:/Users/huang/workspace/MASG/Output_FI/2020_02_09_10_28_30_AM/SFA_MONTHLY
/CO_nat_gas/2_insample_diff.png>
Package pdftex.def Info: C:/Users/huang/workspace/MASG/Output_FI/2020_02_09_10_
28_30_AM/SFA_MONTHLY/CO_nat_gas/2_insample_diff.png  used on input line 454.
(pdftex.def)             Requested size: 264.46837pt x 264.46921pt.
File: C:/Users/huang/workspace/MASG/Output_FI/2020_02_09_10_28_30_AM/SFA_MONTHL
Y/CO_nat_gas/2_insample_level.png Graphic file (type png)
<use C:/Users/huang/workspace/MASG/Output_FI/2020_02_09_10_28_30_AM/SFA_MONTHLY
/CO_nat_gas/2_insample_level.png>
Package pdftex.def Info: C:/Users/huang/workspace/MASG/Output_FI/2020_02_09_10_
28_30_AM/SFA_MONTHLY/CO_nat_gas/2_insample_level.png  used on input line 454.
(pdftex.def)             Requested size: 264.46837pt x 264.46921pt.
File: C:/Users/huang/workspace/MASG/Output_FI/2020_02_09_10_28_30_AM/SFA_MONTHL
Y/CO_nat_gas/CO_nat_gas2-Recent-9.png Graphic file (type png)
<use C:/Users/huang/workspace/MASG/Output_FI/2020_02_09_10_28_30_AM/SFA_MONTHLY
/CO_nat_gas/CO_nat_gas2-Recent-9.png>
Package pdftex.def Info: C:/Users/huang/workspace/MASG/Output_FI/2020_02_09_10_
28_30_AM/SFA_MONTHLY/CO_nat_gas/CO_nat_gas2-Recent-9.png  used on input line 45
4.
(pdftex.def)             Requested size: 264.46837pt x 198.35715pt.
File: C:/Users/huang/workspace/MASG/Output_FI/2020_02_09_10_28_30_AM/SFA_MONTHL
Y/CO_nat_gas/CO_nat_gas2-Acient-9.png Graphic file (type png)
<use C:/Users/huang/workspace/MASG/Output_FI/2020_02_09_10_28_30_AM/SFA_MONTHLY
/CO_nat_gas/CO_nat_gas2-Acient-9.png>
Package pdftex.def Info: C:/Users/huang/workspace/MASG/Output_FI/2020_02_09_10_
28_30_AM/SFA_MONTHLY/CO_nat_gas/CO_nat_gas2-Acient-9.png  used on input line 45
4.
(pdftex.def)             Requested size: 264.46837pt x 198.35715pt.

Overfull \hbox (23.99998pt too wide) in alignment at lines 454--454
[][] 
 []

File: ./Picture/Logo.png Graphic file (type png)
<use ./Picture/Logo.png>
Package pdftex.def Info: ./Picture/Logo.png  used on input line 454.
(pdftex.def)             Requested size: 56.9055pt x 20.55377pt.
[183 <C:/Users/huang/workspace/MASG/Output_FI/2020_02_09_10_28_30_AM/SFA_MONTHL
Y/CO_nat_gas/2_insample_diff.png> <C:/Users/huang/workspace/MASG/Output_FI/2020
_02_09_10_28_30_AM/SFA_MONTHLY/CO_nat_gas/2_insample_level.png> <C:/Users/huang
/workspace/MASG/Output_FI/2020_02_09_10_28_30_AM/SFA_MONTHLY/CO_nat_gas/CO_nat_
gas2-Recent-9.png> <C:/Users/huang/workspace/MASG/Output_FI/2020_02_09_10_28_30
_AM/SFA_MONTHLY/CO_nat_gas/CO_nat_gas2-Acient-9.png>]
File: C:/Users/huang/workspace/MASG/Output_FI/2020_02_09_10_28_30_AM/SFA_MONTHL
Y/CO_nat_gas/3_insample_diff.png Graphic file (type png)
<use C:/Users/huang/workspace/MASG/Output_FI/2020_02_09_10_28_30_AM/SFA_MONTHLY
/CO_nat_gas/3_insample_diff.png>
Package pdftex.def Info: C:/Users/huang/workspace/MASG/Output_FI/2020_02_09_10_
28_30_AM/SFA_MONTHLY/CO_nat_gas/3_insample_diff.png  used on input line 454.
(pdftex.def)             Requested size: 264.46837pt x 264.46921pt.
File: C:/Users/huang/workspace/MASG/Output_FI/2020_02_09_10_28_30_AM/SFA_MONTHL
Y/CO_nat_gas/3_insample_level.png Graphic file (type png)
<use C:/Users/huang/workspace/MASG/Output_FI/2020_02_09_10_28_30_AM/SFA_MONTHLY
/CO_nat_gas/3_insample_level.png>
Package pdftex.def Info: C:/Users/huang/workspace/MASG/Output_FI/2020_02_09_10_
28_30_AM/SFA_MONTHLY/CO_nat_gas/3_insample_level.png  used on input line 454.
(pdftex.def)             Requested size: 264.46837pt x 264.46921pt.
File: C:/Users/huang/workspace/MASG/Output_FI/2020_02_09_10_28_30_AM/SFA_MONTHL
Y/CO_nat_gas/CO_nat_gas3-Recent-9.png Graphic file (type png)
<use C:/Users/huang/workspace/MASG/Output_FI/2020_02_09_10_28_30_AM/SFA_MONTHLY
/CO_nat_gas/CO_nat_gas3-Recent-9.png>
Package pdftex.def Info: C:/Users/huang/workspace/MASG/Output_FI/2020_02_09_10_
28_30_AM/SFA_MONTHLY/CO_nat_gas/CO_nat_gas3-Recent-9.png  used on input line 45
4.
(pdftex.def)             Requested size: 264.46837pt x 198.35715pt.
File: C:/Users/huang/workspace/MASG/Output_FI/2020_02_09_10_28_30_AM/SFA_MONTHL
Y/CO_nat_gas/CO_nat_gas3-Acient-9.png Graphic file (type png)
<use C:/Users/huang/workspace/MASG/Output_FI/2020_02_09_10_28_30_AM/SFA_MONTHLY
/CO_nat_gas/CO_nat_gas3-Acient-9.png>
Package pdftex.def Info: C:/Users/huang/workspace/MASG/Output_FI/2020_02_09_10_
28_30_AM/SFA_MONTHLY/CO_nat_gas/CO_nat_gas3-Acient-9.png  used on input line 45
4.
(pdftex.def)             Requested size: 264.46837pt x 198.35715pt.

Overfull \hbox (23.99998pt too wide) in alignment at lines 454--454
[][] 
 []

File: ./Picture/Logo.png Graphic file (type png)
<use ./Picture/Logo.png>
Package pdftex.def Info: ./Picture/Logo.png  used on input line 454.
(pdftex.def)             Requested size: 56.9055pt x 20.55377pt.
[184 <C:/Users/huang/workspace/MASG/Output_FI/2020_02_09_10_28_30_AM/SFA_MONTHL
Y/CO_nat_gas/3_insample_diff.png> <C:/Users/huang/workspace/MASG/Output_FI/2020
_02_09_10_28_30_AM/SFA_MONTHLY/CO_nat_gas/3_insample_level.png> <C:/Users/huang
/workspace/MASG/Output_FI/2020_02_09_10_28_30_AM/SFA_MONTHLY/CO_nat_gas/CO_nat_
gas3-Recent-9.png> <C:/Users/huang/workspace/MASG/Output_FI/2020_02_09_10_28_30
_AM/SFA_MONTHLY/CO_nat_gas/CO_nat_gas3-Acient-9.png>]
! Missing $ inserted.
<inserted text> 
                $
l.454 
      
I've inserted a begin-math/end-math symbol since I think
you left one out. Proceed, with fingers crossed.

! Missing $ inserted.
<inserted text> 
                $
l.454 
      
I've inserted a begin-math/end-math symbol since I think
you left one out. Proceed, with fingers crossed.


Package hyperref Warning: Token not allowed in a PDF string (PDFDocEncoding):
(hyperref)                removing `subscript' on input line 454.


Package hyperref Warning: Token not allowed in a PDF string (PDFDocEncoding):
(hyperref)                removing `subscript' on input line 454.


(C:/Users/huang/workspace/MASG/Output_FI/2020_02_09_10_28_30_AM/MFA_MONTHLY/CO_
nat_gas/MFA_CO_nat_gas.tex
Underfull \vbox (badness 10000) detected at line 26
 []

! Missing $ inserted.
<inserted text> 
                $
l.51 \caption{Two Factor Analysis-CO_nat_gas}
                                             
I've inserted a begin-math/end-math symbol since I think
you left one out. Proceed, with fingers crossed.

! Missing $ inserted.
<inserted text> 
                $
l.51 \caption{Two Factor Analysis-CO_nat_gas}
                                             
I've inserted a begin-math/end-math symbol since I think
you left one out. Proceed, with fingers crossed.

)

! LaTeX Error: There's no line here to end.

See the LaTeX manual or LaTeX Companion for explanation.
Type  H <return>  for immediate help.
 ...                                              
                                                  
l.454 
      
Your command was ignored.
Type  I <command> <return>  to replace it with another command,
or  <return>  to continue without it.


(C:/Users/huang/workspace/MASG/Output_FI/2020_02_09_10_28_30_AM/MFA_MONTHLY/CO_
nat_gas/MFA_RelevantVariables_CO_nat_gas.tex
! Missing $ inserted.
<inserted text> 
                $
l.4 \caption{Relevant Variables: CO_nat_gas}
                                             \\
I've inserted a begin-math/end-math symbol since I think
you left one out. Proceed, with fingers crossed.

! Missing $ inserted.
<inserted text> 
                $
l.4 \caption{Relevant Variables: CO_nat_gas}
                                             \\
I've inserted a begin-math/end-math symbol since I think
you left one out. Proceed, with fingers crossed.

File: ./Picture/Logo.png Graphic file (type png)
<use ./Picture/Logo.png>
Package pdftex.def Info: ./Picture/Logo.png  used on input line 46.
(pdftex.def)             Requested size: 56.9055pt x 20.55377pt.
[185

]
File: ./Picture/Logo.png Graphic file (type png)
<use ./Picture/Logo.png>
Package pdftex.def Info: ./Picture/Logo.png  used on input line 106.
(pdftex.def)             Requested size: 56.9055pt x 20.55377pt.
 [186])
File: ./Picture/Logo.png Graphic file (type png)
<use ./Picture/Logo.png>
Package pdftex.def Info: ./Picture/Logo.png  used on input line 454.
(pdftex.def)             Requested size: 56.9055pt x 20.55377pt.
 [187]
File: C:/Users/huang/workspace/MASG/Output_FI/2020_02_09_10_28_30_AM/MFA_MONTHL
Y/CO_nat_gas/1_insample_diff.png Graphic file (type png)
<use C:/Users/huang/workspace/MASG/Output_FI/2020_02_09_10_28_30_AM/MFA_MONTHLY
/CO_nat_gas/1_insample_diff.png>
Package pdftex.def Info: C:/Users/huang/workspace/MASG/Output_FI/2020_02_09_10_
28_30_AM/MFA_MONTHLY/CO_nat_gas/1_insample_diff.png  used on input line 454.
(pdftex.def)             Requested size: 264.46837pt x 198.35715pt.

Underfull \hbox (badness 10000) in alignment at lines 454--454
[][] 
 []


Underfull \hbox (badness 10000) in alignment at lines 454--454
[] 
 []

File: C:/Users/huang/workspace/MASG/Output_FI/2020_02_09_10_28_30_AM/MFA_MONTHL
Y/CO_nat_gas/CO_nat_gas1-Recent-9.png Graphic file (type png)
<use C:/Users/huang/workspace/MASG/Output_FI/2020_02_09_10_28_30_AM/MFA_MONTHLY
/CO_nat_gas/CO_nat_gas1-Recent-9.png>
Package pdftex.def Info: C:/Users/huang/workspace/MASG/Output_FI/2020_02_09_10_
28_30_AM/MFA_MONTHLY/CO_nat_gas/CO_nat_gas1-Recent-9.png  used on input line 45
4.
(pdftex.def)             Requested size: 264.46837pt x 198.35715pt.
File: C:/Users/huang/workspace/MASG/Output_FI/2020_02_09_10_28_30_AM/MFA_MONTHL
Y/CO_nat_gas/CO_nat_gas1-Acient-9.png Graphic file (type png)
<use C:/Users/huang/workspace/MASG/Output_FI/2020_02_09_10_28_30_AM/MFA_MONTHLY
/CO_nat_gas/CO_nat_gas1-Acient-9.png>
Package pdftex.def Info: C:/Users/huang/workspace/MASG/Output_FI/2020_02_09_10_
28_30_AM/MFA_MONTHLY/CO_nat_gas/CO_nat_gas1-Acient-9.png  used on input line 45
4.
(pdftex.def)             Requested size: 264.46837pt x 198.35715pt.
File: C:/Users/huang/workspace/MASG/Output_FI/2020_02_09_10_28_30_AM/MFA_MONTHL
Y/CO_nat_gas/1_insample_residuals.png Graphic file (type png)
<use C:/Users/huang/workspace/MASG/Output_FI/2020_02_09_10_28_30_AM/MFA_MONTHLY
/CO_nat_gas/1_insample_residuals.png>
Package pdftex.def Info: C:/Users/huang/workspace/MASG/Output_FI/2020_02_09_10_
28_30_AM/MFA_MONTHLY/CO_nat_gas/1_insample_residuals.png  used on input line 45
4.
(pdftex.def)             Requested size: 264.46837pt x 198.35715pt.

Overfull \hbox (23.99998pt too wide) in alignment at lines 454--454
[][] 
 []


Overfull \hbox (15.0pt too wide) in paragraph at lines 454--454
[][] 
 []

File: ./Picture/Logo.png Graphic file (type png)
<use ./Picture/Logo.png>
Package pdftex.def Info: ./Picture/Logo.png  used on input line 454.
(pdftex.def)             Requested size: 56.9055pt x 20.55377pt.
[188

 <C:/Users/huang/workspace/MASG/Output_FI/2020_02_09_10_28_30_AM/MFA_MONTHLY/CO
_nat_gas/1_insample_diff.png>]
File: ./Picture/Logo.png Graphic file (type png)
<use ./Picture/Logo.png>
Package pdftex.def Info: ./Picture/Logo.png  used on input line 454.
(pdftex.def)             Requested size: 56.9055pt x 20.55377pt.
 [189 <C:/Users/huang/workspace/MASG/Output_FI/2020_02_09_10_28_30_AM/MFA_MONTH
LY/CO_nat_gas/CO_nat_gas1-Recent-9.png> <C:/Users/huang/workspace/MASG/Output_F
I/2020_02_09_10_28_30_AM/MFA_MONTHLY/CO_nat_gas/CO_nat_gas1-Acient-9.png> <C:/U
sers/huang/workspace/MASG/Output_FI/2020_02_09_10_28_30_AM/MFA_MONTHLY/CO_nat_g
as/1_insample_residuals.png>]
File: C:/Users/huang/workspace/MASG/Output_FI/2020_02_09_10_28_30_AM/MFA_MONTHL
Y/CO_nat_gas/2_insample_diff.png Graphic file (type png)
<use C:/Users/huang/workspace/MASG/Output_FI/2020_02_09_10_28_30_AM/MFA_MONTHLY
/CO_nat_gas/2_insample_diff.png>
Package pdftex.def Info: C:/Users/huang/workspace/MASG/Output_FI/2020_02_09_10_
28_30_AM/MFA_MONTHLY/CO_nat_gas/2_insample_diff.png  used on input line 454.
(pdftex.def)             Requested size: 264.46837pt x 198.35715pt.

Underfull \hbox (badness 10000) in alignment at lines 454--454
[][] 
 []


Underfull \hbox (badness 10000) in alignment at lines 454--454
[] 
 []

File: C:/Users/huang/workspace/MASG/Output_FI/2020_02_09_10_28_30_AM/MFA_MONTHL
Y/CO_nat_gas/CO_nat_gas2-Recent-9.png Graphic file (type png)
<use C:/Users/huang/workspace/MASG/Output_FI/2020_02_09_10_28_30_AM/MFA_MONTHLY
/CO_nat_gas/CO_nat_gas2-Recent-9.png>
Package pdftex.def Info: C:/Users/huang/workspace/MASG/Output_FI/2020_02_09_10_
28_30_AM/MFA_MONTHLY/CO_nat_gas/CO_nat_gas2-Recent-9.png  used on input line 45
4.
(pdftex.def)             Requested size: 264.46837pt x 198.35715pt.
File: C:/Users/huang/workspace/MASG/Output_FI/2020_02_09_10_28_30_AM/MFA_MONTHL
Y/CO_nat_gas/CO_nat_gas2-Acient-9.png Graphic file (type png)
<use C:/Users/huang/workspace/MASG/Output_FI/2020_02_09_10_28_30_AM/MFA_MONTHLY
/CO_nat_gas/CO_nat_gas2-Acient-9.png>
Package pdftex.def Info: C:/Users/huang/workspace/MASG/Output_FI/2020_02_09_10_
28_30_AM/MFA_MONTHLY/CO_nat_gas/CO_nat_gas2-Acient-9.png  used on input line 45
4.
(pdftex.def)             Requested size: 264.46837pt x 198.35715pt.
File: C:/Users/huang/workspace/MASG/Output_FI/2020_02_09_10_28_30_AM/MFA_MONTHL
Y/CO_nat_gas/2_insample_residuals.png Graphic file (type png)
<use C:/Users/huang/workspace/MASG/Output_FI/2020_02_09_10_28_30_AM/MFA_MONTHLY
/CO_nat_gas/2_insample_residuals.png>
Package pdftex.def Info: C:/Users/huang/workspace/MASG/Output_FI/2020_02_09_10_
28_30_AM/MFA_MONTHLY/CO_nat_gas/2_insample_residuals.png  used on input line 45
4.
(pdftex.def)             Requested size: 264.46837pt x 198.35715pt.

Overfull \hbox (23.99998pt too wide) in alignment at lines 454--454
[][] 
 []


Overfull \hbox (15.0pt too wide) in paragraph at lines 454--454
[][] 
 []

File: ./Picture/Logo.png Graphic file (type png)
<use ./Picture/Logo.png>
Package pdftex.def Info: ./Picture/Logo.png  used on input line 454.
(pdftex.def)             Requested size: 56.9055pt x 20.55377pt.
[190 <C:/Users/huang/workspace/MASG/Output_FI/2020_02_09_10_28_30_AM/MFA_MONTHL
Y/CO_nat_gas/2_insample_diff.png>]
File: ./Picture/Logo.png Graphic file (type png)
<use ./Picture/Logo.png>
Package pdftex.def Info: ./Picture/Logo.png  used on input line 454.
(pdftex.def)             Requested size: 56.9055pt x 20.55377pt.
 [191 <C:/Users/huang/workspace/MASG/Output_FI/2020_02_09_10_28_30_AM/MFA_MONTH
LY/CO_nat_gas/CO_nat_gas2-Recent-9.png> <C:/Users/huang/workspace/MASG/Output_F
I/2020_02_09_10_28_30_AM/MFA_MONTHLY/CO_nat_gas/CO_nat_gas2-Acient-9.png> <C:/U
sers/huang/workspace/MASG/Output_FI/2020_02_09_10_28_30_AM/MFA_MONTHLY/CO_nat_g
as/2_insample_residuals.png>]
File: C:/Users/huang/workspace/MASG/Output_FI/2020_02_09_10_28_30_AM/MFA_MONTHL
Y/CO_nat_gas/3_insample_diff.png Graphic file (type png)
<use C:/Users/huang/workspace/MASG/Output_FI/2020_02_09_10_28_30_AM/MFA_MONTHLY
/CO_nat_gas/3_insample_diff.png>
Package pdftex.def Info: C:/Users/huang/workspace/MASG/Output_FI/2020_02_09_10_
28_30_AM/MFA_MONTHLY/CO_nat_gas/3_insample_diff.png  used on input line 454.
(pdftex.def)             Requested size: 264.46837pt x 198.35715pt.

Underfull \hbox (badness 10000) in alignment at lines 454--454
[][] 
 []


Underfull \hbox (badness 10000) in alignment at lines 454--454
[] 
 []

File: C:/Users/huang/workspace/MASG/Output_FI/2020_02_09_10_28_30_AM/MFA_MONTHL
Y/CO_nat_gas/CO_nat_gas3-Recent-9.png Graphic file (type png)
<use C:/Users/huang/workspace/MASG/Output_FI/2020_02_09_10_28_30_AM/MFA_MONTHLY
/CO_nat_gas/CO_nat_gas3-Recent-9.png>
Package pdftex.def Info: C:/Users/huang/workspace/MASG/Output_FI/2020_02_09_10_
28_30_AM/MFA_MONTHLY/CO_nat_gas/CO_nat_gas3-Recent-9.png  used on input line 45
4.
(pdftex.def)             Requested size: 264.46837pt x 198.35715pt.
File: C:/Users/huang/workspace/MASG/Output_FI/2020_02_09_10_28_30_AM/MFA_MONTHL
Y/CO_nat_gas/CO_nat_gas3-Acient-9.png Graphic file (type png)
<use C:/Users/huang/workspace/MASG/Output_FI/2020_02_09_10_28_30_AM/MFA_MONTHLY
/CO_nat_gas/CO_nat_gas3-Acient-9.png>
Package pdftex.def Info: C:/Users/huang/workspace/MASG/Output_FI/2020_02_09_10_
28_30_AM/MFA_MONTHLY/CO_nat_gas/CO_nat_gas3-Acient-9.png  used on input line 45
4.
(pdftex.def)             Requested size: 264.46837pt x 198.35715pt.
File: C:/Users/huang/workspace/MASG/Output_FI/2020_02_09_10_28_30_AM/MFA_MONTHL
Y/CO_nat_gas/3_insample_residuals.png Graphic file (type png)
<use C:/Users/huang/workspace/MASG/Output_FI/2020_02_09_10_28_30_AM/MFA_MONTHLY
/CO_nat_gas/3_insample_residuals.png>
Package pdftex.def Info: C:/Users/huang/workspace/MASG/Output_FI/2020_02_09_10_
28_30_AM/MFA_MONTHLY/CO_nat_gas/3_insample_residuals.png  used on input line 45
4.
(pdftex.def)             Requested size: 264.46837pt x 198.35715pt.

Overfull \hbox (23.99998pt too wide) in alignment at lines 454--454
[][] 
 []


Overfull \hbox (15.0pt too wide) in paragraph at lines 454--454
[][] 
 []

File: ./Picture/Logo.png Graphic file (type png)
<use ./Picture/Logo.png>
Package pdftex.def Info: ./Picture/Logo.png  used on input line 454.
(pdftex.def)             Requested size: 56.9055pt x 20.55377pt.
[192 <C:/Users/huang/workspace/MASG/Output_FI/2020_02_09_10_28_30_AM/MFA_MONTHL
Y/CO_nat_gas/3_insample_diff.png>]
File: ./Picture/Logo.png Graphic file (type png)
<use ./Picture/Logo.png>
Package pdftex.def Info: ./Picture/Logo.png  used on input line 454.
(pdftex.def)             Requested size: 56.9055pt x 20.55377pt.
 [193 <C:/Users/huang/workspace/MASG/Output_FI/2020_02_09_10_28_30_AM/MFA_MONTH
LY/CO_nat_gas/CO_nat_gas3-Recent-9.png> <C:/Users/huang/workspace/MASG/Output_F
I/2020_02_09_10_28_30_AM/MFA_MONTHLY/CO_nat_gas/CO_nat_gas3-Acient-9.png> <C:/U
sers/huang/workspace/MASG/Output_FI/2020_02_09_10_28_30_AM/MFA_MONTHLY/CO_nat_g
as/3_insample_residuals.png>]
File: C:/Users/huang/workspace/MASG/Output_FI/2020_02_09_10_28_30_AM/MFA_MONTHL
Y/CO_nat_gas/4_insample_diff.png Graphic file (type png)
<use C:/Users/huang/workspace/MASG/Output_FI/2020_02_09_10_28_30_AM/MFA_MONTHLY
/CO_nat_gas/4_insample_diff.png>
Package pdftex.def Info: C:/Users/huang/workspace/MASG/Output_FI/2020_02_09_10_
28_30_AM/MFA_MONTHLY/CO_nat_gas/4_insample_diff.png  used on input line 454.
(pdftex.def)             Requested size: 264.46837pt x 198.35715pt.

Underfull \hbox (badness 10000) in alignment at lines 454--454
[][] 
 []


Underfull \hbox (badness 10000) in alignment at lines 454--454
[] 
 []

File: C:/Users/huang/workspace/MASG/Output_FI/2020_02_09_10_28_30_AM/MFA_MONTHL
Y/CO_nat_gas/CO_nat_gas4-Recent-9.png Graphic file (type png)
<use C:/Users/huang/workspace/MASG/Output_FI/2020_02_09_10_28_30_AM/MFA_MONTHLY
/CO_nat_gas/CO_nat_gas4-Recent-9.png>
Package pdftex.def Info: C:/Users/huang/workspace/MASG/Output_FI/2020_02_09_10_
28_30_AM/MFA_MONTHLY/CO_nat_gas/CO_nat_gas4-Recent-9.png  used on input line 45
4.
(pdftex.def)             Requested size: 264.46837pt x 198.35715pt.
File: C:/Users/huang/workspace/MASG/Output_FI/2020_02_09_10_28_30_AM/MFA_MONTHL
Y/CO_nat_gas/CO_nat_gas4-Acient-9.png Graphic file (type png)
<use C:/Users/huang/workspace/MASG/Output_FI/2020_02_09_10_28_30_AM/MFA_MONTHLY
/CO_nat_gas/CO_nat_gas4-Acient-9.png>
Package pdftex.def Info: C:/Users/huang/workspace/MASG/Output_FI/2020_02_09_10_
28_30_AM/MFA_MONTHLY/CO_nat_gas/CO_nat_gas4-Acient-9.png  used on input line 45
4.
(pdftex.def)             Requested size: 264.46837pt x 198.35715pt.
File: C:/Users/huang/workspace/MASG/Output_FI/2020_02_09_10_28_30_AM/MFA_MONTHL
Y/CO_nat_gas/4_insample_residuals.png Graphic file (type png)
<use C:/Users/huang/workspace/MASG/Output_FI/2020_02_09_10_28_30_AM/MFA_MONTHLY
/CO_nat_gas/4_insample_residuals.png>
Package pdftex.def Info: C:/Users/huang/workspace/MASG/Output_FI/2020_02_09_10_
28_30_AM/MFA_MONTHLY/CO_nat_gas/4_insample_residuals.png  used on input line 45
4.
(pdftex.def)             Requested size: 264.46837pt x 198.35715pt.

Overfull \hbox (23.99998pt too wide) in alignment at lines 454--454
[][] 
 []


Overfull \hbox (15.0pt too wide) in paragraph at lines 454--454
[][] 
 []

File: ./Picture/Logo.png Graphic file (type png)
<use ./Picture/Logo.png>
Package pdftex.def Info: ./Picture/Logo.png  used on input line 454.
(pdftex.def)             Requested size: 56.9055pt x 20.55377pt.
[194 <C:/Users/huang/workspace/MASG/Output_FI/2020_02_09_10_28_30_AM/MFA_MONTHL
Y/CO_nat_gas/4_insample_diff.png>]
File: ./Picture/Logo.png Graphic file (type png)
<use ./Picture/Logo.png>
Package pdftex.def Info: ./Picture/Logo.png  used on input line 454.
(pdftex.def)             Requested size: 56.9055pt x 20.55377pt.
 [195 <C:/Users/huang/workspace/MASG/Output_FI/2020_02_09_10_28_30_AM/MFA_MONTH
LY/CO_nat_gas/CO_nat_gas4-Recent-9.png> <C:/Users/huang/workspace/MASG/Output_F
I/2020_02_09_10_28_30_AM/MFA_MONTHLY/CO_nat_gas/CO_nat_gas4-Acient-9.png> <C:/U
sers/huang/workspace/MASG/Output_FI/2020_02_09_10_28_30_AM/MFA_MONTHLY/CO_nat_g
as/4_insample_residuals.png>]
File: C:/Users/huang/workspace/MASG/Output_FI/2020_02_09_10_28_30_AM/MFA_MONTHL
Y/CO_nat_gas/5_insample_diff.png Graphic file (type png)
<use C:/Users/huang/workspace/MASG/Output_FI/2020_02_09_10_28_30_AM/MFA_MONTHLY
/CO_nat_gas/5_insample_diff.png>
Package pdftex.def Info: C:/Users/huang/workspace/MASG/Output_FI/2020_02_09_10_
28_30_AM/MFA_MONTHLY/CO_nat_gas/5_insample_diff.png  used on input line 454.
(pdftex.def)             Requested size: 264.46837pt x 198.35715pt.

Underfull \hbox (badness 10000) in alignment at lines 454--454
[][] 
 []


Underfull \hbox (badness 10000) in alignment at lines 454--454
[] 
 []

File: C:/Users/huang/workspace/MASG/Output_FI/2020_02_09_10_28_30_AM/MFA_MONTHL
Y/CO_nat_gas/CO_nat_gas5-Recent-9.png Graphic file (type png)
<use C:/Users/huang/workspace/MASG/Output_FI/2020_02_09_10_28_30_AM/MFA_MONTHLY
/CO_nat_gas/CO_nat_gas5-Recent-9.png>
Package pdftex.def Info: C:/Users/huang/workspace/MASG/Output_FI/2020_02_09_10_
28_30_AM/MFA_MONTHLY/CO_nat_gas/CO_nat_gas5-Recent-9.png  used on input line 45
4.
(pdftex.def)             Requested size: 264.46837pt x 198.35715pt.
File: C:/Users/huang/workspace/MASG/Output_FI/2020_02_09_10_28_30_AM/MFA_MONTHL
Y/CO_nat_gas/CO_nat_gas5-Acient-9.png Graphic file (type png)
<use C:/Users/huang/workspace/MASG/Output_FI/2020_02_09_10_28_30_AM/MFA_MONTHLY
/CO_nat_gas/CO_nat_gas5-Acient-9.png>
Package pdftex.def Info: C:/Users/huang/workspace/MASG/Output_FI/2020_02_09_10_
28_30_AM/MFA_MONTHLY/CO_nat_gas/CO_nat_gas5-Acient-9.png  used on input line 45
4.
(pdftex.def)             Requested size: 264.46837pt x 198.35715pt.
File: C:/Users/huang/workspace/MASG/Output_FI/2020_02_09_10_28_30_AM/MFA_MONTHL
Y/CO_nat_gas/5_insample_residuals.png Graphic file (type png)
<use C:/Users/huang/workspace/MASG/Output_FI/2020_02_09_10_28_30_AM/MFA_MONTHLY
/CO_nat_gas/5_insample_residuals.png>
Package pdftex.def Info: C:/Users/huang/workspace/MASG/Output_FI/2020_02_09_10_
28_30_AM/MFA_MONTHLY/CO_nat_gas/5_insample_residuals.png  used on input line 45
4.
(pdftex.def)             Requested size: 264.46837pt x 198.35715pt.

Overfull \hbox (23.99998pt too wide) in alignment at lines 454--454
[][] 
 []


Overfull \hbox (15.0pt too wide) in paragraph at lines 454--454
[][] 
 []

File: ./Picture/Logo.png Graphic file (type png)
<use ./Picture/Logo.png>
Package pdftex.def Info: ./Picture/Logo.png  used on input line 454.
(pdftex.def)             Requested size: 56.9055pt x 20.55377pt.
[196 <C:/Users/huang/workspace/MASG/Output_FI/2020_02_09_10_28_30_AM/MFA_MONTHL
Y/CO_nat_gas/5_insample_diff.png>]
File: ./Picture/Logo.png Graphic file (type png)
<use ./Picture/Logo.png>
Package pdftex.def Info: ./Picture/Logo.png  used on input line 454.
(pdftex.def)             Requested size: 56.9055pt x 20.55377pt.
 [197 <C:/Users/huang/workspace/MASG/Output_FI/2020_02_09_10_28_30_AM/MFA_MONTH
LY/CO_nat_gas/CO_nat_gas5-Recent-9.png> <C:/Users/huang/workspace/MASG/Output_F
I/2020_02_09_10_28_30_AM/MFA_MONTHLY/CO_nat_gas/CO_nat_gas5-Acient-9.png> <C:/U
sers/huang/workspace/MASG/Output_FI/2020_02_09_10_28_30_AM/MFA_MONTHLY/CO_nat_g
as/5_insample_residuals.png>]
File: C:/Users/huang/workspace/MASG/Output_FI/2020_02_09_10_28_30_AM/MFA_MONTHL
Y/CO_nat_gas/6_insample_diff.png Graphic file (type png)
<use C:/Users/huang/workspace/MASG/Output_FI/2020_02_09_10_28_30_AM/MFA_MONTHLY
/CO_nat_gas/6_insample_diff.png>
Package pdftex.def Info: C:/Users/huang/workspace/MASG/Output_FI/2020_02_09_10_
28_30_AM/MFA_MONTHLY/CO_nat_gas/6_insample_diff.png  used on input line 454.
(pdftex.def)             Requested size: 264.46837pt x 198.35715pt.

Underfull \hbox (badness 10000) in alignment at lines 454--454
[][] 
 []


Underfull \hbox (badness 10000) in alignment at lines 454--454
[] 
 []

File: C:/Users/huang/workspace/MASG/Output_FI/2020_02_09_10_28_30_AM/MFA_MONTHL
Y/CO_nat_gas/CO_nat_gas6-Recent-9.png Graphic file (type png)
<use C:/Users/huang/workspace/MASG/Output_FI/2020_02_09_10_28_30_AM/MFA_MONTHLY
/CO_nat_gas/CO_nat_gas6-Recent-9.png>
Package pdftex.def Info: C:/Users/huang/workspace/MASG/Output_FI/2020_02_09_10_
28_30_AM/MFA_MONTHLY/CO_nat_gas/CO_nat_gas6-Recent-9.png  used on input line 45
4.
(pdftex.def)             Requested size: 264.46837pt x 198.35715pt.
File: C:/Users/huang/workspace/MASG/Output_FI/2020_02_09_10_28_30_AM/MFA_MONTHL
Y/CO_nat_gas/CO_nat_gas6-Acient-9.png Graphic file (type png)
<use C:/Users/huang/workspace/MASG/Output_FI/2020_02_09_10_28_30_AM/MFA_MONTHLY
/CO_nat_gas/CO_nat_gas6-Acient-9.png>
Package pdftex.def Info: C:/Users/huang/workspace/MASG/Output_FI/2020_02_09_10_
28_30_AM/MFA_MONTHLY/CO_nat_gas/CO_nat_gas6-Acient-9.png  used on input line 45
4.
(pdftex.def)             Requested size: 264.46837pt x 198.35715pt.
File: C:/Users/huang/workspace/MASG/Output_FI/2020_02_09_10_28_30_AM/MFA_MONTHL
Y/CO_nat_gas/6_insample_residuals.png Graphic file (type png)
<use C:/Users/huang/workspace/MASG/Output_FI/2020_02_09_10_28_30_AM/MFA_MONTHLY
/CO_nat_gas/6_insample_residuals.png>
Package pdftex.def Info: C:/Users/huang/workspace/MASG/Output_FI/2020_02_09_10_
28_30_AM/MFA_MONTHLY/CO_nat_gas/6_insample_residuals.png  used on input line 45
4.
(pdftex.def)             Requested size: 264.46837pt x 198.35715pt.

Overfull \hbox (23.99998pt too wide) in alignment at lines 454--454
[][] 
 []


Overfull \hbox (15.0pt too wide) in paragraph at lines 454--454
[][] 
 []

File: ./Picture/Logo.png Graphic file (type png)
<use ./Picture/Logo.png>
Package pdftex.def Info: ./Picture/Logo.png  used on input line 454.
(pdftex.def)             Requested size: 56.9055pt x 20.55377pt.
[198 <C:/Users/huang/workspace/MASG/Output_FI/2020_02_09_10_28_30_AM/MFA_MONTHL
Y/CO_nat_gas/6_insample_diff.png>]
File: ./Picture/Logo.png Graphic file (type png)
<use ./Picture/Logo.png>
Package pdftex.def Info: ./Picture/Logo.png  used on input line 454.
(pdftex.def)             Requested size: 56.9055pt x 20.55377pt.
 [199 <C:/Users/huang/workspace/MASG/Output_FI/2020_02_09_10_28_30_AM/MFA_MONTH
LY/CO_nat_gas/CO_nat_gas6-Recent-9.png> <C:/Users/huang/workspace/MASG/Output_F
I/2020_02_09_10_28_30_AM/MFA_MONTHLY/CO_nat_gas/CO_nat_gas6-Acient-9.png> <C:/U
sers/huang/workspace/MASG/Output_FI/2020_02_09_10_28_30_AM/MFA_MONTHLY/CO_nat_g
as/6_insample_residuals.png>]
File: C:/Users/huang/workspace/MASG/Output_FI/2020_02_09_10_28_30_AM/MFA_MONTHL
Y/CO_nat_gas/7_insample_diff.png Graphic file (type png)
<use C:/Users/huang/workspace/MASG/Output_FI/2020_02_09_10_28_30_AM/MFA_MONTHLY
/CO_nat_gas/7_insample_diff.png>
Package pdftex.def Info: C:/Users/huang/workspace/MASG/Output_FI/2020_02_09_10_
28_30_AM/MFA_MONTHLY/CO_nat_gas/7_insample_diff.png  used on input line 454.
(pdftex.def)             Requested size: 264.46837pt x 198.35715pt.

Underfull \hbox (badness 10000) in alignment at lines 454--454
[][] 
 []


Underfull \hbox (badness 10000) in alignment at lines 454--454
[] 
 []

File: C:/Users/huang/workspace/MASG/Output_FI/2020_02_09_10_28_30_AM/MFA_MONTHL
Y/CO_nat_gas/CO_nat_gas7-Recent-9.png Graphic file (type png)
<use C:/Users/huang/workspace/MASG/Output_FI/2020_02_09_10_28_30_AM/MFA_MONTHLY
/CO_nat_gas/CO_nat_gas7-Recent-9.png>
Package pdftex.def Info: C:/Users/huang/workspace/MASG/Output_FI/2020_02_09_10_
28_30_AM/MFA_MONTHLY/CO_nat_gas/CO_nat_gas7-Recent-9.png  used on input line 45
4.
(pdftex.def)             Requested size: 264.46837pt x 198.35715pt.
File: C:/Users/huang/workspace/MASG/Output_FI/2020_02_09_10_28_30_AM/MFA_MONTHL
Y/CO_nat_gas/CO_nat_gas7-Acient-9.png Graphic file (type png)
<use C:/Users/huang/workspace/MASG/Output_FI/2020_02_09_10_28_30_AM/MFA_MONTHLY
/CO_nat_gas/CO_nat_gas7-Acient-9.png>
Package pdftex.def Info: C:/Users/huang/workspace/MASG/Output_FI/2020_02_09_10_
28_30_AM/MFA_MONTHLY/CO_nat_gas/CO_nat_gas7-Acient-9.png  used on input line 45
4.
(pdftex.def)             Requested size: 264.46837pt x 198.35715pt.
File: C:/Users/huang/workspace/MASG/Output_FI/2020_02_09_10_28_30_AM/MFA_MONTHL
Y/CO_nat_gas/7_insample_residuals.png Graphic file (type png)
<use C:/Users/huang/workspace/MASG/Output_FI/2020_02_09_10_28_30_AM/MFA_MONTHLY
/CO_nat_gas/7_insample_residuals.png>
Package pdftex.def Info: C:/Users/huang/workspace/MASG/Output_FI/2020_02_09_10_
28_30_AM/MFA_MONTHLY/CO_nat_gas/7_insample_residuals.png  used on input line 45
4.
(pdftex.def)             Requested size: 264.46837pt x 198.35715pt.

Overfull \hbox (23.99998pt too wide) in alignment at lines 454--454
[][] 
 []


Overfull \hbox (15.0pt too wide) in paragraph at lines 454--454
[][] 
 []

File: ./Picture/Logo.png Graphic file (type png)
<use ./Picture/Logo.png>
Package pdftex.def Info: ./Picture/Logo.png  used on input line 454.
(pdftex.def)             Requested size: 56.9055pt x 20.55377pt.
[200 <C:/Users/huang/workspace/MASG/Output_FI/2020_02_09_10_28_30_AM/MFA_MONTHL
Y/CO_nat_gas/7_insample_diff.png>]
File: ./Picture/Logo.png Graphic file (type png)
<use ./Picture/Logo.png>
Package pdftex.def Info: ./Picture/Logo.png  used on input line 454.
(pdftex.def)             Requested size: 56.9055pt x 20.55377pt.
 [201 <C:/Users/huang/workspace/MASG/Output_FI/2020_02_09_10_28_30_AM/MFA_MONTH
LY/CO_nat_gas/CO_nat_gas7-Recent-9.png> <C:/Users/huang/workspace/MASG/Output_F
I/2020_02_09_10_28_30_AM/MFA_MONTHLY/CO_nat_gas/CO_nat_gas7-Acient-9.png> <C:/U
sers/huang/workspace/MASG/Output_FI/2020_02_09_10_28_30_AM/MFA_MONTHLY/CO_nat_g
as/7_insample_residuals.png>]
File: C:/Users/huang/workspace/MASG/Output_FI/2020_02_09_10_28_30_AM/MFA_MONTHL
Y/CO_nat_gas/8_insample_diff.png Graphic file (type png)
<use C:/Users/huang/workspace/MASG/Output_FI/2020_02_09_10_28_30_AM/MFA_MONTHLY
/CO_nat_gas/8_insample_diff.png>
Package pdftex.def Info: C:/Users/huang/workspace/MASG/Output_FI/2020_02_09_10_
28_30_AM/MFA_MONTHLY/CO_nat_gas/8_insample_diff.png  used on input line 454.
(pdftex.def)             Requested size: 264.46837pt x 198.35715pt.

Underfull \hbox (badness 10000) in alignment at lines 454--454
[][] 
 []


Underfull \hbox (badness 10000) in alignment at lines 454--454
[] 
 []

File: C:/Users/huang/workspace/MASG/Output_FI/2020_02_09_10_28_30_AM/MFA_MONTHL
Y/CO_nat_gas/CO_nat_gas8-Recent-9.png Graphic file (type png)
<use C:/Users/huang/workspace/MASG/Output_FI/2020_02_09_10_28_30_AM/MFA_MONTHLY
/CO_nat_gas/CO_nat_gas8-Recent-9.png>
Package pdftex.def Info: C:/Users/huang/workspace/MASG/Output_FI/2020_02_09_10_
28_30_AM/MFA_MONTHLY/CO_nat_gas/CO_nat_gas8-Recent-9.png  used on input line 45
4.
(pdftex.def)             Requested size: 264.46837pt x 198.35715pt.
File: C:/Users/huang/workspace/MASG/Output_FI/2020_02_09_10_28_30_AM/MFA_MONTHL
Y/CO_nat_gas/CO_nat_gas8-Acient-9.png Graphic file (type png)
<use C:/Users/huang/workspace/MASG/Output_FI/2020_02_09_10_28_30_AM/MFA_MONTHLY
/CO_nat_gas/CO_nat_gas8-Acient-9.png>
Package pdftex.def Info: C:/Users/huang/workspace/MASG/Output_FI/2020_02_09_10_
28_30_AM/MFA_MONTHLY/CO_nat_gas/CO_nat_gas8-Acient-9.png  used on input line 45
4.
(pdftex.def)             Requested size: 264.46837pt x 198.35715pt.
File: C:/Users/huang/workspace/MASG/Output_FI/2020_02_09_10_28_30_AM/MFA_MONTHL
Y/CO_nat_gas/8_insample_residuals.png Graphic file (type png)
<use C:/Users/huang/workspace/MASG/Output_FI/2020_02_09_10_28_30_AM/MFA_MONTHLY
/CO_nat_gas/8_insample_residuals.png>
Package pdftex.def Info: C:/Users/huang/workspace/MASG/Output_FI/2020_02_09_10_
28_30_AM/MFA_MONTHLY/CO_nat_gas/8_insample_residuals.png  used on input line 45
4.
(pdftex.def)             Requested size: 264.46837pt x 198.35715pt.

Overfull \hbox (23.99998pt too wide) in alignment at lines 454--454
[][] 
 []


Overfull \hbox (15.0pt too wide) in paragraph at lines 454--454
[][] 
 []

File: ./Picture/Logo.png Graphic file (type png)
<use ./Picture/Logo.png>
Package pdftex.def Info: ./Picture/Logo.png  used on input line 454.
(pdftex.def)             Requested size: 56.9055pt x 20.55377pt.
[202 <C:/Users/huang/workspace/MASG/Output_FI/2020_02_09_10_28_30_AM/MFA_MONTHL
Y/CO_nat_gas/8_insample_diff.png>]
File: ./Picture/Logo.png Graphic file (type png)
<use ./Picture/Logo.png>
Package pdftex.def Info: ./Picture/Logo.png  used on input line 454.
(pdftex.def)             Requested size: 56.9055pt x 20.55377pt.
 [203 <C:/Users/huang/workspace/MASG/Output_FI/2020_02_09_10_28_30_AM/MFA_MONTH
LY/CO_nat_gas/CO_nat_gas8-Recent-9.png> <C:/Users/huang/workspace/MASG/Output_F
I/2020_02_09_10_28_30_AM/MFA_MONTHLY/CO_nat_gas/CO_nat_gas8-Acient-9.png> <C:/U
sers/huang/workspace/MASG/Output_FI/2020_02_09_10_28_30_AM/MFA_MONTHLY/CO_nat_g
as/8_insample_residuals.png>]
File: C:/Users/huang/workspace/MASG/Output_FI/2020_02_09_10_28_30_AM/MFA_MONTHL
Y/CO_nat_gas/9_insample_diff.png Graphic file (type png)
<use C:/Users/huang/workspace/MASG/Output_FI/2020_02_09_10_28_30_AM/MFA_MONTHLY
/CO_nat_gas/9_insample_diff.png>
Package pdftex.def Info: C:/Users/huang/workspace/MASG/Output_FI/2020_02_09_10_
28_30_AM/MFA_MONTHLY/CO_nat_gas/9_insample_diff.png  used on input line 454.
(pdftex.def)             Requested size: 264.46837pt x 198.35715pt.

Underfull \hbox (badness 10000) in alignment at lines 454--454
[][] 
 []


Underfull \hbox (badness 10000) in alignment at lines 454--454
[] 
 []

File: C:/Users/huang/workspace/MASG/Output_FI/2020_02_09_10_28_30_AM/MFA_MONTHL
Y/CO_nat_gas/CO_nat_gas9-Recent-9.png Graphic file (type png)
<use C:/Users/huang/workspace/MASG/Output_FI/2020_02_09_10_28_30_AM/MFA_MONTHLY
/CO_nat_gas/CO_nat_gas9-Recent-9.png>
Package pdftex.def Info: C:/Users/huang/workspace/MASG/Output_FI/2020_02_09_10_
28_30_AM/MFA_MONTHLY/CO_nat_gas/CO_nat_gas9-Recent-9.png  used on input line 45
4.
(pdftex.def)             Requested size: 264.46837pt x 198.35715pt.
File: C:/Users/huang/workspace/MASG/Output_FI/2020_02_09_10_28_30_AM/MFA_MONTHL
Y/CO_nat_gas/CO_nat_gas9-Acient-9.png Graphic file (type png)
<use C:/Users/huang/workspace/MASG/Output_FI/2020_02_09_10_28_30_AM/MFA_MONTHLY
/CO_nat_gas/CO_nat_gas9-Acient-9.png>
Package pdftex.def Info: C:/Users/huang/workspace/MASG/Output_FI/2020_02_09_10_
28_30_AM/MFA_MONTHLY/CO_nat_gas/CO_nat_gas9-Acient-9.png  used on input line 45
4.
(pdftex.def)             Requested size: 264.46837pt x 198.35715pt.
File: C:/Users/huang/workspace/MASG/Output_FI/2020_02_09_10_28_30_AM/MFA_MONTHL
Y/CO_nat_gas/9_insample_residuals.png Graphic file (type png)
<use C:/Users/huang/workspace/MASG/Output_FI/2020_02_09_10_28_30_AM/MFA_MONTHLY
/CO_nat_gas/9_insample_residuals.png>
Package pdftex.def Info: C:/Users/huang/workspace/MASG/Output_FI/2020_02_09_10_
28_30_AM/MFA_MONTHLY/CO_nat_gas/9_insample_residuals.png  used on input line 45
4.
(pdftex.def)             Requested size: 264.46837pt x 198.35715pt.

Overfull \hbox (23.99998pt too wide) in alignment at lines 454--454
[][] 
 []


Overfull \hbox (15.0pt too wide) in paragraph at lines 454--454
[][] 
 []

File: ./Picture/Logo.png Graphic file (type png)
<use ./Picture/Logo.png>
Package pdftex.def Info: ./Picture/Logo.png  used on input line 454.
(pdftex.def)             Requested size: 56.9055pt x 20.55377pt.
[204 <C:/Users/huang/workspace/MASG/Output_FI/2020_02_09_10_28_30_AM/MFA_MONTHL
Y/CO_nat_gas/9_insample_diff.png>]
File: ./Picture/Logo.png Graphic file (type png)
<use ./Picture/Logo.png>
Package pdftex.def Info: ./Picture/Logo.png  used on input line 454.
(pdftex.def)             Requested size: 56.9055pt x 20.55377pt.
 [205 <C:/Users/huang/workspace/MASG/Output_FI/2020_02_09_10_28_30_AM/MFA_MONTH
LY/CO_nat_gas/CO_nat_gas9-Recent-9.png> <C:/Users/huang/workspace/MASG/Output_F
I/2020_02_09_10_28_30_AM/MFA_MONTHLY/CO_nat_gas/CO_nat_gas9-Acient-9.png> <C:/U
sers/huang/workspace/MASG/Output_FI/2020_02_09_10_28_30_AM/MFA_MONTHLY/CO_nat_g
as/9_insample_residuals.png>]
File: C:/Users/huang/workspace/MASG/Output_FI/2020_02_09_10_28_30_AM/MFA_MONTHL
Y/CO_nat_gas/10_insample_diff.png Graphic file (type png)
<use C:/Users/huang/workspace/MASG/Output_FI/2020_02_09_10_28_30_AM/MFA_MONTHLY
/CO_nat_gas/10_insample_diff.png>
Package pdftex.def Info: C:/Users/huang/workspace/MASG/Output_FI/2020_02_09_10_
28_30_AM/MFA_MONTHLY/CO_nat_gas/10_insample_diff.png  used on input line 454.
(pdftex.def)             Requested size: 264.46837pt x 198.35715pt.

Underfull \hbox (badness 10000) in alignment at lines 454--454
[][] 
 []


Underfull \hbox (badness 10000) in alignment at lines 454--454
[] 
 []

File: C:/Users/huang/workspace/MASG/Output_FI/2020_02_09_10_28_30_AM/MFA_MONTHL
Y/CO_nat_gas/CO_nat_gas10-Recent-9.png Graphic file (type png)
<use C:/Users/huang/workspace/MASG/Output_FI/2020_02_09_10_28_30_AM/MFA_MONTHLY
/CO_nat_gas/CO_nat_gas10-Recent-9.png>
Package pdftex.def Info: C:/Users/huang/workspace/MASG/Output_FI/2020_02_09_10_
28_30_AM/MFA_MONTHLY/CO_nat_gas/CO_nat_gas10-Recent-9.png  used on input line 4
54.
(pdftex.def)             Requested size: 264.46837pt x 198.35715pt.
File: C:/Users/huang/workspace/MASG/Output_FI/2020_02_09_10_28_30_AM/MFA_MONTHL
Y/CO_nat_gas/CO_nat_gas10-Acient-9.png Graphic file (type png)
<use C:/Users/huang/workspace/MASG/Output_FI/2020_02_09_10_28_30_AM/MFA_MONTHLY
/CO_nat_gas/CO_nat_gas10-Acient-9.png>
Package pdftex.def Info: C:/Users/huang/workspace/MASG/Output_FI/2020_02_09_10_
28_30_AM/MFA_MONTHLY/CO_nat_gas/CO_nat_gas10-Acient-9.png  used on input line 4
54.
(pdftex.def)             Requested size: 264.46837pt x 198.35715pt.
File: C:/Users/huang/workspace/MASG/Output_FI/2020_02_09_10_28_30_AM/MFA_MONTHL
Y/CO_nat_gas/10_insample_residuals.png Graphic file (type png)
<use C:/Users/huang/workspace/MASG/Output_FI/2020_02_09_10_28_30_AM/MFA_MONTHLY
/CO_nat_gas/10_insample_residuals.png>
Package pdftex.def Info: C:/Users/huang/workspace/MASG/Output_FI/2020_02_09_10_
28_30_AM/MFA_MONTHLY/CO_nat_gas/10_insample_residuals.png  used on input line 4
54.
(pdftex.def)             Requested size: 264.46837pt x 198.35715pt.

Overfull \hbox (23.99998pt too wide) in alignment at lines 454--454
[][] 
 []


Overfull \hbox (15.0pt too wide) in paragraph at lines 454--454
[][] 
 []

File: ./Picture/Logo.png Graphic file (type png)
<use ./Picture/Logo.png>
Package pdftex.def Info: ./Picture/Logo.png  used on input line 454.
(pdftex.def)             Requested size: 56.9055pt x 20.55377pt.
[206 <C:/Users/huang/workspace/MASG/Output_FI/2020_02_09_10_28_30_AM/MFA_MONTHL
Y/CO_nat_gas/10_insample_diff.png>]
File: ./Picture/Logo.png Graphic file (type png)
<use ./Picture/Logo.png>
Package pdftex.def Info: ./Picture/Logo.png  used on input line 454.
(pdftex.def)             Requested size: 56.9055pt x 20.55377pt.
 [207 <C:/Users/huang/workspace/MASG/Output_FI/2020_02_09_10_28_30_AM/MFA_MONTH
LY/CO_nat_gas/CO_nat_gas10-Recent-9.png> <C:/Users/huang/workspace/MASG/Output_
FI/2020_02_09_10_28_30_AM/MFA_MONTHLY/CO_nat_gas/CO_nat_gas10-Acient-9.png> <C:
/Users/huang/workspace/MASG/Output_FI/2020_02_09_10_28_30_AM/MFA_MONTHLY/CO_nat
_gas/10_insample_residuals.png>]
File: C:/Users/huang/workspace/MASG/Output_FI/2020_02_09_10_28_30_AM/MFA_MONTHL
Y/CO_nat_gas/11_insample_diff.png Graphic file (type png)
<use C:/Users/huang/workspace/MASG/Output_FI/2020_02_09_10_28_30_AM/MFA_MONTHLY
/CO_nat_gas/11_insample_diff.png>
Package pdftex.def Info: C:/Users/huang/workspace/MASG/Output_FI/2020_02_09_10_
28_30_AM/MFA_MONTHLY/CO_nat_gas/11_insample_diff.png  used on input line 454.
(pdftex.def)             Requested size: 264.46837pt x 198.35715pt.

Underfull \hbox (badness 10000) in alignment at lines 454--454
[][] 
 []


Underfull \hbox (badness 10000) in alignment at lines 454--454
[] 
 []

File: C:/Users/huang/workspace/MASG/Output_FI/2020_02_09_10_28_30_AM/MFA_MONTHL
Y/CO_nat_gas/CO_nat_gas11-Recent-9.png Graphic file (type png)
<use C:/Users/huang/workspace/MASG/Output_FI/2020_02_09_10_28_30_AM/MFA_MONTHLY
/CO_nat_gas/CO_nat_gas11-Recent-9.png>
Package pdftex.def Info: C:/Users/huang/workspace/MASG/Output_FI/2020_02_09_10_
28_30_AM/MFA_MONTHLY/CO_nat_gas/CO_nat_gas11-Recent-9.png  used on input line 4
54.
(pdftex.def)             Requested size: 264.46837pt x 198.35715pt.
File: C:/Users/huang/workspace/MASG/Output_FI/2020_02_09_10_28_30_AM/MFA_MONTHL
Y/CO_nat_gas/CO_nat_gas11-Acient-9.png Graphic file (type png)
<use C:/Users/huang/workspace/MASG/Output_FI/2020_02_09_10_28_30_AM/MFA_MONTHLY
/CO_nat_gas/CO_nat_gas11-Acient-9.png>
Package pdftex.def Info: C:/Users/huang/workspace/MASG/Output_FI/2020_02_09_10_
28_30_AM/MFA_MONTHLY/CO_nat_gas/CO_nat_gas11-Acient-9.png  used on input line 4
54.
(pdftex.def)             Requested size: 264.46837pt x 198.35715pt.
File: C:/Users/huang/workspace/MASG/Output_FI/2020_02_09_10_28_30_AM/MFA_MONTHL
Y/CO_nat_gas/11_insample_residuals.png Graphic file (type png)
<use C:/Users/huang/workspace/MASG/Output_FI/2020_02_09_10_28_30_AM/MFA_MONTHLY
/CO_nat_gas/11_insample_residuals.png>
Package pdftex.def Info: C:/Users/huang/workspace/MASG/Output_FI/2020_02_09_10_
28_30_AM/MFA_MONTHLY/CO_nat_gas/11_insample_residuals.png  used on input line 4
54.
(pdftex.def)             Requested size: 264.46837pt x 198.35715pt.

Overfull \hbox (23.99998pt too wide) in alignment at lines 454--454
[][] 
 []


Overfull \hbox (15.0pt too wide) in paragraph at lines 454--454
[][] 
 []

File: ./Picture/Logo.png Graphic file (type png)
<use ./Picture/Logo.png>
Package pdftex.def Info: ./Picture/Logo.png  used on input line 454.
(pdftex.def)             Requested size: 56.9055pt x 20.55377pt.
[208 <C:/Users/huang/workspace/MASG/Output_FI/2020_02_09_10_28_30_AM/MFA_MONTHL
Y/CO_nat_gas/11_insample_diff.png>]
File: ./Picture/Logo.png Graphic file (type png)
<use ./Picture/Logo.png>
Package pdftex.def Info: ./Picture/Logo.png  used on input line 454.
(pdftex.def)             Requested size: 56.9055pt x 20.55377pt.
 [209 <C:/Users/huang/workspace/MASG/Output_FI/2020_02_09_10_28_30_AM/MFA_MONTH
LY/CO_nat_gas/CO_nat_gas11-Recent-9.png> <C:/Users/huang/workspace/MASG/Output_
FI/2020_02_09_10_28_30_AM/MFA_MONTHLY/CO_nat_gas/CO_nat_gas11-Acient-9.png> <C:
/Users/huang/workspace/MASG/Output_FI/2020_02_09_10_28_30_AM/MFA_MONTHLY/CO_nat
_gas/11_insample_residuals.png>]
File: C:/Users/huang/workspace/MASG/Output_FI/2020_02_09_10_28_30_AM/MFA_MONTHL
Y/CO_nat_gas/12_insample_diff.png Graphic file (type png)
<use C:/Users/huang/workspace/MASG/Output_FI/2020_02_09_10_28_30_AM/MFA_MONTHLY
/CO_nat_gas/12_insample_diff.png>
Package pdftex.def Info: C:/Users/huang/workspace/MASG/Output_FI/2020_02_09_10_
28_30_AM/MFA_MONTHLY/CO_nat_gas/12_insample_diff.png  used on input line 454.
(pdftex.def)             Requested size: 264.46837pt x 198.35715pt.

Underfull \hbox (badness 10000) in alignment at lines 454--454
[][] 
 []


Underfull \hbox (badness 10000) in alignment at lines 454--454
[] 
 []

File: C:/Users/huang/workspace/MASG/Output_FI/2020_02_09_10_28_30_AM/MFA_MONTHL
Y/CO_nat_gas/CO_nat_gas12-Recent-9.png Graphic file (type png)
<use C:/Users/huang/workspace/MASG/Output_FI/2020_02_09_10_28_30_AM/MFA_MONTHLY
/CO_nat_gas/CO_nat_gas12-Recent-9.png>
Package pdftex.def Info: C:/Users/huang/workspace/MASG/Output_FI/2020_02_09_10_
28_30_AM/MFA_MONTHLY/CO_nat_gas/CO_nat_gas12-Recent-9.png  used on input line 4
54.
(pdftex.def)             Requested size: 264.46837pt x 198.35715pt.
File: C:/Users/huang/workspace/MASG/Output_FI/2020_02_09_10_28_30_AM/MFA_MONTHL
Y/CO_nat_gas/CO_nat_gas12-Acient-9.png Graphic file (type png)
<use C:/Users/huang/workspace/MASG/Output_FI/2020_02_09_10_28_30_AM/MFA_MONTHLY
/CO_nat_gas/CO_nat_gas12-Acient-9.png>
Package pdftex.def Info: C:/Users/huang/workspace/MASG/Output_FI/2020_02_09_10_
28_30_AM/MFA_MONTHLY/CO_nat_gas/CO_nat_gas12-Acient-9.png  used on input line 4
54.
(pdftex.def)             Requested size: 264.46837pt x 198.35715pt.
File: C:/Users/huang/workspace/MASG/Output_FI/2020_02_09_10_28_30_AM/MFA_MONTHL
Y/CO_nat_gas/12_insample_residuals.png Graphic file (type png)
<use C:/Users/huang/workspace/MASG/Output_FI/2020_02_09_10_28_30_AM/MFA_MONTHLY
/CO_nat_gas/12_insample_residuals.png>
Package pdftex.def Info: C:/Users/huang/workspace/MASG/Output_FI/2020_02_09_10_
28_30_AM/MFA_MONTHLY/CO_nat_gas/12_insample_residuals.png  used on input line 4
54.
(pdftex.def)             Requested size: 264.46837pt x 198.35715pt.

Overfull \hbox (23.99998pt too wide) in alignment at lines 454--454
[][] 
 []


Overfull \hbox (15.0pt too wide) in paragraph at lines 454--454
[][] 
 []

File: ./Picture/Logo.png Graphic file (type png)
<use ./Picture/Logo.png>
Package pdftex.def Info: ./Picture/Logo.png  used on input line 454.
(pdftex.def)             Requested size: 56.9055pt x 20.55377pt.
[210 <C:/Users/huang/workspace/MASG/Output_FI/2020_02_09_10_28_30_AM/MFA_MONTHL
Y/CO_nat_gas/12_insample_diff.png>]
File: ./Picture/Logo.png Graphic file (type png)
<use ./Picture/Logo.png>
Package pdftex.def Info: ./Picture/Logo.png  used on input line 454.
(pdftex.def)             Requested size: 56.9055pt x 20.55377pt.
 [211 <C:/Users/huang/workspace/MASG/Output_FI/2020_02_09_10_28_30_AM/MFA_MONTH
LY/CO_nat_gas/CO_nat_gas12-Recent-9.png> <C:/Users/huang/workspace/MASG/Output_
FI/2020_02_09_10_28_30_AM/MFA_MONTHLY/CO_nat_gas/CO_nat_gas12-Acient-9.png> <C:
/Users/huang/workspace/MASG/Output_FI/2020_02_09_10_28_30_AM/MFA_MONTHLY/CO_nat
_gas/12_insample_residuals.png>]
File: C:/Users/huang/workspace/MASG/Output_FI/2020_02_09_10_28_30_AM/MFA_MONTHL
Y/CO_nat_gas/13_insample_diff.png Graphic file (type png)
<use C:/Users/huang/workspace/MASG/Output_FI/2020_02_09_10_28_30_AM/MFA_MONTHLY
/CO_nat_gas/13_insample_diff.png>
Package pdftex.def Info: C:/Users/huang/workspace/MASG/Output_FI/2020_02_09_10_
28_30_AM/MFA_MONTHLY/CO_nat_gas/13_insample_diff.png  used on input line 454.
(pdftex.def)             Requested size: 264.46837pt x 198.35715pt.

Underfull \hbox (badness 10000) in alignment at lines 454--454
[][] 
 []


Underfull \hbox (badness 10000) in alignment at lines 454--454
[] 
 []

File: C:/Users/huang/workspace/MASG/Output_FI/2020_02_09_10_28_30_AM/MFA_MONTHL
Y/CO_nat_gas/CO_nat_gas13-Recent-9.png Graphic file (type png)
<use C:/Users/huang/workspace/MASG/Output_FI/2020_02_09_10_28_30_AM/MFA_MONTHLY
/CO_nat_gas/CO_nat_gas13-Recent-9.png>
Package pdftex.def Info: C:/Users/huang/workspace/MASG/Output_FI/2020_02_09_10_
28_30_AM/MFA_MONTHLY/CO_nat_gas/CO_nat_gas13-Recent-9.png  used on input line 4
54.
(pdftex.def)             Requested size: 264.46837pt x 198.35715pt.
File: C:/Users/huang/workspace/MASG/Output_FI/2020_02_09_10_28_30_AM/MFA_MONTHL
Y/CO_nat_gas/CO_nat_gas13-Acient-9.png Graphic file (type png)
<use C:/Users/huang/workspace/MASG/Output_FI/2020_02_09_10_28_30_AM/MFA_MONTHLY
/CO_nat_gas/CO_nat_gas13-Acient-9.png>
Package pdftex.def Info: C:/Users/huang/workspace/MASG/Output_FI/2020_02_09_10_
28_30_AM/MFA_MONTHLY/CO_nat_gas/CO_nat_gas13-Acient-9.png  used on input line 4
54.
(pdftex.def)             Requested size: 264.46837pt x 198.35715pt.
File: C:/Users/huang/workspace/MASG/Output_FI/2020_02_09_10_28_30_AM/MFA_MONTHL
Y/CO_nat_gas/13_insample_residuals.png Graphic file (type png)
<use C:/Users/huang/workspace/MASG/Output_FI/2020_02_09_10_28_30_AM/MFA_MONTHLY
/CO_nat_gas/13_insample_residuals.png>
Package pdftex.def Info: C:/Users/huang/workspace/MASG/Output_FI/2020_02_09_10_
28_30_AM/MFA_MONTHLY/CO_nat_gas/13_insample_residuals.png  used on input line 4
54.
(pdftex.def)             Requested size: 264.46837pt x 198.35715pt.

Overfull \hbox (23.99998pt too wide) in alignment at lines 454--454
[][] 
 []


Overfull \hbox (15.0pt too wide) in paragraph at lines 454--454
[][] 
 []

File: ./Picture/Logo.png Graphic file (type png)
<use ./Picture/Logo.png>
Package pdftex.def Info: ./Picture/Logo.png  used on input line 454.
(pdftex.def)             Requested size: 56.9055pt x 20.55377pt.
[212 <C:/Users/huang/workspace/MASG/Output_FI/2020_02_09_10_28_30_AM/MFA_MONTHL
Y/CO_nat_gas/13_insample_diff.png>]
File: ./Picture/Logo.png Graphic file (type png)
<use ./Picture/Logo.png>
Package pdftex.def Info: ./Picture/Logo.png  used on input line 454.
(pdftex.def)             Requested size: 56.9055pt x 20.55377pt.
 [213 <C:/Users/huang/workspace/MASG/Output_FI/2020_02_09_10_28_30_AM/MFA_MONTH
LY/CO_nat_gas/CO_nat_gas13-Recent-9.png> <C:/Users/huang/workspace/MASG/Output_
FI/2020_02_09_10_28_30_AM/MFA_MONTHLY/CO_nat_gas/CO_nat_gas13-Acient-9.png> <C:
/Users/huang/workspace/MASG/Output_FI/2020_02_09_10_28_30_AM/MFA_MONTHLY/CO_nat
_gas/13_insample_residuals.png>]
File: C:/Users/huang/workspace/MASG/Output_FI/2020_02_09_10_28_30_AM/MFA_MONTHL
Y/CO_nat_gas/14_insample_diff.png Graphic file (type png)
<use C:/Users/huang/workspace/MASG/Output_FI/2020_02_09_10_28_30_AM/MFA_MONTHLY
/CO_nat_gas/14_insample_diff.png>
Package pdftex.def Info: C:/Users/huang/workspace/MASG/Output_FI/2020_02_09_10_
28_30_AM/MFA_MONTHLY/CO_nat_gas/14_insample_diff.png  used on input line 454.
(pdftex.def)             Requested size: 264.46837pt x 198.35715pt.

Underfull \hbox (badness 10000) in alignment at lines 454--454
[][] 
 []


Underfull \hbox (badness 10000) in alignment at lines 454--454
[] 
 []

File: C:/Users/huang/workspace/MASG/Output_FI/2020_02_09_10_28_30_AM/MFA_MONTHL
Y/CO_nat_gas/CO_nat_gas14-Recent-9.png Graphic file (type png)
<use C:/Users/huang/workspace/MASG/Output_FI/2020_02_09_10_28_30_AM/MFA_MONTHLY
/CO_nat_gas/CO_nat_gas14-Recent-9.png>
Package pdftex.def Info: C:/Users/huang/workspace/MASG/Output_FI/2020_02_09_10_
28_30_AM/MFA_MONTHLY/CO_nat_gas/CO_nat_gas14-Recent-9.png  used on input line 4
54.
(pdftex.def)             Requested size: 264.46837pt x 198.35715pt.
File: C:/Users/huang/workspace/MASG/Output_FI/2020_02_09_10_28_30_AM/MFA_MONTHL
Y/CO_nat_gas/CO_nat_gas14-Acient-9.png Graphic file (type png)
<use C:/Users/huang/workspace/MASG/Output_FI/2020_02_09_10_28_30_AM/MFA_MONTHLY
/CO_nat_gas/CO_nat_gas14-Acient-9.png>
Package pdftex.def Info: C:/Users/huang/workspace/MASG/Output_FI/2020_02_09_10_
28_30_AM/MFA_MONTHLY/CO_nat_gas/CO_nat_gas14-Acient-9.png  used on input line 4
54.
(pdftex.def)             Requested size: 264.46837pt x 198.35715pt.
File: C:/Users/huang/workspace/MASG/Output_FI/2020_02_09_10_28_30_AM/MFA_MONTHL
Y/CO_nat_gas/14_insample_residuals.png Graphic file (type png)
<use C:/Users/huang/workspace/MASG/Output_FI/2020_02_09_10_28_30_AM/MFA_MONTHLY
/CO_nat_gas/14_insample_residuals.png>
Package pdftex.def Info: C:/Users/huang/workspace/MASG/Output_FI/2020_02_09_10_
28_30_AM/MFA_MONTHLY/CO_nat_gas/14_insample_residuals.png  used on input line 4
54.
(pdftex.def)             Requested size: 264.46837pt x 198.35715pt.

Overfull \hbox (23.99998pt too wide) in alignment at lines 454--454
[][] 
 []


Overfull \hbox (15.0pt too wide) in paragraph at lines 454--454
[][] 
 []

File: ./Picture/Logo.png Graphic file (type png)
<use ./Picture/Logo.png>
Package pdftex.def Info: ./Picture/Logo.png  used on input line 454.
(pdftex.def)             Requested size: 56.9055pt x 20.55377pt.
[214 <C:/Users/huang/workspace/MASG/Output_FI/2020_02_09_10_28_30_AM/MFA_MONTHL
Y/CO_nat_gas/14_insample_diff.png>]
File: ./Picture/Logo.png Graphic file (type png)
<use ./Picture/Logo.png>
Package pdftex.def Info: ./Picture/Logo.png  used on input line 454.
(pdftex.def)             Requested size: 56.9055pt x 20.55377pt.
 [215 <C:/Users/huang/workspace/MASG/Output_FI/2020_02_09_10_28_30_AM/MFA_MONTH
LY/CO_nat_gas/CO_nat_gas14-Recent-9.png> <C:/Users/huang/workspace/MASG/Output_
FI/2020_02_09_10_28_30_AM/MFA_MONTHLY/CO_nat_gas/CO_nat_gas14-Acient-9.png> <C:
/Users/huang/workspace/MASG/Output_FI/2020_02_09_10_28_30_AM/MFA_MONTHLY/CO_nat
_gas/14_insample_residuals.png>]
File: C:/Users/huang/workspace/MASG/Output_FI/2020_02_09_10_28_30_AM/MFA_MONTHL
Y/CO_nat_gas/15_insample_diff.png Graphic file (type png)
<use C:/Users/huang/workspace/MASG/Output_FI/2020_02_09_10_28_30_AM/MFA_MONTHLY
/CO_nat_gas/15_insample_diff.png>
Package pdftex.def Info: C:/Users/huang/workspace/MASG/Output_FI/2020_02_09_10_
28_30_AM/MFA_MONTHLY/CO_nat_gas/15_insample_diff.png  used on input line 454.
(pdftex.def)             Requested size: 264.46837pt x 198.35715pt.

Underfull \hbox (badness 10000) in alignment at lines 454--454
[][] 
 []


Underfull \hbox (badness 10000) in alignment at lines 454--454
[] 
 []

File: C:/Users/huang/workspace/MASG/Output_FI/2020_02_09_10_28_30_AM/MFA_MONTHL
Y/CO_nat_gas/CO_nat_gas15-Recent-9.png Graphic file (type png)
<use C:/Users/huang/workspace/MASG/Output_FI/2020_02_09_10_28_30_AM/MFA_MONTHLY
/CO_nat_gas/CO_nat_gas15-Recent-9.png>
Package pdftex.def Info: C:/Users/huang/workspace/MASG/Output_FI/2020_02_09_10_
28_30_AM/MFA_MONTHLY/CO_nat_gas/CO_nat_gas15-Recent-9.png  used on input line 4
54.
(pdftex.def)             Requested size: 264.46837pt x 198.35715pt.
File: C:/Users/huang/workspace/MASG/Output_FI/2020_02_09_10_28_30_AM/MFA_MONTHL
Y/CO_nat_gas/CO_nat_gas15-Acient-9.png Graphic file (type png)
<use C:/Users/huang/workspace/MASG/Output_FI/2020_02_09_10_28_30_AM/MFA_MONTHLY
/CO_nat_gas/CO_nat_gas15-Acient-9.png>
Package pdftex.def Info: C:/Users/huang/workspace/MASG/Output_FI/2020_02_09_10_
28_30_AM/MFA_MONTHLY/CO_nat_gas/CO_nat_gas15-Acient-9.png  used on input line 4
54.
(pdftex.def)             Requested size: 264.46837pt x 198.35715pt.
File: C:/Users/huang/workspace/MASG/Output_FI/2020_02_09_10_28_30_AM/MFA_MONTHL
Y/CO_nat_gas/15_insample_residuals.png Graphic file (type png)
<use C:/Users/huang/workspace/MASG/Output_FI/2020_02_09_10_28_30_AM/MFA_MONTHLY
/CO_nat_gas/15_insample_residuals.png>
Package pdftex.def Info: C:/Users/huang/workspace/MASG/Output_FI/2020_02_09_10_
28_30_AM/MFA_MONTHLY/CO_nat_gas/15_insample_residuals.png  used on input line 4
54.
(pdftex.def)             Requested size: 264.46837pt x 198.35715pt.

Overfull \hbox (23.99998pt too wide) in alignment at lines 454--454
[][] 
 []


Overfull \hbox (15.0pt too wide) in paragraph at lines 454--454
[][] 
 []

File: ./Picture/Logo.png Graphic file (type png)
<use ./Picture/Logo.png>
Package pdftex.def Info: ./Picture/Logo.png  used on input line 454.
(pdftex.def)             Requested size: 56.9055pt x 20.55377pt.
[216 <C:/Users/huang/workspace/MASG/Output_FI/2020_02_09_10_28_30_AM/MFA_MONTHL
Y/CO_nat_gas/15_insample_diff.png>]
File: ./Picture/Logo.png Graphic file (type png)
<use ./Picture/Logo.png>
Package pdftex.def Info: ./Picture/Logo.png  used on input line 454.
(pdftex.def)             Requested size: 56.9055pt x 20.55377pt.
 [217 <C:/Users/huang/workspace/MASG/Output_FI/2020_02_09_10_28_30_AM/MFA_MONTH
LY/CO_nat_gas/CO_nat_gas15-Recent-9.png> <C:/Users/huang/workspace/MASG/Output_
FI/2020_02_09_10_28_30_AM/MFA_MONTHLY/CO_nat_gas/CO_nat_gas15-Acient-9.png> <C:
/Users/huang/workspace/MASG/Output_FI/2020_02_09_10_28_30_AM/MFA_MONTHLY/CO_nat
_gas/15_insample_residuals.png>]
File: C:/Users/huang/workspace/MASG/Output_FI/2020_02_09_10_28_30_AM/MFA_MONTHL
Y/CO_nat_gas/16_insample_diff.png Graphic file (type png)
<use C:/Users/huang/workspace/MASG/Output_FI/2020_02_09_10_28_30_AM/MFA_MONTHLY
/CO_nat_gas/16_insample_diff.png>
Package pdftex.def Info: C:/Users/huang/workspace/MASG/Output_FI/2020_02_09_10_
28_30_AM/MFA_MONTHLY/CO_nat_gas/16_insample_diff.png  used on input line 454.
(pdftex.def)             Requested size: 264.46837pt x 198.35715pt.

Underfull \hbox (badness 10000) in alignment at lines 454--454
[][] 
 []


Underfull \hbox (badness 10000) in alignment at lines 454--454
[] 
 []

File: C:/Users/huang/workspace/MASG/Output_FI/2020_02_09_10_28_30_AM/MFA_MONTHL
Y/CO_nat_gas/CO_nat_gas16-Recent-9.png Graphic file (type png)
<use C:/Users/huang/workspace/MASG/Output_FI/2020_02_09_10_28_30_AM/MFA_MONTHLY
/CO_nat_gas/CO_nat_gas16-Recent-9.png>
Package pdftex.def Info: C:/Users/huang/workspace/MASG/Output_FI/2020_02_09_10_
28_30_AM/MFA_MONTHLY/CO_nat_gas/CO_nat_gas16-Recent-9.png  used on input line 4
54.
(pdftex.def)             Requested size: 264.46837pt x 198.35715pt.
File: C:/Users/huang/workspace/MASG/Output_FI/2020_02_09_10_28_30_AM/MFA_MONTHL
Y/CO_nat_gas/CO_nat_gas16-Acient-9.png Graphic file (type png)
<use C:/Users/huang/workspace/MASG/Output_FI/2020_02_09_10_28_30_AM/MFA_MONTHLY
/CO_nat_gas/CO_nat_gas16-Acient-9.png>
Package pdftex.def Info: C:/Users/huang/workspace/MASG/Output_FI/2020_02_09_10_
28_30_AM/MFA_MONTHLY/CO_nat_gas/CO_nat_gas16-Acient-9.png  used on input line 4
54.
(pdftex.def)             Requested size: 264.46837pt x 198.35715pt.
File: C:/Users/huang/workspace/MASG/Output_FI/2020_02_09_10_28_30_AM/MFA_MONTHL
Y/CO_nat_gas/16_insample_residuals.png Graphic file (type png)
<use C:/Users/huang/workspace/MASG/Output_FI/2020_02_09_10_28_30_AM/MFA_MONTHLY
/CO_nat_gas/16_insample_residuals.png>
Package pdftex.def Info: C:/Users/huang/workspace/MASG/Output_FI/2020_02_09_10_
28_30_AM/MFA_MONTHLY/CO_nat_gas/16_insample_residuals.png  used on input line 4
54.
(pdftex.def)             Requested size: 264.46837pt x 198.35715pt.

Overfull \hbox (23.99998pt too wide) in alignment at lines 454--454
[][] 
 []


Overfull \hbox (15.0pt too wide) in paragraph at lines 454--454
[][] 
 []

File: ./Picture/Logo.png Graphic file (type png)
<use ./Picture/Logo.png>
Package pdftex.def Info: ./Picture/Logo.png  used on input line 454.
(pdftex.def)             Requested size: 56.9055pt x 20.55377pt.
[218 <C:/Users/huang/workspace/MASG/Output_FI/2020_02_09_10_28_30_AM/MFA_MONTHL
Y/CO_nat_gas/16_insample_diff.png>]
File: ./Picture/Logo.png Graphic file (type png)
<use ./Picture/Logo.png>
Package pdftex.def Info: ./Picture/Logo.png  used on input line 454.
(pdftex.def)             Requested size: 56.9055pt x 20.55377pt.
 [219 <C:/Users/huang/workspace/MASG/Output_FI/2020_02_09_10_28_30_AM/MFA_MONTH
LY/CO_nat_gas/CO_nat_gas16-Recent-9.png> <C:/Users/huang/workspace/MASG/Output_
FI/2020_02_09_10_28_30_AM/MFA_MONTHLY/CO_nat_gas/CO_nat_gas16-Acient-9.png> <C:
/Users/huang/workspace/MASG/Output_FI/2020_02_09_10_28_30_AM/MFA_MONTHLY/CO_nat
_gas/16_insample_residuals.png>]
File: C:/Users/huang/workspace/MASG/Output_FI/2020_02_09_10_28_30_AM/MFA_MONTHL
Y/CO_nat_gas/17_insample_diff.png Graphic file (type png)
<use C:/Users/huang/workspace/MASG/Output_FI/2020_02_09_10_28_30_AM/MFA_MONTHLY
/CO_nat_gas/17_insample_diff.png>
Package pdftex.def Info: C:/Users/huang/workspace/MASG/Output_FI/2020_02_09_10_
28_30_AM/MFA_MONTHLY/CO_nat_gas/17_insample_diff.png  used on input line 454.
(pdftex.def)             Requested size: 264.46837pt x 198.35715pt.

Underfull \hbox (badness 10000) in alignment at lines 454--454
[][] 
 []


Underfull \hbox (badness 10000) in alignment at lines 454--454
[] 
 []

File: C:/Users/huang/workspace/MASG/Output_FI/2020_02_09_10_28_30_AM/MFA_MONTHL
Y/CO_nat_gas/CO_nat_gas17-Recent-9.png Graphic file (type png)
<use C:/Users/huang/workspace/MASG/Output_FI/2020_02_09_10_28_30_AM/MFA_MONTHLY
/CO_nat_gas/CO_nat_gas17-Recent-9.png>
Package pdftex.def Info: C:/Users/huang/workspace/MASG/Output_FI/2020_02_09_10_
28_30_AM/MFA_MONTHLY/CO_nat_gas/CO_nat_gas17-Recent-9.png  used on input line 4
54.
(pdftex.def)             Requested size: 264.46837pt x 198.35715pt.
File: C:/Users/huang/workspace/MASG/Output_FI/2020_02_09_10_28_30_AM/MFA_MONTHL
Y/CO_nat_gas/CO_nat_gas17-Acient-9.png Graphic file (type png)
<use C:/Users/huang/workspace/MASG/Output_FI/2020_02_09_10_28_30_AM/MFA_MONTHLY
/CO_nat_gas/CO_nat_gas17-Acient-9.png>
Package pdftex.def Info: C:/Users/huang/workspace/MASG/Output_FI/2020_02_09_10_
28_30_AM/MFA_MONTHLY/CO_nat_gas/CO_nat_gas17-Acient-9.png  used on input line 4
54.
(pdftex.def)             Requested size: 264.46837pt x 198.35715pt.
File: C:/Users/huang/workspace/MASG/Output_FI/2020_02_09_10_28_30_AM/MFA_MONTHL
Y/CO_nat_gas/17_insample_residuals.png Graphic file (type png)
<use C:/Users/huang/workspace/MASG/Output_FI/2020_02_09_10_28_30_AM/MFA_MONTHLY
/CO_nat_gas/17_insample_residuals.png>
Package pdftex.def Info: C:/Users/huang/workspace/MASG/Output_FI/2020_02_09_10_
28_30_AM/MFA_MONTHLY/CO_nat_gas/17_insample_residuals.png  used on input line 4
54.
(pdftex.def)             Requested size: 264.46837pt x 198.35715pt.

Overfull \hbox (23.99998pt too wide) in alignment at lines 454--454
[][] 
 []


Overfull \hbox (15.0pt too wide) in paragraph at lines 454--454
[][] 
 []

File: ./Picture/Logo.png Graphic file (type png)
<use ./Picture/Logo.png>
Package pdftex.def Info: ./Picture/Logo.png  used on input line 454.
(pdftex.def)             Requested size: 56.9055pt x 20.55377pt.
[220 <C:/Users/huang/workspace/MASG/Output_FI/2020_02_09_10_28_30_AM/MFA_MONTHL
Y/CO_nat_gas/17_insample_diff.png>]
File: ./Picture/Logo.png Graphic file (type png)
<use ./Picture/Logo.png>
Package pdftex.def Info: ./Picture/Logo.png  used on input line 454.
(pdftex.def)             Requested size: 56.9055pt x 20.55377pt.
 [221 <C:/Users/huang/workspace/MASG/Output_FI/2020_02_09_10_28_30_AM/MFA_MONTH
LY/CO_nat_gas/CO_nat_gas17-Recent-9.png> <C:/Users/huang/workspace/MASG/Output_
FI/2020_02_09_10_28_30_AM/MFA_MONTHLY/CO_nat_gas/CO_nat_gas17-Acient-9.png> <C:
/Users/huang/workspace/MASG/Output_FI/2020_02_09_10_28_30_AM/MFA_MONTHLY/CO_nat
_gas/17_insample_residuals.png>]
File: C:/Users/huang/workspace/MASG/Output_FI/2020_02_09_10_28_30_AM/MFA_MONTHL
Y/CO_nat_gas/18_insample_diff.png Graphic file (type png)
<use C:/Users/huang/workspace/MASG/Output_FI/2020_02_09_10_28_30_AM/MFA_MONTHLY
/CO_nat_gas/18_insample_diff.png>
Package pdftex.def Info: C:/Users/huang/workspace/MASG/Output_FI/2020_02_09_10_
28_30_AM/MFA_MONTHLY/CO_nat_gas/18_insample_diff.png  used on input line 454.
(pdftex.def)             Requested size: 264.46837pt x 198.35715pt.

Underfull \hbox (badness 10000) in alignment at lines 454--454
[][] 
 []


Underfull \hbox (badness 10000) in alignment at lines 454--454
[] 
 []

File: C:/Users/huang/workspace/MASG/Output_FI/2020_02_09_10_28_30_AM/MFA_MONTHL
Y/CO_nat_gas/CO_nat_gas18-Recent-9.png Graphic file (type png)
<use C:/Users/huang/workspace/MASG/Output_FI/2020_02_09_10_28_30_AM/MFA_MONTHLY
/CO_nat_gas/CO_nat_gas18-Recent-9.png>
Package pdftex.def Info: C:/Users/huang/workspace/MASG/Output_FI/2020_02_09_10_
28_30_AM/MFA_MONTHLY/CO_nat_gas/CO_nat_gas18-Recent-9.png  used on input line 4
54.
(pdftex.def)             Requested size: 264.46837pt x 198.35715pt.
File: C:/Users/huang/workspace/MASG/Output_FI/2020_02_09_10_28_30_AM/MFA_MONTHL
Y/CO_nat_gas/CO_nat_gas18-Acient-9.png Graphic file (type png)
<use C:/Users/huang/workspace/MASG/Output_FI/2020_02_09_10_28_30_AM/MFA_MONTHLY
/CO_nat_gas/CO_nat_gas18-Acient-9.png>
Package pdftex.def Info: C:/Users/huang/workspace/MASG/Output_FI/2020_02_09_10_
28_30_AM/MFA_MONTHLY/CO_nat_gas/CO_nat_gas18-Acient-9.png  used on input line 4
54.
(pdftex.def)             Requested size: 264.46837pt x 198.35715pt.
File: C:/Users/huang/workspace/MASG/Output_FI/2020_02_09_10_28_30_AM/MFA_MONTHL
Y/CO_nat_gas/18_insample_residuals.png Graphic file (type png)
<use C:/Users/huang/workspace/MASG/Output_FI/2020_02_09_10_28_30_AM/MFA_MONTHLY
/CO_nat_gas/18_insample_residuals.png>
Package pdftex.def Info: C:/Users/huang/workspace/MASG/Output_FI/2020_02_09_10_
28_30_AM/MFA_MONTHLY/CO_nat_gas/18_insample_residuals.png  used on input line 4
54.
(pdftex.def)             Requested size: 264.46837pt x 198.35715pt.

Overfull \hbox (23.99998pt too wide) in alignment at lines 454--454
[][] 
 []


Overfull \hbox (15.0pt too wide) in paragraph at lines 454--454
[][] 
 []

File: ./Picture/Logo.png Graphic file (type png)
<use ./Picture/Logo.png>
Package pdftex.def Info: ./Picture/Logo.png  used on input line 454.
(pdftex.def)             Requested size: 56.9055pt x 20.55377pt.
[222 <C:/Users/huang/workspace/MASG/Output_FI/2020_02_09_10_28_30_AM/MFA_MONTHL
Y/CO_nat_gas/18_insample_diff.png>]
File: ./Picture/Logo.png Graphic file (type png)
<use ./Picture/Logo.png>
Package pdftex.def Info: ./Picture/Logo.png  used on input line 454.
(pdftex.def)             Requested size: 56.9055pt x 20.55377pt.
 [223 <C:/Users/huang/workspace/MASG/Output_FI/2020_02_09_10_28_30_AM/MFA_MONTH
LY/CO_nat_gas/CO_nat_gas18-Recent-9.png> <C:/Users/huang/workspace/MASG/Output_
FI/2020_02_09_10_28_30_AM/MFA_MONTHLY/CO_nat_gas/CO_nat_gas18-Acient-9.png> <C:
/Users/huang/workspace/MASG/Output_FI/2020_02_09_10_28_30_AM/MFA_MONTHLY/CO_nat
_gas/18_insample_residuals.png>]
File: C:/Users/huang/workspace/MASG/Output_FI/2020_02_09_10_28_30_AM/MFA_MONTHL
Y/CO_nat_gas/19_insample_diff.png Graphic file (type png)
<use C:/Users/huang/workspace/MASG/Output_FI/2020_02_09_10_28_30_AM/MFA_MONTHLY
/CO_nat_gas/19_insample_diff.png>
Package pdftex.def Info: C:/Users/huang/workspace/MASG/Output_FI/2020_02_09_10_
28_30_AM/MFA_MONTHLY/CO_nat_gas/19_insample_diff.png  used on input line 454.
(pdftex.def)             Requested size: 264.46837pt x 198.35715pt.

Underfull \hbox (badness 10000) in alignment at lines 454--454
[][] 
 []


Underfull \hbox (badness 10000) in alignment at lines 454--454
[] 
 []

File: C:/Users/huang/workspace/MASG/Output_FI/2020_02_09_10_28_30_AM/MFA_MONTHL
Y/CO_nat_gas/CO_nat_gas19-Recent-9.png Graphic file (type png)
<use C:/Users/huang/workspace/MASG/Output_FI/2020_02_09_10_28_30_AM/MFA_MONTHLY
/CO_nat_gas/CO_nat_gas19-Recent-9.png>
Package pdftex.def Info: C:/Users/huang/workspace/MASG/Output_FI/2020_02_09_10_
28_30_AM/MFA_MONTHLY/CO_nat_gas/CO_nat_gas19-Recent-9.png  used on input line 4
54.
(pdftex.def)             Requested size: 264.46837pt x 198.35715pt.
File: C:/Users/huang/workspace/MASG/Output_FI/2020_02_09_10_28_30_AM/MFA_MONTHL
Y/CO_nat_gas/CO_nat_gas19-Acient-9.png Graphic file (type png)
<use C:/Users/huang/workspace/MASG/Output_FI/2020_02_09_10_28_30_AM/MFA_MONTHLY
/CO_nat_gas/CO_nat_gas19-Acient-9.png>
Package pdftex.def Info: C:/Users/huang/workspace/MASG/Output_FI/2020_02_09_10_
28_30_AM/MFA_MONTHLY/CO_nat_gas/CO_nat_gas19-Acient-9.png  used on input line 4
54.
(pdftex.def)             Requested size: 264.46837pt x 198.35715pt.
File: C:/Users/huang/workspace/MASG/Output_FI/2020_02_09_10_28_30_AM/MFA_MONTHL
Y/CO_nat_gas/19_insample_residuals.png Graphic file (type png)
<use C:/Users/huang/workspace/MASG/Output_FI/2020_02_09_10_28_30_AM/MFA_MONTHLY
/CO_nat_gas/19_insample_residuals.png>
Package pdftex.def Info: C:/Users/huang/workspace/MASG/Output_FI/2020_02_09_10_
28_30_AM/MFA_MONTHLY/CO_nat_gas/19_insample_residuals.png  used on input line 4
54.
(pdftex.def)             Requested size: 264.46837pt x 198.35715pt.

Overfull \hbox (23.99998pt too wide) in alignment at lines 454--454
[][] 
 []


Overfull \hbox (15.0pt too wide) in paragraph at lines 454--454
[][] 
 []

File: ./Picture/Logo.png Graphic file (type png)
<use ./Picture/Logo.png>
Package pdftex.def Info: ./Picture/Logo.png  used on input line 454.
(pdftex.def)             Requested size: 56.9055pt x 20.55377pt.
[224 <C:/Users/huang/workspace/MASG/Output_FI/2020_02_09_10_28_30_AM/MFA_MONTHL
Y/CO_nat_gas/19_insample_diff.png>]
File: ./Picture/Logo.png Graphic file (type png)
<use ./Picture/Logo.png>
Package pdftex.def Info: ./Picture/Logo.png  used on input line 454.
(pdftex.def)             Requested size: 56.9055pt x 20.55377pt.
 [225 <C:/Users/huang/workspace/MASG/Output_FI/2020_02_09_10_28_30_AM/MFA_MONTH
LY/CO_nat_gas/CO_nat_gas19-Recent-9.png> <C:/Users/huang/workspace/MASG/Output_
FI/2020_02_09_10_28_30_AM/MFA_MONTHLY/CO_nat_gas/CO_nat_gas19-Acient-9.png> <C:
/Users/huang/workspace/MASG/Output_FI/2020_02_09_10_28_30_AM/MFA_MONTHLY/CO_nat
_gas/19_insample_residuals.png>]
File: C:/Users/huang/workspace/MASG/Output_FI/2020_02_09_10_28_30_AM/MFA_MONTHL
Y/CO_nat_gas/20_insample_diff.png Graphic file (type png)
<use C:/Users/huang/workspace/MASG/Output_FI/2020_02_09_10_28_30_AM/MFA_MONTHLY
/CO_nat_gas/20_insample_diff.png>
Package pdftex.def Info: C:/Users/huang/workspace/MASG/Output_FI/2020_02_09_10_
28_30_AM/MFA_MONTHLY/CO_nat_gas/20_insample_diff.png  used on input line 454.
(pdftex.def)             Requested size: 264.46837pt x 198.35715pt.

Underfull \hbox (badness 10000) in alignment at lines 454--454
[][] 
 []


Underfull \hbox (badness 10000) in alignment at lines 454--454
[] 
 []

File: C:/Users/huang/workspace/MASG/Output_FI/2020_02_09_10_28_30_AM/MFA_MONTHL
Y/CO_nat_gas/CO_nat_gas20-Recent-9.png Graphic file (type png)
<use C:/Users/huang/workspace/MASG/Output_FI/2020_02_09_10_28_30_AM/MFA_MONTHLY
/CO_nat_gas/CO_nat_gas20-Recent-9.png>
Package pdftex.def Info: C:/Users/huang/workspace/MASG/Output_FI/2020_02_09_10_
28_30_AM/MFA_MONTHLY/CO_nat_gas/CO_nat_gas20-Recent-9.png  used on input line 4
54.
(pdftex.def)             Requested size: 264.46837pt x 198.35715pt.
File: C:/Users/huang/workspace/MASG/Output_FI/2020_02_09_10_28_30_AM/MFA_MONTHL
Y/CO_nat_gas/CO_nat_gas20-Acient-9.png Graphic file (type png)
<use C:/Users/huang/workspace/MASG/Output_FI/2020_02_09_10_28_30_AM/MFA_MONTHLY
/CO_nat_gas/CO_nat_gas20-Acient-9.png>
Package pdftex.def Info: C:/Users/huang/workspace/MASG/Output_FI/2020_02_09_10_
28_30_AM/MFA_MONTHLY/CO_nat_gas/CO_nat_gas20-Acient-9.png  used on input line 4
54.
(pdftex.def)             Requested size: 264.46837pt x 198.35715pt.
File: C:/Users/huang/workspace/MASG/Output_FI/2020_02_09_10_28_30_AM/MFA_MONTHL
Y/CO_nat_gas/20_insample_residuals.png Graphic file (type png)
<use C:/Users/huang/workspace/MASG/Output_FI/2020_02_09_10_28_30_AM/MFA_MONTHLY
/CO_nat_gas/20_insample_residuals.png>
Package pdftex.def Info: C:/Users/huang/workspace/MASG/Output_FI/2020_02_09_10_
28_30_AM/MFA_MONTHLY/CO_nat_gas/20_insample_residuals.png  used on input line 4
54.
(pdftex.def)             Requested size: 264.46837pt x 198.35715pt.

Overfull \hbox (23.99998pt too wide) in alignment at lines 454--454
[][] 
 []


Overfull \hbox (15.0pt too wide) in paragraph at lines 454--454
[][] 
 []

File: ./Picture/Logo.png Graphic file (type png)
<use ./Picture/Logo.png>
Package pdftex.def Info: ./Picture/Logo.png  used on input line 454.
(pdftex.def)             Requested size: 56.9055pt x 20.55377pt.
[226 <C:/Users/huang/workspace/MASG/Output_FI/2020_02_09_10_28_30_AM/MFA_MONTHL
Y/CO_nat_gas/20_insample_diff.png>]
File: ./Picture/Logo.png Graphic file (type png)
<use ./Picture/Logo.png>
Package pdftex.def Info: ./Picture/Logo.png  used on input line 454.
(pdftex.def)             Requested size: 56.9055pt x 20.55377pt.
 [227 <C:/Users/huang/workspace/MASG/Output_FI/2020_02_09_10_28_30_AM/MFA_MONTH
LY/CO_nat_gas/CO_nat_gas20-Recent-9.png> <C:/Users/huang/workspace/MASG/Output_
FI/2020_02_09_10_28_30_AM/MFA_MONTHLY/CO_nat_gas/CO_nat_gas20-Acient-9.png> <C:
/Users/huang/workspace/MASG/Output_FI/2020_02_09_10_28_30_AM/MFA_MONTHLY/CO_nat
_gas/20_insample_residuals.png>]
File: C:/Users/huang/workspace/MASG/Output_FI/2020_02_09_10_28_30_AM/MFA_MONTHL
Y/CO_nat_gas/21_insample_diff.png Graphic file (type png)
<use C:/Users/huang/workspace/MASG/Output_FI/2020_02_09_10_28_30_AM/MFA_MONTHLY
/CO_nat_gas/21_insample_diff.png>
Package pdftex.def Info: C:/Users/huang/workspace/MASG/Output_FI/2020_02_09_10_
28_30_AM/MFA_MONTHLY/CO_nat_gas/21_insample_diff.png  used on input line 454.
(pdftex.def)             Requested size: 264.46837pt x 198.35715pt.

Underfull \hbox (badness 10000) in alignment at lines 454--454
[][] 
 []


Underfull \hbox (badness 10000) in alignment at lines 454--454
[] 
 []

File: C:/Users/huang/workspace/MASG/Output_FI/2020_02_09_10_28_30_AM/MFA_MONTHL
Y/CO_nat_gas/CO_nat_gas21-Recent-9.png Graphic file (type png)
<use C:/Users/huang/workspace/MASG/Output_FI/2020_02_09_10_28_30_AM/MFA_MONTHLY
/CO_nat_gas/CO_nat_gas21-Recent-9.png>
Package pdftex.def Info: C:/Users/huang/workspace/MASG/Output_FI/2020_02_09_10_
28_30_AM/MFA_MONTHLY/CO_nat_gas/CO_nat_gas21-Recent-9.png  used on input line 4
54.
(pdftex.def)             Requested size: 264.46837pt x 198.35715pt.
File: C:/Users/huang/workspace/MASG/Output_FI/2020_02_09_10_28_30_AM/MFA_MONTHL
Y/CO_nat_gas/CO_nat_gas21-Acient-9.png Graphic file (type png)
<use C:/Users/huang/workspace/MASG/Output_FI/2020_02_09_10_28_30_AM/MFA_MONTHLY
/CO_nat_gas/CO_nat_gas21-Acient-9.png>
Package pdftex.def Info: C:/Users/huang/workspace/MASG/Output_FI/2020_02_09_10_
28_30_AM/MFA_MONTHLY/CO_nat_gas/CO_nat_gas21-Acient-9.png  used on input line 4
54.
(pdftex.def)             Requested size: 264.46837pt x 198.35715pt.
File: C:/Users/huang/workspace/MASG/Output_FI/2020_02_09_10_28_30_AM/MFA_MONTHL
Y/CO_nat_gas/21_insample_residuals.png Graphic file (type png)
<use C:/Users/huang/workspace/MASG/Output_FI/2020_02_09_10_28_30_AM/MFA_MONTHLY
/CO_nat_gas/21_insample_residuals.png>
Package pdftex.def Info: C:/Users/huang/workspace/MASG/Output_FI/2020_02_09_10_
28_30_AM/MFA_MONTHLY/CO_nat_gas/21_insample_residuals.png  used on input line 4
54.
(pdftex.def)             Requested size: 264.46837pt x 198.35715pt.

Overfull \hbox (23.99998pt too wide) in alignment at lines 454--454
[][] 
 []


Overfull \hbox (15.0pt too wide) in paragraph at lines 454--454
[][] 
 []

File: ./Picture/Logo.png Graphic file (type png)
<use ./Picture/Logo.png>
Package pdftex.def Info: ./Picture/Logo.png  used on input line 454.
(pdftex.def)             Requested size: 56.9055pt x 20.55377pt.
[228 <C:/Users/huang/workspace/MASG/Output_FI/2020_02_09_10_28_30_AM/MFA_MONTHL
Y/CO_nat_gas/21_insample_diff.png>]
File: ./Picture/Logo.png Graphic file (type png)
<use ./Picture/Logo.png>
Package pdftex.def Info: ./Picture/Logo.png  used on input line 454.
(pdftex.def)             Requested size: 56.9055pt x 20.55377pt.
 [229 <C:/Users/huang/workspace/MASG/Output_FI/2020_02_09_10_28_30_AM/MFA_MONTH
LY/CO_nat_gas/CO_nat_gas21-Recent-9.png> <C:/Users/huang/workspace/MASG/Output_
FI/2020_02_09_10_28_30_AM/MFA_MONTHLY/CO_nat_gas/CO_nat_gas21-Acient-9.png> <C:
/Users/huang/workspace/MASG/Output_FI/2020_02_09_10_28_30_AM/MFA_MONTHLY/CO_nat
_gas/21_insample_residuals.png>]
File: C:/Users/huang/workspace/MASG/Output_FI/2020_02_09_10_28_30_AM/MFA_MONTHL
Y/CO_nat_gas/22_insample_diff.png Graphic file (type png)
<use C:/Users/huang/workspace/MASG/Output_FI/2020_02_09_10_28_30_AM/MFA_MONTHLY
/CO_nat_gas/22_insample_diff.png>
Package pdftex.def Info: C:/Users/huang/workspace/MASG/Output_FI/2020_02_09_10_
28_30_AM/MFA_MONTHLY/CO_nat_gas/22_insample_diff.png  used on input line 454.
(pdftex.def)             Requested size: 264.46837pt x 198.35715pt.

Underfull \hbox (badness 10000) in alignment at lines 454--454
[][] 
 []


Underfull \hbox (badness 10000) in alignment at lines 454--454
[] 
 []

File: C:/Users/huang/workspace/MASG/Output_FI/2020_02_09_10_28_30_AM/MFA_MONTHL
Y/CO_nat_gas/CO_nat_gas22-Recent-9.png Graphic file (type png)
<use C:/Users/huang/workspace/MASG/Output_FI/2020_02_09_10_28_30_AM/MFA_MONTHLY
/CO_nat_gas/CO_nat_gas22-Recent-9.png>
Package pdftex.def Info: C:/Users/huang/workspace/MASG/Output_FI/2020_02_09_10_
28_30_AM/MFA_MONTHLY/CO_nat_gas/CO_nat_gas22-Recent-9.png  used on input line 4
54.
(pdftex.def)             Requested size: 264.46837pt x 198.35715pt.
File: C:/Users/huang/workspace/MASG/Output_FI/2020_02_09_10_28_30_AM/MFA_MONTHL
Y/CO_nat_gas/CO_nat_gas22-Acient-9.png Graphic file (type png)
<use C:/Users/huang/workspace/MASG/Output_FI/2020_02_09_10_28_30_AM/MFA_MONTHLY
/CO_nat_gas/CO_nat_gas22-Acient-9.png>
Package pdftex.def Info: C:/Users/huang/workspace/MASG/Output_FI/2020_02_09_10_
28_30_AM/MFA_MONTHLY/CO_nat_gas/CO_nat_gas22-Acient-9.png  used on input line 4
54.
(pdftex.def)             Requested size: 264.46837pt x 198.35715pt.
File: C:/Users/huang/workspace/MASG/Output_FI/2020_02_09_10_28_30_AM/MFA_MONTHL
Y/CO_nat_gas/22_insample_residuals.png Graphic file (type png)
<use C:/Users/huang/workspace/MASG/Output_FI/2020_02_09_10_28_30_AM/MFA_MONTHLY
/CO_nat_gas/22_insample_residuals.png>
Package pdftex.def Info: C:/Users/huang/workspace/MASG/Output_FI/2020_02_09_10_
28_30_AM/MFA_MONTHLY/CO_nat_gas/22_insample_residuals.png  used on input line 4
54.
(pdftex.def)             Requested size: 264.46837pt x 198.35715pt.

Overfull \hbox (23.99998pt too wide) in alignment at lines 454--454
[][] 
 []


Overfull \hbox (15.0pt too wide) in paragraph at lines 454--454
[][] 
 []

File: ./Picture/Logo.png Graphic file (type png)
<use ./Picture/Logo.png>
Package pdftex.def Info: ./Picture/Logo.png  used on input line 454.
(pdftex.def)             Requested size: 56.9055pt x 20.55377pt.
[230 <C:/Users/huang/workspace/MASG/Output_FI/2020_02_09_10_28_30_AM/MFA_MONTHL
Y/CO_nat_gas/22_insample_diff.png>]
File: ./Picture/Logo.png Graphic file (type png)
<use ./Picture/Logo.png>
Package pdftex.def Info: ./Picture/Logo.png  used on input line 454.
(pdftex.def)             Requested size: 56.9055pt x 20.55377pt.
 [231 <C:/Users/huang/workspace/MASG/Output_FI/2020_02_09_10_28_30_AM/MFA_MONTH
LY/CO_nat_gas/CO_nat_gas22-Recent-9.png> <C:/Users/huang/workspace/MASG/Output_
FI/2020_02_09_10_28_30_AM/MFA_MONTHLY/CO_nat_gas/CO_nat_gas22-Acient-9.png> <C:
/Users/huang/workspace/MASG/Output_FI/2020_02_09_10_28_30_AM/MFA_MONTHLY/CO_nat
_gas/22_insample_residuals.png>]
File: C:/Users/huang/workspace/MASG/Output_FI/2020_02_09_10_28_30_AM/MFA_MONTHL
Y/CO_nat_gas/23_insample_diff.png Graphic file (type png)
<use C:/Users/huang/workspace/MASG/Output_FI/2020_02_09_10_28_30_AM/MFA_MONTHLY
/CO_nat_gas/23_insample_diff.png>
Package pdftex.def Info: C:/Users/huang/workspace/MASG/Output_FI/2020_02_09_10_
28_30_AM/MFA_MONTHLY/CO_nat_gas/23_insample_diff.png  used on input line 454.
(pdftex.def)             Requested size: 264.46837pt x 198.35715pt.

Underfull \hbox (badness 10000) in alignment at lines 454--454
[][] 
 []


Underfull \hbox (badness 10000) in alignment at lines 454--454
[] 
 []

File: C:/Users/huang/workspace/MASG/Output_FI/2020_02_09_10_28_30_AM/MFA_MONTHL
Y/CO_nat_gas/CO_nat_gas23-Recent-9.png Graphic file (type png)
<use C:/Users/huang/workspace/MASG/Output_FI/2020_02_09_10_28_30_AM/MFA_MONTHLY
/CO_nat_gas/CO_nat_gas23-Recent-9.png>
Package pdftex.def Info: C:/Users/huang/workspace/MASG/Output_FI/2020_02_09_10_
28_30_AM/MFA_MONTHLY/CO_nat_gas/CO_nat_gas23-Recent-9.png  used on input line 4
54.
(pdftex.def)             Requested size: 264.46837pt x 198.35715pt.
File: C:/Users/huang/workspace/MASG/Output_FI/2020_02_09_10_28_30_AM/MFA_MONTHL
Y/CO_nat_gas/CO_nat_gas23-Acient-9.png Graphic file (type png)
<use C:/Users/huang/workspace/MASG/Output_FI/2020_02_09_10_28_30_AM/MFA_MONTHLY
/CO_nat_gas/CO_nat_gas23-Acient-9.png>
Package pdftex.def Info: C:/Users/huang/workspace/MASG/Output_FI/2020_02_09_10_
28_30_AM/MFA_MONTHLY/CO_nat_gas/CO_nat_gas23-Acient-9.png  used on input line 4
54.
(pdftex.def)             Requested size: 264.46837pt x 198.35715pt.
File: C:/Users/huang/workspace/MASG/Output_FI/2020_02_09_10_28_30_AM/MFA_MONTHL
Y/CO_nat_gas/23_insample_residuals.png Graphic file (type png)
<use C:/Users/huang/workspace/MASG/Output_FI/2020_02_09_10_28_30_AM/MFA_MONTHLY
/CO_nat_gas/23_insample_residuals.png>
Package pdftex.def Info: C:/Users/huang/workspace/MASG/Output_FI/2020_02_09_10_
28_30_AM/MFA_MONTHLY/CO_nat_gas/23_insample_residuals.png  used on input line 4
54.
(pdftex.def)             Requested size: 264.46837pt x 198.35715pt.

Overfull \hbox (23.99998pt too wide) in alignment at lines 454--454
[][] 
 []


Overfull \hbox (15.0pt too wide) in paragraph at lines 454--454
[][] 
 []

File: ./Picture/Logo.png Graphic file (type png)
<use ./Picture/Logo.png>
Package pdftex.def Info: ./Picture/Logo.png  used on input line 454.
(pdftex.def)             Requested size: 56.9055pt x 20.55377pt.
[232 <C:/Users/huang/workspace/MASG/Output_FI/2020_02_09_10_28_30_AM/MFA_MONTHL
Y/CO_nat_gas/23_insample_diff.png>]
File: ./Picture/Logo.png Graphic file (type png)
<use ./Picture/Logo.png>
Package pdftex.def Info: ./Picture/Logo.png  used on input line 454.
(pdftex.def)             Requested size: 56.9055pt x 20.55377pt.
 [233 <C:/Users/huang/workspace/MASG/Output_FI/2020_02_09_10_28_30_AM/MFA_MONTH
LY/CO_nat_gas/CO_nat_gas23-Recent-9.png> <C:/Users/huang/workspace/MASG/Output_
FI/2020_02_09_10_28_30_AM/MFA_MONTHLY/CO_nat_gas/CO_nat_gas23-Acient-9.png> <C:
/Users/huang/workspace/MASG/Output_FI/2020_02_09_10_28_30_AM/MFA_MONTHLY/CO_nat
_gas/23_insample_residuals.png>]
File: C:/Users/huang/workspace/MASG/Output_FI/2020_02_09_10_28_30_AM/MFA_MONTHL
Y/CO_nat_gas/24_insample_diff.png Graphic file (type png)
<use C:/Users/huang/workspace/MASG/Output_FI/2020_02_09_10_28_30_AM/MFA_MONTHLY
/CO_nat_gas/24_insample_diff.png>
Package pdftex.def Info: C:/Users/huang/workspace/MASG/Output_FI/2020_02_09_10_
28_30_AM/MFA_MONTHLY/CO_nat_gas/24_insample_diff.png  used on input line 454.
(pdftex.def)             Requested size: 264.46837pt x 198.35715pt.

Underfull \hbox (badness 10000) in alignment at lines 454--454
[][] 
 []


Underfull \hbox (badness 10000) in alignment at lines 454--454
[] 
 []

File: C:/Users/huang/workspace/MASG/Output_FI/2020_02_09_10_28_30_AM/MFA_MONTHL
Y/CO_nat_gas/CO_nat_gas24-Recent-9.png Graphic file (type png)
<use C:/Users/huang/workspace/MASG/Output_FI/2020_02_09_10_28_30_AM/MFA_MONTHLY
/CO_nat_gas/CO_nat_gas24-Recent-9.png>
Package pdftex.def Info: C:/Users/huang/workspace/MASG/Output_FI/2020_02_09_10_
28_30_AM/MFA_MONTHLY/CO_nat_gas/CO_nat_gas24-Recent-9.png  used on input line 4
54.
(pdftex.def)             Requested size: 264.46837pt x 198.35715pt.
File: C:/Users/huang/workspace/MASG/Output_FI/2020_02_09_10_28_30_AM/MFA_MONTHL
Y/CO_nat_gas/CO_nat_gas24-Acient-9.png Graphic file (type png)
<use C:/Users/huang/workspace/MASG/Output_FI/2020_02_09_10_28_30_AM/MFA_MONTHLY
/CO_nat_gas/CO_nat_gas24-Acient-9.png>
Package pdftex.def Info: C:/Users/huang/workspace/MASG/Output_FI/2020_02_09_10_
28_30_AM/MFA_MONTHLY/CO_nat_gas/CO_nat_gas24-Acient-9.png  used on input line 4
54.
(pdftex.def)             Requested size: 264.46837pt x 198.35715pt.
File: C:/Users/huang/workspace/MASG/Output_FI/2020_02_09_10_28_30_AM/MFA_MONTHL
Y/CO_nat_gas/24_insample_residuals.png Graphic file (type png)
<use C:/Users/huang/workspace/MASG/Output_FI/2020_02_09_10_28_30_AM/MFA_MONTHLY
/CO_nat_gas/24_insample_residuals.png>
Package pdftex.def Info: C:/Users/huang/workspace/MASG/Output_FI/2020_02_09_10_
28_30_AM/MFA_MONTHLY/CO_nat_gas/24_insample_residuals.png  used on input line 4
54.
(pdftex.def)             Requested size: 264.46837pt x 198.35715pt.

Overfull \hbox (23.99998pt too wide) in alignment at lines 454--454
[][] 
 []


Overfull \hbox (15.0pt too wide) in paragraph at lines 454--454
[][] 
 []

File: ./Picture/Logo.png Graphic file (type png)
<use ./Picture/Logo.png>
Package pdftex.def Info: ./Picture/Logo.png  used on input line 454.
(pdftex.def)             Requested size: 56.9055pt x 20.55377pt.
[234 <C:/Users/huang/workspace/MASG/Output_FI/2020_02_09_10_28_30_AM/MFA_MONTHL
Y/CO_nat_gas/24_insample_diff.png>]
File: ./Picture/Logo.png Graphic file (type png)
<use ./Picture/Logo.png>
Package pdftex.def Info: ./Picture/Logo.png  used on input line 454.
(pdftex.def)             Requested size: 56.9055pt x 20.55377pt.
 [235 <C:/Users/huang/workspace/MASG/Output_FI/2020_02_09_10_28_30_AM/MFA_MONTH
LY/CO_nat_gas/CO_nat_gas24-Recent-9.png> <C:/Users/huang/workspace/MASG/Output_
FI/2020_02_09_10_28_30_AM/MFA_MONTHLY/CO_nat_gas/CO_nat_gas24-Acient-9.png> <C:
/Users/huang/workspace/MASG/Output_FI/2020_02_09_10_28_30_AM/MFA_MONTHLY/CO_nat
_gas/24_insample_residuals.png>]
File: C:/Users/huang/workspace/MASG/Output_FI/2020_02_09_10_28_30_AM/MFA_MONTHL
Y/CO_nat_gas/25_insample_diff.png Graphic file (type png)
<use C:/Users/huang/workspace/MASG/Output_FI/2020_02_09_10_28_30_AM/MFA_MONTHLY
/CO_nat_gas/25_insample_diff.png>
Package pdftex.def Info: C:/Users/huang/workspace/MASG/Output_FI/2020_02_09_10_
28_30_AM/MFA_MONTHLY/CO_nat_gas/25_insample_diff.png  used on input line 454.
(pdftex.def)             Requested size: 264.46837pt x 198.35715pt.

Underfull \hbox (badness 10000) in alignment at lines 454--454
[][] 
 []


Underfull \hbox (badness 10000) in alignment at lines 454--454
[] 
 []

File: C:/Users/huang/workspace/MASG/Output_FI/2020_02_09_10_28_30_AM/MFA_MONTHL
Y/CO_nat_gas/CO_nat_gas25-Recent-9.png Graphic file (type png)
<use C:/Users/huang/workspace/MASG/Output_FI/2020_02_09_10_28_30_AM/MFA_MONTHLY
/CO_nat_gas/CO_nat_gas25-Recent-9.png>
Package pdftex.def Info: C:/Users/huang/workspace/MASG/Output_FI/2020_02_09_10_
28_30_AM/MFA_MONTHLY/CO_nat_gas/CO_nat_gas25-Recent-9.png  used on input line 4
54.
(pdftex.def)             Requested size: 264.46837pt x 198.35715pt.
File: C:/Users/huang/workspace/MASG/Output_FI/2020_02_09_10_28_30_AM/MFA_MONTHL
Y/CO_nat_gas/CO_nat_gas25-Acient-9.png Graphic file (type png)
<use C:/Users/huang/workspace/MASG/Output_FI/2020_02_09_10_28_30_AM/MFA_MONTHLY
/CO_nat_gas/CO_nat_gas25-Acient-9.png>
Package pdftex.def Info: C:/Users/huang/workspace/MASG/Output_FI/2020_02_09_10_
28_30_AM/MFA_MONTHLY/CO_nat_gas/CO_nat_gas25-Acient-9.png  used on input line 4
54.
(pdftex.def)             Requested size: 264.46837pt x 198.35715pt.
File: C:/Users/huang/workspace/MASG/Output_FI/2020_02_09_10_28_30_AM/MFA_MONTHL
Y/CO_nat_gas/25_insample_residuals.png Graphic file (type png)
<use C:/Users/huang/workspace/MASG/Output_FI/2020_02_09_10_28_30_AM/MFA_MONTHLY
/CO_nat_gas/25_insample_residuals.png>
Package pdftex.def Info: C:/Users/huang/workspace/MASG/Output_FI/2020_02_09_10_
28_30_AM/MFA_MONTHLY/CO_nat_gas/25_insample_residuals.png  used on input line 4
54.
(pdftex.def)             Requested size: 264.46837pt x 198.35715pt.

Overfull \hbox (23.99998pt too wide) in alignment at lines 454--454
[][] 
 []


Overfull \hbox (15.0pt too wide) in paragraph at lines 454--454
[][] 
 []

File: ./Picture/Logo.png Graphic file (type png)
<use ./Picture/Logo.png>
Package pdftex.def Info: ./Picture/Logo.png  used on input line 454.
(pdftex.def)             Requested size: 56.9055pt x 20.55377pt.
[236 <C:/Users/huang/workspace/MASG/Output_FI/2020_02_09_10_28_30_AM/MFA_MONTHL
Y/CO_nat_gas/25_insample_diff.png>]
File: ./Picture/Logo.png Graphic file (type png)
<use ./Picture/Logo.png>
Package pdftex.def Info: ./Picture/Logo.png  used on input line 454.
(pdftex.def)             Requested size: 56.9055pt x 20.55377pt.
 [237 <C:/Users/huang/workspace/MASG/Output_FI/2020_02_09_10_28_30_AM/MFA_MONTH
LY/CO_nat_gas/CO_nat_gas25-Recent-9.png> <C:/Users/huang/workspace/MASG/Output_
FI/2020_02_09_10_28_30_AM/MFA_MONTHLY/CO_nat_gas/CO_nat_gas25-Acient-9.png> <C:
/Users/huang/workspace/MASG/Output_FI/2020_02_09_10_28_30_AM/MFA_MONTHLY/CO_nat
_gas/25_insample_residuals.png>]
File: C:/Users/huang/workspace/MASG/Output_FI/2020_02_09_10_28_30_AM/MFA_MONTHL
Y/CO_nat_gas/26_insample_diff.png Graphic file (type png)
<use C:/Users/huang/workspace/MASG/Output_FI/2020_02_09_10_28_30_AM/MFA_MONTHLY
/CO_nat_gas/26_insample_diff.png>
Package pdftex.def Info: C:/Users/huang/workspace/MASG/Output_FI/2020_02_09_10_
28_30_AM/MFA_MONTHLY/CO_nat_gas/26_insample_diff.png  used on input line 454.
(pdftex.def)             Requested size: 264.46837pt x 198.35715pt.

Underfull \hbox (badness 10000) in alignment at lines 454--454
[][] 
 []


Underfull \hbox (badness 10000) in alignment at lines 454--454
[] 
 []

File: C:/Users/huang/workspace/MASG/Output_FI/2020_02_09_10_28_30_AM/MFA_MONTHL
Y/CO_nat_gas/CO_nat_gas26-Recent-9.png Graphic file (type png)
<use C:/Users/huang/workspace/MASG/Output_FI/2020_02_09_10_28_30_AM/MFA_MONTHLY
/CO_nat_gas/CO_nat_gas26-Recent-9.png>
Package pdftex.def Info: C:/Users/huang/workspace/MASG/Output_FI/2020_02_09_10_
28_30_AM/MFA_MONTHLY/CO_nat_gas/CO_nat_gas26-Recent-9.png  used on input line 4
54.
(pdftex.def)             Requested size: 264.46837pt x 198.35715pt.
File: C:/Users/huang/workspace/MASG/Output_FI/2020_02_09_10_28_30_AM/MFA_MONTHL
Y/CO_nat_gas/CO_nat_gas26-Acient-9.png Graphic file (type png)
<use C:/Users/huang/workspace/MASG/Output_FI/2020_02_09_10_28_30_AM/MFA_MONTHLY
/CO_nat_gas/CO_nat_gas26-Acient-9.png>
Package pdftex.def Info: C:/Users/huang/workspace/MASG/Output_FI/2020_02_09_10_
28_30_AM/MFA_MONTHLY/CO_nat_gas/CO_nat_gas26-Acient-9.png  used on input line 4
54.
(pdftex.def)             Requested size: 264.46837pt x 198.35715pt.
File: C:/Users/huang/workspace/MASG/Output_FI/2020_02_09_10_28_30_AM/MFA_MONTHL
Y/CO_nat_gas/26_insample_residuals.png Graphic file (type png)
<use C:/Users/huang/workspace/MASG/Output_FI/2020_02_09_10_28_30_AM/MFA_MONTHLY
/CO_nat_gas/26_insample_residuals.png>
Package pdftex.def Info: C:/Users/huang/workspace/MASG/Output_FI/2020_02_09_10_
28_30_AM/MFA_MONTHLY/CO_nat_gas/26_insample_residuals.png  used on input line 4
54.
(pdftex.def)             Requested size: 264.46837pt x 198.35715pt.

Overfull \hbox (23.99998pt too wide) in alignment at lines 454--454
[][] 
 []


Overfull \hbox (15.0pt too wide) in paragraph at lines 454--454
[][] 
 []

File: ./Picture/Logo.png Graphic file (type png)
<use ./Picture/Logo.png>
Package pdftex.def Info: ./Picture/Logo.png  used on input line 454.
(pdftex.def)             Requested size: 56.9055pt x 20.55377pt.
[238 <C:/Users/huang/workspace/MASG/Output_FI/2020_02_09_10_28_30_AM/MFA_MONTHL
Y/CO_nat_gas/26_insample_diff.png>]
File: ./Picture/Logo.png Graphic file (type png)
<use ./Picture/Logo.png>
Package pdftex.def Info: ./Picture/Logo.png  used on input line 454.
(pdftex.def)             Requested size: 56.9055pt x 20.55377pt.
 [239 <C:/Users/huang/workspace/MASG/Output_FI/2020_02_09_10_28_30_AM/MFA_MONTH
LY/CO_nat_gas/CO_nat_gas26-Recent-9.png> <C:/Users/huang/workspace/MASG/Output_
FI/2020_02_09_10_28_30_AM/MFA_MONTHLY/CO_nat_gas/CO_nat_gas26-Acient-9.png> <C:
/Users/huang/workspace/MASG/Output_FI/2020_02_09_10_28_30_AM/MFA_MONTHLY/CO_nat
_gas/26_insample_residuals.png>]
File: C:/Users/huang/workspace/MASG/Output_FI/2020_02_09_10_28_30_AM/MFA_MONTHL
Y/CO_nat_gas/27_insample_diff.png Graphic file (type png)
<use C:/Users/huang/workspace/MASG/Output_FI/2020_02_09_10_28_30_AM/MFA_MONTHLY
/CO_nat_gas/27_insample_diff.png>
Package pdftex.def Info: C:/Users/huang/workspace/MASG/Output_FI/2020_02_09_10_
28_30_AM/MFA_MONTHLY/CO_nat_gas/27_insample_diff.png  used on input line 454.
(pdftex.def)             Requested size: 264.46837pt x 198.35715pt.

Underfull \hbox (badness 10000) in alignment at lines 454--454
[][] 
 []


Underfull \hbox (badness 10000) in alignment at lines 454--454
[] 
 []

File: C:/Users/huang/workspace/MASG/Output_FI/2020_02_09_10_28_30_AM/MFA_MONTHL
Y/CO_nat_gas/CO_nat_gas27-Recent-9.png Graphic file (type png)
<use C:/Users/huang/workspace/MASG/Output_FI/2020_02_09_10_28_30_AM/MFA_MONTHLY
/CO_nat_gas/CO_nat_gas27-Recent-9.png>
Package pdftex.def Info: C:/Users/huang/workspace/MASG/Output_FI/2020_02_09_10_
28_30_AM/MFA_MONTHLY/CO_nat_gas/CO_nat_gas27-Recent-9.png  used on input line 4
54.
(pdftex.def)             Requested size: 264.46837pt x 198.35715pt.
File: C:/Users/huang/workspace/MASG/Output_FI/2020_02_09_10_28_30_AM/MFA_MONTHL
Y/CO_nat_gas/CO_nat_gas27-Acient-9.png Graphic file (type png)
<use C:/Users/huang/workspace/MASG/Output_FI/2020_02_09_10_28_30_AM/MFA_MONTHLY
/CO_nat_gas/CO_nat_gas27-Acient-9.png>
Package pdftex.def Info: C:/Users/huang/workspace/MASG/Output_FI/2020_02_09_10_
28_30_AM/MFA_MONTHLY/CO_nat_gas/CO_nat_gas27-Acient-9.png  used on input line 4
54.
(pdftex.def)             Requested size: 264.46837pt x 198.35715pt.
File: C:/Users/huang/workspace/MASG/Output_FI/2020_02_09_10_28_30_AM/MFA_MONTHL
Y/CO_nat_gas/27_insample_residuals.png Graphic file (type png)
<use C:/Users/huang/workspace/MASG/Output_FI/2020_02_09_10_28_30_AM/MFA_MONTHLY
/CO_nat_gas/27_insample_residuals.png>
Package pdftex.def Info: C:/Users/huang/workspace/MASG/Output_FI/2020_02_09_10_
28_30_AM/MFA_MONTHLY/CO_nat_gas/27_insample_residuals.png  used on input line 4
54.
(pdftex.def)             Requested size: 264.46837pt x 198.35715pt.

Overfull \hbox (23.99998pt too wide) in alignment at lines 454--454
[][] 
 []


Overfull \hbox (15.0pt too wide) in paragraph at lines 454--454
[][] 
 []

File: ./Picture/Logo.png Graphic file (type png)
<use ./Picture/Logo.png>
Package pdftex.def Info: ./Picture/Logo.png  used on input line 454.
(pdftex.def)             Requested size: 56.9055pt x 20.55377pt.
[240 <C:/Users/huang/workspace/MASG/Output_FI/2020_02_09_10_28_30_AM/MFA_MONTHL
Y/CO_nat_gas/27_insample_diff.png>]
File: ./Picture/Logo.png Graphic file (type png)
<use ./Picture/Logo.png>
Package pdftex.def Info: ./Picture/Logo.png  used on input line 454.
(pdftex.def)             Requested size: 56.9055pt x 20.55377pt.
 [241 <C:/Users/huang/workspace/MASG/Output_FI/2020_02_09_10_28_30_AM/MFA_MONTH
LY/CO_nat_gas/CO_nat_gas27-Recent-9.png> <C:/Users/huang/workspace/MASG/Output_
FI/2020_02_09_10_28_30_AM/MFA_MONTHLY/CO_nat_gas/CO_nat_gas27-Acient-9.png> <C:
/Users/huang/workspace/MASG/Output_FI/2020_02_09_10_28_30_AM/MFA_MONTHLY/CO_nat
_gas/27_insample_residuals.png>]
File: C:/Users/huang/workspace/MASG/Output_FI/2020_02_09_10_28_30_AM/MFA_MONTHL
Y/CO_nat_gas/28_insample_diff.png Graphic file (type png)
<use C:/Users/huang/workspace/MASG/Output_FI/2020_02_09_10_28_30_AM/MFA_MONTHLY
/CO_nat_gas/28_insample_diff.png>
Package pdftex.def Info: C:/Users/huang/workspace/MASG/Output_FI/2020_02_09_10_
28_30_AM/MFA_MONTHLY/CO_nat_gas/28_insample_diff.png  used on input line 454.
(pdftex.def)             Requested size: 264.46837pt x 198.35715pt.

Underfull \hbox (badness 10000) in alignment at lines 454--454
[][] 
 []


Underfull \hbox (badness 10000) in alignment at lines 454--454
[] 
 []

File: C:/Users/huang/workspace/MASG/Output_FI/2020_02_09_10_28_30_AM/MFA_MONTHL
Y/CO_nat_gas/CO_nat_gas28-Recent-9.png Graphic file (type png)
<use C:/Users/huang/workspace/MASG/Output_FI/2020_02_09_10_28_30_AM/MFA_MONTHLY
/CO_nat_gas/CO_nat_gas28-Recent-9.png>
Package pdftex.def Info: C:/Users/huang/workspace/MASG/Output_FI/2020_02_09_10_
28_30_AM/MFA_MONTHLY/CO_nat_gas/CO_nat_gas28-Recent-9.png  used on input line 4
54.
(pdftex.def)             Requested size: 264.46837pt x 198.35715pt.
File: C:/Users/huang/workspace/MASG/Output_FI/2020_02_09_10_28_30_AM/MFA_MONTHL
Y/CO_nat_gas/CO_nat_gas28-Acient-9.png Graphic file (type png)
<use C:/Users/huang/workspace/MASG/Output_FI/2020_02_09_10_28_30_AM/MFA_MONTHLY
/CO_nat_gas/CO_nat_gas28-Acient-9.png>
Package pdftex.def Info: C:/Users/huang/workspace/MASG/Output_FI/2020_02_09_10_
28_30_AM/MFA_MONTHLY/CO_nat_gas/CO_nat_gas28-Acient-9.png  used on input line 4
54.
(pdftex.def)             Requested size: 264.46837pt x 198.35715pt.
File: C:/Users/huang/workspace/MASG/Output_FI/2020_02_09_10_28_30_AM/MFA_MONTHL
Y/CO_nat_gas/28_insample_residuals.png Graphic file (type png)
<use C:/Users/huang/workspace/MASG/Output_FI/2020_02_09_10_28_30_AM/MFA_MONTHLY
/CO_nat_gas/28_insample_residuals.png>
Package pdftex.def Info: C:/Users/huang/workspace/MASG/Output_FI/2020_02_09_10_
28_30_AM/MFA_MONTHLY/CO_nat_gas/28_insample_residuals.png  used on input line 4
54.
(pdftex.def)             Requested size: 264.46837pt x 198.35715pt.

Overfull \hbox (23.99998pt too wide) in alignment at lines 454--454
[][] 
 []


Overfull \hbox (15.0pt too wide) in paragraph at lines 454--454
[][] 
 []

File: ./Picture/Logo.png Graphic file (type png)
<use ./Picture/Logo.png>
Package pdftex.def Info: ./Picture/Logo.png  used on input line 454.
(pdftex.def)             Requested size: 56.9055pt x 20.55377pt.
[242 <C:/Users/huang/workspace/MASG/Output_FI/2020_02_09_10_28_30_AM/MFA_MONTHL
Y/CO_nat_gas/28_insample_diff.png>]
File: ./Picture/Logo.png Graphic file (type png)
<use ./Picture/Logo.png>
Package pdftex.def Info: ./Picture/Logo.png  used on input line 454.
(pdftex.def)             Requested size: 56.9055pt x 20.55377pt.
 [243 <C:/Users/huang/workspace/MASG/Output_FI/2020_02_09_10_28_30_AM/MFA_MONTH
LY/CO_nat_gas/CO_nat_gas28-Recent-9.png> <C:/Users/huang/workspace/MASG/Output_
FI/2020_02_09_10_28_30_AM/MFA_MONTHLY/CO_nat_gas/CO_nat_gas28-Acient-9.png> <C:
/Users/huang/workspace/MASG/Output_FI/2020_02_09_10_28_30_AM/MFA_MONTHLY/CO_nat
_gas/28_insample_residuals.png>]
File: C:/Users/huang/workspace/MASG/Output_FI/2020_02_09_10_28_30_AM/MFA_MONTHL
Y/CO_nat_gas/29_insample_diff.png Graphic file (type png)
<use C:/Users/huang/workspace/MASG/Output_FI/2020_02_09_10_28_30_AM/MFA_MONTHLY
/CO_nat_gas/29_insample_diff.png>
Package pdftex.def Info: C:/Users/huang/workspace/MASG/Output_FI/2020_02_09_10_
28_30_AM/MFA_MONTHLY/CO_nat_gas/29_insample_diff.png  used on input line 454.
(pdftex.def)             Requested size: 264.46837pt x 198.35715pt.

Underfull \hbox (badness 10000) in alignment at lines 454--454
[][] 
 []


Underfull \hbox (badness 10000) in alignment at lines 454--454
[] 
 []

File: C:/Users/huang/workspace/MASG/Output_FI/2020_02_09_10_28_30_AM/MFA_MONTHL
Y/CO_nat_gas/CO_nat_gas29-Recent-9.png Graphic file (type png)
<use C:/Users/huang/workspace/MASG/Output_FI/2020_02_09_10_28_30_AM/MFA_MONTHLY
/CO_nat_gas/CO_nat_gas29-Recent-9.png>
Package pdftex.def Info: C:/Users/huang/workspace/MASG/Output_FI/2020_02_09_10_
28_30_AM/MFA_MONTHLY/CO_nat_gas/CO_nat_gas29-Recent-9.png  used on input line 4
54.
(pdftex.def)             Requested size: 264.46837pt x 198.35715pt.
File: C:/Users/huang/workspace/MASG/Output_FI/2020_02_09_10_28_30_AM/MFA_MONTHL
Y/CO_nat_gas/CO_nat_gas29-Acient-9.png Graphic file (type png)
<use C:/Users/huang/workspace/MASG/Output_FI/2020_02_09_10_28_30_AM/MFA_MONTHLY
/CO_nat_gas/CO_nat_gas29-Acient-9.png>
Package pdftex.def Info: C:/Users/huang/workspace/MASG/Output_FI/2020_02_09_10_
28_30_AM/MFA_MONTHLY/CO_nat_gas/CO_nat_gas29-Acient-9.png  used on input line 4
54.
(pdftex.def)             Requested size: 264.46837pt x 198.35715pt.
File: C:/Users/huang/workspace/MASG/Output_FI/2020_02_09_10_28_30_AM/MFA_MONTHL
Y/CO_nat_gas/29_insample_residuals.png Graphic file (type png)
<use C:/Users/huang/workspace/MASG/Output_FI/2020_02_09_10_28_30_AM/MFA_MONTHLY
/CO_nat_gas/29_insample_residuals.png>
Package pdftex.def Info: C:/Users/huang/workspace/MASG/Output_FI/2020_02_09_10_
28_30_AM/MFA_MONTHLY/CO_nat_gas/29_insample_residuals.png  used on input line 4
54.
(pdftex.def)             Requested size: 264.46837pt x 198.35715pt.

Overfull \hbox (23.99998pt too wide) in alignment at lines 454--454
[][] 
 []


Overfull \hbox (15.0pt too wide) in paragraph at lines 454--454
[][] 
 []

File: ./Picture/Logo.png Graphic file (type png)
<use ./Picture/Logo.png>
Package pdftex.def Info: ./Picture/Logo.png  used on input line 454.
(pdftex.def)             Requested size: 56.9055pt x 20.55377pt.
[244 <C:/Users/huang/workspace/MASG/Output_FI/2020_02_09_10_28_30_AM/MFA_MONTHL
Y/CO_nat_gas/29_insample_diff.png>]
File: ./Picture/Logo.png Graphic file (type png)
<use ./Picture/Logo.png>
Package pdftex.def Info: ./Picture/Logo.png  used on input line 454.
(pdftex.def)             Requested size: 56.9055pt x 20.55377pt.
 [245 <C:/Users/huang/workspace/MASG/Output_FI/2020_02_09_10_28_30_AM/MFA_MONTH
LY/CO_nat_gas/CO_nat_gas29-Recent-9.png> <C:/Users/huang/workspace/MASG/Output_
FI/2020_02_09_10_28_30_AM/MFA_MONTHLY/CO_nat_gas/CO_nat_gas29-Acient-9.png> <C:
/Users/huang/workspace/MASG/Output_FI/2020_02_09_10_28_30_AM/MFA_MONTHLY/CO_nat
_gas/29_insample_residuals.png>]
File: C:/Users/huang/workspace/MASG/Output_FI/2020_02_09_10_28_30_AM/MFA_MONTHL
Y/CO_nat_gas/30_insample_diff.png Graphic file (type png)
<use C:/Users/huang/workspace/MASG/Output_FI/2020_02_09_10_28_30_AM/MFA_MONTHLY
/CO_nat_gas/30_insample_diff.png>
Package pdftex.def Info: C:/Users/huang/workspace/MASG/Output_FI/2020_02_09_10_
28_30_AM/MFA_MONTHLY/CO_nat_gas/30_insample_diff.png  used on input line 454.
(pdftex.def)             Requested size: 264.46837pt x 198.35715pt.

Underfull \hbox (badness 10000) in alignment at lines 454--454
[][] 
 []


Underfull \hbox (badness 10000) in alignment at lines 454--454
[] 
 []

File: C:/Users/huang/workspace/MASG/Output_FI/2020_02_09_10_28_30_AM/MFA_MONTHL
Y/CO_nat_gas/CO_nat_gas30-Recent-9.png Graphic file (type png)
<use C:/Users/huang/workspace/MASG/Output_FI/2020_02_09_10_28_30_AM/MFA_MONTHLY
/CO_nat_gas/CO_nat_gas30-Recent-9.png>
Package pdftex.def Info: C:/Users/huang/workspace/MASG/Output_FI/2020_02_09_10_
28_30_AM/MFA_MONTHLY/CO_nat_gas/CO_nat_gas30-Recent-9.png  used on input line 4
54.
(pdftex.def)             Requested size: 264.46837pt x 198.35715pt.
File: C:/Users/huang/workspace/MASG/Output_FI/2020_02_09_10_28_30_AM/MFA_MONTHL
Y/CO_nat_gas/CO_nat_gas30-Acient-9.png Graphic file (type png)
<use C:/Users/huang/workspace/MASG/Output_FI/2020_02_09_10_28_30_AM/MFA_MONTHLY
/CO_nat_gas/CO_nat_gas30-Acient-9.png>
Package pdftex.def Info: C:/Users/huang/workspace/MASG/Output_FI/2020_02_09_10_
28_30_AM/MFA_MONTHLY/CO_nat_gas/CO_nat_gas30-Acient-9.png  used on input line 4
54.
(pdftex.def)             Requested size: 264.46837pt x 198.35715pt.
File: C:/Users/huang/workspace/MASG/Output_FI/2020_02_09_10_28_30_AM/MFA_MONTHL
Y/CO_nat_gas/30_insample_residuals.png Graphic file (type png)
<use C:/Users/huang/workspace/MASG/Output_FI/2020_02_09_10_28_30_AM/MFA_MONTHLY
/CO_nat_gas/30_insample_residuals.png>
Package pdftex.def Info: C:/Users/huang/workspace/MASG/Output_FI/2020_02_09_10_
28_30_AM/MFA_MONTHLY/CO_nat_gas/30_insample_residuals.png  used on input line 4
54.
(pdftex.def)             Requested size: 264.46837pt x 198.35715pt.

Overfull \hbox (23.99998pt too wide) in alignment at lines 454--454
[][] 
 []


Overfull \hbox (15.0pt too wide) in paragraph at lines 454--454
[][] 
 []

File: ./Picture/Logo.png Graphic file (type png)
<use ./Picture/Logo.png>
Package pdftex.def Info: ./Picture/Logo.png  used on input line 454.
(pdftex.def)             Requested size: 56.9055pt x 20.55377pt.
[246 <C:/Users/huang/workspace/MASG/Output_FI/2020_02_09_10_28_30_AM/MFA_MONTHL
Y/CO_nat_gas/30_insample_diff.png>]
File: ./Picture/Logo.png Graphic file (type png)
<use ./Picture/Logo.png>
Package pdftex.def Info: ./Picture/Logo.png  used on input line 454.
(pdftex.def)             Requested size: 56.9055pt x 20.55377pt.
 [247 <C:/Users/huang/workspace/MASG/Output_FI/2020_02_09_10_28_30_AM/MFA_MONTH
LY/CO_nat_gas/CO_nat_gas30-Recent-9.png> <C:/Users/huang/workspace/MASG/Output_
FI/2020_02_09_10_28_30_AM/MFA_MONTHLY/CO_nat_gas/CO_nat_gas30-Acient-9.png> <C:
/Users/huang/workspace/MASG/Output_FI/2020_02_09_10_28_30_AM/MFA_MONTHLY/CO_nat
_gas/30_insample_residuals.png>]
! Missing $ inserted.
<inserted text> 
                $
l.454 
      
I've inserted a begin-math/end-math symbol since I think
you left one out. Proceed, with fingers crossed.

! Missing $ inserted.
<inserted text> 
                $
l.454 
      
I've inserted a begin-math/end-math symbol since I think
you left one out. Proceed, with fingers crossed.


Package hyperref Warning: Token not allowed in a PDF string (PDFDocEncoding):
(hyperref)                removing `subscript' on input line 454.


(C:/Users/huang/workspace/MASG/Output_FI/2020_02_09_10_28_30_AM/SFA_MONTHLY/Sim
pleReg-CO_gasoline.tex
! Missing $ inserted.
<inserted text> 
                $
l.17 \caption{Single Factor Analysis-CO_gasoline}
                                                 
I've inserted a begin-math/end-math symbol since I think
you left one out. Proceed, with fingers crossed.

! Missing $ inserted.
<inserted text> 
                $
l.17 \caption{Single Factor Analysis-CO_gasoline}
                                                 
I've inserted a begin-math/end-math symbol since I think
you left one out. Proceed, with fingers crossed.


Underfull \vbox (badness 10000) detected at line 18
 []

)
File: ./Picture/Logo.png Graphic file (type png)
<use ./Picture/Logo.png>
Package pdftex.def Info: ./Picture/Logo.png  used on input line 454.
(pdftex.def)             Requested size: 56.9055pt x 20.55377pt.
 [248

]
File: C:/Users/huang/workspace/MASG/Output_FI/2020_02_09_10_28_30_AM/SFA_MONTHL
Y/CO_gasoline/1_insample_diff.png Graphic file (type png)
<use C:/Users/huang/workspace/MASG/Output_FI/2020_02_09_10_28_30_AM/SFA_MONTHLY
/CO_gasoline/1_insample_diff.png>
Package pdftex.def Info: C:/Users/huang/workspace/MASG/Output_FI/2020_02_09_10_
28_30_AM/SFA_MONTHLY/CO_gasoline/1_insample_diff.png  used on input line 454.
(pdftex.def)             Requested size: 264.46837pt x 264.46921pt.
File: C:/Users/huang/workspace/MASG/Output_FI/2020_02_09_10_28_30_AM/SFA_MONTHL
Y/CO_gasoline/1_insample_level.png Graphic file (type png)
<use C:/Users/huang/workspace/MASG/Output_FI/2020_02_09_10_28_30_AM/SFA_MONTHLY
/CO_gasoline/1_insample_level.png>
Package pdftex.def Info: C:/Users/huang/workspace/MASG/Output_FI/2020_02_09_10_
28_30_AM/SFA_MONTHLY/CO_gasoline/1_insample_level.png  used on input line 454.
(pdftex.def)             Requested size: 264.46837pt x 264.46921pt.
File: C:/Users/huang/workspace/MASG/Output_FI/2020_02_09_10_28_30_AM/SFA_MONTHL
Y/CO_gasoline/CO_gasoline1-Recent-9.png Graphic file (type png)
<use C:/Users/huang/workspace/MASG/Output_FI/2020_02_09_10_28_30_AM/SFA_MONTHLY
/CO_gasoline/CO_gasoline1-Recent-9.png>
Package pdftex.def Info: C:/Users/huang/workspace/MASG/Output_FI/2020_02_09_10_
28_30_AM/SFA_MONTHLY/CO_gasoline/CO_gasoline1-Recent-9.png  used on input line 
454.
(pdftex.def)             Requested size: 264.46837pt x 198.35715pt.
File: C:/Users/huang/workspace/MASG/Output_FI/2020_02_09_10_28_30_AM/SFA_MONTHL
Y/CO_gasoline/CO_gasoline1-Acient-9.png Graphic file (type png)
<use C:/Users/huang/workspace/MASG/Output_FI/2020_02_09_10_28_30_AM/SFA_MONTHLY
/CO_gasoline/CO_gasoline1-Acient-9.png>
Package pdftex.def Info: C:/Users/huang/workspace/MASG/Output_FI/2020_02_09_10_
28_30_AM/SFA_MONTHLY/CO_gasoline/CO_gasoline1-Acient-9.png  used on input line 
454.
(pdftex.def)             Requested size: 264.46837pt x 198.35715pt.

Overfull \hbox (23.99998pt too wide) in alignment at lines 454--454
[][] 
 []

File: ./Picture/Logo.png Graphic file (type png)
<use ./Picture/Logo.png>
Package pdftex.def Info: ./Picture/Logo.png  used on input line 454.
(pdftex.def)             Requested size: 56.9055pt x 20.55377pt.
[249

 <C:/Users/huang/workspace/MASG/Output_FI/2020_02_09_10_28_30_AM/SFA_MONTHLY/CO
_gasoline/1_insample_diff.png> <C:/Users/huang/workspace/MASG/Output_FI/2020_02
_09_10_28_30_AM/SFA_MONTHLY/CO_gasoline/1_insample_level.png> <C:/Users/huang/w
orkspace/MASG/Output_FI/2020_02_09_10_28_30_AM/SFA_MONTHLY/CO_gasoline/CO_gasol
ine1-Recent-9.png> <C:/Users/huang/workspace/MASG/Output_FI/2020_02_09_10_28_30
_AM/SFA_MONTHLY/CO_gasoline/CO_gasoline1-Acient-9.png>]
File: C:/Users/huang/workspace/MASG/Output_FI/2020_02_09_10_28_30_AM/SFA_MONTHL
Y/CO_gasoline/2_insample_diff.png Graphic file (type png)
<use C:/Users/huang/workspace/MASG/Output_FI/2020_02_09_10_28_30_AM/SFA_MONTHLY
/CO_gasoline/2_insample_diff.png>
Package pdftex.def Info: C:/Users/huang/workspace/MASG/Output_FI/2020_02_09_10_
28_30_AM/SFA_MONTHLY/CO_gasoline/2_insample_diff.png  used on input line 454.
(pdftex.def)             Requested size: 264.46837pt x 264.46921pt.
File: C:/Users/huang/workspace/MASG/Output_FI/2020_02_09_10_28_30_AM/SFA_MONTHL
Y/CO_gasoline/2_insample_level.png Graphic file (type png)
<use C:/Users/huang/workspace/MASG/Output_FI/2020_02_09_10_28_30_AM/SFA_MONTHLY
/CO_gasoline/2_insample_level.png>
Package pdftex.def Info: C:/Users/huang/workspace/MASG/Output_FI/2020_02_09_10_
28_30_AM/SFA_MONTHLY/CO_gasoline/2_insample_level.png  used on input line 454.
(pdftex.def)             Requested size: 264.46837pt x 264.46921pt.
File: C:/Users/huang/workspace/MASG/Output_FI/2020_02_09_10_28_30_AM/SFA_MONTHL
Y/CO_gasoline/CO_gasoline2-Recent-9.png Graphic file (type png)
<use C:/Users/huang/workspace/MASG/Output_FI/2020_02_09_10_28_30_AM/SFA_MONTHLY
/CO_gasoline/CO_gasoline2-Recent-9.png>
Package pdftex.def Info: C:/Users/huang/workspace/MASG/Output_FI/2020_02_09_10_
28_30_AM/SFA_MONTHLY/CO_gasoline/CO_gasoline2-Recent-9.png  used on input line 
454.
(pdftex.def)             Requested size: 264.46837pt x 198.35715pt.
File: C:/Users/huang/workspace/MASG/Output_FI/2020_02_09_10_28_30_AM/SFA_MONTHL
Y/CO_gasoline/CO_gasoline2-Acient-9.png Graphic file (type png)
<use C:/Users/huang/workspace/MASG/Output_FI/2020_02_09_10_28_30_AM/SFA_MONTHLY
/CO_gasoline/CO_gasoline2-Acient-9.png>
Package pdftex.def Info: C:/Users/huang/workspace/MASG/Output_FI/2020_02_09_10_
28_30_AM/SFA_MONTHLY/CO_gasoline/CO_gasoline2-Acient-9.png  used on input line 
454.
(pdftex.def)             Requested size: 264.46837pt x 198.35715pt.

Overfull \hbox (23.99998pt too wide) in alignment at lines 454--454
[][] 
 []

File: ./Picture/Logo.png Graphic file (type png)
<use ./Picture/Logo.png>
Package pdftex.def Info: ./Picture/Logo.png  used on input line 454.
(pdftex.def)             Requested size: 56.9055pt x 20.55377pt.
[250 <C:/Users/huang/workspace/MASG/Output_FI/2020_02_09_10_28_30_AM/SFA_MONTHL
Y/CO_gasoline/2_insample_diff.png> <C:/Users/huang/workspace/MASG/Output_FI/202
0_02_09_10_28_30_AM/SFA_MONTHLY/CO_gasoline/2_insample_level.png> <C:/Users/hua
ng/workspace/MASG/Output_FI/2020_02_09_10_28_30_AM/SFA_MONTHLY/CO_gasoline/CO_g
asoline2-Recent-9.png> <C:/Users/huang/workspace/MASG/Output_FI/2020_02_09_10_2
8_30_AM/SFA_MONTHLY/CO_gasoline/CO_gasoline2-Acient-9.png>]
File: C:/Users/huang/workspace/MASG/Output_FI/2020_02_09_10_28_30_AM/SFA_MONTHL
Y/CO_gasoline/3_insample_diff.png Graphic file (type png)
<use C:/Users/huang/workspace/MASG/Output_FI/2020_02_09_10_28_30_AM/SFA_MONTHLY
/CO_gasoline/3_insample_diff.png>
Package pdftex.def Info: C:/Users/huang/workspace/MASG/Output_FI/2020_02_09_10_
28_30_AM/SFA_MONTHLY/CO_gasoline/3_insample_diff.png  used on input line 454.
(pdftex.def)             Requested size: 264.46837pt x 264.46921pt.
File: C:/Users/huang/workspace/MASG/Output_FI/2020_02_09_10_28_30_AM/SFA_MONTHL
Y/CO_gasoline/3_insample_level.png Graphic file (type png)
<use C:/Users/huang/workspace/MASG/Output_FI/2020_02_09_10_28_30_AM/SFA_MONTHLY
/CO_gasoline/3_insample_level.png>
Package pdftex.def Info: C:/Users/huang/workspace/MASG/Output_FI/2020_02_09_10_
28_30_AM/SFA_MONTHLY/CO_gasoline/3_insample_level.png  used on input line 454.
(pdftex.def)             Requested size: 264.46837pt x 264.46921pt.
File: C:/Users/huang/workspace/MASG/Output_FI/2020_02_09_10_28_30_AM/SFA_MONTHL
Y/CO_gasoline/CO_gasoline3-Recent-9.png Graphic file (type png)
<use C:/Users/huang/workspace/MASG/Output_FI/2020_02_09_10_28_30_AM/SFA_MONTHLY
/CO_gasoline/CO_gasoline3-Recent-9.png>
Package pdftex.def Info: C:/Users/huang/workspace/MASG/Output_FI/2020_02_09_10_
28_30_AM/SFA_MONTHLY/CO_gasoline/CO_gasoline3-Recent-9.png  used on input line 
454.
(pdftex.def)             Requested size: 264.46837pt x 198.35715pt.
File: C:/Users/huang/workspace/MASG/Output_FI/2020_02_09_10_28_30_AM/SFA_MONTHL
Y/CO_gasoline/CO_gasoline3-Acient-9.png Graphic file (type png)
<use C:/Users/huang/workspace/MASG/Output_FI/2020_02_09_10_28_30_AM/SFA_MONTHLY
/CO_gasoline/CO_gasoline3-Acient-9.png>
Package pdftex.def Info: C:/Users/huang/workspace/MASG/Output_FI/2020_02_09_10_
28_30_AM/SFA_MONTHLY/CO_gasoline/CO_gasoline3-Acient-9.png  used on input line 
454.
(pdftex.def)             Requested size: 264.46837pt x 198.35715pt.

Overfull \hbox (23.99998pt too wide) in alignment at lines 454--454
[][] 
 []

File: ./Picture/Logo.png Graphic file (type png)
<use ./Picture/Logo.png>
Package pdftex.def Info: ./Picture/Logo.png  used on input line 454.
(pdftex.def)             Requested size: 56.9055pt x 20.55377pt.
[251 <C:/Users/huang/workspace/MASG/Output_FI/2020_02_09_10_28_30_AM/SFA_MONTHL
Y/CO_gasoline/3_insample_diff.png> <C:/Users/huang/workspace/MASG/Output_FI/202
0_02_09_10_28_30_AM/SFA_MONTHLY/CO_gasoline/3_insample_level.png> <C:/Users/hua
ng/workspace/MASG/Output_FI/2020_02_09_10_28_30_AM/SFA_MONTHLY/CO_gasoline/CO_g
asoline3-Recent-9.png> <C:/Users/huang/workspace/MASG/Output_FI/2020_02_09_10_2
8_30_AM/SFA_MONTHLY/CO_gasoline/CO_gasoline3-Acient-9.png>]
File: C:/Users/huang/workspace/MASG/Output_FI/2020_02_09_10_28_30_AM/SFA_MONTHL
Y/CO_gasoline/4_insample_diff.png Graphic file (type png)
<use C:/Users/huang/workspace/MASG/Output_FI/2020_02_09_10_28_30_AM/SFA_MONTHLY
/CO_gasoline/4_insample_diff.png>
Package pdftex.def Info: C:/Users/huang/workspace/MASG/Output_FI/2020_02_09_10_
28_30_AM/SFA_MONTHLY/CO_gasoline/4_insample_diff.png  used on input line 454.
(pdftex.def)             Requested size: 264.46837pt x 264.46921pt.
File: C:/Users/huang/workspace/MASG/Output_FI/2020_02_09_10_28_30_AM/SFA_MONTHL
Y/CO_gasoline/4_insample_level.png Graphic file (type png)
<use C:/Users/huang/workspace/MASG/Output_FI/2020_02_09_10_28_30_AM/SFA_MONTHLY
/CO_gasoline/4_insample_level.png>
Package pdftex.def Info: C:/Users/huang/workspace/MASG/Output_FI/2020_02_09_10_
28_30_AM/SFA_MONTHLY/CO_gasoline/4_insample_level.png  used on input line 454.
(pdftex.def)             Requested size: 264.46837pt x 264.46921pt.
File: C:/Users/huang/workspace/MASG/Output_FI/2020_02_09_10_28_30_AM/SFA_MONTHL
Y/CO_gasoline/CO_gasoline4-Recent-9.png Graphic file (type png)
<use C:/Users/huang/workspace/MASG/Output_FI/2020_02_09_10_28_30_AM/SFA_MONTHLY
/CO_gasoline/CO_gasoline4-Recent-9.png>
Package pdftex.def Info: C:/Users/huang/workspace/MASG/Output_FI/2020_02_09_10_
28_30_AM/SFA_MONTHLY/CO_gasoline/CO_gasoline4-Recent-9.png  used on input line 
454.
(pdftex.def)             Requested size: 264.46837pt x 198.35715pt.
File: C:/Users/huang/workspace/MASG/Output_FI/2020_02_09_10_28_30_AM/SFA_MONTHL
Y/CO_gasoline/CO_gasoline4-Acient-9.png Graphic file (type png)
<use C:/Users/huang/workspace/MASG/Output_FI/2020_02_09_10_28_30_AM/SFA_MONTHLY
/CO_gasoline/CO_gasoline4-Acient-9.png>
Package pdftex.def Info: C:/Users/huang/workspace/MASG/Output_FI/2020_02_09_10_
28_30_AM/SFA_MONTHLY/CO_gasoline/CO_gasoline4-Acient-9.png  used on input line 
454.
(pdftex.def)             Requested size: 264.46837pt x 198.35715pt.

Overfull \hbox (23.99998pt too wide) in alignment at lines 454--454
[][] 
 []

File: ./Picture/Logo.png Graphic file (type png)
<use ./Picture/Logo.png>
Package pdftex.def Info: ./Picture/Logo.png  used on input line 454.
(pdftex.def)             Requested size: 56.9055pt x 20.55377pt.
[252 <C:/Users/huang/workspace/MASG/Output_FI/2020_02_09_10_28_30_AM/SFA_MONTHL
Y/CO_gasoline/4_insample_diff.png> <C:/Users/huang/workspace/MASG/Output_FI/202
0_02_09_10_28_30_AM/SFA_MONTHLY/CO_gasoline/4_insample_level.png> <C:/Users/hua
ng/workspace/MASG/Output_FI/2020_02_09_10_28_30_AM/SFA_MONTHLY/CO_gasoline/CO_g
asoline4-Recent-9.png> <C:/Users/huang/workspace/MASG/Output_FI/2020_02_09_10_2
8_30_AM/SFA_MONTHLY/CO_gasoline/CO_gasoline4-Acient-9.png>]
File: C:/Users/huang/workspace/MASG/Output_FI/2020_02_09_10_28_30_AM/SFA_MONTHL
Y/CO_gasoline/5_insample_diff.png Graphic file (type png)
<use C:/Users/huang/workspace/MASG/Output_FI/2020_02_09_10_28_30_AM/SFA_MONTHLY
/CO_gasoline/5_insample_diff.png>
Package pdftex.def Info: C:/Users/huang/workspace/MASG/Output_FI/2020_02_09_10_
28_30_AM/SFA_MONTHLY/CO_gasoline/5_insample_diff.png  used on input line 454.
(pdftex.def)             Requested size: 264.46837pt x 264.46921pt.
File: C:/Users/huang/workspace/MASG/Output_FI/2020_02_09_10_28_30_AM/SFA_MONTHL
Y/CO_gasoline/5_insample_level.png Graphic file (type png)
<use C:/Users/huang/workspace/MASG/Output_FI/2020_02_09_10_28_30_AM/SFA_MONTHLY
/CO_gasoline/5_insample_level.png>
Package pdftex.def Info: C:/Users/huang/workspace/MASG/Output_FI/2020_02_09_10_
28_30_AM/SFA_MONTHLY/CO_gasoline/5_insample_level.png  used on input line 454.
(pdftex.def)             Requested size: 264.46837pt x 264.46921pt.
File: C:/Users/huang/workspace/MASG/Output_FI/2020_02_09_10_28_30_AM/SFA_MONTHL
Y/CO_gasoline/CO_gasoline5-Recent-9.png Graphic file (type png)
<use C:/Users/huang/workspace/MASG/Output_FI/2020_02_09_10_28_30_AM/SFA_MONTHLY
/CO_gasoline/CO_gasoline5-Recent-9.png>
Package pdftex.def Info: C:/Users/huang/workspace/MASG/Output_FI/2020_02_09_10_
28_30_AM/SFA_MONTHLY/CO_gasoline/CO_gasoline5-Recent-9.png  used on input line 
454.
(pdftex.def)             Requested size: 264.46837pt x 198.35715pt.
File: C:/Users/huang/workspace/MASG/Output_FI/2020_02_09_10_28_30_AM/SFA_MONTHL
Y/CO_gasoline/CO_gasoline5-Acient-9.png Graphic file (type png)
<use C:/Users/huang/workspace/MASG/Output_FI/2020_02_09_10_28_30_AM/SFA_MONTHLY
/CO_gasoline/CO_gasoline5-Acient-9.png>
Package pdftex.def Info: C:/Users/huang/workspace/MASG/Output_FI/2020_02_09_10_
28_30_AM/SFA_MONTHLY/CO_gasoline/CO_gasoline5-Acient-9.png  used on input line 
454.
(pdftex.def)             Requested size: 264.46837pt x 198.35715pt.

Overfull \hbox (23.99998pt too wide) in alignment at lines 454--454
[][] 
 []

File: ./Picture/Logo.png Graphic file (type png)
<use ./Picture/Logo.png>
Package pdftex.def Info: ./Picture/Logo.png  used on input line 454.
(pdftex.def)             Requested size: 56.9055pt x 20.55377pt.
[253 <C:/Users/huang/workspace/MASG/Output_FI/2020_02_09_10_28_30_AM/SFA_MONTHL
Y/CO_gasoline/5_insample_diff.png> <C:/Users/huang/workspace/MASG/Output_FI/202
0_02_09_10_28_30_AM/SFA_MONTHLY/CO_gasoline/5_insample_level.png> <C:/Users/hua
ng/workspace/MASG/Output_FI/2020_02_09_10_28_30_AM/SFA_MONTHLY/CO_gasoline/CO_g
asoline5-Recent-9.png> <C:/Users/huang/workspace/MASG/Output_FI/2020_02_09_10_2
8_30_AM/SFA_MONTHLY/CO_gasoline/CO_gasoline5-Acient-9.png>]
File: C:/Users/huang/workspace/MASG/Output_FI/2020_02_09_10_28_30_AM/SFA_MONTHL
Y/CO_gasoline/6_insample_diff.png Graphic file (type png)
<use C:/Users/huang/workspace/MASG/Output_FI/2020_02_09_10_28_30_AM/SFA_MONTHLY
/CO_gasoline/6_insample_diff.png>
Package pdftex.def Info: C:/Users/huang/workspace/MASG/Output_FI/2020_02_09_10_
28_30_AM/SFA_MONTHLY/CO_gasoline/6_insample_diff.png  used on input line 454.
(pdftex.def)             Requested size: 264.46837pt x 264.46921pt.
File: C:/Users/huang/workspace/MASG/Output_FI/2020_02_09_10_28_30_AM/SFA_MONTHL
Y/CO_gasoline/6_insample_level.png Graphic file (type png)
<use C:/Users/huang/workspace/MASG/Output_FI/2020_02_09_10_28_30_AM/SFA_MONTHLY
/CO_gasoline/6_insample_level.png>
Package pdftex.def Info: C:/Users/huang/workspace/MASG/Output_FI/2020_02_09_10_
28_30_AM/SFA_MONTHLY/CO_gasoline/6_insample_level.png  used on input line 454.
(pdftex.def)             Requested size: 264.46837pt x 264.46921pt.
File: C:/Users/huang/workspace/MASG/Output_FI/2020_02_09_10_28_30_AM/SFA_MONTHL
Y/CO_gasoline/CO_gasoline6-Recent-9.png Graphic file (type png)
<use C:/Users/huang/workspace/MASG/Output_FI/2020_02_09_10_28_30_AM/SFA_MONTHLY
/CO_gasoline/CO_gasoline6-Recent-9.png>
Package pdftex.def Info: C:/Users/huang/workspace/MASG/Output_FI/2020_02_09_10_
28_30_AM/SFA_MONTHLY/CO_gasoline/CO_gasoline6-Recent-9.png  used on input line 
454.
(pdftex.def)             Requested size: 264.46837pt x 198.35715pt.
File: C:/Users/huang/workspace/MASG/Output_FI/2020_02_09_10_28_30_AM/SFA_MONTHL
Y/CO_gasoline/CO_gasoline6-Acient-9.png Graphic file (type png)
<use C:/Users/huang/workspace/MASG/Output_FI/2020_02_09_10_28_30_AM/SFA_MONTHLY
/CO_gasoline/CO_gasoline6-Acient-9.png>
Package pdftex.def Info: C:/Users/huang/workspace/MASG/Output_FI/2020_02_09_10_
28_30_AM/SFA_MONTHLY/CO_gasoline/CO_gasoline6-Acient-9.png  used on input line 
454.
(pdftex.def)             Requested size: 264.46837pt x 198.35715pt.

Overfull \hbox (23.99998pt too wide) in alignment at lines 454--454
[][] 
 []

File: ./Picture/Logo.png Graphic file (type png)
<use ./Picture/Logo.png>
Package pdftex.def Info: ./Picture/Logo.png  used on input line 454.
(pdftex.def)             Requested size: 56.9055pt x 20.55377pt.
[254 <C:/Users/huang/workspace/MASG/Output_FI/2020_02_09_10_28_30_AM/SFA_MONTHL
Y/CO_gasoline/6_insample_diff.png> <C:/Users/huang/workspace/MASG/Output_FI/202
0_02_09_10_28_30_AM/SFA_MONTHLY/CO_gasoline/6_insample_level.png> <C:/Users/hua
ng/workspace/MASG/Output_FI/2020_02_09_10_28_30_AM/SFA_MONTHLY/CO_gasoline/CO_g
asoline6-Recent-9.png> <C:/Users/huang/workspace/MASG/Output_FI/2020_02_09_10_2
8_30_AM/SFA_MONTHLY/CO_gasoline/CO_gasoline6-Acient-9.png>]
File: C:/Users/huang/workspace/MASG/Output_FI/2020_02_09_10_28_30_AM/SFA_MONTHL
Y/CO_gasoline/7_insample_diff.png Graphic file (type png)
<use C:/Users/huang/workspace/MASG/Output_FI/2020_02_09_10_28_30_AM/SFA_MONTHLY
/CO_gasoline/7_insample_diff.png>
Package pdftex.def Info: C:/Users/huang/workspace/MASG/Output_FI/2020_02_09_10_
28_30_AM/SFA_MONTHLY/CO_gasoline/7_insample_diff.png  used on input line 454.
(pdftex.def)             Requested size: 264.46837pt x 264.46921pt.
File: C:/Users/huang/workspace/MASG/Output_FI/2020_02_09_10_28_30_AM/SFA_MONTHL
Y/CO_gasoline/7_insample_level.png Graphic file (type png)
<use C:/Users/huang/workspace/MASG/Output_FI/2020_02_09_10_28_30_AM/SFA_MONTHLY
/CO_gasoline/7_insample_level.png>
Package pdftex.def Info: C:/Users/huang/workspace/MASG/Output_FI/2020_02_09_10_
28_30_AM/SFA_MONTHLY/CO_gasoline/7_insample_level.png  used on input line 454.
(pdftex.def)             Requested size: 264.46837pt x 264.46921pt.
File: C:/Users/huang/workspace/MASG/Output_FI/2020_02_09_10_28_30_AM/SFA_MONTHL
Y/CO_gasoline/CO_gasoline7-Recent-9.png Graphic file (type png)
<use C:/Users/huang/workspace/MASG/Output_FI/2020_02_09_10_28_30_AM/SFA_MONTHLY
/CO_gasoline/CO_gasoline7-Recent-9.png>
Package pdftex.def Info: C:/Users/huang/workspace/MASG/Output_FI/2020_02_09_10_
28_30_AM/SFA_MONTHLY/CO_gasoline/CO_gasoline7-Recent-9.png  used on input line 
454.
(pdftex.def)             Requested size: 264.46837pt x 198.35715pt.
File: C:/Users/huang/workspace/MASG/Output_FI/2020_02_09_10_28_30_AM/SFA_MONTHL
Y/CO_gasoline/CO_gasoline7-Acient-9.png Graphic file (type png)
<use C:/Users/huang/workspace/MASG/Output_FI/2020_02_09_10_28_30_AM/SFA_MONTHLY
/CO_gasoline/CO_gasoline7-Acient-9.png>
Package pdftex.def Info: C:/Users/huang/workspace/MASG/Output_FI/2020_02_09_10_
28_30_AM/SFA_MONTHLY/CO_gasoline/CO_gasoline7-Acient-9.png  used on input line 
454.
(pdftex.def)             Requested size: 264.46837pt x 198.35715pt.

Overfull \hbox (23.99998pt too wide) in alignment at lines 454--454
[][] 
 []

File: ./Picture/Logo.png Graphic file (type png)
<use ./Picture/Logo.png>
Package pdftex.def Info: ./Picture/Logo.png  used on input line 454.
(pdftex.def)             Requested size: 56.9055pt x 20.55377pt.
[255 <C:/Users/huang/workspace/MASG/Output_FI/2020_02_09_10_28_30_AM/SFA_MONTHL
Y/CO_gasoline/7_insample_diff.png> <C:/Users/huang/workspace/MASG/Output_FI/202
0_02_09_10_28_30_AM/SFA_MONTHLY/CO_gasoline/7_insample_level.png> <C:/Users/hua
ng/workspace/MASG/Output_FI/2020_02_09_10_28_30_AM/SFA_MONTHLY/CO_gasoline/CO_g
asoline7-Recent-9.png> <C:/Users/huang/workspace/MASG/Output_FI/2020_02_09_10_2
8_30_AM/SFA_MONTHLY/CO_gasoline/CO_gasoline7-Acient-9.png>]
File: C:/Users/huang/workspace/MASG/Output_FI/2020_02_09_10_28_30_AM/SFA_MONTHL
Y/CO_gasoline/8_insample_diff.png Graphic file (type png)
<use C:/Users/huang/workspace/MASG/Output_FI/2020_02_09_10_28_30_AM/SFA_MONTHLY
/CO_gasoline/8_insample_diff.png>
Package pdftex.def Info: C:/Users/huang/workspace/MASG/Output_FI/2020_02_09_10_
28_30_AM/SFA_MONTHLY/CO_gasoline/8_insample_diff.png  used on input line 454.
(pdftex.def)             Requested size: 264.46837pt x 264.46921pt.
File: C:/Users/huang/workspace/MASG/Output_FI/2020_02_09_10_28_30_AM/SFA_MONTHL
Y/CO_gasoline/8_insample_level.png Graphic file (type png)
<use C:/Users/huang/workspace/MASG/Output_FI/2020_02_09_10_28_30_AM/SFA_MONTHLY
/CO_gasoline/8_insample_level.png>
Package pdftex.def Info: C:/Users/huang/workspace/MASG/Output_FI/2020_02_09_10_
28_30_AM/SFA_MONTHLY/CO_gasoline/8_insample_level.png  used on input line 454.
(pdftex.def)             Requested size: 264.46837pt x 264.46921pt.
File: C:/Users/huang/workspace/MASG/Output_FI/2020_02_09_10_28_30_AM/SFA_MONTHL
Y/CO_gasoline/CO_gasoline8-Recent-9.png Graphic file (type png)
<use C:/Users/huang/workspace/MASG/Output_FI/2020_02_09_10_28_30_AM/SFA_MONTHLY
/CO_gasoline/CO_gasoline8-Recent-9.png>
Package pdftex.def Info: C:/Users/huang/workspace/MASG/Output_FI/2020_02_09_10_
28_30_AM/SFA_MONTHLY/CO_gasoline/CO_gasoline8-Recent-9.png  used on input line 
454.
(pdftex.def)             Requested size: 264.46837pt x 198.35715pt.
File: C:/Users/huang/workspace/MASG/Output_FI/2020_02_09_10_28_30_AM/SFA_MONTHL
Y/CO_gasoline/CO_gasoline8-Acient-9.png Graphic file (type png)
<use C:/Users/huang/workspace/MASG/Output_FI/2020_02_09_10_28_30_AM/SFA_MONTHLY
/CO_gasoline/CO_gasoline8-Acient-9.png>
Package pdftex.def Info: C:/Users/huang/workspace/MASG/Output_FI/2020_02_09_10_
28_30_AM/SFA_MONTHLY/CO_gasoline/CO_gasoline8-Acient-9.png  used on input line 
454.
(pdftex.def)             Requested size: 264.46837pt x 198.35715pt.

Overfull \hbox (23.99998pt too wide) in alignment at lines 454--454
[][] 
 []

File: ./Picture/Logo.png Graphic file (type png)
<use ./Picture/Logo.png>
Package pdftex.def Info: ./Picture/Logo.png  used on input line 454.
(pdftex.def)             Requested size: 56.9055pt x 20.55377pt.
[256 <C:/Users/huang/workspace/MASG/Output_FI/2020_02_09_10_28_30_AM/SFA_MONTHL
Y/CO_gasoline/8_insample_diff.png> <C:/Users/huang/workspace/MASG/Output_FI/202
0_02_09_10_28_30_AM/SFA_MONTHLY/CO_gasoline/8_insample_level.png> <C:/Users/hua
ng/workspace/MASG/Output_FI/2020_02_09_10_28_30_AM/SFA_MONTHLY/CO_gasoline/CO_g
asoline8-Recent-9.png> <C:/Users/huang/workspace/MASG/Output_FI/2020_02_09_10_2
8_30_AM/SFA_MONTHLY/CO_gasoline/CO_gasoline8-Acient-9.png>]
! Missing $ inserted.
<inserted text> 
                $
l.454 
      
I've inserted a begin-math/end-math symbol since I think
you left one out. Proceed, with fingers crossed.

! Missing $ inserted.
<inserted text> 
                $
l.454 
      
I've inserted a begin-math/end-math symbol since I think
you left one out. Proceed, with fingers crossed.


Package hyperref Warning: Token not allowed in a PDF string (PDFDocEncoding):
(hyperref)                removing `subscript' on input line 454.


(C:/Users/huang/workspace/MASG/Output_FI/2020_02_09_10_28_30_AM/MFA_MONTHLY/CO_
gasoline/MFA_CO_gasoline.tex
Overfull \hbox (21.30757pt too wide) in alignment at lines 3--26
 [] [] [] [] [] [] [] [] [] [] [] 
 []


Underfull \vbox (badness 10000) detected at line 26
 []


Overfull \hbox (21.30757pt too wide) in alignment at lines 26--46
 [] [] [] [] [] [] [] [] [] [] [] 
 []

! Missing $ inserted.
<inserted text> 
                $
l.59 \caption{Two Factor Analysis-CO_gasoline}
                                              
I've inserted a begin-math/end-math symbol since I think
you left one out. Proceed, with fingers crossed.

! Missing $ inserted.
<inserted text> 
                $
l.59 \caption{Two Factor Analysis-CO_gasoline}
                                              
I've inserted a begin-math/end-math symbol since I think
you left one out. Proceed, with fingers crossed.


Overfull \hbox (21.30757pt too wide) in alignment at lines 46--60
 [] [] [] [] [] [] [] [] [] [] [] 
 []

File: ./Picture/Logo.png Graphic file (type png)
<use ./Picture/Logo.png>
Package pdftex.def Info: ./Picture/Logo.png  used on input line 60.
(pdftex.def)             Requested size: 56.9055pt x 20.55377pt.
[257

])

! LaTeX Error: There's no line here to end.

See the LaTeX manual or LaTeX Companion for explanation.
Type  H <return>  for immediate help.
 ...                                              
                                                  
l.454 
      
Your command was ignored.
Type  I <command> <return>  to replace it with another command,
or  <return>  to continue without it.


(C:/Users/huang/workspace/MASG/Output_FI/2020_02_09_10_28_30_AM/MFA_MONTHLY/CO_
gasoline/MFA_RelevantVariables_CO_gasoline.tex
! Missing $ inserted.
<inserted text> 
                $
l.4 \caption{Relevant Variables: CO_gasoline}
                                              \\
I've inserted a begin-math/end-math symbol since I think
you left one out. Proceed, with fingers crossed.

! Missing $ inserted.
<inserted text> 
                $
l.4 \caption{Relevant Variables: CO_gasoline}
                                              \\
I've inserted a begin-math/end-math symbol since I think
you left one out. Proceed, with fingers crossed.

File: ./Picture/Logo.png Graphic file (type png)
<use ./Picture/Logo.png>
Package pdftex.def Info: ./Picture/Logo.png  used on input line 86.
(pdftex.def)             Requested size: 56.9055pt x 20.55377pt.
[258])
File: ./Picture/Logo.png Graphic file (type png)
<use ./Picture/Logo.png>
Package pdftex.def Info: ./Picture/Logo.png  used on input line 454.
(pdftex.def)             Requested size: 56.9055pt x 20.55377pt.
 [259]
File: C:/Users/huang/workspace/MASG/Output_FI/2020_02_09_10_28_30_AM/MFA_MONTHL
Y/CO_gasoline/1_insample_diff.png Graphic file (type png)
<use C:/Users/huang/workspace/MASG/Output_FI/2020_02_09_10_28_30_AM/MFA_MONTHLY
/CO_gasoline/1_insample_diff.png>
Package pdftex.def Info: C:/Users/huang/workspace/MASG/Output_FI/2020_02_09_10_
28_30_AM/MFA_MONTHLY/CO_gasoline/1_insample_diff.png  used on input line 454.
(pdftex.def)             Requested size: 264.46837pt x 198.35715pt.

Underfull \hbox (badness 10000) in alignment at lines 454--454
[][] 
 []


Underfull \hbox (badness 10000) in alignment at lines 454--454
[] 
 []

File: C:/Users/huang/workspace/MASG/Output_FI/2020_02_09_10_28_30_AM/MFA_MONTHL
Y/CO_gasoline/CO_gasoline1-Recent-9.png Graphic file (type png)
<use C:/Users/huang/workspace/MASG/Output_FI/2020_02_09_10_28_30_AM/MFA_MONTHLY
/CO_gasoline/CO_gasoline1-Recent-9.png>
Package pdftex.def Info: C:/Users/huang/workspace/MASG/Output_FI/2020_02_09_10_
28_30_AM/MFA_MONTHLY/CO_gasoline/CO_gasoline1-Recent-9.png  used on input line 
454.
(pdftex.def)             Requested size: 264.46837pt x 198.35715pt.
File: C:/Users/huang/workspace/MASG/Output_FI/2020_02_09_10_28_30_AM/MFA_MONTHL
Y/CO_gasoline/CO_gasoline1-Acient-9.png Graphic file (type png)
<use C:/Users/huang/workspace/MASG/Output_FI/2020_02_09_10_28_30_AM/MFA_MONTHLY
/CO_gasoline/CO_gasoline1-Acient-9.png>
Package pdftex.def Info: C:/Users/huang/workspace/MASG/Output_FI/2020_02_09_10_
28_30_AM/MFA_MONTHLY/CO_gasoline/CO_gasoline1-Acient-9.png  used on input line 
454.
(pdftex.def)             Requested size: 264.46837pt x 198.35715pt.
File: C:/Users/huang/workspace/MASG/Output_FI/2020_02_09_10_28_30_AM/MFA_MONTHL
Y/CO_gasoline/1_insample_residuals.png Graphic file (type png)
<use C:/Users/huang/workspace/MASG/Output_FI/2020_02_09_10_28_30_AM/MFA_MONTHLY
/CO_gasoline/1_insample_residuals.png>
Package pdftex.def Info: C:/Users/huang/workspace/MASG/Output_FI/2020_02_09_10_
28_30_AM/MFA_MONTHLY/CO_gasoline/1_insample_residuals.png  used on input line 4
54.
(pdftex.def)             Requested size: 264.46837pt x 198.35715pt.

Overfull \hbox (23.99998pt too wide) in alignment at lines 454--454
[][] 
 []


Overfull \hbox (15.0pt too wide) in paragraph at lines 454--454
[][] 
 []

File: ./Picture/Logo.png Graphic file (type png)
<use ./Picture/Logo.png>
Package pdftex.def Info: ./Picture/Logo.png  used on input line 454.
(pdftex.def)             Requested size: 56.9055pt x 20.55377pt.
[260

 <C:/Users/huang/workspace/MASG/Output_FI/2020_02_09_10_28_30_AM/MFA_MONTHLY/CO
_gasoline/1_insample_diff.png>]
File: ./Picture/Logo.png Graphic file (type png)
<use ./Picture/Logo.png>
Package pdftex.def Info: ./Picture/Logo.png  used on input line 454.
(pdftex.def)             Requested size: 56.9055pt x 20.55377pt.
 [261 <C:/Users/huang/workspace/MASG/Output_FI/2020_02_09_10_28_30_AM/MFA_MONTH
LY/CO_gasoline/CO_gasoline1-Recent-9.png> <C:/Users/huang/workspace/MASG/Output
_FI/2020_02_09_10_28_30_AM/MFA_MONTHLY/CO_gasoline/CO_gasoline1-Acient-9.png> <
C:/Users/huang/workspace/MASG/Output_FI/2020_02_09_10_28_30_AM/MFA_MONTHLY/CO_g
asoline/1_insample_residuals.png>]
File: C:/Users/huang/workspace/MASG/Output_FI/2020_02_09_10_28_30_AM/MFA_MONTHL
Y/CO_gasoline/2_insample_diff.png Graphic file (type png)
<use C:/Users/huang/workspace/MASG/Output_FI/2020_02_09_10_28_30_AM/MFA_MONTHLY
/CO_gasoline/2_insample_diff.png>
Package pdftex.def Info: C:/Users/huang/workspace/MASG/Output_FI/2020_02_09_10_
28_30_AM/MFA_MONTHLY/CO_gasoline/2_insample_diff.png  used on input line 454.
(pdftex.def)             Requested size: 264.46837pt x 198.35715pt.

Underfull \hbox (badness 10000) in alignment at lines 454--454
[][] 
 []


Underfull \hbox (badness 10000) in alignment at lines 454--454
[] 
 []

File: C:/Users/huang/workspace/MASG/Output_FI/2020_02_09_10_28_30_AM/MFA_MONTHL
Y/CO_gasoline/CO_gasoline2-Recent-9.png Graphic file (type png)
<use C:/Users/huang/workspace/MASG/Output_FI/2020_02_09_10_28_30_AM/MFA_MONTHLY
/CO_gasoline/CO_gasoline2-Recent-9.png>
Package pdftex.def Info: C:/Users/huang/workspace/MASG/Output_FI/2020_02_09_10_
28_30_AM/MFA_MONTHLY/CO_gasoline/CO_gasoline2-Recent-9.png  used on input line 
454.
(pdftex.def)             Requested size: 264.46837pt x 198.35715pt.
File: C:/Users/huang/workspace/MASG/Output_FI/2020_02_09_10_28_30_AM/MFA_MONTHL
Y/CO_gasoline/CO_gasoline2-Acient-9.png Graphic file (type png)
<use C:/Users/huang/workspace/MASG/Output_FI/2020_02_09_10_28_30_AM/MFA_MONTHLY
/CO_gasoline/CO_gasoline2-Acient-9.png>
Package pdftex.def Info: C:/Users/huang/workspace/MASG/Output_FI/2020_02_09_10_
28_30_AM/MFA_MONTHLY/CO_gasoline/CO_gasoline2-Acient-9.png  used on input line 
454.
(pdftex.def)             Requested size: 264.46837pt x 198.35715pt.
File: C:/Users/huang/workspace/MASG/Output_FI/2020_02_09_10_28_30_AM/MFA_MONTHL
Y/CO_gasoline/2_insample_residuals.png Graphic file (type png)
<use C:/Users/huang/workspace/MASG/Output_FI/2020_02_09_10_28_30_AM/MFA_MONTHLY
/CO_gasoline/2_insample_residuals.png>
Package pdftex.def Info: C:/Users/huang/workspace/MASG/Output_FI/2020_02_09_10_
28_30_AM/MFA_MONTHLY/CO_gasoline/2_insample_residuals.png  used on input line 4
54.
(pdftex.def)             Requested size: 264.46837pt x 198.35715pt.

Overfull \hbox (23.99998pt too wide) in alignment at lines 454--454
[][] 
 []


Overfull \hbox (15.0pt too wide) in paragraph at lines 454--454
[][] 
 []

File: ./Picture/Logo.png Graphic file (type png)
<use ./Picture/Logo.png>
Package pdftex.def Info: ./Picture/Logo.png  used on input line 454.
(pdftex.def)             Requested size: 56.9055pt x 20.55377pt.
[262 <C:/Users/huang/workspace/MASG/Output_FI/2020_02_09_10_28_30_AM/MFA_MONTHL
Y/CO_gasoline/2_insample_diff.png>]
File: ./Picture/Logo.png Graphic file (type png)
<use ./Picture/Logo.png>
Package pdftex.def Info: ./Picture/Logo.png  used on input line 454.
(pdftex.def)             Requested size: 56.9055pt x 20.55377pt.
 [263 <C:/Users/huang/workspace/MASG/Output_FI/2020_02_09_10_28_30_AM/MFA_MONTH
LY/CO_gasoline/CO_gasoline2-Recent-9.png> <C:/Users/huang/workspace/MASG/Output
_FI/2020_02_09_10_28_30_AM/MFA_MONTHLY/CO_gasoline/CO_gasoline2-Acient-9.png> <
C:/Users/huang/workspace/MASG/Output_FI/2020_02_09_10_28_30_AM/MFA_MONTHLY/CO_g
asoline/2_insample_residuals.png>]
File: C:/Users/huang/workspace/MASG/Output_FI/2020_02_09_10_28_30_AM/MFA_MONTHL
Y/CO_gasoline/3_insample_diff.png Graphic file (type png)
<use C:/Users/huang/workspace/MASG/Output_FI/2020_02_09_10_28_30_AM/MFA_MONTHLY
/CO_gasoline/3_insample_diff.png>
Package pdftex.def Info: C:/Users/huang/workspace/MASG/Output_FI/2020_02_09_10_
28_30_AM/MFA_MONTHLY/CO_gasoline/3_insample_diff.png  used on input line 454.
(pdftex.def)             Requested size: 264.46837pt x 198.35715pt.

Underfull \hbox (badness 10000) in alignment at lines 454--454
[][] 
 []


Underfull \hbox (badness 10000) in alignment at lines 454--454
[] 
 []

File: C:/Users/huang/workspace/MASG/Output_FI/2020_02_09_10_28_30_AM/MFA_MONTHL
Y/CO_gasoline/CO_gasoline3-Recent-9.png Graphic file (type png)
<use C:/Users/huang/workspace/MASG/Output_FI/2020_02_09_10_28_30_AM/MFA_MONTHLY
/CO_gasoline/CO_gasoline3-Recent-9.png>
Package pdftex.def Info: C:/Users/huang/workspace/MASG/Output_FI/2020_02_09_10_
28_30_AM/MFA_MONTHLY/CO_gasoline/CO_gasoline3-Recent-9.png  used on input line 
454.
(pdftex.def)             Requested size: 264.46837pt x 198.35715pt.
File: C:/Users/huang/workspace/MASG/Output_FI/2020_02_09_10_28_30_AM/MFA_MONTHL
Y/CO_gasoline/CO_gasoline3-Acient-9.png Graphic file (type png)
<use C:/Users/huang/workspace/MASG/Output_FI/2020_02_09_10_28_30_AM/MFA_MONTHLY
/CO_gasoline/CO_gasoline3-Acient-9.png>
Package pdftex.def Info: C:/Users/huang/workspace/MASG/Output_FI/2020_02_09_10_
28_30_AM/MFA_MONTHLY/CO_gasoline/CO_gasoline3-Acient-9.png  used on input line 
454.
(pdftex.def)             Requested size: 264.46837pt x 198.35715pt.
File: C:/Users/huang/workspace/MASG/Output_FI/2020_02_09_10_28_30_AM/MFA_MONTHL
Y/CO_gasoline/3_insample_residuals.png Graphic file (type png)
<use C:/Users/huang/workspace/MASG/Output_FI/2020_02_09_10_28_30_AM/MFA_MONTHLY
/CO_gasoline/3_insample_residuals.png>
Package pdftex.def Info: C:/Users/huang/workspace/MASG/Output_FI/2020_02_09_10_
28_30_AM/MFA_MONTHLY/CO_gasoline/3_insample_residuals.png  used on input line 4
54.
(pdftex.def)             Requested size: 264.46837pt x 198.35715pt.

Overfull \hbox (23.99998pt too wide) in alignment at lines 454--454
[][] 
 []


Overfull \hbox (15.0pt too wide) in paragraph at lines 454--454
[][] 
 []

File: ./Picture/Logo.png Graphic file (type png)
<use ./Picture/Logo.png>
Package pdftex.def Info: ./Picture/Logo.png  used on input line 454.
(pdftex.def)             Requested size: 56.9055pt x 20.55377pt.
[264 <C:/Users/huang/workspace/MASG/Output_FI/2020_02_09_10_28_30_AM/MFA_MONTHL
Y/CO_gasoline/3_insample_diff.png>]
File: ./Picture/Logo.png Graphic file (type png)
<use ./Picture/Logo.png>
Package pdftex.def Info: ./Picture/Logo.png  used on input line 454.
(pdftex.def)             Requested size: 56.9055pt x 20.55377pt.
 [265 <C:/Users/huang/workspace/MASG/Output_FI/2020_02_09_10_28_30_AM/MFA_MONTH
LY/CO_gasoline/CO_gasoline3-Recent-9.png> <C:/Users/huang/workspace/MASG/Output
_FI/2020_02_09_10_28_30_AM/MFA_MONTHLY/CO_gasoline/CO_gasoline3-Acient-9.png> <
C:/Users/huang/workspace/MASG/Output_FI/2020_02_09_10_28_30_AM/MFA_MONTHLY/CO_g
asoline/3_insample_residuals.png>]
File: C:/Users/huang/workspace/MASG/Output_FI/2020_02_09_10_28_30_AM/MFA_MONTHL
Y/CO_gasoline/4_insample_diff.png Graphic file (type png)
<use C:/Users/huang/workspace/MASG/Output_FI/2020_02_09_10_28_30_AM/MFA_MONTHLY
/CO_gasoline/4_insample_diff.png>
Package pdftex.def Info: C:/Users/huang/workspace/MASG/Output_FI/2020_02_09_10_
28_30_AM/MFA_MONTHLY/CO_gasoline/4_insample_diff.png  used on input line 454.
(pdftex.def)             Requested size: 264.46837pt x 198.35715pt.

Underfull \hbox (badness 10000) in alignment at lines 454--454
[][] 
 []


Underfull \hbox (badness 10000) in alignment at lines 454--454
[] 
 []

File: C:/Users/huang/workspace/MASG/Output_FI/2020_02_09_10_28_30_AM/MFA_MONTHL
Y/CO_gasoline/CO_gasoline4-Recent-9.png Graphic file (type png)
<use C:/Users/huang/workspace/MASG/Output_FI/2020_02_09_10_28_30_AM/MFA_MONTHLY
/CO_gasoline/CO_gasoline4-Recent-9.png>
Package pdftex.def Info: C:/Users/huang/workspace/MASG/Output_FI/2020_02_09_10_
28_30_AM/MFA_MONTHLY/CO_gasoline/CO_gasoline4-Recent-9.png  used on input line 
454.
(pdftex.def)             Requested size: 264.46837pt x 198.35715pt.
File: C:/Users/huang/workspace/MASG/Output_FI/2020_02_09_10_28_30_AM/MFA_MONTHL
Y/CO_gasoline/CO_gasoline4-Acient-9.png Graphic file (type png)
<use C:/Users/huang/workspace/MASG/Output_FI/2020_02_09_10_28_30_AM/MFA_MONTHLY
/CO_gasoline/CO_gasoline4-Acient-9.png>
Package pdftex.def Info: C:/Users/huang/workspace/MASG/Output_FI/2020_02_09_10_
28_30_AM/MFA_MONTHLY/CO_gasoline/CO_gasoline4-Acient-9.png  used on input line 
454.
(pdftex.def)             Requested size: 264.46837pt x 198.35715pt.
File: C:/Users/huang/workspace/MASG/Output_FI/2020_02_09_10_28_30_AM/MFA_MONTHL
Y/CO_gasoline/4_insample_residuals.png Graphic file (type png)
<use C:/Users/huang/workspace/MASG/Output_FI/2020_02_09_10_28_30_AM/MFA_MONTHLY
/CO_gasoline/4_insample_residuals.png>
Package pdftex.def Info: C:/Users/huang/workspace/MASG/Output_FI/2020_02_09_10_
28_30_AM/MFA_MONTHLY/CO_gasoline/4_insample_residuals.png  used on input line 4
54.
(pdftex.def)             Requested size: 264.46837pt x 198.35715pt.

Overfull \hbox (23.99998pt too wide) in alignment at lines 454--454
[][] 
 []


Overfull \hbox (15.0pt too wide) in paragraph at lines 454--454
[][] 
 []

File: ./Picture/Logo.png Graphic file (type png)
<use ./Picture/Logo.png>
Package pdftex.def Info: ./Picture/Logo.png  used on input line 454.
(pdftex.def)             Requested size: 56.9055pt x 20.55377pt.
[266 <C:/Users/huang/workspace/MASG/Output_FI/2020_02_09_10_28_30_AM/MFA_MONTHL
Y/CO_gasoline/4_insample_diff.png>]
File: ./Picture/Logo.png Graphic file (type png)
<use ./Picture/Logo.png>
Package pdftex.def Info: ./Picture/Logo.png  used on input line 454.
(pdftex.def)             Requested size: 56.9055pt x 20.55377pt.
 [267 <C:/Users/huang/workspace/MASG/Output_FI/2020_02_09_10_28_30_AM/MFA_MONTH
LY/CO_gasoline/CO_gasoline4-Recent-9.png> <C:/Users/huang/workspace/MASG/Output
_FI/2020_02_09_10_28_30_AM/MFA_MONTHLY/CO_gasoline/CO_gasoline4-Acient-9.png> <
C:/Users/huang/workspace/MASG/Output_FI/2020_02_09_10_28_30_AM/MFA_MONTHLY/CO_g
asoline/4_insample_residuals.png>]
File: C:/Users/huang/workspace/MASG/Output_FI/2020_02_09_10_28_30_AM/MFA_MONTHL
Y/CO_gasoline/5_insample_diff.png Graphic file (type png)
<use C:/Users/huang/workspace/MASG/Output_FI/2020_02_09_10_28_30_AM/MFA_MONTHLY
/CO_gasoline/5_insample_diff.png>
Package pdftex.def Info: C:/Users/huang/workspace/MASG/Output_FI/2020_02_09_10_
28_30_AM/MFA_MONTHLY/CO_gasoline/5_insample_diff.png  used on input line 454.
(pdftex.def)             Requested size: 264.46837pt x 198.35715pt.

Underfull \hbox (badness 10000) in alignment at lines 454--454
[][] 
 []


Underfull \hbox (badness 10000) in alignment at lines 454--454
[] 
 []

File: C:/Users/huang/workspace/MASG/Output_FI/2020_02_09_10_28_30_AM/MFA_MONTHL
Y/CO_gasoline/CO_gasoline5-Recent-9.png Graphic file (type png)
<use C:/Users/huang/workspace/MASG/Output_FI/2020_02_09_10_28_30_AM/MFA_MONTHLY
/CO_gasoline/CO_gasoline5-Recent-9.png>
Package pdftex.def Info: C:/Users/huang/workspace/MASG/Output_FI/2020_02_09_10_
28_30_AM/MFA_MONTHLY/CO_gasoline/CO_gasoline5-Recent-9.png  used on input line 
454.
(pdftex.def)             Requested size: 264.46837pt x 198.35715pt.
File: C:/Users/huang/workspace/MASG/Output_FI/2020_02_09_10_28_30_AM/MFA_MONTHL
Y/CO_gasoline/CO_gasoline5-Acient-9.png Graphic file (type png)
<use C:/Users/huang/workspace/MASG/Output_FI/2020_02_09_10_28_30_AM/MFA_MONTHLY
/CO_gasoline/CO_gasoline5-Acient-9.png>
Package pdftex.def Info: C:/Users/huang/workspace/MASG/Output_FI/2020_02_09_10_
28_30_AM/MFA_MONTHLY/CO_gasoline/CO_gasoline5-Acient-9.png  used on input line 
454.
(pdftex.def)             Requested size: 264.46837pt x 198.35715pt.
File: C:/Users/huang/workspace/MASG/Output_FI/2020_02_09_10_28_30_AM/MFA_MONTHL
Y/CO_gasoline/5_insample_residuals.png Graphic file (type png)
<use C:/Users/huang/workspace/MASG/Output_FI/2020_02_09_10_28_30_AM/MFA_MONTHLY
/CO_gasoline/5_insample_residuals.png>
Package pdftex.def Info: C:/Users/huang/workspace/MASG/Output_FI/2020_02_09_10_
28_30_AM/MFA_MONTHLY/CO_gasoline/5_insample_residuals.png  used on input line 4
54.
(pdftex.def)             Requested size: 264.46837pt x 198.35715pt.

Overfull \hbox (23.99998pt too wide) in alignment at lines 454--454
[][] 
 []


Overfull \hbox (15.0pt too wide) in paragraph at lines 454--454
[][] 
 []

File: ./Picture/Logo.png Graphic file (type png)
<use ./Picture/Logo.png>
Package pdftex.def Info: ./Picture/Logo.png  used on input line 454.
(pdftex.def)             Requested size: 56.9055pt x 20.55377pt.
[268 <C:/Users/huang/workspace/MASG/Output_FI/2020_02_09_10_28_30_AM/MFA_MONTHL
Y/CO_gasoline/5_insample_diff.png>]
File: ./Picture/Logo.png Graphic file (type png)
<use ./Picture/Logo.png>
Package pdftex.def Info: ./Picture/Logo.png  used on input line 454.
(pdftex.def)             Requested size: 56.9055pt x 20.55377pt.
 [269 <C:/Users/huang/workspace/MASG/Output_FI/2020_02_09_10_28_30_AM/MFA_MONTH
LY/CO_gasoline/CO_gasoline5-Recent-9.png> <C:/Users/huang/workspace/MASG/Output
_FI/2020_02_09_10_28_30_AM/MFA_MONTHLY/CO_gasoline/CO_gasoline5-Acient-9.png> <
C:/Users/huang/workspace/MASG/Output_FI/2020_02_09_10_28_30_AM/MFA_MONTHLY/CO_g
asoline/5_insample_residuals.png>]
File: C:/Users/huang/workspace/MASG/Output_FI/2020_02_09_10_28_30_AM/MFA_MONTHL
Y/CO_gasoline/6_insample_diff.png Graphic file (type png)
<use C:/Users/huang/workspace/MASG/Output_FI/2020_02_09_10_28_30_AM/MFA_MONTHLY
/CO_gasoline/6_insample_diff.png>
Package pdftex.def Info: C:/Users/huang/workspace/MASG/Output_FI/2020_02_09_10_
28_30_AM/MFA_MONTHLY/CO_gasoline/6_insample_diff.png  used on input line 454.
(pdftex.def)             Requested size: 264.46837pt x 198.35715pt.

Underfull \hbox (badness 10000) in alignment at lines 454--454
[][] 
 []


Underfull \hbox (badness 10000) in alignment at lines 454--454
[] 
 []

File: C:/Users/huang/workspace/MASG/Output_FI/2020_02_09_10_28_30_AM/MFA_MONTHL
Y/CO_gasoline/CO_gasoline6-Recent-9.png Graphic file (type png)
<use C:/Users/huang/workspace/MASG/Output_FI/2020_02_09_10_28_30_AM/MFA_MONTHLY
/CO_gasoline/CO_gasoline6-Recent-9.png>
Package pdftex.def Info: C:/Users/huang/workspace/MASG/Output_FI/2020_02_09_10_
28_30_AM/MFA_MONTHLY/CO_gasoline/CO_gasoline6-Recent-9.png  used on input line 
454.
(pdftex.def)             Requested size: 264.46837pt x 198.35715pt.
File: C:/Users/huang/workspace/MASG/Output_FI/2020_02_09_10_28_30_AM/MFA_MONTHL
Y/CO_gasoline/CO_gasoline6-Acient-9.png Graphic file (type png)
<use C:/Users/huang/workspace/MASG/Output_FI/2020_02_09_10_28_30_AM/MFA_MONTHLY
/CO_gasoline/CO_gasoline6-Acient-9.png>
Package pdftex.def Info: C:/Users/huang/workspace/MASG/Output_FI/2020_02_09_10_
28_30_AM/MFA_MONTHLY/CO_gasoline/CO_gasoline6-Acient-9.png  used on input line 
454.
(pdftex.def)             Requested size: 264.46837pt x 198.35715pt.
File: C:/Users/huang/workspace/MASG/Output_FI/2020_02_09_10_28_30_AM/MFA_MONTHL
Y/CO_gasoline/6_insample_residuals.png Graphic file (type png)
<use C:/Users/huang/workspace/MASG/Output_FI/2020_02_09_10_28_30_AM/MFA_MONTHLY
/CO_gasoline/6_insample_residuals.png>
Package pdftex.def Info: C:/Users/huang/workspace/MASG/Output_FI/2020_02_09_10_
28_30_AM/MFA_MONTHLY/CO_gasoline/6_insample_residuals.png  used on input line 4
54.
(pdftex.def)             Requested size: 264.46837pt x 198.35715pt.

Overfull \hbox (23.99998pt too wide) in alignment at lines 454--454
[][] 
 []


Overfull \hbox (15.0pt too wide) in paragraph at lines 454--454
[][] 
 []

File: ./Picture/Logo.png Graphic file (type png)
<use ./Picture/Logo.png>
Package pdftex.def Info: ./Picture/Logo.png  used on input line 454.
(pdftex.def)             Requested size: 56.9055pt x 20.55377pt.
[270 <C:/Users/huang/workspace/MASG/Output_FI/2020_02_09_10_28_30_AM/MFA_MONTHL
Y/CO_gasoline/6_insample_diff.png>]
File: ./Picture/Logo.png Graphic file (type png)
<use ./Picture/Logo.png>
Package pdftex.def Info: ./Picture/Logo.png  used on input line 454.
(pdftex.def)             Requested size: 56.9055pt x 20.55377pt.
 [271 <C:/Users/huang/workspace/MASG/Output_FI/2020_02_09_10_28_30_AM/MFA_MONTH
LY/CO_gasoline/CO_gasoline6-Recent-9.png> <C:/Users/huang/workspace/MASG/Output
_FI/2020_02_09_10_28_30_AM/MFA_MONTHLY/CO_gasoline/CO_gasoline6-Acient-9.png> <
C:/Users/huang/workspace/MASG/Output_FI/2020_02_09_10_28_30_AM/MFA_MONTHLY/CO_g
asoline/6_insample_residuals.png>]
File: C:/Users/huang/workspace/MASG/Output_FI/2020_02_09_10_28_30_AM/MFA_MONTHL
Y/CO_gasoline/7_insample_diff.png Graphic file (type png)
<use C:/Users/huang/workspace/MASG/Output_FI/2020_02_09_10_28_30_AM/MFA_MONTHLY
/CO_gasoline/7_insample_diff.png>
Package pdftex.def Info: C:/Users/huang/workspace/MASG/Output_FI/2020_02_09_10_
28_30_AM/MFA_MONTHLY/CO_gasoline/7_insample_diff.png  used on input line 454.
(pdftex.def)             Requested size: 264.46837pt x 198.35715pt.

Underfull \hbox (badness 10000) in alignment at lines 454--454
[][] 
 []


Underfull \hbox (badness 10000) in alignment at lines 454--454
[] 
 []

File: C:/Users/huang/workspace/MASG/Output_FI/2020_02_09_10_28_30_AM/MFA_MONTHL
Y/CO_gasoline/CO_gasoline7-Recent-9.png Graphic file (type png)
<use C:/Users/huang/workspace/MASG/Output_FI/2020_02_09_10_28_30_AM/MFA_MONTHLY
/CO_gasoline/CO_gasoline7-Recent-9.png>
Package pdftex.def Info: C:/Users/huang/workspace/MASG/Output_FI/2020_02_09_10_
28_30_AM/MFA_MONTHLY/CO_gasoline/CO_gasoline7-Recent-9.png  used on input line 
454.
(pdftex.def)             Requested size: 264.46837pt x 198.35715pt.
File: C:/Users/huang/workspace/MASG/Output_FI/2020_02_09_10_28_30_AM/MFA_MONTHL
Y/CO_gasoline/CO_gasoline7-Acient-9.png Graphic file (type png)
<use C:/Users/huang/workspace/MASG/Output_FI/2020_02_09_10_28_30_AM/MFA_MONTHLY
/CO_gasoline/CO_gasoline7-Acient-9.png>
Package pdftex.def Info: C:/Users/huang/workspace/MASG/Output_FI/2020_02_09_10_
28_30_AM/MFA_MONTHLY/CO_gasoline/CO_gasoline7-Acient-9.png  used on input line 
454.
(pdftex.def)             Requested size: 264.46837pt x 198.35715pt.
File: C:/Users/huang/workspace/MASG/Output_FI/2020_02_09_10_28_30_AM/MFA_MONTHL
Y/CO_gasoline/7_insample_residuals.png Graphic file (type png)
<use C:/Users/huang/workspace/MASG/Output_FI/2020_02_09_10_28_30_AM/MFA_MONTHLY
/CO_gasoline/7_insample_residuals.png>
Package pdftex.def Info: C:/Users/huang/workspace/MASG/Output_FI/2020_02_09_10_
28_30_AM/MFA_MONTHLY/CO_gasoline/7_insample_residuals.png  used on input line 4
54.
(pdftex.def)             Requested size: 264.46837pt x 198.35715pt.

Overfull \hbox (23.99998pt too wide) in alignment at lines 454--454
[][] 
 []


Overfull \hbox (15.0pt too wide) in paragraph at lines 454--454
[][] 
 []

File: ./Picture/Logo.png Graphic file (type png)
<use ./Picture/Logo.png>
Package pdftex.def Info: ./Picture/Logo.png  used on input line 454.
(pdftex.def)             Requested size: 56.9055pt x 20.55377pt.
[272 <C:/Users/huang/workspace/MASG/Output_FI/2020_02_09_10_28_30_AM/MFA_MONTHL
Y/CO_gasoline/7_insample_diff.png>]
File: ./Picture/Logo.png Graphic file (type png)
<use ./Picture/Logo.png>
Package pdftex.def Info: ./Picture/Logo.png  used on input line 454.
(pdftex.def)             Requested size: 56.9055pt x 20.55377pt.
 [273 <C:/Users/huang/workspace/MASG/Output_FI/2020_02_09_10_28_30_AM/MFA_MONTH
LY/CO_gasoline/CO_gasoline7-Recent-9.png> <C:/Users/huang/workspace/MASG/Output
_FI/2020_02_09_10_28_30_AM/MFA_MONTHLY/CO_gasoline/CO_gasoline7-Acient-9.png> <
C:/Users/huang/workspace/MASG/Output_FI/2020_02_09_10_28_30_AM/MFA_MONTHLY/CO_g
asoline/7_insample_residuals.png>]
File: C:/Users/huang/workspace/MASG/Output_FI/2020_02_09_10_28_30_AM/MFA_MONTHL
Y/CO_gasoline/8_insample_diff.png Graphic file (type png)
<use C:/Users/huang/workspace/MASG/Output_FI/2020_02_09_10_28_30_AM/MFA_MONTHLY
/CO_gasoline/8_insample_diff.png>
Package pdftex.def Info: C:/Users/huang/workspace/MASG/Output_FI/2020_02_09_10_
28_30_AM/MFA_MONTHLY/CO_gasoline/8_insample_diff.png  used on input line 454.
(pdftex.def)             Requested size: 264.46837pt x 198.35715pt.

Underfull \hbox (badness 10000) in alignment at lines 454--454
[][] 
 []


Underfull \hbox (badness 10000) in alignment at lines 454--454
[] 
 []

File: C:/Users/huang/workspace/MASG/Output_FI/2020_02_09_10_28_30_AM/MFA_MONTHL
Y/CO_gasoline/CO_gasoline8-Recent-9.png Graphic file (type png)
<use C:/Users/huang/workspace/MASG/Output_FI/2020_02_09_10_28_30_AM/MFA_MONTHLY
/CO_gasoline/CO_gasoline8-Recent-9.png>
Package pdftex.def Info: C:/Users/huang/workspace/MASG/Output_FI/2020_02_09_10_
28_30_AM/MFA_MONTHLY/CO_gasoline/CO_gasoline8-Recent-9.png  used on input line 
454.
(pdftex.def)             Requested size: 264.46837pt x 198.35715pt.
File: C:/Users/huang/workspace/MASG/Output_FI/2020_02_09_10_28_30_AM/MFA_MONTHL
Y/CO_gasoline/CO_gasoline8-Acient-9.png Graphic file (type png)
<use C:/Users/huang/workspace/MASG/Output_FI/2020_02_09_10_28_30_AM/MFA_MONTHLY
/CO_gasoline/CO_gasoline8-Acient-9.png>
Package pdftex.def Info: C:/Users/huang/workspace/MASG/Output_FI/2020_02_09_10_
28_30_AM/MFA_MONTHLY/CO_gasoline/CO_gasoline8-Acient-9.png  used on input line 
454.
(pdftex.def)             Requested size: 264.46837pt x 198.35715pt.
File: C:/Users/huang/workspace/MASG/Output_FI/2020_02_09_10_28_30_AM/MFA_MONTHL
Y/CO_gasoline/8_insample_residuals.png Graphic file (type png)
<use C:/Users/huang/workspace/MASG/Output_FI/2020_02_09_10_28_30_AM/MFA_MONTHLY
/CO_gasoline/8_insample_residuals.png>
Package pdftex.def Info: C:/Users/huang/workspace/MASG/Output_FI/2020_02_09_10_
28_30_AM/MFA_MONTHLY/CO_gasoline/8_insample_residuals.png  used on input line 4
54.
(pdftex.def)             Requested size: 264.46837pt x 198.35715pt.

Overfull \hbox (23.99998pt too wide) in alignment at lines 454--454
[][] 
 []


Overfull \hbox (15.0pt too wide) in paragraph at lines 454--454
[][] 
 []

File: ./Picture/Logo.png Graphic file (type png)
<use ./Picture/Logo.png>
Package pdftex.def Info: ./Picture/Logo.png  used on input line 454.
(pdftex.def)             Requested size: 56.9055pt x 20.55377pt.
[274 <C:/Users/huang/workspace/MASG/Output_FI/2020_02_09_10_28_30_AM/MFA_MONTHL
Y/CO_gasoline/8_insample_diff.png>]
File: ./Picture/Logo.png Graphic file (type png)
<use ./Picture/Logo.png>
Package pdftex.def Info: ./Picture/Logo.png  used on input line 454.
(pdftex.def)             Requested size: 56.9055pt x 20.55377pt.
 [275 <C:/Users/huang/workspace/MASG/Output_FI/2020_02_09_10_28_30_AM/MFA_MONTH
LY/CO_gasoline/CO_gasoline8-Recent-9.png> <C:/Users/huang/workspace/MASG/Output
_FI/2020_02_09_10_28_30_AM/MFA_MONTHLY/CO_gasoline/CO_gasoline8-Acient-9.png> <
C:/Users/huang/workspace/MASG/Output_FI/2020_02_09_10_28_30_AM/MFA_MONTHLY/CO_g
asoline/8_insample_residuals.png>]
File: C:/Users/huang/workspace/MASG/Output_FI/2020_02_09_10_28_30_AM/MFA_MONTHL
Y/CO_gasoline/9_insample_diff.png Graphic file (type png)
<use C:/Users/huang/workspace/MASG/Output_FI/2020_02_09_10_28_30_AM/MFA_MONTHLY
/CO_gasoline/9_insample_diff.png>
Package pdftex.def Info: C:/Users/huang/workspace/MASG/Output_FI/2020_02_09_10_
28_30_AM/MFA_MONTHLY/CO_gasoline/9_insample_diff.png  used on input line 454.
(pdftex.def)             Requested size: 264.46837pt x 198.35715pt.

Underfull \hbox (badness 10000) in alignment at lines 454--454
[][] 
 []


Underfull \hbox (badness 10000) in alignment at lines 454--454
[] 
 []

File: C:/Users/huang/workspace/MASG/Output_FI/2020_02_09_10_28_30_AM/MFA_MONTHL
Y/CO_gasoline/CO_gasoline9-Recent-9.png Graphic file (type png)
<use C:/Users/huang/workspace/MASG/Output_FI/2020_02_09_10_28_30_AM/MFA_MONTHLY
/CO_gasoline/CO_gasoline9-Recent-9.png>
Package pdftex.def Info: C:/Users/huang/workspace/MASG/Output_FI/2020_02_09_10_
28_30_AM/MFA_MONTHLY/CO_gasoline/CO_gasoline9-Recent-9.png  used on input line 
454.
(pdftex.def)             Requested size: 264.46837pt x 198.35715pt.
File: C:/Users/huang/workspace/MASG/Output_FI/2020_02_09_10_28_30_AM/MFA_MONTHL
Y/CO_gasoline/CO_gasoline9-Acient-9.png Graphic file (type png)
<use C:/Users/huang/workspace/MASG/Output_FI/2020_02_09_10_28_30_AM/MFA_MONTHLY
/CO_gasoline/CO_gasoline9-Acient-9.png>
Package pdftex.def Info: C:/Users/huang/workspace/MASG/Output_FI/2020_02_09_10_
28_30_AM/MFA_MONTHLY/CO_gasoline/CO_gasoline9-Acient-9.png  used on input line 
454.
(pdftex.def)             Requested size: 264.46837pt x 198.35715pt.
File: C:/Users/huang/workspace/MASG/Output_FI/2020_02_09_10_28_30_AM/MFA_MONTHL
Y/CO_gasoline/9_insample_residuals.png Graphic file (type png)
<use C:/Users/huang/workspace/MASG/Output_FI/2020_02_09_10_28_30_AM/MFA_MONTHLY
/CO_gasoline/9_insample_residuals.png>
Package pdftex.def Info: C:/Users/huang/workspace/MASG/Output_FI/2020_02_09_10_
28_30_AM/MFA_MONTHLY/CO_gasoline/9_insample_residuals.png  used on input line 4
54.
(pdftex.def)             Requested size: 264.46837pt x 198.35715pt.

Overfull \hbox (23.99998pt too wide) in alignment at lines 454--454
[][] 
 []


Overfull \hbox (15.0pt too wide) in paragraph at lines 454--454
[][] 
 []

File: ./Picture/Logo.png Graphic file (type png)
<use ./Picture/Logo.png>
Package pdftex.def Info: ./Picture/Logo.png  used on input line 454.
(pdftex.def)             Requested size: 56.9055pt x 20.55377pt.
[276 <C:/Users/huang/workspace/MASG/Output_FI/2020_02_09_10_28_30_AM/MFA_MONTHL
Y/CO_gasoline/9_insample_diff.png>]
File: ./Picture/Logo.png Graphic file (type png)
<use ./Picture/Logo.png>
Package pdftex.def Info: ./Picture/Logo.png  used on input line 454.
(pdftex.def)             Requested size: 56.9055pt x 20.55377pt.
 [277 <C:/Users/huang/workspace/MASG/Output_FI/2020_02_09_10_28_30_AM/MFA_MONTH
LY/CO_gasoline/CO_gasoline9-Recent-9.png> <C:/Users/huang/workspace/MASG/Output
_FI/2020_02_09_10_28_30_AM/MFA_MONTHLY/CO_gasoline/CO_gasoline9-Acient-9.png> <
C:/Users/huang/workspace/MASG/Output_FI/2020_02_09_10_28_30_AM/MFA_MONTHLY/CO_g
asoline/9_insample_residuals.png>]
File: C:/Users/huang/workspace/MASG/Output_FI/2020_02_09_10_28_30_AM/MFA_MONTHL
Y/CO_gasoline/10_insample_diff.png Graphic file (type png)
<use C:/Users/huang/workspace/MASG/Output_FI/2020_02_09_10_28_30_AM/MFA_MONTHLY
/CO_gasoline/10_insample_diff.png>
Package pdftex.def Info: C:/Users/huang/workspace/MASG/Output_FI/2020_02_09_10_
28_30_AM/MFA_MONTHLY/CO_gasoline/10_insample_diff.png  used on input line 454.
(pdftex.def)             Requested size: 264.46837pt x 198.35715pt.

Underfull \hbox (badness 10000) in alignment at lines 454--454
[][] 
 []


Underfull \hbox (badness 10000) in alignment at lines 454--454
[] 
 []

File: C:/Users/huang/workspace/MASG/Output_FI/2020_02_09_10_28_30_AM/MFA_MONTHL
Y/CO_gasoline/CO_gasoline10-Recent-9.png Graphic file (type png)
<use C:/Users/huang/workspace/MASG/Output_FI/2020_02_09_10_28_30_AM/MFA_MONTHLY
/CO_gasoline/CO_gasoline10-Recent-9.png>
Package pdftex.def Info: C:/Users/huang/workspace/MASG/Output_FI/2020_02_09_10_
28_30_AM/MFA_MONTHLY/CO_gasoline/CO_gasoline10-Recent-9.png  used on input line
 454.
(pdftex.def)             Requested size: 264.46837pt x 198.35715pt.
File: C:/Users/huang/workspace/MASG/Output_FI/2020_02_09_10_28_30_AM/MFA_MONTHL
Y/CO_gasoline/CO_gasoline10-Acient-9.png Graphic file (type png)
<use C:/Users/huang/workspace/MASG/Output_FI/2020_02_09_10_28_30_AM/MFA_MONTHLY
/CO_gasoline/CO_gasoline10-Acient-9.png>
Package pdftex.def Info: C:/Users/huang/workspace/MASG/Output_FI/2020_02_09_10_
28_30_AM/MFA_MONTHLY/CO_gasoline/CO_gasoline10-Acient-9.png  used on input line
 454.
(pdftex.def)             Requested size: 264.46837pt x 198.35715pt.
File: C:/Users/huang/workspace/MASG/Output_FI/2020_02_09_10_28_30_AM/MFA_MONTHL
Y/CO_gasoline/10_insample_residuals.png Graphic file (type png)
<use C:/Users/huang/workspace/MASG/Output_FI/2020_02_09_10_28_30_AM/MFA_MONTHLY
/CO_gasoline/10_insample_residuals.png>
Package pdftex.def Info: C:/Users/huang/workspace/MASG/Output_FI/2020_02_09_10_
28_30_AM/MFA_MONTHLY/CO_gasoline/10_insample_residuals.png  used on input line 
454.
(pdftex.def)             Requested size: 264.46837pt x 198.35715pt.

Overfull \hbox (23.99998pt too wide) in alignment at lines 454--454
[][] 
 []


Overfull \hbox (15.0pt too wide) in paragraph at lines 454--454
[][] 
 []

File: ./Picture/Logo.png Graphic file (type png)
<use ./Picture/Logo.png>
Package pdftex.def Info: ./Picture/Logo.png  used on input line 454.
(pdftex.def)             Requested size: 56.9055pt x 20.55377pt.
[278 <C:/Users/huang/workspace/MASG/Output_FI/2020_02_09_10_28_30_AM/MFA_MONTHL
Y/CO_gasoline/10_insample_diff.png>]
File: ./Picture/Logo.png Graphic file (type png)
<use ./Picture/Logo.png>
Package pdftex.def Info: ./Picture/Logo.png  used on input line 454.
(pdftex.def)             Requested size: 56.9055pt x 20.55377pt.
 [279 <C:/Users/huang/workspace/MASG/Output_FI/2020_02_09_10_28_30_AM/MFA_MONTH
LY/CO_gasoline/CO_gasoline10-Recent-9.png> <C:/Users/huang/workspace/MASG/Outpu
t_FI/2020_02_09_10_28_30_AM/MFA_MONTHLY/CO_gasoline/CO_gasoline10-Acient-9.png>
 <C:/Users/huang/workspace/MASG/Output_FI/2020_02_09_10_28_30_AM/MFA_MONTHLY/CO
_gasoline/10_insample_residuals.png>]
File: C:/Users/huang/workspace/MASG/Output_FI/2020_02_09_10_28_30_AM/MFA_MONTHL
Y/CO_gasoline/11_insample_diff.png Graphic file (type png)
<use C:/Users/huang/workspace/MASG/Output_FI/2020_02_09_10_28_30_AM/MFA_MONTHLY
/CO_gasoline/11_insample_diff.png>
Package pdftex.def Info: C:/Users/huang/workspace/MASG/Output_FI/2020_02_09_10_
28_30_AM/MFA_MONTHLY/CO_gasoline/11_insample_diff.png  used on input line 454.
(pdftex.def)             Requested size: 264.46837pt x 198.35715pt.

Underfull \hbox (badness 10000) in alignment at lines 454--454
[][] 
 []


Underfull \hbox (badness 10000) in alignment at lines 454--454
[] 
 []

File: C:/Users/huang/workspace/MASG/Output_FI/2020_02_09_10_28_30_AM/MFA_MONTHL
Y/CO_gasoline/CO_gasoline11-Recent-9.png Graphic file (type png)
<use C:/Users/huang/workspace/MASG/Output_FI/2020_02_09_10_28_30_AM/MFA_MONTHLY
/CO_gasoline/CO_gasoline11-Recent-9.png>
Package pdftex.def Info: C:/Users/huang/workspace/MASG/Output_FI/2020_02_09_10_
28_30_AM/MFA_MONTHLY/CO_gasoline/CO_gasoline11-Recent-9.png  used on input line
 454.
(pdftex.def)             Requested size: 264.46837pt x 198.35715pt.
File: C:/Users/huang/workspace/MASG/Output_FI/2020_02_09_10_28_30_AM/MFA_MONTHL
Y/CO_gasoline/CO_gasoline11-Acient-9.png Graphic file (type png)
<use C:/Users/huang/workspace/MASG/Output_FI/2020_02_09_10_28_30_AM/MFA_MONTHLY
/CO_gasoline/CO_gasoline11-Acient-9.png>
Package pdftex.def Info: C:/Users/huang/workspace/MASG/Output_FI/2020_02_09_10_
28_30_AM/MFA_MONTHLY/CO_gasoline/CO_gasoline11-Acient-9.png  used on input line
 454.
(pdftex.def)             Requested size: 264.46837pt x 198.35715pt.
File: C:/Users/huang/workspace/MASG/Output_FI/2020_02_09_10_28_30_AM/MFA_MONTHL
Y/CO_gasoline/11_insample_residuals.png Graphic file (type png)
<use C:/Users/huang/workspace/MASG/Output_FI/2020_02_09_10_28_30_AM/MFA_MONTHLY
/CO_gasoline/11_insample_residuals.png>
Package pdftex.def Info: C:/Users/huang/workspace/MASG/Output_FI/2020_02_09_10_
28_30_AM/MFA_MONTHLY/CO_gasoline/11_insample_residuals.png  used on input line 
454.
(pdftex.def)             Requested size: 264.46837pt x 198.35715pt.

Overfull \hbox (23.99998pt too wide) in alignment at lines 454--454
[][] 
 []


Overfull \hbox (15.0pt too wide) in paragraph at lines 454--454
[][] 
 []

File: ./Picture/Logo.png Graphic file (type png)
<use ./Picture/Logo.png>
Package pdftex.def Info: ./Picture/Logo.png  used on input line 454.
(pdftex.def)             Requested size: 56.9055pt x 20.55377pt.
[280 <C:/Users/huang/workspace/MASG/Output_FI/2020_02_09_10_28_30_AM/MFA_MONTHL
Y/CO_gasoline/11_insample_diff.png>]
File: ./Picture/Logo.png Graphic file (type png)
<use ./Picture/Logo.png>
Package pdftex.def Info: ./Picture/Logo.png  used on input line 454.
(pdftex.def)             Requested size: 56.9055pt x 20.55377pt.
 [281 <C:/Users/huang/workspace/MASG/Output_FI/2020_02_09_10_28_30_AM/MFA_MONTH
LY/CO_gasoline/CO_gasoline11-Recent-9.png> <C:/Users/huang/workspace/MASG/Outpu
t_FI/2020_02_09_10_28_30_AM/MFA_MONTHLY/CO_gasoline/CO_gasoline11-Acient-9.png>
 <C:/Users/huang/workspace/MASG/Output_FI/2020_02_09_10_28_30_AM/MFA_MONTHLY/CO
_gasoline/11_insample_residuals.png>]
File: C:/Users/huang/workspace/MASG/Output_FI/2020_02_09_10_28_30_AM/MFA_MONTHL
Y/CO_gasoline/12_insample_diff.png Graphic file (type png)
<use C:/Users/huang/workspace/MASG/Output_FI/2020_02_09_10_28_30_AM/MFA_MONTHLY
/CO_gasoline/12_insample_diff.png>
Package pdftex.def Info: C:/Users/huang/workspace/MASG/Output_FI/2020_02_09_10_
28_30_AM/MFA_MONTHLY/CO_gasoline/12_insample_diff.png  used on input line 454.
(pdftex.def)             Requested size: 264.46837pt x 198.35715pt.

Underfull \hbox (badness 10000) in alignment at lines 454--454
[][] 
 []


Underfull \hbox (badness 10000) in alignment at lines 454--454
[] 
 []

File: C:/Users/huang/workspace/MASG/Output_FI/2020_02_09_10_28_30_AM/MFA_MONTHL
Y/CO_gasoline/CO_gasoline12-Recent-9.png Graphic file (type png)
<use C:/Users/huang/workspace/MASG/Output_FI/2020_02_09_10_28_30_AM/MFA_MONTHLY
/CO_gasoline/CO_gasoline12-Recent-9.png>
Package pdftex.def Info: C:/Users/huang/workspace/MASG/Output_FI/2020_02_09_10_
28_30_AM/MFA_MONTHLY/CO_gasoline/CO_gasoline12-Recent-9.png  used on input line
 454.
(pdftex.def)             Requested size: 264.46837pt x 198.35715pt.
File: C:/Users/huang/workspace/MASG/Output_FI/2020_02_09_10_28_30_AM/MFA_MONTHL
Y/CO_gasoline/CO_gasoline12-Acient-9.png Graphic file (type png)
<use C:/Users/huang/workspace/MASG/Output_FI/2020_02_09_10_28_30_AM/MFA_MONTHLY
/CO_gasoline/CO_gasoline12-Acient-9.png>
Package pdftex.def Info: C:/Users/huang/workspace/MASG/Output_FI/2020_02_09_10_
28_30_AM/MFA_MONTHLY/CO_gasoline/CO_gasoline12-Acient-9.png  used on input line
 454.
(pdftex.def)             Requested size: 264.46837pt x 198.35715pt.
File: C:/Users/huang/workspace/MASG/Output_FI/2020_02_09_10_28_30_AM/MFA_MONTHL
Y/CO_gasoline/12_insample_residuals.png Graphic file (type png)
<use C:/Users/huang/workspace/MASG/Output_FI/2020_02_09_10_28_30_AM/MFA_MONTHLY
/CO_gasoline/12_insample_residuals.png>
Package pdftex.def Info: C:/Users/huang/workspace/MASG/Output_FI/2020_02_09_10_
28_30_AM/MFA_MONTHLY/CO_gasoline/12_insample_residuals.png  used on input line 
454.
(pdftex.def)             Requested size: 264.46837pt x 198.35715pt.

Overfull \hbox (23.99998pt too wide) in alignment at lines 454--454
[][] 
 []


Overfull \hbox (15.0pt too wide) in paragraph at lines 454--454
[][] 
 []

File: ./Picture/Logo.png Graphic file (type png)
<use ./Picture/Logo.png>
Package pdftex.def Info: ./Picture/Logo.png  used on input line 454.
(pdftex.def)             Requested size: 56.9055pt x 20.55377pt.
[282 <C:/Users/huang/workspace/MASG/Output_FI/2020_02_09_10_28_30_AM/MFA_MONTHL
Y/CO_gasoline/12_insample_diff.png>]
File: ./Picture/Logo.png Graphic file (type png)
<use ./Picture/Logo.png>
Package pdftex.def Info: ./Picture/Logo.png  used on input line 454.
(pdftex.def)             Requested size: 56.9055pt x 20.55377pt.
 [283 <C:/Users/huang/workspace/MASG/Output_FI/2020_02_09_10_28_30_AM/MFA_MONTH
LY/CO_gasoline/CO_gasoline12-Recent-9.png> <C:/Users/huang/workspace/MASG/Outpu
t_FI/2020_02_09_10_28_30_AM/MFA_MONTHLY/CO_gasoline/CO_gasoline12-Acient-9.png>
 <C:/Users/huang/workspace/MASG/Output_FI/2020_02_09_10_28_30_AM/MFA_MONTHLY/CO
_gasoline/12_insample_residuals.png>]
File: C:/Users/huang/workspace/MASG/Output_FI/2020_02_09_10_28_30_AM/MFA_MONTHL
Y/CO_gasoline/13_insample_diff.png Graphic file (type png)
<use C:/Users/huang/workspace/MASG/Output_FI/2020_02_09_10_28_30_AM/MFA_MONTHLY
/CO_gasoline/13_insample_diff.png>
Package pdftex.def Info: C:/Users/huang/workspace/MASG/Output_FI/2020_02_09_10_
28_30_AM/MFA_MONTHLY/CO_gasoline/13_insample_diff.png  used on input line 454.
(pdftex.def)             Requested size: 264.46837pt x 198.35715pt.

Underfull \hbox (badness 10000) in alignment at lines 454--454
[][] 
 []


Underfull \hbox (badness 10000) in alignment at lines 454--454
[] 
 []

File: C:/Users/huang/workspace/MASG/Output_FI/2020_02_09_10_28_30_AM/MFA_MONTHL
Y/CO_gasoline/CO_gasoline13-Recent-9.png Graphic file (type png)
<use C:/Users/huang/workspace/MASG/Output_FI/2020_02_09_10_28_30_AM/MFA_MONTHLY
/CO_gasoline/CO_gasoline13-Recent-9.png>
Package pdftex.def Info: C:/Users/huang/workspace/MASG/Output_FI/2020_02_09_10_
28_30_AM/MFA_MONTHLY/CO_gasoline/CO_gasoline13-Recent-9.png  used on input line
 454.
(pdftex.def)             Requested size: 264.46837pt x 198.35715pt.
File: C:/Users/huang/workspace/MASG/Output_FI/2020_02_09_10_28_30_AM/MFA_MONTHL
Y/CO_gasoline/CO_gasoline13-Acient-9.png Graphic file (type png)
<use C:/Users/huang/workspace/MASG/Output_FI/2020_02_09_10_28_30_AM/MFA_MONTHLY
/CO_gasoline/CO_gasoline13-Acient-9.png>
Package pdftex.def Info: C:/Users/huang/workspace/MASG/Output_FI/2020_02_09_10_
28_30_AM/MFA_MONTHLY/CO_gasoline/CO_gasoline13-Acient-9.png  used on input line
 454.
(pdftex.def)             Requested size: 264.46837pt x 198.35715pt.
File: C:/Users/huang/workspace/MASG/Output_FI/2020_02_09_10_28_30_AM/MFA_MONTHL
Y/CO_gasoline/13_insample_residuals.png Graphic file (type png)
<use C:/Users/huang/workspace/MASG/Output_FI/2020_02_09_10_28_30_AM/MFA_MONTHLY
/CO_gasoline/13_insample_residuals.png>
Package pdftex.def Info: C:/Users/huang/workspace/MASG/Output_FI/2020_02_09_10_
28_30_AM/MFA_MONTHLY/CO_gasoline/13_insample_residuals.png  used on input line 
454.
(pdftex.def)             Requested size: 264.46837pt x 198.35715pt.

Overfull \hbox (23.99998pt too wide) in alignment at lines 454--454
[][] 
 []


Overfull \hbox (15.0pt too wide) in paragraph at lines 454--454
[][] 
 []

File: ./Picture/Logo.png Graphic file (type png)
<use ./Picture/Logo.png>
Package pdftex.def Info: ./Picture/Logo.png  used on input line 454.
(pdftex.def)             Requested size: 56.9055pt x 20.55377pt.
[284 <C:/Users/huang/workspace/MASG/Output_FI/2020_02_09_10_28_30_AM/MFA_MONTHL
Y/CO_gasoline/13_insample_diff.png>]
File: ./Picture/Logo.png Graphic file (type png)
<use ./Picture/Logo.png>
Package pdftex.def Info: ./Picture/Logo.png  used on input line 454.
(pdftex.def)             Requested size: 56.9055pt x 20.55377pt.
 [285 <C:/Users/huang/workspace/MASG/Output_FI/2020_02_09_10_28_30_AM/MFA_MONTH
LY/CO_gasoline/CO_gasoline13-Recent-9.png> <C:/Users/huang/workspace/MASG/Outpu
t_FI/2020_02_09_10_28_30_AM/MFA_MONTHLY/CO_gasoline/CO_gasoline13-Acient-9.png>
 <C:/Users/huang/workspace/MASG/Output_FI/2020_02_09_10_28_30_AM/MFA_MONTHLY/CO
_gasoline/13_insample_residuals.png>]
File: C:/Users/huang/workspace/MASG/Output_FI/2020_02_09_10_28_30_AM/MFA_MONTHL
Y/CO_gasoline/14_insample_diff.png Graphic file (type png)
<use C:/Users/huang/workspace/MASG/Output_FI/2020_02_09_10_28_30_AM/MFA_MONTHLY
/CO_gasoline/14_insample_diff.png>
Package pdftex.def Info: C:/Users/huang/workspace/MASG/Output_FI/2020_02_09_10_
28_30_AM/MFA_MONTHLY/CO_gasoline/14_insample_diff.png  used on input line 454.
(pdftex.def)             Requested size: 264.46837pt x 198.35715pt.

Underfull \hbox (badness 10000) in alignment at lines 454--454
[][] 
 []


Underfull \hbox (badness 10000) in alignment at lines 454--454
[] 
 []

File: C:/Users/huang/workspace/MASG/Output_FI/2020_02_09_10_28_30_AM/MFA_MONTHL
Y/CO_gasoline/CO_gasoline14-Recent-9.png Graphic file (type png)
<use C:/Users/huang/workspace/MASG/Output_FI/2020_02_09_10_28_30_AM/MFA_MONTHLY
/CO_gasoline/CO_gasoline14-Recent-9.png>
Package pdftex.def Info: C:/Users/huang/workspace/MASG/Output_FI/2020_02_09_10_
28_30_AM/MFA_MONTHLY/CO_gasoline/CO_gasoline14-Recent-9.png  used on input line
 454.
(pdftex.def)             Requested size: 264.46837pt x 198.35715pt.
File: C:/Users/huang/workspace/MASG/Output_FI/2020_02_09_10_28_30_AM/MFA_MONTHL
Y/CO_gasoline/CO_gasoline14-Acient-9.png Graphic file (type png)
<use C:/Users/huang/workspace/MASG/Output_FI/2020_02_09_10_28_30_AM/MFA_MONTHLY
/CO_gasoline/CO_gasoline14-Acient-9.png>
Package pdftex.def Info: C:/Users/huang/workspace/MASG/Output_FI/2020_02_09_10_
28_30_AM/MFA_MONTHLY/CO_gasoline/CO_gasoline14-Acient-9.png  used on input line
 454.
(pdftex.def)             Requested size: 264.46837pt x 198.35715pt.
File: C:/Users/huang/workspace/MASG/Output_FI/2020_02_09_10_28_30_AM/MFA_MONTHL
Y/CO_gasoline/14_insample_residuals.png Graphic file (type png)
<use C:/Users/huang/workspace/MASG/Output_FI/2020_02_09_10_28_30_AM/MFA_MONTHLY
/CO_gasoline/14_insample_residuals.png>
Package pdftex.def Info: C:/Users/huang/workspace/MASG/Output_FI/2020_02_09_10_
28_30_AM/MFA_MONTHLY/CO_gasoline/14_insample_residuals.png  used on input line 
454.
(pdftex.def)             Requested size: 264.46837pt x 198.35715pt.

Overfull \hbox (23.99998pt too wide) in alignment at lines 454--454
[][] 
 []


Overfull \hbox (15.0pt too wide) in paragraph at lines 454--454
[][] 
 []

File: ./Picture/Logo.png Graphic file (type png)
<use ./Picture/Logo.png>
Package pdftex.def Info: ./Picture/Logo.png  used on input line 454.
(pdftex.def)             Requested size: 56.9055pt x 20.55377pt.
[286 <C:/Users/huang/workspace/MASG/Output_FI/2020_02_09_10_28_30_AM/MFA_MONTHL
Y/CO_gasoline/14_insample_diff.png>]
File: ./Picture/Logo.png Graphic file (type png)
<use ./Picture/Logo.png>
Package pdftex.def Info: ./Picture/Logo.png  used on input line 454.
(pdftex.def)             Requested size: 56.9055pt x 20.55377pt.
 [287 <C:/Users/huang/workspace/MASG/Output_FI/2020_02_09_10_28_30_AM/MFA_MONTH
LY/CO_gasoline/CO_gasoline14-Recent-9.png> <C:/Users/huang/workspace/MASG/Outpu
t_FI/2020_02_09_10_28_30_AM/MFA_MONTHLY/CO_gasoline/CO_gasoline14-Acient-9.png>
 <C:/Users/huang/workspace/MASG/Output_FI/2020_02_09_10_28_30_AM/MFA_MONTHLY/CO
_gasoline/14_insample_residuals.png>]
File: C:/Users/huang/workspace/MASG/Output_FI/2020_02_09_10_28_30_AM/MFA_MONTHL
Y/CO_gasoline/15_insample_diff.png Graphic file (type png)
<use C:/Users/huang/workspace/MASG/Output_FI/2020_02_09_10_28_30_AM/MFA_MONTHLY
/CO_gasoline/15_insample_diff.png>
Package pdftex.def Info: C:/Users/huang/workspace/MASG/Output_FI/2020_02_09_10_
28_30_AM/MFA_MONTHLY/CO_gasoline/15_insample_diff.png  used on input line 454.
(pdftex.def)             Requested size: 264.46837pt x 198.35715pt.

Underfull \hbox (badness 10000) in alignment at lines 454--454
[][] 
 []


Underfull \hbox (badness 10000) in alignment at lines 454--454
[] 
 []

File: C:/Users/huang/workspace/MASG/Output_FI/2020_02_09_10_28_30_AM/MFA_MONTHL
Y/CO_gasoline/CO_gasoline15-Recent-9.png Graphic file (type png)
<use C:/Users/huang/workspace/MASG/Output_FI/2020_02_09_10_28_30_AM/MFA_MONTHLY
/CO_gasoline/CO_gasoline15-Recent-9.png>
Package pdftex.def Info: C:/Users/huang/workspace/MASG/Output_FI/2020_02_09_10_
28_30_AM/MFA_MONTHLY/CO_gasoline/CO_gasoline15-Recent-9.png  used on input line
 454.
(pdftex.def)             Requested size: 264.46837pt x 198.35715pt.
File: C:/Users/huang/workspace/MASG/Output_FI/2020_02_09_10_28_30_AM/MFA_MONTHL
Y/CO_gasoline/CO_gasoline15-Acient-9.png Graphic file (type png)
<use C:/Users/huang/workspace/MASG/Output_FI/2020_02_09_10_28_30_AM/MFA_MONTHLY
/CO_gasoline/CO_gasoline15-Acient-9.png>
Package pdftex.def Info: C:/Users/huang/workspace/MASG/Output_FI/2020_02_09_10_
28_30_AM/MFA_MONTHLY/CO_gasoline/CO_gasoline15-Acient-9.png  used on input line
 454.
(pdftex.def)             Requested size: 264.46837pt x 198.35715pt.
File: C:/Users/huang/workspace/MASG/Output_FI/2020_02_09_10_28_30_AM/MFA_MONTHL
Y/CO_gasoline/15_insample_residuals.png Graphic file (type png)
<use C:/Users/huang/workspace/MASG/Output_FI/2020_02_09_10_28_30_AM/MFA_MONTHLY
/CO_gasoline/15_insample_residuals.png>
Package pdftex.def Info: C:/Users/huang/workspace/MASG/Output_FI/2020_02_09_10_
28_30_AM/MFA_MONTHLY/CO_gasoline/15_insample_residuals.png  used on input line 
454.
(pdftex.def)             Requested size: 264.46837pt x 198.35715pt.

Overfull \hbox (23.99998pt too wide) in alignment at lines 454--454
[][] 
 []


Overfull \hbox (15.0pt too wide) in paragraph at lines 454--454
[][] 
 []

File: ./Picture/Logo.png Graphic file (type png)
<use ./Picture/Logo.png>
Package pdftex.def Info: ./Picture/Logo.png  used on input line 454.
(pdftex.def)             Requested size: 56.9055pt x 20.55377pt.
[288 <C:/Users/huang/workspace/MASG/Output_FI/2020_02_09_10_28_30_AM/MFA_MONTHL
Y/CO_gasoline/15_insample_diff.png>]
File: ./Picture/Logo.png Graphic file (type png)
<use ./Picture/Logo.png>
Package pdftex.def Info: ./Picture/Logo.png  used on input line 454.
(pdftex.def)             Requested size: 56.9055pt x 20.55377pt.
 [289 <C:/Users/huang/workspace/MASG/Output_FI/2020_02_09_10_28_30_AM/MFA_MONTH
LY/CO_gasoline/CO_gasoline15-Recent-9.png> <C:/Users/huang/workspace/MASG/Outpu
t_FI/2020_02_09_10_28_30_AM/MFA_MONTHLY/CO_gasoline/CO_gasoline15-Acient-9.png>
 <C:/Users/huang/workspace/MASG/Output_FI/2020_02_09_10_28_30_AM/MFA_MONTHLY/CO
_gasoline/15_insample_residuals.png>]
File: C:/Users/huang/workspace/MASG/Output_FI/2020_02_09_10_28_30_AM/MFA_MONTHL
Y/CO_gasoline/16_insample_diff.png Graphic file (type png)
<use C:/Users/huang/workspace/MASG/Output_FI/2020_02_09_10_28_30_AM/MFA_MONTHLY
/CO_gasoline/16_insample_diff.png>
Package pdftex.def Info: C:/Users/huang/workspace/MASG/Output_FI/2020_02_09_10_
28_30_AM/MFA_MONTHLY/CO_gasoline/16_insample_diff.png  used on input line 454.
(pdftex.def)             Requested size: 264.46837pt x 198.35715pt.

Underfull \hbox (badness 10000) in alignment at lines 454--454
[][] 
 []


Underfull \hbox (badness 10000) in alignment at lines 454--454
[] 
 []

File: C:/Users/huang/workspace/MASG/Output_FI/2020_02_09_10_28_30_AM/MFA_MONTHL
Y/CO_gasoline/CO_gasoline16-Recent-9.png Graphic file (type png)
<use C:/Users/huang/workspace/MASG/Output_FI/2020_02_09_10_28_30_AM/MFA_MONTHLY
/CO_gasoline/CO_gasoline16-Recent-9.png>
Package pdftex.def Info: C:/Users/huang/workspace/MASG/Output_FI/2020_02_09_10_
28_30_AM/MFA_MONTHLY/CO_gasoline/CO_gasoline16-Recent-9.png  used on input line
 454.
(pdftex.def)             Requested size: 264.46837pt x 198.35715pt.
File: C:/Users/huang/workspace/MASG/Output_FI/2020_02_09_10_28_30_AM/MFA_MONTHL
Y/CO_gasoline/CO_gasoline16-Acient-9.png Graphic file (type png)
<use C:/Users/huang/workspace/MASG/Output_FI/2020_02_09_10_28_30_AM/MFA_MONTHLY
/CO_gasoline/CO_gasoline16-Acient-9.png>
Package pdftex.def Info: C:/Users/huang/workspace/MASG/Output_FI/2020_02_09_10_
28_30_AM/MFA_MONTHLY/CO_gasoline/CO_gasoline16-Acient-9.png  used on input line
 454.
(pdftex.def)             Requested size: 264.46837pt x 198.35715pt.
File: C:/Users/huang/workspace/MASG/Output_FI/2020_02_09_10_28_30_AM/MFA_MONTHL
Y/CO_gasoline/16_insample_residuals.png Graphic file (type png)
<use C:/Users/huang/workspace/MASG/Output_FI/2020_02_09_10_28_30_AM/MFA_MONTHLY
/CO_gasoline/16_insample_residuals.png>
Package pdftex.def Info: C:/Users/huang/workspace/MASG/Output_FI/2020_02_09_10_
28_30_AM/MFA_MONTHLY/CO_gasoline/16_insample_residuals.png  used on input line 
454.
(pdftex.def)             Requested size: 264.46837pt x 198.35715pt.

Overfull \hbox (23.99998pt too wide) in alignment at lines 454--454
[][] 
 []


Overfull \hbox (15.0pt too wide) in paragraph at lines 454--454
[][] 
 []

File: ./Picture/Logo.png Graphic file (type png)
<use ./Picture/Logo.png>
Package pdftex.def Info: ./Picture/Logo.png  used on input line 454.
(pdftex.def)             Requested size: 56.9055pt x 20.55377pt.
[290 <C:/Users/huang/workspace/MASG/Output_FI/2020_02_09_10_28_30_AM/MFA_MONTHL
Y/CO_gasoline/16_insample_diff.png>]
File: ./Picture/Logo.png Graphic file (type png)
<use ./Picture/Logo.png>
Package pdftex.def Info: ./Picture/Logo.png  used on input line 454.
(pdftex.def)             Requested size: 56.9055pt x 20.55377pt.
 [291 <C:/Users/huang/workspace/MASG/Output_FI/2020_02_09_10_28_30_AM/MFA_MONTH
LY/CO_gasoline/CO_gasoline16-Recent-9.png> <C:/Users/huang/workspace/MASG/Outpu
t_FI/2020_02_09_10_28_30_AM/MFA_MONTHLY/CO_gasoline/CO_gasoline16-Acient-9.png>
 <C:/Users/huang/workspace/MASG/Output_FI/2020_02_09_10_28_30_AM/MFA_MONTHLY/CO
_gasoline/16_insample_residuals.png>]
File: C:/Users/huang/workspace/MASG/Output_FI/2020_02_09_10_28_30_AM/MFA_MONTHL
Y/CO_gasoline/17_insample_diff.png Graphic file (type png)
<use C:/Users/huang/workspace/MASG/Output_FI/2020_02_09_10_28_30_AM/MFA_MONTHLY
/CO_gasoline/17_insample_diff.png>
Package pdftex.def Info: C:/Users/huang/workspace/MASG/Output_FI/2020_02_09_10_
28_30_AM/MFA_MONTHLY/CO_gasoline/17_insample_diff.png  used on input line 454.
(pdftex.def)             Requested size: 264.46837pt x 198.35715pt.

Underfull \hbox (badness 10000) in alignment at lines 454--454
[][] 
 []


Underfull \hbox (badness 10000) in alignment at lines 454--454
[] 
 []

File: C:/Users/huang/workspace/MASG/Output_FI/2020_02_09_10_28_30_AM/MFA_MONTHL
Y/CO_gasoline/CO_gasoline17-Recent-9.png Graphic file (type png)
<use C:/Users/huang/workspace/MASG/Output_FI/2020_02_09_10_28_30_AM/MFA_MONTHLY
/CO_gasoline/CO_gasoline17-Recent-9.png>
Package pdftex.def Info: C:/Users/huang/workspace/MASG/Output_FI/2020_02_09_10_
28_30_AM/MFA_MONTHLY/CO_gasoline/CO_gasoline17-Recent-9.png  used on input line
 454.
(pdftex.def)             Requested size: 264.46837pt x 198.35715pt.
File: C:/Users/huang/workspace/MASG/Output_FI/2020_02_09_10_28_30_AM/MFA_MONTHL
Y/CO_gasoline/CO_gasoline17-Acient-9.png Graphic file (type png)
<use C:/Users/huang/workspace/MASG/Output_FI/2020_02_09_10_28_30_AM/MFA_MONTHLY
/CO_gasoline/CO_gasoline17-Acient-9.png>
Package pdftex.def Info: C:/Users/huang/workspace/MASG/Output_FI/2020_02_09_10_
28_30_AM/MFA_MONTHLY/CO_gasoline/CO_gasoline17-Acient-9.png  used on input line
 454.
(pdftex.def)             Requested size: 264.46837pt x 198.35715pt.
File: C:/Users/huang/workspace/MASG/Output_FI/2020_02_09_10_28_30_AM/MFA_MONTHL
Y/CO_gasoline/17_insample_residuals.png Graphic file (type png)
<use C:/Users/huang/workspace/MASG/Output_FI/2020_02_09_10_28_30_AM/MFA_MONTHLY
/CO_gasoline/17_insample_residuals.png>
Package pdftex.def Info: C:/Users/huang/workspace/MASG/Output_FI/2020_02_09_10_
28_30_AM/MFA_MONTHLY/CO_gasoline/17_insample_residuals.png  used on input line 
454.
(pdftex.def)             Requested size: 264.46837pt x 198.35715pt.

Overfull \hbox (23.99998pt too wide) in alignment at lines 454--454
[][] 
 []


Overfull \hbox (15.0pt too wide) in paragraph at lines 454--454
[][] 
 []

File: ./Picture/Logo.png Graphic file (type png)
<use ./Picture/Logo.png>
Package pdftex.def Info: ./Picture/Logo.png  used on input line 454.
(pdftex.def)             Requested size: 56.9055pt x 20.55377pt.
[292 <C:/Users/huang/workspace/MASG/Output_FI/2020_02_09_10_28_30_AM/MFA_MONTHL
Y/CO_gasoline/17_insample_diff.png>]
File: ./Picture/Logo.png Graphic file (type png)
<use ./Picture/Logo.png>
Package pdftex.def Info: ./Picture/Logo.png  used on input line 454.
(pdftex.def)             Requested size: 56.9055pt x 20.55377pt.
 [293 <C:/Users/huang/workspace/MASG/Output_FI/2020_02_09_10_28_30_AM/MFA_MONTH
LY/CO_gasoline/CO_gasoline17-Recent-9.png> <C:/Users/huang/workspace/MASG/Outpu
t_FI/2020_02_09_10_28_30_AM/MFA_MONTHLY/CO_gasoline/CO_gasoline17-Acient-9.png>
 <C:/Users/huang/workspace/MASG/Output_FI/2020_02_09_10_28_30_AM/MFA_MONTHLY/CO
_gasoline/17_insample_residuals.png>]
File: C:/Users/huang/workspace/MASG/Output_FI/2020_02_09_10_28_30_AM/MFA_MONTHL
Y/CO_gasoline/18_insample_diff.png Graphic file (type png)
<use C:/Users/huang/workspace/MASG/Output_FI/2020_02_09_10_28_30_AM/MFA_MONTHLY
/CO_gasoline/18_insample_diff.png>
Package pdftex.def Info: C:/Users/huang/workspace/MASG/Output_FI/2020_02_09_10_
28_30_AM/MFA_MONTHLY/CO_gasoline/18_insample_diff.png  used on input line 454.
(pdftex.def)             Requested size: 264.46837pt x 198.35715pt.

Underfull \hbox (badness 10000) in alignment at lines 454--454
[][] 
 []


Underfull \hbox (badness 10000) in alignment at lines 454--454
[] 
 []

File: C:/Users/huang/workspace/MASG/Output_FI/2020_02_09_10_28_30_AM/MFA_MONTHL
Y/CO_gasoline/CO_gasoline18-Recent-9.png Graphic file (type png)
<use C:/Users/huang/workspace/MASG/Output_FI/2020_02_09_10_28_30_AM/MFA_MONTHLY
/CO_gasoline/CO_gasoline18-Recent-9.png>
Package pdftex.def Info: C:/Users/huang/workspace/MASG/Output_FI/2020_02_09_10_
28_30_AM/MFA_MONTHLY/CO_gasoline/CO_gasoline18-Recent-9.png  used on input line
 454.
(pdftex.def)             Requested size: 264.46837pt x 198.35715pt.
File: C:/Users/huang/workspace/MASG/Output_FI/2020_02_09_10_28_30_AM/MFA_MONTHL
Y/CO_gasoline/CO_gasoline18-Acient-9.png Graphic file (type png)
<use C:/Users/huang/workspace/MASG/Output_FI/2020_02_09_10_28_30_AM/MFA_MONTHLY
/CO_gasoline/CO_gasoline18-Acient-9.png>
Package pdftex.def Info: C:/Users/huang/workspace/MASG/Output_FI/2020_02_09_10_
28_30_AM/MFA_MONTHLY/CO_gasoline/CO_gasoline18-Acient-9.png  used on input line
 454.
(pdftex.def)             Requested size: 264.46837pt x 198.35715pt.
File: C:/Users/huang/workspace/MASG/Output_FI/2020_02_09_10_28_30_AM/MFA_MONTHL
Y/CO_gasoline/18_insample_residuals.png Graphic file (type png)
<use C:/Users/huang/workspace/MASG/Output_FI/2020_02_09_10_28_30_AM/MFA_MONTHLY
/CO_gasoline/18_insample_residuals.png>
Package pdftex.def Info: C:/Users/huang/workspace/MASG/Output_FI/2020_02_09_10_
28_30_AM/MFA_MONTHLY/CO_gasoline/18_insample_residuals.png  used on input line 
454.
(pdftex.def)             Requested size: 264.46837pt x 198.35715pt.

Overfull \hbox (23.99998pt too wide) in alignment at lines 454--454
[][] 
 []


Overfull \hbox (15.0pt too wide) in paragraph at lines 454--454
[][] 
 []

File: ./Picture/Logo.png Graphic file (type png)
<use ./Picture/Logo.png>
Package pdftex.def Info: ./Picture/Logo.png  used on input line 454.
(pdftex.def)             Requested size: 56.9055pt x 20.55377pt.
[294 <C:/Users/huang/workspace/MASG/Output_FI/2020_02_09_10_28_30_AM/MFA_MONTHL
Y/CO_gasoline/18_insample_diff.png>]
File: ./Picture/Logo.png Graphic file (type png)
<use ./Picture/Logo.png>
Package pdftex.def Info: ./Picture/Logo.png  used on input line 454.
(pdftex.def)             Requested size: 56.9055pt x 20.55377pt.
 [295 <C:/Users/huang/workspace/MASG/Output_FI/2020_02_09_10_28_30_AM/MFA_MONTH
LY/CO_gasoline/CO_gasoline18-Recent-9.png> <C:/Users/huang/workspace/MASG/Outpu
t_FI/2020_02_09_10_28_30_AM/MFA_MONTHLY/CO_gasoline/CO_gasoline18-Acient-9.png>
 <C:/Users/huang/workspace/MASG/Output_FI/2020_02_09_10_28_30_AM/MFA_MONTHLY/CO
_gasoline/18_insample_residuals.png>]
File: C:/Users/huang/workspace/MASG/Output_FI/2020_02_09_10_28_30_AM/MFA_MONTHL
Y/CO_gasoline/19_insample_diff.png Graphic file (type png)
<use C:/Users/huang/workspace/MASG/Output_FI/2020_02_09_10_28_30_AM/MFA_MONTHLY
/CO_gasoline/19_insample_diff.png>
Package pdftex.def Info: C:/Users/huang/workspace/MASG/Output_FI/2020_02_09_10_
28_30_AM/MFA_MONTHLY/CO_gasoline/19_insample_diff.png  used on input line 454.
(pdftex.def)             Requested size: 264.46837pt x 198.35715pt.

Underfull \hbox (badness 10000) in alignment at lines 454--454
[][] 
 []


Underfull \hbox (badness 10000) in alignment at lines 454--454
[] 
 []

File: C:/Users/huang/workspace/MASG/Output_FI/2020_02_09_10_28_30_AM/MFA_MONTHL
Y/CO_gasoline/CO_gasoline19-Recent-9.png Graphic file (type png)
<use C:/Users/huang/workspace/MASG/Output_FI/2020_02_09_10_28_30_AM/MFA_MONTHLY
/CO_gasoline/CO_gasoline19-Recent-9.png>
Package pdftex.def Info: C:/Users/huang/workspace/MASG/Output_FI/2020_02_09_10_
28_30_AM/MFA_MONTHLY/CO_gasoline/CO_gasoline19-Recent-9.png  used on input line
 454.
(pdftex.def)             Requested size: 264.46837pt x 198.35715pt.
File: C:/Users/huang/workspace/MASG/Output_FI/2020_02_09_10_28_30_AM/MFA_MONTHL
Y/CO_gasoline/CO_gasoline19-Acient-9.png Graphic file (type png)
<use C:/Users/huang/workspace/MASG/Output_FI/2020_02_09_10_28_30_AM/MFA_MONTHLY
/CO_gasoline/CO_gasoline19-Acient-9.png>
Package pdftex.def Info: C:/Users/huang/workspace/MASG/Output_FI/2020_02_09_10_
28_30_AM/MFA_MONTHLY/CO_gasoline/CO_gasoline19-Acient-9.png  used on input line
 454.
(pdftex.def)             Requested size: 264.46837pt x 198.35715pt.
File: C:/Users/huang/workspace/MASG/Output_FI/2020_02_09_10_28_30_AM/MFA_MONTHL
Y/CO_gasoline/19_insample_residuals.png Graphic file (type png)
<use C:/Users/huang/workspace/MASG/Output_FI/2020_02_09_10_28_30_AM/MFA_MONTHLY
/CO_gasoline/19_insample_residuals.png>
Package pdftex.def Info: C:/Users/huang/workspace/MASG/Output_FI/2020_02_09_10_
28_30_AM/MFA_MONTHLY/CO_gasoline/19_insample_residuals.png  used on input line 
454.
(pdftex.def)             Requested size: 264.46837pt x 198.35715pt.

Overfull \hbox (23.99998pt too wide) in alignment at lines 454--454
[][] 
 []


Overfull \hbox (15.0pt too wide) in paragraph at lines 454--454
[][] 
 []

File: ./Picture/Logo.png Graphic file (type png)
<use ./Picture/Logo.png>
Package pdftex.def Info: ./Picture/Logo.png  used on input line 454.
(pdftex.def)             Requested size: 56.9055pt x 20.55377pt.
[296 <C:/Users/huang/workspace/MASG/Output_FI/2020_02_09_10_28_30_AM/MFA_MONTHL
Y/CO_gasoline/19_insample_diff.png>]
File: ./Picture/Logo.png Graphic file (type png)
<use ./Picture/Logo.png>
Package pdftex.def Info: ./Picture/Logo.png  used on input line 454.
(pdftex.def)             Requested size: 56.9055pt x 20.55377pt.
 [297 <C:/Users/huang/workspace/MASG/Output_FI/2020_02_09_10_28_30_AM/MFA_MONTH
LY/CO_gasoline/CO_gasoline19-Recent-9.png> <C:/Users/huang/workspace/MASG/Outpu
t_FI/2020_02_09_10_28_30_AM/MFA_MONTHLY/CO_gasoline/CO_gasoline19-Acient-9.png>
 <C:/Users/huang/workspace/MASG/Output_FI/2020_02_09_10_28_30_AM/MFA_MONTHLY/CO
_gasoline/19_insample_residuals.png>]
File: C:/Users/huang/workspace/MASG/Output_FI/2020_02_09_10_28_30_AM/MFA_MONTHL
Y/CO_gasoline/20_insample_diff.png Graphic file (type png)
<use C:/Users/huang/workspace/MASG/Output_FI/2020_02_09_10_28_30_AM/MFA_MONTHLY
/CO_gasoline/20_insample_diff.png>
Package pdftex.def Info: C:/Users/huang/workspace/MASG/Output_FI/2020_02_09_10_
28_30_AM/MFA_MONTHLY/CO_gasoline/20_insample_diff.png  used on input line 454.
(pdftex.def)             Requested size: 264.46837pt x 198.35715pt.

Underfull \hbox (badness 10000) in alignment at lines 454--454
[][] 
 []


Underfull \hbox (badness 10000) in alignment at lines 454--454
[] 
 []

File: C:/Users/huang/workspace/MASG/Output_FI/2020_02_09_10_28_30_AM/MFA_MONTHL
Y/CO_gasoline/CO_gasoline20-Recent-9.png Graphic file (type png)
<use C:/Users/huang/workspace/MASG/Output_FI/2020_02_09_10_28_30_AM/MFA_MONTHLY
/CO_gasoline/CO_gasoline20-Recent-9.png>
Package pdftex.def Info: C:/Users/huang/workspace/MASG/Output_FI/2020_02_09_10_
28_30_AM/MFA_MONTHLY/CO_gasoline/CO_gasoline20-Recent-9.png  used on input line
 454.
(pdftex.def)             Requested size: 264.46837pt x 198.35715pt.
File: C:/Users/huang/workspace/MASG/Output_FI/2020_02_09_10_28_30_AM/MFA_MONTHL
Y/CO_gasoline/CO_gasoline20-Acient-9.png Graphic file (type png)
<use C:/Users/huang/workspace/MASG/Output_FI/2020_02_09_10_28_30_AM/MFA_MONTHLY
/CO_gasoline/CO_gasoline20-Acient-9.png>
Package pdftex.def Info: C:/Users/huang/workspace/MASG/Output_FI/2020_02_09_10_
28_30_AM/MFA_MONTHLY/CO_gasoline/CO_gasoline20-Acient-9.png  used on input line
 454.
(pdftex.def)             Requested size: 264.46837pt x 198.35715pt.
File: C:/Users/huang/workspace/MASG/Output_FI/2020_02_09_10_28_30_AM/MFA_MONTHL
Y/CO_gasoline/20_insample_residuals.png Graphic file (type png)
<use C:/Users/huang/workspace/MASG/Output_FI/2020_02_09_10_28_30_AM/MFA_MONTHLY
/CO_gasoline/20_insample_residuals.png>
Package pdftex.def Info: C:/Users/huang/workspace/MASG/Output_FI/2020_02_09_10_
28_30_AM/MFA_MONTHLY/CO_gasoline/20_insample_residuals.png  used on input line 
454.
(pdftex.def)             Requested size: 264.46837pt x 198.35715pt.

Overfull \hbox (23.99998pt too wide) in alignment at lines 454--454
[][] 
 []


Overfull \hbox (15.0pt too wide) in paragraph at lines 454--454
[][] 
 []

File: ./Picture/Logo.png Graphic file (type png)
<use ./Picture/Logo.png>
Package pdftex.def Info: ./Picture/Logo.png  used on input line 454.
(pdftex.def)             Requested size: 56.9055pt x 20.55377pt.
[298 <C:/Users/huang/workspace/MASG/Output_FI/2020_02_09_10_28_30_AM/MFA_MONTHL
Y/CO_gasoline/20_insample_diff.png>]
File: ./Picture/Logo.png Graphic file (type png)
<use ./Picture/Logo.png>
Package pdftex.def Info: ./Picture/Logo.png  used on input line 454.
(pdftex.def)             Requested size: 56.9055pt x 20.55377pt.
 [299 <C:/Users/huang/workspace/MASG/Output_FI/2020_02_09_10_28_30_AM/MFA_MONTH
LY/CO_gasoline/CO_gasoline20-Recent-9.png> <C:/Users/huang/workspace/MASG/Outpu
t_FI/2020_02_09_10_28_30_AM/MFA_MONTHLY/CO_gasoline/CO_gasoline20-Acient-9.png>
 <C:/Users/huang/workspace/MASG/Output_FI/2020_02_09_10_28_30_AM/MFA_MONTHLY/CO
_gasoline/20_insample_residuals.png>]
File: C:/Users/huang/workspace/MASG/Output_FI/2020_02_09_10_28_30_AM/MFA_MONTHL
Y/CO_gasoline/21_insample_diff.png Graphic file (type png)
<use C:/Users/huang/workspace/MASG/Output_FI/2020_02_09_10_28_30_AM/MFA_MONTHLY
/CO_gasoline/21_insample_diff.png>
Package pdftex.def Info: C:/Users/huang/workspace/MASG/Output_FI/2020_02_09_10_
28_30_AM/MFA_MONTHLY/CO_gasoline/21_insample_diff.png  used on input line 454.
(pdftex.def)             Requested size: 264.46837pt x 198.35715pt.

Underfull \hbox (badness 10000) in alignment at lines 454--454
[][] 
 []


Underfull \hbox (badness 10000) in alignment at lines 454--454
[] 
 []

File: C:/Users/huang/workspace/MASG/Output_FI/2020_02_09_10_28_30_AM/MFA_MONTHL
Y/CO_gasoline/CO_gasoline21-Recent-9.png Graphic file (type png)
<use C:/Users/huang/workspace/MASG/Output_FI/2020_02_09_10_28_30_AM/MFA_MONTHLY
/CO_gasoline/CO_gasoline21-Recent-9.png>
Package pdftex.def Info: C:/Users/huang/workspace/MASG/Output_FI/2020_02_09_10_
28_30_AM/MFA_MONTHLY/CO_gasoline/CO_gasoline21-Recent-9.png  used on input line
 454.
(pdftex.def)             Requested size: 264.46837pt x 198.35715pt.
File: C:/Users/huang/workspace/MASG/Output_FI/2020_02_09_10_28_30_AM/MFA_MONTHL
Y/CO_gasoline/CO_gasoline21-Acient-9.png Graphic file (type png)
<use C:/Users/huang/workspace/MASG/Output_FI/2020_02_09_10_28_30_AM/MFA_MONTHLY
/CO_gasoline/CO_gasoline21-Acient-9.png>
Package pdftex.def Info: C:/Users/huang/workspace/MASG/Output_FI/2020_02_09_10_
28_30_AM/MFA_MONTHLY/CO_gasoline/CO_gasoline21-Acient-9.png  used on input line
 454.
(pdftex.def)             Requested size: 264.46837pt x 198.35715pt.
File: C:/Users/huang/workspace/MASG/Output_FI/2020_02_09_10_28_30_AM/MFA_MONTHL
Y/CO_gasoline/21_insample_residuals.png Graphic file (type png)
<use C:/Users/huang/workspace/MASG/Output_FI/2020_02_09_10_28_30_AM/MFA_MONTHLY
/CO_gasoline/21_insample_residuals.png>
Package pdftex.def Info: C:/Users/huang/workspace/MASG/Output_FI/2020_02_09_10_
28_30_AM/MFA_MONTHLY/CO_gasoline/21_insample_residuals.png  used on input line 
454.
(pdftex.def)             Requested size: 264.46837pt x 198.35715pt.

Overfull \hbox (23.99998pt too wide) in alignment at lines 454--454
[][] 
 []


Overfull \hbox (15.0pt too wide) in paragraph at lines 454--454
[][] 
 []

File: ./Picture/Logo.png Graphic file (type png)
<use ./Picture/Logo.png>
Package pdftex.def Info: ./Picture/Logo.png  used on input line 454.
(pdftex.def)             Requested size: 56.9055pt x 20.55377pt.
[300 <C:/Users/huang/workspace/MASG/Output_FI/2020_02_09_10_28_30_AM/MFA_MONTHL
Y/CO_gasoline/21_insample_diff.png>]
File: ./Picture/Logo.png Graphic file (type png)
<use ./Picture/Logo.png>
Package pdftex.def Info: ./Picture/Logo.png  used on input line 454.
(pdftex.def)             Requested size: 56.9055pt x 20.55377pt.
 [301 <C:/Users/huang/workspace/MASG/Output_FI/2020_02_09_10_28_30_AM/MFA_MONTH
LY/CO_gasoline/CO_gasoline21-Recent-9.png> <C:/Users/huang/workspace/MASG/Outpu
t_FI/2020_02_09_10_28_30_AM/MFA_MONTHLY/CO_gasoline/CO_gasoline21-Acient-9.png>
 <C:/Users/huang/workspace/MASG/Output_FI/2020_02_09_10_28_30_AM/MFA_MONTHLY/CO
_gasoline/21_insample_residuals.png>]
File: C:/Users/huang/workspace/MASG/Output_FI/2020_02_09_10_28_30_AM/MFA_MONTHL
Y/CO_gasoline/22_insample_diff.png Graphic file (type png)
<use C:/Users/huang/workspace/MASG/Output_FI/2020_02_09_10_28_30_AM/MFA_MONTHLY
/CO_gasoline/22_insample_diff.png>
Package pdftex.def Info: C:/Users/huang/workspace/MASG/Output_FI/2020_02_09_10_
28_30_AM/MFA_MONTHLY/CO_gasoline/22_insample_diff.png  used on input line 454.
(pdftex.def)             Requested size: 264.46837pt x 198.35715pt.

Underfull \hbox (badness 10000) in alignment at lines 454--454
[][] 
 []


Underfull \hbox (badness 10000) in alignment at lines 454--454
[] 
 []

File: C:/Users/huang/workspace/MASG/Output_FI/2020_02_09_10_28_30_AM/MFA_MONTHL
Y/CO_gasoline/CO_gasoline22-Recent-9.png Graphic file (type png)
<use C:/Users/huang/workspace/MASG/Output_FI/2020_02_09_10_28_30_AM/MFA_MONTHLY
/CO_gasoline/CO_gasoline22-Recent-9.png>
Package pdftex.def Info: C:/Users/huang/workspace/MASG/Output_FI/2020_02_09_10_
28_30_AM/MFA_MONTHLY/CO_gasoline/CO_gasoline22-Recent-9.png  used on input line
 454.
(pdftex.def)             Requested size: 264.46837pt x 198.35715pt.
File: C:/Users/huang/workspace/MASG/Output_FI/2020_02_09_10_28_30_AM/MFA_MONTHL
Y/CO_gasoline/CO_gasoline22-Acient-9.png Graphic file (type png)
<use C:/Users/huang/workspace/MASG/Output_FI/2020_02_09_10_28_30_AM/MFA_MONTHLY
/CO_gasoline/CO_gasoline22-Acient-9.png>
Package pdftex.def Info: C:/Users/huang/workspace/MASG/Output_FI/2020_02_09_10_
28_30_AM/MFA_MONTHLY/CO_gasoline/CO_gasoline22-Acient-9.png  used on input line
 454.
(pdftex.def)             Requested size: 264.46837pt x 198.35715pt.
File: C:/Users/huang/workspace/MASG/Output_FI/2020_02_09_10_28_30_AM/MFA_MONTHL
Y/CO_gasoline/22_insample_residuals.png Graphic file (type png)
<use C:/Users/huang/workspace/MASG/Output_FI/2020_02_09_10_28_30_AM/MFA_MONTHLY
/CO_gasoline/22_insample_residuals.png>
Package pdftex.def Info: C:/Users/huang/workspace/MASG/Output_FI/2020_02_09_10_
28_30_AM/MFA_MONTHLY/CO_gasoline/22_insample_residuals.png  used on input line 
454.
(pdftex.def)             Requested size: 264.46837pt x 198.35715pt.

Overfull \hbox (23.99998pt too wide) in alignment at lines 454--454
[][] 
 []


Overfull \hbox (15.0pt too wide) in paragraph at lines 454--454
[][] 
 []

File: ./Picture/Logo.png Graphic file (type png)
<use ./Picture/Logo.png>
Package pdftex.def Info: ./Picture/Logo.png  used on input line 454.
(pdftex.def)             Requested size: 56.9055pt x 20.55377pt.
[302 <C:/Users/huang/workspace/MASG/Output_FI/2020_02_09_10_28_30_AM/MFA_MONTHL
Y/CO_gasoline/22_insample_diff.png>]
File: ./Picture/Logo.png Graphic file (type png)
<use ./Picture/Logo.png>
Package pdftex.def Info: ./Picture/Logo.png  used on input line 454.
(pdftex.def)             Requested size: 56.9055pt x 20.55377pt.
 [303 <C:/Users/huang/workspace/MASG/Output_FI/2020_02_09_10_28_30_AM/MFA_MONTH
LY/CO_gasoline/CO_gasoline22-Recent-9.png> <C:/Users/huang/workspace/MASG/Outpu
t_FI/2020_02_09_10_28_30_AM/MFA_MONTHLY/CO_gasoline/CO_gasoline22-Acient-9.png>
 <C:/Users/huang/workspace/MASG/Output_FI/2020_02_09_10_28_30_AM/MFA_MONTHLY/CO
_gasoline/22_insample_residuals.png>]
File: C:/Users/huang/workspace/MASG/Output_FI/2020_02_09_10_28_30_AM/MFA_MONTHL
Y/CO_gasoline/23_insample_diff.png Graphic file (type png)
<use C:/Users/huang/workspace/MASG/Output_FI/2020_02_09_10_28_30_AM/MFA_MONTHLY
/CO_gasoline/23_insample_diff.png>
Package pdftex.def Info: C:/Users/huang/workspace/MASG/Output_FI/2020_02_09_10_
28_30_AM/MFA_MONTHLY/CO_gasoline/23_insample_diff.png  used on input line 454.
(pdftex.def)             Requested size: 264.46837pt x 198.35715pt.

Underfull \hbox (badness 10000) in alignment at lines 454--454
[][] 
 []


Underfull \hbox (badness 10000) in alignment at lines 454--454
[] 
 []

File: C:/Users/huang/workspace/MASG/Output_FI/2020_02_09_10_28_30_AM/MFA_MONTHL
Y/CO_gasoline/CO_gasoline23-Recent-9.png Graphic file (type png)
<use C:/Users/huang/workspace/MASG/Output_FI/2020_02_09_10_28_30_AM/MFA_MONTHLY
/CO_gasoline/CO_gasoline23-Recent-9.png>
Package pdftex.def Info: C:/Users/huang/workspace/MASG/Output_FI/2020_02_09_10_
28_30_AM/MFA_MONTHLY/CO_gasoline/CO_gasoline23-Recent-9.png  used on input line
 454.
(pdftex.def)             Requested size: 264.46837pt x 198.35715pt.
File: C:/Users/huang/workspace/MASG/Output_FI/2020_02_09_10_28_30_AM/MFA_MONTHL
Y/CO_gasoline/CO_gasoline23-Acient-9.png Graphic file (type png)
<use C:/Users/huang/workspace/MASG/Output_FI/2020_02_09_10_28_30_AM/MFA_MONTHLY
/CO_gasoline/CO_gasoline23-Acient-9.png>
Package pdftex.def Info: C:/Users/huang/workspace/MASG/Output_FI/2020_02_09_10_
28_30_AM/MFA_MONTHLY/CO_gasoline/CO_gasoline23-Acient-9.png  used on input line
 454.
(pdftex.def)             Requested size: 264.46837pt x 198.35715pt.
File: C:/Users/huang/workspace/MASG/Output_FI/2020_02_09_10_28_30_AM/MFA_MONTHL
Y/CO_gasoline/23_insample_residuals.png Graphic file (type png)
<use C:/Users/huang/workspace/MASG/Output_FI/2020_02_09_10_28_30_AM/MFA_MONTHLY
/CO_gasoline/23_insample_residuals.png>
Package pdftex.def Info: C:/Users/huang/workspace/MASG/Output_FI/2020_02_09_10_
28_30_AM/MFA_MONTHLY/CO_gasoline/23_insample_residuals.png  used on input line 
454.
(pdftex.def)             Requested size: 264.46837pt x 198.35715pt.

Overfull \hbox (23.99998pt too wide) in alignment at lines 454--454
[][] 
 []


Overfull \hbox (15.0pt too wide) in paragraph at lines 454--454
[][] 
 []

File: ./Picture/Logo.png Graphic file (type png)
<use ./Picture/Logo.png>
Package pdftex.def Info: ./Picture/Logo.png  used on input line 454.
(pdftex.def)             Requested size: 56.9055pt x 20.55377pt.
[304 <C:/Users/huang/workspace/MASG/Output_FI/2020_02_09_10_28_30_AM/MFA_MONTHL
Y/CO_gasoline/23_insample_diff.png>]
File: ./Picture/Logo.png Graphic file (type png)
<use ./Picture/Logo.png>
Package pdftex.def Info: ./Picture/Logo.png  used on input line 454.
(pdftex.def)             Requested size: 56.9055pt x 20.55377pt.
 [305 <C:/Users/huang/workspace/MASG/Output_FI/2020_02_09_10_28_30_AM/MFA_MONTH
LY/CO_gasoline/CO_gasoline23-Recent-9.png> <C:/Users/huang/workspace/MASG/Outpu
t_FI/2020_02_09_10_28_30_AM/MFA_MONTHLY/CO_gasoline/CO_gasoline23-Acient-9.png>
 <C:/Users/huang/workspace/MASG/Output_FI/2020_02_09_10_28_30_AM/MFA_MONTHLY/CO
_gasoline/23_insample_residuals.png>]
File: C:/Users/huang/workspace/MASG/Output_FI/2020_02_09_10_28_30_AM/MFA_MONTHL
Y/CO_gasoline/24_insample_diff.png Graphic file (type png)
<use C:/Users/huang/workspace/MASG/Output_FI/2020_02_09_10_28_30_AM/MFA_MONTHLY
/CO_gasoline/24_insample_diff.png>
Package pdftex.def Info: C:/Users/huang/workspace/MASG/Output_FI/2020_02_09_10_
28_30_AM/MFA_MONTHLY/CO_gasoline/24_insample_diff.png  used on input line 454.
(pdftex.def)             Requested size: 264.46837pt x 198.35715pt.

Underfull \hbox (badness 10000) in alignment at lines 454--454
[][] 
 []


Underfull \hbox (badness 10000) in alignment at lines 454--454
[] 
 []

File: C:/Users/huang/workspace/MASG/Output_FI/2020_02_09_10_28_30_AM/MFA_MONTHL
Y/CO_gasoline/CO_gasoline24-Recent-9.png Graphic file (type png)
<use C:/Users/huang/workspace/MASG/Output_FI/2020_02_09_10_28_30_AM/MFA_MONTHLY
/CO_gasoline/CO_gasoline24-Recent-9.png>
Package pdftex.def Info: C:/Users/huang/workspace/MASG/Output_FI/2020_02_09_10_
28_30_AM/MFA_MONTHLY/CO_gasoline/CO_gasoline24-Recent-9.png  used on input line
 454.
(pdftex.def)             Requested size: 264.46837pt x 198.35715pt.
File: C:/Users/huang/workspace/MASG/Output_FI/2020_02_09_10_28_30_AM/MFA_MONTHL
Y/CO_gasoline/CO_gasoline24-Acient-9.png Graphic file (type png)
<use C:/Users/huang/workspace/MASG/Output_FI/2020_02_09_10_28_30_AM/MFA_MONTHLY
/CO_gasoline/CO_gasoline24-Acient-9.png>
Package pdftex.def Info: C:/Users/huang/workspace/MASG/Output_FI/2020_02_09_10_
28_30_AM/MFA_MONTHLY/CO_gasoline/CO_gasoline24-Acient-9.png  used on input line
 454.
(pdftex.def)             Requested size: 264.46837pt x 198.35715pt.
File: C:/Users/huang/workspace/MASG/Output_FI/2020_02_09_10_28_30_AM/MFA_MONTHL
Y/CO_gasoline/24_insample_residuals.png Graphic file (type png)
<use C:/Users/huang/workspace/MASG/Output_FI/2020_02_09_10_28_30_AM/MFA_MONTHLY
/CO_gasoline/24_insample_residuals.png>
Package pdftex.def Info: C:/Users/huang/workspace/MASG/Output_FI/2020_02_09_10_
28_30_AM/MFA_MONTHLY/CO_gasoline/24_insample_residuals.png  used on input line 
454.
(pdftex.def)             Requested size: 264.46837pt x 198.35715pt.

Overfull \hbox (23.99998pt too wide) in alignment at lines 454--454
[][] 
 []


Overfull \hbox (15.0pt too wide) in paragraph at lines 454--454
[][] 
 []

File: ./Picture/Logo.png Graphic file (type png)
<use ./Picture/Logo.png>
Package pdftex.def Info: ./Picture/Logo.png  used on input line 454.
(pdftex.def)             Requested size: 56.9055pt x 20.55377pt.
[306 <C:/Users/huang/workspace/MASG/Output_FI/2020_02_09_10_28_30_AM/MFA_MONTHL
Y/CO_gasoline/24_insample_diff.png>]
File: ./Picture/Logo.png Graphic file (type png)
<use ./Picture/Logo.png>
Package pdftex.def Info: ./Picture/Logo.png  used on input line 454.
(pdftex.def)             Requested size: 56.9055pt x 20.55377pt.
 [307 <C:/Users/huang/workspace/MASG/Output_FI/2020_02_09_10_28_30_AM/MFA_MONTH
LY/CO_gasoline/CO_gasoline24-Recent-9.png> <C:/Users/huang/workspace/MASG/Outpu
t_FI/2020_02_09_10_28_30_AM/MFA_MONTHLY/CO_gasoline/CO_gasoline24-Acient-9.png>
 <C:/Users/huang/workspace/MASG/Output_FI/2020_02_09_10_28_30_AM/MFA_MONTHLY/CO
_gasoline/24_insample_residuals.png>]
File: C:/Users/huang/workspace/MASG/Output_FI/2020_02_09_10_28_30_AM/MFA_MONTHL
Y/CO_gasoline/25_insample_diff.png Graphic file (type png)
<use C:/Users/huang/workspace/MASG/Output_FI/2020_02_09_10_28_30_AM/MFA_MONTHLY
/CO_gasoline/25_insample_diff.png>
Package pdftex.def Info: C:/Users/huang/workspace/MASG/Output_FI/2020_02_09_10_
28_30_AM/MFA_MONTHLY/CO_gasoline/25_insample_diff.png  used on input line 454.
(pdftex.def)             Requested size: 264.46837pt x 198.35715pt.

Underfull \hbox (badness 10000) in alignment at lines 454--454
[][] 
 []


Underfull \hbox (badness 10000) in alignment at lines 454--454
[] 
 []

File: C:/Users/huang/workspace/MASG/Output_FI/2020_02_09_10_28_30_AM/MFA_MONTHL
Y/CO_gasoline/CO_gasoline25-Recent-9.png Graphic file (type png)
<use C:/Users/huang/workspace/MASG/Output_FI/2020_02_09_10_28_30_AM/MFA_MONTHLY
/CO_gasoline/CO_gasoline25-Recent-9.png>
Package pdftex.def Info: C:/Users/huang/workspace/MASG/Output_FI/2020_02_09_10_
28_30_AM/MFA_MONTHLY/CO_gasoline/CO_gasoline25-Recent-9.png  used on input line
 454.
(pdftex.def)             Requested size: 264.46837pt x 198.35715pt.
File: C:/Users/huang/workspace/MASG/Output_FI/2020_02_09_10_28_30_AM/MFA_MONTHL
Y/CO_gasoline/CO_gasoline25-Acient-9.png Graphic file (type png)
<use C:/Users/huang/workspace/MASG/Output_FI/2020_02_09_10_28_30_AM/MFA_MONTHLY
/CO_gasoline/CO_gasoline25-Acient-9.png>
Package pdftex.def Info: C:/Users/huang/workspace/MASG/Output_FI/2020_02_09_10_
28_30_AM/MFA_MONTHLY/CO_gasoline/CO_gasoline25-Acient-9.png  used on input line
 454.
(pdftex.def)             Requested size: 264.46837pt x 198.35715pt.
File: C:/Users/huang/workspace/MASG/Output_FI/2020_02_09_10_28_30_AM/MFA_MONTHL
Y/CO_gasoline/25_insample_residuals.png Graphic file (type png)
<use C:/Users/huang/workspace/MASG/Output_FI/2020_02_09_10_28_30_AM/MFA_MONTHLY
/CO_gasoline/25_insample_residuals.png>
Package pdftex.def Info: C:/Users/huang/workspace/MASG/Output_FI/2020_02_09_10_
28_30_AM/MFA_MONTHLY/CO_gasoline/25_insample_residuals.png  used on input line 
454.
(pdftex.def)             Requested size: 264.46837pt x 198.35715pt.

Overfull \hbox (23.99998pt too wide) in alignment at lines 454--454
[][] 
 []


Overfull \hbox (15.0pt too wide) in paragraph at lines 454--454
[][] 
 []

File: ./Picture/Logo.png Graphic file (type png)
<use ./Picture/Logo.png>
Package pdftex.def Info: ./Picture/Logo.png  used on input line 454.
(pdftex.def)             Requested size: 56.9055pt x 20.55377pt.
[308 <C:/Users/huang/workspace/MASG/Output_FI/2020_02_09_10_28_30_AM/MFA_MONTHL
Y/CO_gasoline/25_insample_diff.png>]
File: ./Picture/Logo.png Graphic file (type png)
<use ./Picture/Logo.png>
Package pdftex.def Info: ./Picture/Logo.png  used on input line 454.
(pdftex.def)             Requested size: 56.9055pt x 20.55377pt.
 [309 <C:/Users/huang/workspace/MASG/Output_FI/2020_02_09_10_28_30_AM/MFA_MONTH
LY/CO_gasoline/CO_gasoline25-Recent-9.png> <C:/Users/huang/workspace/MASG/Outpu
t_FI/2020_02_09_10_28_30_AM/MFA_MONTHLY/CO_gasoline/CO_gasoline25-Acient-9.png>
 <C:/Users/huang/workspace/MASG/Output_FI/2020_02_09_10_28_30_AM/MFA_MONTHLY/CO
_gasoline/25_insample_residuals.png>]
File: C:/Users/huang/workspace/MASG/Output_FI/2020_02_09_10_28_30_AM/MFA_MONTHL
Y/CO_gasoline/26_insample_diff.png Graphic file (type png)
<use C:/Users/huang/workspace/MASG/Output_FI/2020_02_09_10_28_30_AM/MFA_MONTHLY
/CO_gasoline/26_insample_diff.png>
Package pdftex.def Info: C:/Users/huang/workspace/MASG/Output_FI/2020_02_09_10_
28_30_AM/MFA_MONTHLY/CO_gasoline/26_insample_diff.png  used on input line 454.
(pdftex.def)             Requested size: 264.46837pt x 198.35715pt.

Underfull \hbox (badness 10000) in alignment at lines 454--454
[][] 
 []


Underfull \hbox (badness 10000) in alignment at lines 454--454
[] 
 []

File: C:/Users/huang/workspace/MASG/Output_FI/2020_02_09_10_28_30_AM/MFA_MONTHL
Y/CO_gasoline/CO_gasoline26-Recent-9.png Graphic file (type png)
<use C:/Users/huang/workspace/MASG/Output_FI/2020_02_09_10_28_30_AM/MFA_MONTHLY
/CO_gasoline/CO_gasoline26-Recent-9.png>
Package pdftex.def Info: C:/Users/huang/workspace/MASG/Output_FI/2020_02_09_10_
28_30_AM/MFA_MONTHLY/CO_gasoline/CO_gasoline26-Recent-9.png  used on input line
 454.
(pdftex.def)             Requested size: 264.46837pt x 198.35715pt.
File: C:/Users/huang/workspace/MASG/Output_FI/2020_02_09_10_28_30_AM/MFA_MONTHL
Y/CO_gasoline/CO_gasoline26-Acient-9.png Graphic file (type png)
<use C:/Users/huang/workspace/MASG/Output_FI/2020_02_09_10_28_30_AM/MFA_MONTHLY
/CO_gasoline/CO_gasoline26-Acient-9.png>
Package pdftex.def Info: C:/Users/huang/workspace/MASG/Output_FI/2020_02_09_10_
28_30_AM/MFA_MONTHLY/CO_gasoline/CO_gasoline26-Acient-9.png  used on input line
 454.
(pdftex.def)             Requested size: 264.46837pt x 198.35715pt.
File: C:/Users/huang/workspace/MASG/Output_FI/2020_02_09_10_28_30_AM/MFA_MONTHL
Y/CO_gasoline/26_insample_residuals.png Graphic file (type png)
<use C:/Users/huang/workspace/MASG/Output_FI/2020_02_09_10_28_30_AM/MFA_MONTHLY
/CO_gasoline/26_insample_residuals.png>
Package pdftex.def Info: C:/Users/huang/workspace/MASG/Output_FI/2020_02_09_10_
28_30_AM/MFA_MONTHLY/CO_gasoline/26_insample_residuals.png  used on input line 
454.
(pdftex.def)             Requested size: 264.46837pt x 198.35715pt.

Overfull \hbox (23.99998pt too wide) in alignment at lines 454--454
[][] 
 []


Overfull \hbox (15.0pt too wide) in paragraph at lines 454--454
[][] 
 []

File: ./Picture/Logo.png Graphic file (type png)
<use ./Picture/Logo.png>
Package pdftex.def Info: ./Picture/Logo.png  used on input line 454.
(pdftex.def)             Requested size: 56.9055pt x 20.55377pt.
[310 <C:/Users/huang/workspace/MASG/Output_FI/2020_02_09_10_28_30_AM/MFA_MONTHL
Y/CO_gasoline/26_insample_diff.png>]
File: ./Picture/Logo.png Graphic file (type png)
<use ./Picture/Logo.png>
Package pdftex.def Info: ./Picture/Logo.png  used on input line 454.
(pdftex.def)             Requested size: 56.9055pt x 20.55377pt.
 [311 <C:/Users/huang/workspace/MASG/Output_FI/2020_02_09_10_28_30_AM/MFA_MONTH
LY/CO_gasoline/CO_gasoline26-Recent-9.png> <C:/Users/huang/workspace/MASG/Outpu
t_FI/2020_02_09_10_28_30_AM/MFA_MONTHLY/CO_gasoline/CO_gasoline26-Acient-9.png>
 <C:/Users/huang/workspace/MASG/Output_FI/2020_02_09_10_28_30_AM/MFA_MONTHLY/CO
_gasoline/26_insample_residuals.png>]
File: C:/Users/huang/workspace/MASG/Output_FI/2020_02_09_10_28_30_AM/MFA_MONTHL
Y/CO_gasoline/27_insample_diff.png Graphic file (type png)
<use C:/Users/huang/workspace/MASG/Output_FI/2020_02_09_10_28_30_AM/MFA_MONTHLY
/CO_gasoline/27_insample_diff.png>
Package pdftex.def Info: C:/Users/huang/workspace/MASG/Output_FI/2020_02_09_10_
28_30_AM/MFA_MONTHLY/CO_gasoline/27_insample_diff.png  used on input line 454.
(pdftex.def)             Requested size: 264.46837pt x 198.35715pt.

Underfull \hbox (badness 10000) in alignment at lines 454--454
[][] 
 []


Underfull \hbox (badness 10000) in alignment at lines 454--454
[] 
 []

File: C:/Users/huang/workspace/MASG/Output_FI/2020_02_09_10_28_30_AM/MFA_MONTHL
Y/CO_gasoline/CO_gasoline27-Recent-9.png Graphic file (type png)
<use C:/Users/huang/workspace/MASG/Output_FI/2020_02_09_10_28_30_AM/MFA_MONTHLY
/CO_gasoline/CO_gasoline27-Recent-9.png>
Package pdftex.def Info: C:/Users/huang/workspace/MASG/Output_FI/2020_02_09_10_
28_30_AM/MFA_MONTHLY/CO_gasoline/CO_gasoline27-Recent-9.png  used on input line
 454.
(pdftex.def)             Requested size: 264.46837pt x 198.35715pt.
File: C:/Users/huang/workspace/MASG/Output_FI/2020_02_09_10_28_30_AM/MFA_MONTHL
Y/CO_gasoline/CO_gasoline27-Acient-9.png Graphic file (type png)
<use C:/Users/huang/workspace/MASG/Output_FI/2020_02_09_10_28_30_AM/MFA_MONTHLY
/CO_gasoline/CO_gasoline27-Acient-9.png>
Package pdftex.def Info: C:/Users/huang/workspace/MASG/Output_FI/2020_02_09_10_
28_30_AM/MFA_MONTHLY/CO_gasoline/CO_gasoline27-Acient-9.png  used on input line
 454.
(pdftex.def)             Requested size: 264.46837pt x 198.35715pt.
File: C:/Users/huang/workspace/MASG/Output_FI/2020_02_09_10_28_30_AM/MFA_MONTHL
Y/CO_gasoline/27_insample_residuals.png Graphic file (type png)
<use C:/Users/huang/workspace/MASG/Output_FI/2020_02_09_10_28_30_AM/MFA_MONTHLY
/CO_gasoline/27_insample_residuals.png>
Package pdftex.def Info: C:/Users/huang/workspace/MASG/Output_FI/2020_02_09_10_
28_30_AM/MFA_MONTHLY/CO_gasoline/27_insample_residuals.png  used on input line 
454.
(pdftex.def)             Requested size: 264.46837pt x 198.35715pt.

Overfull \hbox (23.99998pt too wide) in alignment at lines 454--454
[][] 
 []


Overfull \hbox (15.0pt too wide) in paragraph at lines 454--454
[][] 
 []

File: ./Picture/Logo.png Graphic file (type png)
<use ./Picture/Logo.png>
Package pdftex.def Info: ./Picture/Logo.png  used on input line 454.
(pdftex.def)             Requested size: 56.9055pt x 20.55377pt.
[312 <C:/Users/huang/workspace/MASG/Output_FI/2020_02_09_10_28_30_AM/MFA_MONTHL
Y/CO_gasoline/27_insample_diff.png>]
File: ./Picture/Logo.png Graphic file (type png)
<use ./Picture/Logo.png>
Package pdftex.def Info: ./Picture/Logo.png  used on input line 454.
(pdftex.def)             Requested size: 56.9055pt x 20.55377pt.
 [313 <C:/Users/huang/workspace/MASG/Output_FI/2020_02_09_10_28_30_AM/MFA_MONTH
LY/CO_gasoline/CO_gasoline27-Recent-9.png> <C:/Users/huang/workspace/MASG/Outpu
t_FI/2020_02_09_10_28_30_AM/MFA_MONTHLY/CO_gasoline/CO_gasoline27-Acient-9.png>
 <C:/Users/huang/workspace/MASG/Output_FI/2020_02_09_10_28_30_AM/MFA_MONTHLY/CO
_gasoline/27_insample_residuals.png>]
File: C:/Users/huang/workspace/MASG/Output_FI/2020_02_09_10_28_30_AM/MFA_MONTHL
Y/CO_gasoline/28_insample_diff.png Graphic file (type png)
<use C:/Users/huang/workspace/MASG/Output_FI/2020_02_09_10_28_30_AM/MFA_MONTHLY
/CO_gasoline/28_insample_diff.png>
Package pdftex.def Info: C:/Users/huang/workspace/MASG/Output_FI/2020_02_09_10_
28_30_AM/MFA_MONTHLY/CO_gasoline/28_insample_diff.png  used on input line 454.
(pdftex.def)             Requested size: 264.46837pt x 198.35715pt.

Underfull \hbox (badness 10000) in alignment at lines 454--454
[][] 
 []


Underfull \hbox (badness 10000) in alignment at lines 454--454
[] 
 []

File: C:/Users/huang/workspace/MASG/Output_FI/2020_02_09_10_28_30_AM/MFA_MONTHL
Y/CO_gasoline/CO_gasoline28-Recent-9.png Graphic file (type png)
<use C:/Users/huang/workspace/MASG/Output_FI/2020_02_09_10_28_30_AM/MFA_MONTHLY
/CO_gasoline/CO_gasoline28-Recent-9.png>
Package pdftex.def Info: C:/Users/huang/workspace/MASG/Output_FI/2020_02_09_10_
28_30_AM/MFA_MONTHLY/CO_gasoline/CO_gasoline28-Recent-9.png  used on input line
 454.
(pdftex.def)             Requested size: 264.46837pt x 198.35715pt.
File: C:/Users/huang/workspace/MASG/Output_FI/2020_02_09_10_28_30_AM/MFA_MONTHL
Y/CO_gasoline/CO_gasoline28-Acient-9.png Graphic file (type png)
<use C:/Users/huang/workspace/MASG/Output_FI/2020_02_09_10_28_30_AM/MFA_MONTHLY
/CO_gasoline/CO_gasoline28-Acient-9.png>
Package pdftex.def Info: C:/Users/huang/workspace/MASG/Output_FI/2020_02_09_10_
28_30_AM/MFA_MONTHLY/CO_gasoline/CO_gasoline28-Acient-9.png  used on input line
 454.
(pdftex.def)             Requested size: 264.46837pt x 198.35715pt.
File: C:/Users/huang/workspace/MASG/Output_FI/2020_02_09_10_28_30_AM/MFA_MONTHL
Y/CO_gasoline/28_insample_residuals.png Graphic file (type png)
<use C:/Users/huang/workspace/MASG/Output_FI/2020_02_09_10_28_30_AM/MFA_MONTHLY
/CO_gasoline/28_insample_residuals.png>
Package pdftex.def Info: C:/Users/huang/workspace/MASG/Output_FI/2020_02_09_10_
28_30_AM/MFA_MONTHLY/CO_gasoline/28_insample_residuals.png  used on input line 
454.
(pdftex.def)             Requested size: 264.46837pt x 198.35715pt.

Overfull \hbox (23.99998pt too wide) in alignment at lines 454--454
[][] 
 []


Overfull \hbox (15.0pt too wide) in paragraph at lines 454--454
[][] 
 []

File: ./Picture/Logo.png Graphic file (type png)
<use ./Picture/Logo.png>
Package pdftex.def Info: ./Picture/Logo.png  used on input line 454.
(pdftex.def)             Requested size: 56.9055pt x 20.55377pt.
[314 <C:/Users/huang/workspace/MASG/Output_FI/2020_02_09_10_28_30_AM/MFA_MONTHL
Y/CO_gasoline/28_insample_diff.png>]
File: ./Picture/Logo.png Graphic file (type png)
<use ./Picture/Logo.png>
Package pdftex.def Info: ./Picture/Logo.png  used on input line 454.
(pdftex.def)             Requested size: 56.9055pt x 20.55377pt.
 [315 <C:/Users/huang/workspace/MASG/Output_FI/2020_02_09_10_28_30_AM/MFA_MONTH
LY/CO_gasoline/CO_gasoline28-Recent-9.png> <C:/Users/huang/workspace/MASG/Outpu
t_FI/2020_02_09_10_28_30_AM/MFA_MONTHLY/CO_gasoline/CO_gasoline28-Acient-9.png>
 <C:/Users/huang/workspace/MASG/Output_FI/2020_02_09_10_28_30_AM/MFA_MONTHLY/CO
_gasoline/28_insample_residuals.png>]
File: C:/Users/huang/workspace/MASG/Output_FI/2020_02_09_10_28_30_AM/MFA_MONTHL
Y/CO_gasoline/29_insample_diff.png Graphic file (type png)
<use C:/Users/huang/workspace/MASG/Output_FI/2020_02_09_10_28_30_AM/MFA_MONTHLY
/CO_gasoline/29_insample_diff.png>
Package pdftex.def Info: C:/Users/huang/workspace/MASG/Output_FI/2020_02_09_10_
28_30_AM/MFA_MONTHLY/CO_gasoline/29_insample_diff.png  used on input line 454.
(pdftex.def)             Requested size: 264.46837pt x 198.35715pt.

Underfull \hbox (badness 10000) in alignment at lines 454--454
[][] 
 []


Underfull \hbox (badness 10000) in alignment at lines 454--454
[] 
 []

File: C:/Users/huang/workspace/MASG/Output_FI/2020_02_09_10_28_30_AM/MFA_MONTHL
Y/CO_gasoline/CO_gasoline29-Recent-9.png Graphic file (type png)
<use C:/Users/huang/workspace/MASG/Output_FI/2020_02_09_10_28_30_AM/MFA_MONTHLY
/CO_gasoline/CO_gasoline29-Recent-9.png>
Package pdftex.def Info: C:/Users/huang/workspace/MASG/Output_FI/2020_02_09_10_
28_30_AM/MFA_MONTHLY/CO_gasoline/CO_gasoline29-Recent-9.png  used on input line
 454.
(pdftex.def)             Requested size: 264.46837pt x 198.35715pt.
File: C:/Users/huang/workspace/MASG/Output_FI/2020_02_09_10_28_30_AM/MFA_MONTHL
Y/CO_gasoline/CO_gasoline29-Acient-9.png Graphic file (type png)
<use C:/Users/huang/workspace/MASG/Output_FI/2020_02_09_10_28_30_AM/MFA_MONTHLY
/CO_gasoline/CO_gasoline29-Acient-9.png>
Package pdftex.def Info: C:/Users/huang/workspace/MASG/Output_FI/2020_02_09_10_
28_30_AM/MFA_MONTHLY/CO_gasoline/CO_gasoline29-Acient-9.png  used on input line
 454.
(pdftex.def)             Requested size: 264.46837pt x 198.35715pt.
File: C:/Users/huang/workspace/MASG/Output_FI/2020_02_09_10_28_30_AM/MFA_MONTHL
Y/CO_gasoline/29_insample_residuals.png Graphic file (type png)
<use C:/Users/huang/workspace/MASG/Output_FI/2020_02_09_10_28_30_AM/MFA_MONTHLY
/CO_gasoline/29_insample_residuals.png>
Package pdftex.def Info: C:/Users/huang/workspace/MASG/Output_FI/2020_02_09_10_
28_30_AM/MFA_MONTHLY/CO_gasoline/29_insample_residuals.png  used on input line 
454.
(pdftex.def)             Requested size: 264.46837pt x 198.35715pt.

Overfull \hbox (23.99998pt too wide) in alignment at lines 454--454
[][] 
 []


Overfull \hbox (15.0pt too wide) in paragraph at lines 454--454
[][] 
 []

File: ./Picture/Logo.png Graphic file (type png)
<use ./Picture/Logo.png>
Package pdftex.def Info: ./Picture/Logo.png  used on input line 454.
(pdftex.def)             Requested size: 56.9055pt x 20.55377pt.
[316 <C:/Users/huang/workspace/MASG/Output_FI/2020_02_09_10_28_30_AM/MFA_MONTHL
Y/CO_gasoline/29_insample_diff.png>]
File: ./Picture/Logo.png Graphic file (type png)
<use ./Picture/Logo.png>
Package pdftex.def Info: ./Picture/Logo.png  used on input line 454.
(pdftex.def)             Requested size: 56.9055pt x 20.55377pt.
 [317 <C:/Users/huang/workspace/MASG/Output_FI/2020_02_09_10_28_30_AM/MFA_MONTH
LY/CO_gasoline/CO_gasoline29-Recent-9.png> <C:/Users/huang/workspace/MASG/Outpu
t_FI/2020_02_09_10_28_30_AM/MFA_MONTHLY/CO_gasoline/CO_gasoline29-Acient-9.png>
 <C:/Users/huang/workspace/MASG/Output_FI/2020_02_09_10_28_30_AM/MFA_MONTHLY/CO
_gasoline/29_insample_residuals.png>]
File: C:/Users/huang/workspace/MASG/Output_FI/2020_02_09_10_28_30_AM/MFA_MONTHL
Y/CO_gasoline/30_insample_diff.png Graphic file (type png)
<use C:/Users/huang/workspace/MASG/Output_FI/2020_02_09_10_28_30_AM/MFA_MONTHLY
/CO_gasoline/30_insample_diff.png>
Package pdftex.def Info: C:/Users/huang/workspace/MASG/Output_FI/2020_02_09_10_
28_30_AM/MFA_MONTHLY/CO_gasoline/30_insample_diff.png  used on input line 454.
(pdftex.def)             Requested size: 264.46837pt x 198.35715pt.

Underfull \hbox (badness 10000) in alignment at lines 454--454
[][] 
 []


Underfull \hbox (badness 10000) in alignment at lines 454--454
[] 
 []

File: C:/Users/huang/workspace/MASG/Output_FI/2020_02_09_10_28_30_AM/MFA_MONTHL
Y/CO_gasoline/CO_gasoline30-Recent-9.png Graphic file (type png)
<use C:/Users/huang/workspace/MASG/Output_FI/2020_02_09_10_28_30_AM/MFA_MONTHLY
/CO_gasoline/CO_gasoline30-Recent-9.png>
Package pdftex.def Info: C:/Users/huang/workspace/MASG/Output_FI/2020_02_09_10_
28_30_AM/MFA_MONTHLY/CO_gasoline/CO_gasoline30-Recent-9.png  used on input line
 454.
(pdftex.def)             Requested size: 264.46837pt x 198.35715pt.
File: C:/Users/huang/workspace/MASG/Output_FI/2020_02_09_10_28_30_AM/MFA_MONTHL
Y/CO_gasoline/CO_gasoline30-Acient-9.png Graphic file (type png)
<use C:/Users/huang/workspace/MASG/Output_FI/2020_02_09_10_28_30_AM/MFA_MONTHLY
/CO_gasoline/CO_gasoline30-Acient-9.png>
Package pdftex.def Info: C:/Users/huang/workspace/MASG/Output_FI/2020_02_09_10_
28_30_AM/MFA_MONTHLY/CO_gasoline/CO_gasoline30-Acient-9.png  used on input line
 454.
(pdftex.def)             Requested size: 264.46837pt x 198.35715pt.
File: C:/Users/huang/workspace/MASG/Output_FI/2020_02_09_10_28_30_AM/MFA_MONTHL
Y/CO_gasoline/30_insample_residuals.png Graphic file (type png)
<use C:/Users/huang/workspace/MASG/Output_FI/2020_02_09_10_28_30_AM/MFA_MONTHLY
/CO_gasoline/30_insample_residuals.png>
Package pdftex.def Info: C:/Users/huang/workspace/MASG/Output_FI/2020_02_09_10_
28_30_AM/MFA_MONTHLY/CO_gasoline/30_insample_residuals.png  used on input line 
454.
(pdftex.def)             Requested size: 264.46837pt x 198.35715pt.

Overfull \hbox (23.99998pt too wide) in alignment at lines 454--454
[][] 
 []


Overfull \hbox (15.0pt too wide) in paragraph at lines 454--454
[][] 
 []

File: ./Picture/Logo.png Graphic file (type png)
<use ./Picture/Logo.png>
Package pdftex.def Info: ./Picture/Logo.png  used on input line 454.
(pdftex.def)             Requested size: 56.9055pt x 20.55377pt.
[318 <C:/Users/huang/workspace/MASG/Output_FI/2020_02_09_10_28_30_AM/MFA_MONTHL
Y/CO_gasoline/30_insample_diff.png>]
File: ./Picture/Logo.png Graphic file (type png)
<use ./Picture/Logo.png>
Package pdftex.def Info: ./Picture/Logo.png  used on input line 454.
(pdftex.def)             Requested size: 56.9055pt x 20.55377pt.
 [319 <C:/Users/huang/workspace/MASG/Output_FI/2020_02_09_10_28_30_AM/MFA_MONTH
LY/CO_gasoline/CO_gasoline30-Recent-9.png> <C:/Users/huang/workspace/MASG/Outpu
t_FI/2020_02_09_10_28_30_AM/MFA_MONTHLY/CO_gasoline/CO_gasoline30-Acient-9.png>
 <C:/Users/huang/workspace/MASG/Output_FI/2020_02_09_10_28_30_AM/MFA_MONTHLY/CO
_gasoline/30_insample_residuals.png>]
! Missing $ inserted.
<inserted text> 
                $
l.454 
      
I've inserted a begin-math/end-math symbol since I think
you left one out. Proceed, with fingers crossed.

! Missing $ inserted.
<inserted text> 
                $
l.454 
      
I've inserted a begin-math/end-math symbol since I think
you left one out. Proceed, with fingers crossed.


Package hyperref Warning: Token not allowed in a PDF string (PDFDocEncoding):
(hyperref)                removing `subscript' on input line 454.


(C:/Users/huang/workspace/MASG/Output_FI/2020_02_09_10_28_30_AM/SFA_MONTHLY/Sim
pleReg-CO_gold.tex
! Missing $ inserted.
<inserted text> 
                $
l.15 \caption{Single Factor Analysis-CO_gold}
                                             
I've inserted a begin-math/end-math symbol since I think
you left one out. Proceed, with fingers crossed.

! Missing $ inserted.
<inserted text> 
                $
l.15 \caption{Single Factor Analysis-CO_gold}
                                             
I've inserted a begin-math/end-math symbol since I think
you left one out. Proceed, with fingers crossed.


Underfull \vbox (badness 10000) detected at line 16
 []

)
File: ./Picture/Logo.png Graphic file (type png)
<use ./Picture/Logo.png>
Package pdftex.def Info: ./Picture/Logo.png  used on input line 454.
(pdftex.def)             Requested size: 56.9055pt x 20.55377pt.
 [320

]
File: C:/Users/huang/workspace/MASG/Output_FI/2020_02_09_10_28_30_AM/SFA_MONTHL
Y/CO_gold/1_insample_diff.png Graphic file (type png)
<use C:/Users/huang/workspace/MASG/Output_FI/2020_02_09_10_28_30_AM/SFA_MONTHLY
/CO_gold/1_insample_diff.png>
Package pdftex.def Info: C:/Users/huang/workspace/MASG/Output_FI/2020_02_09_10_
28_30_AM/SFA_MONTHLY/CO_gold/1_insample_diff.png  used on input line 454.
(pdftex.def)             Requested size: 264.46837pt x 264.46921pt.
File: C:/Users/huang/workspace/MASG/Output_FI/2020_02_09_10_28_30_AM/SFA_MONTHL
Y/CO_gold/1_insample_level.png Graphic file (type png)
<use C:/Users/huang/workspace/MASG/Output_FI/2020_02_09_10_28_30_AM/SFA_MONTHLY
/CO_gold/1_insample_level.png>
Package pdftex.def Info: C:/Users/huang/workspace/MASG/Output_FI/2020_02_09_10_
28_30_AM/SFA_MONTHLY/CO_gold/1_insample_level.png  used on input line 454.
(pdftex.def)             Requested size: 264.46837pt x 264.46921pt.
File: C:/Users/huang/workspace/MASG/Output_FI/2020_02_09_10_28_30_AM/SFA_MONTHL
Y/CO_gold/CO_gold1-Recent-9.png Graphic file (type png)
<use C:/Users/huang/workspace/MASG/Output_FI/2020_02_09_10_28_30_AM/SFA_MONTHLY
/CO_gold/CO_gold1-Recent-9.png>
Package pdftex.def Info: C:/Users/huang/workspace/MASG/Output_FI/2020_02_09_10_
28_30_AM/SFA_MONTHLY/CO_gold/CO_gold1-Recent-9.png  used on input line 454.
(pdftex.def)             Requested size: 264.46837pt x 198.35715pt.
File: C:/Users/huang/workspace/MASG/Output_FI/2020_02_09_10_28_30_AM/SFA_MONTHL
Y/CO_gold/CO_gold1-Acient-9.png Graphic file (type png)
<use C:/Users/huang/workspace/MASG/Output_FI/2020_02_09_10_28_30_AM/SFA_MONTHLY
/CO_gold/CO_gold1-Acient-9.png>
Package pdftex.def Info: C:/Users/huang/workspace/MASG/Output_FI/2020_02_09_10_
28_30_AM/SFA_MONTHLY/CO_gold/CO_gold1-Acient-9.png  used on input line 454.
(pdftex.def)             Requested size: 264.46837pt x 198.35715pt.

Overfull \hbox (23.99998pt too wide) in alignment at lines 454--454
[][] 
 []

File: ./Picture/Logo.png Graphic file (type png)
<use ./Picture/Logo.png>
Package pdftex.def Info: ./Picture/Logo.png  used on input line 454.
(pdftex.def)             Requested size: 56.9055pt x 20.55377pt.
[321

 <C:/Users/huang/workspace/MASG/Output_FI/2020_02_09_10_28_30_AM/SFA_MONTHLY/CO
_gold/1_insample_diff.png> <C:/Users/huang/workspace/MASG/Output_FI/2020_02_09_
10_28_30_AM/SFA_MONTHLY/CO_gold/1_insample_level.png> <C:/Users/huang/workspace
/MASG/Output_FI/2020_02_09_10_28_30_AM/SFA_MONTHLY/CO_gold/CO_gold1-Recent-9.pn
g> <C:/Users/huang/workspace/MASG/Output_FI/2020_02_09_10_28_30_AM/SFA_MONTHLY/
CO_gold/CO_gold1-Acient-9.png>]
File: C:/Users/huang/workspace/MASG/Output_FI/2020_02_09_10_28_30_AM/SFA_MONTHL
Y/CO_gold/2_insample_diff.png Graphic file (type png)
<use C:/Users/huang/workspace/MASG/Output_FI/2020_02_09_10_28_30_AM/SFA_MONTHLY
/CO_gold/2_insample_diff.png>
Package pdftex.def Info: C:/Users/huang/workspace/MASG/Output_FI/2020_02_09_10_
28_30_AM/SFA_MONTHLY/CO_gold/2_insample_diff.png  used on input line 454.
(pdftex.def)             Requested size: 264.46837pt x 264.46921pt.
File: C:/Users/huang/workspace/MASG/Output_FI/2020_02_09_10_28_30_AM/SFA_MONTHL
Y/CO_gold/2_insample_level.png Graphic file (type png)
<use C:/Users/huang/workspace/MASG/Output_FI/2020_02_09_10_28_30_AM/SFA_MONTHLY
/CO_gold/2_insample_level.png>
Package pdftex.def Info: C:/Users/huang/workspace/MASG/Output_FI/2020_02_09_10_
28_30_AM/SFA_MONTHLY/CO_gold/2_insample_level.png  used on input line 454.
(pdftex.def)             Requested size: 264.46837pt x 264.46921pt.
File: C:/Users/huang/workspace/MASG/Output_FI/2020_02_09_10_28_30_AM/SFA_MONTHL
Y/CO_gold/CO_gold2-Recent-9.png Graphic file (type png)
<use C:/Users/huang/workspace/MASG/Output_FI/2020_02_09_10_28_30_AM/SFA_MONTHLY
/CO_gold/CO_gold2-Recent-9.png>
Package pdftex.def Info: C:/Users/huang/workspace/MASG/Output_FI/2020_02_09_10_
28_30_AM/SFA_MONTHLY/CO_gold/CO_gold2-Recent-9.png  used on input line 454.
(pdftex.def)             Requested size: 264.46837pt x 198.35715pt.
File: C:/Users/huang/workspace/MASG/Output_FI/2020_02_09_10_28_30_AM/SFA_MONTHL
Y/CO_gold/CO_gold2-Acient-9.png Graphic file (type png)
<use C:/Users/huang/workspace/MASG/Output_FI/2020_02_09_10_28_30_AM/SFA_MONTHLY
/CO_gold/CO_gold2-Acient-9.png>
Package pdftex.def Info: C:/Users/huang/workspace/MASG/Output_FI/2020_02_09_10_
28_30_AM/SFA_MONTHLY/CO_gold/CO_gold2-Acient-9.png  used on input line 454.
(pdftex.def)             Requested size: 264.46837pt x 198.35715pt.

Overfull \hbox (23.99998pt too wide) in alignment at lines 454--454
[][] 
 []

File: ./Picture/Logo.png Graphic file (type png)
<use ./Picture/Logo.png>
Package pdftex.def Info: ./Picture/Logo.png  used on input line 454.
(pdftex.def)             Requested size: 56.9055pt x 20.55377pt.
[322 <C:/Users/huang/workspace/MASG/Output_FI/2020_02_09_10_28_30_AM/SFA_MONTHL
Y/CO_gold/2_insample_diff.png> <C:/Users/huang/workspace/MASG/Output_FI/2020_02
_09_10_28_30_AM/SFA_MONTHLY/CO_gold/2_insample_level.png> <C:/Users/huang/works
pace/MASG/Output_FI/2020_02_09_10_28_30_AM/SFA_MONTHLY/CO_gold/CO_gold2-Recent-
9.png> <C:/Users/huang/workspace/MASG/Output_FI/2020_02_09_10_28_30_AM/SFA_MONT
HLY/CO_gold/CO_gold2-Acient-9.png>]
File: C:/Users/huang/workspace/MASG/Output_FI/2020_02_09_10_28_30_AM/SFA_MONTHL
Y/CO_gold/3_insample_diff.png Graphic file (type png)
<use C:/Users/huang/workspace/MASG/Output_FI/2020_02_09_10_28_30_AM/SFA_MONTHLY
/CO_gold/3_insample_diff.png>
Package pdftex.def Info: C:/Users/huang/workspace/MASG/Output_FI/2020_02_09_10_
28_30_AM/SFA_MONTHLY/CO_gold/3_insample_diff.png  used on input line 454.
(pdftex.def)             Requested size: 264.46837pt x 264.46921pt.
File: C:/Users/huang/workspace/MASG/Output_FI/2020_02_09_10_28_30_AM/SFA_MONTHL
Y/CO_gold/3_insample_level.png Graphic file (type png)
<use C:/Users/huang/workspace/MASG/Output_FI/2020_02_09_10_28_30_AM/SFA_MONTHLY
/CO_gold/3_insample_level.png>
Package pdftex.def Info: C:/Users/huang/workspace/MASG/Output_FI/2020_02_09_10_
28_30_AM/SFA_MONTHLY/CO_gold/3_insample_level.png  used on input line 454.
(pdftex.def)             Requested size: 264.46837pt x 264.46921pt.
File: C:/Users/huang/workspace/MASG/Output_FI/2020_02_09_10_28_30_AM/SFA_MONTHL
Y/CO_gold/CO_gold3-Recent-9.png Graphic file (type png)
<use C:/Users/huang/workspace/MASG/Output_FI/2020_02_09_10_28_30_AM/SFA_MONTHLY
/CO_gold/CO_gold3-Recent-9.png>
Package pdftex.def Info: C:/Users/huang/workspace/MASG/Output_FI/2020_02_09_10_
28_30_AM/SFA_MONTHLY/CO_gold/CO_gold3-Recent-9.png  used on input line 454.
(pdftex.def)             Requested size: 264.46837pt x 198.35715pt.
File: C:/Users/huang/workspace/MASG/Output_FI/2020_02_09_10_28_30_AM/SFA_MONTHL
Y/CO_gold/CO_gold3-Acient-9.png Graphic file (type png)
<use C:/Users/huang/workspace/MASG/Output_FI/2020_02_09_10_28_30_AM/SFA_MONTHLY
/CO_gold/CO_gold3-Acient-9.png>
Package pdftex.def Info: C:/Users/huang/workspace/MASG/Output_FI/2020_02_09_10_
28_30_AM/SFA_MONTHLY/CO_gold/CO_gold3-Acient-9.png  used on input line 454.
(pdftex.def)             Requested size: 264.46837pt x 198.35715pt.

Overfull \hbox (23.99998pt too wide) in alignment at lines 454--454
[][] 
 []

File: ./Picture/Logo.png Graphic file (type png)
<use ./Picture/Logo.png>
Package pdftex.def Info: ./Picture/Logo.png  used on input line 454.
(pdftex.def)             Requested size: 56.9055pt x 20.55377pt.
[323 <C:/Users/huang/workspace/MASG/Output_FI/2020_02_09_10_28_30_AM/SFA_MONTHL
Y/CO_gold/3_insample_diff.png> <C:/Users/huang/workspace/MASG/Output_FI/2020_02
_09_10_28_30_AM/SFA_MONTHLY/CO_gold/3_insample_level.png> <C:/Users/huang/works
pace/MASG/Output_FI/2020_02_09_10_28_30_AM/SFA_MONTHLY/CO_gold/CO_gold3-Recent-
9.png> <C:/Users/huang/workspace/MASG/Output_FI/2020_02_09_10_28_30_AM/SFA_MONT
HLY/CO_gold/CO_gold3-Acient-9.png>]
File: C:/Users/huang/workspace/MASG/Output_FI/2020_02_09_10_28_30_AM/SFA_MONTHL
Y/CO_gold/4_insample_diff.png Graphic file (type png)
<use C:/Users/huang/workspace/MASG/Output_FI/2020_02_09_10_28_30_AM/SFA_MONTHLY
/CO_gold/4_insample_diff.png>
Package pdftex.def Info: C:/Users/huang/workspace/MASG/Output_FI/2020_02_09_10_
28_30_AM/SFA_MONTHLY/CO_gold/4_insample_diff.png  used on input line 454.
(pdftex.def)             Requested size: 264.46837pt x 264.46921pt.
File: C:/Users/huang/workspace/MASG/Output_FI/2020_02_09_10_28_30_AM/SFA_MONTHL
Y/CO_gold/4_insample_level.png Graphic file (type png)
<use C:/Users/huang/workspace/MASG/Output_FI/2020_02_09_10_28_30_AM/SFA_MONTHLY
/CO_gold/4_insample_level.png>
Package pdftex.def Info: C:/Users/huang/workspace/MASG/Output_FI/2020_02_09_10_
28_30_AM/SFA_MONTHLY/CO_gold/4_insample_level.png  used on input line 454.
(pdftex.def)             Requested size: 264.46837pt x 264.46921pt.
File: C:/Users/huang/workspace/MASG/Output_FI/2020_02_09_10_28_30_AM/SFA_MONTHL
Y/CO_gold/CO_gold4-Recent-9.png Graphic file (type png)
<use C:/Users/huang/workspace/MASG/Output_FI/2020_02_09_10_28_30_AM/SFA_MONTHLY
/CO_gold/CO_gold4-Recent-9.png>
Package pdftex.def Info: C:/Users/huang/workspace/MASG/Output_FI/2020_02_09_10_
28_30_AM/SFA_MONTHLY/CO_gold/CO_gold4-Recent-9.png  used on input line 454.
(pdftex.def)             Requested size: 264.46837pt x 198.35715pt.
File: C:/Users/huang/workspace/MASG/Output_FI/2020_02_09_10_28_30_AM/SFA_MONTHL
Y/CO_gold/CO_gold4-Acient-9.png Graphic file (type png)
<use C:/Users/huang/workspace/MASG/Output_FI/2020_02_09_10_28_30_AM/SFA_MONTHLY
/CO_gold/CO_gold4-Acient-9.png>
Package pdftex.def Info: C:/Users/huang/workspace/MASG/Output_FI/2020_02_09_10_
28_30_AM/SFA_MONTHLY/CO_gold/CO_gold4-Acient-9.png  used on input line 454.
(pdftex.def)             Requested size: 264.46837pt x 198.35715pt.

Overfull \hbox (23.99998pt too wide) in alignment at lines 454--454
[][] 
 []

File: ./Picture/Logo.png Graphic file (type png)
<use ./Picture/Logo.png>
Package pdftex.def Info: ./Picture/Logo.png  used on input line 454.
(pdftex.def)             Requested size: 56.9055pt x 20.55377pt.
[324 <C:/Users/huang/workspace/MASG/Output_FI/2020_02_09_10_28_30_AM/SFA_MONTHL
Y/CO_gold/4_insample_diff.png> <C:/Users/huang/workspace/MASG/Output_FI/2020_02
_09_10_28_30_AM/SFA_MONTHLY/CO_gold/4_insample_level.png> <C:/Users/huang/works
pace/MASG/Output_FI/2020_02_09_10_28_30_AM/SFA_MONTHLY/CO_gold/CO_gold4-Recent-
9.png> <C:/Users/huang/workspace/MASG/Output_FI/2020_02_09_10_28_30_AM/SFA_MONT
HLY/CO_gold/CO_gold4-Acient-9.png>]
File: C:/Users/huang/workspace/MASG/Output_FI/2020_02_09_10_28_30_AM/SFA_MONTHL
Y/CO_gold/5_insample_diff.png Graphic file (type png)
<use C:/Users/huang/workspace/MASG/Output_FI/2020_02_09_10_28_30_AM/SFA_MONTHLY
/CO_gold/5_insample_diff.png>
Package pdftex.def Info: C:/Users/huang/workspace/MASG/Output_FI/2020_02_09_10_
28_30_AM/SFA_MONTHLY/CO_gold/5_insample_diff.png  used on input line 454.
(pdftex.def)             Requested size: 264.46837pt x 264.46921pt.
File: C:/Users/huang/workspace/MASG/Output_FI/2020_02_09_10_28_30_AM/SFA_MONTHL
Y/CO_gold/5_insample_level.png Graphic file (type png)
<use C:/Users/huang/workspace/MASG/Output_FI/2020_02_09_10_28_30_AM/SFA_MONTHLY
/CO_gold/5_insample_level.png>
Package pdftex.def Info: C:/Users/huang/workspace/MASG/Output_FI/2020_02_09_10_
28_30_AM/SFA_MONTHLY/CO_gold/5_insample_level.png  used on input line 454.
(pdftex.def)             Requested size: 264.46837pt x 264.46921pt.
File: C:/Users/huang/workspace/MASG/Output_FI/2020_02_09_10_28_30_AM/SFA_MONTHL
Y/CO_gold/CO_gold5-Recent-9.png Graphic file (type png)
<use C:/Users/huang/workspace/MASG/Output_FI/2020_02_09_10_28_30_AM/SFA_MONTHLY
/CO_gold/CO_gold5-Recent-9.png>
Package pdftex.def Info: C:/Users/huang/workspace/MASG/Output_FI/2020_02_09_10_
28_30_AM/SFA_MONTHLY/CO_gold/CO_gold5-Recent-9.png  used on input line 454.
(pdftex.def)             Requested size: 264.46837pt x 198.35715pt.
File: C:/Users/huang/workspace/MASG/Output_FI/2020_02_09_10_28_30_AM/SFA_MONTHL
Y/CO_gold/CO_gold5-Acient-9.png Graphic file (type png)
<use C:/Users/huang/workspace/MASG/Output_FI/2020_02_09_10_28_30_AM/SFA_MONTHLY
/CO_gold/CO_gold5-Acient-9.png>
Package pdftex.def Info: C:/Users/huang/workspace/MASG/Output_FI/2020_02_09_10_
28_30_AM/SFA_MONTHLY/CO_gold/CO_gold5-Acient-9.png  used on input line 454.
(pdftex.def)             Requested size: 264.46837pt x 198.35715pt.

Overfull \hbox (23.99998pt too wide) in alignment at lines 454--454
[][] 
 []

File: ./Picture/Logo.png Graphic file (type png)
<use ./Picture/Logo.png>
Package pdftex.def Info: ./Picture/Logo.png  used on input line 454.
(pdftex.def)             Requested size: 56.9055pt x 20.55377pt.
[325 <C:/Users/huang/workspace/MASG/Output_FI/2020_02_09_10_28_30_AM/SFA_MONTHL
Y/CO_gold/5_insample_diff.png> <C:/Users/huang/workspace/MASG/Output_FI/2020_02
_09_10_28_30_AM/SFA_MONTHLY/CO_gold/5_insample_level.png> <C:/Users/huang/works
pace/MASG/Output_FI/2020_02_09_10_28_30_AM/SFA_MONTHLY/CO_gold/CO_gold5-Recent-
9.png> <C:/Users/huang/workspace/MASG/Output_FI/2020_02_09_10_28_30_AM/SFA_MONT
HLY/CO_gold/CO_gold5-Acient-9.png>]
File: C:/Users/huang/workspace/MASG/Output_FI/2020_02_09_10_28_30_AM/SFA_MONTHL
Y/CO_gold/6_insample_diff.png Graphic file (type png)
<use C:/Users/huang/workspace/MASG/Output_FI/2020_02_09_10_28_30_AM/SFA_MONTHLY
/CO_gold/6_insample_diff.png>
Package pdftex.def Info: C:/Users/huang/workspace/MASG/Output_FI/2020_02_09_10_
28_30_AM/SFA_MONTHLY/CO_gold/6_insample_diff.png  used on input line 454.
(pdftex.def)             Requested size: 264.46837pt x 264.46921pt.
File: C:/Users/huang/workspace/MASG/Output_FI/2020_02_09_10_28_30_AM/SFA_MONTHL
Y/CO_gold/6_insample_level.png Graphic file (type png)
<use C:/Users/huang/workspace/MASG/Output_FI/2020_02_09_10_28_30_AM/SFA_MONTHLY
/CO_gold/6_insample_level.png>
Package pdftex.def Info: C:/Users/huang/workspace/MASG/Output_FI/2020_02_09_10_
28_30_AM/SFA_MONTHLY/CO_gold/6_insample_level.png  used on input line 454.
(pdftex.def)             Requested size: 264.46837pt x 264.46921pt.
File: C:/Users/huang/workspace/MASG/Output_FI/2020_02_09_10_28_30_AM/SFA_MONTHL
Y/CO_gold/CO_gold6-Recent-9.png Graphic file (type png)
<use C:/Users/huang/workspace/MASG/Output_FI/2020_02_09_10_28_30_AM/SFA_MONTHLY
/CO_gold/CO_gold6-Recent-9.png>
Package pdftex.def Info: C:/Users/huang/workspace/MASG/Output_FI/2020_02_09_10_
28_30_AM/SFA_MONTHLY/CO_gold/CO_gold6-Recent-9.png  used on input line 454.
(pdftex.def)             Requested size: 264.46837pt x 198.35715pt.
File: C:/Users/huang/workspace/MASG/Output_FI/2020_02_09_10_28_30_AM/SFA_MONTHL
Y/CO_gold/CO_gold6-Acient-9.png Graphic file (type png)
<use C:/Users/huang/workspace/MASG/Output_FI/2020_02_09_10_28_30_AM/SFA_MONTHLY
/CO_gold/CO_gold6-Acient-9.png>
Package pdftex.def Info: C:/Users/huang/workspace/MASG/Output_FI/2020_02_09_10_
28_30_AM/SFA_MONTHLY/CO_gold/CO_gold6-Acient-9.png  used on input line 454.
(pdftex.def)             Requested size: 264.46837pt x 198.35715pt.

Overfull \hbox (23.99998pt too wide) in alignment at lines 454--454
[][] 
 []

File: ./Picture/Logo.png Graphic file (type png)
<use ./Picture/Logo.png>
Package pdftex.def Info: ./Picture/Logo.png  used on input line 454.
(pdftex.def)             Requested size: 56.9055pt x 20.55377pt.
[326 <C:/Users/huang/workspace/MASG/Output_FI/2020_02_09_10_28_30_AM/SFA_MONTHL
Y/CO_gold/6_insample_diff.png> <C:/Users/huang/workspace/MASG/Output_FI/2020_02
_09_10_28_30_AM/SFA_MONTHLY/CO_gold/6_insample_level.png> <C:/Users/huang/works
pace/MASG/Output_FI/2020_02_09_10_28_30_AM/SFA_MONTHLY/CO_gold/CO_gold6-Recent-
9.png> <C:/Users/huang/workspace/MASG/Output_FI/2020_02_09_10_28_30_AM/SFA_MONT
HLY/CO_gold/CO_gold6-Acient-9.png>]
! Missing $ inserted.
<inserted text> 
                $
l.454 
      
I've inserted a begin-math/end-math symbol since I think
you left one out. Proceed, with fingers crossed.

! Missing $ inserted.
<inserted text> 
                $
l.454 
      
I've inserted a begin-math/end-math symbol since I think
you left one out. Proceed, with fingers crossed.


Package hyperref Warning: Token not allowed in a PDF string (PDFDocEncoding):
(hyperref)                removing `subscript' on input line 454.


(C:/Users/huang/workspace/MASG/Output_FI/2020_02_09_10_28_30_AM/MFA_MONTHLY/CO_
gold/MFA_CO_gold.tex
Overfull \hbox (12.11464pt too wide) in alignment at lines 3--26
 [] [] [] [] [] [] [] [] [] [] [] 
 []


Underfull \vbox (badness 10000) detected at line 26
 []


Overfull \hbox (12.11464pt too wide) in alignment at lines 26--46
 [] [] [] [] [] [] [] [] [] [] [] 
 []

! Missing $ inserted.
<inserted text> 
                $
l.59 \caption{Two Factor Analysis-CO_gold}
                                          
I've inserted a begin-math/end-math symbol since I think
you left one out. Proceed, with fingers crossed.

! Missing $ inserted.
<inserted text> 
                $
l.59 \caption{Two Factor Analysis-CO_gold}
                                          
I've inserted a begin-math/end-math symbol since I think
you left one out. Proceed, with fingers crossed.


Overfull \hbox (12.11464pt too wide) in alignment at lines 46--60
 [] [] [] [] [] [] [] [] [] [] [] 
 []

File: ./Picture/Logo.png Graphic file (type png)
<use ./Picture/Logo.png>
Package pdftex.def Info: ./Picture/Logo.png  used on input line 60.
(pdftex.def)             Requested size: 56.9055pt x 20.55377pt.
[327

])

! LaTeX Error: There's no line here to end.

See the LaTeX manual or LaTeX Companion for explanation.
Type  H <return>  for immediate help.
 ...                                              
                                                  
l.454 
      
Your command was ignored.
Type  I <command> <return>  to replace it with another command,
or  <return>  to continue without it.


(C:/Users/huang/workspace/MASG/Output_FI/2020_02_09_10_28_30_AM/MFA_MONTHLY/CO_
gold/MFA_RelevantVariables_CO_gold.tex
! Missing $ inserted.
<inserted text> 
                $
l.4 \caption{Relevant Variables: CO_gold}
                                          \\
I've inserted a begin-math/end-math symbol since I think
you left one out. Proceed, with fingers crossed.

! Missing $ inserted.
<inserted text> 
                $
l.4 \caption{Relevant Variables: CO_gold}
                                          \\
I've inserted a begin-math/end-math symbol since I think
you left one out. Proceed, with fingers crossed.

File: ./Picture/Logo.png Graphic file (type png)
<use ./Picture/Logo.png>
Package pdftex.def Info: ./Picture/Logo.png  used on input line 86.
(pdftex.def)             Requested size: 56.9055pt x 20.55377pt.
[328])
File: ./Picture/Logo.png Graphic file (type png)
<use ./Picture/Logo.png>
Package pdftex.def Info: ./Picture/Logo.png  used on input line 454.
(pdftex.def)             Requested size: 56.9055pt x 20.55377pt.
 [329]
File: C:/Users/huang/workspace/MASG/Output_FI/2020_02_09_10_28_30_AM/MFA_MONTHL
Y/CO_gold/1_insample_diff.png Graphic file (type png)
<use C:/Users/huang/workspace/MASG/Output_FI/2020_02_09_10_28_30_AM/MFA_MONTHLY
/CO_gold/1_insample_diff.png>
Package pdftex.def Info: C:/Users/huang/workspace/MASG/Output_FI/2020_02_09_10_
28_30_AM/MFA_MONTHLY/CO_gold/1_insample_diff.png  used on input line 454.
(pdftex.def)             Requested size: 264.46837pt x 198.35715pt.

Underfull \hbox (badness 10000) in alignment at lines 454--454
[][] 
 []


Underfull \hbox (badness 10000) in alignment at lines 454--454
[] 
 []

File: C:/Users/huang/workspace/MASG/Output_FI/2020_02_09_10_28_30_AM/MFA_MONTHL
Y/CO_gold/CO_gold1-Recent-9.png Graphic file (type png)
<use C:/Users/huang/workspace/MASG/Output_FI/2020_02_09_10_28_30_AM/MFA_MONTHLY
/CO_gold/CO_gold1-Recent-9.png>
Package pdftex.def Info: C:/Users/huang/workspace/MASG/Output_FI/2020_02_09_10_
28_30_AM/MFA_MONTHLY/CO_gold/CO_gold1-Recent-9.png  used on input line 454.
(pdftex.def)             Requested size: 264.46837pt x 198.35715pt.
File: C:/Users/huang/workspace/MASG/Output_FI/2020_02_09_10_28_30_AM/MFA_MONTHL
Y/CO_gold/CO_gold1-Acient-9.png Graphic file (type png)
<use C:/Users/huang/workspace/MASG/Output_FI/2020_02_09_10_28_30_AM/MFA_MONTHLY
/CO_gold/CO_gold1-Acient-9.png>
Package pdftex.def Info: C:/Users/huang/workspace/MASG/Output_FI/2020_02_09_10_
28_30_AM/MFA_MONTHLY/CO_gold/CO_gold1-Acient-9.png  used on input line 454.
(pdftex.def)             Requested size: 264.46837pt x 198.35715pt.
File: C:/Users/huang/workspace/MASG/Output_FI/2020_02_09_10_28_30_AM/MFA_MONTHL
Y/CO_gold/1_insample_residuals.png Graphic file (type png)
<use C:/Users/huang/workspace/MASG/Output_FI/2020_02_09_10_28_30_AM/MFA_MONTHLY
/CO_gold/1_insample_residuals.png>
Package pdftex.def Info: C:/Users/huang/workspace/MASG/Output_FI/2020_02_09_10_
28_30_AM/MFA_MONTHLY/CO_gold/1_insample_residuals.png  used on input line 454.
(pdftex.def)             Requested size: 264.46837pt x 198.35715pt.

Overfull \hbox (23.99998pt too wide) in alignment at lines 454--454
[][] 
 []


Overfull \hbox (15.0pt too wide) in paragraph at lines 454--454
[][] 
 []

File: ./Picture/Logo.png Graphic file (type png)
<use ./Picture/Logo.png>
Package pdftex.def Info: ./Picture/Logo.png  used on input line 454.
(pdftex.def)             Requested size: 56.9055pt x 20.55377pt.
[330

 <C:/Users/huang/workspace/MASG/Output_FI/2020_02_09_10_28_30_AM/MFA_MONTHLY/CO
_gold/1_insample_diff.png>]
File: ./Picture/Logo.png Graphic file (type png)
<use ./Picture/Logo.png>
Package pdftex.def Info: ./Picture/Logo.png  used on input line 454.
(pdftex.def)             Requested size: 56.9055pt x 20.55377pt.
 [331 <C:/Users/huang/workspace/MASG/Output_FI/2020_02_09_10_28_30_AM/MFA_MONTH
LY/CO_gold/CO_gold1-Recent-9.png> <C:/Users/huang/workspace/MASG/Output_FI/2020
_02_09_10_28_30_AM/MFA_MONTHLY/CO_gold/CO_gold1-Acient-9.png> <C:/Users/huang/w
orkspace/MASG/Output_FI/2020_02_09_10_28_30_AM/MFA_MONTHLY/CO_gold/1_insample_r
esiduals.png>]
File: C:/Users/huang/workspace/MASG/Output_FI/2020_02_09_10_28_30_AM/MFA_MONTHL
Y/CO_gold/2_insample_diff.png Graphic file (type png)
<use C:/Users/huang/workspace/MASG/Output_FI/2020_02_09_10_28_30_AM/MFA_MONTHLY
/CO_gold/2_insample_diff.png>
Package pdftex.def Info: C:/Users/huang/workspace/MASG/Output_FI/2020_02_09_10_
28_30_AM/MFA_MONTHLY/CO_gold/2_insample_diff.png  used on input line 454.
(pdftex.def)             Requested size: 264.46837pt x 198.35715pt.

Underfull \hbox (badness 10000) in alignment at lines 454--454
[][] 
 []


Underfull \hbox (badness 10000) in alignment at lines 454--454
[] 
 []

File: C:/Users/huang/workspace/MASG/Output_FI/2020_02_09_10_28_30_AM/MFA_MONTHL
Y/CO_gold/CO_gold2-Recent-9.png Graphic file (type png)
<use C:/Users/huang/workspace/MASG/Output_FI/2020_02_09_10_28_30_AM/MFA_MONTHLY
/CO_gold/CO_gold2-Recent-9.png>
Package pdftex.def Info: C:/Users/huang/workspace/MASG/Output_FI/2020_02_09_10_
28_30_AM/MFA_MONTHLY/CO_gold/CO_gold2-Recent-9.png  used on input line 454.
(pdftex.def)             Requested size: 264.46837pt x 198.35715pt.
File: C:/Users/huang/workspace/MASG/Output_FI/2020_02_09_10_28_30_AM/MFA_MONTHL
Y/CO_gold/CO_gold2-Acient-9.png Graphic file (type png)
<use C:/Users/huang/workspace/MASG/Output_FI/2020_02_09_10_28_30_AM/MFA_MONTHLY
/CO_gold/CO_gold2-Acient-9.png>
Package pdftex.def Info: C:/Users/huang/workspace/MASG/Output_FI/2020_02_09_10_
28_30_AM/MFA_MONTHLY/CO_gold/CO_gold2-Acient-9.png  used on input line 454.
(pdftex.def)             Requested size: 264.46837pt x 198.35715pt.
File: C:/Users/huang/workspace/MASG/Output_FI/2020_02_09_10_28_30_AM/MFA_MONTHL
Y/CO_gold/2_insample_residuals.png Graphic file (type png)
<use C:/Users/huang/workspace/MASG/Output_FI/2020_02_09_10_28_30_AM/MFA_MONTHLY
/CO_gold/2_insample_residuals.png>
Package pdftex.def Info: C:/Users/huang/workspace/MASG/Output_FI/2020_02_09_10_
28_30_AM/MFA_MONTHLY/CO_gold/2_insample_residuals.png  used on input line 454.
(pdftex.def)             Requested size: 264.46837pt x 198.35715pt.

Overfull \hbox (23.99998pt too wide) in alignment at lines 454--454
[][] 
 []


Overfull \hbox (15.0pt too wide) in paragraph at lines 454--454
[][] 
 []

File: ./Picture/Logo.png Graphic file (type png)
<use ./Picture/Logo.png>
Package pdftex.def Info: ./Picture/Logo.png  used on input line 454.
(pdftex.def)             Requested size: 56.9055pt x 20.55377pt.
[332 <C:/Users/huang/workspace/MASG/Output_FI/2020_02_09_10_28_30_AM/MFA_MONTHL
Y/CO_gold/2_insample_diff.png>]
File: ./Picture/Logo.png Graphic file (type png)
<use ./Picture/Logo.png>
Package pdftex.def Info: ./Picture/Logo.png  used on input line 454.
(pdftex.def)             Requested size: 56.9055pt x 20.55377pt.
 [333 <C:/Users/huang/workspace/MASG/Output_FI/2020_02_09_10_28_30_AM/MFA_MONTH
LY/CO_gold/CO_gold2-Recent-9.png> <C:/Users/huang/workspace/MASG/Output_FI/2020
_02_09_10_28_30_AM/MFA_MONTHLY/CO_gold/CO_gold2-Acient-9.png> <C:/Users/huang/w
orkspace/MASG/Output_FI/2020_02_09_10_28_30_AM/MFA_MONTHLY/CO_gold/2_insample_r
esiduals.png>]
File: C:/Users/huang/workspace/MASG/Output_FI/2020_02_09_10_28_30_AM/MFA_MONTHL
Y/CO_gold/3_insample_diff.png Graphic file (type png)
<use C:/Users/huang/workspace/MASG/Output_FI/2020_02_09_10_28_30_AM/MFA_MONTHLY
/CO_gold/3_insample_diff.png>
Package pdftex.def Info: C:/Users/huang/workspace/MASG/Output_FI/2020_02_09_10_
28_30_AM/MFA_MONTHLY/CO_gold/3_insample_diff.png  used on input line 454.
(pdftex.def)             Requested size: 264.46837pt x 198.35715pt.

Underfull \hbox (badness 10000) in alignment at lines 454--454
[][] 
 []


Underfull \hbox (badness 10000) in alignment at lines 454--454
[] 
 []

File: C:/Users/huang/workspace/MASG/Output_FI/2020_02_09_10_28_30_AM/MFA_MONTHL
Y/CO_gold/CO_gold3-Recent-9.png Graphic file (type png)
<use C:/Users/huang/workspace/MASG/Output_FI/2020_02_09_10_28_30_AM/MFA_MONTHLY
/CO_gold/CO_gold3-Recent-9.png>
Package pdftex.def Info: C:/Users/huang/workspace/MASG/Output_FI/2020_02_09_10_
28_30_AM/MFA_MONTHLY/CO_gold/CO_gold3-Recent-9.png  used on input line 454.
(pdftex.def)             Requested size: 264.46837pt x 198.35715pt.
File: C:/Users/huang/workspace/MASG/Output_FI/2020_02_09_10_28_30_AM/MFA_MONTHL
Y/CO_gold/CO_gold3-Acient-9.png Graphic file (type png)
<use C:/Users/huang/workspace/MASG/Output_FI/2020_02_09_10_28_30_AM/MFA_MONTHLY
/CO_gold/CO_gold3-Acient-9.png>
Package pdftex.def Info: C:/Users/huang/workspace/MASG/Output_FI/2020_02_09_10_
28_30_AM/MFA_MONTHLY/CO_gold/CO_gold3-Acient-9.png  used on input line 454.
(pdftex.def)             Requested size: 264.46837pt x 198.35715pt.
File: C:/Users/huang/workspace/MASG/Output_FI/2020_02_09_10_28_30_AM/MFA_MONTHL
Y/CO_gold/3_insample_residuals.png Graphic file (type png)
<use C:/Users/huang/workspace/MASG/Output_FI/2020_02_09_10_28_30_AM/MFA_MONTHLY
/CO_gold/3_insample_residuals.png>
Package pdftex.def Info: C:/Users/huang/workspace/MASG/Output_FI/2020_02_09_10_
28_30_AM/MFA_MONTHLY/CO_gold/3_insample_residuals.png  used on input line 454.
(pdftex.def)             Requested size: 264.46837pt x 198.35715pt.

Overfull \hbox (23.99998pt too wide) in alignment at lines 454--454
[][] 
 []


Overfull \hbox (15.0pt too wide) in paragraph at lines 454--454
[][] 
 []

File: ./Picture/Logo.png Graphic file (type png)
<use ./Picture/Logo.png>
Package pdftex.def Info: ./Picture/Logo.png  used on input line 454.
(pdftex.def)             Requested size: 56.9055pt x 20.55377pt.
[334 <C:/Users/huang/workspace/MASG/Output_FI/2020_02_09_10_28_30_AM/MFA_MONTHL
Y/CO_gold/3_insample_diff.png>]
File: ./Picture/Logo.png Graphic file (type png)
<use ./Picture/Logo.png>
Package pdftex.def Info: ./Picture/Logo.png  used on input line 454.
(pdftex.def)             Requested size: 56.9055pt x 20.55377pt.
 [335 <C:/Users/huang/workspace/MASG/Output_FI/2020_02_09_10_28_30_AM/MFA_MONTH
LY/CO_gold/CO_gold3-Recent-9.png> <C:/Users/huang/workspace/MASG/Output_FI/2020
_02_09_10_28_30_AM/MFA_MONTHLY/CO_gold/CO_gold3-Acient-9.png> <C:/Users/huang/w
orkspace/MASG/Output_FI/2020_02_09_10_28_30_AM/MFA_MONTHLY/CO_gold/3_insample_r
esiduals.png>]
File: C:/Users/huang/workspace/MASG/Output_FI/2020_02_09_10_28_30_AM/MFA_MONTHL
Y/CO_gold/4_insample_diff.png Graphic file (type png)
<use C:/Users/huang/workspace/MASG/Output_FI/2020_02_09_10_28_30_AM/MFA_MONTHLY
/CO_gold/4_insample_diff.png>
Package pdftex.def Info: C:/Users/huang/workspace/MASG/Output_FI/2020_02_09_10_
28_30_AM/MFA_MONTHLY/CO_gold/4_insample_diff.png  used on input line 454.
(pdftex.def)             Requested size: 264.46837pt x 198.35715pt.

Underfull \hbox (badness 10000) in alignment at lines 454--454
[][] 
 []


Underfull \hbox (badness 10000) in alignment at lines 454--454
[] 
 []

File: C:/Users/huang/workspace/MASG/Output_FI/2020_02_09_10_28_30_AM/MFA_MONTHL
Y/CO_gold/CO_gold4-Recent-9.png Graphic file (type png)
<use C:/Users/huang/workspace/MASG/Output_FI/2020_02_09_10_28_30_AM/MFA_MONTHLY
/CO_gold/CO_gold4-Recent-9.png>
Package pdftex.def Info: C:/Users/huang/workspace/MASG/Output_FI/2020_02_09_10_
28_30_AM/MFA_MONTHLY/CO_gold/CO_gold4-Recent-9.png  used on input line 454.
(pdftex.def)             Requested size: 264.46837pt x 198.35715pt.
File: C:/Users/huang/workspace/MASG/Output_FI/2020_02_09_10_28_30_AM/MFA_MONTHL
Y/CO_gold/CO_gold4-Acient-9.png Graphic file (type png)
<use C:/Users/huang/workspace/MASG/Output_FI/2020_02_09_10_28_30_AM/MFA_MONTHLY
/CO_gold/CO_gold4-Acient-9.png>
Package pdftex.def Info: C:/Users/huang/workspace/MASG/Output_FI/2020_02_09_10_
28_30_AM/MFA_MONTHLY/CO_gold/CO_gold4-Acient-9.png  used on input line 454.
(pdftex.def)             Requested size: 264.46837pt x 198.35715pt.
File: C:/Users/huang/workspace/MASG/Output_FI/2020_02_09_10_28_30_AM/MFA_MONTHL
Y/CO_gold/4_insample_residuals.png Graphic file (type png)
<use C:/Users/huang/workspace/MASG/Output_FI/2020_02_09_10_28_30_AM/MFA_MONTHLY
/CO_gold/4_insample_residuals.png>
Package pdftex.def Info: C:/Users/huang/workspace/MASG/Output_FI/2020_02_09_10_
28_30_AM/MFA_MONTHLY/CO_gold/4_insample_residuals.png  used on input line 454.
(pdftex.def)             Requested size: 264.46837pt x 198.35715pt.

Overfull \hbox (23.99998pt too wide) in alignment at lines 454--454
[][] 
 []


Overfull \hbox (15.0pt too wide) in paragraph at lines 454--454
[][] 
 []

File: ./Picture/Logo.png Graphic file (type png)
<use ./Picture/Logo.png>
Package pdftex.def Info: ./Picture/Logo.png  used on input line 454.
(pdftex.def)             Requested size: 56.9055pt x 20.55377pt.
[336 <C:/Users/huang/workspace/MASG/Output_FI/2020_02_09_10_28_30_AM/MFA_MONTHL
Y/CO_gold/4_insample_diff.png>]
File: ./Picture/Logo.png Graphic file (type png)
<use ./Picture/Logo.png>
Package pdftex.def Info: ./Picture/Logo.png  used on input line 454.
(pdftex.def)             Requested size: 56.9055pt x 20.55377pt.
 [337 <C:/Users/huang/workspace/MASG/Output_FI/2020_02_09_10_28_30_AM/MFA_MONTH
LY/CO_gold/CO_gold4-Recent-9.png> <C:/Users/huang/workspace/MASG/Output_FI/2020
_02_09_10_28_30_AM/MFA_MONTHLY/CO_gold/CO_gold4-Acient-9.png> <C:/Users/huang/w
orkspace/MASG/Output_FI/2020_02_09_10_28_30_AM/MFA_MONTHLY/CO_gold/4_insample_r
esiduals.png>]
File: C:/Users/huang/workspace/MASG/Output_FI/2020_02_09_10_28_30_AM/MFA_MONTHL
Y/CO_gold/5_insample_diff.png Graphic file (type png)
<use C:/Users/huang/workspace/MASG/Output_FI/2020_02_09_10_28_30_AM/MFA_MONTHLY
/CO_gold/5_insample_diff.png>
Package pdftex.def Info: C:/Users/huang/workspace/MASG/Output_FI/2020_02_09_10_
28_30_AM/MFA_MONTHLY/CO_gold/5_insample_diff.png  used on input line 454.
(pdftex.def)             Requested size: 264.46837pt x 198.35715pt.

Underfull \hbox (badness 10000) in alignment at lines 454--454
[][] 
 []


Underfull \hbox (badness 10000) in alignment at lines 454--454
[] 
 []

File: C:/Users/huang/workspace/MASG/Output_FI/2020_02_09_10_28_30_AM/MFA_MONTHL
Y/CO_gold/CO_gold5-Recent-9.png Graphic file (type png)
<use C:/Users/huang/workspace/MASG/Output_FI/2020_02_09_10_28_30_AM/MFA_MONTHLY
/CO_gold/CO_gold5-Recent-9.png>
Package pdftex.def Info: C:/Users/huang/workspace/MASG/Output_FI/2020_02_09_10_
28_30_AM/MFA_MONTHLY/CO_gold/CO_gold5-Recent-9.png  used on input line 454.
(pdftex.def)             Requested size: 264.46837pt x 198.35715pt.
File: C:/Users/huang/workspace/MASG/Output_FI/2020_02_09_10_28_30_AM/MFA_MONTHL
Y/CO_gold/CO_gold5-Acient-9.png Graphic file (type png)
<use C:/Users/huang/workspace/MASG/Output_FI/2020_02_09_10_28_30_AM/MFA_MONTHLY
/CO_gold/CO_gold5-Acient-9.png>
Package pdftex.def Info: C:/Users/huang/workspace/MASG/Output_FI/2020_02_09_10_
28_30_AM/MFA_MONTHLY/CO_gold/CO_gold5-Acient-9.png  used on input line 454.
(pdftex.def)             Requested size: 264.46837pt x 198.35715pt.
File: C:/Users/huang/workspace/MASG/Output_FI/2020_02_09_10_28_30_AM/MFA_MONTHL
Y/CO_gold/5_insample_residuals.png Graphic file (type png)
<use C:/Users/huang/workspace/MASG/Output_FI/2020_02_09_10_28_30_AM/MFA_MONTHLY
/CO_gold/5_insample_residuals.png>
Package pdftex.def Info: C:/Users/huang/workspace/MASG/Output_FI/2020_02_09_10_
28_30_AM/MFA_MONTHLY/CO_gold/5_insample_residuals.png  used on input line 454.
(pdftex.def)             Requested size: 264.46837pt x 198.35715pt.

Overfull \hbox (23.99998pt too wide) in alignment at lines 454--454
[][] 
 []


Overfull \hbox (15.0pt too wide) in paragraph at lines 454--454
[][] 
 []

File: ./Picture/Logo.png Graphic file (type png)
<use ./Picture/Logo.png>
Package pdftex.def Info: ./Picture/Logo.png  used on input line 454.
(pdftex.def)             Requested size: 56.9055pt x 20.55377pt.
[338 <C:/Users/huang/workspace/MASG/Output_FI/2020_02_09_10_28_30_AM/MFA_MONTHL
Y/CO_gold/5_insample_diff.png>]
File: ./Picture/Logo.png Graphic file (type png)
<use ./Picture/Logo.png>
Package pdftex.def Info: ./Picture/Logo.png  used on input line 454.
(pdftex.def)             Requested size: 56.9055pt x 20.55377pt.
 [339 <C:/Users/huang/workspace/MASG/Output_FI/2020_02_09_10_28_30_AM/MFA_MONTH
LY/CO_gold/CO_gold5-Recent-9.png> <C:/Users/huang/workspace/MASG/Output_FI/2020
_02_09_10_28_30_AM/MFA_MONTHLY/CO_gold/CO_gold5-Acient-9.png> <C:/Users/huang/w
orkspace/MASG/Output_FI/2020_02_09_10_28_30_AM/MFA_MONTHLY/CO_gold/5_insample_r
esiduals.png>]
File: C:/Users/huang/workspace/MASG/Output_FI/2020_02_09_10_28_30_AM/MFA_MONTHL
Y/CO_gold/6_insample_diff.png Graphic file (type png)
<use C:/Users/huang/workspace/MASG/Output_FI/2020_02_09_10_28_30_AM/MFA_MONTHLY
/CO_gold/6_insample_diff.png>
Package pdftex.def Info: C:/Users/huang/workspace/MASG/Output_FI/2020_02_09_10_
28_30_AM/MFA_MONTHLY/CO_gold/6_insample_diff.png  used on input line 454.
(pdftex.def)             Requested size: 264.46837pt x 198.35715pt.

Underfull \hbox (badness 10000) in alignment at lines 454--454
[][] 
 []


Underfull \hbox (badness 10000) in alignment at lines 454--454
[] 
 []

File: C:/Users/huang/workspace/MASG/Output_FI/2020_02_09_10_28_30_AM/MFA_MONTHL
Y/CO_gold/CO_gold6-Recent-9.png Graphic file (type png)
<use C:/Users/huang/workspace/MASG/Output_FI/2020_02_09_10_28_30_AM/MFA_MONTHLY
/CO_gold/CO_gold6-Recent-9.png>
Package pdftex.def Info: C:/Users/huang/workspace/MASG/Output_FI/2020_02_09_10_
28_30_AM/MFA_MONTHLY/CO_gold/CO_gold6-Recent-9.png  used on input line 454.
(pdftex.def)             Requested size: 264.46837pt x 198.35715pt.
File: C:/Users/huang/workspace/MASG/Output_FI/2020_02_09_10_28_30_AM/MFA_MONTHL
Y/CO_gold/CO_gold6-Acient-9.png Graphic file (type png)
<use C:/Users/huang/workspace/MASG/Output_FI/2020_02_09_10_28_30_AM/MFA_MONTHLY
/CO_gold/CO_gold6-Acient-9.png>
Package pdftex.def Info: C:/Users/huang/workspace/MASG/Output_FI/2020_02_09_10_
28_30_AM/MFA_MONTHLY/CO_gold/CO_gold6-Acient-9.png  used on input line 454.
(pdftex.def)             Requested size: 264.46837pt x 198.35715pt.
File: C:/Users/huang/workspace/MASG/Output_FI/2020_02_09_10_28_30_AM/MFA_MONTHL
Y/CO_gold/6_insample_residuals.png Graphic file (type png)
<use C:/Users/huang/workspace/MASG/Output_FI/2020_02_09_10_28_30_AM/MFA_MONTHLY
/CO_gold/6_insample_residuals.png>
Package pdftex.def Info: C:/Users/huang/workspace/MASG/Output_FI/2020_02_09_10_
28_30_AM/MFA_MONTHLY/CO_gold/6_insample_residuals.png  used on input line 454.
(pdftex.def)             Requested size: 264.46837pt x 198.35715pt.

Overfull \hbox (23.99998pt too wide) in alignment at lines 454--454
[][] 
 []


Overfull \hbox (15.0pt too wide) in paragraph at lines 454--454
[][] 
 []

File: ./Picture/Logo.png Graphic file (type png)
<use ./Picture/Logo.png>
Package pdftex.def Info: ./Picture/Logo.png  used on input line 454.
(pdftex.def)             Requested size: 56.9055pt x 20.55377pt.
[340 <C:/Users/huang/workspace/MASG/Output_FI/2020_02_09_10_28_30_AM/MFA_MONTHL
Y/CO_gold/6_insample_diff.png>]
File: ./Picture/Logo.png Graphic file (type png)
<use ./Picture/Logo.png>
Package pdftex.def Info: ./Picture/Logo.png  used on input line 454.
(pdftex.def)             Requested size: 56.9055pt x 20.55377pt.
 [341 <C:/Users/huang/workspace/MASG/Output_FI/2020_02_09_10_28_30_AM/MFA_MONTH
LY/CO_gold/CO_gold6-Recent-9.png> <C:/Users/huang/workspace/MASG/Output_FI/2020
_02_09_10_28_30_AM/MFA_MONTHLY/CO_gold/CO_gold6-Acient-9.png> <C:/Users/huang/w
orkspace/MASG/Output_FI/2020_02_09_10_28_30_AM/MFA_MONTHLY/CO_gold/6_insample_r
esiduals.png>]
File: C:/Users/huang/workspace/MASG/Output_FI/2020_02_09_10_28_30_AM/MFA_MONTHL
Y/CO_gold/7_insample_diff.png Graphic file (type png)
<use C:/Users/huang/workspace/MASG/Output_FI/2020_02_09_10_28_30_AM/MFA_MONTHLY
/CO_gold/7_insample_diff.png>
Package pdftex.def Info: C:/Users/huang/workspace/MASG/Output_FI/2020_02_09_10_
28_30_AM/MFA_MONTHLY/CO_gold/7_insample_diff.png  used on input line 454.
(pdftex.def)             Requested size: 264.46837pt x 198.35715pt.

Underfull \hbox (badness 10000) in alignment at lines 454--454
[][] 
 []


Underfull \hbox (badness 10000) in alignment at lines 454--454
[] 
 []

File: C:/Users/huang/workspace/MASG/Output_FI/2020_02_09_10_28_30_AM/MFA_MONTHL
Y/CO_gold/CO_gold7-Recent-9.png Graphic file (type png)
<use C:/Users/huang/workspace/MASG/Output_FI/2020_02_09_10_28_30_AM/MFA_MONTHLY
/CO_gold/CO_gold7-Recent-9.png>
Package pdftex.def Info: C:/Users/huang/workspace/MASG/Output_FI/2020_02_09_10_
28_30_AM/MFA_MONTHLY/CO_gold/CO_gold7-Recent-9.png  used on input line 454.
(pdftex.def)             Requested size: 264.46837pt x 198.35715pt.
File: C:/Users/huang/workspace/MASG/Output_FI/2020_02_09_10_28_30_AM/MFA_MONTHL
Y/CO_gold/CO_gold7-Acient-9.png Graphic file (type png)
<use C:/Users/huang/workspace/MASG/Output_FI/2020_02_09_10_28_30_AM/MFA_MONTHLY
/CO_gold/CO_gold7-Acient-9.png>
Package pdftex.def Info: C:/Users/huang/workspace/MASG/Output_FI/2020_02_09_10_
28_30_AM/MFA_MONTHLY/CO_gold/CO_gold7-Acient-9.png  used on input line 454.
(pdftex.def)             Requested size: 264.46837pt x 198.35715pt.
File: C:/Users/huang/workspace/MASG/Output_FI/2020_02_09_10_28_30_AM/MFA_MONTHL
Y/CO_gold/7_insample_residuals.png Graphic file (type png)
<use C:/Users/huang/workspace/MASG/Output_FI/2020_02_09_10_28_30_AM/MFA_MONTHLY
/CO_gold/7_insample_residuals.png>
Package pdftex.def Info: C:/Users/huang/workspace/MASG/Output_FI/2020_02_09_10_
28_30_AM/MFA_MONTHLY/CO_gold/7_insample_residuals.png  used on input line 454.
(pdftex.def)             Requested size: 264.46837pt x 198.35715pt.

Overfull \hbox (23.99998pt too wide) in alignment at lines 454--454
[][] 
 []


Overfull \hbox (15.0pt too wide) in paragraph at lines 454--454
[][] 
 []

File: ./Picture/Logo.png Graphic file (type png)
<use ./Picture/Logo.png>
Package pdftex.def Info: ./Picture/Logo.png  used on input line 454.
(pdftex.def)             Requested size: 56.9055pt x 20.55377pt.
[342 <C:/Users/huang/workspace/MASG/Output_FI/2020_02_09_10_28_30_AM/MFA_MONTHL
Y/CO_gold/7_insample_diff.png>]
File: ./Picture/Logo.png Graphic file (type png)
<use ./Picture/Logo.png>
Package pdftex.def Info: ./Picture/Logo.png  used on input line 454.
(pdftex.def)             Requested size: 56.9055pt x 20.55377pt.
 [343 <C:/Users/huang/workspace/MASG/Output_FI/2020_02_09_10_28_30_AM/MFA_MONTH
LY/CO_gold/CO_gold7-Recent-9.png> <C:/Users/huang/workspace/MASG/Output_FI/2020
_02_09_10_28_30_AM/MFA_MONTHLY/CO_gold/CO_gold7-Acient-9.png> <C:/Users/huang/w
orkspace/MASG/Output_FI/2020_02_09_10_28_30_AM/MFA_MONTHLY/CO_gold/7_insample_r
esiduals.png>]
File: C:/Users/huang/workspace/MASG/Output_FI/2020_02_09_10_28_30_AM/MFA_MONTHL
Y/CO_gold/8_insample_diff.png Graphic file (type png)
<use C:/Users/huang/workspace/MASG/Output_FI/2020_02_09_10_28_30_AM/MFA_MONTHLY
/CO_gold/8_insample_diff.png>
Package pdftex.def Info: C:/Users/huang/workspace/MASG/Output_FI/2020_02_09_10_
28_30_AM/MFA_MONTHLY/CO_gold/8_insample_diff.png  used on input line 454.
(pdftex.def)             Requested size: 264.46837pt x 198.35715pt.

Underfull \hbox (badness 10000) in alignment at lines 454--454
[][] 
 []


Underfull \hbox (badness 10000) in alignment at lines 454--454
[] 
 []

File: C:/Users/huang/workspace/MASG/Output_FI/2020_02_09_10_28_30_AM/MFA_MONTHL
Y/CO_gold/CO_gold8-Recent-9.png Graphic file (type png)
<use C:/Users/huang/workspace/MASG/Output_FI/2020_02_09_10_28_30_AM/MFA_MONTHLY
/CO_gold/CO_gold8-Recent-9.png>
Package pdftex.def Info: C:/Users/huang/workspace/MASG/Output_FI/2020_02_09_10_
28_30_AM/MFA_MONTHLY/CO_gold/CO_gold8-Recent-9.png  used on input line 454.
(pdftex.def)             Requested size: 264.46837pt x 198.35715pt.
File: C:/Users/huang/workspace/MASG/Output_FI/2020_02_09_10_28_30_AM/MFA_MONTHL
Y/CO_gold/CO_gold8-Acient-9.png Graphic file (type png)
<use C:/Users/huang/workspace/MASG/Output_FI/2020_02_09_10_28_30_AM/MFA_MONTHLY
/CO_gold/CO_gold8-Acient-9.png>
Package pdftex.def Info: C:/Users/huang/workspace/MASG/Output_FI/2020_02_09_10_
28_30_AM/MFA_MONTHLY/CO_gold/CO_gold8-Acient-9.png  used on input line 454.
(pdftex.def)             Requested size: 264.46837pt x 198.35715pt.
File: C:/Users/huang/workspace/MASG/Output_FI/2020_02_09_10_28_30_AM/MFA_MONTHL
Y/CO_gold/8_insample_residuals.png Graphic file (type png)
<use C:/Users/huang/workspace/MASG/Output_FI/2020_02_09_10_28_30_AM/MFA_MONTHLY
/CO_gold/8_insample_residuals.png>
Package pdftex.def Info: C:/Users/huang/workspace/MASG/Output_FI/2020_02_09_10_
28_30_AM/MFA_MONTHLY/CO_gold/8_insample_residuals.png  used on input line 454.
(pdftex.def)             Requested size: 264.46837pt x 198.35715pt.

Overfull \hbox (23.99998pt too wide) in alignment at lines 454--454
[][] 
 []


Overfull \hbox (15.0pt too wide) in paragraph at lines 454--454
[][] 
 []

File: ./Picture/Logo.png Graphic file (type png)
<use ./Picture/Logo.png>
Package pdftex.def Info: ./Picture/Logo.png  used on input line 454.
(pdftex.def)             Requested size: 56.9055pt x 20.55377pt.
[344 <C:/Users/huang/workspace/MASG/Output_FI/2020_02_09_10_28_30_AM/MFA_MONTHL
Y/CO_gold/8_insample_diff.png>]
File: ./Picture/Logo.png Graphic file (type png)
<use ./Picture/Logo.png>
Package pdftex.def Info: ./Picture/Logo.png  used on input line 454.
(pdftex.def)             Requested size: 56.9055pt x 20.55377pt.
 [345 <C:/Users/huang/workspace/MASG/Output_FI/2020_02_09_10_28_30_AM/MFA_MONTH
LY/CO_gold/CO_gold8-Recent-9.png> <C:/Users/huang/workspace/MASG/Output_FI/2020
_02_09_10_28_30_AM/MFA_MONTHLY/CO_gold/CO_gold8-Acient-9.png> <C:/Users/huang/w
orkspace/MASG/Output_FI/2020_02_09_10_28_30_AM/MFA_MONTHLY/CO_gold/8_insample_r
esiduals.png>]
File: C:/Users/huang/workspace/MASG/Output_FI/2020_02_09_10_28_30_AM/MFA_MONTHL
Y/CO_gold/9_insample_diff.png Graphic file (type png)
<use C:/Users/huang/workspace/MASG/Output_FI/2020_02_09_10_28_30_AM/MFA_MONTHLY
/CO_gold/9_insample_diff.png>
Package pdftex.def Info: C:/Users/huang/workspace/MASG/Output_FI/2020_02_09_10_
28_30_AM/MFA_MONTHLY/CO_gold/9_insample_diff.png  used on input line 454.
(pdftex.def)             Requested size: 264.46837pt x 198.35715pt.

Underfull \hbox (badness 10000) in alignment at lines 454--454
[][] 
 []


Underfull \hbox (badness 10000) in alignment at lines 454--454
[] 
 []

File: C:/Users/huang/workspace/MASG/Output_FI/2020_02_09_10_28_30_AM/MFA_MONTHL
Y/CO_gold/CO_gold9-Recent-9.png Graphic file (type png)
<use C:/Users/huang/workspace/MASG/Output_FI/2020_02_09_10_28_30_AM/MFA_MONTHLY
/CO_gold/CO_gold9-Recent-9.png>
Package pdftex.def Info: C:/Users/huang/workspace/MASG/Output_FI/2020_02_09_10_
28_30_AM/MFA_MONTHLY/CO_gold/CO_gold9-Recent-9.png  used on input line 454.
(pdftex.def)             Requested size: 264.46837pt x 198.35715pt.
File: C:/Users/huang/workspace/MASG/Output_FI/2020_02_09_10_28_30_AM/MFA_MONTHL
Y/CO_gold/CO_gold9-Acient-9.png Graphic file (type png)
<use C:/Users/huang/workspace/MASG/Output_FI/2020_02_09_10_28_30_AM/MFA_MONTHLY
/CO_gold/CO_gold9-Acient-9.png>
Package pdftex.def Info: C:/Users/huang/workspace/MASG/Output_FI/2020_02_09_10_
28_30_AM/MFA_MONTHLY/CO_gold/CO_gold9-Acient-9.png  used on input line 454.
(pdftex.def)             Requested size: 264.46837pt x 198.35715pt.
File: C:/Users/huang/workspace/MASG/Output_FI/2020_02_09_10_28_30_AM/MFA_MONTHL
Y/CO_gold/9_insample_residuals.png Graphic file (type png)
<use C:/Users/huang/workspace/MASG/Output_FI/2020_02_09_10_28_30_AM/MFA_MONTHLY
/CO_gold/9_insample_residuals.png>
Package pdftex.def Info: C:/Users/huang/workspace/MASG/Output_FI/2020_02_09_10_
28_30_AM/MFA_MONTHLY/CO_gold/9_insample_residuals.png  used on input line 454.
(pdftex.def)             Requested size: 264.46837pt x 198.35715pt.

Overfull \hbox (23.99998pt too wide) in alignment at lines 454--454
[][] 
 []


Overfull \hbox (15.0pt too wide) in paragraph at lines 454--454
[][] 
 []

File: ./Picture/Logo.png Graphic file (type png)
<use ./Picture/Logo.png>
Package pdftex.def Info: ./Picture/Logo.png  used on input line 454.
(pdftex.def)             Requested size: 56.9055pt x 20.55377pt.
[346 <C:/Users/huang/workspace/MASG/Output_FI/2020_02_09_10_28_30_AM/MFA_MONTHL
Y/CO_gold/9_insample_diff.png>]
File: ./Picture/Logo.png Graphic file (type png)
<use ./Picture/Logo.png>
Package pdftex.def Info: ./Picture/Logo.png  used on input line 454.
(pdftex.def)             Requested size: 56.9055pt x 20.55377pt.
 [347 <C:/Users/huang/workspace/MASG/Output_FI/2020_02_09_10_28_30_AM/MFA_MONTH
LY/CO_gold/CO_gold9-Recent-9.png> <C:/Users/huang/workspace/MASG/Output_FI/2020
_02_09_10_28_30_AM/MFA_MONTHLY/CO_gold/CO_gold9-Acient-9.png> <C:/Users/huang/w
orkspace/MASG/Output_FI/2020_02_09_10_28_30_AM/MFA_MONTHLY/CO_gold/9_insample_r
esiduals.png>]
File: C:/Users/huang/workspace/MASG/Output_FI/2020_02_09_10_28_30_AM/MFA_MONTHL
Y/CO_gold/10_insample_diff.png Graphic file (type png)
<use C:/Users/huang/workspace/MASG/Output_FI/2020_02_09_10_28_30_AM/MFA_MONTHLY
/CO_gold/10_insample_diff.png>
Package pdftex.def Info: C:/Users/huang/workspace/MASG/Output_FI/2020_02_09_10_
28_30_AM/MFA_MONTHLY/CO_gold/10_insample_diff.png  used on input line 454.
(pdftex.def)             Requested size: 264.46837pt x 198.35715pt.

Underfull \hbox (badness 10000) in alignment at lines 454--454
[][] 
 []


Underfull \hbox (badness 10000) in alignment at lines 454--454
[] 
 []

File: C:/Users/huang/workspace/MASG/Output_FI/2020_02_09_10_28_30_AM/MFA_MONTHL
Y/CO_gold/CO_gold10-Recent-9.png Graphic file (type png)
<use C:/Users/huang/workspace/MASG/Output_FI/2020_02_09_10_28_30_AM/MFA_MONTHLY
/CO_gold/CO_gold10-Recent-9.png>
Package pdftex.def Info: C:/Users/huang/workspace/MASG/Output_FI/2020_02_09_10_
28_30_AM/MFA_MONTHLY/CO_gold/CO_gold10-Recent-9.png  used on input line 454.
(pdftex.def)             Requested size: 264.46837pt x 198.35715pt.
File: C:/Users/huang/workspace/MASG/Output_FI/2020_02_09_10_28_30_AM/MFA_MONTHL
Y/CO_gold/CO_gold10-Acient-9.png Graphic file (type png)
<use C:/Users/huang/workspace/MASG/Output_FI/2020_02_09_10_28_30_AM/MFA_MONTHLY
/CO_gold/CO_gold10-Acient-9.png>
Package pdftex.def Info: C:/Users/huang/workspace/MASG/Output_FI/2020_02_09_10_
28_30_AM/MFA_MONTHLY/CO_gold/CO_gold10-Acient-9.png  used on input line 454.
(pdftex.def)             Requested size: 264.46837pt x 198.35715pt.
File: C:/Users/huang/workspace/MASG/Output_FI/2020_02_09_10_28_30_AM/MFA_MONTHL
Y/CO_gold/10_insample_residuals.png Graphic file (type png)
<use C:/Users/huang/workspace/MASG/Output_FI/2020_02_09_10_28_30_AM/MFA_MONTHLY
/CO_gold/10_insample_residuals.png>
Package pdftex.def Info: C:/Users/huang/workspace/MASG/Output_FI/2020_02_09_10_
28_30_AM/MFA_MONTHLY/CO_gold/10_insample_residuals.png  used on input line 454.

(pdftex.def)             Requested size: 264.46837pt x 198.35715pt.

Overfull \hbox (23.99998pt too wide) in alignment at lines 454--454
[][] 
 []


Overfull \hbox (15.0pt too wide) in paragraph at lines 454--454
[][] 
 []

File: ./Picture/Logo.png Graphic file (type png)
<use ./Picture/Logo.png>
Package pdftex.def Info: ./Picture/Logo.png  used on input line 454.
(pdftex.def)             Requested size: 56.9055pt x 20.55377pt.
[348 <C:/Users/huang/workspace/MASG/Output_FI/2020_02_09_10_28_30_AM/MFA_MONTHL
Y/CO_gold/10_insample_diff.png>]
File: ./Picture/Logo.png Graphic file (type png)
<use ./Picture/Logo.png>
Package pdftex.def Info: ./Picture/Logo.png  used on input line 454.
(pdftex.def)             Requested size: 56.9055pt x 20.55377pt.
 [349 <C:/Users/huang/workspace/MASG/Output_FI/2020_02_09_10_28_30_AM/MFA_MONTH
LY/CO_gold/CO_gold10-Recent-9.png> <C:/Users/huang/workspace/MASG/Output_FI/202
0_02_09_10_28_30_AM/MFA_MONTHLY/CO_gold/CO_gold10-Acient-9.png> <C:/Users/huang
/workspace/MASG/Output_FI/2020_02_09_10_28_30_AM/MFA_MONTHLY/CO_gold/10_insampl
e_residuals.png>]
File: C:/Users/huang/workspace/MASG/Output_FI/2020_02_09_10_28_30_AM/MFA_MONTHL
Y/CO_gold/11_insample_diff.png Graphic file (type png)
<use C:/Users/huang/workspace/MASG/Output_FI/2020_02_09_10_28_30_AM/MFA_MONTHLY
/CO_gold/11_insample_diff.png>
Package pdftex.def Info: C:/Users/huang/workspace/MASG/Output_FI/2020_02_09_10_
28_30_AM/MFA_MONTHLY/CO_gold/11_insample_diff.png  used on input line 454.
(pdftex.def)             Requested size: 264.46837pt x 198.35715pt.

Underfull \hbox (badness 10000) in alignment at lines 454--454
[][] 
 []


Underfull \hbox (badness 10000) in alignment at lines 454--454
[] 
 []

File: C:/Users/huang/workspace/MASG/Output_FI/2020_02_09_10_28_30_AM/MFA_MONTHL
Y/CO_gold/CO_gold11-Recent-9.png Graphic file (type png)
<use C:/Users/huang/workspace/MASG/Output_FI/2020_02_09_10_28_30_AM/MFA_MONTHLY
/CO_gold/CO_gold11-Recent-9.png>
Package pdftex.def Info: C:/Users/huang/workspace/MASG/Output_FI/2020_02_09_10_
28_30_AM/MFA_MONTHLY/CO_gold/CO_gold11-Recent-9.png  used on input line 454.
(pdftex.def)             Requested size: 264.46837pt x 198.35715pt.
File: C:/Users/huang/workspace/MASG/Output_FI/2020_02_09_10_28_30_AM/MFA_MONTHL
Y/CO_gold/CO_gold11-Acient-9.png Graphic file (type png)
<use C:/Users/huang/workspace/MASG/Output_FI/2020_02_09_10_28_30_AM/MFA_MONTHLY
/CO_gold/CO_gold11-Acient-9.png>
Package pdftex.def Info: C:/Users/huang/workspace/MASG/Output_FI/2020_02_09_10_
28_30_AM/MFA_MONTHLY/CO_gold/CO_gold11-Acient-9.png  used on input line 454.
(pdftex.def)             Requested size: 264.46837pt x 198.35715pt.
File: C:/Users/huang/workspace/MASG/Output_FI/2020_02_09_10_28_30_AM/MFA_MONTHL
Y/CO_gold/11_insample_residuals.png Graphic file (type png)
<use C:/Users/huang/workspace/MASG/Output_FI/2020_02_09_10_28_30_AM/MFA_MONTHLY
/CO_gold/11_insample_residuals.png>
Package pdftex.def Info: C:/Users/huang/workspace/MASG/Output_FI/2020_02_09_10_
28_30_AM/MFA_MONTHLY/CO_gold/11_insample_residuals.png  used on input line 454.

(pdftex.def)             Requested size: 264.46837pt x 198.35715pt.

Overfull \hbox (23.99998pt too wide) in alignment at lines 454--454
[][] 
 []


Overfull \hbox (15.0pt too wide) in paragraph at lines 454--454
[][] 
 []

File: ./Picture/Logo.png Graphic file (type png)
<use ./Picture/Logo.png>
Package pdftex.def Info: ./Picture/Logo.png  used on input line 454.
(pdftex.def)             Requested size: 56.9055pt x 20.55377pt.
[350 <C:/Users/huang/workspace/MASG/Output_FI/2020_02_09_10_28_30_AM/MFA_MONTHL
Y/CO_gold/11_insample_diff.png>]
File: ./Picture/Logo.png Graphic file (type png)
<use ./Picture/Logo.png>
Package pdftex.def Info: ./Picture/Logo.png  used on input line 454.
(pdftex.def)             Requested size: 56.9055pt x 20.55377pt.
 [351 <C:/Users/huang/workspace/MASG/Output_FI/2020_02_09_10_28_30_AM/MFA_MONTH
LY/CO_gold/CO_gold11-Recent-9.png> <C:/Users/huang/workspace/MASG/Output_FI/202
0_02_09_10_28_30_AM/MFA_MONTHLY/CO_gold/CO_gold11-Acient-9.png> <C:/Users/huang
/workspace/MASG/Output_FI/2020_02_09_10_28_30_AM/MFA_MONTHLY/CO_gold/11_insampl
e_residuals.png>]
File: C:/Users/huang/workspace/MASG/Output_FI/2020_02_09_10_28_30_AM/MFA_MONTHL
Y/CO_gold/12_insample_diff.png Graphic file (type png)
<use C:/Users/huang/workspace/MASG/Output_FI/2020_02_09_10_28_30_AM/MFA_MONTHLY
/CO_gold/12_insample_diff.png>
Package pdftex.def Info: C:/Users/huang/workspace/MASG/Output_FI/2020_02_09_10_
28_30_AM/MFA_MONTHLY/CO_gold/12_insample_diff.png  used on input line 454.
(pdftex.def)             Requested size: 264.46837pt x 198.35715pt.

Underfull \hbox (badness 10000) in alignment at lines 454--454
[][] 
 []


Underfull \hbox (badness 10000) in alignment at lines 454--454
[] 
 []

File: C:/Users/huang/workspace/MASG/Output_FI/2020_02_09_10_28_30_AM/MFA_MONTHL
Y/CO_gold/CO_gold12-Recent-9.png Graphic file (type png)
<use C:/Users/huang/workspace/MASG/Output_FI/2020_02_09_10_28_30_AM/MFA_MONTHLY
/CO_gold/CO_gold12-Recent-9.png>
Package pdftex.def Info: C:/Users/huang/workspace/MASG/Output_FI/2020_02_09_10_
28_30_AM/MFA_MONTHLY/CO_gold/CO_gold12-Recent-9.png  used on input line 454.
(pdftex.def)             Requested size: 264.46837pt x 198.35715pt.
File: C:/Users/huang/workspace/MASG/Output_FI/2020_02_09_10_28_30_AM/MFA_MONTHL
Y/CO_gold/CO_gold12-Acient-9.png Graphic file (type png)
<use C:/Users/huang/workspace/MASG/Output_FI/2020_02_09_10_28_30_AM/MFA_MONTHLY
/CO_gold/CO_gold12-Acient-9.png>
Package pdftex.def Info: C:/Users/huang/workspace/MASG/Output_FI/2020_02_09_10_
28_30_AM/MFA_MONTHLY/CO_gold/CO_gold12-Acient-9.png  used on input line 454.
(pdftex.def)             Requested size: 264.46837pt x 198.35715pt.
File: C:/Users/huang/workspace/MASG/Output_FI/2020_02_09_10_28_30_AM/MFA_MONTHL
Y/CO_gold/12_insample_residuals.png Graphic file (type png)
<use C:/Users/huang/workspace/MASG/Output_FI/2020_02_09_10_28_30_AM/MFA_MONTHLY
/CO_gold/12_insample_residuals.png>
Package pdftex.def Info: C:/Users/huang/workspace/MASG/Output_FI/2020_02_09_10_
28_30_AM/MFA_MONTHLY/CO_gold/12_insample_residuals.png  used on input line 454.

(pdftex.def)             Requested size: 264.46837pt x 198.35715pt.

Overfull \hbox (23.99998pt too wide) in alignment at lines 454--454
[][] 
 []


Overfull \hbox (15.0pt too wide) in paragraph at lines 454--454
[][] 
 []

File: ./Picture/Logo.png Graphic file (type png)
<use ./Picture/Logo.png>
Package pdftex.def Info: ./Picture/Logo.png  used on input line 454.
(pdftex.def)             Requested size: 56.9055pt x 20.55377pt.
[352 <C:/Users/huang/workspace/MASG/Output_FI/2020_02_09_10_28_30_AM/MFA_MONTHL
Y/CO_gold/12_insample_diff.png>]
File: ./Picture/Logo.png Graphic file (type png)
<use ./Picture/Logo.png>
Package pdftex.def Info: ./Picture/Logo.png  used on input line 454.
(pdftex.def)             Requested size: 56.9055pt x 20.55377pt.
 [353 <C:/Users/huang/workspace/MASG/Output_FI/2020_02_09_10_28_30_AM/MFA_MONTH
LY/CO_gold/CO_gold12-Recent-9.png> <C:/Users/huang/workspace/MASG/Output_FI/202
0_02_09_10_28_30_AM/MFA_MONTHLY/CO_gold/CO_gold12-Acient-9.png> <C:/Users/huang
/workspace/MASG/Output_FI/2020_02_09_10_28_30_AM/MFA_MONTHLY/CO_gold/12_insampl
e_residuals.png>]
File: C:/Users/huang/workspace/MASG/Output_FI/2020_02_09_10_28_30_AM/MFA_MONTHL
Y/CO_gold/13_insample_diff.png Graphic file (type png)
<use C:/Users/huang/workspace/MASG/Output_FI/2020_02_09_10_28_30_AM/MFA_MONTHLY
/CO_gold/13_insample_diff.png>
Package pdftex.def Info: C:/Users/huang/workspace/MASG/Output_FI/2020_02_09_10_
28_30_AM/MFA_MONTHLY/CO_gold/13_insample_diff.png  used on input line 454.
(pdftex.def)             Requested size: 264.46837pt x 198.35715pt.

Underfull \hbox (badness 10000) in alignment at lines 454--454
[][] 
 []


Underfull \hbox (badness 10000) in alignment at lines 454--454
[] 
 []

File: C:/Users/huang/workspace/MASG/Output_FI/2020_02_09_10_28_30_AM/MFA_MONTHL
Y/CO_gold/CO_gold13-Recent-9.png Graphic file (type png)
<use C:/Users/huang/workspace/MASG/Output_FI/2020_02_09_10_28_30_AM/MFA_MONTHLY
/CO_gold/CO_gold13-Recent-9.png>
Package pdftex.def Info: C:/Users/huang/workspace/MASG/Output_FI/2020_02_09_10_
28_30_AM/MFA_MONTHLY/CO_gold/CO_gold13-Recent-9.png  used on input line 454.
(pdftex.def)             Requested size: 264.46837pt x 198.35715pt.
File: C:/Users/huang/workspace/MASG/Output_FI/2020_02_09_10_28_30_AM/MFA_MONTHL
Y/CO_gold/CO_gold13-Acient-9.png Graphic file (type png)
<use C:/Users/huang/workspace/MASG/Output_FI/2020_02_09_10_28_30_AM/MFA_MONTHLY
/CO_gold/CO_gold13-Acient-9.png>
Package pdftex.def Info: C:/Users/huang/workspace/MASG/Output_FI/2020_02_09_10_
28_30_AM/MFA_MONTHLY/CO_gold/CO_gold13-Acient-9.png  used on input line 454.
(pdftex.def)             Requested size: 264.46837pt x 198.35715pt.
File: C:/Users/huang/workspace/MASG/Output_FI/2020_02_09_10_28_30_AM/MFA_MONTHL
Y/CO_gold/13_insample_residuals.png Graphic file (type png)
<use C:/Users/huang/workspace/MASG/Output_FI/2020_02_09_10_28_30_AM/MFA_MONTHLY
/CO_gold/13_insample_residuals.png>
Package pdftex.def Info: C:/Users/huang/workspace/MASG/Output_FI/2020_02_09_10_
28_30_AM/MFA_MONTHLY/CO_gold/13_insample_residuals.png  used on input line 454.

(pdftex.def)             Requested size: 264.46837pt x 198.35715pt.

Overfull \hbox (23.99998pt too wide) in alignment at lines 454--454
[][] 
 []


Overfull \hbox (15.0pt too wide) in paragraph at lines 454--454
[][] 
 []

File: ./Picture/Logo.png Graphic file (type png)
<use ./Picture/Logo.png>
Package pdftex.def Info: ./Picture/Logo.png  used on input line 454.
(pdftex.def)             Requested size: 56.9055pt x 20.55377pt.
[354 <C:/Users/huang/workspace/MASG/Output_FI/2020_02_09_10_28_30_AM/MFA_MONTHL
Y/CO_gold/13_insample_diff.png>]
File: ./Picture/Logo.png Graphic file (type png)
<use ./Picture/Logo.png>
Package pdftex.def Info: ./Picture/Logo.png  used on input line 454.
(pdftex.def)             Requested size: 56.9055pt x 20.55377pt.
 [355 <C:/Users/huang/workspace/MASG/Output_FI/2020_02_09_10_28_30_AM/MFA_MONTH
LY/CO_gold/CO_gold13-Recent-9.png> <C:/Users/huang/workspace/MASG/Output_FI/202
0_02_09_10_28_30_AM/MFA_MONTHLY/CO_gold/CO_gold13-Acient-9.png> <C:/Users/huang
/workspace/MASG/Output_FI/2020_02_09_10_28_30_AM/MFA_MONTHLY/CO_gold/13_insampl
e_residuals.png>]
File: C:/Users/huang/workspace/MASG/Output_FI/2020_02_09_10_28_30_AM/MFA_MONTHL
Y/CO_gold/14_insample_diff.png Graphic file (type png)
<use C:/Users/huang/workspace/MASG/Output_FI/2020_02_09_10_28_30_AM/MFA_MONTHLY
/CO_gold/14_insample_diff.png>
Package pdftex.def Info: C:/Users/huang/workspace/MASG/Output_FI/2020_02_09_10_
28_30_AM/MFA_MONTHLY/CO_gold/14_insample_diff.png  used on input line 454.
(pdftex.def)             Requested size: 264.46837pt x 198.35715pt.

Underfull \hbox (badness 10000) in alignment at lines 454--454
[][] 
 []


Underfull \hbox (badness 10000) in alignment at lines 454--454
[] 
 []

File: C:/Users/huang/workspace/MASG/Output_FI/2020_02_09_10_28_30_AM/MFA_MONTHL
Y/CO_gold/CO_gold14-Recent-9.png Graphic file (type png)
<use C:/Users/huang/workspace/MASG/Output_FI/2020_02_09_10_28_30_AM/MFA_MONTHLY
/CO_gold/CO_gold14-Recent-9.png>
Package pdftex.def Info: C:/Users/huang/workspace/MASG/Output_FI/2020_02_09_10_
28_30_AM/MFA_MONTHLY/CO_gold/CO_gold14-Recent-9.png  used on input line 454.
(pdftex.def)             Requested size: 264.46837pt x 198.35715pt.
File: C:/Users/huang/workspace/MASG/Output_FI/2020_02_09_10_28_30_AM/MFA_MONTHL
Y/CO_gold/CO_gold14-Acient-9.png Graphic file (type png)
<use C:/Users/huang/workspace/MASG/Output_FI/2020_02_09_10_28_30_AM/MFA_MONTHLY
/CO_gold/CO_gold14-Acient-9.png>
Package pdftex.def Info: C:/Users/huang/workspace/MASG/Output_FI/2020_02_09_10_
28_30_AM/MFA_MONTHLY/CO_gold/CO_gold14-Acient-9.png  used on input line 454.
(pdftex.def)             Requested size: 264.46837pt x 198.35715pt.
File: C:/Users/huang/workspace/MASG/Output_FI/2020_02_09_10_28_30_AM/MFA_MONTHL
Y/CO_gold/14_insample_residuals.png Graphic file (type png)
<use C:/Users/huang/workspace/MASG/Output_FI/2020_02_09_10_28_30_AM/MFA_MONTHLY
/CO_gold/14_insample_residuals.png>
Package pdftex.def Info: C:/Users/huang/workspace/MASG/Output_FI/2020_02_09_10_
28_30_AM/MFA_MONTHLY/CO_gold/14_insample_residuals.png  used on input line 454.

(pdftex.def)             Requested size: 264.46837pt x 198.35715pt.

Overfull \hbox (23.99998pt too wide) in alignment at lines 454--454
[][] 
 []


Overfull \hbox (15.0pt too wide) in paragraph at lines 454--454
[][] 
 []

File: ./Picture/Logo.png Graphic file (type png)
<use ./Picture/Logo.png>
Package pdftex.def Info: ./Picture/Logo.png  used on input line 454.
(pdftex.def)             Requested size: 56.9055pt x 20.55377pt.
[356 <C:/Users/huang/workspace/MASG/Output_FI/2020_02_09_10_28_30_AM/MFA_MONTHL
Y/CO_gold/14_insample_diff.png>]
File: ./Picture/Logo.png Graphic file (type png)
<use ./Picture/Logo.png>
Package pdftex.def Info: ./Picture/Logo.png  used on input line 454.
(pdftex.def)             Requested size: 56.9055pt x 20.55377pt.
 [357 <C:/Users/huang/workspace/MASG/Output_FI/2020_02_09_10_28_30_AM/MFA_MONTH
LY/CO_gold/CO_gold14-Recent-9.png> <C:/Users/huang/workspace/MASG/Output_FI/202
0_02_09_10_28_30_AM/MFA_MONTHLY/CO_gold/CO_gold14-Acient-9.png> <C:/Users/huang
/workspace/MASG/Output_FI/2020_02_09_10_28_30_AM/MFA_MONTHLY/CO_gold/14_insampl
e_residuals.png>]
File: C:/Users/huang/workspace/MASG/Output_FI/2020_02_09_10_28_30_AM/MFA_MONTHL
Y/CO_gold/15_insample_diff.png Graphic file (type png)
<use C:/Users/huang/workspace/MASG/Output_FI/2020_02_09_10_28_30_AM/MFA_MONTHLY
/CO_gold/15_insample_diff.png>
Package pdftex.def Info: C:/Users/huang/workspace/MASG/Output_FI/2020_02_09_10_
28_30_AM/MFA_MONTHLY/CO_gold/15_insample_diff.png  used on input line 454.
(pdftex.def)             Requested size: 264.46837pt x 198.35715pt.

Underfull \hbox (badness 10000) in alignment at lines 454--454
[][] 
 []


Underfull \hbox (badness 10000) in alignment at lines 454--454
[] 
 []

File: C:/Users/huang/workspace/MASG/Output_FI/2020_02_09_10_28_30_AM/MFA_MONTHL
Y/CO_gold/CO_gold15-Recent-9.png Graphic file (type png)
<use C:/Users/huang/workspace/MASG/Output_FI/2020_02_09_10_28_30_AM/MFA_MONTHLY
/CO_gold/CO_gold15-Recent-9.png>
Package pdftex.def Info: C:/Users/huang/workspace/MASG/Output_FI/2020_02_09_10_
28_30_AM/MFA_MONTHLY/CO_gold/CO_gold15-Recent-9.png  used on input line 454.
(pdftex.def)             Requested size: 264.46837pt x 198.35715pt.
File: C:/Users/huang/workspace/MASG/Output_FI/2020_02_09_10_28_30_AM/MFA_MONTHL
Y/CO_gold/CO_gold15-Acient-9.png Graphic file (type png)
<use C:/Users/huang/workspace/MASG/Output_FI/2020_02_09_10_28_30_AM/MFA_MONTHLY
/CO_gold/CO_gold15-Acient-9.png>
Package pdftex.def Info: C:/Users/huang/workspace/MASG/Output_FI/2020_02_09_10_
28_30_AM/MFA_MONTHLY/CO_gold/CO_gold15-Acient-9.png  used on input line 454.
(pdftex.def)             Requested size: 264.46837pt x 198.35715pt.
File: C:/Users/huang/workspace/MASG/Output_FI/2020_02_09_10_28_30_AM/MFA_MONTHL
Y/CO_gold/15_insample_residuals.png Graphic file (type png)
<use C:/Users/huang/workspace/MASG/Output_FI/2020_02_09_10_28_30_AM/MFA_MONTHLY
/CO_gold/15_insample_residuals.png>
Package pdftex.def Info: C:/Users/huang/workspace/MASG/Output_FI/2020_02_09_10_
28_30_AM/MFA_MONTHLY/CO_gold/15_insample_residuals.png  used on input line 454.

(pdftex.def)             Requested size: 264.46837pt x 198.35715pt.

Overfull \hbox (23.99998pt too wide) in alignment at lines 454--454
[][] 
 []


Overfull \hbox (15.0pt too wide) in paragraph at lines 454--454
[][] 
 []

File: ./Picture/Logo.png Graphic file (type png)
<use ./Picture/Logo.png>
Package pdftex.def Info: ./Picture/Logo.png  used on input line 454.
(pdftex.def)             Requested size: 56.9055pt x 20.55377pt.
[358 <C:/Users/huang/workspace/MASG/Output_FI/2020_02_09_10_28_30_AM/MFA_MONTHL
Y/CO_gold/15_insample_diff.png>]
File: ./Picture/Logo.png Graphic file (type png)
<use ./Picture/Logo.png>
Package pdftex.def Info: ./Picture/Logo.png  used on input line 454.
(pdftex.def)             Requested size: 56.9055pt x 20.55377pt.
 [359 <C:/Users/huang/workspace/MASG/Output_FI/2020_02_09_10_28_30_AM/MFA_MONTH
LY/CO_gold/CO_gold15-Recent-9.png> <C:/Users/huang/workspace/MASG/Output_FI/202
0_02_09_10_28_30_AM/MFA_MONTHLY/CO_gold/CO_gold15-Acient-9.png> <C:/Users/huang
/workspace/MASG/Output_FI/2020_02_09_10_28_30_AM/MFA_MONTHLY/CO_gold/15_insampl
e_residuals.png>]
File: C:/Users/huang/workspace/MASG/Output_FI/2020_02_09_10_28_30_AM/MFA_MONTHL
Y/CO_gold/16_insample_diff.png Graphic file (type png)
<use C:/Users/huang/workspace/MASG/Output_FI/2020_02_09_10_28_30_AM/MFA_MONTHLY
/CO_gold/16_insample_diff.png>
Package pdftex.def Info: C:/Users/huang/workspace/MASG/Output_FI/2020_02_09_10_
28_30_AM/MFA_MONTHLY/CO_gold/16_insample_diff.png  used on input line 454.
(pdftex.def)             Requested size: 264.46837pt x 198.35715pt.

Underfull \hbox (badness 10000) in alignment at lines 454--454
[][] 
 []


Underfull \hbox (badness 10000) in alignment at lines 454--454
[] 
 []

File: C:/Users/huang/workspace/MASG/Output_FI/2020_02_09_10_28_30_AM/MFA_MONTHL
Y/CO_gold/CO_gold16-Recent-9.png Graphic file (type png)
<use C:/Users/huang/workspace/MASG/Output_FI/2020_02_09_10_28_30_AM/MFA_MONTHLY
/CO_gold/CO_gold16-Recent-9.png>
Package pdftex.def Info: C:/Users/huang/workspace/MASG/Output_FI/2020_02_09_10_
28_30_AM/MFA_MONTHLY/CO_gold/CO_gold16-Recent-9.png  used on input line 454.
(pdftex.def)             Requested size: 264.46837pt x 198.35715pt.
File: C:/Users/huang/workspace/MASG/Output_FI/2020_02_09_10_28_30_AM/MFA_MONTHL
Y/CO_gold/CO_gold16-Acient-9.png Graphic file (type png)
<use C:/Users/huang/workspace/MASG/Output_FI/2020_02_09_10_28_30_AM/MFA_MONTHLY
/CO_gold/CO_gold16-Acient-9.png>
Package pdftex.def Info: C:/Users/huang/workspace/MASG/Output_FI/2020_02_09_10_
28_30_AM/MFA_MONTHLY/CO_gold/CO_gold16-Acient-9.png  used on input line 454.
(pdftex.def)             Requested size: 264.46837pt x 198.35715pt.
File: C:/Users/huang/workspace/MASG/Output_FI/2020_02_09_10_28_30_AM/MFA_MONTHL
Y/CO_gold/16_insample_residuals.png Graphic file (type png)
<use C:/Users/huang/workspace/MASG/Output_FI/2020_02_09_10_28_30_AM/MFA_MONTHLY
/CO_gold/16_insample_residuals.png>
Package pdftex.def Info: C:/Users/huang/workspace/MASG/Output_FI/2020_02_09_10_
28_30_AM/MFA_MONTHLY/CO_gold/16_insample_residuals.png  used on input line 454.

(pdftex.def)             Requested size: 264.46837pt x 198.35715pt.

Overfull \hbox (23.99998pt too wide) in alignment at lines 454--454
[][] 
 []


Overfull \hbox (15.0pt too wide) in paragraph at lines 454--454
[][] 
 []

File: ./Picture/Logo.png Graphic file (type png)
<use ./Picture/Logo.png>
Package pdftex.def Info: ./Picture/Logo.png  used on input line 454.
(pdftex.def)             Requested size: 56.9055pt x 20.55377pt.
[360 <C:/Users/huang/workspace/MASG/Output_FI/2020_02_09_10_28_30_AM/MFA_MONTHL
Y/CO_gold/16_insample_diff.png>]
File: ./Picture/Logo.png Graphic file (type png)
<use ./Picture/Logo.png>
Package pdftex.def Info: ./Picture/Logo.png  used on input line 454.
(pdftex.def)             Requested size: 56.9055pt x 20.55377pt.
 [361 <C:/Users/huang/workspace/MASG/Output_FI/2020_02_09_10_28_30_AM/MFA_MONTH
LY/CO_gold/CO_gold16-Recent-9.png> <C:/Users/huang/workspace/MASG/Output_FI/202
0_02_09_10_28_30_AM/MFA_MONTHLY/CO_gold/CO_gold16-Acient-9.png> <C:/Users/huang
/workspace/MASG/Output_FI/2020_02_09_10_28_30_AM/MFA_MONTHLY/CO_gold/16_insampl
e_residuals.png>]
File: C:/Users/huang/workspace/MASG/Output_FI/2020_02_09_10_28_30_AM/MFA_MONTHL
Y/CO_gold/17_insample_diff.png Graphic file (type png)
<use C:/Users/huang/workspace/MASG/Output_FI/2020_02_09_10_28_30_AM/MFA_MONTHLY
/CO_gold/17_insample_diff.png>
Package pdftex.def Info: C:/Users/huang/workspace/MASG/Output_FI/2020_02_09_10_
28_30_AM/MFA_MONTHLY/CO_gold/17_insample_diff.png  used on input line 454.
(pdftex.def)             Requested size: 264.46837pt x 198.35715pt.

Underfull \hbox (badness 10000) in alignment at lines 454--454
[][] 
 []


Underfull \hbox (badness 10000) in alignment at lines 454--454
[] 
 []

File: C:/Users/huang/workspace/MASG/Output_FI/2020_02_09_10_28_30_AM/MFA_MONTHL
Y/CO_gold/CO_gold17-Recent-9.png Graphic file (type png)
<use C:/Users/huang/workspace/MASG/Output_FI/2020_02_09_10_28_30_AM/MFA_MONTHLY
/CO_gold/CO_gold17-Recent-9.png>
Package pdftex.def Info: C:/Users/huang/workspace/MASG/Output_FI/2020_02_09_10_
28_30_AM/MFA_MONTHLY/CO_gold/CO_gold17-Recent-9.png  used on input line 454.
(pdftex.def)             Requested size: 264.46837pt x 198.35715pt.
File: C:/Users/huang/workspace/MASG/Output_FI/2020_02_09_10_28_30_AM/MFA_MONTHL
Y/CO_gold/CO_gold17-Acient-9.png Graphic file (type png)
<use C:/Users/huang/workspace/MASG/Output_FI/2020_02_09_10_28_30_AM/MFA_MONTHLY
/CO_gold/CO_gold17-Acient-9.png>
Package pdftex.def Info: C:/Users/huang/workspace/MASG/Output_FI/2020_02_09_10_
28_30_AM/MFA_MONTHLY/CO_gold/CO_gold17-Acient-9.png  used on input line 454.
(pdftex.def)             Requested size: 264.46837pt x 198.35715pt.
File: C:/Users/huang/workspace/MASG/Output_FI/2020_02_09_10_28_30_AM/MFA_MONTHL
Y/CO_gold/17_insample_residuals.png Graphic file (type png)
<use C:/Users/huang/workspace/MASG/Output_FI/2020_02_09_10_28_30_AM/MFA_MONTHLY
/CO_gold/17_insample_residuals.png>
Package pdftex.def Info: C:/Users/huang/workspace/MASG/Output_FI/2020_02_09_10_
28_30_AM/MFA_MONTHLY/CO_gold/17_insample_residuals.png  used on input line 454.

(pdftex.def)             Requested size: 264.46837pt x 198.35715pt.

Overfull \hbox (23.99998pt too wide) in alignment at lines 454--454
[][] 
 []


Overfull \hbox (15.0pt too wide) in paragraph at lines 454--454
[][] 
 []

File: ./Picture/Logo.png Graphic file (type png)
<use ./Picture/Logo.png>
Package pdftex.def Info: ./Picture/Logo.png  used on input line 454.
(pdftex.def)             Requested size: 56.9055pt x 20.55377pt.
[362 <C:/Users/huang/workspace/MASG/Output_FI/2020_02_09_10_28_30_AM/MFA_MONTHL
Y/CO_gold/17_insample_diff.png>]
File: ./Picture/Logo.png Graphic file (type png)
<use ./Picture/Logo.png>
Package pdftex.def Info: ./Picture/Logo.png  used on input line 454.
(pdftex.def)             Requested size: 56.9055pt x 20.55377pt.
 [363 <C:/Users/huang/workspace/MASG/Output_FI/2020_02_09_10_28_30_AM/MFA_MONTH
LY/CO_gold/CO_gold17-Recent-9.png> <C:/Users/huang/workspace/MASG/Output_FI/202
0_02_09_10_28_30_AM/MFA_MONTHLY/CO_gold/CO_gold17-Acient-9.png> <C:/Users/huang
/workspace/MASG/Output_FI/2020_02_09_10_28_30_AM/MFA_MONTHLY/CO_gold/17_insampl
e_residuals.png>]
File: C:/Users/huang/workspace/MASG/Output_FI/2020_02_09_10_28_30_AM/MFA_MONTHL
Y/CO_gold/18_insample_diff.png Graphic file (type png)
<use C:/Users/huang/workspace/MASG/Output_FI/2020_02_09_10_28_30_AM/MFA_MONTHLY
/CO_gold/18_insample_diff.png>
Package pdftex.def Info: C:/Users/huang/workspace/MASG/Output_FI/2020_02_09_10_
28_30_AM/MFA_MONTHLY/CO_gold/18_insample_diff.png  used on input line 454.
(pdftex.def)             Requested size: 264.46837pt x 198.35715pt.

Underfull \hbox (badness 10000) in alignment at lines 454--454
[][] 
 []


Underfull \hbox (badness 10000) in alignment at lines 454--454
[] 
 []

File: C:/Users/huang/workspace/MASG/Output_FI/2020_02_09_10_28_30_AM/MFA_MONTHL
Y/CO_gold/CO_gold18-Recent-9.png Graphic file (type png)
<use C:/Users/huang/workspace/MASG/Output_FI/2020_02_09_10_28_30_AM/MFA_MONTHLY
/CO_gold/CO_gold18-Recent-9.png>
Package pdftex.def Info: C:/Users/huang/workspace/MASG/Output_FI/2020_02_09_10_
28_30_AM/MFA_MONTHLY/CO_gold/CO_gold18-Recent-9.png  used on input line 454.
(pdftex.def)             Requested size: 264.46837pt x 198.35715pt.
File: C:/Users/huang/workspace/MASG/Output_FI/2020_02_09_10_28_30_AM/MFA_MONTHL
Y/CO_gold/CO_gold18-Acient-9.png Graphic file (type png)
<use C:/Users/huang/workspace/MASG/Output_FI/2020_02_09_10_28_30_AM/MFA_MONTHLY
/CO_gold/CO_gold18-Acient-9.png>
Package pdftex.def Info: C:/Users/huang/workspace/MASG/Output_FI/2020_02_09_10_
28_30_AM/MFA_MONTHLY/CO_gold/CO_gold18-Acient-9.png  used on input line 454.
(pdftex.def)             Requested size: 264.46837pt x 198.35715pt.
File: C:/Users/huang/workspace/MASG/Output_FI/2020_02_09_10_28_30_AM/MFA_MONTHL
Y/CO_gold/18_insample_residuals.png Graphic file (type png)
<use C:/Users/huang/workspace/MASG/Output_FI/2020_02_09_10_28_30_AM/MFA_MONTHLY
/CO_gold/18_insample_residuals.png>
Package pdftex.def Info: C:/Users/huang/workspace/MASG/Output_FI/2020_02_09_10_
28_30_AM/MFA_MONTHLY/CO_gold/18_insample_residuals.png  used on input line 454.

(pdftex.def)             Requested size: 264.46837pt x 198.35715pt.

Overfull \hbox (23.99998pt too wide) in alignment at lines 454--454
[][] 
 []


Overfull \hbox (15.0pt too wide) in paragraph at lines 454--454
[][] 
 []

File: ./Picture/Logo.png Graphic file (type png)
<use ./Picture/Logo.png>
Package pdftex.def Info: ./Picture/Logo.png  used on input line 454.
(pdftex.def)             Requested size: 56.9055pt x 20.55377pt.
[364 <C:/Users/huang/workspace/MASG/Output_FI/2020_02_09_10_28_30_AM/MFA_MONTHL
Y/CO_gold/18_insample_diff.png>]
File: ./Picture/Logo.png Graphic file (type png)
<use ./Picture/Logo.png>
Package pdftex.def Info: ./Picture/Logo.png  used on input line 454.
(pdftex.def)             Requested size: 56.9055pt x 20.55377pt.
 [365 <C:/Users/huang/workspace/MASG/Output_FI/2020_02_09_10_28_30_AM/MFA_MONTH
LY/CO_gold/CO_gold18-Recent-9.png> <C:/Users/huang/workspace/MASG/Output_FI/202
0_02_09_10_28_30_AM/MFA_MONTHLY/CO_gold/CO_gold18-Acient-9.png> <C:/Users/huang
/workspace/MASG/Output_FI/2020_02_09_10_28_30_AM/MFA_MONTHLY/CO_gold/18_insampl
e_residuals.png>]
File: C:/Users/huang/workspace/MASG/Output_FI/2020_02_09_10_28_30_AM/MFA_MONTHL
Y/CO_gold/19_insample_diff.png Graphic file (type png)
<use C:/Users/huang/workspace/MASG/Output_FI/2020_02_09_10_28_30_AM/MFA_MONTHLY
/CO_gold/19_insample_diff.png>
Package pdftex.def Info: C:/Users/huang/workspace/MASG/Output_FI/2020_02_09_10_
28_30_AM/MFA_MONTHLY/CO_gold/19_insample_diff.png  used on input line 454.
(pdftex.def)             Requested size: 264.46837pt x 198.35715pt.

Underfull \hbox (badness 10000) in alignment at lines 454--454
[][] 
 []


Underfull \hbox (badness 10000) in alignment at lines 454--454
[] 
 []

File: C:/Users/huang/workspace/MASG/Output_FI/2020_02_09_10_28_30_AM/MFA_MONTHL
Y/CO_gold/CO_gold19-Recent-9.png Graphic file (type png)
<use C:/Users/huang/workspace/MASG/Output_FI/2020_02_09_10_28_30_AM/MFA_MONTHLY
/CO_gold/CO_gold19-Recent-9.png>
Package pdftex.def Info: C:/Users/huang/workspace/MASG/Output_FI/2020_02_09_10_
28_30_AM/MFA_MONTHLY/CO_gold/CO_gold19-Recent-9.png  used on input line 454.
(pdftex.def)             Requested size: 264.46837pt x 198.35715pt.
File: C:/Users/huang/workspace/MASG/Output_FI/2020_02_09_10_28_30_AM/MFA_MONTHL
Y/CO_gold/CO_gold19-Acient-9.png Graphic file (type png)
<use C:/Users/huang/workspace/MASG/Output_FI/2020_02_09_10_28_30_AM/MFA_MONTHLY
/CO_gold/CO_gold19-Acient-9.png>
Package pdftex.def Info: C:/Users/huang/workspace/MASG/Output_FI/2020_02_09_10_
28_30_AM/MFA_MONTHLY/CO_gold/CO_gold19-Acient-9.png  used on input line 454.
(pdftex.def)             Requested size: 264.46837pt x 198.35715pt.
File: C:/Users/huang/workspace/MASG/Output_FI/2020_02_09_10_28_30_AM/MFA_MONTHL
Y/CO_gold/19_insample_residuals.png Graphic file (type png)
<use C:/Users/huang/workspace/MASG/Output_FI/2020_02_09_10_28_30_AM/MFA_MONTHLY
/CO_gold/19_insample_residuals.png>
Package pdftex.def Info: C:/Users/huang/workspace/MASG/Output_FI/2020_02_09_10_
28_30_AM/MFA_MONTHLY/CO_gold/19_insample_residuals.png  used on input line 454.

(pdftex.def)             Requested size: 264.46837pt x 198.35715pt.

Overfull \hbox (23.99998pt too wide) in alignment at lines 454--454
[][] 
 []


Overfull \hbox (15.0pt too wide) in paragraph at lines 454--454
[][] 
 []

File: ./Picture/Logo.png Graphic file (type png)
<use ./Picture/Logo.png>
Package pdftex.def Info: ./Picture/Logo.png  used on input line 454.
(pdftex.def)             Requested size: 56.9055pt x 20.55377pt.
[366 <C:/Users/huang/workspace/MASG/Output_FI/2020_02_09_10_28_30_AM/MFA_MONTHL
Y/CO_gold/19_insample_diff.png>]
File: ./Picture/Logo.png Graphic file (type png)
<use ./Picture/Logo.png>
Package pdftex.def Info: ./Picture/Logo.png  used on input line 454.
(pdftex.def)             Requested size: 56.9055pt x 20.55377pt.
 [367 <C:/Users/huang/workspace/MASG/Output_FI/2020_02_09_10_28_30_AM/MFA_MONTH
LY/CO_gold/CO_gold19-Recent-9.png> <C:/Users/huang/workspace/MASG/Output_FI/202
0_02_09_10_28_30_AM/MFA_MONTHLY/CO_gold/CO_gold19-Acient-9.png> <C:/Users/huang
/workspace/MASG/Output_FI/2020_02_09_10_28_30_AM/MFA_MONTHLY/CO_gold/19_insampl
e_residuals.png>]
File: C:/Users/huang/workspace/MASG/Output_FI/2020_02_09_10_28_30_AM/MFA_MONTHL
Y/CO_gold/20_insample_diff.png Graphic file (type png)
<use C:/Users/huang/workspace/MASG/Output_FI/2020_02_09_10_28_30_AM/MFA_MONTHLY
/CO_gold/20_insample_diff.png>
Package pdftex.def Info: C:/Users/huang/workspace/MASG/Output_FI/2020_02_09_10_
28_30_AM/MFA_MONTHLY/CO_gold/20_insample_diff.png  used on input line 454.
(pdftex.def)             Requested size: 264.46837pt x 198.35715pt.

Underfull \hbox (badness 10000) in alignment at lines 454--454
[][] 
 []


Underfull \hbox (badness 10000) in alignment at lines 454--454
[] 
 []

File: C:/Users/huang/workspace/MASG/Output_FI/2020_02_09_10_28_30_AM/MFA_MONTHL
Y/CO_gold/CO_gold20-Recent-9.png Graphic file (type png)
<use C:/Users/huang/workspace/MASG/Output_FI/2020_02_09_10_28_30_AM/MFA_MONTHLY
/CO_gold/CO_gold20-Recent-9.png>
Package pdftex.def Info: C:/Users/huang/workspace/MASG/Output_FI/2020_02_09_10_
28_30_AM/MFA_MONTHLY/CO_gold/CO_gold20-Recent-9.png  used on input line 454.
(pdftex.def)             Requested size: 264.46837pt x 198.35715pt.
File: C:/Users/huang/workspace/MASG/Output_FI/2020_02_09_10_28_30_AM/MFA_MONTHL
Y/CO_gold/CO_gold20-Acient-9.png Graphic file (type png)
<use C:/Users/huang/workspace/MASG/Output_FI/2020_02_09_10_28_30_AM/MFA_MONTHLY
/CO_gold/CO_gold20-Acient-9.png>
Package pdftex.def Info: C:/Users/huang/workspace/MASG/Output_FI/2020_02_09_10_
28_30_AM/MFA_MONTHLY/CO_gold/CO_gold20-Acient-9.png  used on input line 454.
(pdftex.def)             Requested size: 264.46837pt x 198.35715pt.
File: C:/Users/huang/workspace/MASG/Output_FI/2020_02_09_10_28_30_AM/MFA_MONTHL
Y/CO_gold/20_insample_residuals.png Graphic file (type png)
<use C:/Users/huang/workspace/MASG/Output_FI/2020_02_09_10_28_30_AM/MFA_MONTHLY
/CO_gold/20_insample_residuals.png>
Package pdftex.def Info: C:/Users/huang/workspace/MASG/Output_FI/2020_02_09_10_
28_30_AM/MFA_MONTHLY/CO_gold/20_insample_residuals.png  used on input line 454.

(pdftex.def)             Requested size: 264.46837pt x 198.35715pt.

Overfull \hbox (23.99998pt too wide) in alignment at lines 454--454
[][] 
 []


Overfull \hbox (15.0pt too wide) in paragraph at lines 454--454
[][] 
 []

File: ./Picture/Logo.png Graphic file (type png)
<use ./Picture/Logo.png>
Package pdftex.def Info: ./Picture/Logo.png  used on input line 454.
(pdftex.def)             Requested size: 56.9055pt x 20.55377pt.
[368 <C:/Users/huang/workspace/MASG/Output_FI/2020_02_09_10_28_30_AM/MFA_MONTHL
Y/CO_gold/20_insample_diff.png>]
File: ./Picture/Logo.png Graphic file (type png)
<use ./Picture/Logo.png>
Package pdftex.def Info: ./Picture/Logo.png  used on input line 454.
(pdftex.def)             Requested size: 56.9055pt x 20.55377pt.
 [369 <C:/Users/huang/workspace/MASG/Output_FI/2020_02_09_10_28_30_AM/MFA_MONTH
LY/CO_gold/CO_gold20-Recent-9.png> <C:/Users/huang/workspace/MASG/Output_FI/202
0_02_09_10_28_30_AM/MFA_MONTHLY/CO_gold/CO_gold20-Acient-9.png> <C:/Users/huang
/workspace/MASG/Output_FI/2020_02_09_10_28_30_AM/MFA_MONTHLY/CO_gold/20_insampl
e_residuals.png>]
File: C:/Users/huang/workspace/MASG/Output_FI/2020_02_09_10_28_30_AM/MFA_MONTHL
Y/CO_gold/21_insample_diff.png Graphic file (type png)
<use C:/Users/huang/workspace/MASG/Output_FI/2020_02_09_10_28_30_AM/MFA_MONTHLY
/CO_gold/21_insample_diff.png>
Package pdftex.def Info: C:/Users/huang/workspace/MASG/Output_FI/2020_02_09_10_
28_30_AM/MFA_MONTHLY/CO_gold/21_insample_diff.png  used on input line 454.
(pdftex.def)             Requested size: 264.46837pt x 198.35715pt.

Underfull \hbox (badness 10000) in alignment at lines 454--454
[][] 
 []


Underfull \hbox (badness 10000) in alignment at lines 454--454
[] 
 []

File: C:/Users/huang/workspace/MASG/Output_FI/2020_02_09_10_28_30_AM/MFA_MONTHL
Y/CO_gold/CO_gold21-Recent-9.png Graphic file (type png)
<use C:/Users/huang/workspace/MASG/Output_FI/2020_02_09_10_28_30_AM/MFA_MONTHLY
/CO_gold/CO_gold21-Recent-9.png>
Package pdftex.def Info: C:/Users/huang/workspace/MASG/Output_FI/2020_02_09_10_
28_30_AM/MFA_MONTHLY/CO_gold/CO_gold21-Recent-9.png  used on input line 454.
(pdftex.def)             Requested size: 264.46837pt x 198.35715pt.
File: C:/Users/huang/workspace/MASG/Output_FI/2020_02_09_10_28_30_AM/MFA_MONTHL
Y/CO_gold/CO_gold21-Acient-9.png Graphic file (type png)
<use C:/Users/huang/workspace/MASG/Output_FI/2020_02_09_10_28_30_AM/MFA_MONTHLY
/CO_gold/CO_gold21-Acient-9.png>
Package pdftex.def Info: C:/Users/huang/workspace/MASG/Output_FI/2020_02_09_10_
28_30_AM/MFA_MONTHLY/CO_gold/CO_gold21-Acient-9.png  used on input line 454.
(pdftex.def)             Requested size: 264.46837pt x 198.35715pt.
File: C:/Users/huang/workspace/MASG/Output_FI/2020_02_09_10_28_30_AM/MFA_MONTHL
Y/CO_gold/21_insample_residuals.png Graphic file (type png)
<use C:/Users/huang/workspace/MASG/Output_FI/2020_02_09_10_28_30_AM/MFA_MONTHLY
/CO_gold/21_insample_residuals.png>
Package pdftex.def Info: C:/Users/huang/workspace/MASG/Output_FI/2020_02_09_10_
28_30_AM/MFA_MONTHLY/CO_gold/21_insample_residuals.png  used on input line 454.

(pdftex.def)             Requested size: 264.46837pt x 198.35715pt.

Overfull \hbox (23.99998pt too wide) in alignment at lines 454--454
[][] 
 []


Overfull \hbox (15.0pt too wide) in paragraph at lines 454--454
[][] 
 []

File: ./Picture/Logo.png Graphic file (type png)
<use ./Picture/Logo.png>
Package pdftex.def Info: ./Picture/Logo.png  used on input line 454.
(pdftex.def)             Requested size: 56.9055pt x 20.55377pt.
[370 <C:/Users/huang/workspace/MASG/Output_FI/2020_02_09_10_28_30_AM/MFA_MONTHL
Y/CO_gold/21_insample_diff.png>]
File: ./Picture/Logo.png Graphic file (type png)
<use ./Picture/Logo.png>
Package pdftex.def Info: ./Picture/Logo.png  used on input line 454.
(pdftex.def)             Requested size: 56.9055pt x 20.55377pt.
 [371 <C:/Users/huang/workspace/MASG/Output_FI/2020_02_09_10_28_30_AM/MFA_MONTH
LY/CO_gold/CO_gold21-Recent-9.png> <C:/Users/huang/workspace/MASG/Output_FI/202
0_02_09_10_28_30_AM/MFA_MONTHLY/CO_gold/CO_gold21-Acient-9.png> <C:/Users/huang
/workspace/MASG/Output_FI/2020_02_09_10_28_30_AM/MFA_MONTHLY/CO_gold/21_insampl
e_residuals.png>]
File: C:/Users/huang/workspace/MASG/Output_FI/2020_02_09_10_28_30_AM/MFA_MONTHL
Y/CO_gold/22_insample_diff.png Graphic file (type png)
<use C:/Users/huang/workspace/MASG/Output_FI/2020_02_09_10_28_30_AM/MFA_MONTHLY
/CO_gold/22_insample_diff.png>
Package pdftex.def Info: C:/Users/huang/workspace/MASG/Output_FI/2020_02_09_10_
28_30_AM/MFA_MONTHLY/CO_gold/22_insample_diff.png  used on input line 454.
(pdftex.def)             Requested size: 264.46837pt x 198.35715pt.

Underfull \hbox (badness 10000) in alignment at lines 454--454
[][] 
 []


Underfull \hbox (badness 10000) in alignment at lines 454--454
[] 
 []

File: C:/Users/huang/workspace/MASG/Output_FI/2020_02_09_10_28_30_AM/MFA_MONTHL
Y/CO_gold/CO_gold22-Recent-9.png Graphic file (type png)
<use C:/Users/huang/workspace/MASG/Output_FI/2020_02_09_10_28_30_AM/MFA_MONTHLY
/CO_gold/CO_gold22-Recent-9.png>
Package pdftex.def Info: C:/Users/huang/workspace/MASG/Output_FI/2020_02_09_10_
28_30_AM/MFA_MONTHLY/CO_gold/CO_gold22-Recent-9.png  used on input line 454.
(pdftex.def)             Requested size: 264.46837pt x 198.35715pt.
File: C:/Users/huang/workspace/MASG/Output_FI/2020_02_09_10_28_30_AM/MFA_MONTHL
Y/CO_gold/CO_gold22-Acient-9.png Graphic file (type png)
<use C:/Users/huang/workspace/MASG/Output_FI/2020_02_09_10_28_30_AM/MFA_MONTHLY
/CO_gold/CO_gold22-Acient-9.png>
Package pdftex.def Info: C:/Users/huang/workspace/MASG/Output_FI/2020_02_09_10_
28_30_AM/MFA_MONTHLY/CO_gold/CO_gold22-Acient-9.png  used on input line 454.
(pdftex.def)             Requested size: 264.46837pt x 198.35715pt.
File: C:/Users/huang/workspace/MASG/Output_FI/2020_02_09_10_28_30_AM/MFA_MONTHL
Y/CO_gold/22_insample_residuals.png Graphic file (type png)
<use C:/Users/huang/workspace/MASG/Output_FI/2020_02_09_10_28_30_AM/MFA_MONTHLY
/CO_gold/22_insample_residuals.png>
Package pdftex.def Info: C:/Users/huang/workspace/MASG/Output_FI/2020_02_09_10_
28_30_AM/MFA_MONTHLY/CO_gold/22_insample_residuals.png  used on input line 454.

(pdftex.def)             Requested size: 264.46837pt x 198.35715pt.

Overfull \hbox (23.99998pt too wide) in alignment at lines 454--454
[][] 
 []


Overfull \hbox (15.0pt too wide) in paragraph at lines 454--454
[][] 
 []

File: ./Picture/Logo.png Graphic file (type png)
<use ./Picture/Logo.png>
Package pdftex.def Info: ./Picture/Logo.png  used on input line 454.
(pdftex.def)             Requested size: 56.9055pt x 20.55377pt.
[372 <C:/Users/huang/workspace/MASG/Output_FI/2020_02_09_10_28_30_AM/MFA_MONTHL
Y/CO_gold/22_insample_diff.png>]
File: ./Picture/Logo.png Graphic file (type png)
<use ./Picture/Logo.png>
Package pdftex.def Info: ./Picture/Logo.png  used on input line 454.
(pdftex.def)             Requested size: 56.9055pt x 20.55377pt.
 [373 <C:/Users/huang/workspace/MASG/Output_FI/2020_02_09_10_28_30_AM/MFA_MONTH
LY/CO_gold/CO_gold22-Recent-9.png> <C:/Users/huang/workspace/MASG/Output_FI/202
0_02_09_10_28_30_AM/MFA_MONTHLY/CO_gold/CO_gold22-Acient-9.png> <C:/Users/huang
/workspace/MASG/Output_FI/2020_02_09_10_28_30_AM/MFA_MONTHLY/CO_gold/22_insampl
e_residuals.png>]
File: C:/Users/huang/workspace/MASG/Output_FI/2020_02_09_10_28_30_AM/MFA_MONTHL
Y/CO_gold/23_insample_diff.png Graphic file (type png)
<use C:/Users/huang/workspace/MASG/Output_FI/2020_02_09_10_28_30_AM/MFA_MONTHLY
/CO_gold/23_insample_diff.png>
Package pdftex.def Info: C:/Users/huang/workspace/MASG/Output_FI/2020_02_09_10_
28_30_AM/MFA_MONTHLY/CO_gold/23_insample_diff.png  used on input line 454.
(pdftex.def)             Requested size: 264.46837pt x 198.35715pt.

Underfull \hbox (badness 10000) in alignment at lines 454--454
[][] 
 []


Underfull \hbox (badness 10000) in alignment at lines 454--454
[] 
 []

File: C:/Users/huang/workspace/MASG/Output_FI/2020_02_09_10_28_30_AM/MFA_MONTHL
Y/CO_gold/CO_gold23-Recent-9.png Graphic file (type png)
<use C:/Users/huang/workspace/MASG/Output_FI/2020_02_09_10_28_30_AM/MFA_MONTHLY
/CO_gold/CO_gold23-Recent-9.png>
Package pdftex.def Info: C:/Users/huang/workspace/MASG/Output_FI/2020_02_09_10_
28_30_AM/MFA_MONTHLY/CO_gold/CO_gold23-Recent-9.png  used on input line 454.
(pdftex.def)             Requested size: 264.46837pt x 198.35715pt.
File: C:/Users/huang/workspace/MASG/Output_FI/2020_02_09_10_28_30_AM/MFA_MONTHL
Y/CO_gold/CO_gold23-Acient-9.png Graphic file (type png)
<use C:/Users/huang/workspace/MASG/Output_FI/2020_02_09_10_28_30_AM/MFA_MONTHLY
/CO_gold/CO_gold23-Acient-9.png>
Package pdftex.def Info: C:/Users/huang/workspace/MASG/Output_FI/2020_02_09_10_
28_30_AM/MFA_MONTHLY/CO_gold/CO_gold23-Acient-9.png  used on input line 454.
(pdftex.def)             Requested size: 264.46837pt x 198.35715pt.
File: C:/Users/huang/workspace/MASG/Output_FI/2020_02_09_10_28_30_AM/MFA_MONTHL
Y/CO_gold/23_insample_residuals.png Graphic file (type png)
<use C:/Users/huang/workspace/MASG/Output_FI/2020_02_09_10_28_30_AM/MFA_MONTHLY
/CO_gold/23_insample_residuals.png>
Package pdftex.def Info: C:/Users/huang/workspace/MASG/Output_FI/2020_02_09_10_
28_30_AM/MFA_MONTHLY/CO_gold/23_insample_residuals.png  used on input line 454.

(pdftex.def)             Requested size: 264.46837pt x 198.35715pt.

Overfull \hbox (23.99998pt too wide) in alignment at lines 454--454
[][] 
 []


Overfull \hbox (15.0pt too wide) in paragraph at lines 454--454
[][] 
 []

File: ./Picture/Logo.png Graphic file (type png)
<use ./Picture/Logo.png>
Package pdftex.def Info: ./Picture/Logo.png  used on input line 454.
(pdftex.def)             Requested size: 56.9055pt x 20.55377pt.
[374 <C:/Users/huang/workspace/MASG/Output_FI/2020_02_09_10_28_30_AM/MFA_MONTHL
Y/CO_gold/23_insample_diff.png>]
File: ./Picture/Logo.png Graphic file (type png)
<use ./Picture/Logo.png>
Package pdftex.def Info: ./Picture/Logo.png  used on input line 454.
(pdftex.def)             Requested size: 56.9055pt x 20.55377pt.
 [375 <C:/Users/huang/workspace/MASG/Output_FI/2020_02_09_10_28_30_AM/MFA_MONTH
LY/CO_gold/CO_gold23-Recent-9.png> <C:/Users/huang/workspace/MASG/Output_FI/202
0_02_09_10_28_30_AM/MFA_MONTHLY/CO_gold/CO_gold23-Acient-9.png> <C:/Users/huang
/workspace/MASG/Output_FI/2020_02_09_10_28_30_AM/MFA_MONTHLY/CO_gold/23_insampl
e_residuals.png>]
File: C:/Users/huang/workspace/MASG/Output_FI/2020_02_09_10_28_30_AM/MFA_MONTHL
Y/CO_gold/24_insample_diff.png Graphic file (type png)
<use C:/Users/huang/workspace/MASG/Output_FI/2020_02_09_10_28_30_AM/MFA_MONTHLY
/CO_gold/24_insample_diff.png>
Package pdftex.def Info: C:/Users/huang/workspace/MASG/Output_FI/2020_02_09_10_
28_30_AM/MFA_MONTHLY/CO_gold/24_insample_diff.png  used on input line 454.
(pdftex.def)             Requested size: 264.46837pt x 198.35715pt.

Underfull \hbox (badness 10000) in alignment at lines 454--454
[][] 
 []


Underfull \hbox (badness 10000) in alignment at lines 454--454
[] 
 []

File: C:/Users/huang/workspace/MASG/Output_FI/2020_02_09_10_28_30_AM/MFA_MONTHL
Y/CO_gold/CO_gold24-Recent-9.png Graphic file (type png)
<use C:/Users/huang/workspace/MASG/Output_FI/2020_02_09_10_28_30_AM/MFA_MONTHLY
/CO_gold/CO_gold24-Recent-9.png>
Package pdftex.def Info: C:/Users/huang/workspace/MASG/Output_FI/2020_02_09_10_
28_30_AM/MFA_MONTHLY/CO_gold/CO_gold24-Recent-9.png  used on input line 454.
(pdftex.def)             Requested size: 264.46837pt x 198.35715pt.
File: C:/Users/huang/workspace/MASG/Output_FI/2020_02_09_10_28_30_AM/MFA_MONTHL
Y/CO_gold/CO_gold24-Acient-9.png Graphic file (type png)
<use C:/Users/huang/workspace/MASG/Output_FI/2020_02_09_10_28_30_AM/MFA_MONTHLY
/CO_gold/CO_gold24-Acient-9.png>
Package pdftex.def Info: C:/Users/huang/workspace/MASG/Output_FI/2020_02_09_10_
28_30_AM/MFA_MONTHLY/CO_gold/CO_gold24-Acient-9.png  used on input line 454.
(pdftex.def)             Requested size: 264.46837pt x 198.35715pt.
File: C:/Users/huang/workspace/MASG/Output_FI/2020_02_09_10_28_30_AM/MFA_MONTHL
Y/CO_gold/24_insample_residuals.png Graphic file (type png)
<use C:/Users/huang/workspace/MASG/Output_FI/2020_02_09_10_28_30_AM/MFA_MONTHLY
/CO_gold/24_insample_residuals.png>
Package pdftex.def Info: C:/Users/huang/workspace/MASG/Output_FI/2020_02_09_10_
28_30_AM/MFA_MONTHLY/CO_gold/24_insample_residuals.png  used on input line 454.

(pdftex.def)             Requested size: 264.46837pt x 198.35715pt.

Overfull \hbox (23.99998pt too wide) in alignment at lines 454--454
[][] 
 []


Overfull \hbox (15.0pt too wide) in paragraph at lines 454--454
[][] 
 []

File: ./Picture/Logo.png Graphic file (type png)
<use ./Picture/Logo.png>
Package pdftex.def Info: ./Picture/Logo.png  used on input line 454.
(pdftex.def)             Requested size: 56.9055pt x 20.55377pt.
[376 <C:/Users/huang/workspace/MASG/Output_FI/2020_02_09_10_28_30_AM/MFA_MONTHL
Y/CO_gold/24_insample_diff.png>]
File: ./Picture/Logo.png Graphic file (type png)
<use ./Picture/Logo.png>
Package pdftex.def Info: ./Picture/Logo.png  used on input line 454.
(pdftex.def)             Requested size: 56.9055pt x 20.55377pt.
 [377 <C:/Users/huang/workspace/MASG/Output_FI/2020_02_09_10_28_30_AM/MFA_MONTH
LY/CO_gold/CO_gold24-Recent-9.png> <C:/Users/huang/workspace/MASG/Output_FI/202
0_02_09_10_28_30_AM/MFA_MONTHLY/CO_gold/CO_gold24-Acient-9.png> <C:/Users/huang
/workspace/MASG/Output_FI/2020_02_09_10_28_30_AM/MFA_MONTHLY/CO_gold/24_insampl
e_residuals.png>]
File: C:/Users/huang/workspace/MASG/Output_FI/2020_02_09_10_28_30_AM/MFA_MONTHL
Y/CO_gold/25_insample_diff.png Graphic file (type png)
<use C:/Users/huang/workspace/MASG/Output_FI/2020_02_09_10_28_30_AM/MFA_MONTHLY
/CO_gold/25_insample_diff.png>
Package pdftex.def Info: C:/Users/huang/workspace/MASG/Output_FI/2020_02_09_10_
28_30_AM/MFA_MONTHLY/CO_gold/25_insample_diff.png  used on input line 454.
(pdftex.def)             Requested size: 264.46837pt x 198.35715pt.

Underfull \hbox (badness 10000) in alignment at lines 454--454
[][] 
 []


Underfull \hbox (badness 10000) in alignment at lines 454--454
[] 
 []

File: C:/Users/huang/workspace/MASG/Output_FI/2020_02_09_10_28_30_AM/MFA_MONTHL
Y/CO_gold/CO_gold25-Recent-9.png Graphic file (type png)
<use C:/Users/huang/workspace/MASG/Output_FI/2020_02_09_10_28_30_AM/MFA_MONTHLY
/CO_gold/CO_gold25-Recent-9.png>
Package pdftex.def Info: C:/Users/huang/workspace/MASG/Output_FI/2020_02_09_10_
28_30_AM/MFA_MONTHLY/CO_gold/CO_gold25-Recent-9.png  used on input line 454.
(pdftex.def)             Requested size: 264.46837pt x 198.35715pt.
File: C:/Users/huang/workspace/MASG/Output_FI/2020_02_09_10_28_30_AM/MFA_MONTHL
Y/CO_gold/CO_gold25-Acient-9.png Graphic file (type png)
<use C:/Users/huang/workspace/MASG/Output_FI/2020_02_09_10_28_30_AM/MFA_MONTHLY
/CO_gold/CO_gold25-Acient-9.png>
Package pdftex.def Info: C:/Users/huang/workspace/MASG/Output_FI/2020_02_09_10_
28_30_AM/MFA_MONTHLY/CO_gold/CO_gold25-Acient-9.png  used on input line 454.
(pdftex.def)             Requested size: 264.46837pt x 198.35715pt.
File: C:/Users/huang/workspace/MASG/Output_FI/2020_02_09_10_28_30_AM/MFA_MONTHL
Y/CO_gold/25_insample_residuals.png Graphic file (type png)
<use C:/Users/huang/workspace/MASG/Output_FI/2020_02_09_10_28_30_AM/MFA_MONTHLY
/CO_gold/25_insample_residuals.png>
Package pdftex.def Info: C:/Users/huang/workspace/MASG/Output_FI/2020_02_09_10_
28_30_AM/MFA_MONTHLY/CO_gold/25_insample_residuals.png  used on input line 454.

(pdftex.def)             Requested size: 264.46837pt x 198.35715pt.

Overfull \hbox (23.99998pt too wide) in alignment at lines 454--454
[][] 
 []


Overfull \hbox (15.0pt too wide) in paragraph at lines 454--454
[][] 
 []

File: ./Picture/Logo.png Graphic file (type png)
<use ./Picture/Logo.png>
Package pdftex.def Info: ./Picture/Logo.png  used on input line 454.
(pdftex.def)             Requested size: 56.9055pt x 20.55377pt.
[378 <C:/Users/huang/workspace/MASG/Output_FI/2020_02_09_10_28_30_AM/MFA_MONTHL
Y/CO_gold/25_insample_diff.png>]
File: ./Picture/Logo.png Graphic file (type png)
<use ./Picture/Logo.png>
Package pdftex.def Info: ./Picture/Logo.png  used on input line 454.
(pdftex.def)             Requested size: 56.9055pt x 20.55377pt.
 [379 <C:/Users/huang/workspace/MASG/Output_FI/2020_02_09_10_28_30_AM/MFA_MONTH
LY/CO_gold/CO_gold25-Recent-9.png> <C:/Users/huang/workspace/MASG/Output_FI/202
0_02_09_10_28_30_AM/MFA_MONTHLY/CO_gold/CO_gold25-Acient-9.png> <C:/Users/huang
/workspace/MASG/Output_FI/2020_02_09_10_28_30_AM/MFA_MONTHLY/CO_gold/25_insampl
e_residuals.png>]
File: C:/Users/huang/workspace/MASG/Output_FI/2020_02_09_10_28_30_AM/MFA_MONTHL
Y/CO_gold/26_insample_diff.png Graphic file (type png)
<use C:/Users/huang/workspace/MASG/Output_FI/2020_02_09_10_28_30_AM/MFA_MONTHLY
/CO_gold/26_insample_diff.png>
Package pdftex.def Info: C:/Users/huang/workspace/MASG/Output_FI/2020_02_09_10_
28_30_AM/MFA_MONTHLY/CO_gold/26_insample_diff.png  used on input line 454.
(pdftex.def)             Requested size: 264.46837pt x 198.35715pt.

Underfull \hbox (badness 10000) in alignment at lines 454--454
[][] 
 []


Underfull \hbox (badness 10000) in alignment at lines 454--454
[] 
 []

File: C:/Users/huang/workspace/MASG/Output_FI/2020_02_09_10_28_30_AM/MFA_MONTHL
Y/CO_gold/CO_gold26-Recent-9.png Graphic file (type png)
<use C:/Users/huang/workspace/MASG/Output_FI/2020_02_09_10_28_30_AM/MFA_MONTHLY
/CO_gold/CO_gold26-Recent-9.png>
Package pdftex.def Info: C:/Users/huang/workspace/MASG/Output_FI/2020_02_09_10_
28_30_AM/MFA_MONTHLY/CO_gold/CO_gold26-Recent-9.png  used on input line 454.
(pdftex.def)             Requested size: 264.46837pt x 198.35715pt.
File: C:/Users/huang/workspace/MASG/Output_FI/2020_02_09_10_28_30_AM/MFA_MONTHL
Y/CO_gold/CO_gold26-Acient-9.png Graphic file (type png)
<use C:/Users/huang/workspace/MASG/Output_FI/2020_02_09_10_28_30_AM/MFA_MONTHLY
/CO_gold/CO_gold26-Acient-9.png>
Package pdftex.def Info: C:/Users/huang/workspace/MASG/Output_FI/2020_02_09_10_
28_30_AM/MFA_MONTHLY/CO_gold/CO_gold26-Acient-9.png  used on input line 454.
(pdftex.def)             Requested size: 264.46837pt x 198.35715pt.
File: C:/Users/huang/workspace/MASG/Output_FI/2020_02_09_10_28_30_AM/MFA_MONTHL
Y/CO_gold/26_insample_residuals.png Graphic file (type png)
<use C:/Users/huang/workspace/MASG/Output_FI/2020_02_09_10_28_30_AM/MFA_MONTHLY
/CO_gold/26_insample_residuals.png>
Package pdftex.def Info: C:/Users/huang/workspace/MASG/Output_FI/2020_02_09_10_
28_30_AM/MFA_MONTHLY/CO_gold/26_insample_residuals.png  used on input line 454.

(pdftex.def)             Requested size: 264.46837pt x 198.35715pt.

Overfull \hbox (23.99998pt too wide) in alignment at lines 454--454
[][] 
 []


Overfull \hbox (15.0pt too wide) in paragraph at lines 454--454
[][] 
 []

File: ./Picture/Logo.png Graphic file (type png)
<use ./Picture/Logo.png>
Package pdftex.def Info: ./Picture/Logo.png  used on input line 454.
(pdftex.def)             Requested size: 56.9055pt x 20.55377pt.
[380 <C:/Users/huang/workspace/MASG/Output_FI/2020_02_09_10_28_30_AM/MFA_MONTHL
Y/CO_gold/26_insample_diff.png>]
File: ./Picture/Logo.png Graphic file (type png)
<use ./Picture/Logo.png>
Package pdftex.def Info: ./Picture/Logo.png  used on input line 454.
(pdftex.def)             Requested size: 56.9055pt x 20.55377pt.
 [381 <C:/Users/huang/workspace/MASG/Output_FI/2020_02_09_10_28_30_AM/MFA_MONTH
LY/CO_gold/CO_gold26-Recent-9.png> <C:/Users/huang/workspace/MASG/Output_FI/202
0_02_09_10_28_30_AM/MFA_MONTHLY/CO_gold/CO_gold26-Acient-9.png> <C:/Users/huang
/workspace/MASG/Output_FI/2020_02_09_10_28_30_AM/MFA_MONTHLY/CO_gold/26_insampl
e_residuals.png>]
File: C:/Users/huang/workspace/MASG/Output_FI/2020_02_09_10_28_30_AM/MFA_MONTHL
Y/CO_gold/27_insample_diff.png Graphic file (type png)
<use C:/Users/huang/workspace/MASG/Output_FI/2020_02_09_10_28_30_AM/MFA_MONTHLY
/CO_gold/27_insample_diff.png>
Package pdftex.def Info: C:/Users/huang/workspace/MASG/Output_FI/2020_02_09_10_
28_30_AM/MFA_MONTHLY/CO_gold/27_insample_diff.png  used on input line 454.
(pdftex.def)             Requested size: 264.46837pt x 198.35715pt.

Underfull \hbox (badness 10000) in alignment at lines 454--454
[][] 
 []


Underfull \hbox (badness 10000) in alignment at lines 454--454
[] 
 []

File: C:/Users/huang/workspace/MASG/Output_FI/2020_02_09_10_28_30_AM/MFA_MONTHL
Y/CO_gold/CO_gold27-Recent-9.png Graphic file (type png)
<use C:/Users/huang/workspace/MASG/Output_FI/2020_02_09_10_28_30_AM/MFA_MONTHLY
/CO_gold/CO_gold27-Recent-9.png>
Package pdftex.def Info: C:/Users/huang/workspace/MASG/Output_FI/2020_02_09_10_
28_30_AM/MFA_MONTHLY/CO_gold/CO_gold27-Recent-9.png  used on input line 454.
(pdftex.def)             Requested size: 264.46837pt x 198.35715pt.
File: C:/Users/huang/workspace/MASG/Output_FI/2020_02_09_10_28_30_AM/MFA_MONTHL
Y/CO_gold/CO_gold27-Acient-9.png Graphic file (type png)
<use C:/Users/huang/workspace/MASG/Output_FI/2020_02_09_10_28_30_AM/MFA_MONTHLY
/CO_gold/CO_gold27-Acient-9.png>
Package pdftex.def Info: C:/Users/huang/workspace/MASG/Output_FI/2020_02_09_10_
28_30_AM/MFA_MONTHLY/CO_gold/CO_gold27-Acient-9.png  used on input line 454.
(pdftex.def)             Requested size: 264.46837pt x 198.35715pt.
File: C:/Users/huang/workspace/MASG/Output_FI/2020_02_09_10_28_30_AM/MFA_MONTHL
Y/CO_gold/27_insample_residuals.png Graphic file (type png)
<use C:/Users/huang/workspace/MASG/Output_FI/2020_02_09_10_28_30_AM/MFA_MONTHLY
/CO_gold/27_insample_residuals.png>
Package pdftex.def Info: C:/Users/huang/workspace/MASG/Output_FI/2020_02_09_10_
28_30_AM/MFA_MONTHLY/CO_gold/27_insample_residuals.png  used on input line 454.

(pdftex.def)             Requested size: 264.46837pt x 198.35715pt.

Overfull \hbox (23.99998pt too wide) in alignment at lines 454--454
[][] 
 []


Overfull \hbox (15.0pt too wide) in paragraph at lines 454--454
[][] 
 []

File: ./Picture/Logo.png Graphic file (type png)
<use ./Picture/Logo.png>
Package pdftex.def Info: ./Picture/Logo.png  used on input line 454.
(pdftex.def)             Requested size: 56.9055pt x 20.55377pt.
[382 <C:/Users/huang/workspace/MASG/Output_FI/2020_02_09_10_28_30_AM/MFA_MONTHL
Y/CO_gold/27_insample_diff.png>]
File: ./Picture/Logo.png Graphic file (type png)
<use ./Picture/Logo.png>
Package pdftex.def Info: ./Picture/Logo.png  used on input line 454.
(pdftex.def)             Requested size: 56.9055pt x 20.55377pt.
 [383 <C:/Users/huang/workspace/MASG/Output_FI/2020_02_09_10_28_30_AM/MFA_MONTH
LY/CO_gold/CO_gold27-Recent-9.png> <C:/Users/huang/workspace/MASG/Output_FI/202
0_02_09_10_28_30_AM/MFA_MONTHLY/CO_gold/CO_gold27-Acient-9.png> <C:/Users/huang
/workspace/MASG/Output_FI/2020_02_09_10_28_30_AM/MFA_MONTHLY/CO_gold/27_insampl
e_residuals.png>]
File: C:/Users/huang/workspace/MASG/Output_FI/2020_02_09_10_28_30_AM/MFA_MONTHL
Y/CO_gold/28_insample_diff.png Graphic file (type png)
<use C:/Users/huang/workspace/MASG/Output_FI/2020_02_09_10_28_30_AM/MFA_MONTHLY
/CO_gold/28_insample_diff.png>
Package pdftex.def Info: C:/Users/huang/workspace/MASG/Output_FI/2020_02_09_10_
28_30_AM/MFA_MONTHLY/CO_gold/28_insample_diff.png  used on input line 454.
(pdftex.def)             Requested size: 264.46837pt x 198.35715pt.

Underfull \hbox (badness 10000) in alignment at lines 454--454
[][] 
 []


Underfull \hbox (badness 10000) in alignment at lines 454--454
[] 
 []

File: C:/Users/huang/workspace/MASG/Output_FI/2020_02_09_10_28_30_AM/MFA_MONTHL
Y/CO_gold/CO_gold28-Recent-9.png Graphic file (type png)
<use C:/Users/huang/workspace/MASG/Output_FI/2020_02_09_10_28_30_AM/MFA_MONTHLY
/CO_gold/CO_gold28-Recent-9.png>
Package pdftex.def Info: C:/Users/huang/workspace/MASG/Output_FI/2020_02_09_10_
28_30_AM/MFA_MONTHLY/CO_gold/CO_gold28-Recent-9.png  used on input line 454.
(pdftex.def)             Requested size: 264.46837pt x 198.35715pt.
File: C:/Users/huang/workspace/MASG/Output_FI/2020_02_09_10_28_30_AM/MFA_MONTHL
Y/CO_gold/CO_gold28-Acient-9.png Graphic file (type png)
<use C:/Users/huang/workspace/MASG/Output_FI/2020_02_09_10_28_30_AM/MFA_MONTHLY
/CO_gold/CO_gold28-Acient-9.png>
Package pdftex.def Info: C:/Users/huang/workspace/MASG/Output_FI/2020_02_09_10_
28_30_AM/MFA_MONTHLY/CO_gold/CO_gold28-Acient-9.png  used on input line 454.
(pdftex.def)             Requested size: 264.46837pt x 198.35715pt.
File: C:/Users/huang/workspace/MASG/Output_FI/2020_02_09_10_28_30_AM/MFA_MONTHL
Y/CO_gold/28_insample_residuals.png Graphic file (type png)
<use C:/Users/huang/workspace/MASG/Output_FI/2020_02_09_10_28_30_AM/MFA_MONTHLY
/CO_gold/28_insample_residuals.png>
Package pdftex.def Info: C:/Users/huang/workspace/MASG/Output_FI/2020_02_09_10_
28_30_AM/MFA_MONTHLY/CO_gold/28_insample_residuals.png  used on input line 454.

(pdftex.def)             Requested size: 264.46837pt x 198.35715pt.

Overfull \hbox (23.99998pt too wide) in alignment at lines 454--454
[][] 
 []


Overfull \hbox (15.0pt too wide) in paragraph at lines 454--454
[][] 
 []

File: ./Picture/Logo.png Graphic file (type png)
<use ./Picture/Logo.png>
Package pdftex.def Info: ./Picture/Logo.png  used on input line 454.
(pdftex.def)             Requested size: 56.9055pt x 20.55377pt.
[384 <C:/Users/huang/workspace/MASG/Output_FI/2020_02_09_10_28_30_AM/MFA_MONTHL
Y/CO_gold/28_insample_diff.png>]
File: ./Picture/Logo.png Graphic file (type png)
<use ./Picture/Logo.png>
Package pdftex.def Info: ./Picture/Logo.png  used on input line 454.
(pdftex.def)             Requested size: 56.9055pt x 20.55377pt.
 [385 <C:/Users/huang/workspace/MASG/Output_FI/2020_02_09_10_28_30_AM/MFA_MONTH
LY/CO_gold/CO_gold28-Recent-9.png> <C:/Users/huang/workspace/MASG/Output_FI/202
0_02_09_10_28_30_AM/MFA_MONTHLY/CO_gold/CO_gold28-Acient-9.png> <C:/Users/huang
/workspace/MASG/Output_FI/2020_02_09_10_28_30_AM/MFA_MONTHLY/CO_gold/28_insampl
e_residuals.png>]
File: C:/Users/huang/workspace/MASG/Output_FI/2020_02_09_10_28_30_AM/MFA_MONTHL
Y/CO_gold/29_insample_diff.png Graphic file (type png)
<use C:/Users/huang/workspace/MASG/Output_FI/2020_02_09_10_28_30_AM/MFA_MONTHLY
/CO_gold/29_insample_diff.png>
Package pdftex.def Info: C:/Users/huang/workspace/MASG/Output_FI/2020_02_09_10_
28_30_AM/MFA_MONTHLY/CO_gold/29_insample_diff.png  used on input line 454.
(pdftex.def)             Requested size: 264.46837pt x 198.35715pt.

Underfull \hbox (badness 10000) in alignment at lines 454--454
[][] 
 []


Underfull \hbox (badness 10000) in alignment at lines 454--454
[] 
 []

File: C:/Users/huang/workspace/MASG/Output_FI/2020_02_09_10_28_30_AM/MFA_MONTHL
Y/CO_gold/CO_gold29-Recent-9.png Graphic file (type png)
<use C:/Users/huang/workspace/MASG/Output_FI/2020_02_09_10_28_30_AM/MFA_MONTHLY
/CO_gold/CO_gold29-Recent-9.png>
Package pdftex.def Info: C:/Users/huang/workspace/MASG/Output_FI/2020_02_09_10_
28_30_AM/MFA_MONTHLY/CO_gold/CO_gold29-Recent-9.png  used on input line 454.
(pdftex.def)             Requested size: 264.46837pt x 198.35715pt.
File: C:/Users/huang/workspace/MASG/Output_FI/2020_02_09_10_28_30_AM/MFA_MONTHL
Y/CO_gold/CO_gold29-Acient-9.png Graphic file (type png)
<use C:/Users/huang/workspace/MASG/Output_FI/2020_02_09_10_28_30_AM/MFA_MONTHLY
/CO_gold/CO_gold29-Acient-9.png>
Package pdftex.def Info: C:/Users/huang/workspace/MASG/Output_FI/2020_02_09_10_
28_30_AM/MFA_MONTHLY/CO_gold/CO_gold29-Acient-9.png  used on input line 454.
(pdftex.def)             Requested size: 264.46837pt x 198.35715pt.
File: C:/Users/huang/workspace/MASG/Output_FI/2020_02_09_10_28_30_AM/MFA_MONTHL
Y/CO_gold/29_insample_residuals.png Graphic file (type png)
<use C:/Users/huang/workspace/MASG/Output_FI/2020_02_09_10_28_30_AM/MFA_MONTHLY
/CO_gold/29_insample_residuals.png>
Package pdftex.def Info: C:/Users/huang/workspace/MASG/Output_FI/2020_02_09_10_
28_30_AM/MFA_MONTHLY/CO_gold/29_insample_residuals.png  used on input line 454.

(pdftex.def)             Requested size: 264.46837pt x 198.35715pt.

Overfull \hbox (23.99998pt too wide) in alignment at lines 454--454
[][] 
 []


Overfull \hbox (15.0pt too wide) in paragraph at lines 454--454
[][] 
 []

File: ./Picture/Logo.png Graphic file (type png)
<use ./Picture/Logo.png>
Package pdftex.def Info: ./Picture/Logo.png  used on input line 454.
(pdftex.def)             Requested size: 56.9055pt x 20.55377pt.
[386 <C:/Users/huang/workspace/MASG/Output_FI/2020_02_09_10_28_30_AM/MFA_MONTHL
Y/CO_gold/29_insample_diff.png>]
File: ./Picture/Logo.png Graphic file (type png)
<use ./Picture/Logo.png>
Package pdftex.def Info: ./Picture/Logo.png  used on input line 454.
(pdftex.def)             Requested size: 56.9055pt x 20.55377pt.
 [387 <C:/Users/huang/workspace/MASG/Output_FI/2020_02_09_10_28_30_AM/MFA_MONTH
LY/CO_gold/CO_gold29-Recent-9.png> <C:/Users/huang/workspace/MASG/Output_FI/202
0_02_09_10_28_30_AM/MFA_MONTHLY/CO_gold/CO_gold29-Acient-9.png> <C:/Users/huang
/workspace/MASG/Output_FI/2020_02_09_10_28_30_AM/MFA_MONTHLY/CO_gold/29_insampl
e_residuals.png>]
File: C:/Users/huang/workspace/MASG/Output_FI/2020_02_09_10_28_30_AM/MFA_MONTHL
Y/CO_gold/30_insample_diff.png Graphic file (type png)
<use C:/Users/huang/workspace/MASG/Output_FI/2020_02_09_10_28_30_AM/MFA_MONTHLY
/CO_gold/30_insample_diff.png>
Package pdftex.def Info: C:/Users/huang/workspace/MASG/Output_FI/2020_02_09_10_
28_30_AM/MFA_MONTHLY/CO_gold/30_insample_diff.png  used on input line 454.
(pdftex.def)             Requested size: 264.46837pt x 198.35715pt.

Underfull \hbox (badness 10000) in alignment at lines 454--454
[][] 
 []


Underfull \hbox (badness 10000) in alignment at lines 454--454
[] 
 []

File: C:/Users/huang/workspace/MASG/Output_FI/2020_02_09_10_28_30_AM/MFA_MONTHL
Y/CO_gold/CO_gold30-Recent-9.png Graphic file (type png)
<use C:/Users/huang/workspace/MASG/Output_FI/2020_02_09_10_28_30_AM/MFA_MONTHLY
/CO_gold/CO_gold30-Recent-9.png>
Package pdftex.def Info: C:/Users/huang/workspace/MASG/Output_FI/2020_02_09_10_
28_30_AM/MFA_MONTHLY/CO_gold/CO_gold30-Recent-9.png  used on input line 454.
(pdftex.def)             Requested size: 264.46837pt x 198.35715pt.
File: C:/Users/huang/workspace/MASG/Output_FI/2020_02_09_10_28_30_AM/MFA_MONTHL
Y/CO_gold/CO_gold30-Acient-9.png Graphic file (type png)
<use C:/Users/huang/workspace/MASG/Output_FI/2020_02_09_10_28_30_AM/MFA_MONTHLY
/CO_gold/CO_gold30-Acient-9.png>
Package pdftex.def Info: C:/Users/huang/workspace/MASG/Output_FI/2020_02_09_10_
28_30_AM/MFA_MONTHLY/CO_gold/CO_gold30-Acient-9.png  used on input line 454.
(pdftex.def)             Requested size: 264.46837pt x 198.35715pt.
File: C:/Users/huang/workspace/MASG/Output_FI/2020_02_09_10_28_30_AM/MFA_MONTHL
Y/CO_gold/30_insample_residuals.png Graphic file (type png)
<use C:/Users/huang/workspace/MASG/Output_FI/2020_02_09_10_28_30_AM/MFA_MONTHLY
/CO_gold/30_insample_residuals.png>
Package pdftex.def Info: C:/Users/huang/workspace/MASG/Output_FI/2020_02_09_10_
28_30_AM/MFA_MONTHLY/CO_gold/30_insample_residuals.png  used on input line 454.

(pdftex.def)             Requested size: 264.46837pt x 198.35715pt.

Overfull \hbox (23.99998pt too wide) in alignment at lines 454--454
[][] 
 []


Overfull \hbox (15.0pt too wide) in paragraph at lines 454--454
[][] 
 []

File: ./Picture/Logo.png Graphic file (type png)
<use ./Picture/Logo.png>
Package pdftex.def Info: ./Picture/Logo.png  used on input line 454.
(pdftex.def)             Requested size: 56.9055pt x 20.55377pt.
[388 <C:/Users/huang/workspace/MASG/Output_FI/2020_02_09_10_28_30_AM/MFA_MONTHL
Y/CO_gold/30_insample_diff.png>]
File: ./Picture/Logo.png Graphic file (type png)
<use ./Picture/Logo.png>
Package pdftex.def Info: ./Picture/Logo.png  used on input line 454.
(pdftex.def)             Requested size: 56.9055pt x 20.55377pt.
 [389 <C:/Users/huang/workspace/MASG/Output_FI/2020_02_09_10_28_30_AM/MFA_MONTH
LY/CO_gold/CO_gold30-Recent-9.png> <C:/Users/huang/workspace/MASG/Output_FI/202
0_02_09_10_28_30_AM/MFA_MONTHLY/CO_gold/CO_gold30-Acient-9.png> <C:/Users/huang
/workspace/MASG/Output_FI/2020_02_09_10_28_30_AM/MFA_MONTHLY/CO_gold/30_insampl
e_residuals.png>]
! Missing $ inserted.
<inserted text> 
                $
l.454 
      
I've inserted a begin-math/end-math symbol since I think
you left one out. Proceed, with fingers crossed.

! Missing $ inserted.
<inserted text> 
                $
l.454 
      
I've inserted a begin-math/end-math symbol since I think
you left one out. Proceed, with fingers crossed.


Package hyperref Warning: Token not allowed in a PDF string (PDFDocEncoding):
(hyperref)                removing `subscript' on input line 454.


(C:/Users/huang/workspace/MASG/Output_FI/2020_02_09_10_28_30_AM/SFA_MONTHLY/Sim
pleReg-CO_silver.tex
! Missing $ inserted.
<inserted text> 
                $
l.11 \caption{Single Factor Analysis-CO_silver}
                                               
I've inserted a begin-math/end-math symbol since I think
you left one out. Proceed, with fingers crossed.

! Missing $ inserted.
<inserted text> 
                $
l.11 \caption{Single Factor Analysis-CO_silver}
                                               
I've inserted a begin-math/end-math symbol since I think
you left one out. Proceed, with fingers crossed.


Underfull \vbox (badness 10000) detected at line 12
 []

)
File: ./Picture/Logo.png Graphic file (type png)
<use ./Picture/Logo.png>
Package pdftex.def Info: ./Picture/Logo.png  used on input line 454.
(pdftex.def)             Requested size: 56.9055pt x 20.55377pt.
 [390

]
File: C:/Users/huang/workspace/MASG/Output_FI/2020_02_09_10_28_30_AM/SFA_MONTHL
Y/CO_silver/1_insample_diff.png Graphic file (type png)
<use C:/Users/huang/workspace/MASG/Output_FI/2020_02_09_10_28_30_AM/SFA_MONTHLY
/CO_silver/1_insample_diff.png>
Package pdftex.def Info: C:/Users/huang/workspace/MASG/Output_FI/2020_02_09_10_
28_30_AM/SFA_MONTHLY/CO_silver/1_insample_diff.png  used on input line 454.
(pdftex.def)             Requested size: 264.46837pt x 264.46921pt.
File: C:/Users/huang/workspace/MASG/Output_FI/2020_02_09_10_28_30_AM/SFA_MONTHL
Y/CO_silver/1_insample_level.png Graphic file (type png)
<use C:/Users/huang/workspace/MASG/Output_FI/2020_02_09_10_28_30_AM/SFA_MONTHLY
/CO_silver/1_insample_level.png>
Package pdftex.def Info: C:/Users/huang/workspace/MASG/Output_FI/2020_02_09_10_
28_30_AM/SFA_MONTHLY/CO_silver/1_insample_level.png  used on input line 454.
(pdftex.def)             Requested size: 264.46837pt x 264.46921pt.
File: C:/Users/huang/workspace/MASG/Output_FI/2020_02_09_10_28_30_AM/SFA_MONTHL
Y/CO_silver/CO_silver1-Recent-9.png Graphic file (type png)
<use C:/Users/huang/workspace/MASG/Output_FI/2020_02_09_10_28_30_AM/SFA_MONTHLY
/CO_silver/CO_silver1-Recent-9.png>
Package pdftex.def Info: C:/Users/huang/workspace/MASG/Output_FI/2020_02_09_10_
28_30_AM/SFA_MONTHLY/CO_silver/CO_silver1-Recent-9.png  used on input line 454.

(pdftex.def)             Requested size: 264.46837pt x 198.35715pt.
File: C:/Users/huang/workspace/MASG/Output_FI/2020_02_09_10_28_30_AM/SFA_MONTHL
Y/CO_silver/CO_silver1-Acient-9.png Graphic file (type png)
<use C:/Users/huang/workspace/MASG/Output_FI/2020_02_09_10_28_30_AM/SFA_MONTHLY
/CO_silver/CO_silver1-Acient-9.png>
Package pdftex.def Info: C:/Users/huang/workspace/MASG/Output_FI/2020_02_09_10_
28_30_AM/SFA_MONTHLY/CO_silver/CO_silver1-Acient-9.png  used on input line 454.

(pdftex.def)             Requested size: 264.46837pt x 198.35715pt.

Overfull \hbox (23.99998pt too wide) in alignment at lines 454--454
[][] 
 []

File: ./Picture/Logo.png Graphic file (type png)
<use ./Picture/Logo.png>
Package pdftex.def Info: ./Picture/Logo.png  used on input line 454.
(pdftex.def)             Requested size: 56.9055pt x 20.55377pt.
[391

 <C:/Users/huang/workspace/MASG/Output_FI/2020_02_09_10_28_30_AM/SFA_MONTHLY/CO
_silver/1_insample_diff.png> <C:/Users/huang/workspace/MASG/Output_FI/2020_02_0
9_10_28_30_AM/SFA_MONTHLY/CO_silver/1_insample_level.png> <C:/Users/huang/works
pace/MASG/Output_FI/2020_02_09_10_28_30_AM/SFA_MONTHLY/CO_silver/CO_silver1-Rec
ent-9.png> <C:/Users/huang/workspace/MASG/Output_FI/2020_02_09_10_28_30_AM/SFA_
MONTHLY/CO_silver/CO_silver1-Acient-9.png>]
File: C:/Users/huang/workspace/MASG/Output_FI/2020_02_09_10_28_30_AM/SFA_MONTHL
Y/CO_silver/2_insample_diff.png Graphic file (type png)
<use C:/Users/huang/workspace/MASG/Output_FI/2020_02_09_10_28_30_AM/SFA_MONTHLY
/CO_silver/2_insample_diff.png>
Package pdftex.def Info: C:/Users/huang/workspace/MASG/Output_FI/2020_02_09_10_
28_30_AM/SFA_MONTHLY/CO_silver/2_insample_diff.png  used on input line 454.
(pdftex.def)             Requested size: 264.46837pt x 264.46921pt.
File: C:/Users/huang/workspace/MASG/Output_FI/2020_02_09_10_28_30_AM/SFA_MONTHL
Y/CO_silver/2_insample_level.png Graphic file (type png)
<use C:/Users/huang/workspace/MASG/Output_FI/2020_02_09_10_28_30_AM/SFA_MONTHLY
/CO_silver/2_insample_level.png>
Package pdftex.def Info: C:/Users/huang/workspace/MASG/Output_FI/2020_02_09_10_
28_30_AM/SFA_MONTHLY/CO_silver/2_insample_level.png  used on input line 454.
(pdftex.def)             Requested size: 264.46837pt x 264.46921pt.
File: C:/Users/huang/workspace/MASG/Output_FI/2020_02_09_10_28_30_AM/SFA_MONTHL
Y/CO_silver/CO_silver2-Recent-9.png Graphic file (type png)
<use C:/Users/huang/workspace/MASG/Output_FI/2020_02_09_10_28_30_AM/SFA_MONTHLY
/CO_silver/CO_silver2-Recent-9.png>
Package pdftex.def Info: C:/Users/huang/workspace/MASG/Output_FI/2020_02_09_10_
28_30_AM/SFA_MONTHLY/CO_silver/CO_silver2-Recent-9.png  used on input line 454.

(pdftex.def)             Requested size: 264.46837pt x 198.35715pt.
File: C:/Users/huang/workspace/MASG/Output_FI/2020_02_09_10_28_30_AM/SFA_MONTHL
Y/CO_silver/CO_silver2-Acient-9.png Graphic file (type png)
<use C:/Users/huang/workspace/MASG/Output_FI/2020_02_09_10_28_30_AM/SFA_MONTHLY
/CO_silver/CO_silver2-Acient-9.png>
Package pdftex.def Info: C:/Users/huang/workspace/MASG/Output_FI/2020_02_09_10_
28_30_AM/SFA_MONTHLY/CO_silver/CO_silver2-Acient-9.png  used on input line 454.

(pdftex.def)             Requested size: 264.46837pt x 198.35715pt.

Overfull \hbox (23.99998pt too wide) in alignment at lines 454--454
[][] 
 []

File: ./Picture/Logo.png Graphic file (type png)
<use ./Picture/Logo.png>
Package pdftex.def Info: ./Picture/Logo.png  used on input line 454.
(pdftex.def)             Requested size: 56.9055pt x 20.55377pt.
[392 <C:/Users/huang/workspace/MASG/Output_FI/2020_02_09_10_28_30_AM/SFA_MONTHL
Y/CO_silver/2_insample_diff.png> <C:/Users/huang/workspace/MASG/Output_FI/2020_
02_09_10_28_30_AM/SFA_MONTHLY/CO_silver/2_insample_level.png> <C:/Users/huang/w
orkspace/MASG/Output_FI/2020_02_09_10_28_30_AM/SFA_MONTHLY/CO_silver/CO_silver2
-Recent-9.png> <C:/Users/huang/workspace/MASG/Output_FI/2020_02_09_10_28_30_AM/
SFA_MONTHLY/CO_silver/CO_silver2-Acient-9.png>]
! Missing $ inserted.
<inserted text> 
                $
l.454 
      
I've inserted a begin-math/end-math symbol since I think
you left one out. Proceed, with fingers crossed.

! Missing $ inserted.
<inserted text> 
                $
l.454 
      
I've inserted a begin-math/end-math symbol since I think
you left one out. Proceed, with fingers crossed.


Package hyperref Warning: Token not allowed in a PDF string (PDFDocEncoding):
(hyperref)                removing `subscript' on input line 454.


(C:/Users/huang/workspace/MASG/Output_FI/2020_02_09_10_28_30_AM/MFA_MONTHLY/CO_
silver/MFA_CO_silver.tex
! Missing $ inserted.
<inserted text> 
                $
l.10 \caption{Two Factor Analysis-CO_silver}
                                            
I've inserted a begin-math/end-math symbol since I think
you left one out. Proceed, with fingers crossed.

! Missing $ inserted.
<inserted text> 
                $
l.10 \caption{Two Factor Analysis-CO_silver}
                                            
I've inserted a begin-math/end-math symbol since I think
you left one out. Proceed, with fingers crossed.


Underfull \vbox (badness 10000) detected at line 11
 []

)

! LaTeX Error: There's no line here to end.

See the LaTeX manual or LaTeX Companion for explanation.
Type  H <return>  for immediate help.
 ...                                              
                                                  
l.454 
      
Your command was ignored.
Type  I <command> <return>  to replace it with another command,
or  <return>  to continue without it.


(C:/Users/huang/workspace/MASG/Output_FI/2020_02_09_10_28_30_AM/MFA_MONTHLY/CO_
silver/MFA_RelevantVariables_CO_silver.tex
! Missing $ inserted.
<inserted text> 
                $
l.4 \caption{Relevant Variables: CO_silver}
                                            \\
I've inserted a begin-math/end-math symbol since I think
you left one out. Proceed, with fingers crossed.

! Missing $ inserted.
<inserted text> 
                $
l.4 \caption{Relevant Variables: CO_silver}
                                            \\
I've inserted a begin-math/end-math symbol since I think
you left one out. Proceed, with fingers crossed.

File: ./Picture/Logo.png Graphic file (type png)
<use ./Picture/Logo.png>
Package pdftex.def Info: ./Picture/Logo.png  used on input line 86.
(pdftex.def)             Requested size: 56.9055pt x 20.55377pt.
[393

]
File: ./Picture/Logo.png Graphic file (type png)
<use ./Picture/Logo.png>
Package pdftex.def Info: ./Picture/Logo.png  used on input line 112.
(pdftex.def)             Requested size: 56.9055pt x 20.55377pt.
 [394])
File: ./Picture/Logo.png Graphic file (type png)
<use ./Picture/Logo.png>
Package pdftex.def Info: ./Picture/Logo.png  used on input line 454.
(pdftex.def)             Requested size: 56.9055pt x 20.55377pt.
 [395]
! Missing $ inserted.
<inserted text> 
                $
l.454 
      
I've inserted a begin-math/end-math symbol since I think
you left one out. Proceed, with fingers crossed.

! Missing $ inserted.
<inserted text> 
                $
l.454 
      
I've inserted a begin-math/end-math symbol since I think
you left one out. Proceed, with fingers crossed.


Package hyperref Warning: Token not allowed in a PDF string (PDFDocEncoding):
(hyperref)                removing `subscript' on input line 454.


(C:/Users/huang/workspace/MASG/Output_FI/2020_02_09_10_28_30_AM/SFA_MONTHLY/Sim
pleReg-CO_grains.tex
! Missing $ inserted.
<inserted text> 
                $
l.10 \caption{Single Factor Analysis-CO_grains}
                                               
I've inserted a begin-math/end-math symbol since I think
you left one out. Proceed, with fingers crossed.

! Missing $ inserted.
<inserted text> 
                $
l.10 \caption{Single Factor Analysis-CO_grains}
                                               
I've inserted a begin-math/end-math symbol since I think
you left one out. Proceed, with fingers crossed.


Underfull \vbox (badness 10000) detected at line 11
 []

)
File: ./Picture/Logo.png Graphic file (type png)
<use ./Picture/Logo.png>
Package pdftex.def Info: ./Picture/Logo.png  used on input line 454.
(pdftex.def)             Requested size: 56.9055pt x 20.55377pt.
 [396


]
File: C:/Users/huang/workspace/MASG/Output_FI/2020_02_09_10_28_30_AM/SFA_MONTHL
Y/CO_grains/1_insample_diff.png Graphic file (type png)
<use C:/Users/huang/workspace/MASG/Output_FI/2020_02_09_10_28_30_AM/SFA_MONTHLY
/CO_grains/1_insample_diff.png>
Package pdftex.def Info: C:/Users/huang/workspace/MASG/Output_FI/2020_02_09_10_
28_30_AM/SFA_MONTHLY/CO_grains/1_insample_diff.png  used on input line 454.
(pdftex.def)             Requested size: 264.46837pt x 264.46921pt.
File: C:/Users/huang/workspace/MASG/Output_FI/2020_02_09_10_28_30_AM/SFA_MONTHL
Y/CO_grains/1_insample_level.png Graphic file (type png)
<use C:/Users/huang/workspace/MASG/Output_FI/2020_02_09_10_28_30_AM/SFA_MONTHLY
/CO_grains/1_insample_level.png>
Package pdftex.def Info: C:/Users/huang/workspace/MASG/Output_FI/2020_02_09_10_
28_30_AM/SFA_MONTHLY/CO_grains/1_insample_level.png  used on input line 454.
(pdftex.def)             Requested size: 264.46837pt x 198.28699pt.
File: C:/Users/huang/workspace/MASG/Output_FI/2020_02_09_10_28_30_AM/SFA_MONTHL
Y/CO_grains/CO_grains1-Recent-9.png Graphic file (type png)
<use C:/Users/huang/workspace/MASG/Output_FI/2020_02_09_10_28_30_AM/SFA_MONTHLY
/CO_grains/CO_grains1-Recent-9.png>
Package pdftex.def Info: C:/Users/huang/workspace/MASG/Output_FI/2020_02_09_10_
28_30_AM/SFA_MONTHLY/CO_grains/CO_grains1-Recent-9.png  used on input line 454.

(pdftex.def)             Requested size: 264.46837pt x 198.35715pt.
File: C:/Users/huang/workspace/MASG/Output_FI/2020_02_09_10_28_30_AM/SFA_MONTHL
Y/CO_grains/CO_grains1-Acient-9.png Graphic file (type png)
<use C:/Users/huang/workspace/MASG/Output_FI/2020_02_09_10_28_30_AM/SFA_MONTHLY
/CO_grains/CO_grains1-Acient-9.png>
Package pdftex.def Info: C:/Users/huang/workspace/MASG/Output_FI/2020_02_09_10_
28_30_AM/SFA_MONTHLY/CO_grains/CO_grains1-Acient-9.png  used on input line 454.

(pdftex.def)             Requested size: 264.46837pt x 198.35715pt.

Overfull \hbox (23.99998pt too wide) in alignment at lines 454--454
[][] 
 []

File: ./Picture/Logo.png Graphic file (type png)
<use ./Picture/Logo.png>
Package pdftex.def Info: ./Picture/Logo.png  used on input line 454.
(pdftex.def)             Requested size: 56.9055pt x 20.55377pt.
[397

 <C:/Users/huang/workspace/MASG/Output_FI/2020_02_09_10_28_30_AM/SFA_MONTHLY/CO
_grains/1_insample_diff.png> <C:/Users/huang/workspace/MASG/Output_FI/2020_02_0
9_10_28_30_AM/SFA_MONTHLY/CO_grains/1_insample_level.png> <C:/Users/huang/works
pace/MASG/Output_FI/2020_02_09_10_28_30_AM/SFA_MONTHLY/CO_grains/CO_grains1-Rec
ent-9.png> <C:/Users/huang/workspace/MASG/Output_FI/2020_02_09_10_28_30_AM/SFA_
MONTHLY/CO_grains/CO_grains1-Acient-9.png>]
! Missing $ inserted.
<inserted text> 
                $
l.454 
      
I've inserted a begin-math/end-math symbol since I think
you left one out. Proceed, with fingers crossed.

! Missing $ inserted.
<inserted text> 
                $
l.454 
      
I've inserted a begin-math/end-math symbol since I think
you left one out. Proceed, with fingers crossed.


Package hyperref Warning: Token not allowed in a PDF string (PDFDocEncoding):
(hyperref)                removing `subscript' on input line 454.


(C:/Users/huang/workspace/MASG/Output_FI/2020_02_09_10_28_30_AM/MFA_MONTHLY/CO_
grains/MFA_CO_grains.tex
! Missing $ inserted.
<inserted text> 
                $
l.10 \caption{Two Factor Analysis-CO_grains}
                                            
I've inserted a begin-math/end-math symbol since I think
you left one out. Proceed, with fingers crossed.

! Missing $ inserted.
<inserted text> 
                $
l.10 \caption{Two Factor Analysis-CO_grains}
                                            
I've inserted a begin-math/end-math symbol since I think
you left one out. Proceed, with fingers crossed.


Underfull \vbox (badness 10000) detected at line 11
 []

)

! LaTeX Error: There's no line here to end.

See the LaTeX manual or LaTeX Companion for explanation.
Type  H <return>  for immediate help.
 ...                                              
                                                  
l.454 
      
Your command was ignored.
Type  I <command> <return>  to replace it with another command,
or  <return>  to continue without it.


(C:/Users/huang/workspace/MASG/Output_FI/2020_02_09_10_28_30_AM/MFA_MONTHLY/CO_
grains/MFA_RelevantVariables_CO_grains.tex
! Missing $ inserted.
<inserted text> 
                $
l.4 \caption{Relevant Variables: CO_grains}
                                            \\
I've inserted a begin-math/end-math symbol since I think
you left one out. Proceed, with fingers crossed.

! Missing $ inserted.
<inserted text> 
                $
l.4 \caption{Relevant Variables: CO_grains}
                                            \\
I've inserted a begin-math/end-math symbol since I think
you left one out. Proceed, with fingers crossed.

File: ./Picture/Logo.png Graphic file (type png)
<use ./Picture/Logo.png>
Package pdftex.def Info: ./Picture/Logo.png  used on input line 86.
(pdftex.def)             Requested size: 56.9055pt x 20.55377pt.
[398

]
File: ./Picture/Logo.png Graphic file (type png)
<use ./Picture/Logo.png>
Package pdftex.def Info: ./Picture/Logo.png  used on input line 112.
(pdftex.def)             Requested size: 56.9055pt x 20.55377pt.
 [399])
File: ./Picture/Logo.png Graphic file (type png)
<use ./Picture/Logo.png>
Package pdftex.def Info: ./Picture/Logo.png  used on input line 454.
(pdftex.def)             Requested size: 56.9055pt x 20.55377pt.
 [400]
Package atveryend Info: Empty hook `BeforeClearDocument' on input line 457.
Package atveryend Info: Empty hook `AfterLastShipout' on input line 457.
 (ProductPackage_Commodity.aux)
Package atveryend Info: Executing hook `AtVeryEndDocument' on input line 457.
Package atveryend Info: Executing hook `AtEndAfterFileList' on input line 457.
Package rerunfilecheck Info: File `ProductPackage_Commodity.out' has not change
d.
(rerunfilecheck)             Checksum: A4728381E770082862AB59B7059BDB11;16301.
Package atveryend Info: Empty hook `AtVeryVeryEnd' on input line 457.
 ) 
Here is how much of TeX's memory you used:
 20874 strings out of 493308
 707203 string characters out of 3138769
 440639 words of memory out of 3000000
 22823 multiletter control sequences out of 15000+200000
 7596 words of font info for 27 fonts, out of 3000000 for 9000
 1141 hyphenation exceptions out of 8191
 56i,18n,54p,477b,615s stack positions out of 5000i,500n,10000p,200000b,50000s
<C:/Program Files/MiKTeX 2.9/fonts/type1/public/amsfonts/cm/cmbx10.pfb><C:/Pr
ogram Files/MiKTeX 2.9/fonts/type1/public/amsfonts/cm/cmbx12.pfb><C:/Program Fi
les/MiKTeX 2.9/fonts/type1/public/amsfonts/cm/cmmi10.pfb><C:/Program Files/MiKT
eX 2.9/fonts/type1/public/amsfonts/cm/cmmi12.pfb><C:/Program Files/MiKTeX 2.9/f
onts/type1/public/amsfonts/cm/cmmi6.pfb><C:/Program Files/MiKTeX 2.9/fonts/type
1/public/amsfonts/cm/cmmi7.pfb><C:/Program Files/MiKTeX 2.9/fonts/type1/public/
amsfonts/cm/cmmi8.pfb><C:/Program Files/MiKTeX 2.9/fonts/type1/public/amsfonts/
cm/cmr10.pfb><C:/Program Files/MiKTeX 2.9/fonts/type1/public/amsfonts/cm/cmr12.
pfb><C:/Program Files/MiKTeX 2.9/fonts/type1/public/amsfonts/cm/cmr8.pfb>
Output written on ProductPackage_Commodity.pdf (400 pages, 12395236 bytes).
PDF statistics:
 4660 PDF objects out of 5155 (max. 8388607)
 651 named destinations out of 1000 (max. 500000)
 5926 words of extra memory for PDF output out of 10000 (max. 10000000)

